experiment_id,timestamp,label,rx,sub_0,sub_1,sub_2,sub_3,sub_4,sub_5,sub_6,sub_7,sub_8,sub_9,sub_10,sub_11,sub_12,sub_13,sub_14,sub_15,sub_16,sub_17,sub_18,sub_19,sub_20,sub_21,sub_22,sub_23,sub_24,sub_25,sub_26,sub_27,sub_28,sub_29,sub_30,sub_31,sub_32,sub_33,sub_34,sub_35,sub_36,sub_37,sub_38,sub_39,sub_40,sub_41,sub_42,sub_43,sub_44,sub_45,sub_46,sub_47,sub_48,sub_49,sub_50,sub_51
20260626_181812,2026-06-26T18:18:12.925378+09:00,skeleton,RX3,10.77033,12.165525,13.0,14.035669,15.132746,15.132746,15.033296,15.033296,14.0,13.0,12.0,11.0,11.0,10.0,10.049876,9.219544,9.486833,9.486833,9.848858,9.848858,10.29563,9.433981,7.211103,6.403124,5.656854,5.0,16.278821,18.439089,20.615528,21.18962,21.540659,19.697716,17.464249,14.317821,11.7047,9.219544,7.071068,6.708204,8.485281,9.219544,11.401754,12.806248,14.866069,16.970563,18.439089,18.601075,18.867962,19.235384,17.888544,17.0,15.264338,12.806248
20260626_181812,2026-06-26T18:18:12.954840+09:00,skeleton,RX1,9.848858,10.0,11.313708,12.206556,13.601471,14.422205,13.601471,13.601471,13.601471,12.806248,12.041595,10.630146,10.0,8.602325,6.403124,5.0,2.828427,3.0,4.472136,5.830952,7.211103,8.544004,9.486833,10.049876,9.0,8.062258,20.248457,21.470911,22.847319,23.4094,21.84033,20.396078,17.262677,14.317821,11.7047,9.433981,9.219544,9.433981,11.7047,12.369317,13.341664,15.524175,15.524175,16.763055,18.027756,18.027756,18.027756,18.027756,16.763055,15.524175,14.317821,12.041595
20260626_181812,2026-06-26T18:18:12.985331+09:00,skeleton,RX2,11.18034,13.341664,13.928388,14.317821,13.416408,13.038405,12.206556,9.433981,7.211103,5.0,2.236068,2.236068,5.0,8.602325,13.038405,15.811388,20.248457,22.203603,24.413111,25.0,23.600847,21.400935,17.804494,12.041595,7.071068,2.236068,13.601471,14.56022,14.56022,12.649111,11.401754,8.246211,5.385165,2.236068,2.0,5.0,6.0,8.062258,9.055385,9.055385,9.055385,10.198039,8.062258,7.071068,6.082763,4.123106,3.0,2.236068,2.236068,4.0,6.0,8.0
20260626_181812,2026-06-26T18:18:13.015573+09:00,skeleton,RX3,24.698178,24.698178,22.135944,18.681542,15.811388,13.928388,11.18034,9.433981,9.219544,9.219544,8.602325,8.944272,9.848858,9.848858,11.18034,11.18034,11.7047,11.7047,11.401754,11.18034,12.165525,12.041595,12.0,12.0,12.0,11.0,10.049876,8.0,5.830952,6.708204,9.055385,13.0,16.0,18.0,20.099751,21.213203,20.396078,19.924859,18.384776,15.652476,13.892444,12.206556,10.29563,8.544004,7.071068,8.246211,9.848858,13.038405,16.643317,20.248457,23.323808,23.706539
20260626_181812,2026-06-26T18:18:13.047180+09:00,skeleton,RX1,24.083189,24.020824,22.0,19.0,17.0,14.0,10.049876,8.062258,6.324555,5.656854,5.385165,8.246211,9.219544,11.18034,12.165525,13.341664,13.928388,14.764823,13.601471,12.806248,11.401754,9.433981,7.615773,4.472136,2.236068,1.0,10.440307,10.0,11.7047,13.892444,17.204651,21.400935,23.021729,26.07681,25.942244,26.400758,24.698178,23.086793,20.880613,17.720045,15.524175,13.601471,11.18034,10.0,10.0,10.77033,12.165525,15.033296,18.027756,20.099751,23.194827,23.194827
20260626_181812,2026-06-26T18:18:13.075949+09:00,skeleton,RX2,8.062258,5.09902,3.162278,3.0,5.0,7.81025,10.630146,13.453624,15.620499,17.204651,18.027756,18.35756,17.888544,17.888544,16.552945,13.416408,10.29563,5.656854,3.605551,8.246211,14.142136,20.024984,25.079872,29.068884,30.066593,30.016662,2.236068,5.830952,9.899495,13.453624,16.970563,19.104973,20.518285,20.518285,19.104973,17.691806,16.278821,13.453624,9.899495,7.81025,5.385165,4.0,4.472136,5.656854,7.071068,7.81025,9.219544,10.630146,11.401754,11.661904,12.083046,10.440307
20260626_181812,2026-06-26T18:18:13.107069+09:00,skeleton,RX3,7.81025,9.486833,11.18034,13.038405,13.038405,14.035669,14.035669,13.152946,13.152946,12.165525,11.18034,10.198039,9.055385,9.0,8.0,8.062258,9.219544,9.219544,8.544004,8.944272,8.062258,7.211103,6.403124,5.656854,4.472136,4.123106,17.804494,20.0,21.633308,21.954498,21.954498,20.124612,17.464249,14.317821,11.18034,8.062258,5.830952,5.0,6.324555,8.062258,10.29563,12.529964,13.0,15.811388,16.492423,17.262677,18.11077,18.027756,17.0,15.0,13.038405,10.198039
20260626_181812,2026-06-26T18:18:13.135170+09:00,skeleton,RX1,22.803509,22.135944,20.248457,19.313208,16.155494,13.0,10.440307,8.062258,7.0,6.324555,6.403124,7.071068,8.602325,10.0,11.401754,12.806248,12.727922,14.21267,14.422205,13.416408,11.7047,10.198039,8.062258,5.0,4.0,1.0,8.602325,8.246211,9.0,12.165525,14.56022,17.720045,20.880613,22.561028,23.194827,23.086793,22.022716,20.0,18.027756,16.03122,14.0,12.041595,10.198039,9.848858,10.0,10.630146,12.529964,13.928388,16.763055,18.681542,20.615528,22.561028
20260626_181812,2026-06-26T18:18:13.165004+09:00,skeleton,RX2,10.049876,7.071068,5.385165,3.605551,4.472136,8.602325,12.041595,14.21267,17.204651,19.416488,20.248457,20.248457,20.59126,20.124612,18.788294,16.552945,13.416408,7.81025,4.123106,6.708204,12.369317,19.235384,25.179357,28.284271,31.256999,30.149627,1.414214,2.828427,6.403124,11.313708,14.866069,16.970563,19.104973,20.518285,19.849433,18.439089,17.029386,14.21267,12.206556,8.602325,6.403124,4.242641,3.162278,3.162278,4.242641,6.403124,7.81025,9.433981,10.29563,12.083046,12.649111,12.369317
20260626_181812,2026-06-26T18:18:13.195014+09:00,skeleton,RX3,24.413111,23.323808,20.59126,19.235384,15.652476,12.529964,10.29563,8.602325,7.81025,7.211103,7.615773,7.615773,8.246211,8.246211,9.219544,9.219544,10.049876,10.0,10.0,10.049876,11.18034,11.401754,11.7047,11.7047,11.7047,10.440307,12.0,9.055385,6.708204,6.708204,9.055385,13.038405,16.03122,19.026298,21.0,21.023796,21.095023,19.416488,18.681542,17.088007,14.317821,13.416408,11.18034,8.544004,7.071068,7.071068,8.944272,11.401754,15.556349,18.384776,21.260292,23.430749
20260626_181812,2026-06-26T18:18:13.226630+09:00,skeleton,RX1,23.430749,23.430749,21.400935,19.416488,17.204651,13.601471,11.401754,8.485281,7.211103,6.324555,7.0,7.071068,8.246211,10.440307,11.18034,13.152946,14.142136,14.0,14.142136,13.601471,12.083046,10.29563,8.602325,5.656854,3.605551,2.236068,9.433981,9.219544,10.29563,12.369317,16.278821,19.235384,22.36068,23.769729,24.351591,24.698178,23.259407,20.59126,18.867962,16.643317,14.764823,13.416408,10.77033,10.198039,10.049876,11.7047,12.529964,15.0,17.029386,19.849433,21.931712,22.671568
20260626_181812,2026-06-26T18:18:13.255100+09:00,skeleton,RX2,10.29563,7.615773,6.082763,5.385165,7.211103,9.848858,12.649111,15.811388,18.027756,18.384776,19.697716,20.124612,19.723083,18.867962,17.492856,13.892444,11.18034,6.082763,5.0,9.055385,15.524175,20.880613,26.248809,30.083218,32.280025,31.32092,3.162278,1.0,4.242641,7.211103,11.18034,14.317821,16.552945,16.552945,17.088007,16.763055,15.524175,13.152946,11.18034,9.055385,8.062258,6.082763,5.385165,3.605551,4.242641,5.830952,6.708204,8.544004,9.848858,11.661904,12.206556,12.206556
20260626_181812,2026-06-26T18:18:13.286058+09:00,skeleton,RX3,9.055385,8.544004,9.433981,11.401754,12.041595,12.041595,12.041595,12.041595,11.401754,11.401754,10.816654,10.0,8.602325,9.219544,8.485281,8.485281,8.485281,8.602325,8.602325,8.062258,8.062258,6.708204,5.385165,4.123106,3.0,2.828427,17.029386,19.026298,21.0,22.022716,21.095023,20.099751,18.248288,15.132746,11.045361,9.0,6.324555,5.0,6.708204,7.28011,10.198039,11.401754,13.601471,14.866069,16.155494,17.0,17.492856,18.027756,16.401219,15.0,13.601471,11.18034
20260626_181812,2026-06-26T18:18:13.315110+09:00,skeleton,RX1,11.045361,11.045361,11.401754,12.649111,13.0,13.416408,14.317821,14.317821,14.317821,13.928388,12.369317,11.18034,11.18034,9.055385,8.062258,7.071068,5.09902,3.605551,3.605551,5.09902,7.071068,7.071068,8.246211,8.944272,9.433981,9.219544,18.027756,20.024984,20.223748,21.377558,19.646883,18.973666,15.811388,12.649111,10.049876,9.055385,8.544004,9.433981,10.630146,12.727922,13.453624,14.866069,16.278821,16.970563,17.691806,17.691806,16.970563,16.970563,16.970563,15.556349,14.21267,12.529964
20260626_181812,2026-06-26T18:18:13.345017+09:00,skeleton,RX2,9.899495,11.313708,13.453624,13.453624,13.453624,12.806248,10.630146,9.219544,7.071068,3.605551,3.0,3.605551,7.28011,10.198039,13.152946,17.117243,20.223748,23.194827,24.186773,24.33105,23.345235,21.213203,17.262677,13.152946,9.0,4.123106,13.0,14.317821,14.866069,14.866069,12.649111,11.7047,9.486833,6.324555,3.162278,1.414214,1.0,3.0,4.0,5.09902,5.09902,6.324555,6.708204,5.830952,5.830952,5.0,5.0,4.242641,3.162278,3.0,4.472136,6.403124
20260626_181812,2026-06-26T18:18:13.374756+09:00,skeleton,RX3,9.219544,9.433981,9.899495,11.401754,12.206556,12.529964,13.892444,12.529964,13.038405,12.206556,12.206556,11.661904,10.816654,10.816654,10.816654,10.816654,10.816654,10.29563,10.29563,8.944272,8.062258,6.708204,4.472136,3.162278,2.0,2.236068,16.278821,18.11077,21.095023,22.022716,22.0,20.0,18.027756,15.0,11.0,8.246211,6.708204,5.0,7.071068,8.0,10.0,12.0,14.035669,16.124515,17.262677,18.439089,18.973666,19.313208,18.384776,17.088007,14.866069,12.369317
20260626_181812,2026-06-26T18:18:13.404978+09:00,skeleton,RX1,22.203603,21.023796,20.024984,18.0,16.0,13.0,11.045361,9.219544,7.28011,6.403124,6.403124,7.211103,8.944272,9.848858,11.18034,12.529964,13.601471,13.453624,13.453624,12.206556,11.661904,9.848858,8.246211,6.082763,4.123106,2.236068,9.055385,9.486833,10.0,12.041595,14.422205,17.204651,20.0,22.022716,21.931712,21.931712,21.400935,19.416488,17.492856,16.124515,13.892444,12.206556,10.630146,9.219544,9.848858,10.198039,12.0,14.035669,16.278821,18.248288,20.396078,21.377558
20260626_181812,2026-06-26T18:18:13.435201+09:00,skeleton,RX2,9.219544,11.401754,12.165525,13.152946,13.152946,12.165525,11.045361,9.055385,7.071068,5.385165,3.605551,4.123106,5.830952,9.219544,13.453624,16.278821,19.849433,21.931712,23.430749,24.083189,22.671568,20.615528,17.029386,12.727922,7.81025,4.123106,12.369317,14.142136,14.142136,14.035669,14.035669,12.041595,10.0,7.0,4.0,2.0,2.236068,3.605551,4.472136,5.830952,6.403124,6.403124,6.403124,5.830952,5.830952,5.385165,5.385165,4.472136,3.605551,3.162278,5.0
20260626_181812,2026-06-26T18:18:13.465256+09:00,skeleton,RX3,26.0,26.400758,24.596748,21.954498,18.867962,15.264338,12.529964,9.848858,8.544004,7.071068,6.0,6.324555,6.708204,8.062258,8.602325,8.602325,10.630146,11.313708,12.041595,13.453624,13.453624,14.866069,14.866069,14.142136,13.453624,12.806248,12.649111,9.848858,7.071068,7.071068,9.219544,12.529964,16.124515,19.235384,21.023796,21.931712,21.540659,21.84033,19.416488,18.248288,16.03122,14.0,12.0,10.049876,8.246211,7.81025,9.433981,12.083046,15.524175,19.646883,22.803509,25.0
20260626_181812,2026-06-26T18:18:13.496773+09:00,skeleton,RX1,13.0,12.369317,13.152946,14.0,14.0,15.033296,15.033296,14.0,15.0,14.035669,13.152946,12.165525,11.401754,10.440307,9.486833,8.246211,7.071068,6.0,6.082763,7.615773,8.062258,8.944272,9.848858,9.486833,10.198039,10.049876,17.720045,19.235384,20.099751,20.0,19.026298,18.11077,15.132746,13.038405,11.045361,10.440307,10.29563,11.401754,12.041595,12.727922,14.142136,15.556349,16.278821,17.029386,17.029386,17.029386,17.029386,17.029386,17.029386,15.556349,14.866069,14.21267
20260626_181812,2026-06-26T18:18:13.524988+09:00,skeleton,RX2,9.486833,11.7047,12.649111,13.601471,13.601471,12.649111,11.7047,9.486833,7.28011,6.082763,4.123106,3.605551,6.082763,9.0,13.0,15.0,19.0,21.0,23.0,23.0,23.021729,20.024984,17.029386,13.0,8.062258,5.0,11.401754,13.341664,15.132746,15.132746,15.033296,13.0,11.0,9.055385,6.082763,4.0,2.0,1.0,2.828427,4.242641,5.0,6.403124,5.830952,6.708204,7.28011,7.28011,7.071068,6.082763,6.082763,5.385165,5.830952,6.403124
20260626_181812,2026-06-26T18:18:13.557445+09:00,skeleton,RX3,7.071068,7.211103,9.219544,11.661904,12.529964,13.416408,14.317821,13.892444,13.892444,13.038405,12.206556,10.816654,10.0,10.0,8.602325,8.062258,6.708204,6.324555,5.09902,5.0,4.472136,4.242641,4.472136,5.09902,5.0,6.0,19.313208,20.615528,23.769729,24.596748,23.706539,21.954498,19.723083,16.124515,12.529964,8.944272,6.082763,5.385165,5.830952,7.615773,10.440307,12.649111,14.317821,16.552945,17.492856,18.867962,20.0,19.209373,18.439089,17.029386,15.0,11.401754
20260626_181812,2026-06-26T18:18:13.585032+09:00,skeleton,RX1,14.142136,14.56022,14.866069,15.231546,15.652476,15.652476,15.652476,15.652476,14.317821,13.928388,13.928388,12.649111,11.401754,10.198039,9.219544,8.544004,7.615773,7.211103,7.071068,8.602325,10.0,10.630146,11.313708,12.041595,11.401754,10.29563,18.384776,19.849433,20.808652,20.59126,20.124612,17.464249,15.231546,12.083046,10.0,10.0,9.848858,11.7047,13.601471,14.56022,15.811388,15.811388,16.155494,17.088007,17.464249,17.464249,17.464249,17.088007,15.811388,15.811388,15.297059,15.033296
20260626_181812,2026-06-26T18:18:13.615059+09:00,skeleton,RX2,13.453624,11.313708,8.602325,6.082763,5.830952,7.615773,11.401754,14.317821,17.262677,19.235384,21.377558,22.561028,22.561028,21.84033,20.615528,17.720045,13.341664,9.0,4.242641,7.211103,14.142136,22.022716,27.018512,32.015621,35.0,35.0,7.211103,5.09902,4.242641,6.082763,10.0,13.152946,15.524175,17.088007,17.464249,17.0,16.124515,14.422205,12.806248,10.630146,8.485281,6.403124,4.242641,2.236068,2.0,2.828427,5.0,7.211103,9.433981,11.401754,13.453624,14.866069
20260626_181812,2026-06-26T18:18:13.645086+09:00,skeleton,RX3,26.0,24.351591,23.086793,19.924859,16.492423,13.601471,10.440307,7.615773,6.403124,5.830952,6.324555,7.071068,8.0,8.0,9.055385,10.049876,11.045361,11.045361,11.18034,12.165525,12.369317,11.401754,10.440307,10.77033,9.848858,8.944272,12.041595,8.485281,5.385165,5.385165,8.602325,12.529964,16.552945,18.788294,21.470911,21.095023,21.633308,21.260292,19.104973,17.691806,15.620499,13.601471,11.401754,9.219544,7.211103,7.071068,8.246211,12.083046,15.264338,18.867962,21.954498,25.059928
20260626_181812,2026-06-26T18:18:13.675002+09:00,skeleton,RX1,12.806248,14.142136,14.21267,14.422205,15.0,15.811388,15.264338,15.811388,14.422205,13.601471,12.806248,12.041595,11.313708,9.219544,8.602325,6.403124,6.708204,6.082763,7.071068,7.28011,9.219544,11.18034,11.045361,11.0,11.045361,10.198039,20.518285,21.260292,23.021729,21.954498,21.470911,17.464249,15.231546,12.529964,9.219544,8.944272,9.219544,11.0,13.038405,15.033296,16.0,17.029386,17.029386,18.11077,18.248288,18.248288,17.117243,17.029386,16.0,15.0,14.142136,13.601471
20260626_181812,2026-06-26T18:18:13.705442+09:00,skeleton,RX2,10.77033,8.544004,5.09902,2.236068,5.0,8.485281,12.041595,15.620499,18.439089,19.849433,21.260292,21.931712,22.022716,21.260292,19.104973,15.620499,12.041595,6.403124,1.0,8.062258,14.764823,21.954498,26.925824,30.88689,34.0,33.54102,6.082763,5.0,4.123106,7.615773,10.0,13.601471,15.620499,16.401219,16.401219,16.401219,14.422205,12.206556,10.0,8.062258,5.385165,3.162278,2.236068,3.162278,4.0,6.0,8.0,9.055385,10.198039,12.369317,13.601471,13.601471
20260626_181812,2026-06-26T18:18:13.736522+09:00,skeleton,RX3,8.062258,9.219544,11.0,13.038405,13.152946,14.142136,14.035669,14.035669,13.038405,12.0,11.0,10.0,9.0,8.062258,8.062258,7.28011,7.615773,7.211103,7.211103,7.071068,7.211103,7.211103,5.830952,5.385165,5.0,5.09902,19.209373,21.400935,23.853721,24.698178,24.186773,22.36068,19.235384,15.652476,12.529964,8.602325,5.830952,6.0,6.324555,8.944272,10.816654,13.038405,14.317821,16.552945,18.027756,18.681542,19.416488,19.235384,18.248288,16.124515,14.317821,11.7047
20260626_181812,2026-06-26T18:18:13.766824+09:00,skeleton,RX1,12.806248,13.892444,15.652476,16.155494,16.552945,16.552945,16.155494,15.652476,14.317821,13.416408,12.529964,11.661904,10.816654,9.433981,8.062258,6.324555,6.082763,6.082763,6.708204,8.062258,8.944272,10.77033,11.7047,11.401754,11.18034,11.0,20.0,21.931712,22.671568,22.203603,21.095023,18.35756,14.764823,12.206556,9.899495,8.544004,9.055385,11.045361,13.152946,14.142136,16.124515,17.117243,18.027756,19.0,19.0,18.0,18.0,17.0,15.033296,14.142136,12.649111,12.529964
20260626_181812,2026-06-26T18:18:13.796500+09:00,skeleton,RX2,8.062258,5.09902,3.605551,5.09902,8.246211,11.401754,15.811388,18.027756,20.248457,21.18962,21.18962,22.135944,21.18962,19.924859,17.720045,13.601471,9.219544,4.123106,2.236068,9.848858,16.155494,21.18962,26.570661,29.732137,30.675723,29.732137,5.09902,2.0,2.236068,5.656854,8.485281,11.313708,14.142136,14.866069,15.556349,14.866069,13.453624,11.313708,9.899495,7.81025,5.656854,4.242641,3.162278,2.236068,2.828427,4.472136,5.385165,7.615773,9.433981,10.29563,10.816654,10.816654
20260626_181812,2026-06-26T18:18:13.824941+09:00,skeleton,RX3,9.0,9.486833,11.661904,11.401754,13.453624,14.21267,14.21267,13.601471,12.206556,11.661904,10.816654,9.433981,8.602325,8.602325,7.81025,7.071068,7.211103,8.062258,7.615773,7.28011,7.28011,7.071068,6.0,5.0,4.123106,3.605551,17.464249,19.646883,21.18962,22.472205,21.931712,19.697716,17.0,14.317821,10.77033,8.246211,6.082763,5.0,7.211103,8.944272,10.77033,13.0,14.317821,16.124515,17.204651,17.804494,18.439089,18.384776,16.970563,15.556349,13.453624,10.816654
20260626_181812,2026-06-26T18:18:13.855082+09:00,skeleton,RX1,11.7047,13.341664,15.132746,16.124515,17.117243,17.117243,16.124515,15.132746,14.142136,13.341664,12.369317,11.18034,10.198039,8.062258,7.0,6.082763,5.830952,6.403124,7.81025,9.433981,10.816654,12.206556,12.041595,12.727922,11.401754,10.29563,18.439089,19.416488,21.095023,21.023796,19.313208,16.763055,13.601471,10.77033,7.211103,6.708204,7.0,9.055385,11.401754,13.341664,14.317821,15.297059,16.124515,17.117243,17.029386,17.117243,17.117243,16.124515,13.152946,12.369317,11.18034,10.630146
20260626_181812,2026-06-26T18:18:13.884924+09:00,skeleton,RX2,10.198039,12.369317,13.341664,14.142136,13.152946,13.152946,11.18034,8.062258,6.082763,3.162278,1.0,4.123106,7.28011,11.18034,14.317821,18.439089,21.377558,23.345235,25.495098,25.495098,24.515301,21.377558,17.464249,13.341664,8.544004,4.242641,11.401754,12.649111,12.649111,12.649111,11.7047,10.77033,8.944272,6.708204,3.605551,1.414214,1.0,2.0,4.123106,4.123106,5.09902,5.09902,5.09902,5.0,4.0,4.0,3.0,2.0,1.414214,3.0,4.123106,6.082763
20260626_181812,2026-06-26T18:18:13.914838+09:00,skeleton,RX3,23.537205,23.086793,21.18962,18.973666,16.155494,13.601471,11.401754,9.219544,8.0,8.062258,8.246211,7.28011,8.544004,8.944272,8.944272,8.944272,10.29563,10.816654,10.630146,10.630146,11.313708,12.041595,12.041595,12.041595,11.313708,10.630146,12.041595,9.433981,7.28011,7.28011,9.219544,12.806248,15.811388,18.601075,20.615528,21.213203,20.518285,20.0,18.867962,17.0,15.231546,13.0,10.77033,9.848858,8.602325,8.062258,9.486833,12.165525,15.132746,18.11077,21.213203,22.203603
20260626_181812,2026-06-26T18:18:13.950044+09:00,skeleton,RX1,11.045361,13.152946,14.317821,15.524175,15.524175,15.524175,15.297059,14.317821,13.152946,12.165525,11.045361,10.198039,9.055385,8.246211,6.324555,5.830952,5.656854,5.830952,6.708204,8.544004,9.486833,10.440307,10.77033,10.29563,10.0,9.219544,16.552945,18.35756,18.601075,18.439089,16.970563,14.866069,12.041595,8.485281,6.708204,6.0,6.324555,8.602325,10.816654,12.206556,13.601471,14.422205,15.264338,16.124515,16.124515,15.652476,15.652476,14.764823,11.661904,11.401754,10.630146,9.848858
20260626_181812,2026-06-26T18:18:13.980097+09:00,skeleton,RX2,10.440307,12.649111,14.56022,15.524175,14.56022,14.56022,12.649111,10.77033,8.544004,6.324555,3.0,2.236068,4.472136,7.81025,11.401754,14.866069,18.439089,21.931712,23.345235,24.083189,24.083189,21.260292,18.439089,13.453624,9.219544,3.605551,10.0,11.401754,12.206556,13.038405,12.206556,11.661904,10.0,7.211103,5.385165,3.162278,1.0,1.414214,2.828427,3.605551,4.472136,5.385165,5.385165,5.09902,5.09902,5.0,5.0,4.0,4.123106,3.605551,4.242641,5.830952
20260626_181812,2026-06-26T18:18:14.005742+09:00,skeleton,RX3,23.4094,23.086793,21.84033,18.681542,16.492423,13.601471,11.7047,9.848858,9.433981,8.602325,9.219544,8.485281,8.602325,9.219544,10.0,10.816654,10.29563,11.18034,11.7047,11.7047,12.369317,13.341664,13.341664,13.341664,12.369317,12.649111,11.0,9.055385,6.708204,6.708204,9.055385,12.041595,15.033296,17.029386,19.026298,20.024984,20.223748,19.416488,17.720045,16.155494,14.317821,12.529964,11.18034,9.848858,8.246211,8.0,9.486833,12.083046,14.764823,18.35756,20.59126,22.847319
20260626_181812,2026-06-26T18:18:14.035105+09:00,skeleton,RX1,11.401754,13.152946,14.035669,16.03122,16.03122,16.03122,15.132746,15.132746,14.142136,13.152946,12.165525,10.198039,9.219544,8.246211,6.082763,5.0,4.472136,5.0,6.403124,7.211103,8.602325,10.0,10.630146,10.630146,10.0,8.944272,16.643317,17.804494,18.384776,18.439089,16.401219,15.0,12.206556,9.899495,7.211103,7.071068,8.246211,9.486833,12.083046,13.0,13.928388,16.155494,16.763055,16.763055,16.492423,16.492423,16.492423,15.524175,14.56022,12.083046,10.816654,9.899495
20260626_181812,2026-06-26T18:18:14.067232+09:00,skeleton,RX2,7.071068,10.049876,11.18034,13.152946,13.152946,13.152946,13.038405,11.045361,9.055385,7.071068,5.09902,2.236068,2.236068,5.09902,9.219544,13.152946,17.262677,20.099751,23.194827,23.086793,23.086793,22.090722,19.026298,15.0,11.0,5.09902,11.401754,12.206556,13.892444,13.892444,13.892444,13.416408,10.77033,8.544004,6.082763,4.0,2.828427,3.0,4.123106,5.0,5.656854,5.656854,6.403124,5.830952,5.385165,5.09902,5.09902,4.0,4.0,3.0,2.236068,3.162278
20260626_181812,2026-06-26T18:18:14.095209+09:00,skeleton,RX3,10.0,10.440307,11.18034,13.0,14.0,15.0,15.0,14.035669,14.035669,13.038405,13.038405,12.041595,11.045361,11.0,10.0,10.0,9.055385,9.219544,8.246211,8.544004,8.062258,7.211103,6.403124,6.403124,5.830952,6.324555,15.620499,18.439089,20.518285,21.931712,21.260292,20.615528,17.804494,15.0,11.401754,7.81025,6.324555,5.0,5.830952,7.81025,10.0,11.401754,14.422205,15.264338,16.552945,18.027756,18.681542,18.439089,17.464249,16.492423,14.56022,12.083046
20260626_181812,2026-06-26T18:18:14.125524+09:00,skeleton,RX1,22.847319,21.540659,18.027756,15.811388,12.083046,10.29563,7.81025,5.830952,6.082763,7.0,8.062258,9.219544,10.440307,11.401754,12.369317,12.041595,13.152946,12.0,11.045361,10.198039,8.246211,6.324555,4.123106,2.0,2.236068,2.236068,6.0,6.708204,9.219544,12.806248,15.811388,19.209373,21.260292,22.627417,22.671568,22.803509,21.633308,18.867962,17.0,13.892444,12.206556,9.219544,7.211103,7.28011,9.0,10.440307,13.0,16.124515,19.235384,20.59126,22.825424,24.166092
20260626_181812,2026-06-26T18:18:14.155551+09:00,skeleton,RX2,10.630146,9.219544,6.403124,3.162278,2.236068,6.082763,10.440307,13.601471,16.763055,20.248457,21.540659,23.4094,23.4094,23.4094,22.472205,19.697716,16.155494,10.77033,4.123106,3.605551,11.18034,18.35756,25.553865,30.528675,33.286634,33.600595,8.246211,5.656854,6.082763,7.28011,10.816654,13.453624,15.556349,16.278821,17.029386,16.278821,14.866069,13.453624,10.630146,8.602325,6.403124,3.605551,1.414214,1.0,2.0,4.0,5.09902,7.28011,8.062258,10.816654,11.401754,12.041595
20260626_181812,2026-06-26T18:18:14.184998+09:00,skeleton,RX3,8.602325,9.433981,10.77033,13.341664,13.341664,14.317821,14.317821,14.56022,14.317821,13.341664,12.369317,11.401754,11.401754,10.440307,10.198039,9.055385,9.0,8.0,8.062258,7.28011,7.615773,6.708204,6.403124,5.656854,5.830952,6.082763,16.492423,18.681542,20.396078,21.213203,21.095023,20.024984,18.027756,15.0,11.0,8.062258,4.472136,4.472136,6.0,7.28011,10.198039,12.369317,14.317821,16.124515,17.0,18.027756,19.104973,19.235384,18.439089,16.278821,14.317821,12.041595
20260626_181812,2026-06-26T18:18:14.216965+09:00,skeleton,RX1,12.165525,13.038405,15.0,16.0,17.0,17.0,16.03122,15.033296,14.035669,13.038405,11.045361,9.055385,8.062258,7.0,5.09902,4.472136,5.0,6.708204,8.544004,9.486833,11.7047,12.083046,12.529964,12.206556,11.401754,9.899495,17.691806,20.518285,20.0,21.095023,18.35756,17.0,13.416408,10.29563,7.81025,6.708204,7.0,9.219544,11.401754,13.601471,14.56022,15.524175,17.464249,17.262677,18.248288,18.11077,17.117243,16.124515,14.317821,12.369317,10.29563,9.899495
20260626_181812,2026-06-26T18:18:14.247037+09:00,skeleton,RX2,8.602325,6.403124,3.162278,3.605551,5.830952,9.486833,12.649111,14.56022,17.088007,18.973666,20.248457,19.697716,19.697716,18.35756,16.124515,13.892444,9.433981,3.162278,3.162278,9.899495,16.970563,23.345235,28.284271,31.827661,33.24154,33.24154,5.09902,2.0,2.236068,5.830952,10.29563,12.529964,15.652476,16.552945,16.552945,16.552945,15.231546,13.0,11.7047,9.486833,7.28011,5.09902,4.0,4.472136,4.242641,5.656854,6.403124,7.81025,9.219544,11.313708,10.630146,11.401754
20260626_181812,2026-06-26T18:18:14.275059+09:00,skeleton,RX3,8.062258,9.219544,11.18034,13.038405,13.601471,14.422205,14.422205,13.892444,13.892444,12.529964,11.18034,11.18034,10.29563,9.433981,9.433981,8.602325,8.485281,8.485281,7.81025,8.062258,7.615773,7.28011,6.082763,5.09902,5.09902,5.0,16.643317,19.416488,21.400935,22.803509,21.260292,20.518285,18.384776,14.866069,11.313708,7.81025,5.385165,4.123106,5.656854,7.81025,10.0,12.206556,14.21267,15.556349,17.691806,17.804494,19.416488,18.867962,17.492856,16.124515,13.038405,10.630146
20260626_181812,2026-06-26T18:18:14.305219+09:00,skeleton,RX1,24.33105,23.194827,20.099751,16.124515,14.317821,10.77033,9.433981,7.81025,8.944272,9.486833,10.198039,12.165525,13.152946,14.142136,14.142136,15.297059,15.524175,14.866069,14.317821,12.529964,10.29563,8.602325,6.708204,4.123106,4.123106,3.605551,6.0,6.708204,9.219544,13.453624,17.029386,19.849433,21.931712,23.430749,23.600847,23.323808,21.470911,18.788294,16.155494,13.928388,11.18034,9.433981,7.81025,8.246211,10.0,12.165525,15.524175,18.681542,20.880613,23.769729,25.70992,26.683328
20260626_181812,2026-06-26T18:18:14.335101+09:00,skeleton,RX2,10.198039,8.0,6.324555,5.830952,7.071068,10.0,13.038405,16.03122,17.029386,19.026298,19.0,19.026298,19.026298,18.11077,15.132746,12.165525,8.0,3.162278,4.242641,11.661904,18.35756,23.323808,29.154759,31.906112,33.286634,32.449961,6.324555,3.162278,1.0,4.472136,8.062258,11.18034,13.416408,15.652476,16.155494,16.155494,15.231546,13.928388,11.7047,9.486833,8.544004,6.324555,5.0,5.0,5.385165,6.082763,7.071068,9.055385,10.049876,12.165525,12.369317,12.369317
20260626_181812,2026-06-26T18:18:14.365079+09:00,skeleton,RX3,8.602325,9.219544,10.049876,12.0,13.152946,14.142136,13.038405,13.038405,12.0,11.0,10.0,10.0,9.0,9.055385,8.062258,8.246211,8.246211,8.544004,7.615773,8.062258,7.211103,6.403124,5.656854,5.0,4.123106,4.0,16.278821,19.104973,20.615528,22.203603,21.633308,19.723083,17.492856,14.764823,11.661904,7.81025,5.830952,5.0,5.385165,7.211103,9.433981,11.661904,12.529964,14.317821,16.155494,16.763055,17.464249,17.262677,16.124515,15.297059,13.341664,10.440307
20260626_181812,2026-06-26T18:18:14.395048+09:00,skeleton,RX1,12.206556,14.317821,16.155494,17.088007,17.464249,17.464249,16.552945,15.652476,13.892444,13.892444,11.661904,10.29563,8.062258,7.615773,6.324555,5.0,5.385165,6.324555,8.062258,9.433981,10.29563,11.661904,11.18034,10.440307,10.049876,9.0,19.209373,20.248457,21.954498,20.615528,19.313208,15.811388,13.601471,9.848858,8.485281,7.615773,8.062258,11.0,12.041595,14.035669,15.033296,17.0,17.0,18.027756,18.027756,17.117243,17.029386,16.03122,14.035669,13.038405,11.401754,10.816654
20260626_181812,2026-06-26T18:18:14.425234+09:00,skeleton,RX2,13.038405,11.401754,9.219544,5.830952,4.123106,5.830952,9.486833,12.369317,16.278821,18.248288,20.223748,21.377558,21.377558,21.377558,20.396078,18.248288,14.035669,9.055385,5.0,6.708204,13.453624,20.0,26.07681,30.528675,32.249031,33.12099,11.401754,10.0,9.486833,9.219544,9.848858,12.165525,14.035669,15.297059,16.155494,16.552945,16.124515,15.0,13.453624,12.041595,10.630146,8.602325,7.211103,5.0,4.242641,3.162278,4.0,5.830952,8.062258,10.816654,13.038405,13.601471
20260626_181812,2026-06-26T18:18:14.456736+09:00,skeleton,RX3,23.853721,23.323808,20.59126,18.788294,15.652476,12.529964,9.433981,7.071068,5.830952,5.385165,6.082763,6.0,7.071068,8.246211,9.219544,9.219544,10.440307,10.440307,10.77033,10.77033,11.18034,11.661904,11.661904,11.661904,10.29563,10.29563,12.206556,8.944272,6.082763,5.830952,7.615773,11.401754,15.297059,17.262677,19.646883,20.880613,20.248457,20.124612,18.35756,17.204651,15.0,12.041595,10.630146,8.602325,6.708204,6.0,8.062258,10.0,13.453624,18.439089,20.615528,22.803509
20260626_181812,2026-06-26T18:18:14.486583+09:00,skeleton,RX1,24.083189,23.430749,20.0,17.029386,13.453624,10.630146,8.602325,7.28011,7.0,8.544004,8.944272,11.18034,12.083046,13.0,14.317821,14.866069,14.317821,14.142136,12.0,11.045361,9.0,6.0,4.123106,3.605551,3.605551,5.385165,8.602325,8.602325,11.7047,14.317821,19.235384,22.36068,24.738634,26.248809,26.0,25.942244,23.323808,21.633308,18.601075,16.401219,12.206556,11.18034,9.219544,9.055385,9.848858,12.206556,14.866069,18.384776,20.518285,22.627417,24.758837,26.172505
20260626_181812,2026-06-26T18:18:14.515119+09:00,skeleton,RX2,8.944272,11.661904,13.038405,14.422205,15.264338,13.892444,13.416408,11.661904,10.29563,8.062258,5.656854,3.162278,3.605551,6.708204,10.440307,13.341664,17.464249,20.396078,22.36068,23.345235,23.345235,21.377558,18.248288,14.142136,10.049876,5.0,10.0,11.0,13.038405,13.152946,13.341664,12.369317,10.77033,8.944272,7.211103,5.656854,3.162278,3.0,2.828427,3.162278,3.0,4.123106,4.472136,5.0,5.656854,5.0,5.0,4.472136,4.472136,4.242641,3.162278,4.123106
20260626_181812,2026-06-26T18:18:14.545638+09:00,skeleton,RX3,24.738634,24.041631,22.135944,19.313208,16.155494,12.649111,10.440307,8.062258,7.0,6.324555,5.830952,7.071068,7.81025,7.81025,9.219544,10.0,11.401754,10.816654,10.816654,11.661904,11.661904,11.18034,10.29563,9.848858,8.944272,7.615773,10.049876,7.28011,5.0,6.0,9.486833,13.416408,17.492856,20.124612,22.36068,22.847319,22.135944,21.84033,19.416488,18.11077,15.033296,14.0,11.0,9.055385,7.615773,7.071068,8.544004,12.165525,15.132746,19.104973,22.203603,23.345235
20260626_181812,2026-06-26T18:18:14.574772+09:00,skeleton,RX1,21.260292,19.104973,17.691806,14.866069,12.041595,10.0,8.062258,7.28011,6.0,7.28011,7.615773,8.944272,10.29563,11.18034,12.083046,13.928388,13.341664,13.152946,12.041595,10.0,9.055385,6.082763,5.0,3.162278,3.605551,5.385165,6.403124,7.615773,9.055385,12.0,15.033296,19.0,21.023796,21.213203,21.587033,19.924859,18.973666,17.088007,14.317821,12.083046,10.77033,9.055385,8.0,7.28011,8.602325,10.630146,12.727922,14.21267,17.204651,18.601075,20.0,21.400935
20260626_181812,2026-06-26T18:18:14.605615+09:00,skeleton,RX2,12.041595,9.055385,6.324555,3.605551,4.472136,7.81025,12.041595,15.556349,18.384776,19.79899,21.931712,22.671568,22.671568,22.803509,20.615528,17.804494,13.453624,8.485281,2.0,7.071068,13.928388,21.931712,27.313001,31.304952,33.54102,34.0,8.062258,5.385165,2.828427,4.472136,7.211103,10.29563,13.416408,15.231546,14.866069,14.56022,13.341664,12.165525,10.049876,8.062258,6.0,4.0,2.236068,1.414214,2.236068,4.472136,6.708204,8.544004,10.440307,12.369317,14.142136,14.035669
20260626_181812,2026-06-26T18:18:14.635052+09:00,skeleton,RX3,9.486833,11.18034,12.806248,14.142136,14.142136,14.142136,14.866069,13.453624,12.806248,12.806248,11.401754,10.0,10.0,9.219544,8.485281,7.81025,8.602325,8.062258,8.062258,7.615773,7.28011,7.071068,6.082763,5.0,4.123106,3.605551,19.235384,21.213203,24.083189,24.0,24.0,22.022716,19.026298,16.03122,12.0,9.055385,7.211103,7.211103,8.246211,10.198039,12.041595,14.142136,15.297059,17.464249,18.973666,19.313208,20.124612,19.723083,18.35756,16.124515,14.764823,11.401754
20260626_181812,2026-06-26T18:18:14.664930+09:00,skeleton,RX1,21.023796,20.024984,18.027756,17.029386,14.035669,12.165525,10.440307,8.944272,8.602325,8.485281,8.602325,9.433981,10.29563,11.661904,13.038405,13.453624,13.453624,13.453624,13.038405,11.18034,9.848858,7.615773,5.385165,3.605551,3.605551,3.162278,7.615773,8.602325,10.630146,13.601471,17.204651,20.0,21.931712,23.345235,23.430749,22.203603,20.59126,19.235384,15.652476,13.416408,10.29563,9.219544,8.602325,9.486833,11.18034,13.038405,15.0,17.029386,19.026298,20.024984,21.023796,22.022716
20260626_181812,2026-06-26T18:18:14.695108+09:00,skeleton,RX2,14.0,11.0,8.0,4.123106,1.0,5.830952,9.848858,13.928388,17.088007,19.313208,21.540659,22.847319,22.847319,22.847319,21.931712,18.384776,15.811388,9.486833,4.123106,5.0,12.806248,19.416488,26.07681,31.38471,34.0,34.438351,10.29563,7.81025,6.324555,6.324555,9.219544,11.401754,13.892444,14.317821,15.231546,14.866069,13.601471,12.369317,10.198039,9.0,7.0,5.09902,4.123106,3.0,1.0,2.0,4.0,6.0,9.055385,11.0,13.0,14.0
20260626_181812,2026-06-26T18:18:14.729571+09:00,skeleton,RX3,10.0,10.440307,12.041595,14.0,14.035669,15.0,15.0,14.0,14.0,13.038405,13.038405,11.045361,11.0,10.049876,10.0,9.055385,9.055385,9.219544,8.246211,7.615773,6.708204,7.211103,6.403124,5.830952,5.385165,5.09902,17.804494,20.615528,22.671568,24.041631,24.083189,22.022716,19.209373,16.401219,12.806248,8.485281,6.324555,6.082763,6.708204,9.219544,10.630146,13.453624,15.0,16.643317,17.492856,18.788294,19.313208,18.973666,18.681542,16.763055,14.866069,12.083046
20260626_181812,2026-06-26T18:18:14.761573+09:00,skeleton,RX1,23.430749,21.260292,19.849433,18.439089,15.620499,12.806248,11.661904,9.848858,8.246211,9.0,9.055385,10.198039,11.401754,12.369317,13.341664,14.317821,14.035669,15.0,14.035669,13.152946,11.401754,8.544004,6.324555,5.09902,4.0,4.123106,7.615773,9.055385,11.045361,14.317821,17.262677,20.223748,22.090722,23.0,23.086793,22.36068,20.615528,18.681542,15.811388,13.601471,12.165525,11.0,10.198039,9.848858,11.661904,12.806248,15.556349,17.691806,19.209373,20.615528,22.022716,23.430749
20260626_181812,2026-06-26T18:18:14.785066+09:00,skeleton,RX2,8.602325,11.313708,12.806248,14.21267,15.0,14.422205,14.422205,12.206556,10.816654,8.062258,5.0,2.236068,2.236068,5.09902,9.219544,12.649111,17.088007,20.615528,22.36068,23.706539,23.323808,21.633308,18.601075,14.21267,9.219544,3.605551,11.045361,13.038405,14.035669,14.0,13.0,11.045361,9.055385,7.28011,4.472136,3.605551,3.0,4.472136,5.0,5.0,5.830952,5.385165,5.385165,5.09902,4.0,4.123106,3.605551,3.162278,3.0,2.236068,3.162278,4.123106
20260626_181812,2026-06-26T18:18:14.815116+09:00,skeleton,RX3,9.899495,9.848858,11.18034,13.038405,14.0,14.0,14.0,14.0,13.038405,12.041595,12.041595,11.045361,10.049876,10.049876,9.0,9.0,9.055385,8.062258,8.246211,7.28011,6.708204,5.830952,5.0,3.605551,3.162278,4.0,18.788294,21.931712,23.769729,24.351591,24.041631,22.803509,19.646883,16.492423,12.649111,8.944272,5.656854,5.09902,7.28011,8.944272,11.18034,13.416408,15.231546,17.088007,18.681542,19.416488,20.396078,20.223748,19.104973,17.029386,15.132746,12.369317
20260626_181812,2026-06-26T18:18:14.844919+09:00,skeleton,RX1,22.847319,21.540659,20.248457,18.027756,16.155494,13.416408,11.661904,10.0,8.485281,8.602325,8.944272,9.848858,10.77033,11.7047,13.0,13.416408,13.892444,14.21267,12.727922,11.401754,10.0,8.602325,6.403124,5.0,3.605551,3.162278,9.219544,9.848858,12.369317,15.297059,18.248288,21.587033,22.803509,24.351591,24.166092,22.825424,21.633308,19.416488,17.204651,14.422205,12.529964,11.7047,10.198039,11.0,12.165525,13.601471,16.155494,18.384776,20.615528,21.931712,23.259407,23.769729
20260626_181812,2026-06-26T18:18:14.876947+09:00,skeleton,RX2,13.038405,11.045361,8.246211,4.472136,2.236068,4.242641,8.544004,11.401754,14.56022,17.464249,19.646883,20.880613,21.84033,22.135944,20.615528,18.788294,14.317821,9.433981,3.162278,5.0,12.806248,20.808652,26.07681,30.88689,34.014703,34.785054,9.055385,9.219544,11.18034,12.806248,14.866069,17.804494,17.804494,18.601075,17.204651,15.811388,13.892444,11.661904,8.944272,7.28011,5.0,3.605551,3.162278,4.123106,5.385165,6.403124,7.81025,9.433981,11.18034,12.369317,14.142136,14.035669
20260626_181812,2026-06-26T18:18:14.905055+09:00,skeleton,RX3,24.186773,24.33105,21.377558,18.439089,16.492423,13.341664,11.18034,9.055385,8.0,7.071068,6.324555,6.708204,7.211103,7.211103,7.81025,7.81025,9.219544,9.219544,9.899495,10.0,10.630146,11.401754,11.401754,11.401754,10.630146,9.899495,12.041595,10.0,7.28011,7.28011,10.0,12.806248,16.401219,20.0,22.022716,22.671568,22.627417,21.260292,20.0,18.35756,16.552945,14.317821,12.083046,10.29563,9.219544,8.602325,9.486833,13.038405,15.0,19.026298,21.0,23.0
20260626_181812,2026-06-26T18:18:14.934965+09:00,skeleton,RX1,13.601471,14.317821,14.422205,15.811388,15.811388,16.401219,16.401219,15.811388,15.264338,15.652476,13.928388,12.649111,10.440307,9.219544,8.246211,6.324555,5.0,5.0,6.708204,7.615773,8.944272,8.944272,10.0,8.485281,8.602325,7.615773,18.867962,19.209373,20.518285,19.849433,20.0,17.204651,15.0,12.806248,11.401754,10.29563,10.440307,12.165525,13.038405,15.033296,15.033296,17.117243,17.262677,18.248288,18.439089,18.439089,18.439089,18.248288,18.439089,17.117243,16.03122,16.0
20260626_181812,2026-06-26T18:18:14.967024+09:00,skeleton,RX2,7.615773,10.77033,12.083046,13.892444,13.892444,14.422205,13.038405,12.206556,10.29563,8.062258,5.385165,3.0,2.236068,5.385165,9.433981,13.038405,17.204651,20.615528,22.671568,24.758837,24.758837,23.345235,21.260292,16.401219,12.206556,6.708204,12.206556,12.806248,13.453624,12.727922,12.041595,10.816654,8.944272,7.28011,5.0,4.123106,4.242641,3.605551,4.123106,4.0,4.123106,4.472136,4.242641,4.472136,4.123106,5.0,4.123106,4.472136,3.605551,2.828427,2.0,2.236068
20260626_181812,2026-06-26T18:18:14.995015+09:00,skeleton,RX3,8.544004,9.0,10.440307,11.7047,12.529964,13.416408,12.529964,13.416408,12.083046,11.7047,10.77033,10.77033,9.848858,9.848858,8.544004,8.544004,8.062258,8.062258,7.211103,6.403124,5.656854,5.0,4.123106,4.0,4.123106,4.472136,16.643317,19.416488,22.203603,22.803509,23.430749,21.931712,19.849433,16.970563,12.727922,10.0,6.708204,5.0,5.830952,7.071068,8.602325,11.401754,13.453624,14.866069,16.970563,18.439089,18.601075,18.867962,18.867962,17.492856,15.811388,12.806248
20260626_181812,2026-06-26T18:18:15.028262+09:00,skeleton,RX1,24.698178,24.698178,21.954498,20.124612,17.0,13.892444,10.816654,9.219544,7.211103,7.28011,8.0,9.055385,10.198039,12.165525,14.035669,14.0,15.033296,14.317821,13.928388,12.529964,10.0,7.81025,5.0,2.828427,1.0,1.414214,8.485281,9.433981,12.083046,13.601471,16.492423,19.646883,21.84033,23.4094,23.769729,23.706539,21.954498,20.248457,18.027756,15.811388,13.038405,12.529964,10.440307,10.049876,11.045361,12.649111,14.317821,16.643317,19.416488,21.400935,23.430749,25.0
20260626_181812,2026-06-26T18:18:15.060176+09:00,skeleton,RX2,6.324555,8.544004,10.77033,12.083046,13.416408,13.416408,12.529964,11.661904,10.29563,7.615773,5.385165,3.0,3.162278,6.324555,9.848858,13.892444,17.492856,21.633308,23.853721,25.0,25.806976,24.207437,22.022716,19.104973,14.142136,9.219544,12.369317,13.152946,13.152946,14.035669,13.0,11.045361,9.055385,6.324555,5.0,3.605551,3.0,2.828427,3.605551,4.123106,4.123106,4.123106,4.123106,3.605551,4.242641,4.123106,5.0,5.0,4.123106,3.162278,1.414214,1.0
20260626_181812,2026-06-26T18:18:15.085352+09:00,skeleton,RX3,9.055385,8.062258,9.219544,10.816654,11.18034,12.083046,12.083046,13.416408,12.529964,11.661904,11.661904,10.816654,9.433981,9.433981,8.602325,8.062258,7.615773,7.615773,6.324555,5.09902,5.0,4.123106,3.605551,3.605551,4.472136,5.09902,18.027756,20.099751,23.194827,24.33105,24.515301,22.561028,20.615528,17.720045,14.56022,10.198039,7.0,5.385165,5.830952,7.28011,9.219544,11.18034,14.317821,15.524175,17.720045,18.973666,19.697716,20.124612,19.235384,17.888544,16.552945,13.928388
20260626_181812,2026-06-26T18:18:15.115003+09:00,skeleton,RX1,12.083046,13.341664,15.132746,16.124515,16.03122,17.117243,17.117243,17.262677,15.524175,14.56022,12.649111,11.7047,10.77033,8.544004,7.28011,5.09902,5.09902,4.472136,5.656854,8.485281,9.219544,10.630146,10.816654,10.29563,9.486833,8.062258,19.026298,20.223748,21.587033,21.18962,20.248457,17.464249,15.652476,13.0,11.18034,10.049876,10.440307,11.18034,13.038405,14.422205,15.811388,16.643317,16.643317,18.35756,19.235384,19.235384,18.788294,18.788294,17.888544,17.0,15.0,13.453624
20260626_181812,2026-06-26T18:18:15.147121+09:00,skeleton,RX2,17.804494,16.401219,15.0,10.816654,6.708204,2.236068,5.09902,8.944272,12.206556,15.811388,18.601075,21.400935,23.430749,24.083189,24.041631,23.345235,19.849433,15.811388,10.29563,3.0,5.830952,12.727922,19.849433,25.806976,30.016662,31.304952,11.401754,10.816654,11.7047,14.0,15.297059,17.088007,18.384776,18.35756,16.643317,15.811388,14.21267,11.313708,8.602325,6.708204,5.09902,4.123106,3.605551,3.162278,4.0,4.472136,5.0,6.082763,8.062258,10.77033,13.038405,15.811388
20260626_181812,2026-06-26T18:18:15.175119+09:00,skeleton,RX3,10.049876,9.486833,10.816654,12.806248,12.041595,12.727922,12.041595,12.041595,11.401754,11.401754,10.0,10.0,9.219544,8.602325,8.602325,8.485281,8.485281,7.81025,7.81025,7.81025,6.403124,5.0,4.472136,3.0,3.162278,2.828427,16.278821,19.235384,21.213203,22.090722,23.021729,21.0,19.026298,16.03122,13.038405,10.049876,7.28011,6.403124,6.708204,7.28011,9.219544,12.165525,13.341664,15.524175,16.155494,18.384776,19.235384,18.867962,18.867962,17.492856,14.764823,13.0
20260626_181812,2026-06-26T18:18:15.206116+09:00,skeleton,RX1,13.152946,14.56022,16.155494,16.552945,17.464249,17.464249,17.088007,16.155494,14.866069,13.601471,13.341664,11.18034,10.049876,8.062258,6.324555,4.472136,5.0,5.385165,7.28011,8.246211,10.440307,10.77033,11.18034,10.816654,9.219544,8.485281,18.439089,20.223748,20.024984,21.023796,19.104973,16.124515,14.035669,11.0,9.219544,9.433981,9.899495,11.401754,13.892444,14.422205,15.811388,16.643317,17.204651,17.804494,18.439089,18.439089,17.691806,17.804494,15.811388,14.422205,13.416408,12.369317
20260626_181812,2026-06-26T18:18:15.235048+09:00,skeleton,RX2,4.242641,6.708204,9.848858,11.7047,13.601471,14.866069,14.866069,13.928388,12.649111,11.401754,9.219544,8.0,6.324555,6.403124,8.246211,11.0,15.132746,18.439089,20.615528,23.086793,23.086793,23.086793,20.248457,17.464249,13.416408,8.602325,10.198039,12.649111,13.0,13.038405,12.806248,11.313708,10.0,7.615773,6.082763,5.385165,5.0,4.472136,5.0,5.09902,5.385165,5.656854,5.0,5.385165,6.0,6.324555,6.708204,6.403124,7.071068,6.403124,5.656854,3.605551
20260626_181812,2026-06-26T18:18:15.265628+09:00,skeleton,RX3,8.602325,9.219544,8.944272,10.198039,11.18034,12.041595,12.165525,12.165525,11.18034,11.18034,10.198039,10.198039,9.219544,9.219544,8.062258,8.062258,8.062258,7.0,7.0,6.082763,5.09902,4.123106,3.605551,2.828427,2.0,3.0,17.0,19.235384,21.023796,22.847319,22.472205,21.18962,18.681542,16.763055,12.649111,9.486833,6.403124,5.385165,6.0,7.28011,9.486833,11.7047,13.601471,15.524175,17.262677,18.11077,19.026298,19.0,19.0,17.0,15.0,13.152946
20260626_181812,2026-06-26T18:18:15.300011+09:00,skeleton,RX1,12.369317,15.231546,15.652476,17.0,17.492856,17.888544,17.888544,16.552945,15.231546,14.866069,12.649111,11.18034,10.198039,8.246211,6.324555,5.830952,5.0,5.385165,7.28011,8.246211,9.486833,9.848858,10.29563,10.0,8.485281,7.81025,18.973666,20.615528,21.377558,21.095023,19.026298,17.0,14.0,11.045361,8.544004,9.219544,10.0,11.18034,14.317821,14.317821,16.552945,17.0,17.492856,18.867962,18.027756,18.601075,18.027756,17.204651,16.124515,14.764823,13.601471,12.165525
20260626_181812,2026-06-26T18:18:15.325199+09:00,skeleton,RX2,6.403124,8.544004,10.440307,11.401754,13.341664,13.341664,13.341664,12.165525,12.165525,10.049876,9.0,8.246211,8.062258,9.899495,11.661904,14.317821,17.088007,19.924859,22.803509,23.769729,23.769729,23.769729,21.587033,18.439089,15.132746,10.0,10.440307,12.083046,13.038405,12.806248,12.727922,10.816654,9.848858,8.062258,6.082763,5.0,4.472136,5.0,5.385165,5.0,5.0,5.385165,5.09902,5.09902,5.0,5.0,6.324555,6.082763,7.071068,7.0,6.0,6.082763
20260626_181812,2026-06-26T18:18:15.354937+09:00,skeleton,RX3,8.602325,10.0,12.529964,13.928388,14.866069,16.155494,16.155494,15.231546,14.317821,12.529964,11.661904,10.29563,9.848858,8.544004,8.246211,7.071068,7.0,7.071068,7.28011,7.615773,8.062258,8.062258,7.81025,7.071068,6.403124,5.830952,17.029386,20.099751,22.203603,22.561028,21.587033,20.880613,17.720045,13.601471,10.440307,7.071068,4.123106,4.472136,6.0,8.0,11.0,13.0,15.132746,16.278821,17.720045,18.973666,19.313208,18.788294,17.0,15.652476,13.0,10.198039
20260626_181812,2026-06-26T18:18:15.385559+09:00,skeleton,RX1,11.313708,12.206556,13.416408,15.231546,16.552945,16.552945,15.652476,16.124515,14.764823,14.422205,13.038405,11.401754,9.219544,8.485281,6.403124,4.472136,4.0,5.385165,6.403124,7.81025,8.602325,10.29563,10.77033,10.198039,9.055385,8.0,17.464249,18.384776,19.646883,18.439089,17.117243,15.132746,12.165525,10.198039,6.708204,6.403124,7.28011,10.049876,12.041595,13.038405,14.035669,16.124515,16.124515,17.262677,17.464249,17.464249,17.262677,16.124515,15.132746,13.0,11.045361,10.440307
20260626_181812,2026-06-26T18:18:15.415128+09:00,skeleton,RX2,16.643317,15.264338,13.601471,12.041595,9.433981,9.219544,11.045361,13.341664,15.524175,17.720045,19.646883,21.587033,22.36068,23.194827,22.090722,21.095023,19.235384,15.524175,12.529964,10.816654,13.038405,18.248288,22.803509,26.248809,28.160256,28.160256,7.211103,5.385165,5.385165,7.211103,9.219544,11.0,13.152946,13.928388,14.764823,15.0,12.727922,12.206556,10.29563,8.246211,7.071068,6.0,5.09902,3.0,2.0,2.828427,4.242641,6.403124,9.219544,12.041595,14.866069,15.620499
20260626_181812,2026-06-26T18:18:15.445310+09:00,skeleton,RX3,25.298221,24.041631,21.84033,19.416488,16.278821,13.341664,9.486833,7.615773,5.830952,5.0,5.09902,6.0,7.0,9.055385,10.049876,11.045361,12.165525,13.152946,13.152946,13.152946,13.341664,12.369317,11.401754,10.440307,9.486833,8.544004,11.401754,8.485281,6.708204,5.385165,7.81025,11.661904,14.764823,17.492856,19.723083,20.808652,19.849433,19.79899,18.439089,16.401219,15.264338,12.529964,11.18034,9.433981,7.071068,5.385165,7.071068,10.77033,13.416408,17.888544,21.023796,22.847319
20260626_181812,2026-06-26T18:18:15.475979+09:00,skeleton,RX1,10.77033,13.892444,15.0,17.029386,17.804494,18.439089,17.804494,17.204651,15.811388,14.422205,13.416408,12.083046,10.29563,8.062258,6.403124,5.0,5.09902,5.09902,7.28011,9.486833,10.440307,12.165525,12.041595,12.0,10.198039,9.486833,18.248288,19.646883,20.248457,20.615528,19.235384,16.124515,13.416408,9.848858,8.062258,7.28011,7.81025,9.899495,11.401754,13.601471,15.0,16.401219,16.401219,17.804494,18.439089,18.439089,17.691806,17.029386,15.0,13.601471,12.083046,10.440307
20260626_181812,2026-06-26T18:18:15.510362+09:00,skeleton,RX2,11.661904,9.433981,7.071068,5.09902,5.830952,9.219544,12.806248,16.278821,18.439089,19.79899,21.260292,22.022716,22.203603,21.633308,19.416488,18.027756,14.21267,10.0,8.062258,10.630146,16.124515,22.36068,27.313001,31.780497,34.014703,33.105891,6.082763,5.09902,3.605551,5.09902,7.211103,9.899495,11.401754,12.529964,12.083046,11.7047,11.401754,10.049876,8.062258,6.0,5.0,3.0,3.162278,2.828427,3.605551,5.830952,7.211103,9.219544,11.313708,12.806248,14.422205,14.422205
20260626_181812,2026-06-26T18:18:15.536400+09:00,skeleton,RX3,23.600847,22.803509,20.615528,17.691806,13.453624,11.401754,8.062258,6.324555,6.0,6.324555,7.615773,8.062258,9.433981,10.816654,11.18034,11.18034,11.661904,11.661904,11.661904,11.401754,10.630146,10.0,10.0,9.848858,9.848858,8.544004,10.198039,7.071068,5.385165,5.385165,9.0,12.165525,15.297059,18.248288,19.104973,20.024984,20.024984,19.235384,17.464249,15.811388,13.601471,11.7047,8.944272,7.28011,5.0,5.830952,8.062258,11.18034,15.652476,18.788294,22.825424,23.323808
20260626_181812,2026-06-26T18:18:15.565005+09:00,skeleton,RX1,25.179357,23.086793,20.024984,18.027756,15.132746,11.18034,8.544004,7.211103,6.403124,7.28011,8.062258,10.049876,12.041595,13.038405,14.142136,15.297059,15.524175,15.231546,14.317821,12.206556,10.0,7.071068,4.242641,2.236068,2.236068,3.605551,7.615773,8.0,9.848858,13.038405,16.643317,19.723083,21.954498,23.259407,24.166092,23.4094,21.84033,20.396078,17.262677,14.317821,12.369317,9.486833,8.062258,7.81025,8.544004,11.045361,13.038405,16.124515,19.235384,21.377558,24.515301,25.317978
20260626_181812,2026-06-26T18:18:15.595888+09:00,skeleton,RX2,13.038405,16.124515,16.552945,16.552945,16.155494,14.866069,12.649111,10.440307,8.544004,5.385165,3.605551,3.605551,6.403124,9.433981,12.529964,16.124515,19.235384,22.36068,23.706539,24.186773,22.825424,20.59126,17.0,12.529964,7.615773,3.0,10.049876,11.045361,11.18034,11.18034,10.198039,8.062258,6.082763,4.0,2.0,1.0,2.828427,3.605551,4.242641,5.0,5.656854,5.656854,5.0,5.0,3.605551,3.605551,2.828427,2.236068,3.162278,4.472136,7.211103,10.0
20260626_181812,2026-06-26T18:18:15.625955+09:00,skeleton,RX3,10.29563,10.198039,12.0,13.038405,14.142136,14.142136,14.142136,14.142136,13.152946,13.038405,12.041595,12.041595,11.045361,10.049876,10.198039,10.198039,10.440307,10.440307,9.848858,9.848858,8.944272,8.062258,6.403124,5.656854,4.472136,5.0,16.124515,18.867962,20.808652,22.022716,21.260292,20.518285,16.970563,14.142136,10.630146,7.211103,5.09902,5.09902,6.403124,7.81025,10.630146,12.727922,14.866069,16.401219,17.204651,18.35756,18.788294,18.384776,18.027756,17.088007,15.231546,13.038405
20260626_181812,2026-06-26T18:18:15.654983+09:00,skeleton,RX1,21.931712,21.931712,19.697716,18.384776,15.231546,13.416408,10.816654,9.219544,7.81025,8.062258,8.544004,9.219544,10.049876,10.049876,12.165525,11.401754,12.369317,12.083046,11.661904,10.0,8.602325,6.403124,5.0,3.605551,2.236068,2.236068,7.211103,8.062258,10.77033,13.601471,17.720045,20.248457,22.36068,23.323808,23.021729,22.803509,20.518285,17.691806,14.866069,12.727922,10.630146,10.29563,8.246211,10.0,11.045361,12.369317,14.866069,16.155494,18.384776,20.124612,21.470911,22.36068
20260626_181812,2026-06-26T18:18:15.685104+09:00,skeleton,RX2,12.206556,10.0,5.656854,2.236068,3.0,6.324555,10.29563,13.601471,16.401219,18.439089,20.518285,21.213203,21.213203,20.518285,19.104973,16.278821,12.041595,7.211103,2.236068,8.544004,15.264338,22.472205,28.600699,32.649655,35.468296,33.970576,3.0,4.472136,7.0,10.049876,13.152946,14.142136,16.278821,16.278821,15.297059,14.317821,11.18034,9.055385,7.0,5.09902,2.828427,3.0,4.123106,5.385165,7.28011,9.219544,11.18034,12.041595,14.0,15.132746,15.524175,15.811388
20260626_181812,2026-06-26T18:18:15.716095+09:00,skeleton,RX3,24.0,22.022716,21.095023,18.11077,16.124515,13.038405,10.049876,8.0,6.082763,5.385165,5.656854,5.830952,6.708204,7.615773,8.544004,9.486833,10.440307,11.401754,11.401754,11.401754,12.165525,11.18034,11.18034,10.198039,9.219544,8.246211,11.401754,9.219544,5.830952,6.082763,7.81025,10.630146,13.601471,16.401219,18.439089,19.104973,19.104973,17.804494,16.643317,16.124515,14.317821,12.649111,10.440307,8.544004,6.708204,6.403124,7.28011,10.0,13.038405,16.124515,20.099751,22.090722
20260626_181812,2026-06-26T18:18:15.745413+09:00,skeleton,RX1,21.377558,20.396078,19.235384,16.124515,14.035669,12.0,10.198039,9.486833,8.602325,9.219544,10.0,12.206556,12.206556,13.601471,14.21267,15.556349,15.620499,14.422205,13.416408,11.7047,9.486833,7.28011,4.472136,2.828427,3.162278,4.0,5.830952,7.0,10.440307,13.928388,17.088007,20.880613,22.561028,23.194827,24.083189,23.021729,20.223748,18.248288,15.297059,12.165525,10.0,8.246211,7.211103,8.602325,11.18034,13.0,15.811388,17.720045,19.646883,20.880613,22.803509,22.561028
20260626_181812,2026-06-26T18:18:15.775514+09:00,skeleton,RX2,12.369317,10.77033,8.602325,5.0,2.236068,3.0,6.324555,10.29563,13.601471,17.029386,19.104973,20.518285,21.260292,22.022716,22.022716,19.209373,16.278821,10.630146,5.09902,5.385165,13.038405,20.615528,26.925824,32.280025,35.44009,36.055513,2.236068,1.0,6.324555,9.848858,13.928388,16.155494,18.384776,18.788294,18.384776,17.464249,15.231546,12.083046,9.848858,7.615773,5.09902,4.0,3.605551,3.605551,4.472136,5.830952,7.211103,8.485281,9.433981,10.77033,11.18034,12.0
20260626_181812,2026-06-26T18:18:15.805101+09:00,skeleton,RX3,10.0,11.401754,12.649111,15.231546,15.652476,15.652476,16.155494,14.866069,14.866069,12.649111,12.369317,11.401754,10.440307,9.848858,8.944272,9.433981,9.219544,9.899495,10.0,10.29563,10.29563,9.848858,8.944272,8.544004,7.071068,6.0,17.464249,19.646883,20.880613,22.135944,21.540659,19.697716,16.552945,14.317821,10.77033,7.28011,6.082763,5.656854,7.211103,8.944272,10.77033,13.416408,15.264338,15.811388,17.029386,17.691806,18.439089,17.804494,17.204651,15.0,13.453624,11.401754
20260626_181812,2026-06-26T18:18:15.834963+09:00,skeleton,RX1,23.345235,20.396078,18.248288,15.297059,12.369317,9.486833,6.403124,5.830952,5.09902,6.082763,7.28011,8.544004,10.77033,11.7047,13.928388,14.56022,14.317821,15.033296,14.035669,12.165525,9.219544,6.324555,3.162278,1.0,2.236068,4.242641,5.830952,7.071068,9.219544,12.649111,17.088007,19.924859,21.84033,23.537205,24.33105,23.194827,21.023796,20.0,16.0,14.0,11.045361,9.219544,8.062258,7.211103,8.544004,11.045361,13.038405,16.124515,19.235384,21.377558,22.561028,23.345235
20260626_181812,2026-06-26T18:18:15.865656+09:00,skeleton,RX2,10.29563,8.944272,7.071068,6.324555,6.403124,9.486833,12.369317,15.297059,18.439089,19.646883,21.18962,22.472205,21.931712,22.36068,20.59126,17.888544,14.317821,9.486833,5.385165,8.062258,14.142136,20.615528,25.70992,29.614186,32.557641,32.557641,9.486833,6.324555,3.0,4.123106,7.071068,10.049876,12.0,13.038405,12.165525,12.369317,11.7047,9.848858,9.433981,7.81025,7.071068,6.403124,5.656854,5.656854,5.656854,6.403124,7.211103,9.433981,10.816654,11.661904,11.661904
20260626_181812,2026-06-26T18:18:15.896298+09:00,skeleton,RX3,24.33105,23.194827,21.095023,19.026298,16.03122,13.038405,11.18034,9.486833,8.944272,8.602325,8.602325,9.219544,9.219544,10.0,10.630146,10.630146,10.630146,10.630146,10.630146,11.401754,10.816654,11.18034,11.18034,12.083046,12.083046,11.661904,12.0,10.198039,7.615773,7.211103,9.219544,12.0,16.0,18.0,19.026298,20.223748,20.396078,19.924859,18.384776,17.0,15.264338,13.038405,11.661904,10.29563,9.486833,9.055385,11.045361,13.341664,15.811388,19.924859,22.135944,24.041631
20260626_181812,2026-06-26T18:18:15.925180+09:00,skeleton,RX1,10.630146,12.083046,13.928388,14.866069,15.524175,16.492423,16.492423,15.811388,14.866069,13.928388,13.0,12.083046,9.848858,8.062258,6.708204,5.09902,3.162278,4.242641,5.830952,7.615773,9.848858,11.661904,12.206556,12.041595,11.401754,10.29563,18.35756,20.615528,21.540659,21.84033,20.396078,18.248288,16.124515,12.165525,9.486833,7.81025,8.062258,9.219544,11.045361,13.038405,14.035669,16.03122,16.124515,18.248288,18.248288,18.248288,18.248288,17.262677,16.124515,14.035669,13.038405,11.401754
20260626_181812,2026-06-26T18:18:15.955333+09:00,skeleton,RX2,14.866069,15.811388,16.492423,15.297059,15.297059,13.152946,11.045361,8.062258,6.082763,3.605551,3.162278,5.0,7.81025,11.313708,14.142136,18.384776,20.518285,23.345235,24.083189,24.083189,22.022716,19.209373,15.620499,10.630146,6.403124,2.0,8.944272,10.29563,11.661904,13.038405,12.206556,12.206556,10.630146,8.485281,6.403124,4.472136,3.0,3.162278,2.828427,3.162278,4.123106,4.123106,4.0,4.0,4.123106,4.123106,4.472136,5.0,6.708204,8.062258,9.433981,11.18034
20260626_181812,2026-06-26T18:18:15.984998+09:00,skeleton,RX3,24.020824,23.194827,21.213203,18.248288,16.278821,13.341664,11.18034,9.055385,8.0,7.071068,6.708204,7.615773,7.211103,8.602325,8.602325,9.219544,9.899495,9.899495,10.630146,11.401754,11.401754,12.806248,11.401754,12.041595,11.313708,10.630146,12.529964,10.77033,8.0,8.062258,10.0,12.529964,16.155494,18.384776,20.124612,21.095023,20.808652,20.615528,19.104973,17.691806,15.620499,13.601471,12.206556,10.0,8.485281,8.944272,10.198039,12.0,15.033296,18.027756,21.023796,22.022716
20260626_181812,2026-06-26T18:18:16.015087+09:00,skeleton,RX1,20.615528,20.615528,18.439089,16.401219,14.21267,12.206556,10.29563,9.848858,9.219544,9.055385,8.0,9.055385,9.055385,10.198039,11.18034,11.18034,12.041595,12.0,11.045361,10.198039,9.219544,7.28011,5.09902,4.0,3.162278,3.605551,9.055385,10.049876,11.401754,13.601471,16.155494,18.973666,20.880613,21.377558,22.203603,21.023796,20.024984,18.11077,15.132746,13.152946,11.045361,10.049876,9.486833,10.29563,10.630146,12.727922,14.21267,16.401219,18.601075,20.0,21.400935,21.400935
20260626_181812,2026-06-26T18:18:16.045240+09:00,skeleton,RX2,8.062258,9.219544,10.0,11.661904,11.661904,12.529964,11.18034,9.848858,8.944272,7.28011,5.0,3.605551,5.09902,8.062258,11.401754,15.297059,19.416488,22.203603,25.179357,26.019224,25.0,23.021729,20.099751,16.03122,11.0,6.324555,10.440307,12.369317,13.341664,14.142136,13.038405,11.0,9.0,7.0,4.123106,2.828427,4.0,5.09902,6.324555,6.324555,6.324555,6.324555,5.385165,5.385165,3.605551,2.236068,1.0,2.236068,4.123106,5.09902,6.0,7.071068
20260626_181812,2026-06-26T18:18:16.076170+09:00,skeleton,RX3,24.207437,23.430749,21.260292,18.384776,15.556349,12.041595,9.219544,7.211103,5.09902,5.09902,6.324555,7.211103,8.602325,9.433981,10.816654,12.206556,13.038405,13.038405,13.601471,13.601471,12.806248,12.727922,12.041595,10.630146,10.0,8.602325,11.7047,8.246211,6.082763,5.0,8.062258,11.045361,14.142136,17.117243,19.026298,20.0,20.099751,19.235384,17.464249,16.763055,14.317821,12.529964,10.29563,7.615773,6.082763,5.09902,7.071068,10.816654,13.892444,18.35756,21.095023,23.021729
20260626_181812,2026-06-26T18:18:16.110768+09:00,skeleton,RX1,20.880613,18.973666,17.088007,16.155494,13.416408,11.661904,10.630146,9.899495,10.0,9.433981,9.848858,10.440307,10.440307,11.401754,12.649111,13.0,13.0,13.038405,12.206556,10.630146,9.219544,7.071068,5.0,3.162278,4.123106,5.385165,7.071068,8.944272,11.7047,14.866069,18.027756,21.023796,22.825424,23.021729,23.430749,21.931712,19.849433,17.804494,14.21267,11.401754,9.219544,8.062258,8.246211,9.0,11.18034,13.601471,15.811388,18.027756,19.924859,20.880613,21.84033,21.84033
20260626_181812,2026-06-26T18:18:16.135451+09:00,skeleton,RX2,4.242641,2.828427,5.0,8.246211,11.18034,13.416408,13.892444,14.422205,13.038405,10.816654,9.433981,5.830952,4.123106,2.828427,5.0,9.219544,13.601471,17.464249,20.615528,22.561028,23.345235,22.203603,21.213203,18.11077,14.035669,9.219544,7.211103,11.661904,15.264338,18.027756,19.416488,19.416488,18.601075,17.204651,14.422205,11.18034,9.848858,7.071068,6.0,5.09902,5.0,4.242641,4.123106,3.162278,5.0,6.403124,8.944272,9.848858,12.083046,12.083046,12.083046,10.29563
20260626_181812,2026-06-26T18:18:16.164933+09:00,skeleton,RX3,24.596748,23.259407,20.248457,17.088007,13.928388,10.77033,8.062258,6.403124,5.385165,6.0,7.071068,9.055385,10.049876,11.045361,12.165525,12.165525,13.038405,13.152946,13.341664,12.369317,12.649111,12.083046,11.661904,11.401754,11.313708,9.899495,10.29563,6.403124,3.605551,4.242641,8.062258,12.083046,15.231546,17.888544,20.59126,20.248457,20.248457,18.439089,16.970563,15.620499,12.806248,10.816654,8.602325,6.403124,4.472136,5.09902,8.062258,12.206556,15.620499,20.0,22.203603,23.853721
20260626_181812,2026-06-26T18:18:16.196330+09:00,skeleton,RX1,15.297059,16.124515,17.117243,17.117243,17.117243,17.117243,16.124515,14.142136,13.152946,12.165525,11.18034,10.440307,9.219544,8.062258,7.0,6.082763,6.708204,7.211103,8.485281,9.899495,10.630146,12.206556,12.529964,11.7047,10.198039,9.0,20.024984,21.095023,21.377558,20.615528,18.973666,16.155494,12.649111,10.198039,9.219544,9.848858,11.401754,12.806248,15.0,16.401219,16.643317,16.643317,17.0,17.0,16.552945,16.552945,15.652476,14.422205,12.806248,12.727922,13.601471,13.0
20260626_181812,2026-06-26T18:18:16.225733+09:00,skeleton,RX2,8.0,8.544004,10.816654,12.041595,14.142136,14.866069,14.21267,14.21267,12.806248,10.630146,9.219544,6.403124,3.605551,1.0,3.162278,6.708204,9.848858,13.416408,17.0,19.235384,19.697716,20.615528,19.313208,17.088007,13.601471,10.198039,7.28011,11.401754,15.297059,18.439089,20.396078,20.396078,19.416488,18.439089,16.492423,12.649111,10.440307,7.615773,4.472136,2.828427,1.0,1.0,3.162278,4.242641,5.656854,7.81025,8.602325,10.29563,10.29563,10.29563,9.433981,8.485281
20260626_181812,2026-06-26T18:18:16.255057+09:00,skeleton,RX3,23.323808,22.36068,20.124612,16.155494,13.0,9.848858,7.211103,5.656854,5.385165,5.0,6.0,7.071068,7.28011,9.219544,9.219544,10.198039,10.440307,10.440307,10.440307,10.77033,11.18034,10.816654,10.816654,10.630146,10.630146,9.219544,11.401754,7.81025,4.123106,5.656854,8.944272,12.649111,15.811388,18.384776,21.023796,21.470911,20.248457,20.0,17.691806,16.278821,14.21267,12.806248,10.0,7.071068,5.385165,6.0,8.062258,11.401754,15.620499,19.209373,22.203603,23.853721
20260626_181812,2026-06-26T18:18:16.285788+09:00,skeleton,RX1,15.132746,17.029386,17.0,17.0,18.0,18.027756,17.0,16.0,15.0,14.0,12.041595,11.045361,10.0,9.0,7.071068,6.082763,5.830952,7.071068,8.602325,10.29563,12.206556,13.453624,14.142136,13.601471,12.529964,10.77033,20.0,21.213203,20.396078,20.615528,18.027756,14.866069,12.649111,9.055385,8.246211,9.433981,10.630146,13.453624,14.866069,16.278821,17.029386,17.204651,18.027756,18.027756,17.492856,17.492856,16.643317,15.0,13.453624,14.21267,13.038405,13.928388
20260626_181812,2026-06-26T18:18:16.315806+09:00,skeleton,RX2,10.630146,12.041595,13.038405,13.892444,14.764823,15.264338,13.892444,13.038405,12.206556,10.0,8.062258,6.324555,5.0,4.472136,6.708204,9.486833,12.649111,15.524175,18.681542,20.880613,20.880613,21.18962,19.313208,17.088007,13.0,9.486833,7.615773,10.440307,13.601471,15.524175,17.464249,17.262677,17.117243,15.033296,13.038405,11.0,9.0,6.0,4.123106,2.236068,2.0,3.162278,5.385165,6.324555,7.28011,8.246211,9.055385,10.049876,10.049876,10.049876,9.219544,8.944272
20260626_181812,2026-06-26T18:18:16.345000+09:00,skeleton,RX3,7.615773,8.485281,10.816654,12.083046,13.0,13.928388,13.928388,13.928388,13.416408,12.529964,11.661904,10.29563,10.29563,8.944272,8.544004,7.28011,7.071068,6.0,6.082763,5.385165,5.830952,5.0,5.0,4.472136,4.123106,4.0,16.643317,19.416488,21.400935,22.022716,21.260292,19.104973,16.970563,12.727922,9.899495,6.403124,3.162278,2.828427,5.385165,7.28011,10.198039,12.369317,13.601471,15.231546,16.552945,17.888544,18.867962,18.027756,17.204651,15.811388,13.038405,9.848858
20260626_181812,2026-06-26T18:18:16.375161+09:00,skeleton,RX1,20.808652,19.416488,18.601075,16.401219,14.21267,12.727922,10.630146,9.433981,8.544004,8.062258,8.0,9.055385,10.198039,11.18034,12.369317,13.341664,14.142136,14.035669,13.0,12.041595,11.18034,8.246211,6.324555,4.123106,3.162278,2.828427,5.656854,7.615773,10.198039,13.341664,17.464249,19.646883,21.540659,21.931712,21.954498,20.808652,19.209373,17.029386,14.21267,12.041595,9.433981,8.544004,8.0,9.219544,10.77033,12.529964,15.264338,17.204651,19.416488,20.808652,21.633308,21.633308
20260626_181812,2026-06-26T18:18:16.405248+09:00,skeleton,RX2,20.248457,19.313208,17.088007,14.866069,11.18034,9.0,8.544004,9.219544,12.206556,14.422205,17.204651,18.601075,20.615528,21.213203,21.931712,21.260292,20.0,16.401219,12.806248,8.602325,6.0,8.602325,12.806248,17.204651,20.808652,22.203603,19.209373,17.204651,14.764823,11.18034,6.708204,2.828427,3.605551,7.28011,10.440307,13.0,14.317821,16.124515,15.811388,14.866069,14.21267,13.601471,11.661904,11.18034,10.29563,9.433981,8.485281,9.433981,11.7047,14.56022,17.720045,18.973666
20260626_181812,2026-06-26T18:18:16.439998+09:00,skeleton,RX3,25.317978,23.537205,21.587033,18.681542,15.524175,12.369317,9.055385,7.0,5.385165,5.0,6.403124,7.211103,8.944272,9.848858,9.848858,11.18034,12.083046,13.0,13.0,13.601471,13.601471,12.369317,12.369317,12.165525,11.18034,9.055385,11.0,8.062258,4.472136,4.0,7.615773,11.661904,15.264338,18.35756,18.788294,20.248457,19.924859,18.439089,18.248288,16.03122,14.0,12.0,10.049876,8.0,6.324555,5.656854,7.28011,11.045361,15.0,19.0,22.022716,24.083189
20260626_181812,2026-06-26T18:18:16.466769+09:00,skeleton,RX1,15.231546,14.764823,14.422205,14.21267,14.21267,14.21267,13.453624,12.727922,12.041595,11.313708,11.313708,10.630146,10.630146,9.219544,8.485281,7.81025,7.071068,6.403124,5.830952,5.385165,6.082763,6.082763,6.324555,6.324555,5.09902,4.123106,22.803509,24.758837,25.495098,25.238859,22.825424,21.023796,17.464249,13.416408,10.0,9.433981,10.440307,12.165525,13.152946,15.132746,16.124515,17.262677,17.262677,17.464249,17.720045,17.720045,17.720045,16.492423,16.124515,15.033296,15.033296,14.317821
20260626_181812,2026-06-26T18:18:16.495190+09:00,skeleton,RX2,21.400935,20.808652,17.492856,13.416408,8.246211,5.385165,5.09902,8.544004,13.038405,17.204651,19.209373,21.260292,23.345235,23.345235,24.041631,21.213203,19.79899,15.556349,10.630146,4.123106,4.123106,9.486833,16.155494,20.615528,25.079872,26.0,17.492856,14.422205,10.630146,5.830952,5.385165,8.602325,12.083046,15.524175,17.464249,19.416488,19.416488,18.439089,17.262677,15.132746,13.038405,11.0,9.0,7.0,4.0,1.414214,2.828427,6.403124,9.219544,14.21267,17.804494,19.209373
20260626_181812,2026-06-26T18:18:16.527611+09:00,skeleton,RX3,8.062258,8.246211,10.29563,12.206556,13.601471,14.21267,13.601471,13.601471,13.038405,12.529964,11.18034,10.77033,9.848858,9.848858,8.944272,8.062258,7.211103,7.071068,7.211103,6.708204,6.324555,6.082763,6.0,6.324555,5.385165,6.403124,17.464249,20.124612,21.954498,22.472205,21.633308,21.400935,18.601075,15.620499,12.206556,8.602325,6.324555,5.09902,6.403124,7.81025,10.0,12.206556,14.21267,16.278821,17.691806,18.439089,19.209373,19.416488,18.027756,16.643317,15.0,11.313708
20260626_181812,2026-06-26T18:18:16.555056+09:00,skeleton,RX1,18.973666,18.681542,17.720045,16.492423,14.56022,13.601471,12.649111,11.7047,10.77033,10.29563,10.29563,9.433981,9.433981,9.433981,10.29563,10.29563,11.18034,10.77033,11.7047,11.401754,10.198039,10.198039,9.055385,8.062258,8.062258,6.324555,20.396078,21.84033,22.135944,21.931712,21.470911,19.723083,17.888544,15.231546,13.601471,13.152946,14.035669,15.0,16.0,16.0,17.0,18.027756,17.117243,17.117243,17.117243,16.124515,16.03122,16.0,17.117243,17.262677,17.720045,18.681542
20260626_181812,2026-06-26T18:18:16.585542+09:00,skeleton,RX2,19.104973,17.029386,15.033296,10.198039,5.830952,3.0,6.708204,10.440307,15.132746,18.11077,21.0,23.021729,24.083189,25.079872,25.179357,23.345235,20.223748,15.033296,10.0,6.403124,7.071068,13.416408,18.027756,23.600847,27.202941,28.84441,16.643317,14.422205,11.313708,8.602325,7.071068,7.615773,9.899495,12.806248,14.422205,15.264338,16.124515,14.764823,14.317821,12.083046,10.77033,9.486833,7.615773,6.324555,4.472136,3.605551,3.162278,5.830952,8.944272,12.649111,15.811388,18.439089
20260626_181812,2026-06-26T18:18:16.616269+09:00,skeleton,RX3,8.0,9.848858,11.401754,13.453624,14.866069,15.556349,15.556349,15.556349,14.866069,14.21267,13.453624,12.041595,11.401754,10.630146,9.899495,9.899495,8.602325,8.944272,8.544004,8.246211,8.062258,7.0,7.071068,6.324555,5.830952,5.656854,16.643317,18.601075,21.400935,21.260292,21.213203,20.518285,17.029386,14.21267,10.630146,7.071068,4.472136,4.123106,5.0,7.211103,10.29563,12.529964,14.422205,16.401219,17.029386,18.384776,19.849433,19.849433,19.209373,17.029386,14.866069,12.041595
20260626_181812,2026-06-26T18:18:16.645268+09:00,skeleton,RX1,19.104973,20.518285,20.615528,20.615528,19.209373,18.439089,17.029386,15.0,12.727922,11.313708,9.219544,8.602325,7.615773,7.071068,8.062258,9.219544,11.7047,13.928388,15.811388,17.720045,18.439089,19.104973,19.0,17.117243,15.524175,12.083046,17.0,17.117243,17.262677,16.278821,14.317821,11.18034,8.0,6.708204,7.81025,10.29563,12.083046,14.317821,15.652476,17.0,17.0,16.643317,16.643317,15.811388,15.0,13.601471,12.529964,10.77033,10.0,10.440307,12.529964,15.0
20260626_181812,2026-06-26T18:18:16.677397+09:00,skeleton,RX2,16.552945,15.811388,14.317821,12.0,10.440307,10.0,10.29563,12.369317,15.132746,17.029386,20.0,21.023796,22.022716,23.021729,22.022716,21.023796,19.104973,15.132746,10.440307,6.403124,4.0,7.81025,12.529964,17.464249,20.248457,20.880613,21.400935,21.095023,20.615528,18.681542,17.117243,14.142136,12.529964,12.041595,11.7047,13.038405,13.341664,13.928388,14.764823,15.0,14.866069,14.142136,13.453624,12.806248,11.401754,9.219544,8.602325,7.071068,7.28011,10.0,12.041595,14.422205
20260626_181812,2026-06-26T18:18:16.705757+09:00,skeleton,RX3,24.698178,24.186773,21.470911,19.235384,15.652476,12.529964,10.0,8.485281,7.211103,6.708204,7.071068,7.071068,8.0,8.0,9.055385,10.049876,10.198039,11.18034,11.401754,11.7047,13.0,13.416408,13.416408,13.892444,13.416408,13.416408,11.313708,7.81025,4.472136,4.242641,7.28011,11.18034,15.297059,17.464249,19.646883,20.248457,20.615528,19.235384,18.027756,16.401219,13.453624,12.041595,9.899495,7.81025,6.708204,6.0,7.615773,10.816654,15.620499,19.209373,21.400935,24.413111
20260626_181812,2026-06-26T18:18:16.737038+09:00,skeleton,RX1,14.56022,16.155494,17.464249,18.384776,18.384776,18.384776,18.384776,16.155494,15.231546,13.0,11.7047,9.848858,8.062258,6.403124,5.0,5.0,7.28011,9.848858,12.529964,15.231546,17.088007,18.973666,19.416488,19.026298,17.029386,14.317821,17.0,18.027756,17.720045,16.492423,15.297059,12.165525,8.246211,5.830952,4.472136,7.0,8.544004,10.440307,12.649111,14.866069,14.866069,15.524175,15.524175,15.297059,15.297059,14.317821,13.601471,11.7047,10.29563,9.219544,8.944272,10.049876
20260626_181812,2026-06-26T18:18:16.765839+09:00,skeleton,RX2,5.0,7.81025,10.816654,13.038405,13.892444,14.764823,14.317821,12.083046,10.77033,8.544004,6.324555,3.162278,3.162278,7.28011,10.198039,14.317821,17.262677,20.223748,21.095023,22.090722,22.090722,20.024984,17.0,14.0,10.049876,7.615773,10.049876,12.165525,13.341664,15.811388,15.811388,16.155494,16.155494,14.317821,13.416408,10.29563,8.602325,6.403124,4.242641,2.236068,1.414214,3.162278,5.0,6.082763,7.28011,8.246211,8.544004,8.544004,7.28011,5.09902,3.162278
20260626_181812,2026-06-26T18:18:16.795005+09:00,skeleton,RX3,7.615773,7.071068,8.062258,9.486833,11.18034,11.18034,12.165525,12.165525,11.18034,11.401754,10.440307,10.440307,10.440307,9.219544,9.486833,8.246211,8.246211,7.28011,6.082763,5.0,4.0,3.162278,2.236068,3.162278,4.472136,5.830952,18.0,21.0,23.021729,23.086793,23.086793,21.213203,18.248288,16.124515,12.165525,9.0,6.082763,3.605551,4.123106,7.071068,8.0,10.0,12.041595,14.142136,15.132746,16.278821,17.720045,18.027756,17.088007,15.811388,13.928388,11.401754
20260626_181812,2026-06-26T18:18:16.825066+09:00,skeleton,RX1,10.198039,13.038405,15.0,17.029386,17.029386,18.027756,17.0,16.0,16.0,14.0,12.0,10.049876,8.0,6.082763,4.472136,4.123106,6.082763,8.246211,11.7047,14.317821,17.262677,18.027756,19.026298,18.248288,16.492423,13.928388,18.248288,19.416488,19.924859,18.384776,17.464249,14.317821,11.7047,8.246211,6.082763,6.403124,7.615773,9.848858,11.401754,12.649111,14.56022,15.524175,15.811388,16.763055,16.155494,16.155494,14.866069,13.601471,12.165525,10.0,8.246211,7.81025
20260626_181812,2026-06-26T18:18:16.855168+09:00,skeleton,RX2,18.248288,15.524175,12.083046,7.211103,3.162278,4.472136,8.062258,12.041595,16.124515,18.439089,20.880613,22.135944,22.472205,22.847319,21.931712,20.124612,17.0,12.529964,6.324555,1.414214,6.708204,12.206556,17.204651,22.203603,25.553865,27.294688,26.07681,26.07681,24.698178,22.825424,18.788294,15.524175,13.038405,10.77033,11.313708,13.038405,14.317821,15.811388,16.492423,16.492423,15.297059,15.297059,13.341664,11.401754,9.486833,6.708204,3.605551,3.605551,7.615773,11.401754,15.033296,18.0
20260626_181812,2026-06-26T18:18:16.885055+09:00,skeleton,RX3,8.246211,10.198039,12.649111,15.231546,16.552945,17.464249,17.464249,17.088007,15.811388,14.56022,13.341664,12.369317,11.18034,10.198039,9.219544,7.615773,6.708204,5.656854,5.830952,5.09902,6.0,6.324555,6.708204,7.211103,7.81025,7.071068,18.601075,20.248457,22.472205,22.825424,22.36068,20.124612,17.464249,13.416408,10.29563,7.071068,5.09902,5.09902,8.062258,10.0,11.401754,14.21267,15.811388,17.492856,18.788294,20.615528,20.248457,19.924859,18.681542,16.763055,13.928388,10.29563
20260626_181812,2026-06-26T18:18:16.915225+09:00,skeleton,RX1,10.049876,11.7047,13.892444,15.264338,17.204651,17.804494,17.804494,17.204651,17.204651,15.811388,13.892444,12.529964,11.18034,8.062258,5.830952,2.828427,2.236068,5.830952,8.944272,11.661904,14.422205,15.620499,16.278821,15.811388,14.764823,12.649111,20.0,21.095023,22.203603,20.396078,18.681542,15.811388,11.401754,8.062258,5.09902,5.0,7.071068,9.0,12.041595,13.038405,15.132746,16.124515,16.03122,17.117243,17.029386,17.117243,16.124515,15.297059,13.601471,12.083046,10.0,8.602325
20260626_181812,2026-06-26T18:18:16.944996+09:00,skeleton,RX2,5.0,8.062258,10.198039,11.7047,12.529964,13.038405,13.038405,12.206556,10.29563,8.062258,5.385165,4.123106,2.828427,4.123106,6.708204,10.29563,13.038405,16.124515,18.027756,19.723083,20.248457,19.723083,17.492856,15.264338,11.661904,7.211103,4.123106,7.211103,10.816654,14.21267,15.620499,17.804494,18.439089,17.691806,17.691806,14.866069,12.727922,11.313708,7.81025,5.830952,3.162278,2.0,2.0,3.605551,5.830952,7.81025,10.0,10.816654,11.661904,11.18034,9.848858,8.062258
20260626_181812,2026-06-26T18:18:16.975234+09:00,skeleton,RX3,26.248809,23.769729,21.587033,17.464249,13.341664,10.440307,8.062258,6.403124,6.324555,7.071068,9.055385,10.049876,11.045361,13.038405,13.152946,14.142136,14.317821,14.142136,13.152946,13.152946,12.041595,11.0,11.18034,10.440307,9.486833,8.944272,9.433981,6.324555,5.09902,6.403124,8.544004,12.369317,15.297059,17.720045,18.973666,18.788294,18.35756,17.492856,15.811388,13.453624,11.313708,9.899495,7.81025,6.708204,6.0,7.28011,10.29563,14.422205,18.027756,21.954498,24.596748,26.400758
20260626_181812,2026-06-26T18:18:17.005109+09:00,skeleton,RX1,6.708204,8.485281,11.401754,13.038405,14.764823,15.652476,15.652476,15.652476,15.264338,13.892444,12.206556,10.0,9.219544,6.403124,3.605551,1.0,2.828427,5.0,8.062258,10.77033,12.369317,13.152946,14.035669,13.0,12.165525,10.440307,17.464249,18.973666,19.313208,18.788294,16.552945,13.892444,11.18034,7.28011,4.0,3.605551,6.0,8.0,10.049876,12.165525,13.152946,14.317821,15.297059,15.297059,16.492423,15.524175,15.811388,14.866069,13.416408,11.661904,9.219544,7.211103
20260626_181812,2026-06-26T18:18:17.035160+09:00,skeleton,RX2,6.403124,3.0,4.472136,7.0,9.219544,10.77033,11.7047,12.083046,12.083046,10.77033,9.848858,7.615773,5.09902,3.162278,3.162278,5.09902,7.615773,10.77033,13.416408,15.652476,17.888544,17.888544,17.888544,16.552945,14.317821,11.661904,4.123106,8.062258,12.041595,15.033296,18.11077,19.104973,20.099751,19.104973,18.248288,16.124515,14.142136,11.045361,9.0,6.0,4.123106,1.414214,2.828427,5.0,7.615773,9.848858,11.7047,13.928388,15.231546,15.231546,14.764823,12.529964
20260626_181812,2026-06-26T18:18:17.065039+09:00,skeleton,RX3,26.172505,25.495098,22.803509,18.601075,15.0,12.041595,9.219544,7.615773,7.071068,8.0,9.055385,10.198039,12.165525,13.152946,14.035669,14.035669,14.035669,15.033296,14.035669,13.038405,12.165525,11.401754,10.77033,10.29563,9.433981,8.602325,10.198039,7.615773,5.656854,6.082763,9.219544,11.7047,15.231546,17.088007,18.681542,19.416488,19.235384,18.027756,17.0,15.033296,14.142136,11.18034,10.049876,9.055385,8.544004,9.219544,11.401754,15.0,18.027756,22.203603,25.0,26.248809
20260626_181812,2026-06-26T18:18:17.094880+09:00,skeleton,RX1,26.172505,26.172505,24.041631,21.213203,17.029386,12.806248,8.485281,5.0,1.0,3.0,7.28011,9.055385,11.045361,14.035669,16.0,17.029386,17.117243,17.464249,16.155494,13.892444,10.630146,7.81025,5.09902,3.605551,4.0,6.324555,6.082763,5.0,7.28011,11.18034,15.033296,19.026298,22.022716,23.021729,24.083189,23.194827,22.36068,20.223748,17.262677,15.132746,12.0,10.049876,8.246211,6.403124,6.708204,8.062258,10.77033,13.038405,15.620499,19.209373,21.931712,24.758837
20260626_181812,2026-06-26T18:18:17.125561+09:00,skeleton,RX2,8.246211,5.0,6.324555,9.899495,13.601471,16.124515,17.0,17.888544,17.888544,17.0,15.652476,13.038405,11.401754,9.219544,6.324555,6.082763,8.485281,12.206556,15.652476,18.384776,21.18962,23.086793,23.086793,21.84033,20.615528,17.262677,5.0,11.401754,15.811388,20.248457,23.853721,26.07681,26.925824,25.942244,24.186773,21.470911,19.235384,15.652476,11.661904,8.062258,5.0,1.414214,2.0,5.385165,8.544004,12.083046,15.231546,18.384776,19.313208,19.924859,18.681542,16.278821
20260626_181812,2026-06-26T18:18:17.155296+09:00,skeleton,RX3,8.602325,10.630146,13.601471,15.0,15.811388,16.401219,15.620499,14.866069,13.453624,12.806248,11.401754,10.0,8.485281,7.071068,6.403124,6.324555,7.071068,8.062258,9.219544,9.486833,10.77033,10.77033,9.848858,9.433981,8.602325,7.81025,15.033296,18.0,19.026298,20.024984,20.099751,18.248288,16.278821,13.341664,10.198039,7.071068,5.385165,5.0,6.708204,7.28011,9.219544,11.401754,13.601471,15.231546,16.552945,17.0,18.027756,17.204651,16.401219,14.422205,12.529964,9.219544
20260626_181812,2026-06-26T18:18:17.184914+09:00,skeleton,RX1,6.082763,6.708204,9.899495,13.601471,15.811388,17.804494,18.601075,18.439089,18.384776,16.970563,16.401219,14.422205,11.661904,8.944272,6.324555,3.162278,1.0,4.0,8.062258,10.198039,12.649111,14.317821,14.422205,13.453624,12.806248,10.816654,21.095023,23.194827,23.345235,22.561028,21.587033,19.646883,16.278821,13.152946,10.049876,7.615773,7.071068,8.544004,10.198039,11.045361,13.0,14.0,15.033296,16.124515,17.262677,17.464249,17.464249,17.720045,17.088007,15.811388,13.928388,10.29563
20260626_181812,2026-06-26T18:18:17.216751+09:00,skeleton,RX2,8.0,4.242641,5.09902,9.219544,12.041595,15.0,17.204651,17.204651,16.643317,16.401219,15.0,13.453624,10.630146,8.602325,6.082763,5.385165,7.211103,10.77033,14.317821,17.029386,19.026298,21.023796,22.090722,22.203603,20.223748,18.248288,5.0,9.219544,15.620499,20.615528,25.0,26.627054,28.301943,26.41969,25.059928,22.36068,17.888544,14.764823,10.29563,6.708204,3.162278,1.0,3.605551,7.211103,10.816654,14.422205,16.643317,19.723083,21.095023,21.470911,19.235384,17.088007
20260626_181812,2026-06-26T18:18:17.245145+09:00,skeleton,RX3,25.495098,25.059928,21.095023,17.492856,14.422205,11.18034,8.246211,7.0,7.28011,8.062258,8.602325,10.0,11.661904,12.206556,13.892444,13.416408,14.317821,13.416408,12.529964,12.206556,11.401754,9.899495,10.0,9.433981,9.848858,9.486833,8.544004,5.830952,4.472136,5.09902,8.062258,10.816654,13.601471,15.811388,17.492856,17.888544,18.384776,17.720045,16.492423,14.142136,13.038405,11.045361,9.055385,7.615773,7.211103,8.602325,10.77033,14.56022,18.439089,21.587033,25.0,26.248809
20260626_181812,2026-06-26T18:18:17.275105+09:00,skeleton,RX1,25.495098,24.758837,22.627417,19.79899,16.278821,12.727922,9.219544,5.385165,4.123106,5.830952,7.615773,10.77033,13.0,14.764823,17.0,17.204651,17.691806,17.691806,16.401219,13.892444,10.77033,8.246211,5.09902,2.236068,1.0,3.162278,6.708204,7.071068,11.18034,15.264338,20.248457,22.472205,26.41969,26.832816,27.730849,26.925824,24.351591,22.135944,18.973666,15.811388,13.0,11.661904,9.219544,8.062258,8.246211,10.198039,11.7047,14.422205,17.029386,19.79899,22.671568,24.839485
20260626_181812,2026-06-26T18:18:17.305439+09:00,skeleton,RX2,8.246211,6.403124,7.071068,10.29563,13.453624,15.556349,17.691806,17.691806,17.691806,15.556349,14.866069,12.041595,9.219544,7.211103,3.162278,2.236068,5.385165,9.848858,13.892444,16.643317,19.416488,21.400935,22.803509,21.400935,19.849433,16.278821,6.324555,11.045361,16.0,21.0,24.020824,27.018512,28.017851,27.018512,25.019992,23.0,20.024984,16.03122,12.041595,9.055385,5.0,1.0,2.236068,5.830952,8.944272,12.083046,15.231546,17.464249,20.248457,20.248457,19.924859,16.492423
20260626_181812,2026-06-26T18:18:17.335058+09:00,skeleton,RX3,10.816654,12.727922,14.866069,16.401219,17.029386,18.384776,17.691806,16.401219,15.0,13.038405,11.661904,10.29563,9.433981,7.81025,6.403124,6.708204,7.071068,8.0,9.055385,10.198039,11.401754,11.401754,11.401754,10.440307,8.544004,7.615773,16.0,18.027756,20.099751,20.223748,19.416488,18.439089,15.297059,13.341664,10.049876,7.0,5.830952,6.403124,7.615773,9.486833,11.7047,13.601471,15.231546,16.552945,18.35756,18.867962,18.601075,17.804494,16.401219,14.422205,11.661904,9.219544
20260626_181812,2026-06-26T18:18:17.367205+09:00,skeleton,RX1,21.18962,21.18962,19.313208,17.464249,15.231546,11.7047,9.219544,7.0,5.385165,5.656854,6.708204,8.944272,10.77033,12.083046,12.529964,13.601471,15.0,14.142136,13.601471,11.18034,9.848858,7.615773,5.385165,3.162278,1.414214,1.0,4.472136,5.830952,9.219544,13.038405,16.03122,19.235384,21.377558,21.84033,21.540659,21.540659,19.235384,17.0,14.764823,12.529964,10.77033,8.246211,7.0,7.28011,8.602325,9.899495,11.661904,13.416408,15.231546,18.027756,19.924859,21.18962
20260626_181812,2026-06-26T18:18:17.395867+09:00,skeleton,RX2,5.0,5.0,7.071068,9.055385,11.401754,13.0,14.317821,13.416408,13.0,12.083046,10.77033,8.544004,7.071068,5.0,2.828427,4.0,6.324555,9.433981,11.401754,13.601471,15.620499,16.278821,16.278821,14.866069,13.453624,10.630146,5.0,9.219544,12.806248,15.811388,18.601075,20.0,20.615528,20.0,19.209373,17.029386,14.21267,12.206556,8.602325,6.403124,3.605551,1.414214,1.414214,3.605551,6.403124,8.602325,10.816654,12.206556,13.601471,13.453624,12.727922,10.630146
20260626_181812,2026-06-26T18:18:17.425831+09:00,skeleton,RX3,26.019224,23.086793,21.213203,17.262677,13.152946,9.055385,6.082763,5.0,4.472136,6.324555,8.062258,10.049876,11.18034,13.341664,14.56022,14.866069,14.866069,14.866069,13.928388,12.649111,11.401754,10.198039,8.0,7.28011,7.615773,7.81025,9.848858,7.211103,5.385165,6.082763,9.433981,12.806248,15.620499,17.204651,18.601075,18.867962,19.235384,17.464249,15.811388,14.56022,12.369317,11.18034,8.246211,6.708204,5.656854,6.082763,10.049876,13.152946,17.117243,21.213203,24.083189,26.019224
20260626_181812,2026-06-26T18:18:17.454969+09:00,skeleton,RX1,9.433981,10.630146,11.18034,13.0,15.231546,16.155494,16.155494,16.155494,15.231546,14.764823,13.038405,11.401754,9.899495,7.81025,5.656854,2.828427,2.236068,4.472136,6.324555,8.944272,10.29563,11.401754,11.313708,10.816654,10.29563,8.246211,21.587033,23.086793,23.769729,22.36068,20.59126,18.35756,14.764823,10.77033,8.062258,7.28011,8.602325,10.630146,12.206556,13.601471,14.422205,15.264338,16.643317,16.643317,17.204651,16.643317,17.492856,16.124515,15.652476,13.928388,12.369317,10.049876
20260626_181812,2026-06-26T18:18:17.485184+09:00,skeleton,RX2,20.024984,19.235384,17.464249,14.56022,10.440307,7.28011,3.162278,3.0,6.708204,10.29563,12.529964,15.652476,17.0,18.788294,21.023796,20.615528,21.023796,20.615528,18.788294,16.124515,14.21267,12.206556,12.649111,13.0,15.297059,16.492423,25.495098,26.0,24.351591,22.803509,19.646883,15.811388,11.18034,8.485281,8.246211,9.219544,11.7047,13.928388,15.231546,16.552945,17.088007,17.088007,16.763055,15.524175,14.317821,12.041595,9.055385,5.830952,4.123106,7.071068,10.77033,15.297059
20260626_181812,2026-06-26T18:18:17.515004+09:00,skeleton,RX3,8.062258,10.29563,13.601471,17.029386,17.029386,18.439089,18.601075,18.027756,16.643317,16.124515,14.764823,12.529964,11.18034,8.944272,8.062258,6.403124,5.830952,6.0,7.28011,8.062258,9.433981,10.0,11.313708,10.630146,10.630146,10.0,16.124515,17.888544,20.615528,20.615528,20.248457,17.720045,15.524175,12.369317,9.219544,5.385165,3.605551,3.162278,5.656854,8.485281,9.899495,12.041595,13.601471,16.643317,16.643317,17.888544,18.384776,18.027756,18.027756,15.231546,12.083046,9.219544
20260626_181812,2026-06-26T18:18:17.547319+09:00,skeleton,RX1,10.29563,10.630146,11.661904,13.416408,14.866069,15.811388,16.763055,17.088007,16.552945,15.652476,15.264338,13.038405,11.401754,9.219544,7.071068,4.242641,1.0,3.162278,6.082763,9.219544,11.7047,13.416408,15.0,14.142136,14.422205,12.083046,19.697716,20.59126,21.095023,20.0,18.601075,15.620499,13.601471,9.848858,8.062258,7.28011,8.602325,10.630146,12.041595,13.601471,15.0,16.401219,16.401219,17.204651,17.204651,18.027756,17.492856,17.0,15.652476,14.866069,13.341664,11.045361
20260626_181812,2026-06-26T18:18:17.577360+09:00,skeleton,RX2,17.262677,18.027756,17.0,14.035669,10.049876,6.082763,2.0,2.236068,5.656854,9.899495,11.313708,13.453624,15.620499,17.204651,17.204651,16.643317,16.643317,14.422205,12.041595,10.29563,10.049876,11.18034,14.317821,17.492856,19.723083,20.59126,28.178006,28.301943,27.202941,25.612497,22.022716,17.804494,13.038405,10.440307,9.219544,10.0,12.041595,14.21267,15.0,16.401219,17.204651,17.804494,17.029386,17.029386,15.556349,13.453624,10.816654,6.708204,3.0,3.605551,7.81025,12.083046
20260626_181812,2026-06-26T18:18:17.605286+09:00,skeleton,RX3,26.019224,24.020824,23.0,20.0,17.0,15.0,12.041595,10.049876,9.219544,8.544004,7.615773,8.062258,7.81025,7.81025,8.485281,9.219544,10.0,10.816654,12.529964,13.416408,14.764823,15.652476,16.124515,16.643317,16.401219,15.620499,10.29563,7.615773,6.082763,4.472136,6.708204,9.486833,12.369317,14.56022,16.155494,17.464249,17.492856,17.204651,15.620499,15.556349,13.453624,12.806248,12.041595,9.899495,9.433981,9.486833,11.045361,13.038405,16.03122,19.235384,22.203603,24.186773
20260626_181812,2026-06-26T18:18:17.635565+09:00,skeleton,RX1,21.954498,21.954498,19.723083,17.492856,14.422205,12.806248,9.899495,8.062258,7.071068,8.246211,8.544004,11.18034,12.529964,14.764823,17.0,17.464249,18.973666,18.439089,18.11077,16.0,13.152946,10.198039,7.28011,4.0,2.236068,4.0,3.162278,5.385165,9.219544,12.806248,16.401219,19.416488,21.095023,22.36068,21.931712,21.18962,18.973666,16.763055,14.56022,11.401754,9.848858,7.81025,7.211103,7.071068,9.0,11.401754,13.928388,16.552945,17.888544,20.124612,22.36068,22.825424
20260626_181812,2026-06-26T18:18:17.665459+09:00,skeleton,RX2,18.35756,17.492856,15.811388,12.206556,8.944272,7.0,7.211103,9.219544,12.206556,14.422205,16.643317,18.601075,20.0,20.615528,19.849433,19.104973,17.029386,15.811388,13.416408,13.152946,14.142136,16.155494,17.888544,21.470911,23.706539,24.698178,27.513633,29.068884,28.301943,27.802878,22.671568,19.104973,14.21267,10.29563,9.0,9.486833,10.816654,12.806248,14.21267,15.0,15.811388,15.264338,15.264338,13.416408,13.0,9.486833,7.28011,3.162278,2.0,7.0,11.18034,15.811388
20260626_181812,2026-06-26T18:18:17.695087+09:00,skeleton,RX3,26.925824,25.632011,23.086793,18.681542,15.524175,10.77033,7.615773,4.242641,3.162278,4.472136,7.071068,8.485281,10.630146,12.727922,14.142136,14.866069,16.278821,17.029386,17.029386,16.278821,14.866069,14.142136,12.041595,10.0,8.062258,5.385165,10.049876,7.0,4.242641,5.09902,8.944272,12.206556,15.811388,18.027756,20.248457,20.59126,20.124612,19.313208,18.027756,16.492423,14.317821,12.165525,9.219544,7.28011,5.0,5.09902,7.28011,12.083046,15.652476,20.124612,23.259407,25.079872
20260626_181812,2026-06-26T18:18:17.731783+09:00,skeleton,RX1,18.0,16.03122,15.132746,13.152946,11.401754,9.848858,8.602325,7.81025,6.708204,7.071068,8.0,10.0,11.045361,12.041595,14.035669,15.0,15.033296,14.317821,14.317821,11.7047,9.848858,6.708204,4.123106,3.162278,3.605551,4.472136,4.123106,4.123106,8.062258,13.152946,17.117243,20.024984,23.021729,23.194827,23.345235,21.84033,20.248457,17.464249,13.928388,10.77033,8.246211,7.0,5.385165,6.403124,8.544004,11.18034,13.152946,16.124515,18.11077,19.104973,20.099751,20.099751
20260626_181812,2026-06-26T18:18:17.755287+09:00,skeleton,RX2,10.0,10.0,8.602325,7.615773,7.28011,8.0,9.055385,10.440307,11.401754,12.649111,13.341664,14.317821,14.142136,14.035669,14.035669,13.038405,12.041595,11.18034,10.77033,12.206556,13.453624,14.866069,16.970563,19.104973,19.209373,19.416488,19.849433,21.633308,21.470911,21.18962,19.646883,17.464249,15.297059,12.369317,10.440307,8.944272,9.219544,8.485281,9.219544,9.219544,10.0,10.0,10.0,9.219544,8.485281,7.81025,6.403124,4.472136,3.0,4.242641,6.403124,8.602325
20260626_181812,2026-06-26T18:18:17.785390+09:00,skeleton,RX3,9.219544,10.816654,12.529964,14.764823,14.764823,14.764823,15.264338,13.601471,12.806248,12.041595,11.313708,9.899495,9.219544,7.81025,7.81025,8.062258,7.615773,8.246211,8.062258,9.0,9.055385,9.219544,8.246211,8.544004,8.062258,7.071068,17.804494,20.0,21.633308,22.472205,21.470911,20.124612,17.464249,15.231546,12.083046,9.433981,6.403124,6.324555,7.0,8.246211,10.198039,12.165525,13.152946,15.033296,16.0,17.029386,17.117243,17.262677,15.524175,14.142136,13.038405,11.0
20260626_181812,2026-06-26T18:18:17.817391+09:00,skeleton,RX1,12.369317,13.0,14.764823,15.264338,15.264338,15.811388,15.0,15.0,14.422205,13.601471,12.206556,10.816654,9.433981,7.81025,6.403124,4.472136,5.0,7.28011,8.944272,11.18034,13.928388,14.56022,14.142136,14.0,13.152946,11.401754,22.825424,24.413111,24.839485,24.041631,21.260292,18.601075,15.0,10.630146,8.062258,7.0,8.544004,10.816654,12.206556,13.601471,15.0,16.643317,17.492856,17.492856,17.492856,16.124515,15.811388,15.0,13.453624,11.401754,11.18034,11.18034
20260626_181812,2026-06-26T18:18:17.845548+09:00,skeleton,RX2,5.830952,10.0,12.206556,15.0,16.124515,16.124515,14.764823,13.038405,10.816654,8.602325,6.403124,6.082763,7.28011,10.29563,14.21267,17.029386,20.615528,23.600847,25.238859,25.553865,25.059928,23.706539,21.023796,17.464249,12.529964,9.219544,5.830952,7.211103,9.486833,13.152946,17.262677,18.248288,19.646883,19.924859,18.973666,17.464249,15.231546,13.416408,9.848858,7.615773,5.09902,4.123106,3.605551,5.09902,7.071068,9.0,10.0,11.0,11.0,9.0,7.071068,3.605551
20260626_181812,2026-06-26T18:18:17.875258+09:00,skeleton,RX3,26.248809,24.698178,22.847319,19.697716,15.231546,12.083046,8.544004,6.082763,4.123106,4.242641,5.830952,7.615773,9.486833,10.77033,13.0,14.317821,14.317821,15.231546,15.652476,15.231546,13.928388,12.649111,11.401754,10.049876,9.0,7.071068,11.045361,8.0,4.472136,5.09902,8.246211,11.7047,14.866069,17.720045,19.646883,20.396078,20.223748,19.026298,18.0,16.03122,14.142136,12.369317,10.198039,8.062258,6.082763,6.403124,7.615773,11.401754,15.297059,19.235384,22.36068,25.70992
20260626_181812,2026-06-26T18:18:17.904951+09:00,skeleton,RX1,19.235384,17.0,15.264338,12.806248,12.041595,10.0,8.944272,8.544004,8.062258,9.055385,9.219544,10.440307,11.7047,13.0,13.928388,14.56022,15.297059,15.132746,14.035669,12.0,10.049876,8.062258,5.0,3.605551,3.605551,5.09902,4.123106,5.0,8.602325,12.206556,16.401219,19.849433,21.931712,22.022716,23.021729,21.954498,19.235384,16.552945,14.317821,12.083046,8.944272,7.071068,6.324555,7.0,9.219544,11.7047,14.317821,16.552945,19.235384,20.124612,21.023796,21.023796
20260626_181812,2026-06-26T18:18:17.937184+09:00,skeleton,RX2,9.486833,12.649111,13.601471,15.297059,15.297059,14.142136,13.152946,11.18034,9.219544,6.708204,5.656854,6.324555,8.062258,11.0,14.035669,17.029386,20.024984,22.022716,22.203603,22.561028,20.615528,18.681542,15.524175,12.369317,9.055385,7.28011,6.403124,7.28011,10.049876,12.041595,13.152946,14.142136,14.317821,13.601471,12.649111,10.77033,9.486833,7.28011,5.09902,4.0,3.162278,2.828427,3.162278,4.123106,5.09902,6.0,6.0,6.0,6.082763,4.123106,4.242641,4.123106
20260626_181812,2026-06-26T18:18:17.964742+09:00,skeleton,RX3,24.083189,24.020824,22.0,19.026298,16.03122,14.035669,11.0,9.055385,7.28011,5.830952,6.403124,7.211103,8.062258,8.944272,10.29563,11.18034,12.529964,13.416408,14.317821,15.231546,15.231546,16.155494,16.155494,15.231546,14.317821,13.416408,11.313708,9.219544,5.830952,4.0,5.656854,8.062258,11.18034,14.317821,16.124515,17.492856,17.204651,17.029386,16.278821,15.0,13.601471,12.529964,10.29563,9.433981,7.81025,7.211103,8.062258,11.045361,14.142136,17.464249,21.377558,22.36068
20260626_181812,2026-06-26T18:18:17.994760+09:00,skeleton,RX1,14.764823,15.0,13.453624,12.727922,12.206556,11.661904,11.18034,10.77033,9.486833,9.055385,10.0,10.049876,10.049876,11.18034,12.165525,13.038405,13.038405,13.0,12.041595,11.045361,10.049876,8.0,7.071068,6.324555,5.830952,6.403124,6.0,6.403124,10.816654,13.892444,18.027756,21.400935,24.041631,24.083189,23.600847,22.472205,20.124612,17.088007,13.928388,10.77033,8.062258,6.403124,6.324555,8.062258,10.440307,12.649111,14.866069,17.088007,18.973666,18.973666,18.973666,18.027756
20260626_181812,2026-06-26T18:18:18.025618+09:00,skeleton,RX2,7.0,10.0,12.0,14.035669,14.142136,13.152946,12.165525,10.198039,9.055385,6.0,4.472136,4.472136,6.082763,9.0,12.041595,15.132746,18.11077,20.024984,21.023796,22.090722,21.213203,19.235384,16.278821,12.165525,9.055385,6.082763,8.246211,9.0,11.18034,13.601471,15.811388,16.763055,17.720045,17.464249,16.278821,15.297059,12.165525,10.049876,7.071068,5.385165,4.472136,3.605551,3.0,4.472136,5.0,6.403124,7.071068,7.211103,6.403124,5.0,2.828427,1.414214
20260626_181812,2026-06-26T18:18:18.056076+09:00,skeleton,RX3,25.0,23.430749,20.518285,17.691806,14.142136,10.630146,8.602325,6.324555,6.0,7.28011,8.544004,8.944272,10.77033,12.083046,13.0,13.0,13.928388,13.928388,15.231546,14.317821,13.416408,13.038405,12.806248,12.041595,11.313708,11.313708,10.0,7.28011,5.0,6.082763,9.486833,11.7047,16.155494,18.027756,18.681542,19.416488,19.104973,18.027756,16.0,14.142136,12.165525,11.18034,9.055385,7.071068,6.324555,7.071068,10.29563,13.0,17.464249,20.124612,23.323808,24.698178
20260626_181812,2026-06-26T18:18:18.085403+09:00,skeleton,RX1,15.231546,13.892444,13.601471,14.142136,14.142136,13.453624,12.806248,11.401754,10.29563,8.944272,8.544004,8.246211,8.062258,9.0,10.049876,10.049876,11.045361,12.041595,12.041595,11.0,10.0,9.055385,8.0,7.0,7.071068,6.082763,8.062258,8.602325,12.806248,17.204651,21.633308,25.612497,27.586228,28.319605,28.600699,26.925824,23.259407,20.615528,17.088007,13.928388,10.29563,7.81025,7.615773,9.0,12.041595,15.132746,17.117243,19.235384,20.223748,20.099751,19.104973,17.262677
20260626_181812,2026-06-26T18:18:18.115064+09:00,skeleton,RX2,14.035669,12.0,9.219544,8.062258,8.602325,10.77033,14.317821,16.492423,18.681542,19.924859,20.615528,21.470911,21.095023,20.248457,20.0,16.401219,14.422205,11.18034,10.0,12.649111,16.124515,20.248457,24.186773,25.942244,26.925824,25.96151,20.518285,19.104973,19.209373,16.401219,14.866069,12.727922,12.206556,12.083046,11.401754,12.369317,12.369317,12.369317,11.401754,10.440307,9.219544,8.062258,6.082763,5.09902,3.605551,4.472136,6.082763,9.0,12.0,14.0,16.0,16.03122
20260626_181812,2026-06-26T18:18:18.145352+09:00,skeleton,RX3,8.485281,10.816654,12.083046,13.928388,14.866069,15.231546,15.652476,14.764823,13.892444,12.206556,11.661904,9.433981,9.433981,8.544004,7.28011,7.071068,8.062258,8.246211,8.544004,8.944272,8.944272,9.433981,8.602325,7.81025,5.656854,4.472136,18.11077,20.024984,22.0,22.022716,21.095023,19.104973,17.117243,13.038405,10.0,7.071068,5.0,5.385165,7.071068,9.0,11.0,13.038405,15.033296,16.278821,17.464249,18.681542,18.973666,18.384776,16.552945,15.231546,12.649111,10.049876
20260626_181812,2026-06-26T18:18:18.175170+09:00,skeleton,RX1,16.970563,16.278821,15.0,14.422205,13.892444,13.0,12.369317,13.341664,12.165525,12.165525,12.369317,12.165525,11.401754,10.198039,9.219544,8.246211,8.062258,7.0,6.082763,6.324555,7.615773,8.602325,8.062258,8.944272,8.246211,7.071068,29.206164,31.112698,31.240999,29.681644,27.294688,23.259407,18.788294,13.892444,10.630146,10.440307,13.038405,15.033296,17.029386,19.026298,20.0,21.023796,20.099751,20.223748,19.235384,18.11077,17.029386,15.033296,15.297059,14.317821,15.264338,15.620499
20260626_181812,2026-06-26T18:18:18.205097+09:00,skeleton,RX2,13.038405,10.816654,7.071068,4.123106,5.830952,9.219544,13.601471,16.401219,19.209373,20.518285,21.931712,22.022716,22.203603,20.808652,18.867962,16.643317,12.806248,10.29563,10.0,14.866069,18.788294,23.706539,26.832816,29.154759,30.675723,29.832868,20.615528,19.924859,18.681542,16.492423,13.601471,11.18034,8.485281,9.848858,11.401754,12.165525,13.152946,13.152946,12.165525,12.369317,10.198039,9.219544,7.28011,5.385165,3.0,3.605551,7.071068,9.899495,13.453624,14.866069,15.0
20260626_181812,2026-06-26T18:18:18.235054+09:00,skeleton,RX3,24.33105,24.515301,21.587033,18.681542,16.492423,13.341664,11.18034,9.0,8.062258,7.615773,8.062258,8.602325,9.433981,10.0,10.630146,11.401754,12.041595,12.041595,12.041595,12.806248,13.038405,12.529964,12.529964,12.083046,12.083046,11.18034,11.401754,7.81025,5.385165,5.385165,9.219544,12.206556,15.811388,18.027756,19.849433,20.518285,20.518285,20.0,18.35756,17.0,15.231546,12.649111,10.77033,8.944272,7.81025,8.062258,9.219544,12.041595,16.0,19.0,22.022716,24.020824
20260626_181812,2026-06-26T18:18:18.265483+09:00,skeleton,RX1,18.384776,18.384776,17.464249,17.088007,15.231546,13.0,10.440307,8.246211,7.0,5.385165,5.830952,7.071068,8.602325,9.433981,12.206556,12.806248,13.453624,14.21267,13.601471,12.529964,10.77033,8.544004,6.324555,4.123106,2.236068,2.236068,7.211103,6.708204,10.049876,13.0,17.0,20.0,23.086793,23.345235,23.537205,22.135944,20.615528,18.788294,15.231546,13.0,10.440307,9.055385,8.062258,8.544004,9.433981,10.630146,12.727922,14.21267,15.811388,16.643317,17.492856,17.888544
20260626_181812,2026-06-26T18:18:18.295111+09:00,skeleton,RX2,10.049876,12.041595,13.038405,15.0,15.0,14.0,13.038405,11.0,9.055385,7.28011,5.830952,5.385165,6.082763,9.055385,12.369317,15.524175,18.439089,20.223748,21.213203,22.090722,21.023796,19.0,17.0,13.038405,10.198039,6.708204,5.09902,7.28011,9.486833,11.7047,12.649111,13.341664,13.152946,12.041595,11.0,9.0,7.0,5.0,3.0,1.414214,1.0,2.828427,3.605551,5.0,5.0,5.656854,5.830952,5.0,4.472136,3.0,2.828427,4.123106
20260626_181812,2026-06-26T18:18:18.324926+09:00,skeleton,RX3,8.062258,8.062258,10.049876,11.401754,11.401754,12.649111,12.649111,12.369317,12.369317,12.165525,11.18034,10.198039,9.219544,9.055385,8.246211,7.28011,7.28011,6.708204,5.830952,5.656854,4.472136,4.123106,4.0,4.472136,5.656854,5.656854,18.439089,20.518285,23.345235,23.430749,22.803509,20.808652,18.027756,15.264338,12.206556,8.602325,5.830952,5.0,5.385165,7.211103,9.219544,11.401754,13.038405,15.264338,16.124515,16.552945,17.088007,17.720045,16.763055,15.811388,13.928388,11.18034
20260626_181812,2026-06-26T18:18:18.355001+09:00,skeleton,RX1,12.083046,12.165525,13.0,14.142136,15.297059,16.492423,17.720045,17.464249,16.492423,16.278821,15.132746,14.035669,13.0,11.0,9.0,6.0,5.385165,5.0,6.324555,9.219544,11.401754,13.601471,14.317821,14.422205,13.453624,11.401754,21.633308,23.430749,24.041631,23.430749,22.203603,18.35756,15.264338,11.401754,8.602325,7.071068,9.219544,11.401754,13.0,14.866069,15.811388,16.763055,16.763055,17.720045,17.720045,17.720045,17.088007,16.552945,15.652476,15.264338,14.21267,13.453624
20260626_181812,2026-06-26T18:18:18.385484+09:00,skeleton,RX2,13.038405,12.041595,9.055385,6.708204,5.830952,8.0,11.18034,14.317821,17.464249,20.396078,22.203603,22.022716,23.0,22.090722,21.213203,18.248288,16.124515,13.038405,11.661904,14.21267,17.888544,21.931712,27.313001,29.068884,30.528675,30.0,22.090722,21.377558,19.416488,15.524175,13.152946,10.0,8.544004,10.0,11.401754,12.806248,13.601471,14.21267,13.453624,12.727922,11.313708,9.219544,7.81025,6.403124,3.605551,1.414214,2.0,4.472136,7.615773,10.440307,13.341664,14.142136
20260626_181812,2026-06-26T18:18:18.420199+09:00,skeleton,RX3,9.486833,10.0,11.401754,12.083046,13.416408,13.892444,14.764823,14.317821,13.0,13.0,12.083046,11.7047,10.77033,10.77033,9.848858,9.848858,9.848858,8.062258,8.062258,7.071068,6.403124,5.0,4.472136,3.0,3.605551,3.605551,18.35756,21.095023,23.853721,23.600847,24.207437,22.022716,19.849433,15.620499,12.041595,9.433981,6.082763,5.385165,6.403124,9.219544,10.816654,12.806248,14.21267,16.278821,17.691806,19.209373,20.0,20.248457,18.867962,16.643317,15.0,12.041595
20260626_181812,2026-06-26T18:18:18.445766+09:00,skeleton,RX1,25.632011,23.769729,22.472205,19.924859,16.763055,13.928388,9.848858,6.708204,5.0,4.123106,5.830952,9.219544,11.401754,13.601471,15.811388,16.124515,17.888544,18.027756,17.262677,15.033296,12.041595,9.219544,6.324555,2.236068,1.0,2.828427,5.830952,6.324555,9.055385,13.341664,17.720045,20.615528,23.537205,25.179357,25.079872,24.020824,22.0,20.024984,17.0,15.0,12.041595,10.440307,8.944272,8.485281,8.944272,10.198039,13.0,15.132746,17.262677,19.646883,22.135944,23.086793
20260626_181812,2026-06-26T18:18:18.475171+09:00,skeleton,RX2,15.620499,15.620499,12.806248,10.816654,9.486833,9.055385,9.848858,12.529964,15.264338,18.35756,20.124612,21.540659,22.803509,22.561028,22.203603,20.0,17.0,14.035669,10.440307,11.313708,14.317821,18.027756,22.472205,26.0,28.653098,29.206164,23.086793,22.561028,21.213203,19.235384,16.278821,13.928388,13.892444,12.806248,14.142136,14.866069,14.142136,14.142136,13.453624,12.041595,10.630146,9.899495,7.81025,7.211103,6.324555,7.0,7.071068,8.062258,9.219544,11.313708,13.453624,14.866069
20260626_181812,2026-06-26T18:18:18.504986+09:00,skeleton,RX3,25.942244,24.186773,22.472205,19.416488,15.264338,12.206556,8.944272,6.708204,5.0,4.472136,5.0,5.830952,6.708204,8.944272,10.29563,11.18034,12.529964,13.416408,13.892444,14.764823,14.764823,13.892444,13.892444,11.661904,10.816654,8.602325,10.630146,8.062258,5.09902,5.0,8.246211,12.041595,16.03122,19.104973,20.223748,21.213203,20.396078,19.646883,18.027756,16.155494,14.317821,12.529964,9.848858,7.28011,6.0,5.830952,7.81025,11.18034,15.231546,19.313208,22.472205,25.079872
20260626_181812,2026-06-26T18:18:18.535800+09:00,skeleton,RX1,23.259407,22.472205,19.313208,17.464249,13.416408,10.29563,7.81025,5.385165,6.082763,6.403124,8.485281,11.313708,12.727922,14.142136,15.556349,16.278821,17.204651,16.643317,15.652476,13.928388,10.440307,8.062258,5.09902,1.0,2.236068,4.472136,4.123106,4.472136,7.071068,10.198039,14.56022,17.262677,20.223748,22.090722,22.022716,22.022716,20.024984,18.11077,15.132746,13.038405,10.0,8.062258,5.830952,5.830952,7.071068,10.049876,12.649111,15.811388,19.697716,21.540659,23.769729,24.166092
20260626_181812,2026-06-26T18:18:18.565532+09:00,skeleton,RX2,7.615773,9.848858,12.083046,13.0,13.928388,13.0,13.0,10.77033,9.848858,8.062258,6.403124,4.472136,5.0,7.615773,10.29563,12.529964,16.124515,18.788294,20.615528,22.135944,21.84033,21.587033,19.235384,17.117243,13.038405,10.049876,9.433981,11.661904,13.416408,14.764823,16.124515,16.643317,15.811388,14.422205,12.206556,9.433981,8.062258,6.324555,6.0,5.09902,5.385165,5.830952,5.656854,6.403124,6.403124,7.211103,5.830952,5.385165,5.09902,3.0,2.828427,4.0
20260626_181812,2026-06-26T18:18:18.595172+09:00,skeleton,RX3,6.082763,8.246211,11.18034,13.892444,15.264338,16.124515,16.124515,15.652476,15.231546,13.928388,12.649111,11.7047,9.486833,8.544004,6.708204,5.830952,4.242641,4.123106,4.123106,5.830952,7.071068,7.81025,8.602325,9.433981,8.944272,8.544004,20.024984,23.021729,24.0,24.020824,23.021729,21.095023,18.11077,14.035669,11.0,7.071068,4.242641,5.09902,6.324555,9.848858,12.083046,13.928388,15.811388,17.720045,19.416488,20.223748,20.099751,20.024984,18.0,16.03122,13.038405,10.198039
20260626_181812,2026-06-26T18:18:18.625065+09:00,skeleton,RX1,10.0,13.0,14.866069,17.088007,17.088007,16.763055,17.088007,16.155494,15.231546,13.928388,13.0,9.848858,8.544004,6.324555,4.0,3.605551,5.385165,7.071068,10.049876,12.041595,14.317821,15.524175,15.811388,15.231546,14.422205,12.041595,17.029386,17.804494,18.601075,17.492856,17.0,14.317821,11.18034,7.615773,4.242641,4.0,5.830952,7.81025,10.630146,12.041595,13.453624,14.142136,15.556349,15.556349,15.556349,15.556349,14.142136,12.806248,11.401754,8.944272,7.071068,6.324555
20260626_181812,2026-06-26T18:18:18.659449+09:00,skeleton,RX2,15.620499,12.806248,8.602325,4.472136,5.0,8.062258,12.083046,15.231546,18.788294,20.59126,22.472205,23.600847,23.430749,23.345235,21.213203,19.104973,16.278821,12.041595,7.615773,8.544004,12.041595,17.029386,21.260292,25.495098,26.870058,26.248809,17.492856,16.643317,15.264338,13.601471,12.041595,11.661904,12.649111,12.165525,14.035669,14.035669,14.035669,14.035669,12.041595,11.045361,10.049876,8.062258,5.09902,3.162278,1.0,3.605551,6.708204,10.29563,13.601471,17.029386,17.691806,19.104973
20260626_181812,2026-06-26T18:18:18.685614+09:00,skeleton,RX3,8.544004,10.049876,13.0,15.0,16.03122,16.0,16.03122,16.03122,14.142136,13.341664,11.18034,10.198039,9.055385,7.071068,7.0,6.324555,6.708204,7.071068,8.602325,9.433981,9.848858,9.486833,10.198039,9.055385,9.055385,8.0,19.313208,21.18962,23.086793,23.769729,23.537205,20.396078,18.248288,14.142136,11.18034,7.615773,5.656854,5.09902,7.071068,9.486833,11.7047,13.601471,14.56022,16.278821,18.11077,19.026298,19.0,19.026298,17.029386,15.0,13.0,9.219544
20260626_181812,2026-06-26T18:18:18.715148+09:00,skeleton,RX1,13.0,14.764823,15.264338,17.492856,17.492856,17.492856,16.643317,16.124515,14.764823,13.416408,11.18034,9.848858,8.062258,5.830952,4.242641,4.0,5.385165,7.211103,10.0,13.038405,14.764823,15.231546,15.524175,15.132746,14.0,11.18034,16.401219,17.029386,16.970563,16.278821,15.0,12.806248,9.899495,7.211103,6.082763,7.28011,8.062258,10.816654,12.206556,13.601471,15.0,15.811388,15.811388,16.643317,16.124515,15.264338,14.422205,13.601471,12.727922,10.816654,9.486833,10.049876
20260626_181812,2026-06-26T18:18:18.746758+09:00,skeleton,RX2,17.088007,14.866069,12.649111,9.486833,6.403124,5.09902,7.615773,10.816654,14.21267,17.204651,19.723083,22.36068,22.472205,24.041631,23.345235,22.090722,19.026298,16.0,11.045361,7.615773,7.28011,11.045361,16.492423,21.377558,25.179357,27.018512,17.464249,16.155494,14.764823,14.422205,14.142136,14.21267,15.264338,16.124515,16.124515,16.124515,15.264338,13.416408,12.529964,11.18034,8.544004,7.615773,6.082763,5.0,4.123106,4.242641,4.123106,5.09902,7.615773,11.661904,13.892444,15.652476
20260626_181812,2026-06-26T18:18:18.776136+09:00,skeleton,RX3,9.219544,9.486833,11.18034,13.0,14.035669,14.0,14.0,14.0,13.0,12.041595,12.0,11.045361,10.0,10.0,9.055385,9.219544,9.219544,9.486833,8.944272,8.944272,8.602325,8.602325,7.071068,6.403124,5.830952,5.09902,17.464249,20.615528,22.135944,22.803509,21.587033,20.396078,18.248288,15.132746,11.18034,7.071068,4.472136,4.123106,5.09902,6.708204,8.944272,12.083046,13.928388,14.56022,16.278821,18.11077,18.027756,18.027756,18.0,16.0,14.035669,11.401754
20260626_181812,2026-06-26T18:18:18.805410+09:00,skeleton,RX1,16.552945,17.464249,18.027756,18.027756,17.088007,17.088007,16.155494,14.317821,13.0,12.083046,9.848858,9.486833,8.246211,7.071068,6.0,6.324555,6.708204,8.602325,10.0,12.206556,12.529964,13.416408,13.601471,13.038405,12.041595,9.486833,19.235384,20.248457,20.615528,19.104973,17.691806,14.866069,12.041595,9.433981,8.246211,9.055385,11.401754,13.601471,14.866069,15.811388,16.492423,17.464249,17.262677,17.117243,17.117243,16.124515,15.297059,14.56022,13.0,12.206556,12.727922,13.601471
20260626_181812,2026-06-26T18:18:18.835246+09:00,skeleton,RX2,17.888544,16.155494,13.601471,10.440307,5.385165,2.0,5.385165,9.848858,14.317821,18.35756,20.248457,22.803509,24.083189,25.495098,24.839485,23.600847,21.095023,17.492856,12.806248,8.944272,8.246211,12.806248,17.691806,23.345235,27.018512,28.017851,16.278821,15.132746,14.0,13.152946,13.928388,13.892444,14.21267,16.278821,15.556349,16.970563,15.556349,14.142136,13.453624,12.041595,10.630146,9.433981,8.062258,6.708204,5.385165,3.0,1.414214,3.162278,6.403124,10.0,13.601471,17.204651
20260626_181812,2026-06-26T18:18:18.865601+09:00,skeleton,RX3,25.495098,24.33105,20.223748,17.117243,13.152946,10.198039,6.708204,5.656854,6.324555,7.071068,8.0,10.0,11.0,11.0,12.041595,12.041595,13.152946,12.041595,12.041595,11.0,10.049876,9.219544,9.486833,9.433981,8.602325,9.219544,9.486833,5.830952,4.472136,5.0,9.219544,12.806248,16.401219,18.439089,19.79899,20.518285,19.209373,18.601075,17.0,15.231546,12.649111,10.440307,7.615773,5.830952,4.472136,6.0,8.544004,13.0,17.464249,20.615528,24.351591,25.298221
20260626_181812,2026-06-26T18:18:18.895098+09:00,skeleton,RX1,13.928388,14.317821,16.124515,15.033296,17.029386,17.029386,16.124515,15.132746,14.142136,13.341664,12.165525,11.401754,10.198039,8.544004,7.28011,6.0,5.09902,5.830952,7.81025,8.485281,9.899495,11.401754,11.661904,10.77033,9.219544,8.0,21.0,22.090722,22.36068,22.803509,21.18962,18.384776,15.231546,12.649111,10.049876,9.219544,10.77033,12.206556,13.453624,14.21267,16.401219,17.204651,18.027756,18.35756,19.235384,18.35756,18.35756,18.35756,16.643317,15.620499,14.866069,13.601471
20260626_181812,2026-06-26T18:18:18.925103+09:00,skeleton,RX2,5.656854,8.485281,11.401754,12.806248,14.21267,14.422205,15.0,13.601471,11.401754,8.602325,6.403124,3.605551,3.605551,7.211103,11.661904,15.264338,18.35756,20.59126,21.470911,21.023796,21.023796,17.888544,14.317821,10.77033,5.830952,10.198039,13.152946,15.297059,17.262677,17.262677,17.262677,15.132746,13.152946,11.18034,8.246211,5.385165,2.828427,3.0,3.605551,4.472136,5.385165,6.082763,6.082763,8.0,8.062258,8.246211,7.28011,7.28011,5.385165,4.123106,2.0
20260626_181812,2026-06-26T18:18:18.955218+09:00,skeleton,RX3,24.596748,23.259407,19.697716,17.088007,13.0,9.848858,7.211103,6.403124,5.385165,6.082763,8.0,8.0,9.055385,10.0,11.0,12.041595,12.0,12.0,11.0,11.045361,10.198039,9.486833,10.29563,9.433981,10.0,9.219544,10.29563,7.28011,5.385165,6.403124,10.440307,13.341664,16.278821,18.439089,20.615528,21.18962,20.615528,19.235384,17.492856,15.811388,13.453624,11.313708,9.219544,7.211103,5.09902,6.324555,9.219544,12.806248,16.278821,19.849433,22.803509,25.238859
20260626_181812,2026-06-26T18:18:18.985200+09:00,skeleton,RX1,18.248288,18.11077,17.029386,15.0,15.0,13.0,12.0,10.049876,8.062258,7.28011,6.708204,6.403124,6.403124,7.211103,8.062258,9.433981,10.0,10.630146,9.899495,9.219544,8.602325,7.615773,5.385165,4.123106,2.236068,1.414214,8.246211,9.848858,12.806248,16.278821,19.209373,22.203603,23.853721,25.059928,24.166092,23.4094,21.587033,19.416488,16.278821,13.341664,11.7047,10.29563,9.219544,10.0,12.083046,13.928388,15.811388,17.720045,18.681542,19.646883,19.646883,19.416488
20260626_181812,2026-06-26T18:18:19.015184+09:00,skeleton,RX2,10.77033,13.0,14.866069,15.811388,16.763055,15.811388,14.866069,12.649111,10.77033,8.062258,5.0,4.123106,4.472136,6.403124,9.848858,12.649111,16.763055,18.973666,21.18962,22.472205,22.472205,20.248457,18.027756,14.866069,11.401754,7.0,8.544004,11.401754,13.341664,15.297059,16.124515,15.033296,14.0,12.041595,10.049876,8.062258,5.09902,3.162278,1.0,1.0,2.0,3.0,4.0,5.0,5.0,5.0,5.0,4.0,3.162278,1.414214,2.236068,5.0
20260626_181812,2026-06-26T18:18:19.045199+09:00,skeleton,RX3,10.29563,10.198039,12.0,14.035669,15.132746,15.132746,15.132746,15.033296,14.035669,13.0,13.0,12.0,11.0,10.049876,10.049876,10.198039,9.486833,9.848858,9.433981,8.602325,9.219544,9.219544,8.062258,7.615773,7.28011,7.071068,16.124515,18.867962,20.808652,22.022716,21.260292,20.518285,17.691806,14.866069,11.313708,8.485281,5.385165,5.09902,5.830952,7.81025,9.899495,12.041595,14.21267,15.0,16.643317,18.35756,18.384776,18.027756,18.027756,17.088007,14.866069,12.529964
20260626_181812,2026-06-26T18:18:19.077161+09:00,skeleton,RX1,13.341664,15.132746,16.03122,16.0,17.0,16.03122,16.03122,15.033296,14.035669,14.0,13.0,12.0,11.0,10.0,8.0,7.071068,6.324555,6.403124,7.211103,8.944272,11.18034,12.083046,13.038405,13.453624,12.727922,10.816654,18.11077,19.416488,20.880613,20.615528,19.235384,16.643317,13.038405,10.29563,8.062258,8.246211,8.944272,10.816654,12.806248,15.0,15.811388,16.643317,17.0,17.464249,17.464249,17.464249,16.552945,14.764823,14.422205,13.453624,13.453624,12.529964
20260626_181812,2026-06-26T18:18:19.105195+09:00,skeleton,RX2,14.142136,13.601471,10.29563,6.324555,2.0,2.236068,7.211103,11.18034,14.317821,16.763055,19.416488,20.396078,22.203603,21.095023,21.095023,18.027756,15.033296,10.198039,6.403124,8.062258,12.529964,19.209373,25.0,29.410882,31.906112,31.76476,22.0,22.022716,21.095023,19.235384,17.464249,14.866069,13.038405,12.041595,11.18034,11.401754,11.18034,11.0,12.165525,11.18034,11.401754,11.401754,11.401754,10.440307,9.219544,8.0,7.28011,6.403124,7.28011,10.049876,11.7047,13.038405
20260626_181812,2026-06-26T18:18:19.137759+09:00,skeleton,RX3,24.083189,23.345235,21.213203,19.849433,16.278821,13.453624,10.630146,9.219544,7.211103,7.28011,7.071068,7.071068,8.062258,8.246211,10.198039,10.440307,11.7047,11.7047,11.7047,12.083046,12.083046,13.416408,13.038405,12.206556,11.661904,10.816654,12.041595,10.0,6.082763,5.0,6.0,9.219544,12.649111,15.811388,17.720045,19.235384,19.104973,19.0,18.027756,16.278821,14.56022,13.601471,10.77033,9.486833,7.28011,6.082763,7.211103,9.219544,13.038405,16.643317,20.248457,22.203603
20260626_181812,2026-06-26T18:18:19.165829+09:00,skeleton,RX1,15.811388,16.492423,16.492423,16.278821,16.278821,16.278821,15.297059,14.142136,13.341664,12.165525,12.369317,11.401754,10.198039,9.219544,8.246211,7.28011,6.082763,6.0,5.385165,5.830952,7.211103,8.602325,9.433981,9.848858,9.219544,8.062258,19.924859,21.377558,22.090722,22.0,21.095023,18.11077,15.132746,12.0,10.198039,10.29563,11.401754,13.453624,14.866069,16.970563,17.691806,19.209373,18.601075,18.867962,19.723083,18.35756,17.492856,16.643317,15.0,14.866069,15.0,14.764823
20260626_181812,2026-06-26T18:18:19.195218+09:00,skeleton,RX2,7.211103,8.944272,10.77033,11.7047,12.649111,11.401754,11.401754,9.219544,7.071068,5.09902,3.0,1.0,4.242641,7.211103,10.816654,14.764823,19.235384,21.931712,24.166092,24.698178,23.769729,22.472205,19.313208,14.866069,9.848858,5.0,10.198039,13.152946,14.035669,16.03122,16.03122,16.0,15.033296,13.038405,10.198039,8.246211,6.324555,5.0,3.605551,3.162278,2.0,1.414214,2.236068,3.0,3.162278,3.162278,3.605551,3.605551,4.472136,4.123106,4.0,4.472136
20260626_181812,2026-06-26T18:18:19.225037+09:00,skeleton,RX3,8.062258,8.062258,9.219544,10.77033,12.529964,12.529964,13.892444,13.416408,12.083046,12.083046,12.083046,10.77033,10.77033,9.848858,8.944272,8.062258,7.81025,7.071068,6.403124,6.708204,6.082763,6.0,6.082763,5.385165,5.385165,5.0,15.0,18.439089,19.79899,20.518285,21.260292,19.209373,17.804494,15.0,11.401754,8.485281,5.830952,4.0,5.0,7.071068,9.219544,11.401754,13.453624,14.866069,17.029386,17.204651,18.867962,18.35756,17.888544,17.0,14.764823,12.206556
20260626_181812,2026-06-26T18:18:19.255168+09:00,skeleton,RX1,22.36068,21.377558,19.646883,18.681542,15.524175,13.341664,11.18034,9.0,8.062258,7.615773,8.062258,8.602325,10.630146,11.401754,12.806248,13.601471,13.892444,14.317821,13.601471,12.369317,10.049876,8.0,6.0,4.123106,2.828427,3.162278,10.198039,9.848858,10.816654,13.453624,15.556349,18.384776,20.518285,22.022716,22.203603,21.954498,21.023796,19.313208,17.088007,14.866069,13.0,11.661904,10.0,10.630146,10.816654,12.083046,13.601471,15.297059,18.248288,19.235384,21.213203,22.36068
20260626_181812,2026-06-26T18:18:19.285018+09:00,skeleton,RX2,8.062258,10.049876,12.041595,13.0,14.0,14.035669,13.038405,12.041595,10.049876,8.062258,5.0,2.236068,2.236068,5.0,8.944272,13.416408,17.464249,20.615528,23.4094,24.351591,24.351591,23.4094,19.924859,15.811388,11.7047,5.385165,10.440307,12.649111,14.56022,15.811388,15.811388,14.56022,12.649111,10.440307,8.246211,6.082763,3.0,1.414214,2.0,2.828427,3.605551,4.472136,4.472136,4.123106,4.123106,4.0,3.0,2.0,1.0,1.414214,2.0,3.0
20260626_181812,2026-06-26T18:18:19.314983+09:00,skeleton,RX3,26.248809,25.612497,22.203603,20.0,16.401219,13.601471,9.219544,6.403124,4.123106,5.09902,5.830952,6.403124,8.485281,9.899495,11.313708,12.727922,12.727922,14.142136,14.142136,13.453624,13.453624,12.041595,11.401754,10.29563,9.433981,7.615773,12.041595,8.062258,5.09902,3.0,6.403124,10.0,15.0,17.804494,19.849433,20.518285,20.518285,19.849433,18.601075,17.204651,14.764823,12.529964,10.29563,8.602325,5.656854,4.0,5.830952,10.630146,14.866069,19.104973,22.627417,24.758837
20260626_181812,2026-06-26T18:18:19.344855+09:00,skeleton,RX1,12.165525,12.649111,13.416408,14.317821,14.764823,14.764823,14.764823,14.317821,14.317821,13.0,12.649111,10.440307,9.486833,8.544004,7.615773,5.830952,6.403124,6.708204,8.544004,9.486833,11.7047,12.083046,12.529964,12.206556,11.313708,10.0,15.264338,16.552945,18.027756,17.464249,17.262677,15.132746,13.038405,11.045361,8.544004,7.211103,7.81025,9.433981,11.18034,12.083046,13.416408,13.892444,14.764823,15.264338,14.422205,14.422205,14.422205,13.892444,13.416408,13.0,12.369317,12.165525
20260626_181812,2026-06-26T18:18:19.375269+09:00,skeleton,RX2,9.899495,11.401754,13.601471,14.422205,15.264338,13.892444,13.0,10.77033,8.544004,6.324555,4.123106,1.414214,2.0,6.0,10.0,14.0,17.029386,21.023796,23.021729,24.020824,23.021729,22.022716,18.027756,15.033296,10.0,5.0,10.198039,12.165525,14.142136,14.142136,14.035669,13.038405,11.0,9.0,6.082763,4.472136,2.236068,2.236068,3.605551,5.0,5.656854,6.403124,6.403124,6.403124,6.403124,5.0,4.242641,2.828427,2.236068,3.0,3.605551,5.656854
20260626_181812,2026-06-26T18:18:19.405139+09:00,skeleton,RX3,27.658633,25.70992,22.803509,19.646883,15.524175,12.369317,9.055385,6.0,4.472136,4.472136,6.082763,7.071068,9.055385,10.0,12.041595,13.038405,13.038405,14.035669,13.038405,13.038405,12.0,11.0,10.0,9.055385,7.071068,6.082763,10.816654,7.81025,3.605551,2.828427,7.071068,11.0,14.0,17.029386,19.026298,20.099751,20.223748,19.416488,17.720045,16.155494,13.928388,12.083046,9.848858,7.28011,5.0,4.242641,7.28011,11.18034,16.124515,19.104973,23.194827,26.305893
20260626_181812,2026-06-26T18:18:19.435229+09:00,skeleton,RX1,14.21267,13.038405,12.083046,13.601471,13.152946,13.152946,14.142136,14.142136,15.132746,14.317821,13.601471,13.0,11.18034,9.433981,8.602325,5.830952,4.472136,4.0,4.472136,6.403124,7.81025,9.433981,9.848858,10.198039,10.049876,8.062258,19.104973,21.0,22.090722,21.213203,20.615528,18.681542,15.524175,13.341664,11.0,11.18034,11.7047,12.529964,13.892444,14.764823,15.652476,16.552945,16.552945,17.088007,16.155494,16.155494,15.652476,16.124515,16.643317,16.401219,16.278821,15.556349
20260626_181812,2026-06-26T18:18:19.472052+09:00,skeleton,RX2,9.848858,7.071068,5.09902,5.0,7.28011,11.045361,14.035669,16.124515,19.235384,19.416488,20.880613,21.18962,21.931712,21.470911,19.723083,17.492856,13.416408,8.544004,4.472136,7.071068,14.142136,20.396078,24.515301,29.614186,31.400637,31.400637,13.038405,11.045361,8.0,4.472136,3.0,5.0,8.485281,10.630146,12.041595,12.806248,13.453624,12.041595,12.041595,11.313708,9.899495,8.485281,7.81025,7.211103,8.062258,8.544004,9.486833,10.440307,11.7047,12.649111,13.0,12.083046
20260626_181812,2026-06-26T18:18:19.496477+09:00,skeleton,RX3,7.071068,10.29563,12.806248,14.21267,15.620499,16.401219,16.401219,15.811388,14.422205,13.038405,11.661904,10.29563,9.433981,8.602325,7.071068,5.830952,6.082763,6.0,7.071068,7.615773,8.062258,8.602325,8.602325,8.602325,8.485281,7.071068,16.643317,18.867962,21.470911,21.931712,20.615528,19.313208,17.088007,13.928388,9.848858,6.708204,3.605551,3.162278,5.0,7.81025,10.630146,12.041595,14.21267,15.811388,17.492856,17.888544,18.384776,18.973666,17.088007,14.866069,12.083046,8.602325
20260626_181812,2026-06-26T18:18:19.525365+09:00,skeleton,RX1,11.661904,12.041595,12.806248,13.038405,15.264338,16.124515,16.643317,16.643317,15.811388,15.0,14.21267,13.453624,11.401754,10.0,7.071068,5.656854,4.472136,5.09902,6.708204,8.944272,11.18034,12.649111,14.317821,13.038405,13.038405,11.18034,18.601075,20.248457,21.470911,20.248457,18.973666,16.763055,14.866069,10.77033,10.0,9.219544,9.848858,11.401754,13.341664,14.317821,14.317821,15.524175,15.524175,15.524175,16.492423,16.492423,16.278821,16.278821,16.03122,15.033296,15.033296,14.142136
20260626_181812,2026-06-26T18:18:19.554926+09:00,skeleton,RX2,13.0,10.29563,8.062258,4.123106,1.0,5.385165,8.944272,12.083046,15.231546,18.027756,19.924859,21.587033,22.36068,22.36068,21.213203,19.235384,15.297059,10.77033,7.211103,8.544004,14.142136,21.400935,27.45906,31.906112,34.985711,34.985711,12.041595,9.433981,6.324555,4.123106,4.0,7.615773,10.816654,12.806248,14.142136,14.866069,14.21267,13.601471,11.661904,10.29563,8.062258,6.708204,5.830952,4.242641,4.472136,5.0,7.0,9.0,11.0,12.041595,13.152946,13.601471
20260626_181812,2026-06-26T18:18:19.585538+09:00,skeleton,RX3,23.259407,20.615528,18.384776,14.866069,12.083046,9.433981,7.071068,6.708204,7.28011,9.055385,10.0,10.0,11.0,12.041595,12.165525,12.165525,12.165525,11.045361,11.045361,9.0,9.055385,8.544004,8.944272,9.433981,10.0,9.219544,8.944272,6.082763,4.472136,6.324555,10.049876,13.038405,16.03122,18.11077,19.416488,19.646883,18.973666,18.384776,16.124515,14.422205,12.206556,10.0,8.062258,6.324555,6.082763,7.615773,10.0,13.601471,17.804494,20.0,23.021729,24.698178
20260626_181812,2026-06-26T18:18:19.615551+09:00,skeleton,RX1,23.769729,22.561028,20.615528,17.720045,15.524175,13.0,11.661904,9.219544,8.602325,8.944272,10.440307,11.18034,12.165525,14.142136,15.297059,15.524175,16.763055,16.155494,15.652476,13.038405,12.206556,9.219544,7.211103,5.385165,5.09902,5.09902,6.0,6.708204,9.219544,12.806248,17.204651,20.615528,23.345235,24.083189,25.0,24.698178,22.825424,20.124612,17.464249,14.866069,12.083046,10.0,7.81025,8.246211,10.049876,13.038405,15.297059,18.439089,20.880613,22.803509,23.769729,24.738634
20260626_181812,2026-06-26T18:18:19.645066+09:00,skeleton,RX2,10.0,12.165525,13.341664,14.56022,14.56022,13.928388,13.928388,11.7047,9.848858,6.708204,4.123106,1.0,2.828427,6.708204,10.29563,14.317821,18.788294,21.540659,23.4094,24.041631,24.041631,21.84033,19.416488,14.142136,9.055385,4.123106,12.727922,13.453624,13.453624,13.453624,12.041595,10.0,8.602325,5.830952,3.162278,2.236068,2.236068,3.0,4.123106,4.472136,4.472136,4.472136,4.242641,3.605551,2.828427,2.236068,1.414214,1.414214,2.0,2.828427,4.472136,6.324555
20260626_181812,2026-06-26T18:18:19.675105+09:00,skeleton,RX3,21.18962,18.973666,16.763055,14.866069,12.083046,10.29563,9.219544,9.219544,10.0,10.0,10.0,10.630146,10.630146,10.630146,10.0,9.433981,8.602325,7.81025,6.403124,6.708204,7.071068,9.055385,11.0,12.0,13.038405,13.152946,11.18034,8.602325,7.211103,8.0,10.198039,13.601471,16.155494,18.027756,18.681542,19.416488,18.11077,17.0,16.03122,14.142136,12.165525,11.18034,9.055385,9.0,8.246211,8.944272,11.661904,14.422205,17.204651,18.867962,21.470911,22.36068
20260626_181812,2026-06-26T18:18:19.706847+09:00,skeleton,RX1,10.630146,10.0,11.18034,12.649111,13.601471,14.56022,14.56022,14.866069,14.866069,13.928388,13.416408,11.661904,10.0,8.602325,6.708204,5.385165,4.0,4.472136,6.403124,8.485281,10.0,10.816654,11.18034,10.440307,10.198039,8.062258,18.439089,20.518285,21.400935,21.633308,19.235384,17.888544,14.317821,11.18034,8.485281,8.062258,8.246211,11.045361,12.0,13.0,14.0,15.033296,16.03122,16.03122,16.124515,16.03122,15.033296,15.0,14.035669,13.152946,13.341664,11.7047
20260626_181812,2026-06-26T18:18:19.735075+09:00,skeleton,RX2,10.630146,12.806248,13.038405,14.317821,14.317821,13.928388,12.649111,10.440307,8.246211,5.385165,2.828427,2.236068,5.385165,8.246211,13.341664,16.278821,20.396078,23.345235,25.317978,25.179357,24.186773,22.090722,19.026298,14.0,9.055385,4.123106,11.18034,12.529964,14.422205,14.422205,13.601471,12.806248,10.630146,7.81025,5.656854,2.828427,1.0,1.414214,2.828427,2.828427,4.242641,4.242641,4.472136,4.472136,3.162278,2.236068,1.0,1.0,3.162278,4.472136,6.708204
20260626_181812,2026-06-26T18:18:19.764892+09:00,skeleton,RX3,22.36068,22.561028,19.646883,17.720045,15.524175,13.341664,11.18034,10.049876,9.055385,8.0,8.062258,7.071068,7.071068,7.071068,6.324555,6.324555,6.708204,6.403124,8.485281,9.219544,10.0,11.401754,13.453624,14.142136,14.21267,13.601471,13.038405,10.816654,7.615773,6.082763,7.071068,9.433981,13.416408,16.124515,18.35756,18.601075,19.209373,18.384776,17.691806,15.811388,14.764823,13.416408,11.18034,10.29563,8.602325,8.485281,8.944272,11.401754,14.142136,18.11077,20.099751,21.213203
20260626_181812,2026-06-26T18:18:19.795006+09:00,skeleton,RX1,20.880613,19.924859,18.027756,15.524175,12.369317,10.049876,8.0,6.324555,5.830952,6.708204,8.544004,9.486833,10.440307,12.649111,13.928388,14.317821,13.892444,14.422205,12.806248,12.041595,9.899495,7.81025,5.0,3.605551,4.0,4.472136,7.0,5.830952,5.830952,9.055385,13.0,16.03122,20.099751,22.36068,22.803509,21.18962,20.615528,19.235384,16.124515,13.416408,11.18034,8.544004,6.082763,5.09902,5.656854,8.602325,10.77033,13.601471,16.492423,18.681542,19.646883,21.587033
20260626_181812,2026-06-26T18:18:19.825102+09:00,skeleton,RX2,12.206556,13.892444,14.317821,16.155494,16.155494,15.811388,14.866069,12.649111,11.7047,8.544004,6.324555,4.123106,1.414214,3.605551,7.071068,10.630146,15.0,18.027756,20.59126,21.931712,22.135944,21.587033,19.104973,15.0,11.18034,6.324555,13.453624,12.727922,13.453624,12.041595,10.0,8.944272,7.28011,6.0,5.385165,6.403124,7.211103,8.062258,8.944272,8.544004,8.246211,8.246211,8.062258,7.0,6.082763,5.385165,5.0,5.830952,6.082763,7.071068,7.615773,9.433981
20260626_181812,2026-06-26T18:18:19.855246+09:00,skeleton,RX3,27.294688,26.07681,23.853721,20.808652,17.204651,13.601471,10.29563,7.615773,6.0,6.324555,7.211103,7.81025,8.485281,9.899495,10.630146,12.041595,12.806248,12.806248,12.806248,13.038405,12.529964,12.083046,11.7047,11.401754,10.440307,10.198039,11.18034,8.062258,5.09902,4.472136,8.062258,11.401754,14.56022,17.720045,19.416488,20.223748,21.023796,20.024984,19.104973,17.262677,15.524175,13.601471,11.7047,9.219544,7.0,6.708204,7.81025,11.18034,15.231546,19.313208,22.847319,25.079872
20260626_181812,2026-06-26T18:18:19.885253+09:00,skeleton,RX1,23.323808,22.203603,20.0,18.027756,15.0,11.661904,9.848858,8.246211,7.071068,7.615773,9.433981,10.0,11.401754,13.601471,14.422205,16.124515,16.155494,15.811388,14.56022,13.152946,10.049876,8.0,5.09902,3.605551,3.605551,5.385165,7.211103,6.708204,9.055385,12.0,15.0,19.0,21.023796,23.086793,23.537205,21.84033,21.18962,18.788294,16.552945,13.416408,11.7047,10.198039,8.0,8.246211,9.433981,10.630146,12.806248,15.0,18.027756,19.416488,21.095023,23.323808
20260626_181812,2026-06-26T18:18:19.915163+09:00,skeleton,RX2,15.264338,16.124515,17.0,16.552945,16.552945,14.866069,13.601471,11.401754,9.219544,6.082763,4.123106,2.828427,3.162278,6.403124,9.899495,13.453624,16.278821,19.79899,21.931712,22.671568,22.022716,20.808652,18.867962,14.764823,10.77033,6.324555,12.041595,13.038405,13.0,12.0,10.0,8.0,5.0,2.236068,2.236068,4.242641,6.403124,7.81025,9.219544,9.219544,9.219544,9.219544,9.219544,7.81025,6.403124,5.0,3.162278,1.0,2.236068,5.0,7.81025,10.630146
20260626_181812,2026-06-26T18:18:19.945752+09:00,skeleton,RX3,10.049876,12.083046,14.317821,15.652476,16.552945,16.552945,16.155494,14.866069,13.601471,12.369317,11.401754,9.486833,8.544004,7.615773,7.211103,7.071068,7.211103,8.062258,9.486833,9.486833,9.486833,9.486833,9.219544,8.246211,7.071068,6.0,15.652476,18.35756,19.723083,19.416488,18.601075,17.204651,14.21267,11.401754,8.062258,5.09902,5.385165,5.656854,7.211103,9.433981,10.816654,12.806248,14.866069,15.556349,16.278821,17.204651,16.643317,16.124515,14.764823,13.038405,10.630146,9.433981
20260626_181812,2026-06-26T18:18:19.976678+09:00,skeleton,RX1,11.045361,11.045361,12.165525,13.341664,13.601471,13.601471,13.341664,13.341664,13.341664,12.165525,11.045361,10.049876,9.055385,7.071068,6.082763,5.385165,5.0,6.403124,7.211103,8.944272,9.433981,10.0,10.630146,9.899495,9.433981,8.062258,16.03122,18.027756,18.11077,18.439089,16.763055,15.231546,13.0,10.440307,8.062258,7.071068,7.211103,9.219544,10.630146,11.313708,12.727922,14.21267,14.21267,15.0,14.422205,13.601471,13.601471,12.806248,12.727922,11.313708,10.816654,10.77033
20260626_181812,2026-06-26T18:18:20.005285+09:00,skeleton,RX2,13.601471,14.56022,15.524175,15.297059,15.297059,14.142136,12.165525,9.055385,7.071068,4.0,1.414214,2.236068,5.09902,9.055385,12.165525,16.124515,19.104973,22.090722,23.086793,24.020824,23.021729,21.0,18.0,14.0,9.0,5.09902,13.0,14.317821,13.416408,13.0,11.18034,8.944272,6.324555,3.162278,2.0,4.123106,6.324555,7.28011,7.615773,7.615773,8.062258,8.062258,7.211103,6.403124,5.0,3.605551,2.236068,1.0,3.162278,5.385165,8.544004
20260626_181812,2026-06-26T18:18:20.034992+09:00,skeleton,RX3,12.041595,13.038405,13.892444,15.231546,15.231546,15.652476,14.764823,13.892444,12.206556,11.401754,10.630146,9.219544,8.602325,8.062258,7.615773,7.615773,8.544004,8.246211,9.219544,9.219544,9.219544,9.219544,8.246211,6.082763,5.0,4.123106,16.763055,18.681542,21.18962,21.540659,21.023796,20.124612,17.888544,15.652476,12.083046,9.848858,8.062258,8.062258,7.615773,8.944272,10.29563,12.529964,13.416408,15.231546,15.811388,17.464249,17.262677,17.117243,17.117243,15.132746,13.341664,12.083046
20260626_181812,2026-06-26T18:18:20.065102+09:00,skeleton,RX1,21.095023,19.723083,17.492856,15.264338,13.601471,10.630146,8.602325,7.28011,8.0,8.246211,9.486833,10.440307,12.649111,13.601471,14.317821,15.132746,14.035669,14.035669,12.165525,10.198039,8.246211,6.0,4.123106,4.242641,4.472136,5.830952,6.0,5.385165,7.81025,11.18034,14.764823,18.027756,20.615528,21.931712,21.931712,20.615528,18.867962,17.0,13.892444,11.661904,8.602325,7.071068,6.324555,7.0,8.246211,10.77033,12.529964,15.264338,16.643317,19.416488,20.808652,22.472205
20260626_181812,2026-06-26T18:18:20.095415+09:00,skeleton,RX2,10.0,6.403124,3.162278,2.236068,5.656854,9.899495,13.453624,16.278821,19.104973,19.79899,21.931712,22.627417,21.931712,21.213203,18.384776,15.556349,11.313708,6.403124,2.828427,8.246211,15.811388,22.135944,27.513633,31.622777,34.481879,32.984845,6.082763,5.830952,7.615773,12.165525,16.03122,20.024984,22.090722,22.090722,22.203603,19.235384,17.464249,14.317821,11.401754,8.544004,5.0,3.162278,3.605551,5.385165,7.615773,9.486833,12.649111,13.928388,15.231546,15.231546,15.652476,14.764823
20260626_181812,2026-06-26T18:18:20.125301+09:00,skeleton,RX3,10.440307,12.041595,12.041595,13.152946,13.341664,14.317821,14.317821,13.152946,13.152946,12.041595,11.045361,11.045361,10.049876,9.055385,9.055385,9.219544,9.486833,9.486833,8.544004,8.944272,8.062258,7.211103,6.403124,5.0,3.605551,3.162278,17.029386,19.026298,21.023796,22.090722,22.203603,20.223748,18.248288,15.297059,12.165525,10.049876,7.071068,6.708204,6.403124,8.602325,9.433981,11.661904,12.206556,14.21267,15.556349,16.970563,17.804494,17.204651,17.204651,15.811388,14.21267,12.041595
20260626_181812,2026-06-26T18:18:20.155154+09:00,skeleton,RX1,21.931712,20.615528,19.209373,17.029386,14.422205,12.529964,10.77033,9.219544,9.0,10.198039,10.77033,12.083046,13.0,14.317821,14.866069,15.524175,16.492423,15.132746,14.035669,13.0,11.0,9.055385,7.071068,5.830952,5.656854,6.403124,6.403124,7.28011,10.0,14.035669,18.027756,21.0,23.086793,24.33105,25.0,23.4094,21.470911,18.867962,15.264338,12.529964,9.848858,8.062258,8.062258,8.944272,10.816654,13.453624,15.556349,17.691806,19.104973,21.260292,22.671568,22.671568
20260626_181812,2026-06-26T18:18:20.186378+09:00,skeleton,RX2,12.083046,8.944272,5.830952,2.236068,3.605551,8.062258,11.18034,14.142136,17.262677,19.416488,20.615528,21.84033,22.135944,21.540659,20.615528,18.788294,15.231546,11.401754,8.062258,7.81025,12.649111,17.262677,22.203603,25.317978,27.658633,28.160256,10.049876,9.055385,9.433981,11.313708,14.422205,18.027756,20.248457,20.808652,21.400935,19.849433,18.384776,16.278821,12.806248,10.0,7.211103,3.605551,1.414214,1.0,4.123106,6.708204,9.848858,11.7047,13.928388,14.317821,15.231546,15.652476
20260626_181812,2026-06-26T18:18:20.214915+09:00,skeleton,RX3,26.570661,25.298221,23.086793,19.646883,16.492423,13.601471,9.848858,8.602325,7.071068,7.615773,8.246211,9.219544,10.049876,12.041595,13.152946,14.142136,14.142136,15.132746,15.132746,14.035669,15.0,14.035669,13.038405,13.152946,12.165525,11.18034,10.816654,7.615773,5.0,4.242641,8.246211,11.045361,15.132746,17.117243,18.439089,19.646883,19.313208,18.788294,17.492856,15.811388,14.21267,12.041595,10.630146,8.602325,7.28011,8.0,9.486833,12.529964,16.124515,19.723083,23.706539,25.495098
20260626_181812,2026-06-26T18:18:20.246858+09:00,skeleton,RX1,14.21267,15.811388,16.124515,17.0,16.552945,17.464249,16.552945,15.652476,14.764823,13.892444,12.206556,11.401754,9.433981,8.602325,6.708204,6.082763,7.071068,8.246211,9.486833,10.77033,12.369317,13.341664,13.152946,12.041595,11.18034,9.486833,20.124612,21.633308,21.400935,21.931712,20.518285,17.029386,14.21267,11.313708,8.944272,9.055385,10.049876,12.165525,14.317821,15.132746,16.124515,17.029386,17.0,17.0,17.0,16.03122,15.033296,14.142136,14.317821,13.928388,13.892444,13.038405
20260626_181812,2026-06-26T18:18:20.275046+09:00,skeleton,RX2,12.206556,10.0,8.062258,4.123106,2.828427,5.09902,9.055385,12.041595,15.132746,16.124515,18.439089,19.924859,20.248457,20.615528,20.124612,18.35756,16.124515,13.416408,10.198039,10.440307,12.206556,16.970563,20.518285,23.345235,25.495098,25.806976,13.341664,12.041595,11.045361,11.7047,13.892444,15.811388,18.027756,18.867962,19.235384,18.788294,17.088007,15.524175,12.369317,10.198039,7.28011,6.082763,3.162278,1.0,2.828427,5.0,7.211103,9.433981,11.661904,13.892444,13.892444,15.264338
20260626_181812,2026-06-26T18:18:20.305042+09:00,skeleton,RX3,25.019992,25.079872,22.203603,18.248288,15.132746,12.041595,8.0,6.324555,5.0,5.830952,7.28011,9.486833,10.440307,11.401754,12.649111,12.649111,13.928388,13.928388,13.601471,12.369317,11.18034,11.18034,10.0,9.055385,8.246211,7.28011,9.486833,7.211103,5.385165,6.324555,10.0,14.142136,17.691806,19.849433,20.615528,21.633308,21.095023,19.235384,17.464249,15.811388,13.601471,12.369317,9.486833,7.615773,5.656854,7.28011,10.0,13.152946,17.117243,21.213203,24.083189,25.079872
20260626_181812,2026-06-26T18:18:20.335035+09:00,skeleton,RX1,20.223748,20.223748,19.416488,17.464249,16.492423,13.928388,13.0,11.661904,10.630146,11.313708,11.401754,12.206556,13.038405,13.601471,15.0,15.0,15.556349,14.866069,14.21267,12.806248,11.401754,9.219544,7.81025,7.211103,6.708204,6.324555,7.071068,9.433981,11.18034,15.231546,17.464249,20.59126,22.472205,22.803509,22.671568,21.260292,19.209373,17.204651,14.422205,12.206556,9.899495,8.602325,8.544004,10.049876,12.0,14.035669,16.124515,18.11077,19.235384,21.095023,21.095023,22.203603
20260626_181812,2026-06-26T18:18:20.365022+09:00,skeleton,RX2,10.29563,12.529964,14.422205,15.811388,15.0,15.620499,13.453624,11.401754,10.0,6.708204,4.123106,2.236068,4.123106,7.071068,11.401754,13.601471,17.720045,19.646883,22.561028,22.561028,23.537205,21.377558,19.416488,15.524175,12.649111,9.433981,10.77033,12.649111,14.866069,15.231546,16.155494,15.231546,13.416408,11.18034,8.544004,5.385165,3.0,2.236068,3.0,4.123106,5.385165,6.708204,8.062258,8.062258,8.062258,8.062258,8.062258,6.708204,5.385165,4.0,2.828427,4.0
20260626_181812,2026-06-26T18:18:20.395410+09:00,skeleton,RX3,24.738634,22.803509,19.924859,17.088007,12.649111,9.486833,7.0,5.385165,6.403124,7.211103,8.602325,10.29563,11.661904,12.206556,13.601471,13.601471,14.21267,14.21267,13.601471,13.038405,11.661904,11.18034,9.486833,9.055385,8.0,8.0,9.055385,6.324555,4.472136,6.082763,10.29563,13.601471,16.643317,18.867962,20.59126,20.124612,19.697716,18.973666,16.492423,14.317821,12.165525,10.049876,8.246211,6.708204,5.656854,7.28011,10.0,13.0,17.0,21.0,23.086793,25.179357
20260626_181812,2026-06-26T18:18:20.424981+09:00,skeleton,RX1,17.804494,17.204651,16.401219,14.422205,13.892444,12.083046,10.440307,9.055385,9.0,9.055385,10.198039,10.440307,11.401754,12.369317,13.341664,13.152946,13.152946,13.038405,12.0,11.0,9.0,8.0,6.082763,5.830952,5.830952,6.403124,7.28011,8.062258,11.18034,14.317821,17.262677,19.104973,21.023796,22.022716,21.213203,20.396078,18.027756,16.155494,13.0,10.440307,8.246211,7.0,6.708204,8.602325,10.630146,12.727922,14.21267,16.278821,17.029386,18.439089,19.849433,19.849433
20260626_181812,2026-06-26T18:18:20.455170+09:00,skeleton,RX2,9.848858,12.083046,14.317821,15.231546,14.866069,14.56022,12.649111,10.440307,8.544004,6.708204,4.242641,4.0,5.830952,9.219544,12.041595,15.556349,19.104973,22.022716,23.600847,24.413111,23.853721,22.825424,20.59126,17.492856,13.601471,10.630146,10.440307,12.649111,12.369317,13.341664,12.369317,12.165525,10.198039,8.246211,5.385165,4.242641,3.605551,4.0,4.123106,5.385165,6.708204,6.708204,7.211103,7.211103,7.211103,6.403124,6.403124,5.0,3.605551,1.414214,1.414214,4.472136
20260626_181812,2026-06-26T18:18:20.485116+09:00,skeleton,RX3,8.0,10.440307,11.7047,13.928388,14.866069,14.866069,14.56022,14.317821,13.152946,11.045361,10.0,9.0,8.062258,6.082763,5.385165,5.0,5.656854,6.708204,7.615773,8.246211,9.219544,10.049876,10.049876,9.0,8.0,8.062258,17.029386,19.209373,20.808652,21.633308,21.095023,19.723083,16.124515,13.892444,10.816654,7.071068,5.385165,5.09902,6.403124,7.81025,10.0,11.401754,13.038405,13.892444,15.652476,16.155494,15.811388,15.524175,14.317821,12.649111,9.848858,7.81025
20260626_181812,2026-06-26T18:18:20.517249+09:00,skeleton,RX1,18.027756,17.204651,16.401219,15.0,13.453624,12.041595,10.0,9.433981,8.944272,9.219544,9.219544,10.049876,11.045361,12.041595,12.165525,12.165525,13.341664,12.649111,12.083046,10.29563,8.944272,7.615773,6.082763,5.0,5.09902,5.09902,5.830952,8.246211,11.045361,14.0,17.029386,19.235384,20.396078,21.18962,20.615528,19.235384,18.027756,15.0,12.206556,9.433981,7.615773,8.062258,7.071068,8.544004,11.18034,12.529964,13.892444,16.124515,17.0,18.35756,18.867962,18.867962
20260626_181812,2026-06-26T18:18:20.545796+09:00,skeleton,RX2,10.816654,9.219544,7.071068,3.605551,1.0,4.242641,7.211103,11.18034,13.928388,15.811388,17.464249,19.235384,19.104973,20.024984,19.0,17.029386,15.033296,11.0,8.544004,7.81025,10.198039,15.0,19.026298,22.0,25.019992,25.179357,12.206556,11.313708,11.401754,11.661904,13.0,13.601471,15.297059,15.297059,15.297059,15.297059,14.56022,12.649111,11.401754,9.486833,7.28011,6.082763,5.09902,3.0,1.414214,2.0,2.828427,5.0,7.211103,9.433981,10.29563,12.529964
20260626_181812,2026-06-26T18:18:20.575512+09:00,skeleton,RX3,25.059928,23.259407,21.023796,17.088007,14.317821,10.29563,8.602325,6.403124,6.324555,7.071068,8.0,9.0,10.0,12.0,12.041595,13.152946,13.152946,13.152946,13.152946,12.041595,11.0,10.049876,9.219544,9.486833,8.944272,8.944272,10.77033,8.246211,5.385165,7.211103,10.198039,15.132746,18.11077,21.213203,22.36068,22.561028,21.84033,21.18962,18.788294,17.0,13.892444,11.661904,10.29563,7.28011,7.071068,7.615773,11.401754,14.21267,17.691806,21.260292,23.600847,25.806976
20260626_181812,2026-06-26T18:18:20.605475+09:00,skeleton,RX1,16.643317,17.029386,17.029386,17.029386,16.278821,15.556349,15.556349,14.866069,14.866069,14.21267,12.806248,11.401754,10.630146,9.219544,7.81025,7.81025,8.062258,8.944272,9.848858,10.77033,12.083046,11.661904,11.661904,11.401754,10.630146,8.602325,20.223748,20.615528,20.248457,19.697716,17.888544,14.764823,13.416408,10.440307,10.0,11.18034,12.369317,13.601471,15.524175,15.297059,16.278821,17.117243,16.03122,16.0,15.033296,15.033296,15.132746,15.297059,15.524175,15.231546,15.652476,16.124515
20260626_181812,2026-06-26T18:18:20.635060+09:00,skeleton,RX2,7.211103,9.219544,11.313708,12.806248,13.601471,13.601471,12.206556,10.816654,9.433981,6.708204,4.472136,1.0,1.414214,5.0,9.433981,12.529964,16.552945,19.313208,21.540659,23.4094,23.4094,22.135944,20.880613,17.720045,13.928388,10.29563,12.369317,13.601471,14.56022,14.866069,13.928388,13.0,11.18034,8.944272,7.211103,5.656854,3.162278,3.0,2.828427,3.605551,4.472136,6.082763,6.0,7.0,7.071068,7.071068,7.28011,7.28011,6.082763,5.0,3.162278,2.236068
20260626_181812,2026-06-26T18:18:20.665131+09:00,skeleton,RX3,9.848858,12.369317,13.152946,15.132746,16.03122,16.124515,15.297059,14.56022,13.928388,12.083046,10.77033,9.486833,8.544004,7.28011,6.082763,7.0,6.324555,7.615773,8.062258,8.602325,9.219544,9.219544,9.219544,8.485281,7.81025,6.403124,18.027756,21.095023,22.825424,23.706539,23.259407,21.023796,17.464249,14.317821,11.661904,8.485281,6.324555,7.071068,8.544004,9.848858,12.529964,13.416408,15.231546,16.763055,17.720045,18.439089,18.11077,17.029386,16.03122,14.142136,12.369317,9.848858
20260626_181812,2026-06-26T18:18:20.701470+09:00,skeleton,RX1,17.117243,17.117243,16.124515,15.297059,15.297059,15.297059,14.56022,14.317821,14.317821,13.152946,12.165525,11.18034,10.049876,10.049876,9.055385,8.246211,7.615773,8.944272,9.433981,10.0,10.816654,11.18034,10.77033,10.440307,10.049876,9.0,18.027756,18.439089,18.384776,17.804494,16.401219,14.422205,12.041595,10.630146,10.29563,10.77033,12.369317,13.341664,14.317821,15.524175,15.811388,16.155494,16.552945,15.652476,14.764823,14.317821,13.928388,13.601471,14.317821,15.033296,15.0,16.0
20260626_181812,2026-06-26T18:18:20.725196+09:00,skeleton,RX2,5.830952,8.544004,11.18034,12.165525,13.038405,14.035669,13.038405,12.0,10.0,8.0,6.082763,3.162278,2.0,3.605551,7.615773,11.401754,15.524175,19.235384,21.213203,23.194827,24.186773,23.086793,21.095023,19.104973,15.297059,11.401754,13.416408,14.764823,14.764823,15.264338,13.892444,13.038405,10.816654,9.219544,6.403124,4.472136,3.0,2.828427,3.162278,4.0,5.09902,5.830952,5.830952,7.071068,7.81025,7.81025,8.602325,8.062258,8.062258,6.403124,5.0,3.162278
20260626_181812,2026-06-26T18:18:20.754842+09:00,skeleton,RX3,22.022716,20.808652,17.492856,14.764823,11.661904,8.602325,6.403124,5.385165,6.082763,7.0,8.062258,9.055385,10.0,11.045361,11.18034,12.369317,12.369317,11.401754,10.440307,9.219544,9.055385,8.0,8.246211,8.544004,8.544004,8.062258,12.649111,9.433981,7.81025,8.062258,10.198039,13.928388,16.552945,19.313208,20.248457,20.880613,20.615528,19.235384,17.029386,15.0,13.038405,11.045361,9.055385,7.071068,6.324555,7.81025,10.0,13.601471,15.811388,19.416488,22.022716,23.345235
20260626_181812,2026-06-26T18:18:20.788059+09:00,skeleton,RX1,18.439089,18.439089,17.029386,16.401219,14.21267,12.206556,10.816654,9.848858,9.486833,9.055385,9.0,9.0,10.049876,11.045361,13.038405,13.0,13.152946,13.152946,12.369317,11.401754,9.486833,7.28011,6.324555,5.0,5.09902,5.385165,7.0,9.219544,11.7047,13.928388,16.763055,18.681542,20.396078,20.099751,20.0,19.104973,17.262677,15.297059,12.369317,11.18034,9.0,9.219544,8.544004,9.433981,10.816654,12.806248,14.142136,15.556349,17.691806,18.384776,18.384776,19.104973
20260626_181812,2026-06-26T18:18:20.815204+09:00,skeleton,RX2,7.28011,10.049876,12.0,13.038405,14.035669,15.033296,14.035669,13.038405,12.041595,10.049876,8.246211,5.385165,4.242641,4.0,6.708204,9.899495,13.453624,17.804494,20.615528,22.203603,23.600847,22.803509,22.022716,19.209373,14.866069,11.313708,13.601471,15.0,17.029386,17.029386,17.029386,14.866069,12.727922,10.630146,7.81025,4.472136,2.0,1.414214,2.236068,4.242641,5.656854,6.403124,6.708204,7.615773,8.246211,8.062258,9.0,8.0,8.0,7.0,6.082763,5.0
20260626_181812,2026-06-26T18:18:20.845063+09:00,skeleton,RX3,22.847319,20.59126,18.35756,15.264338,11.661904,8.944272,6.082763,6.082763,5.385165,7.211103,8.602325,9.433981,10.29563,11.18034,11.7047,11.7047,12.369317,11.401754,10.440307,10.440307,9.848858,9.433981,9.219544,9.219544,8.602325,8.602325,12.806248,9.899495,7.615773,8.246211,10.816654,14.142136,17.691806,20.518285,21.213203,22.022716,21.400935,19.416488,17.888544,16.155494,13.928388,11.7047,8.544004,8.062258,7.071068,8.544004,11.18034,14.142136,17.117243,20.223748,22.803509,23.086793
20260626_181812,2026-06-26T18:18:20.875217+09:00,skeleton,RX1,19.313208,19.313208,18.384776,16.155494,14.866069,13.601471,11.18034,10.049876,9.055385,9.055385,9.486833,10.77033,11.18034,12.083046,13.0,13.928388,14.56022,14.317821,13.038405,12.0,10.0,9.0,7.071068,6.324555,5.830952,5.656854,7.28011,9.433981,12.206556,15.0,17.804494,19.723083,21.023796,21.540659,19.924859,19.416488,17.117243,15.033296,12.165525,10.198039,9.848858,9.433981,8.485281,10.0,12.206556,13.038405,14.764823,16.552945,16.552945,18.788294,19.697716,19.313208
20260626_181812,2026-06-26T18:18:20.907104+09:00,skeleton,RX2,19.104973,17.691806,16.278821,13.601471,10.77033,9.0,8.544004,11.401754,12.727922,16.278821,18.439089,19.849433,21.931712,22.627417,22.627417,21.931712,19.209373,15.620499,10.630146,5.0,2.0,8.544004,13.928388,19.313208,23.086793,25.0,12.0,9.0,5.09902,1.0,5.09902,10.049876,14.0,17.029386,18.11077,19.235384,19.416488,18.439089,16.763055,14.866069,13.0,11.18034,9.848858,7.615773,6.082763,5.09902,5.830952,8.485281,10.630146,14.21267,16.278821,18.439089
20260626_181812,2026-06-26T18:18:20.936818+09:00,skeleton,RX3,10.0,12.369317,13.601471,15.524175,15.811388,15.524175,15.297059,14.142136,13.038405,11.0,10.0,9.0,8.0,7.071068,6.324555,6.708204,7.211103,7.81025,8.485281,9.219544,9.899495,9.219544,9.219544,8.602325,7.211103,5.830952,20.615528,23.086793,24.351591,25.632011,25.079872,22.847319,19.697716,16.155494,12.649111,9.055385,7.28011,7.81025,9.219544,10.816654,12.529964,14.422205,15.0,17.029386,17.691806,18.439089,17.804494,17.204651,15.811388,14.21267,12.727922,10.29563
20260626_181812,2026-06-26T18:18:20.965082+09:00,skeleton,RX1,19.0,19.0,18.0,17.0,14.0,13.0,11.045361,9.219544,8.544004,8.062258,9.219544,9.899495,10.630146,11.313708,13.453624,14.21267,13.601471,14.764823,13.0,12.649111,10.440307,8.246211,6.324555,5.0,5.0,5.385165,6.403124,7.81025,10.816654,13.038405,15.811388,17.804494,19.104973,19.104973,19.209373,18.027756,16.124515,14.764823,11.661904,10.29563,9.219544,9.219544,8.062258,9.486833,10.440307,12.165525,13.152946,15.132746,16.03122,17.029386,18.0,19.0
20260626_181812,2026-06-26T18:18:20.995107+09:00,skeleton,RX2,8.544004,9.219544,12.041595,13.0,14.0,14.0,14.0,13.0,12.0,10.0,8.062258,6.324555,5.0,5.09902,7.071068,9.848858,13.416408,17.492856,20.248457,21.633308,22.472205,21.954498,20.124612,18.384776,14.866069,11.401754,10.198039,13.341664,15.524175,17.464249,17.720045,16.763055,14.56022,12.649111,9.486833,7.28011,4.123106,2.0,1.0,2.828427,4.242641,5.830952,7.211103,8.062258,8.544004,9.486833,9.219544,9.055385,9.055385,9.055385,8.246211,6.708204
20260626_181812,2026-06-26T18:18:21.025926+09:00,skeleton,RX3,11.0,13.152946,14.56022,15.524175,16.492423,16.492423,16.278821,15.132746,14.0,12.0,10.049876,9.055385,8.062258,7.0,6.082763,6.708204,7.211103,7.81025,9.219544,10.0,10.0,10.816654,10.0,9.433981,8.602325,6.708204,20.59126,23.706539,25.059928,26.07681,23.853721,21.633308,18.867962,15.264338,11.18034,9.219544,7.071068,7.211103,9.219544,10.630146,12.806248,14.21267,15.556349,17.691806,17.804494,18.601075,18.867962,18.35756,16.124515,13.892444,12.206556,10.0
20260626_181812,2026-06-26T18:18:21.057159+09:00,skeleton,RX1,15.524175,15.811388,14.317821,15.264338,15.264338,16.643317,16.643317,16.124515,16.124515,15.652476,13.928388,13.601471,12.369317,10.198039,9.486833,7.615773,7.211103,7.071068,8.602325,10.0,11.401754,12.041595,12.806248,12.206556,11.18034,9.486833,18.027756,17.464249,18.35756,18.027756,17.204651,15.0,13.038405,12.083046,11.401754,12.165525,12.041595,13.038405,14.0,14.035669,14.035669,15.033296,15.033296,15.033296,15.132746,16.03122,16.03122,17.0,17.029386,17.0,17.029386,16.124515
20260626_181812,2026-06-26T18:18:21.090058+09:00,skeleton,RX2,22.561028,22.561028,20.615528,18.439089,14.866069,12.083046,9.899495,8.544004,10.0,12.369317,15.524175,18.027756,20.248457,22.472205,23.4094,24.351591,23.086793,20.880613,16.763055,11.401754,5.385165,1.414214,8.062258,13.152946,18.11077,21.095023,12.206556,10.0,6.403124,4.123106,3.605551,6.0,9.486833,12.083046,13.892444,15.620499,15.556349,15.620499,14.422205,13.416408,12.083046,10.440307,9.219544,8.062258,6.082763,4.123106,2.828427,4.0,8.246211,11.401754,15.524175,18.681542
20260626_181812,2026-06-26T18:18:21.115351+09:00,skeleton,RX3,9.848858,11.18034,13.038405,15.033296,16.03122,16.124515,16.124515,14.317821,14.317821,12.369317,11.7047,9.486833,8.544004,7.28011,7.071068,7.0,7.28011,7.615773,8.062258,9.433981,9.433981,10.0,10.0,8.485281,8.485281,7.211103,18.601075,21.400935,23.021729,23.853721,23.323808,21.095023,18.35756,14.764823,10.816654,7.81025,6.324555,6.082763,7.615773,9.433981,11.661904,13.416408,14.317821,16.155494,16.763055,17.464249,18.248288,17.029386,16.03122,14.142136,12.165525,9.848858
20260626_181812,2026-06-26T18:18:21.145246+09:00,skeleton,RX1,13.038405,13.152946,12.649111,13.0,13.0,14.317821,14.317821,13.928388,13.928388,12.369317,12.369317,11.18034,10.0,9.0,7.071068,6.082763,6.324555,5.830952,6.403124,8.485281,8.485281,10.0,10.816654,9.848858,8.246211,8.062258,17.492856,19.416488,19.849433,19.104973,18.439089,16.401219,14.21267,12.041595,10.630146,10.29563,10.77033,11.7047,12.369317,13.341664,13.601471,14.56022,13.601471,14.866069,14.866069,14.866069,15.811388,15.524175,15.297059,15.297059,15.132746,14.035669
20260626_181812,2026-06-26T18:18:21.180354+09:00,skeleton,RX2,23.021729,23.021729,21.633308,19.416488,15.264338,12.083046,9.055385,8.246211,9.219544,11.401754,14.764823,17.0,19.235384,21.095023,23.323808,23.323808,23.021729,20.808652,17.204651,12.206556,7.615773,2.236068,6.082763,11.7047,16.155494,18.788294,11.18034,8.944272,6.324555,3.162278,1.414214,4.472136,7.615773,10.440307,12.369317,14.142136,14.035669,14.035669,13.152946,12.649111,10.77033,10.29563,8.602325,6.403124,5.656854,3.162278,3.162278,5.0,8.944272,13.0,16.552945,19.235384
20260626_181812,2026-06-26T18:18:21.205176+09:00,skeleton,RX3,8.246211,10.0,12.165525,13.152946,14.317821,15.297059,14.142136,14.035669,13.038405,12.0,10.049876,10.0,8.0,8.0,7.071068,6.324555,6.708204,7.211103,7.81025,8.485281,8.485281,8.602325,8.602325,6.708204,6.324555,6.082763,19.209373,22.022716,24.083189,24.041631,24.041631,21.931712,18.439089,15.620499,11.313708,8.602325,6.324555,5.09902,6.403124,8.485281,10.630146,12.041595,13.601471,15.264338,16.124515,17.888544,18.027756,16.763055,15.811388,14.56022,12.083046,9.433981
20260626_181812,2026-06-26T18:18:21.239423+09:00,skeleton,RX1,21.400935,21.400935,20.0,18.601075,16.643317,14.422205,12.206556,10.630146,9.219544,8.602325,8.944272,9.486833,10.440307,11.401754,11.401754,12.649111,13.416408,13.416408,13.038405,12.206556,10.630146,9.219544,7.071068,5.656854,5.385165,4.123106,9.055385,10.0,13.038405,15.132746,18.248288,19.104973,21.023796,22.022716,21.095023,20.396078,18.681542,16.492423,14.56022,13.601471,11.045361,11.0,10.049876,11.401754,12.649111,13.0,14.764823,16.124515,17.204651,18.601075,19.209373,20.615528
20260626_181812,2026-06-26T18:18:21.266970+09:00,skeleton,RX2,23.769729,22.847319,20.248457,17.088007,13.341664,11.0,10.77033,11.401754,14.142136,16.401219,18.601075,20.615528,22.671568,23.345235,23.430749,22.203603,21.633308,17.492856,13.892444,7.81025,3.0,6.324555,13.341664,18.439089,22.803509,24.351591,12.369317,10.440307,8.246211,5.385165,3.605551,3.605551,7.071068,9.219544,11.401754,13.453624,14.142136,14.21267,13.601471,12.529964,10.77033,10.77033,9.486833,8.544004,6.708204,7.211103,8.602325,9.848858,13.601471,16.763055,19.646883,22.135944
20260626_181812,2026-06-26T18:18:21.295107+09:00,skeleton,RX3,8.246211,10.29563,12.806248,14.21267,15.620499,16.401219,15.811388,15.264338,13.892444,12.529964,11.18034,9.848858,8.062258,7.211103,7.211103,6.403124,6.708204,7.615773,7.28011,8.062258,9.0,9.0,9.055385,8.062258,7.28011,6.708204,19.416488,22.203603,24.207437,24.839485,24.083189,21.931712,19.104973,15.556349,11.313708,8.062258,5.09902,4.472136,7.211103,8.602325,10.29563,13.038405,14.422205,15.620499,16.970563,17.691806,17.804494,18.027756,16.643317,13.601471,12.041595,8.602325
20260626_181812,2026-06-26T18:18:21.325203+09:00,skeleton,RX1,23.537205,22.803509,20.880613,18.973666,17.088007,14.866069,12.369317,10.198039,9.0,9.055385,9.486833,9.848858,10.77033,12.083046,13.0,13.928388,13.601471,14.317821,14.035669,13.038405,11.0,9.055385,8.062258,7.0,5.0,5.09902,8.944272,10.0,12.041595,14.142136,16.278821,18.384776,20.518285,20.615528,20.808652,20.248457,19.235384,17.888544,15.652476,13.416408,12.529964,12.206556,10.630146,11.401754,12.206556,12.529964,13.928388,15.524175,17.464249,19.416488,20.396078,22.36068
20260626_181812,2026-06-26T18:18:21.355146+09:00,skeleton,RX2,6.708204,8.485281,11.401754,13.601471,14.422205,14.422205,14.422205,13.601471,12.806248,10.630146,8.602325,6.708204,4.0,4.472136,6.708204,10.198039,13.341664,17.117243,20.223748,22.36068,23.537205,23.537205,21.84033,18.681542,14.866069,10.77033,7.615773,9.848858,11.18034,12.529964,13.892444,13.892444,13.038405,11.401754,10.0,7.81025,6.403124,3.605551,2.236068,1.414214,2.236068,4.123106,5.385165,6.708204,8.062258,8.602325,10.0,10.630146,10.630146,9.899495,8.602325,7.615773
20260626_181812,2026-06-26T18:18:21.385124+09:00,skeleton,RX3,9.219544,11.18034,12.649111,14.56022,15.524175,15.811388,14.866069,13.928388,13.416408,12.529964,11.661904,10.29563,8.944272,8.062258,6.708204,6.324555,6.082763,7.0,7.071068,7.28011,7.615773,6.708204,7.211103,6.403124,5.656854,5.0,18.248288,21.213203,23.194827,23.086793,23.086793,21.023796,18.027756,14.035669,11.045361,7.615773,5.656854,6.082763,8.0,10.198039,12.165525,14.142136,15.132746,17.0,18.0,18.11077,18.248288,18.439089,16.492423,14.317821,12.041595,10.049876
20260626_181812,2026-06-26T18:18:21.415261+09:00,skeleton,RX1,24.207437,23.021729,21.633308,19.416488,16.643317,13.601471,12.041595,10.0,8.944272,9.219544,10.049876,11.045361,12.041595,13.038405,14.142136,15.297059,15.524175,14.866069,14.317821,13.416408,11.661904,9.433981,8.062258,6.324555,6.082763,5.0,8.944272,9.219544,12.041595,13.0,16.03122,18.027756,20.0,21.023796,21.213203,20.615528,19.924859,17.720045,15.811388,13.928388,12.369317,11.18034,10.0,10.198039,10.440307,11.661904,13.601471,15.620499,17.691806,20.518285,21.931712,23.345235
20260626_181812,2026-06-26T18:18:21.445446+09:00,skeleton,RX2,23.345235,23.345235,21.260292,18.439089,15.556349,11.401754,8.544004,8.062258,9.848858,12.806248,15.556349,18.384776,20.518285,22.671568,24.207437,23.600847,23.853721,20.248457,16.643317,11.401754,6.403124,5.0,9.848858,15.297059,19.416488,22.36068,12.041595,10.816654,8.944272,6.324555,4.0,2.236068,4.242641,7.211103,8.944272,10.77033,12.165525,13.038405,12.041595,12.165525,11.7047,10.77033,9.433981,8.602325,7.211103,5.830952,4.0,5.830952,8.485281,12.806248,17.029386,19.849433
20260626_181812,2026-06-26T18:18:21.475019+09:00,skeleton,RX3,9.219544,12.083046,12.529964,13.892444,15.264338,14.764823,14.317821,13.928388,12.649111,11.401754,10.440307,9.219544,8.246211,7.28011,6.708204,6.403124,5.656854,6.403124,7.211103,7.615773,7.615773,7.615773,7.615773,6.324555,6.082763,5.0,20.248457,22.472205,24.166092,24.596748,24.596748,21.470911,19.235384,15.652476,11.7047,8.062258,7.28011,7.071068,8.602325,11.18034,12.529964,14.764823,16.124515,17.204651,17.804494,19.104973,19.104973,18.439089,17.029386,14.866069,12.727922,10.29563
20260626_181812,2026-06-26T18:18:21.505206+09:00,skeleton,RX1,11.401754,13.0,13.416408,13.892444,14.764823,15.652476,14.317821,14.317821,13.0,11.7047,10.440307,9.219544,8.246211,7.28011,5.830952,4.242641,5.830952,6.324555,7.28011,9.486833,9.486833,11.18034,10.816654,10.0,8.485281,7.211103,17.0,18.027756,19.646883,19.416488,18.11077,15.033296,13.038405,11.045361,8.544004,8.602325,8.602325,9.433981,11.18034,12.529964,13.416408,14.764823,15.264338,15.264338,15.811388,15.811388,15.811388,14.422205,13.892444,12.529964,11.7047,11.045361
20260626_181812,2026-06-26T18:18:21.535153+09:00,skeleton,RX2,23.430749,23.600847,21.400935,18.601075,14.21267,10.0,7.28011,7.615773,9.899495,14.21267,17.204651,20.808652,23.600847,25.0,27.018512,27.658633,26.907248,23.430749,19.209373,12.806248,6.708204,3.605551,10.049876,16.492423,20.880613,24.351591,13.341664,12.649111,10.77033,9.433981,5.656854,4.0,4.242641,6.082763,8.0,10.198039,10.77033,11.661904,11.401754,11.313708,10.0,10.29563,8.544004,7.28011,6.082763,4.123106,2.236068,3.605551,8.485281,12.727922,16.278821,19.849433
20260626_181812,2026-06-26T18:18:21.565237+09:00,skeleton,RX3,23.4094,21.931712,18.788294,15.652476,12.083046,9.486833,7.0,6.324555,7.615773,8.602325,8.602325,10.0,10.816654,10.816654,11.18034,11.18034,12.083046,11.18034,11.18034,10.29563,10.0,9.219544,9.219544,9.433981,9.433981,9.433981,10.29563,7.81025,6.082763,7.615773,12.206556,14.866069,18.439089,20.615528,22.203603,22.472205,21.954498,19.697716,18.027756,15.811388,13.341664,11.401754,9.486833,8.062258,6.403124,8.544004,11.18034,15.132746,18.11077,21.213203,23.345235,24.738634
20260626_181812,2026-06-26T18:18:21.595111+09:00,skeleton,RX1,21.633308,18.027756,17.204651,14.422205,11.661904,9.848858,8.246211,7.0,7.28011,8.944272,9.433981,10.0,10.816654,13.038405,13.892444,14.317821,13.0,13.341664,11.18034,10.049876,8.062258,6.324555,5.0,3.605551,5.385165,6.324555,6.403124,7.071068,10.049876,13.152946,16.278821,19.104973,21.023796,22.0,22.090722,21.377558,19.646883,18.027756,13.928388,11.7047,10.440307,8.062258,8.062258,8.062258,8.485281,10.630146,13.601471,15.264338,18.35756,19.723083,21.095023,22.472205
20260626_181812,2026-06-26T18:18:21.625837+09:00,skeleton,RX2,3.605551,5.385165,9.055385,12.0,14.0,15.0,16.0,16.0,15.0,13.038405,12.0,9.0,6.082763,3.605551,3.162278,6.403124,11.401754,15.811388,18.867962,22.472205,24.186773,24.186773,23.706539,21.470911,17.0,12.529964,4.242641,6.403124,8.602325,10.29563,11.18034,11.18034,10.440307,10.198039,8.062258,7.0,5.09902,3.605551,2.236068,2.236068,2.828427,4.472136,5.09902,7.071068,7.28011,8.944272,10.29563,11.401754,11.401754,10.630146,9.219544,7.211103
20260626_181812,2026-06-26T18:18:21.657278+09:00,skeleton,RX3,23.345235,21.213203,18.11077,15.033296,11.045361,9.219544,6.708204,5.656854,5.830952,6.708204,7.615773,8.544004,8.944272,9.848858,10.29563,10.816654,9.433981,9.433981,9.433981,8.944272,8.544004,8.246211,9.055385,9.0,9.0,9.055385,11.661904,8.544004,7.071068,8.485281,12.083046,16.155494,18.973666,21.18962,22.847319,23.259407,22.472205,20.808652,19.209373,16.970563,14.866069,12.041595,9.899495,7.81025,7.28011,8.062258,10.440307,13.928388,17.464249,20.615528,23.4094,23.769729
20260626_181812,2026-06-26T18:18:21.687972+09:00,skeleton,RX1,14.21267,15.620499,16.278821,16.278821,16.970563,16.970563,16.278821,14.866069,13.453624,12.041595,11.401754,10.0,9.219544,8.485281,7.211103,7.615773,7.28011,8.246211,10.049876,11.045361,11.18034,12.649111,12.083046,10.816654,9.433981,7.81025,17.804494,19.104973,18.439089,18.601075,16.643317,13.892444,11.401754,8.485281,8.062258,9.055385,11.0,12.041595,14.0,15.0,15.033296,16.03122,16.124515,16.124515,15.297059,15.297059,14.142136,14.035669,13.0,12.165525,12.369317,13.416408
20260626_181812,2026-06-26T18:18:21.715235+09:00,skeleton,RX2,21.84033,21.84033,20.880613,16.763055,13.0,9.433981,5.385165,5.385165,8.602325,12.083046,16.155494,18.973666,21.84033,24.738634,24.738634,25.495098,24.33105,21.213203,16.03122,10.0,4.123106,5.0,11.7047,18.681542,23.345235,26.172505,13.453624,14.21267,13.038405,11.18034,9.055385,8.246211,7.81025,8.944272,10.198039,11.045361,11.045361,11.18034,10.77033,10.29563,9.219544,9.219544,8.944272,8.246211,7.071068,5.09902,3.605551,3.0,5.656854,9.433981,14.317821,16.763055
20260626_181812,2026-06-26T18:18:21.745032+09:00,skeleton,RX3,9.219544,11.0,13.038405,14.142136,14.142136,15.033296,14.0,13.0,12.041595,11.045361,10.049876,8.062258,7.071068,6.0,6.082763,5.385165,5.830952,6.403124,7.81025,7.81025,8.485281,7.81025,7.81025,5.830952,5.830952,4.123106,22.022716,24.207437,25.806976,26.627054,25.238859,23.323808,19.723083,16.124515,12.206556,8.485281,6.324555,6.082763,8.062258,10.0,12.206556,14.422205,16.124515,17.0,17.464249,18.027756,17.720045,17.464249,16.492423,13.601471,11.7047,10.0
20260626_181812,2026-06-26T18:18:21.775231+09:00,skeleton,RX1,20.615528,19.209373,17.029386,15.556349,14.142136,12.206556,10.29563,10.77033,10.198039,11.045361,11.0,12.0,13.0,13.0,13.038405,14.035669,13.152946,12.369317,11.401754,10.198039,8.246211,7.071068,6.082763,6.324555,7.615773,7.615773,6.324555,9.0,12.041595,15.132746,18.11077,21.0,22.022716,22.203603,22.803509,21.18962,19.313208,17.464249,14.317821,12.083046,10.440307,9.0,8.246211,8.944272,11.661904,13.601471,15.620499,17.804494,19.104973,20.615528,21.260292,22.022716
20260626_181812,2026-06-26T18:18:21.805109+09:00,skeleton,RX2,22.022716,23.021729,22.090722,19.104973,15.297059,10.440307,5.830952,3.0,5.385165,9.219544,13.152946,16.124515,19.026298,22.022716,24.0,24.020824,23.086793,20.223748,15.524175,10.77033,4.242641,5.385165,12.0,18.11077,23.537205,25.96151,16.124515,15.297059,14.56022,13.0,12.206556,10.630146,10.77033,11.045361,11.18034,11.7047,11.661904,11.401754,10.630146,10.816654,9.848858,9.486833,9.055385,9.0,8.246211,6.324555,4.242641,3.0,5.0,8.246211,13.152946,17.117243
20260626_181812,2026-06-26T18:18:21.835106+09:00,skeleton,RX3,23.769729,22.36068,19.235384,16.124515,12.165525,9.219544,6.708204,6.403124,5.830952,6.708204,7.28011,8.544004,9.486833,9.848858,10.77033,11.18034,10.29563,10.29563,9.848858,9.486833,8.246211,8.062258,8.0,9.219544,8.246211,8.246211,10.816654,8.544004,7.071068,8.485281,12.529964,16.155494,20.248457,22.847319,24.596748,24.186773,23.853721,22.203603,19.849433,16.970563,14.866069,12.727922,9.899495,8.602325,7.28011,8.062258,10.77033,14.317821,17.888544,21.023796,23.769729,24.351591
20260626_181812,2026-06-26T18:18:22.011000+09:00,skeleton,RX1,14.422205,15.652476,16.552945,17.464249,17.464249,17.888544,17.0,16.124515,14.422205,13.038405,11.661904,10.29563,8.944272,7.615773,7.071068,7.0,8.246211,9.486833,11.401754,12.369317,13.152946,13.038405,12.0,11.045361,9.219544,8.246211,18.35756,19.416488,18.439089,18.384776,16.278821,13.601471,11.401754,9.219544,7.615773,8.0,9.219544,11.401754,13.601471,14.56022,15.524175,16.124515,16.03122,16.03122,16.0,15.033296,14.035669,14.142136,12.369317,11.7047,12.206556,12.041595
20260626_181812,2026-06-26T18:18:22.184027+09:00,skeleton,RX2,22.472205,22.472205,22.472205,18.973666,14.56022,11.045361,6.324555,5.0,7.28011,11.18034,15.264338,18.027756,21.400935,23.430749,25.612497,25.495098,24.758837,21.931712,16.278821,10.0,4.123106,4.123106,12.206556,19.209373,24.758837,27.586228,17.029386,17.029386,16.03122,15.132746,12.649111,10.816654,8.602325,8.246211,9.055385,9.848858,10.0,10.630146,10.29563,10.77033,10.198039,10.049876,10.049876,9.219544,8.944272,7.211103,5.0,3.0,5.09902,8.062258,12.649111,17.720045
20260626_181812,2026-06-26T18:18:22.347513+09:00,skeleton,RX3,8.602325,11.18034,12.649111,14.56022,14.56022,14.866069,14.317821,13.416408,12.529964,10.816654,9.433981,8.062258,6.708204,5.385165,5.385165,5.0,5.09902,5.385165,7.211103,7.211103,8.602325,7.81025,7.81025,7.071068,5.656854,4.472136,21.095023,22.090722,25.179357,25.317978,24.515301,21.377558,18.439089,14.142136,11.045361,7.071068,5.656854,6.324555,8.0,10.0,12.0,14.0,16.03122,17.117243,17.262677,17.720045,18.027756,17.088007,15.811388,13.601471,11.18034,8.062258
20260626_181812,2026-06-26T18:18:22.347699+09:00,skeleton,RX1,20.248457,17.720045,15.811388,13.0,11.18034,8.602325,8.485281,8.062258,8.246211,8.246211,9.055385,11.045361,12.041595,13.152946,13.152946,12.369317,12.649111,11.7047,9.848858,8.944272,7.615773,5.385165,5.09902,5.385165,5.830952,6.708204,6.708204,7.81025,9.433981,13.0,15.231546,19.235384,21.095023,21.633308,21.260292,20.518285,19.209373,17.204651,14.422205,12.206556,10.0,7.81025,6.708204,7.0,9.219544,11.401754,13.928388,16.552945,17.464249,20.615528,20.615528,21.540659
20260626_181812,2026-06-26T18:18:22.347840+09:00,skeleton,RX2,20.024984,20.024984,19.026298,16.03122,13.152946,9.486833,7.071068,8.246211,10.049876,12.649111,16.763055,18.973666,21.18962,24.351591,24.351591,24.041631,23.086793,20.248457,15.652476,10.0,6.082763,9.219544,14.764823,21.540659,25.298221,28.160256,17.464249,17.720045,16.278821,15.033296,12.041595,9.848858,7.81025,6.324555,7.28011,8.602325,9.433981,10.77033,11.18034,11.0,11.045361,11.401754,10.77033,9.433981,8.602325,6.403124,3.605551,1.0,4.0,8.062258,12.165525,16.124515
20260626_181812,2026-06-26T18:18:22.347999+09:00,skeleton,RX3,22.135944,20.615528,17.464249,14.317821,11.18034,8.246211,5.830952,4.242641,4.472136,6.082763,7.071068,7.071068,8.062258,9.219544,9.219544,9.486833,9.848858,8.544004,8.544004,7.28011,7.071068,7.0,7.071068,6.324555,6.708204,6.708204,10.630146,7.615773,6.082763,7.81025,11.661904,15.652476,18.788294,21.023796,22.825424,22.472205,21.633308,20.615528,18.439089,16.970563,13.453624,12.041595,9.219544,7.211103,6.324555,7.071068,9.848858,12.529964,16.124515,19.723083,21.470911,23.259407
20260626_181812,2026-06-26T18:18:22.348131+09:00,skeleton,RX1,13.601471,15.524175,16.278821,16.278821,16.492423,16.492423,15.524175,14.56022,14.56022,12.649111,11.7047,10.440307,9.486833,8.246211,8.062258,7.071068,7.28011,8.944272,10.29563,11.18034,12.083046,12.649111,12.369317,11.18034,11.045361,9.0,17.117243,18.439089,18.973666,17.464249,16.552945,14.764823,12.529964,9.486833,8.062258,8.246211,8.944272,10.816654,12.206556,13.892444,14.764823,15.652476,15.652476,16.155494,16.155494,16.155494,14.866069,14.317821,13.892444,12.206556,11.313708,12.206556
20260626_181812,2026-06-26T18:18:22.348258+09:00,skeleton,RX2,6.082763,7.211103,9.219544,10.630146,12.806248,13.601471,13.601471,12.806248,11.401754,10.0,8.602325,5.830952,4.0,4.242641,6.324555,10.049876,14.035669,18.027756,21.023796,23.021729,24.020824,24.020824,22.090722,19.026298,14.035669,10.049876,4.123106,6.708204,8.602325,10.630146,12.206556,13.038405,12.529964,12.083046,11.7047,9.219544,8.246211,6.0,4.0,3.0,1.0,1.414214,2.236068,4.242641,5.656854,7.071068,7.81025,9.219544,10.0,10.0,8.602325,6.403124
20260626_181812,2026-06-26T18:18:22.348393+09:00,skeleton,RX3,6.403124,9.848858,11.401754,12.649111,13.601471,13.601471,13.0,12.083046,11.18034,10.29563,8.602325,7.211103,5.830952,4.472136,4.123106,4.0,4.123106,5.385165,5.830952,7.211103,7.211103,7.211103,7.211103,6.403124,6.403124,5.0,21.931712,24.166092,26.832816,26.832816,25.942244,23.706539,19.723083,15.652476,11.18034,7.28011,5.385165,5.0,7.28011,9.219544,11.18034,13.341664,15.524175,17.088007,18.027756,17.888544,18.35756,17.492856,15.264338,13.416408,10.77033,8.062258
20260626_181812,2026-06-26T18:18:22.348522+09:00,skeleton,RX1,23.086793,23.086793,20.223748,17.117243,15.033296,13.038405,10.440307,10.29563,10.0,9.219544,10.816654,12.206556,13.892444,14.422205,15.620499,15.620499,16.970563,15.620499,14.422205,12.529964,11.18034,8.944272,7.071068,5.830952,5.09902,6.082763,7.071068,8.944272,11.401754,14.866069,17.691806,20.518285,22.803509,23.021729,23.706539,22.847319,21.18962,17.720045,15.524175,13.601471,10.77033,9.433981,8.485281,8.544004,11.401754,13.152946,16.03122,19.0,20.0,23.0,25.019992,25.019992
20260626_181812,2026-06-26T18:18:22.348600+09:00,skeleton,RX2,7.071068,8.944272,11.401754,14.142136,14.866069,16.278821,16.278821,15.556349,14.866069,12.727922,11.313708,7.81025,5.830952,5.0,5.656854,8.944272,12.649111,16.763055,19.646883,21.84033,22.803509,23.086793,22.135944,18.973666,15.231546,10.77033,3.0,4.472136,7.211103,7.81025,9.219544,10.0,10.0,9.433981,7.615773,7.28011,5.09902,3.0,2.0,1.0,3.162278,4.123106,5.830952,6.403124,8.485281,9.219544,10.0,10.816654,10.816654,8.602325,7.81025
20260626_181812,2026-06-26T18:18:22.348719+09:00,skeleton,RX3,22.803509,21.400935,18.027756,14.422205,10.816654,7.81025,5.656854,4.123106,4.123106,5.830952,6.708204,8.062258,8.944272,8.944272,9.486833,9.486833,10.440307,9.219544,9.219544,8.246211,7.615773,8.062258,7.211103,7.071068,6.403124,7.211103,12.206556,8.544004,6.082763,7.071068,10.77033,14.317821,18.248288,20.223748,22.36068,21.84033,21.18962,20.248457,18.788294,16.124515,13.601471,11.401754,8.602325,6.708204,5.0,5.830952,8.485281,12.806248,16.401219,19.209373,22.671568,23.345235
20260626_181812,2026-06-26T18:18:22.348850+09:00,skeleton,RX1,20.615528,20.223748,18.248288,15.524175,13.341664,10.440307,8.062258,7.071068,6.708204,7.28011,9.055385,11.045361,12.041595,13.152946,13.341664,14.56022,14.866069,13.416408,13.038405,11.401754,8.602325,7.211103,4.472136,4.0,4.472136,5.0,6.324555,8.062258,9.899495,13.601471,16.401219,19.209373,20.518285,21.213203,22.022716,20.808652,19.723083,18.35756,15.231546,13.0,10.29563,8.602325,7.81025,7.615773,9.055385,11.045361,13.341664,15.524175,17.720045,19.646883,20.880613,21.84033
20260626_181812,2026-06-26T18:18:22.348957+09:00,skeleton,RX2,23.769729,23.769729,21.587033,17.720045,13.928388,10.29563,8.602325,9.055385,11.045361,14.317821,17.720045,19.646883,21.587033,23.345235,25.179357,25.079872,24.020824,21.0,17.0,12.0,6.324555,5.0,10.0,14.866069,19.79899,21.931712,10.198039,10.049876,9.0,7.071068,4.472136,2.236068,2.236068,5.09902,7.071068,8.246211,9.848858,10.29563,10.0,10.630146,10.0,8.944272,8.544004,7.615773,6.324555,5.0,4.472136,6.0,9.219544,13.928388,18.027756,20.880613
20260626_181812,2026-06-26T18:18:22.349029+09:00,skeleton,RX3,8.246211,10.29563,12.206556,14.422205,15.0,15.811388,15.264338,14.764823,12.083046,11.7047,9.486833,8.544004,7.615773,6.708204,5.0,5.0,5.830952,6.082763,7.0,8.0,9.055385,10.049876,10.049876,9.219544,8.246211,7.615773,20.248457,22.472205,24.698178,25.059928,24.186773,22.36068,19.235384,14.764823,11.18034,7.211103,4.472136,4.123106,6.403124,8.485281,10.630146,12.727922,13.453624,15.0,16.643317,17.0,17.888544,17.464249,15.231546,13.0,10.29563,7.81025
20260626_181812,2026-06-26T18:18:22.349115+09:00,skeleton,RX1,12.083046,13.416408,15.264338,15.811388,17.204651,16.643317,16.643317,15.652476,14.764823,13.416408,11.18034,9.848858,8.544004,6.708204,5.0,4.472136,5.09902,7.071068,9.219544,10.049876,12.041595,13.038405,12.165525,11.7047,9.848858,8.062258,19.235384,21.095023,22.0,22.022716,20.223748,18.248288,15.132746,12.041595,9.219544,8.944272,9.219544,11.401754,13.038405,14.422205,15.264338,15.811388,17.204651,17.204651,18.439089,17.804494,17.804494,16.401219,15.0,13.892444,12.083046,11.045361
20260626_181812,2026-06-26T18:18:22.349202+09:00,skeleton,RX2,9.055385,8.544004,10.816654,12.041595,14.142136,14.142136,14.142136,13.453624,13.453624,11.401754,9.899495,8.485281,5.830952,5.09902,5.385165,7.81025,11.401754,15.0,18.027756,20.808652,21.400935,22.022716,21.260292,19.849433,16.970563,12.727922,6.082763,8.246211,10.049876,11.045361,12.0,12.041595,12.165525,11.401754,9.486833,8.062258,5.830952,5.0,2.828427,2.0,1.414214,2.236068,4.123106,5.385165,7.28011,8.944272,9.433981,10.816654,11.401754,11.401754,10.816654,9.848858
20260626_181812,2026-06-26T18:18:22.375937+09:00,skeleton,RX3,7.615773,8.0,11.18034,12.649111,13.601471,14.317821,14.317821,14.142136,13.152946,12.041595,11.0,10.0,8.0,7.0,6.082763,5.385165,5.385165,5.0,5.830952,5.385165,6.082763,7.071068,7.0,7.071068,6.324555,5.830952,21.587033,24.515301,26.476405,27.45906,26.305893,24.186773,20.223748,16.124515,12.165525,8.544004,5.656854,5.09902,7.28011,8.944272,12.083046,14.317821,16.155494,18.027756,18.681542,19.416488,19.104973,19.026298,18.027756,16.03122,13.038405,10.440307
20260626_181812,2026-06-26T18:18:22.405413+09:00,skeleton,RX1,23.537205,21.587033,18.681542,16.763055,13.341664,10.049876,8.062258,6.708204,7.071068,8.062258,9.848858,11.7047,12.649111,13.928388,15.231546,16.124515,15.811388,15.620499,14.142136,12.806248,10.0,6.403124,4.242641,3.0,3.605551,5.0,7.071068,7.615773,9.055385,12.041595,15.297059,19.235384,21.095023,23.021729,23.0,22.090722,20.396078,18.681542,15.811388,13.601471,10.198039,9.055385,7.071068,6.708204,7.81025,9.848858,12.649111,15.132746,17.262677,19.235384,22.36068,23.345235
20260626_181812,2026-06-26T18:18:22.435216+09:00,skeleton,RX2,11.18034,11.7047,12.369317,13.152946,14.035669,14.0,13.0,12.0,11.045361,9.055385,8.246211,6.708204,7.071068,6.708204,9.219544,12.041595,15.033296,18.0,20.0,22.0,23.021729,23.086793,21.213203,18.248288,15.297059,10.440307,7.28011,9.219544,11.401754,13.0,13.416408,13.038405,12.206556,11.401754,9.899495,7.81025,5.830952,4.472136,2.236068,1.0,1.0,2.236068,3.605551,5.0,5.0,7.071068,7.81025,10.0,10.816654,10.816654,11.401754,10.630146
20260626_181812,2026-06-26T18:18:22.465079+09:00,skeleton,RX3,24.041631,23.537205,21.213203,18.248288,14.035669,11.045361,8.246211,5.385165,4.242641,5.385165,6.082763,7.0,8.0,9.0,10.0,11.045361,12.041595,12.0,12.0,12.0,11.045361,11.045361,10.198039,9.486833,8.544004,7.615773,11.661904,8.485281,5.385165,5.385165,9.219544,13.892444,17.492856,19.723083,21.633308,21.400935,22.022716,20.518285,18.439089,16.401219,14.422205,13.038405,10.816654,7.81025,6.403124,6.082763,9.219544,11.7047,15.231546,18.384776,21.540659,23.4094
20260626_181812,2026-06-26T18:18:22.495095+09:00,skeleton,RX1,11.18034,13.0,14.035669,15.033296,16.124515,17.117243,16.03122,16.03122,14.0,13.0,11.18034,10.049876,9.219544,7.071068,5.0,4.123106,4.242641,5.385165,7.28011,8.246211,9.486833,11.18034,10.816654,10.630146,9.219544,7.211103,20.615528,21.470911,22.472205,22.203603,21.260292,18.384776,14.866069,12.806248,9.848858,9.055385,9.219544,10.77033,13.0,14.317821,15.652476,17.464249,17.464249,18.384776,19.313208,18.973666,18.027756,17.088007,15.231546,13.416408,12.206556,10.630146
20260626_181812,2026-06-26T18:18:22.525399+09:00,skeleton,RX2,10.0,10.0,10.77033,12.041595,13.0,14.142136,14.142136,14.317821,13.341664,12.369317,11.7047,9.848858,8.602325,7.81025,8.544004,10.049876,12.041595,15.297059,17.720045,18.973666,19.924859,19.924859,18.973666,17.088007,13.601471,10.440307,11.661904,13.601471,15.556349,16.278821,16.401219,15.264338,14.317821,11.7047,10.198039,7.0,5.09902,3.605551,2.0,2.828427,4.123106,5.09902,6.324555,8.062258,9.219544,10.630146,13.038405,13.416408,14.866069,14.866069,14.56022,13.0
20260626_181812,2026-06-26T18:18:22.555280+09:00,skeleton,RX3,25.495098,22.825424,21.954498,18.027756,15.811388,13.038405,10.77033,8.246211,8.062258,8.062258,9.219544,10.198039,10.440307,11.401754,12.369317,13.341664,13.152946,13.341664,13.601471,12.649111,13.0,13.038405,13.038405,13.601471,13.453624,13.453624,10.816654,8.602325,5.0,5.09902,7.071068,11.401754,13.601471,16.401219,18.439089,19.104973,19.209373,18.867962,17.0,16.155494,14.56022,12.369317,11.401754,8.544004,8.062258,7.071068,8.944272,11.7047,14.56022,18.681542,21.18962,24.351591
20260626_181812,2026-06-26T18:18:22.586923+09:00,skeleton,RX1,22.803509,20.880613,18.681542,16.492423,14.56022,11.7047,10.29563,7.81025,7.81025,7.615773,8.246211,10.049876,11.045361,12.041595,13.152946,13.341664,14.56022,13.416408,12.529964,11.661904,10.0,7.211103,5.830952,4.123106,4.0,4.123106,7.071068,7.211103,10.0,12.529964,17.0,19.723083,21.633308,22.803509,23.345235,23.345235,21.400935,19.416488,16.643317,14.422205,11.401754,9.899495,8.602325,8.544004,9.055385,12.041595,13.341664,16.763055,18.973666,19.924859,22.135944,23.086793
20260626_181812,2026-06-26T18:18:22.615086+09:00,skeleton,RX2,4.472136,7.071068,9.0,11.045361,13.152946,13.152946,13.152946,12.165525,11.18034,9.219544,8.246211,5.385165,3.605551,4.123106,7.071068,10.0,14.422205,18.35756,21.470911,23.259407,24.596748,24.596748,22.825424,20.124612,15.652476,11.661904,14.56022,17.088007,17.088007,17.464249,16.552945,14.764823,12.529964,9.433981,6.403124,3.605551,1.0,2.0,3.162278,5.0,6.403124,7.071068,7.81025,8.062258,8.544004,8.246211,8.062258,8.0,8.062258,7.071068,6.082763,5.0
20260626_181812,2026-06-26T18:18:22.647031+09:00,skeleton,RX3,23.600847,22.472205,19.723083,17.0,13.892444,10.816654,9.219544,7.211103,6.708204,7.28011,8.062258,9.055385,10.049876,11.18034,11.18034,11.401754,12.369317,12.369317,12.165525,11.18034,11.0,11.045361,10.198039,10.440307,10.77033,10.77033,13.341664,9.486833,7.81025,6.324555,9.055385,11.7047,14.317821,17.464249,18.973666,19.646883,19.235384,18.11077,17.0,16.124515,14.142136,12.165525,10.198039,8.062258,7.071068,7.615773,9.219544,12.727922,15.620499,19.104973,22.627417,22.671568
20260626_181812,2026-06-26T18:18:22.680205+09:00,skeleton,RX1,25.495098,24.698178,22.472205,19.313208,17.088007,13.928388,10.29563,8.602325,7.211103,7.28011,8.0,9.0,11.045361,13.0,14.035669,15.0,15.132746,15.297059,14.866069,13.416408,10.816654,8.602325,6.403124,3.605551,3.0,2.236068,7.0,8.062258,9.899495,12.806248,16.643317,20.808652,22.803509,24.083189,24.041631,24.083189,22.803509,20.0,17.492856,15.0,12.806248,11.313708,9.433981,9.486833,10.198039,11.045361,13.601471,15.811388,18.788294,21.023796,23.706539,24.596748
20260626_181812,2026-06-26T18:18:22.705442+09:00,skeleton,RX2,5.656854,8.062258,9.486833,11.401754,12.165525,13.152946,13.152946,12.165525,10.049876,9.055385,7.0,5.09902,3.605551,5.0,7.28011,10.29563,14.422205,17.804494,20.0,22.022716,23.430749,22.803509,20.615528,17.804494,14.21267,10.0,13.601471,17.029386,17.691806,18.384776,17.691806,16.278821,12.806248,10.0,7.211103,3.605551,1.0,2.236068,4.242641,5.830952,6.708204,8.544004,8.544004,9.219544,10.0,10.049876,10.198039,10.440307,9.486833,8.544004,7.28011,6.0
20260626_181812,2026-06-26T18:18:22.735058+09:00,skeleton,RX3,24.738634,23.086793,21.18962,17.088007,13.601471,10.440307,8.062258,6.324555,6.403124,7.071068,9.219544,10.630146,11.401754,12.041595,12.727922,13.453624,13.453624,13.453624,12.041595,11.313708,10.630146,9.219544,8.062258,7.615773,7.28011,7.071068,10.630146,8.062258,7.071068,7.615773,10.630146,14.21267,17.029386,19.849433,19.79899,19.849433,20.0,18.867962,17.0,15.231546,13.0,11.7047,8.944272,7.211103,7.81025,8.246211,11.045361,15.0,18.0,21.023796,24.083189,25.179357
20260626_181812,2026-06-26T18:18:22.765998+09:00,skeleton,RX1,23.323808,23.323808,20.808652,18.601075,16.401219,13.038405,10.29563,8.544004,6.0,7.28011,8.062258,8.602325,10.630146,12.206556,13.038405,13.892444,15.231546,14.56022,13.152946,12.041595,10.0,8.0,6.0,4.0,2.236068,3.605551,8.485281,7.615773,9.055385,12.041595,15.132746,17.117243,20.024984,22.0,23.021729,23.194827,21.377558,19.646883,16.763055,14.56022,12.369317,11.18034,9.0,9.219544,8.944272,10.630146,12.041595,14.422205,16.643317,19.235384,21.470911,22.825424
20260626_181812,2026-06-26T18:18:22.795287+09:00,skeleton,RX2,4.472136,7.28011,9.219544,11.18034,12.041595,13.038405,12.041595,12.0,10.0,8.0,6.082763,3.605551,3.0,5.830952,9.219544,12.206556,16.643317,19.723083,22.36068,24.596748,24.596748,24.166092,21.470911,18.35756,15.264338,10.0,18.11077,19.235384,20.099751,19.104973,18.11077,15.132746,12.041595,9.0,5.0,1.414214,2.236068,4.472136,6.324555,7.28011,8.246211,8.062258,8.0,8.062258,8.246211,7.28011,6.708204,7.211103,5.656854,5.656854,4.242641,3.162278
20260626_181812,2026-06-26T18:18:22.825801+09:00,skeleton,RX3,8.544004,11.045361,13.0,15.033296,15.033296,16.0,15.033296,14.035669,13.152946,12.165525,10.198039,9.219544,7.071068,6.0,5.0,4.123106,3.605551,4.472136,4.472136,5.09902,6.082763,6.082763,6.0,6.0,5.0,4.123106,19.416488,21.213203,23.194827,23.086793,22.090722,20.024984,17.029386,14.035669,10.198039,7.28011,5.656854,6.082763,7.0,9.219544,11.18034,13.152946,15.132746,17.029386,17.0,18.027756,18.248288,18.248288,16.278821,14.142136,11.0,8.246211
20260626_181812,2026-06-26T18:18:22.858011+09:00,skeleton,RX1,26.248809,25.612497,23.600847,20.248457,16.643317,13.601471,10.0,7.211103,5.385165,6.082763,7.615773,8.944272,10.29563,12.529964,13.928388,14.56022,15.524175,15.033296,14.035669,12.369317,9.486833,7.615773,4.472136,3.162278,2.236068,2.236068,10.198039,10.29563,11.313708,12.206556,16.552945,19.697716,23.259407,25.059928,26.07681,25.806976,24.839485,22.671568,19.849433,17.691806,14.866069,12.806248,10.816654,9.486833,9.0,11.7047,12.529964,15.0,17.691806,21.213203,23.345235,25.455844
20260626_181812,2026-06-26T18:18:22.885379+09:00,skeleton,RX2,10.440307,9.219544,8.544004,6.403124,5.385165,7.071068,9.486833,11.18034,13.892444,16.124515,17.492856,18.35756,19.235384,20.124612,18.788294,17.888544,15.652476,11.661904,6.403124,3.162278,7.28011,14.035669,20.0,24.0,28.0,30.0,3.162278,2.0,6.403124,11.313708,16.278821,19.849433,22.022716,23.430749,23.600847,22.203603,20.808652,18.027756,14.764823,12.529964,9.848858,6.708204,4.472136,2.236068,1.0,2.828427,3.605551,5.0,6.403124,8.062258,9.848858,10.77033
20260626_181812,2026-06-26T18:18:22.915228+09:00,skeleton,RX3,27.45906,25.238859,23.600847,18.601075,15.811388,12.206556,8.062258,6.082763,5.09902,4.472136,5.656854,6.403124,7.211103,8.602325,8.602325,9.219544,10.0,9.219544,8.602325,8.602325,8.062258,7.615773,7.615773,8.246211,7.071068,7.071068,10.630146,6.403124,4.123106,5.830952,10.198039,15.132746,18.248288,21.377558,22.561028,24.041631,23.086793,21.540659,19.235384,17.492856,15.264338,12.206556,10.29563,7.615773,6.0,6.403124,9.433981,14.317821,17.464249,22.36068,25.942244,27.294688
20260626_181812,2026-06-26T18:18:22.945343+09:00,skeleton,RX1,25.0,23.769729,21.587033,18.248288,15.297059,11.401754,8.544004,5.656854,5.385165,6.0,8.246211,10.440307,11.7047,13.601471,15.297059,15.132746,16.03122,15.033296,14.317821,11.7047,10.77033,7.211103,4.472136,2.236068,1.414214,2.236068,9.219544,6.708204,8.0,10.198039,13.0,17.464249,20.615528,22.472205,23.086793,22.803509,21.377558,20.223748,17.117243,15.132746,12.041595,11.18034,8.544004,6.403124,6.708204,8.062258,10.198039,13.601471,16.763055,19.313208,22.472205,24.351591
20260626_181812,2026-06-26T18:18:22.975478+09:00,skeleton,RX2,7.615773,9.848858,11.18034,12.529964,12.529964,12.529964,11.661904,10.29563,8.944272,6.708204,3.605551,1.414214,3.0,5.09902,9.055385,13.152946,17.262677,20.396078,22.561028,23.537205,24.515301,22.561028,20.615528,16.492423,12.369317,7.071068,15.0,17.029386,17.029386,17.029386,15.620499,14.21267,10.630146,7.071068,3.605551,1.414214,3.162278,5.385165,7.211103,8.062258,9.433981,10.0,10.0,9.219544,9.899495,8.485281,7.81025,6.403124,5.656854,4.242641,4.123106,5.0
20260626_181812,2026-06-26T18:18:23.005630+09:00,skeleton,RX3,8.246211,8.602325,10.630146,12.206556,13.038405,13.892444,13.038405,13.038405,11.401754,10.630146,9.899495,8.485281,7.81025,7.81025,5.830952,6.708204,6.324555,7.071068,7.0,8.062258,8.062258,8.246211,8.246211,7.28011,6.324555,5.830952,18.248288,21.377558,23.537205,24.738634,24.041631,23.4094,20.248457,17.088007,13.0,9.486833,7.071068,5.385165,5.830952,7.28011,9.219544,11.401754,13.601471,15.811388,17.464249,18.788294,19.235384,18.867962,18.027756,16.643317,14.422205,11.7047
20260626_181812,2026-06-26T18:18:23.036626+09:00,skeleton,RX1,27.018512,26.019224,23.021729,20.024984,17.0,13.0,10.198039,7.615773,7.071068,7.615773,9.055385,11.045361,13.038405,15.033296,16.124515,16.278821,17.720045,17.088007,15.652476,13.601471,12.041595,9.219544,6.403124,3.605551,2.236068,2.236068,8.062258,5.830952,8.062258,11.18034,15.524175,18.681542,22.561028,24.33105,25.179357,25.019992,23.021729,21.023796,19.104973,16.03122,14.0,11.045361,9.219544,8.602325,8.602325,10.77033,13.152946,16.0,19.026298,23.021729,25.079872,27.018512
20260626_181812,2026-06-26T18:18:23.065149+09:00,skeleton,RX2,5.09902,7.615773,10.29563,12.206556,13.038405,13.601471,13.038405,12.206556,10.816654,8.062258,5.830952,3.162278,3.605551,7.615773,11.18034,15.231546,18.973666,21.84033,24.738634,25.495098,24.33105,23.086793,19.026298,16.03122,11.045361,16.124515,17.0,17.0,15.652476,13.416408,11.661904,7.81025,5.0,4.0,5.0,7.211103,8.062258,9.848858,9.486833,10.440307,10.198039,9.055385,9.055385,8.0,7.28011,6.708204,6.403124,5.656854,4.472136,4.123106,2.236068
20260626_181812,2026-06-26T18:18:23.095108+09:00,skeleton,RX3,25.179357,23.194827,21.023796,19.026298,15.033296,13.038405,10.198039,8.246211,8.062258,7.81025,8.485281,8.485281,9.219544,10.630146,11.313708,11.313708,12.041595,11.313708,11.313708,11.313708,11.401754,10.816654,10.816654,10.29563,10.29563,9.848858,12.165525,10.0,7.28011,7.071068,9.486833,12.165525,16.124515,18.11077,20.396078,20.615528,20.880613,19.313208,18.788294,16.643317,15.0,12.806248,11.401754,9.433981,8.544004,8.062258,10.198039,13.601471,15.811388,19.313208,22.135944,23.769729
20260626_181812,2026-06-26T18:18:23.129543+09:00,skeleton,RX1,24.207437,23.430749,21.260292,18.439089,14.866069,11.401754,8.062258,6.324555,5.09902,5.830952,7.81025,8.602325,10.0,12.041595,14.21267,14.142136,14.21267,14.422205,13.416408,11.7047,9.219544,7.071068,5.0,2.0,1.414214,6.324555,6.082763,6.403124,10.0,12.529964,16.124515,18.867962,20.808652,21.400935,21.260292,20.518285,18.384776,16.278821,14.142136,11.313708,10.0,7.615773,7.071068,7.28011,8.602325,10.630146,14.21267,18.027756,20.248457,22.472205,24.698178
20260626_181812,2026-06-26T18:18:23.155582+09:00,skeleton,RX2,6.082763,8.0,10.198039,11.18034,12.369317,12.649111,12.369317,11.401754,10.440307,8.544004,6.708204,4.242641,4.0,5.0,7.81025,10.816654,14.764823,17.888544,21.023796,22.847319,22.847319,22.847319,20.248457,16.763055,12.649111,8.246211,13.152946,14.317821,15.811388,15.811388,14.317821,13.416408,10.816654,7.81025,5.0,3.162278,2.828427,4.123106,5.09902,6.324555,6.708204,8.602325,8.485281,8.485281,8.602325,8.944272,8.544004,8.246211,8.062258,6.082763,6.324555,5.0
20260626_181812,2026-06-26T18:18:23.186138+09:00,skeleton,RX3,9.219544,10.29563,13.601471,12.806248,14.21267,14.866069,13.601471,13.601471,12.206556,10.816654,9.433981,8.602325,7.81025,7.81025,6.403124,7.211103,7.211103,7.615773,7.615773,7.28011,7.28011,7.28011,6.082763,5.0,4.123106,4.123106,17.464249,20.615528,21.84033,23.4094,21.540659,20.615528,17.464249,14.317821,10.77033,7.28011,5.09902,5.0,6.708204,7.615773,10.77033,12.083046,13.416408,14.764823,17.204651,17.029386,17.691806,16.970563,15.556349,14.142136,12.806248,9.848858
20260626_181812,2026-06-26T18:18:23.215752+09:00,skeleton,RX1,24.413111,23.021729,19.416488,17.492856,13.601471,10.630146,7.81025,6.324555,6.082763,6.708204,8.602325,10.630146,12.041595,13.601471,14.422205,14.764823,15.652476,15.524175,14.317821,12.041595,10.0,7.0,4.0,2.236068,2.0,3.162278,6.708204,6.0,7.615773,10.630146,14.142136,17.691806,20.518285,22.022716,23.600847,23.021729,21.470911,19.697716,17.464249,14.317821,12.529964,9.433981,7.81025,6.708204,7.0,9.486833,11.661904,15.0,17.804494,20.615528,22.803509,24.413111
20260626_181812,2026-06-26T18:18:23.245405+09:00,skeleton,RX2,13.601471,11.661904,8.602325,5.656854,3.162278,5.0,7.28011,11.18034,14.317821,17.262677,19.235384,20.223748,21.377558,21.377558,21.377558,19.104973,16.03122,12.041595,7.615773,5.0,9.219544,15.620499,21.095023,25.059928,28.178006,28.635642,4.242641,6.0,9.848858,13.601471,17.804494,19.849433,21.931712,22.627417,21.931712,19.849433,17.804494,14.422205,11.661904,8.944272,6.324555,3.0,1.414214,1.414214,3.162278,5.0,7.071068,9.219544,11.18034,12.206556,13.453624,14.866069
20260626_181812,2026-06-26T18:18:23.275778+09:00,skeleton,RX3,23.4094,22.803509,19.416488,16.492423,13.341664,10.440307,8.544004,7.211103,6.403124,6.708204,7.615773,8.544004,8.944272,9.848858,10.29563,10.29563,10.816654,10.29563,9.433981,8.944272,8.544004,8.246211,8.0,9.055385,9.055385,9.055385,11.18034,9.0,6.708204,8.062258,11.401754,14.142136,18.027756,20.099751,21.377558,22.561028,21.84033,20.248457,18.788294,16.643317,14.422205,12.206556,10.0,8.944272,7.28011,8.062258,9.848858,12.529964,16.643317,19.723083,22.36068,23.706539
20260626_181812,2026-06-26T18:18:23.305374+09:00,skeleton,RX1,27.018512,25.806976,23.021729,19.209373,15.0,12.041595,9.219544,6.324555,6.082763,7.615773,8.602325,10.630146,12.041595,14.21267,15.620499,15.811388,16.124515,15.652476,13.928388,12.165525,10.049876,7.071068,5.09902,2.0,2.828427,7.615773,7.071068,8.602325,12.041595,17.029386,21.260292,23.345235,24.758837,26.248809,25.806976,23.853721,21.954498,19.235384,16.124515,13.038405,10.630146,8.602325,8.246211,9.055385,10.77033,14.422205,17.804494,21.260292,24.083189,26.907248,27.658633
20260626_181812,2026-06-26T18:18:23.338986+09:00,skeleton,RX2,8.485281,11.313708,12.727922,13.453624,13.453624,13.453624,12.806248,10.630146,8.485281,6.403124,5.385165,4.123106,6.403124,8.944272,12.649111,15.811388,19.646883,21.587033,23.769729,24.738634,24.738634,22.561028,19.646883,15.297059,11.18034,6.0,13.928388,14.866069,14.866069,14.56022,12.369317,10.049876,8.0,5.09902,3.605551,2.0,2.828427,4.472136,5.385165,6.082763,6.0,7.0,6.082763,6.324555,5.385165,5.0,4.242641,4.242641,2.828427,2.236068,2.236068,3.605551
20260626_181812,2026-06-26T18:18:23.365948+09:00,skeleton,RX3,25.179357,24.186773,22.090722,19.026298,15.033296,12.041595,9.055385,6.324555,5.656854,5.830952,6.324555,8.062258,9.055385,10.049876,11.18034,12.165525,13.152946,13.152946,13.152946,13.152946,12.041595,11.0,10.049876,9.055385,8.246211,7.28011,11.045361,8.246211,5.0,4.123106,7.81025,12.041595,15.556349,19.104973,20.615528,21.400935,21.633308,20.59126,17.888544,17.464249,14.866069,12.649111,9.486833,7.615773,5.656854,6.324555,8.062258,12.369317,15.811388,19.924859,22.803509,24.738634
20260626_181812,2026-06-26T18:18:23.397311+09:00,skeleton,RX1,23.021729,21.633308,20.248457,18.027756,14.422205,12.206556,9.219544,7.211103,6.082763,6.082763,7.615773,8.944272,10.29563,11.661904,13.416408,13.928388,14.56022,14.317821,14.035669,12.0,10.198039,8.246211,5.385165,3.162278,1.0,1.0,6.082763,6.403124,9.219544,12.206556,15.264338,18.027756,20.808652,22.022716,21.931712,21.260292,20.615528,17.804494,15.811388,13.601471,12.041595,9.899495,8.062258,8.246211,9.0,10.440307,12.083046,15.264338,17.204651,20.0,21.400935,22.803509
20260626_181812,2026-06-26T18:18:23.425609+09:00,skeleton,RX2,13.453624,11.313708,8.485281,5.0,1.414214,2.828427,7.071068,10.630146,13.453624,16.278821,19.104973,19.79899,21.213203,21.260292,19.849433,18.439089,15.0,10.816654,4.472136,2.236068,8.944272,16.552945,23.4094,28.160256,30.805844,32.388269,8.602325,11.7047,15.524175,18.439089,21.377558,22.36068,22.36068,21.377558,19.235384,17.262677,14.142136,11.045361,7.0,5.09902,2.828427,3.162278,4.242641,5.830952,7.615773,9.486833,10.049876,11.045361,12.369317,13.0,13.892444,14.422205
20260626_181812,2026-06-26T18:18:23.455398+09:00,skeleton,RX3,8.944272,9.899495,10.816654,12.529964,12.529964,13.038405,13.038405,12.206556,11.401754,10.630146,10.0,8.485281,7.81025,7.211103,7.211103,7.211103,6.708204,6.708204,6.324555,7.28011,6.082763,6.082763,5.0,4.0,3.162278,2.828427,18.973666,20.880613,22.803509,23.537205,23.537205,21.377558,19.235384,15.297059,11.401754,8.544004,7.071068,6.324555,8.0,9.055385,11.045361,13.038405,14.035669,16.0,17.117243,18.248288,17.464249,17.720045,16.763055,15.524175,13.341664,11.045361
20260626_181812,2026-06-26T18:18:23.487079+09:00,skeleton,RX1,8.062258,10.440307,12.083046,13.416408,14.764823,14.317821,14.317821,13.0,13.0,11.7047,10.440307,8.246211,7.28011,6.082763,3.605551,2.236068,3.0,4.472136,6.708204,8.062258,8.544004,10.440307,10.198039,10.0,9.055385,7.28011,18.439089,19.79899,19.849433,20.0,18.867962,16.124515,13.038405,10.0,7.81025,7.28011,7.071068,8.544004,11.18034,12.529964,13.416408,14.317821,15.231546,16.155494,17.088007,16.552945,16.155494,15.231546,13.416408,11.661904,10.0,8.602325
20260626_181812,2026-06-26T18:18:23.515246+09:00,skeleton,RX2,6.403124,8.062258,10.440307,11.18034,12.165525,12.165525,12.041595,11.045361,9.055385,7.28011,4.472136,2.236068,4.242641,7.211103,10.77033,14.866069,18.973666,22.561028,24.33105,25.317978,25.179357,24.083189,21.023796,16.0,12.0,6.0,13.038405,14.035669,12.0,11.045361,9.055385,7.28011,5.0,4.123106,4.123106,5.0,6.403124,7.211103,6.708204,6.708204,6.324555,6.082763,5.0,4.123106,3.605551,3.605551,3.0,4.123106,4.472136,4.242641,4.472136,4.0
20260626_181812,2026-06-26T18:18:23.545105+09:00,skeleton,RX3,22.671568,21.400935,20.0,15.811388,13.601471,10.0,7.81025,5.830952,5.09902,5.0,6.324555,7.615773,8.062258,9.486833,9.848858,10.77033,10.77033,10.77033,11.18034,11.18034,10.816654,10.816654,10.630146,10.630146,10.0,10.0,13.453624,9.433981,5.09902,5.656854,8.544004,13.152946,17.117243,20.223748,21.587033,22.561028,21.84033,20.615528,18.788294,17.492856,15.0,12.806248,10.630146,7.81025,6.324555,5.09902,7.211103,10.630146,14.21267,17.804494,20.615528,21.931712
20260626_181812,2026-06-26T18:18:23.575113+09:00,skeleton,RX1,26.570661,25.298221,22.472205,19.313208,14.866069,11.401754,8.0,6.324555,6.403124,7.615773,9.486833,12.369317,14.56022,15.524175,16.763055,17.464249,18.35756,17.204651,15.620499,12.727922,10.630146,7.81025,5.0,2.236068,2.236068,4.472136,7.615773,7.071068,9.486833,13.152946,17.029386,20.099751,23.194827,24.515301,25.70992,25.96151,23.769729,21.931712,18.788294,16.552945,13.0,10.440307,8.062258,7.28011,8.485281,10.29563,13.928388,17.720045,20.615528,23.769729,26.925824,27.892651
20260626_181812,2026-06-26T18:18:23.605029+09:00,skeleton,RX2,9.219544,10.77033,12.083046,13.892444,14.764823,13.892444,14.422205,12.206556,10.816654,8.062258,5.830952,3.162278,1.0,4.242641,7.81025,11.661904,15.264338,18.788294,21.540659,23.4094,23.086793,22.803509,20.396078,16.124515,12.0,7.071068,14.142136,14.142136,14.142136,13.341664,11.401754,8.544004,7.211103,5.830952,6.082763,6.082763,6.708204,7.211103,7.81025,8.485281,7.81025,7.211103,6.708204,6.324555,5.09902,4.0,3.162278,2.828427,3.0,3.162278,3.605551,5.385165
20260626_181812,2026-06-26T18:18:23.635120+09:00,skeleton,RX3,9.055385,9.433981,11.401754,12.727922,14.21267,14.21267,14.866069,14.866069,14.142136,13.453624,12.041595,11.401754,10.630146,9.899495,9.899495,9.219544,8.602325,8.944272,8.544004,8.246211,8.062258,8.0,8.062258,7.28011,6.324555,5.830952,18.027756,21.18962,22.847319,24.166092,23.259407,22.36068,19.723083,16.124515,12.529964,8.544004,6.0,5.0,6.324555,8.246211,10.198039,12.369317,14.866069,16.155494,17.888544,18.35756,19.416488,18.601075,18.439089,16.401219,14.422205,11.18034
20260626_181812,2026-06-26T18:18:23.665270+09:00,skeleton,RX1,26.172505,24.041631,21.213203,18.384776,14.866069,12.041595,9.433981,7.28011,7.071068,7.615773,9.433981,10.0,11.401754,12.806248,15.0,15.264338,15.652476,14.866069,14.56022,12.369317,10.049876,8.0,5.0,2.0,1.414214,3.0,6.708204,7.81025,12.083046,14.56022,18.681542,21.84033,25.632011,26.400758,26.832816,26.07681,24.413111,21.400935,18.439089,15.620499,13.601471,12.083046,9.219544,9.0,9.486833,11.661904,14.866069,17.691806,21.260292,23.430749,24.839485,26.248809
20260626_181812,2026-06-26T18:18:23.695230+09:00,skeleton,RX2,16.124515,14.764823,12.083046,7.615773,4.472136,4.472136,9.433981,13.038405,15.811388,18.601075,20.615528,22.022716,23.345235,22.627417,22.022716,19.209373,15.264338,8.944272,2.0,6.403124,13.416408,20.248457,25.70992,30.413813,32.140317,10.198039,13.038405,14.317821,17.088007,18.788294,20.59126,21.095023,20.248457,19.416488,17.804494,14.866069,12.727922,10.630146,8.062258,6.324555,6.0,5.0,5.0,6.082763,8.0,9.486833,11.18034,12.806248,14.142136,15.620499,17.204651
20260626_181812,2026-06-26T18:18:23.725312+09:00,skeleton,RX3,10.0,10.77033,12.369317,13.152946,14.035669,15.132746,15.132746,14.317821,13.341664,12.369317,11.401754,10.440307,9.486833,9.486833,8.246211,8.062258,8.0,8.062258,8.062258,7.615773,8.544004,8.062258,7.211103,7.071068,6.403124,6.708204,17.804494,20.615528,22.203603,23.853721,23.323808,21.954498,19.235384,16.124515,11.661904,8.602325,5.830952,6.0,6.324555,8.062258,10.29563,12.529964,14.317821,16.155494,17.088007,17.720045,18.439089,18.248288,17.117243,15.132746,13.152946,11.401754
20260626_181812,2026-06-26T18:18:23.755581+09:00,skeleton,RX1,26.172505,25.179357,22.203603,18.248288,15.132746,11.0,8.246211,6.708204,6.403124,7.28011,9.219544,11.045361,13.152946,14.142136,15.132746,15.524175,15.811388,14.317821,13.892444,12.206556,9.219544,7.071068,4.242641,2.236068,1.414214,3.162278,7.071068,7.28011,11.045361,14.317821,18.439089,21.377558,24.33105,26.172505,26.07681,26.019224,24.083189,21.213203,19.235384,16.124515,14.035669,11.045361,8.246211,7.81025,9.433981,11.401754,14.142136,18.027756,21.023796,24.020824,27.018512,28.017851
20260626_181812,2026-06-26T18:18:23.785554+09:00,skeleton,RX2,14.142136,12.041595,9.055385,6.082763,2.0,2.236068,6.324555,10.198039,14.317821,17.464249,19.416488,20.615528,22.561028,22.561028,22.36068,20.223748,18.027756,13.038405,7.615773,5.0,9.219544,17.0,23.4094,28.160256,31.780497,32.388269,8.246211,8.602325,11.401754,13.0,16.492423,17.262677,19.026298,19.0,19.026298,18.11077,15.297059,13.601471,10.77033,8.062258,5.830952,3.605551,2.0,2.236068,4.0,5.385165,7.211103,9.899495,12.206556,13.038405,14.866069,15.524175
20260626_181812,2026-06-26T18:18:23.816433+09:00,skeleton,RX3,23.021729,22.022716,20.099751,17.029386,13.152946,11.045361,9.0,7.071068,5.385165,6.403124,7.071068,7.211103,8.602325,9.433981,10.0,10.816654,11.401754,10.816654,11.401754,10.816654,10.816654,10.29563,10.29563,8.944272,8.544004,7.615773,12.206556,9.848858,8.062258,7.211103,10.0,14.764823,17.888544,21.023796,22.825424,22.472205,23.021729,21.400935,19.849433,17.691806,15.620499,13.601471,11.401754,8.485281,8.062258,8.062258,10.0,12.369317,15.524175,18.681542,21.587033,22.36068
20260626_181812,2026-06-26T18:18:23.847231+09:00,skeleton,RX1,23.259407,23.259407,21.023796,17.0,14.317821,11.18034,8.246211,6.0,5.385165,6.403124,8.062258,9.848858,11.18034,13.416408,13.892444,15.0,15.620499,14.866069,13.601471,11.661904,9.848858,7.615773,5.385165,2.828427,2.0,3.162278,7.211103,7.211103,9.219544,12.041595,15.0,18.027756,21.095023,22.090722,22.36068,22.36068,20.880613,18.973666,16.763055,14.866069,12.649111,10.198039,8.0,7.28011,8.602325,10.0,12.529964,15.231546,16.763055,20.880613,23.086793,24.351591
20260626_181812,2026-06-26T18:18:23.876451+09:00,skeleton,RX2,11.18034,13.0,13.601471,14.317821,14.317821,14.142136,13.152946,11.045361,9.055385,7.071068,4.0,2.0,2.0,5.0,9.055385,12.165525,16.278821,19.416488,21.84033,23.086793,23.4094,21.931712,19.235384,16.124515,10.816654,6.403124,13.416408,13.416408,13.0,12.083046,10.77033,8.246211,6.082763,4.123106,3.605551,4.0,5.385165,6.708204,7.615773,8.062258,8.062258,7.211103,7.211103,5.656854,5.656854,4.472136,3.162278,2.236068,3.0,4.472136,5.830952,8.485281
20260626_181812,2026-06-26T18:18:23.905301+09:00,skeleton,RX3,23.537205,22.36068,20.223748,17.117243,14.035669,11.045361,8.246211,6.708204,5.656854,5.830952,6.708204,7.28011,8.246211,9.219544,10.440307,10.440307,11.7047,11.7047,11.7047,11.401754,11.401754,10.198039,10.198039,9.219544,9.219544,8.246211,13.453624,9.219544,7.071068,6.708204,10.0,14.317821,18.788294,21.023796,22.825424,23.323808,23.021729,21.400935,19.849433,17.691806,14.866069,12.806248,10.630146,7.81025,6.708204,7.0,9.486833,13.0,16.155494,19.697716,22.472205,23.086793
20260626_181812,2026-06-26T18:18:23.935644+09:00,skeleton,RX1,21.023796,20.124612,18.788294,17.464249,14.317821,11.18034,9.433981,7.071068,5.830952,6.082763,6.0,8.246211,9.486833,10.440307,12.165525,13.152946,14.035669,13.038405,13.152946,11.401754,9.848858,7.615773,5.385165,3.162278,2.0,1.414214,7.071068,6.708204,9.219544,10.816654,15.264338,18.027756,20.808652,21.260292,21.931712,21.931712,20.0,18.027756,15.811388,13.038405,11.401754,9.899495,8.602325,8.544004,8.062258,10.049876,11.401754,13.928388,16.155494,17.888544,19.235384,20.59126
20260626_181812,2026-06-26T18:18:23.965423+09:00,skeleton,RX2,15.297059,14.317821,11.401754,8.544004,4.472136,2.0,5.09902,8.062258,12.041595,15.132746,18.248288,19.416488,20.615528,21.84033,21.18962,19.697716,16.124515,10.816654,5.0,1.414214,9.899495,17.029386,23.600847,28.653098,31.780497,32.572995,10.0,12.083046,14.56022,17.262677,19.235384,21.095023,22.090722,21.095023,19.104973,17.029386,14.035669,11.045361,8.246211,6.708204,5.830952,6.082763,7.071068,8.544004,9.433981,10.630146,10.630146,11.661904,12.649111,13.341664,14.0,16.03122
20260626_181812,2026-06-26T18:18:23.995271+09:00,skeleton,RX3,23.194827,21.213203,20.396078,17.464249,14.317821,11.401754,8.246211,6.0,5.09902,5.0,5.656854,5.830952,6.708204,7.211103,8.062258,8.944272,8.944272,10.29563,10.29563,9.848858,9.848858,9.486833,9.486833,9.486833,8.544004,7.28011,13.928388,10.29563,7.071068,7.071068,8.944272,12.806248,17.029386,19.849433,21.260292,22.203603,21.954498,21.470911,19.697716,18.027756,15.524175,13.341664,11.18034,9.486833,6.708204,6.403124,7.28011,10.0,14.0,17.029386,20.024984,22.0
20260626_181812,2026-06-26T18:18:24.025631+09:00,skeleton,RX1,21.954498,21.470911,19.697716,16.552945,14.317821,10.77033,8.062258,5.656854,4.472136,5.0,6.324555,7.615773,8.944272,9.848858,11.7047,12.649111,12.165525,13.038405,12.0,11.045361,9.219544,7.615773,5.385165,3.162278,1.0,2.236068,8.0,7.615773,9.219544,11.401754,14.764823,17.492856,19.723083,21.633308,22.803509,21.931712,21.213203,19.849433,17.804494,15.0,12.806248,11.313708,9.219544,8.062258,8.246211,9.055385,11.401754,13.416408,15.264338,18.027756,20.248457,21.633308
20260626_181812,2026-06-26T18:18:24.055190+09:00,skeleton,RX2,14.56022,13.601471,12.369317,9.219544,6.082763,2.236068,3.162278,7.211103,10.0,13.601471,15.811388,18.35756,20.124612,20.615528,20.880613,19.416488,17.117243,13.038405,7.071068,2.236068,7.071068,14.866069,20.518285,26.248809,30.232433,31.304952,13.416408,13.928388,14.317821,16.03122,18.027756,19.104973,21.095023,21.213203,20.099751,19.235384,17.117243,15.132746,12.369317,10.440307,8.944272,7.071068,5.830952,6.082763,7.0,8.246211,8.944272,10.816654,11.313708,12.806248,13.892444,14.317821
20260626_181812,2026-06-26T18:18:24.090424+09:00,skeleton,RX3,24.083189,22.022716,19.416488,18.027756,14.422205,12.206556,9.219544,7.81025,6.708204,6.324555,7.071068,8.0,9.0,10.049876,11.045361,11.0,12.041595,12.0,12.0,12.0,11.045361,11.18034,11.401754,11.401754,10.77033,9.486833,12.0,9.055385,6.324555,5.830952,9.0,12.369317,15.524175,18.681542,19.416488,20.223748,21.095023,20.0,18.027756,16.124515,14.317821,12.369317,10.198039,8.246211,7.071068,6.708204,8.485281,11.401754,15.0,17.804494,20.615528,22.671568
20260626_181812,2026-06-26T18:18:24.121317+09:00,skeleton,RX1,10.816654,11.18034,11.7047,11.401754,12.369317,13.152946,12.165525,12.165525,11.18034,11.18034,10.440307,10.198039,9.486833,8.246211,7.28011,6.324555,5.0,4.0,4.123106,5.385165,5.830952,6.403124,7.211103,6.708204,7.28011,7.071068,17.492856,20.0,20.518285,20.518285,19.209373,17.204651,13.601471,10.0,7.81025,7.28011,8.0,9.219544,10.440307,12.649111,13.601471,14.56022,15.297059,15.297059,16.278821,16.278821,15.297059,15.297059,13.341664,13.601471,12.083046,10.816654
20260626_181812,2026-06-26T18:18:24.145108+09:00,skeleton,RX2,17.0,15.264338,11.661904,8.062258,4.242641,1.0,6.082763,10.77033,13.928388,17.464249,20.124612,22.36068,23.706539,25.059928,24.186773,23.853721,20.248457,16.401219,10.0,3.605551,5.0,12.206556,18.601075,25.238859,28.653098,31.304952,6.082763,5.656854,7.28011,10.049876,14.317821,17.464249,19.646883,19.924859,19.646883,18.681542,16.492423,13.601471,11.7047,8.944272,6.403124,3.605551,3.0,3.605551,4.123106,6.0,8.246211,10.29563,12.206556,14.142136,15.620499,17.204651
20260626_181812,2026-06-26T18:18:24.175087+09:00,skeleton,RX3,24.758837,22.671568,21.400935,17.204651,15.0,12.206556,9.219544,7.81025,6.708204,6.082763,6.0,7.071068,8.062258,9.055385,9.055385,10.049876,10.198039,10.198039,10.440307,10.440307,10.77033,10.77033,10.77033,11.18034,10.29563,9.848858,14.035669,11.0,7.28011,5.656854,8.062258,11.045361,15.297059,18.439089,20.223748,21.095023,21.0,20.099751,18.248288,16.492423,14.866069,13.0,10.77033,8.544004,7.071068,6.324555,8.602325,11.401754,14.21267,18.601075,21.260292,22.671568
20260626_181812,2026-06-26T18:18:24.206843+09:00,skeleton,RX1,24.33105,23.537205,20.615528,17.464249,14.56022,12.165525,9.055385,7.071068,6.324555,7.071068,6.403124,8.062258,9.433981,10.816654,10.816654,10.816654,12.041595,11.313708,10.630146,9.433981,8.062258,7.615773,5.830952,4.472136,2.828427,2.236068,9.433981,9.055385,11.401754,14.317821,18.35756,21.954498,25.059928,26.400758,27.856777,27.202941,25.495098,23.194827,21.095023,18.027756,15.033296,12.369317,10.440307,9.219544,10.0,11.18034,14.317821,17.117243,19.104973,22.090722,24.186773,25.179357
20260626_181812,2026-06-26T18:18:24.235093+09:00,skeleton,RX2,13.0,9.848858,6.708204,3.605551,3.605551,8.062258,11.7047,14.866069,18.027756,19.924859,22.135944,23.086793,23.086793,23.086793,22.135944,18.973666,15.524175,10.198039,4.0,4.472136,11.7047,17.720045,23.769729,28.861739,30.805844,31.575307,4.123106,3.605551,6.082763,10.0,14.142136,18.11077,20.223748,21.213203,21.377558,20.223748,18.248288,15.297059,12.165525,9.219544,6.082763,3.162278,1.0,2.828427,5.830952,8.602325,11.401754,12.727922,14.866069,16.401219,16.643317,15.652476
20260626_181812,2026-06-26T18:18:24.265557+09:00,skeleton,RX3,23.600847,22.472205,21.470911,18.35756,15.652476,12.529964,10.29563,8.062258,6.403124,6.403124,5.385165,6.324555,7.071068,7.071068,8.062258,9.0,10.0,11.0,11.045361,12.041595,12.041595,13.152946,13.152946,12.165525,12.165525,11.045361,13.152946,11.045361,7.071068,7.071068,8.246211,12.041595,15.0,18.027756,20.0,20.024984,21.095023,20.396078,18.681542,17.088007,15.231546,13.416408,11.18034,9.848858,8.246211,7.0,8.544004,10.816654,13.453624,17.691806,19.849433,22.022716
20260626_181812,2026-06-26T18:18:24.295515+09:00,skeleton,RX1,23.021729,22.090722,20.099751,17.029386,14.035669,11.0,9.219544,7.615773,7.071068,8.062258,8.944272,9.848858,10.77033,12.083046,13.0,12.529964,13.892444,13.601471,13.453624,12.041595,10.630146,9.219544,7.071068,5.0,3.605551,4.0,9.848858,8.062258,9.486833,12.206556,16.401219,19.209373,22.203603,24.698178,25.942244,26.0,24.351591,21.587033,19.416488,17.262677,14.317821,11.401754,8.944272,8.485281,8.944272,11.18034,14.0,17.0,19.026298,22.022716,25.019992,25.0
20260626_181812,2026-06-26T18:18:24.325106+09:00,skeleton,RX2,8.246211,10.440307,12.649111,13.928388,13.928388,13.0,12.083046,10.77033,8.544004,6.082763,4.0,2.828427,4.123106,8.062258,11.401754,14.21267,18.439089,21.213203,22.671568,23.430749,22.803509,21.400935,18.027756,13.892444,8.944272,4.123106,12.806248,14.422205,14.764823,14.764823,13.0,11.7047,9.219544,8.0,6.082763,4.242641,4.472136,5.0,6.324555,6.708204,7.211103,7.071068,7.071068,7.211103,6.708204,6.324555,5.09902,4.0,3.0,1.414214,1.0,3.0
20260626_181812,2026-06-26T18:18:24.355134+09:00,skeleton,RX3,25.019992,23.086793,21.213203,18.248288,15.297059,13.152946,10.049876,8.062258,7.28011,6.708204,7.211103,9.219544,9.219544,9.899495,10.630146,11.313708,12.041595,12.041595,12.041595,12.806248,13.601471,14.422205,13.892444,13.892444,13.038405,12.206556,12.529964,9.848858,7.071068,6.324555,7.211103,10.77033,13.601471,15.811388,18.384776,19.235384,18.867962,18.601075,16.278821,16.278821,14.21267,12.206556,10.0,9.219544,7.211103,7.28011,9.0,12.165525,15.297059,19.235384,22.203603,24.083189
20260626_181812,2026-06-26T18:18:24.386194+09:00,skeleton,RX1,9.486833,10.29563,11.401754,12.041595,12.041595,12.806248,12.041595,11.401754,10.630146,10.630146,10.0,8.602325,7.211103,6.403124,5.656854,5.0,4.472136,4.123106,5.0,6.082763,7.071068,8.062258,9.0,9.055385,8.246211,7.28011,16.763055,18.439089,20.223748,20.024984,20.0,17.029386,15.132746,12.041595,9.0,7.28011,7.071068,8.602325,9.848858,11.18034,13.0,14.317821,14.764823,15.652476,16.124515,16.643317,15.811388,15.264338,13.892444,12.529964,11.7047,10.049876
20260626_181812,2026-06-26T18:18:24.415609+09:00,skeleton,RX2,8.246211,10.198039,11.18034,12.165525,13.038405,12.041595,11.045361,9.055385,7.0,5.0,2.0,2.236068,5.09902,8.062258,12.165525,16.124515,19.416488,22.561028,24.738634,25.0,24.351591,22.472205,18.384776,14.317821,9.848858,4.472136,10.630146,11.401754,12.806248,12.806248,11.401754,9.433981,7.615773,5.09902,4.123106,3.605551,4.123106,6.0,7.071068,7.071068,8.246211,8.544004,7.615773,8.062258,7.211103,6.403124,5.656854,4.242641,3.162278,1.414214,1.414214,3.162278
20260626_181812,2026-06-26T18:18:24.449983+09:00,skeleton,RX3,25.079872,23.086793,20.880613,17.464249,14.317821,11.401754,9.848858,7.211103,7.071068,6.708204,7.615773,8.944272,9.848858,9.848858,11.18034,11.661904,11.661904,11.18034,11.18034,11.18034,10.440307,10.440307,9.219544,9.055385,9.0,9.0,12.0,9.055385,7.615773,7.211103,9.486833,12.041595,15.0,18.027756,19.104973,20.223748,20.396078,19.646883,18.384776,16.552945,14.764823,13.038405,10.29563,8.944272,8.246211,8.062258,9.848858,13.038405,17.204651,20.248457,23.323808,25.553865
20260626_181812,2026-06-26T18:18:24.476608+09:00,skeleton,RX1,24.596748,23.259407,21.023796,16.552945,14.866069,11.401754,10.0,8.246211,8.062258,9.219544,9.899495,11.401754,12.806248,13.601471,13.453624,14.866069,15.556349,15.620499,13.601471,13.038405,11.661904,10.29563,8.062258,6.403124,4.242641,5.385165,8.062258,7.211103,8.062258,12.165525,15.524175,19.416488,22.203603,24.083189,26.0,25.079872,23.345235,21.587033,18.681542,15.811388,12.369317,10.198039,8.0,7.615773,9.219544,11.18034,14.866069,17.720045,20.880613,24.041631,25.298221,26.925824
20260626_181812,2026-06-26T18:18:24.505508+09:00,skeleton,RX2,18.11077,16.03122,13.038405,9.055385,3.162278,1.414214,6.324555,10.198039,13.601471,16.763055,19.313208,21.931712,22.36068,23.323808,22.203603,20.615528,17.029386,12.727922,6.403124,1.414214,9.219544,16.492423,22.36068,27.166155,31.016125,32.062439,9.219544,11.045361,13.038405,15.132746,16.492423,17.720045,17.720045,18.027756,17.088007,16.155494,14.317821,12.529964,10.0,8.485281,8.062258,6.324555,6.082763,6.708204,7.81025,9.219544,10.29563,12.369317,14.142136,17.0,18.027756,19.026298
20260626_181812,2026-06-26T18:18:24.536381+09:00,skeleton,RX3,25.059928,23.259407,20.615528,17.088007,14.866069,10.440307,7.615773,5.656854,5.385165,6.0,7.071068,9.055385,10.049876,11.0,12.0,13.038405,13.038405,14.035669,13.152946,12.041595,11.045361,10.0,8.246211,7.615773,6.708204,6.403124,11.401754,9.055385,6.324555,6.403124,9.486833,13.152946,16.124515,18.248288,20.223748,20.396078,20.615528,19.313208,17.464249,15.652476,13.892444,12.206556,10.29563,7.615773,7.071068,7.28011,9.433981,12.806248,16.278821,19.849433,22.803509,25.0
20260626_181812,2026-06-26T18:18:24.566621+09:00,skeleton,RX1,11.661904,14.21267,14.866069,16.278821,16.970563,16.278821,15.556349,15.556349,13.453624,12.727922,11.313708,9.899495,9.899495,7.81025,7.211103,6.324555,6.082763,6.082763,7.28011,7.615773,9.848858,10.77033,11.7047,11.401754,11.18034,10.0,19.104973,22.0,23.086793,22.36068,20.880613,18.681542,14.56022,11.401754,8.0,7.615773,7.81025,10.29563,12.083046,14.317821,16.155494,17.464249,17.888544,18.35756,18.867962,18.867962,18.867962,17.492856,15.652476,13.0,11.401754,10.0
20260626_181812,2026-06-26T18:18:24.595158+09:00,skeleton,RX2,16.401219,14.21267,10.0,5.0,1.0,4.472136,8.944272,12.529964,15.652476,18.384776,21.540659,22.135944,23.086793,22.803509,21.587033,20.223748,16.124515,11.0,5.09902,2.236068,9.486833,17.088007,23.259407,28.653098,31.064449,32.802439,9.0,10.198039,12.083046,13.038405,15.620499,17.691806,19.104973,19.104973,18.439089,17.804494,15.620499,14.21267,12.206556,9.848858,7.28011,6.082763,4.472136,5.830952,7.071068,9.055385,11.401754,13.0,15.652476,17.492856,19.416488,18.601075
20260626_181812,2026-06-26T18:18:24.627960+09:00,skeleton,RX3,5.0,6.324555,9.219544,11.045361,13.038405,14.142136,14.142136,14.317821,13.341664,12.369317,12.369317,10.440307,9.486833,8.544004,7.28011,6.082763,6.0,4.472136,5.0,5.0,5.09902,6.082763,7.0,7.071068,7.28011,7.28011,17.804494,20.0,21.400935,23.021729,23.021729,20.808652,18.027756,15.264338,10.816654,7.211103,3.605551,2.236068,4.472136,7.615773,9.486833,11.7047,13.0,15.231546,17.0,17.492856,18.027756,17.804494,17.029386,14.21267,11.401754,8.062258
20260626_181812,2026-06-26T18:18:24.655177+09:00,skeleton,RX1,23.706539,22.825424,20.59126,17.0,14.317821,11.7047,10.049876,8.0,8.544004,9.433981,8.602325,10.630146,11.313708,12.806248,13.453624,13.601471,15.811388,15.264338,14.317821,13.0,11.7047,10.440307,8.544004,6.708204,5.0,5.0,7.211103,6.708204,9.0,12.369317,15.524175,19.416488,22.203603,24.083189,24.0,24.020824,22.203603,20.396078,17.464249,15.297059,12.369317,10.049876,8.062258,8.062258,8.485281,11.661904,13.928388,18.027756,20.248457,23.4094,24.698178,25.079872
20260626_181812,2026-06-26T18:18:24.685502+09:00,skeleton,RX2,15.620499,12.806248,8.485281,5.830952,2.828427,6.0,11.18034,14.142136,18.248288,21.213203,23.086793,25.079872,25.0,24.020824,24.083189,20.223748,17.262677,11.18034,5.09902,5.385165,12.806248,20.615528,27.202941,31.906112,34.885527,34.539832,11.045361,10.77033,12.806248,14.866069,17.804494,20.0,21.400935,22.203603,21.400935,20.0,17.804494,15.0,12.206556,9.433981,6.324555,6.0,4.472136,5.830952,7.071068,9.0,11.18034,12.649111,15.231546,16.124515,17.204651,18.601075
20260626_181812,2026-06-26T18:18:24.715125+09:00,skeleton,RX3,9.899495,8.544004,9.0,10.198039,12.083046,12.083046,13.416408,13.416408,13.416408,13.0,13.0,12.649111,12.649111,11.7047,10.77033,10.77033,9.848858,9.848858,8.062258,6.708204,5.0,3.605551,3.162278,2.828427,3.605551,4.472136,17.691806,21.260292,22.803509,24.413111,23.853721,22.472205,19.723083,17.492856,13.892444,10.0,6.403124,5.09902,5.385165,7.211103,10.0,12.041595,14.21267,15.620499,18.027756,19.723083,20.124612,21.023796,20.615528,19.313208,17.464249,14.317821
20260626_181812,2026-06-26T18:18:24.745655+09:00,skeleton,RX1,11.401754,11.7047,13.416408,13.892444,13.892444,13.892444,13.892444,13.416408,13.416408,12.083046,11.18034,9.848858,8.944272,7.615773,7.211103,5.830952,5.656854,5.830952,6.324555,8.062258,9.055385,10.049876,11.18034,11.401754,11.18034,10.816654,17.720045,19.416488,20.099751,20.0,19.026298,17.117243,14.142136,11.045361,9.055385,7.615773,8.485281,10.0,11.661904,12.529964,13.892444,15.264338,16.643317,17.204651,17.204651,17.204651,16.401219,15.811388,14.422205,13.416408,11.7047,11.18034
20260626_181812,2026-06-26T18:18:24.775287+09:00,skeleton,RX2,18.027756,15.0,11.045361,6.082763,1.414214,4.472136,9.219544,13.341664,17.464249,19.646883,21.84033,24.041631,24.351591,24.698178,22.847319,20.124612,15.652476,10.29563,3.605551,4.242641,12.727922,21.213203,26.907248,32.015621,35.22783,35.846897,7.28011,6.082763,7.81025,10.77033,13.601471,16.278821,18.248288,19.416488,19.416488,18.439089,16.278821,14.317821,11.045361,8.0,6.082763,3.605551,3.0,5.0,7.81025,10.0,13.0,15.811388,17.720045,19.416488,21.213203,21.095023
20260626_181812,2026-06-26T18:18:24.805038+09:00,skeleton,RX3,11.18034,12.0,13.038405,13.341664,13.341664,13.341664,13.341664,12.165525,11.18034,10.198039,10.049876,9.055385,9.219544,9.219544,9.486833,9.848858,9.848858,11.18034,11.18034,11.18034,11.18034,9.848858,8.944272,6.708204,5.0,3.605551,16.124515,19.026298,21.0,21.023796,21.095023,19.104973,17.262677,14.142136,11.045361,9.0,7.28011,6.403124,7.211103,9.433981,11.18034,12.529964,13.892444,15.264338,17.204651,17.691806,18.384776,17.691806,17.029386,16.278821,14.866069,12.206556
20260626_181812,2026-06-26T18:18:24.840217+09:00,skeleton,RX1,11.661904,13.416408,13.928388,13.601471,14.56022,14.56022,13.601471,13.601471,12.369317,11.401754,11.7047,10.440307,9.486833,8.246211,8.246211,7.071068,7.0,7.071068,7.615773,8.062258,9.433981,10.29563,10.77033,11.401754,11.18034,10.049876,18.384776,19.235384,20.248457,20.615528,19.104973,17.691806,14.142136,10.630146,8.062258,7.28011,8.062258,10.440307,11.7047,13.601471,14.56022,15.524175,15.524175,16.492423,16.278821,16.278821,16.278821,15.297059,14.56022,12.649111,12.083046,11.401754
20260626_181812,2026-06-26T18:18:24.866066+09:00,skeleton,RX2,7.615773,9.486833,11.401754,13.341664,13.341664,13.341664,12.369317,11.18034,9.219544,6.082763,4.123106,1.0,3.0,6.082763,10.198039,13.341664,18.439089,20.880613,23.086793,24.698178,24.166092,22.36068,19.723083,15.811388,11.401754,6.403124,10.0,10.816654,12.529964,12.529964,12.083046,10.77033,9.219544,8.062258,6.082763,4.472136,5.0,5.09902,6.0,6.082763,7.28011,8.062258,8.062258,7.81025,8.485281,7.81025,7.211103,6.708204,5.385165,3.162278,1.0,1.414214
20260626_181812,2026-06-26T18:18:24.896828+09:00,skeleton,RX3,7.211103,9.219544,11.661904,13.416408,14.317821,14.764823,15.264338,14.422205,13.601471,12.806248,11.401754,10.630146,9.219544,7.81025,7.211103,6.324555,6.082763,6.082763,6.708204,7.211103,8.602325,8.485281,8.485281,7.81025,7.211103,6.708204,18.027756,20.248457,21.931712,22.36068,21.470911,19.235384,17.0,13.416408,9.848858,7.28011,5.385165,5.0,7.615773,9.486833,11.401754,14.56022,15.811388,17.088007,18.788294,19.235384,18.867962,19.416488,17.204651,15.811388,13.038405,9.486833
20260626_181812,2026-06-26T18:18:24.925481+09:00,skeleton,RX1,23.430749,22.803509,20.0,19.209373,15.620499,14.21267,11.313708,10.0,8.944272,8.544004,9.219544,9.055385,10.0,11.0,12.041595,13.0,13.038405,13.152946,13.341664,13.601471,11.7047,11.18034,9.433981,7.211103,5.830952,4.123106,9.219544,8.944272,11.18034,13.0,17.117243,21.023796,23.0,25.079872,25.317978,24.738634,23.086793,21.540659,18.384776,16.552945,13.928388,12.369317,11.045361,10.049876,11.401754,12.529964,14.422205,17.029386,19.104973,21.260292,22.671568,24.083189
20260626_181812,2026-06-26T18:18:24.955611+09:00,skeleton,RX2,15.524175,12.369317,9.055385,5.0,2.0,5.830952,10.29563,13.892444,17.492856,19.723083,22.472205,23.021729,23.600847,23.430749,22.671568,19.79899,15.620499,10.0,2.236068,5.0,13.416408,20.615528,27.513633,32.015621,33.376639,34.058773,13.152946,13.0,14.422205,15.556349,17.804494,18.867962,20.124612,21.023796,20.615528,19.313208,18.027756,15.524175,13.341664,11.045361,8.0,7.071068,5.0,4.472136,5.0,5.830952,8.485281,10.816654,13.416408,15.231546,16.763055,17.720045
20260626_181812,2026-06-26T18:18:24.985169+09:00,skeleton,RX3,24.33105,24.738634,21.84033,18.973666,15.811388,13.0,10.440307,8.246211,7.0,6.082763,5.830952,7.211103,7.81025,8.485281,9.899495,10.630146,12.041595,12.041595,12.806248,12.806248,12.806248,12.806248,12.206556,11.401754,10.0,8.602325,11.661904,9.219544,7.211103,7.0,8.944272,12.041595,16.278821,18.384776,19.849433,21.400935,20.808652,19.723083,18.788294,17.088007,14.56022,13.341664,11.401754,8.544004,7.211103,7.211103,8.544004,12.041595,15.0,19.0,22.022716,23.021729
20260626_181812,2026-06-26T18:18:25.016585+09:00,skeleton,RX1,8.602325,10.0,11.18034,12.369317,13.601471,14.56022,14.56022,13.601471,13.601471,12.649111,12.083046,11.18034,8.944272,8.062258,5.830952,4.123106,3.0,3.605551,4.472136,6.708204,7.615773,9.433981,10.0,10.630146,10.0,8.602325,20.880613,23.537205,24.186773,24.020824,23.021729,20.099751,17.117243,13.038405,11.0,8.544004,7.81025,8.602325,10.77033,11.7047,13.601471,14.56022,15.524175,16.492423,16.763055,17.720045,17.720045,16.763055,15.524175,14.317821,13.152946,11.045361
20260626_181812,2026-06-26T18:18:25.045400+09:00,skeleton,RX2,15.524175,12.369317,9.219544,4.123106,5.09902,9.486833,13.0,15.811388,18.973666,21.18962,22.472205,22.847319,23.259407,21.954498,18.867962,15.0,10.630146,4.242641,3.605551,11.313708,18.439089,23.600847,29.681644,31.76476,32.695565,10.049876,10.198039,10.29563,12.041595,13.601471,16.643317,17.888544,18.788294,18.384776,18.384776,15.811388,14.56022,12.369317,10.049876,8.0,5.385165,4.242641,4.123106,6.324555,7.211103,9.899495,11.401754,13.892444,16.552945,17.088007,17.720045
20260626_181812,2026-06-26T18:18:25.075414+09:00,skeleton,RX3,25.495098,23.194827,21.095023,18.027756,15.033296,11.0,8.062258,5.385165,4.242641,4.472136,6.082763,7.0,8.0,10.0,10.0,12.041595,12.041595,13.038405,12.041595,12.0,11.0,10.049876,9.219544,8.544004,7.615773,5.830952,10.198039,6.708204,5.0,6.082763,9.433981,13.601471,17.029386,19.209373,20.808652,22.472205,21.954498,20.124612,18.788294,17.088007,14.56022,12.649111,10.440307,7.615773,5.656854,6.082763,9.055385,12.649111,16.155494,19.313208,23.086793,25.0
20260626_181812,2026-06-26T18:18:25.106794+09:00,skeleton,RX1,25.0,23.600847,20.808652,18.027756,15.0,12.041595,9.219544,8.062258,6.324555,7.0,7.28011,8.944272,10.29563,11.661904,13.0,13.0,13.928388,14.317821,14.142136,12.041595,10.049876,9.0,7.071068,4.123106,2.0,1.414214,9.219544,8.602325,10.816654,13.928388,18.027756,21.540659,25.079872,26.41969,27.45906,27.202941,24.083189,21.931712,19.79899,16.970563,13.453624,12.206556,9.848858,9.219544,9.055385,11.7047,14.422205,16.401219,19.209373,22.022716,24.758837,24.839485
20260626_181812,2026-06-26T18:18:25.135459+09:00,skeleton,RX2,5.385165,8.944272,11.18034,12.083046,13.416408,13.416408,13.416408,12.083046,9.848858,7.615773,5.09902,3.162278,3.0,5.0,9.219544,12.806248,17.204651,19.723083,22.36068,23.259407,22.847319,21.18962,18.681542,14.317821,10.049876,5.09902,12.649111,13.341664,14.142136,15.033296,14.0,14.035669,12.165525,10.77033,9.433981,8.485281,6.708204,7.28011,7.0,7.071068,7.615773,7.211103,7.071068,7.211103,6.708204,7.28011,7.071068,6.0,5.09902,4.123106,3.162278
20260626_181812,2026-06-26T18:18:25.176414+09:00,skeleton,RX3,9.486833,9.0,10.198039,11.7047,13.0,13.0,13.0,12.649111,12.369317,11.401754,11.18034,9.055385,9.219544,9.219544,8.246211,8.544004,7.615773,8.062258,8.602325,7.81025,7.81025,7.211103,5.830952,5.385165,5.09902,4.123106,18.788294,22.36068,23.706539,24.698178,23.853721,23.021729,20.0,16.401219,13.038405,8.944272,7.071068,6.082763,6.403124,8.485281,11.401754,12.806248,14.866069,16.970563,18.439089,19.209373,19.416488,19.723083,19.235384,17.0,14.764823,12.806248
20260626_181812,2026-06-26T18:18:25.195103+09:00,skeleton,RX1,14.317821,16.124515,17.117243,17.029386,17.029386,17.029386,16.03122,15.033296,13.038405,13.038405,12.041595,11.0,10.049876,10.0,9.055385,8.062258,8.246211,7.615773,8.062258,8.602325,10.0,10.630146,11.401754,11.661904,10.77033,9.486833,20.024984,21.213203,22.803509,22.472205,21.023796,18.35756,14.764823,11.18034,8.062258,8.246211,9.433981,11.401754,14.21267,15.620499,17.204651,17.492856,18.35756,17.888544,18.788294,18.384776,17.464249,15.652476,13.892444,13.601471,13.453624,12.529964
20260626_181812,2026-06-26T18:18:25.225198+09:00,skeleton,RX2,17.464249,16.278821,12.369317,8.544004,4.472136,1.0,5.09902,8.246211,12.369317,14.866069,17.088007,18.788294,19.235384,19.235384,19.723083,17.204651,14.866069,10.630146,5.385165,3.0,8.602325,14.866069,21.400935,24.698178,28.178006,29.154759,11.18034,11.18034,12.206556,13.453624,15.264338,16.552945,17.720045,18.681542,18.439089,17.262677,15.297059,14.035669,11.0,10.049876,7.615773,6.403124,5.830952,6.082763,6.082763,8.062258,9.899495,12.206556,14.317821,16.155494,17.720045,18.681542
20260626_181812,2026-06-26T18:18:25.255045+09:00,skeleton,RX3,7.071068,9.486833,11.18034,13.038405,15.0,15.0,15.811388,15.264338,14.764823,13.416408,13.0,11.7047,10.77033,8.944272,8.062258,7.211103,6.403124,5.830952,6.082763,7.071068,7.28011,8.062258,8.602325,7.81025,8.485281,7.211103,17.804494,20.808652,23.021729,23.323808,22.825424,21.470911,18.35756,14.764823,11.661904,7.81025,5.385165,5.09902,6.403124,9.219544,11.313708,13.453624,15.556349,17.029386,19.209373,20.248457,21.095023,20.59126,18.788294,17.0,14.764823,10.816654
20260626_181812,2026-06-26T18:18:25.285318+09:00,skeleton,RX1,21.213203,20.518285,19.104973,17.691806,14.866069,12.727922,11.401754,9.433981,8.544004,8.062258,8.0,8.062258,9.219544,10.440307,12.369317,13.341664,14.142136,14.035669,14.0,13.152946,12.369317,10.440307,7.615773,5.385165,4.123106,3.0,7.211103,8.246211,10.049876,13.0,16.03122,18.0,21.023796,22.203603,22.561028,21.84033,20.248457,18.384776,15.231546,13.0,11.7047,10.198039,9.0,10.198039,10.77033,11.661904,13.601471,15.620499,17.691806,19.104973,20.518285,21.213203
20260626_181812,2026-06-26T18:18:25.315261+09:00,skeleton,RX2,18.384776,16.552945,13.0,8.944272,4.472136,1.414214,5.0,9.433981,13.892444,16.124515,19.235384,20.124612,22.36068,21.931712,21.931712,19.313208,17.464249,12.165525,6.082763,3.162278,9.433981,17.464249,24.041631,28.635642,32.388269,33.060551,10.049876,9.219544,9.219544,11.661904,14.317821,16.763055,18.681542,20.396078,20.223748,19.235384,17.117243,15.033296,11.045361,9.055385,6.324555,4.242641,3.162278,4.472136,6.403124,8.062258,10.440307,13.038405,15.033296,17.262677,18.439089,19.924859
20260626_181812,2026-06-26T18:18:25.347015+09:00,skeleton,RX3,7.0,7.615773,10.0,12.727922,14.142136,14.866069,14.866069,14.866069,14.21267,13.038405,13.038405,11.661904,10.29563,9.433981,8.602325,7.81025,6.403124,6.708204,6.082763,6.082763,6.324555,6.708204,7.81025,7.81025,8.602325,8.062258,18.788294,22.36068,23.706539,25.059928,23.853721,23.021729,19.416488,16.401219,12.206556,8.944272,6.082763,5.09902,5.656854,8.062258,10.29563,12.529964,14.422205,16.401219,17.804494,18.439089,19.79899,19.104973,17.804494,16.401219,14.21267,12.041595
20260626_181812,2026-06-26T18:18:25.375515+09:00,skeleton,RX1,22.022716,21.400935,20.0,17.204651,15.811388,13.416408,10.77033,9.486833,9.055385,8.062258,8.246211,8.544004,9.433981,10.816654,12.206556,13.038405,13.892444,14.764823,14.317821,13.601471,12.369317,11.18034,8.062258,6.082763,4.123106,2.236068,7.81025,7.615773,9.055385,13.038405,16.124515,20.099751,22.022716,24.020824,24.186773,23.537205,22.135944,20.615528,17.464249,14.317821,12.649111,10.198039,9.0,8.544004,10.29563,12.041595,14.866069,17.029386,19.209373,20.615528,22.803509,22.803509
20260626_181812,2026-06-26T18:18:25.405389+09:00,skeleton,RX2,7.0,9.219544,11.401754,12.649111,13.601471,13.928388,12.649111,11.401754,9.219544,7.071068,4.0,1.414214,2.828427,5.830952,9.848858,13.601471,17.464249,20.223748,22.203603,24.020824,24.0,22.022716,19.104973,15.297059,10.440307,5.385165,12.041595,12.727922,13.453624,13.453624,12.806248,10.816654,8.944272,7.28011,6.0,5.385165,6.403124,6.708204,7.615773,8.246211,9.055385,10.0,9.055385,9.219544,9.486833,8.944272,8.602325,7.81025,6.403124,5.830952,4.0,3.605551
20260626_181812,2026-06-26T18:18:25.437768+09:00,skeleton,RX3,9.433981,10.440307,12.165525,14.035669,14.035669,15.033296,15.033296,14.142136,13.152946,13.152946,12.165525,10.198039,10.198039,9.055385,9.055385,9.0,9.055385,8.544004,8.944272,9.433981,8.602325,9.219544,7.81025,8.062258,6.708204,6.324555,16.278821,18.439089,21.400935,21.633308,22.472205,20.59126,17.888544,14.764823,11.661904,8.062258,5.0,5.0,5.385165,7.211103,9.433981,11.661904,13.416408,15.231546,15.811388,17.720045,17.464249,17.262677,17.117243,15.132746,13.341664,10.77033
20260626_181812,2026-06-26T18:18:25.465064+09:00,skeleton,RX1,21.470911,19.697716,17.888544,14.764823,12.206556,10.0,7.81025,7.615773,7.0,7.071068,7.28011,8.544004,9.848858,11.18034,11.18034,12.083046,13.0,13.0,11.7047,10.440307,9.219544,7.071068,5.09902,3.162278,2.828427,2.0,5.385165,5.385165,7.81025,12.806248,16.401219,20.615528,22.627417,24.083189,24.207437,23.323808,21.470911,18.788294,16.155494,13.928388,11.18034,8.602325,7.211103,7.071068,8.062258,10.440307,14.317821,16.124515,18.35756,21.470911,22.825424,22.825424
20260626_181812,2026-06-26T18:18:25.495179+09:00,skeleton,RX2,17.029386,15.033296,11.045361,7.071068,2.236068,2.236068,7.071068,11.045361,15.033296,17.117243,19.104973,21.213203,21.377558,21.587033,20.880613,18.973666,14.764823,9.433981,3.605551,5.0,12.649111,20.124612,26.627054,32.015621,34.655447,34.71311,10.77033,11.401754,13.453624,14.422205,16.552945,17.088007,18.681542,18.439089,17.262677,16.124515,14.035669,12.0,10.198039,7.615773,5.656854,5.385165,6.082763,7.615773,9.219544,10.630146,13.038405,14.764823,16.763055,17.464249,18.11077,19.026298
20260626_181812,2026-06-26T18:18:25.525818+09:00,skeleton,RX3,7.81025,9.848858,11.401754,14.317821,14.317821,15.524175,15.524175,14.56022,13.928388,13.0,12.083046,11.18034,9.848858,8.544004,7.28011,7.0,7.0,7.28011,8.062258,8.602325,8.485281,9.219544,9.219544,8.602325,7.615773,7.28011,16.03122,19.104973,20.024984,21.0,21.023796,19.026298,16.124515,14.035669,10.0,7.0,4.472136,4.123106,6.0,7.071068,9.055385,12.165525,13.038405,15.0,16.03122,16.278821,17.464249,16.763055,16.763055,13.601471,11.401754,9.0
20260626_181812,2026-06-26T18:18:25.557198+09:00,skeleton,RX1,10.816654,13.453624,14.142136,14.866069,15.556349,15.556349,14.142136,14.142136,12.727922,11.313708,10.630146,9.899495,8.485281,7.071068,6.708204,5.385165,6.082763,6.082763,7.28011,8.544004,9.848858,10.440307,10.440307,10.198039,10.049876,8.0,16.492423,18.11077,20.0,19.104973,17.262677,15.297059,12.369317,9.055385,6.082763,6.403124,7.211103,9.848858,11.7047,13.0,14.317821,15.652476,14.764823,16.124515,16.643317,15.811388,15.264338,14.422205,12.529964,10.77033,10.198039,9.055385
20260626_181812,2026-06-26T18:18:25.585474+09:00,skeleton,RX2,6.403124,8.062258,9.848858,11.401754,12.369317,12.369317,12.369317,11.401754,9.486833,7.615773,5.385165,2.0,1.414214,4.242641,7.81025,12.206556,16.643317,19.235384,21.540659,23.086793,22.561028,21.095023,18.0,14.035669,9.055385,4.0,9.0,10.0,11.045361,11.18034,11.401754,11.7047,11.18034,10.816654,10.0,9.219544,9.433981,8.944272,8.544004,8.246211,8.246211,8.062258,7.071068,7.28011,8.062258,7.81025,8.602325,9.433981,9.848858,9.486833,9.219544,8.0
20260626_181812,2026-06-26T18:18:25.617097+09:00,skeleton,RX3,9.0,11.7047,13.416408,15.264338,16.124515,17.0,16.552945,15.231546,14.866069,13.601471,12.369317,11.401754,10.198039,8.246211,8.246211,6.708204,7.81025,7.81025,8.062258,7.615773,8.246211,8.062258,8.062258,8.0,7.071068,6.324555,17.464249,19.646883,21.84033,22.472205,22.847319,20.615528,18.384776,15.231546,11.7047,9.219544,7.071068,6.403124,7.81025,9.433981,11.18034,13.416408,15.264338,17.204651,18.439089,19.104973,19.104973,19.209373,17.804494,16.401219,13.453624,10.816654
20260626_181812,2026-06-26T18:18:25.645937+09:00,skeleton,RX1,10.049876,12.0,13.0,14.035669,14.035669,14.0,13.0,12.0,11.0,10.049876,9.055385,8.062258,7.071068,6.324555,5.830952,5.656854,5.830952,6.324555,8.246211,9.219544,10.198039,10.440307,10.440307,10.77033,10.29563,8.602325,16.970563,18.439089,19.416488,19.235384,17.464249,16.155494,12.649111,9.486833,6.403124,5.385165,6.0,8.246211,10.440307,11.401754,13.341664,14.317821,15.132746,15.132746,15.033296,15.033296,14.035669,13.038405,11.18034,9.486833,8.062258,7.211103
20260626_181812,2026-06-26T18:18:25.675317+09:00,skeleton,RX2,16.124515,15.132746,13.152946,10.049876,6.082763,3.605551,5.09902,8.062258,11.661904,14.764823,16.552945,18.384776,19.924859,19.646883,19.416488,17.117243,15.0,10.0,5.0,2.828427,10.0,17.029386,23.345235,27.802878,30.528675,31.780497,15.033296,16.0,16.03122,16.124515,17.262677,17.262677,17.720045,16.763055,15.231546,14.317821,12.529964,11.401754,9.899495,8.602325,8.944272,9.219544,10.0,10.049876,10.198039,10.440307,10.29563,10.630146,10.630146,12.083046,13.601471,15.297059
20260626_181812,2026-06-26T18:18:25.705475+09:00,skeleton,RX3,9.219544,11.661904,13.416408,14.866069,15.811388,17.088007,16.552945,15.652476,15.264338,14.422205,12.806248,12.206556,10.816654,9.433981,8.944272,8.544004,8.246211,8.0,8.062258,9.219544,8.544004,8.944272,8.062258,8.602325,7.81025,7.071068,17.0,19.235384,21.931712,22.472205,22.135944,19.924859,17.720045,14.56022,10.77033,8.062258,6.403124,6.324555,7.071068,9.219544,11.401754,13.341664,15.132746,16.124515,18.027756,19.026298,19.104973,19.235384,17.464249,15.297059,14.035669,11.045361
