experiment_id,timestamp,label,rx,sub_0,sub_1,sub_2,sub_3,sub_4,sub_5,sub_6,sub_7,sub_8,sub_9,sub_10,sub_11,sub_12,sub_13,sub_14,sub_15,sub_16,sub_17,sub_18,sub_19,sub_20,sub_21,sub_22,sub_23,sub_24,sub_25,sub_26,sub_27,sub_28,sub_29,sub_30,sub_31,sub_32,sub_33,sub_34,sub_35,sub_36,sub_37,sub_38,sub_39,sub_40,sub_41,sub_42,sub_43,sub_44,sub_45,sub_46,sub_47,sub_48,sub_49,sub_50,sub_51
20260626_151642,2026-06-26T15:16:42.165617+09:00,skeleton,RX3,9.848858,7.81025,7.615773,8.062258,10.049876,11.18034,12.369317,13.152946,13.152946,14.035669,14.0,14.035669,13.038405,14.142136,12.165525,11.18034,11.18034,9.055385,7.071068,5.0,5.385165,7.0,10.440307,11.7047,13.416408,14.764823,12.806248,15.811388,18.027756,19.723083,21.470911,21.023796,20.615528,18.027756,15.811388,13.601471,10.440307,8.246211,5.830952,4.242641,4.0,5.385165,7.615773,9.848858,11.7047,13.928388,15.811388,17.464249,17.464249,17.464249,17.262677,14.317821
20260626_151642,2026-06-26T15:16:42.195207+09:00,skeleton,RX1,25.059928,23.323808,18.867962,16.124515,11.661904,7.211103,3.162278,1.0,3.605551,7.211103,8.602325,10.816654,13.038405,13.892444,15.264338,16.124515,16.124515,15.264338,13.038405,10.816654,8.485281,5.0,3.0,4.472136,6.0,8.0,4.242641,2.0,5.09902,8.0,12.041595,16.124515,19.235384,20.223748,22.203603,21.213203,21.213203,20.223748,17.117243,15.033296,12.0,10.0,7.0,3.0,4.123106,8.246211,13.0,16.763055,20.615528,23.259407,25.495098
20260626_151642,2026-06-26T15:16:42.225285+09:00,skeleton,RX2,16.763055,16.492423,16.492423,14.317821,12.165525,9.219544,6.324555,4.472136,2.0,2.828427,5.830952,8.544004,11.7047,13.601471,16.763055,19.924859,21.84033,23.086793,23.086793,23.4094,20.615528,17.888544,13.892444,9.899495,6.324555,5.830952,17.204651,16.643317,14.764823,11.661904,7.615773,3.162278,1.0,5.09902,9.055385,12.041595,14.035669,16.0,17.029386,18.027756,17.117243,17.262677,15.297059,14.317821,11.401754,8.544004,6.324555,2.0,2.236068,6.324555,10.440307,13.601471
20260626_151642,2026-06-26T15:16:42.260342+09:00,skeleton,RX3,10.630146,8.602325,8.246211,9.055385,10.440307,11.7047,13.928388,13.928388,14.56022,15.297059,15.297059,15.132746,15.033296,14.0,13.0,12.0,11.0,8.062258,6.324555,5.0,6.0,8.246211,11.18034,13.038405,15.0,15.620499,13.416408,16.643317,19.416488,20.615528,21.260292,21.213203,20.518285,18.439089,16.401219,13.601471,10.630146,7.81025,5.830952,4.123106,5.385165,7.211103,9.219544,11.401754,13.601471,15.0,16.643317,18.35756,18.788294,18.788294,17.464249,15.652476
20260626_151642,2026-06-26T15:16:42.285109+09:00,skeleton,RX1,5.0,9.848858,13.0,16.155494,16.552945,17.888544,17.888544,17.0,16.124515,14.764823,12.529964,10.29563,8.062258,5.385165,3.0,2.828427,4.0,7.615773,8.944272,11.661904,14.422205,15.264338,15.0,14.21267,12.806248,10.630146,15.811388,17.088007,18.027756,18.384776,17.088007,15.231546,13.0,9.486833,5.385165,2.0,1.414214,4.472136,7.615773,9.848858,11.7047,14.56022,15.524175,16.278821,17.117243,18.027756,17.029386,16.0,15.0,12.0,8.0,4.123106
20260626_151642,2026-06-26T15:16:42.316009+09:00,skeleton,RX2,16.278821,16.492423,15.524175,13.601471,11.401754,9.486833,6.324555,4.0,1.414214,2.236068,4.242641,7.81025,10.0,12.806248,16.401219,19.209373,21.400935,22.022716,22.671568,21.931712,20.518285,17.691806,14.21267,8.944272,6.082763,5.0,17.492856,17.492856,15.0,12.206556,8.602325,5.0,1.0,4.123106,7.615773,10.77033,13.601471,14.56022,16.492423,16.492423,17.262677,16.124515,16.03122,15.033296,13.0,10.049876,6.082763,3.162278,1.414214,5.09902,9.055385,12.165525
20260626_151642,2026-06-26T15:16:42.345737+09:00,skeleton,RX3,9.219544,7.211103,8.062258,8.062258,10.440307,11.7047,13.0,13.601471,13.601471,14.317821,14.142136,14.035669,14.035669,13.0,12.0,11.0,10.0,8.062258,6.324555,5.0,6.082763,8.246211,10.77033,13.416408,14.764823,15.264338,10.816654,14.422205,16.401219,18.439089,19.104973,19.104973,17.804494,16.401219,14.422205,11.661904,8.602325,6.403124,4.242641,3.162278,4.123106,5.830952,7.81025,9.219544,11.401754,13.038405,14.764823,16.552945,16.552945,16.552945,15.231546,13.416408
20260626_151642,2026-06-26T15:16:42.376314+09:00,skeleton,RX1,25.0,22.803509,19.416488,16.278821,11.18034,7.28011,3.605551,1.414214,5.385165,7.28011,10.440307,11.7047,13.601471,14.866069,16.155494,17.088007,16.155494,16.155494,13.601471,11.401754,9.219544,6.0,3.605551,4.123106,6.708204,8.602325,4.472136,3.162278,5.830952,9.219544,12.806248,17.204651,18.867962,21.633308,23.021729,21.633308,21.633308,19.416488,17.204651,14.21267,12.041595,9.219544,7.071068,3.605551,3.605551,8.062258,12.529964,16.552945,20.615528,23.4094,25.298221
20260626_151642,2026-06-26T15:16:42.405671+09:00,skeleton,RX2,15.524175,15.297059,14.317821,13.152946,11.18034,9.219544,6.324555,3.605551,2.0,3.605551,5.830952,8.944272,11.18034,14.317821,16.552945,18.788294,21.023796,22.36068,22.36068,21.954498,19.723083,16.643317,12.806248,7.81025,5.09902,4.472136,17.088007,16.763055,14.56022,12.369317,9.219544,5.09902,1.0,3.162278,7.071068,10.198039,13.341664,14.56022,16.763055,16.763055,17.088007,17.464249,15.231546,15.231546,13.416408,10.29563,7.211103,4.242641,1.414214,5.09902,8.246211,11.401754
20260626_151642,2026-06-26T15:16:42.435497+09:00,skeleton,RX3,10.440307,8.062258,8.602325,8.544004,10.198039,11.045361,12.041595,13.152946,13.152946,13.341664,13.601471,13.601471,13.0,13.0,12.083046,11.18034,9.848858,7.615773,6.082763,5.385165,6.403124,8.544004,10.049876,12.0,13.0,15.033296,13.038405,15.811388,18.35756,20.124612,21.931712,20.615528,19.924859,18.681542,15.524175,13.152946,10.198039,8.246211,5.385165,5.0,4.123106,6.082763,8.062258,10.198039,12.165525,14.142136,16.03122,17.029386,17.0,18.0,17.0,15.0
20260626_151642,2026-06-26T15:16:42.465470+09:00,skeleton,RX1,5.09902,9.0,12.041595,15.033296,16.124515,17.029386,17.0,16.0,14.0,13.038405,11.0,9.055385,7.0,5.09902,2.828427,3.162278,5.0,7.81025,10.816654,13.038405,14.422205,16.124515,16.124515,15.652476,13.416408,10.77033,14.764823,16.552945,17.464249,17.464249,16.552945,13.928388,11.7047,7.615773,4.123106,1.0,3.605551,6.403124,9.219544,11.401754,13.453624,14.866069,16.278821,17.691806,18.439089,19.209373,18.601075,18.027756,15.264338,13.038405,9.433981,4.242641
20260626_151642,2026-06-26T15:16:42.495550+09:00,skeleton,RX2,9.433981,8.485281,6.324555,7.071068,8.246211,10.77033,11.18034,12.529964,13.038405,13.038405,13.038405,11.661904,11.18034,8.944272,6.708204,4.472136,1.0,3.605551,8.062258,13.416408,18.384776,21.540659,25.632011,26.570661,27.202941,25.96151,4.472136,8.246211,12.165525,15.132746,18.11077,19.026298,20.024984,20.024984,19.0,17.0,15.0,12.0,9.0,6.082763,3.162278,2.0,4.242641,7.211103,10.29563,13.0,15.231546,17.088007,18.027756,18.027756,17.088007,14.866069
20260626_151642,2026-06-26T15:16:42.525664+09:00,skeleton,RX3,21.260292,21.400935,21.400935,19.416488,17.492856,14.764823,12.529964,9.433981,7.211103,5.656854,4.472136,5.0,7.28011,9.486833,11.7047,13.928388,16.763055,18.973666,20.880613,21.84033,21.84033,21.587033,19.646883,18.681542,15.524175,12.649111,13.416408,12.529964,10.29563,7.615773,4.123106,2.828427,5.09902,8.0,10.0,12.0,14.035669,14.142136,14.317821,14.56022,13.928388,13.416408,12.529964,11.18034,10.29563,9.486833,8.062258,8.062258,9.848858,12.206556,15.620499,17.691806
20260626_151642,2026-06-26T15:16:42.555259+09:00,skeleton,RX1,26.570661,25.298221,22.803509,17.720045,14.56022,9.486833,5.385165,2.236068,2.828427,5.830952,8.544004,10.77033,12.649111,13.928388,14.866069,15.231546,16.552945,14.866069,13.0,11.401754,8.062258,6.0,3.605551,4.0,6.324555,8.062258,5.385165,3.162278,4.242641,8.062258,13.0,15.811388,18.973666,20.880613,22.135944,22.472205,21.18962,19.313208,17.464249,14.764823,12.529964,9.433981,7.211103,3.605551,1.0,3.605551,8.062258,12.529964,16.124515,21.470911,24.166092,26.0
20260626_151642,2026-06-26T15:16:42.585650+09:00,skeleton,RX2,7.211103,6.708204,7.071068,9.219544,10.440307,11.7047,13.928388,13.928388,14.866069,14.866069,13.601471,12.369317,11.401754,10.198039,7.071068,4.123106,2.236068,5.0,9.848858,14.56022,19.416488,23.345235,26.172505,28.017851,29.017236,27.018512,4.242641,7.615773,10.440307,13.341664,15.132746,17.029386,18.0,17.029386,16.124515,15.132746,13.152946,11.401754,8.544004,6.324555,3.605551,2.0,3.162278,6.082763,8.0,11.045361,13.038405,14.035669,15.033296,15.033296,13.152946,11.18034
20260626_151642,2026-06-26T15:16:42.617347+09:00,skeleton,RX3,10.198039,8.062258,8.485281,8.944272,10.440307,12.369317,13.341664,13.341664,14.56022,14.866069,14.866069,15.231546,14.764823,14.764823,13.892444,13.038405,11.661904,10.29563,8.544004,7.0,6.708204,7.81025,9.433981,11.7047,13.341664,14.317821,10.630146,13.453624,15.620499,18.027756,18.35756,19.235384,17.464249,16.155494,13.601471,11.401754,9.486833,6.324555,4.472136,3.605551,4.0,5.09902,7.28011,9.486833,11.401754,13.152946,15.132746,16.03122,16.0,17.0,16.03122,14.0
20260626_151642,2026-06-26T15:16:42.647563+09:00,skeleton,RX1,4.0,7.28011,11.401754,14.317821,16.278821,17.262677,17.262677,16.124515,16.124515,14.142136,13.152946,10.198039,8.246211,5.385165,4.242641,4.0,5.830952,8.485281,11.401754,13.601471,15.264338,16.124515,17.0,15.652476,14.317821,13.0,15.231546,17.088007,18.027756,18.973666,18.027756,15.811388,12.649111,9.486833,6.324555,2.0,1.414214,5.0,7.211103,9.433981,11.401754,14.21267,15.556349,16.970563,17.691806,18.439089,18.601075,18.027756,16.643317,13.892444,10.29563,5.830952
20260626_151642,2026-06-26T15:16:42.675263+09:00,skeleton,RX2,8.062258,8.944272,10.630146,12.727922,14.21267,15.0,15.0,15.811388,15.620499,15.620499,14.866069,14.142136,12.041595,10.0,8.944272,6.082763,5.0,7.071068,11.18034,15.231546,20.124612,23.853721,27.802878,28.319605,29.0,28.319605,5.656854,6.324555,9.055385,10.049876,12.369317,13.0,13.892444,13.601471,12.727922,12.206556,10.816654,9.848858,8.246211,6.082763,4.123106,3.605551,4.0,6.082763,7.615773,9.433981,11.401754,12.806248,12.727922,12.727922,12.206556,9.433981
20260626_151642,2026-06-26T15:16:42.705358+09:00,skeleton,RX3,20.615528,21.400935,20.808652,19.723083,18.35756,15.652476,13.0,9.848858,8.062258,5.830952,4.242641,4.0,5.385165,8.062258,10.29563,13.038405,15.264338,18.027756,20.248457,21.095023,22.472205,22.472205,21.095023,19.723083,17.492856,14.422205,13.892444,12.529964,9.433981,6.403124,3.605551,2.828427,6.324555,9.486833,11.7047,13.928388,15.231546,15.652476,15.811388,15.811388,14.866069,14.142136,13.453624,12.041595,10.630146,9.219544,7.211103,7.071068,8.246211,10.29563,13.601471,16.401219
20260626_151642,2026-06-26T15:16:42.735673+09:00,skeleton,RX1,26.870058,24.839485,22.022716,17.691806,14.21267,9.219544,4.242641,2.0,3.0,6.082763,9.219544,11.18034,13.341664,15.132746,15.297059,16.278821,17.117243,15.297059,14.317821,12.369317,8.544004,6.403124,4.123106,4.472136,6.403124,8.944272,5.0,3.0,4.472136,8.246211,13.038405,16.0,19.026298,21.023796,22.022716,22.0,21.0,20.0,17.029386,15.132746,13.152946,10.198039,7.071068,4.123106,3.605551,8.062258,13.038405,17.204651,21.400935,24.839485,26.907248
20260626_151642,2026-06-26T15:16:42.765274+09:00,skeleton,RX2,14.764823,13.038405,11.661904,9.433981,7.211103,4.472136,1.414214,1.0,4.123106,6.708204,9.848858,13.0,15.652476,18.788294,21.023796,23.706539,25.942244,26.925824,26.925824,26.627054,24.207437,20.518285,16.401219,12.083046,9.0,7.81025,11.0,12.165525,11.401754,11.18034,10.0,8.602325,7.615773,7.071068,6.082763,5.0,5.0,5.09902,7.071068,7.28011,8.062258,8.602325,8.485281,9.219544,8.944272,8.544004,8.0,9.219544,9.848858,10.630146,12.041595,13.601471
20260626_151642,2026-06-26T15:16:42.796737+09:00,skeleton,RX3,10.77033,8.062258,7.28011,7.211103,8.602325,10.29563,12.083046,13.0,13.0,13.416408,13.892444,13.892444,14.422205,14.422205,13.601471,13.601471,12.041595,11.401754,9.433981,6.708204,5.0,3.605551,5.385165,7.0,9.055385,10.198039,12.083046,14.317821,17.0,18.867962,20.248457,20.808652,18.601075,17.029386,14.866069,12.041595,9.219544,6.403124,4.123106,2.236068,3.605551,5.385165,7.28011,9.486833,12.649111,13.928388,15.652476,16.552945,17.492856,17.492856,16.643317,15.264338
20260626_151642,2026-06-26T15:16:42.826349+09:00,skeleton,RX1,2.828427,7.211103,10.816654,14.422205,15.0,16.401219,16.401219,15.620499,15.620499,13.453624,12.806248,10.0,7.81025,5.830952,4.0,4.242641,5.385165,8.0,11.045361,14.142136,15.132746,16.124515,16.278821,15.524175,13.928388,12.083046,16.124515,17.492856,18.867962,18.867962,17.492856,15.811388,13.038405,9.219544,5.656854,1.414214,3.0,5.09902,8.246211,10.440307,12.369317,15.297059,16.124515,18.027756,18.0,19.026298,19.104973,18.248288,16.278821,13.341664,10.440307,7.071068
20260626_151642,2026-06-26T15:16:42.856150+09:00,skeleton,RX2,15.524175,14.56022,12.649111,10.440307,8.544004,5.830952,3.605551,3.162278,4.242641,6.708204,9.486833,12.649111,14.56022,17.720045,20.615528,22.561028,24.515301,26.305893,26.305893,25.179357,24.020824,20.0,17.117243,13.0,9.899495,9.219544,13.601471,13.152946,13.0,12.041595,11.401754,9.848858,8.602325,6.403124,4.472136,2.0,2.236068,4.123106,5.830952,6.403124,7.81025,8.602325,8.944272,9.848858,10.198039,10.0,10.198039,11.18034,12.041595,12.806248,13.892444,14.317821
20260626_151642,2026-06-26T15:16:42.886071+09:00,skeleton,RX3,11.401754,8.944272,7.28011,7.071068,7.211103,9.219544,9.899495,11.313708,12.727922,13.453624,13.453624,14.21267,13.601471,14.422205,14.422205,13.892444,13.038405,12.206556,9.219544,7.81025,6.324555,5.09902,6.403124,8.944272,10.77033,12.649111,12.369317,15.524175,17.720045,20.248457,20.615528,21.023796,19.723083,18.867962,15.811388,13.601471,10.816654,8.602325,5.830952,4.123106,3.605551,5.0,6.708204,8.944272,11.18034,13.038405,14.422205,16.401219,17.029386,17.691806,16.970563,16.278821
20260626_151642,2026-06-26T15:16:42.915010+09:00,skeleton,RX1,3.0,7.071068,10.198039,13.341664,14.56022,15.811388,16.155494,16.155494,15.231546,13.928388,12.649111,9.486833,8.246211,6.082763,4.123106,3.605551,5.09902,7.615773,10.816654,12.806248,15.620499,16.278821,16.278821,16.278821,14.21267,12.206556,16.278821,17.464249,18.681542,18.681542,17.720045,16.155494,12.649111,8.944272,4.472136,1.414214,3.0,6.324555,8.246211,11.401754,13.341664,15.297059,17.262677,18.11077,19.026298,19.0,19.026298,18.11077,16.124515,14.142136,10.198039,6.324555
20260626_151642,2026-06-26T15:16:42.945509+09:00,skeleton,RX2,11.401754,12.083046,13.038405,14.21267,14.866069,15.556349,15.556349,15.556349,15.556349,14.142136,13.453624,12.041595,11.401754,9.433981,8.246211,7.071068,7.211103,8.944272,12.165525,16.0,19.235384,22.803509,25.298221,26.925824,26.400758,25.059928,3.162278,5.656854,8.062258,10.77033,12.369317,14.035669,15.033296,15.132746,14.56022,13.928388,13.0,11.661904,10.0,7.071068,5.0,3.162278,2.0,3.162278,4.123106,6.324555,7.211103,9.219544,9.899495,10.0,9.848858,10.198039
20260626_151642,2026-06-26T15:16:42.977363+09:00,skeleton,RX3,19.79899,21.213203,21.931712,21.260292,19.209373,17.804494,15.811388,13.038405,11.661904,9.433981,7.071068,5.830952,5.0,6.324555,8.602325,10.630146,13.453624,16.401219,19.209373,21.400935,22.203603,23.600847,23.600847,21.400935,19.209373,16.401219,14.317821,12.165525,10.198039,7.071068,3.162278,1.0,4.123106,8.246211,10.440307,13.928388,15.231546,15.652476,16.124515,15.811388,15.0,14.866069,13.453624,12.727922,11.313708,9.219544,8.602325,7.28011,7.071068,8.944272,12.041595,14.866069
20260626_151642,2026-06-26T15:16:43.005547+09:00,skeleton,RX1,25.317978,24.33105,20.615528,17.464249,13.341664,9.219544,5.09902,1.414214,3.162278,6.403124,9.219544,12.041595,13.453624,15.556349,16.970563,16.970563,18.384776,16.970563,16.278821,13.453624,10.816654,7.615773,5.0,4.242641,5.0,7.071068,5.385165,4.123106,5.09902,9.055385,13.601471,17.088007,20.615528,21.931712,24.166092,24.166092,21.931712,20.615528,18.384776,15.811388,12.369317,10.198039,6.0,4.123106,2.0,5.385165,8.544004,13.152946,17.029386,21.023796,24.020824,25.179357
20260626_151642,2026-06-26T15:16:43.035650+09:00,skeleton,RX2,10.630146,11.401754,12.529964,13.0,13.601471,14.56022,14.317821,14.317821,14.317821,13.341664,13.601471,11.7047,10.77033,9.433981,7.81025,6.708204,6.082763,7.81025,11.661904,14.866069,18.681542,23.345235,25.079872,27.018512,27.018512,26.07681,4.123106,7.0,9.219544,11.7047,13.416408,15.0,16.278821,16.278821,15.0,14.422205,12.529964,11.18034,8.544004,6.082763,4.0,2.236068,2.236068,3.605551,6.708204,8.544004,10.440307,11.401754,12.165525,12.041595,12.041595,11.18034
20260626_151642,2026-06-26T15:16:43.065216+09:00,skeleton,RX3,13.038405,9.433981,7.28011,6.0,5.830952,7.211103,8.944272,9.848858,10.77033,13.0,13.0,13.416408,14.317821,14.764823,15.264338,14.764823,13.892444,13.416408,11.18034,9.486833,6.082763,4.472136,4.123106,7.071068,8.544004,11.18034,12.529964,16.124515,18.867962,20.248457,22.203603,22.803509,21.260292,20.518285,16.970563,14.866069,12.041595,9.219544,5.656854,3.605551,2.0,3.605551,5.830952,7.615773,9.848858,12.083046,13.892444,16.124515,17.492856,18.027756,18.601075,17.204651
20260626_151642,2026-06-26T15:16:43.096760+09:00,skeleton,RX1,25.0,24.041631,22.135944,17.088007,13.928388,9.486833,5.385165,2.0,2.236068,5.0,7.81025,9.899495,12.041595,14.21267,15.620499,15.620499,16.278821,14.866069,14.21267,11.313708,9.219544,5.830952,4.0,4.472136,6.0,8.246211,5.0,3.0,4.0,8.062258,12.649111,15.231546,18.384776,21.023796,21.931712,21.931712,21.023796,18.788294,16.155494,13.928388,11.7047,8.246211,5.09902,3.0,1.414214,5.09902,9.055385,13.0,17.029386,21.095023,23.345235,25.495098
20260626_151642,2026-06-26T15:16:43.125978+09:00,skeleton,RX2,9.433981,9.486833,11.18034,12.0,13.038405,13.038405,14.142136,14.142136,13.152946,13.038405,12.041595,11.045361,10.0,8.062258,6.324555,5.656854,5.0,7.211103,11.313708,15.811388,19.235384,23.259407,26.570661,28.160256,27.892651,26.476405,3.162278,5.830952,8.602325,11.313708,12.806248,15.264338,15.652476,16.155494,15.524175,14.317821,13.152946,12.041595,10.049876,7.071068,5.385165,2.828427,2.0,3.605551,5.385165,7.28011,9.219544,11.045361,11.0,11.045361,10.198039,9.848858
20260626_151642,2026-06-26T15:16:43.156623+09:00,skeleton,RX3,19.104973,20.518285,21.213203,20.518285,19.849433,17.804494,15.811388,13.038405,10.816654,8.602325,6.403124,4.472136,4.0,5.830952,7.071068,10.630146,13.601471,17.204651,19.416488,21.095023,23.323808,23.323808,23.323808,21.954498,19.723083,16.643317,13.928388,12.649111,9.486833,6.324555,2.828427,2.236068,5.09902,9.219544,12.369317,13.601471,14.866069,16.155494,16.552945,16.124515,15.811388,15.0,14.866069,13.453624,12.727922,10.630146,8.602325,7.615773,7.071068,8.944272,11.401754,14.866069
20260626_151642,2026-06-26T15:16:43.186508+09:00,skeleton,RX1,25.806976,23.430749,20.615528,17.029386,12.806248,8.602325,5.0,1.414214,3.0,6.324555,8.544004,10.77033,13.0,15.231546,16.552945,17.464249,18.027756,16.552945,15.652476,12.529964,10.29563,7.211103,3.605551,2.828427,5.0,7.0,5.830952,3.162278,4.472136,8.062258,11.7047,15.524175,19.416488,21.377558,22.36068,21.377558,20.223748,19.235384,16.492423,14.56022,11.7047,9.486833,5.830952,2.828427,1.414214,5.09902,9.486833,13.0,17.464249,20.59126,23.853721,25.238859
20260626_151642,2026-06-26T15:16:43.215268+09:00,skeleton,RX2,11.18034,10.816654,9.433981,8.062258,5.0,2.828427,1.0,2.0,5.09902,7.28011,9.486833,12.369317,14.56022,16.763055,19.646883,21.587033,24.515301,25.317978,25.179357,25.019992,23.0,20.099751,15.811388,13.038405,9.433981,9.0,15.620499,15.556349,14.866069,13.601471,11.18034,9.486833,7.0,4.472136,3.162278,4.472136,5.656854,8.602325,9.848858,10.77033,12.369317,12.165525,13.038405,12.0,11.045361,10.440307,8.944272,7.81025,7.211103,8.062258,9.055385,10.440307
20260626_151642,2026-06-26T15:16:43.245192+09:00,skeleton,RX3,12.0,9.055385,6.324555,5.656854,5.09902,7.0,9.055385,10.198039,11.18034,12.165525,13.152946,14.142136,14.035669,14.035669,15.0,14.0,14.0,12.041595,10.049876,8.062258,4.472136,2.236068,3.605551,6.708204,8.544004,10.440307,13.152946,16.124515,19.235384,20.396078,22.561028,21.587033,20.880613,18.973666,15.811388,13.928388,10.77033,7.615773,5.09902,3.162278,2.828427,5.09902,7.0,9.055385,11.045361,13.038405,15.0,17.0,18.027756,18.027756,18.11077,16.124515
20260626_151642,2026-06-26T15:16:43.275186+09:00,skeleton,RX1,4.242641,7.81025,11.401754,14.422205,15.811388,16.643317,17.0,16.124515,15.652476,13.416408,12.529964,10.29563,8.062258,6.403124,3.605551,2.236068,4.472136,7.28011,10.049876,13.0,14.0,16.124515,16.124515,15.297059,14.317821,12.369317,15.811388,18.027756,18.35756,19.235384,17.888544,17.0,13.416408,9.848858,5.385165,2.0,2.236068,5.0,8.062258,9.433981,12.206556,13.601471,15.620499,17.029386,17.691806,17.691806,17.691806,17.029386,15.0,12.206556,8.602325,4.472136
20260626_151642,2026-06-26T15:16:43.305110+09:00,skeleton,RX2,11.401754,10.440307,9.219544,7.28011,5.09902,3.0,2.236068,5.385165,7.28011,10.440307,12.369317,15.297059,17.262677,20.396078,22.203603,24.186773,25.079872,26.019224,25.019992,23.086793,19.416488,16.155494,11.401754,8.944272,9.055385,15.231546,15.652476,14.422205,12.806248,10.630146,8.602325,5.09902,3.162278,3.162278,4.472136,7.81025,9.219544,10.816654,12.529964,13.0,13.928388,13.601471,13.341664,13.038405,12.041595,10.198039,8.944272,8.485281,8.944272,9.055385,10.049876
20260626_151642,2026-06-26T15:16:43.336403+09:00,skeleton,RX3,17.262677,18.248288,18.439089,18.439089,16.492423,15.524175,12.649111,10.77033,8.544004,6.708204,5.09902,3.0,1.414214,4.0,6.082763,8.246211,11.401754,13.928388,16.763055,18.027756,20.248457,21.18962,20.248457,19.313208,17.088007,14.866069,13.416408,12.083046,9.848858,6.708204,2.236068,1.414214,5.0,8.0,11.045361,13.0,14.035669,15.132746,15.132746,15.297059,14.56022,14.866069,13.928388,13.0,11.18034,9.848858,7.28011,6.0,5.385165,7.211103,9.486833,12.369317
20260626_151642,2026-06-26T15:16:43.365588+09:00,skeleton,RX1,25.612497,24.083189,20.518285,17.691806,12.727922,9.219544,5.0,2.236068,3.0,6.324555,8.544004,11.7047,13.601471,14.866069,17.088007,17.088007,18.027756,16.155494,15.231546,13.416408,10.29563,7.211103,3.605551,2.828427,5.09902,7.0,6.324555,3.605551,5.0,8.602325,12.083046,15.811388,19.646883,21.587033,21.587033,22.561028,21.377558,19.416488,16.763055,14.866069,11.7047,8.944272,5.830952,2.828427,2.236068,5.09902,9.486833,13.416408,17.492856,21.633308,24.413111,26.400758
20260626_151642,2026-06-26T15:16:43.395260+09:00,skeleton,RX2,10.29563,10.630146,11.401754,12.529964,13.416408,13.928388,13.928388,13.928388,13.928388,13.0,12.083046,11.18034,10.29563,9.219544,7.211103,6.082763,6.708204,9.219544,13.0,16.492423,21.095023,24.020824,27.018512,28.160256,28.284271,26.476405,3.605551,6.082763,9.055385,10.440307,13.416408,13.892444,15.0,14.866069,14.866069,13.601471,12.206556,11.18034,8.544004,6.082763,4.0,2.828427,3.0,4.472136,7.071068,8.602325,10.816654,11.661904,12.083046,12.649111,12.165525,11.0
20260626_151642,2026-06-26T15:16:43.425426+09:00,skeleton,RX3,10.440307,8.062258,6.324555,5.656854,7.615773,9.219544,10.198039,12.041595,13.152946,14.142136,15.297059,15.524175,15.524175,15.811388,15.811388,15.811388,14.866069,13.601471,11.401754,9.055385,6.082763,5.0,5.09902,7.28011,8.944272,10.816654,11.18034,14.317821,17.0,19.235384,19.723083,20.248457,19.416488,17.204651,15.0,12.806248,10.0,6.403124,5.0,3.162278,2.236068,4.123106,6.082763,8.062258,10.198039,12.369317,14.56022,15.811388,17.088007,17.464249,16.552945,15.652476
20260626_151642,2026-06-26T15:16:43.455104+09:00,skeleton,RX1,26.627054,23.853721,20.808652,17.804494,13.601471,10.0,5.830952,2.0,3.0,5.385165,7.615773,9.848858,12.083046,13.928388,14.866069,15.811388,16.155494,16.155494,13.928388,12.083046,9.433981,5.656854,3.162278,3.605551,5.09902,8.0,5.0,3.162278,3.605551,8.062258,12.0,16.124515,19.235384,21.213203,22.203603,21.213203,20.223748,19.104973,17.029386,14.035669,12.0,9.0,6.0,2.0,1.0,5.09902,9.219544,13.601471,17.464249,21.023796,23.706539,25.553865
20260626_151642,2026-06-26T15:16:43.485141+09:00,skeleton,RX2,10.816654,10.816654,8.602325,7.211103,5.0,2.828427,1.0,3.162278,4.472136,8.062258,10.29563,12.529964,15.264338,17.492856,19.416488,22.203603,24.207437,25.495098,24.758837,24.758837,22.022716,18.867962,15.231546,11.045361,8.544004,8.602325,16.155494,15.524175,15.297059,13.038405,11.045361,8.246211,5.385165,3.605551,2.828427,5.09902,7.0,9.219544,11.401754,11.7047,13.416408,13.038405,13.601471,13.453624,12.727922,11.401754,11.18034,10.198039,9.055385,9.486833,10.0,9.899495
20260626_151642,2026-06-26T15:16:43.515387+09:00,skeleton,RX3,20.59126,21.954498,22.472205,21.633308,20.808652,17.804494,15.620499,13.453624,11.313708,9.219544,7.211103,5.09902,4.123106,5.656854,7.211103,10.77033,13.928388,16.763055,19.646883,21.587033,23.769729,24.738634,23.769729,22.561028,20.615528,17.464249,13.341664,12.369317,10.198039,6.082763,3.0,1.0,5.0,9.0,11.045361,13.341664,15.297059,15.811388,16.155494,16.155494,15.652476,15.264338,14.422205,12.206556,10.816654,9.433981,7.615773,7.0,7.28011,9.899495,12.806248,15.264338
20260626_151642,2026-06-26T15:16:43.545247+09:00,skeleton,RX1,25.079872,23.769729,20.615528,16.155494,13.0,8.944272,5.0,2.0,3.605551,6.082763,9.055385,12.041595,14.142136,15.132746,16.124515,17.117243,18.248288,16.124515,15.132746,13.038405,10.0,7.071068,3.605551,3.0,5.0,7.211103,6.0,3.605551,4.123106,8.602325,12.727922,15.620499,19.209373,21.400935,22.203603,22.203603,20.808652,19.209373,17.029386,14.866069,12.041595,9.219544,5.830952,3.162278,1.414214,5.0,8.485281,12.806248,16.401219,20.248457,24.186773,24.596748
20260626_151642,2026-06-26T15:16:43.576384+09:00,skeleton,RX2,8.544004,9.433981,10.630146,11.401754,12.206556,13.038405,13.892444,13.416408,12.529964,11.661904,11.661904,10.0,9.219544,7.81025,6.708204,5.0,6.403124,8.544004,12.165525,16.0,20.099751,23.345235,25.70992,27.202941,27.513633,26.0,3.162278,6.082763,8.0,11.18034,12.649111,14.317821,14.764823,14.422205,14.21267,14.142136,12.041595,10.816654,8.944272,7.28011,5.0,3.162278,2.236068,4.123106,5.385165,7.211103,8.485281,10.630146,10.816654,10.29563,9.848858,9.219544
20260626_151642,2026-06-26T15:16:43.605638+09:00,skeleton,RX3,11.661904,9.219544,6.708204,6.0,6.708204,8.602325,10.630146,11.313708,13.453624,14.142136,14.866069,15.620499,15.620499,15.811388,15.811388,15.811388,15.264338,13.601471,12.206556,9.219544,7.071068,4.123106,2.828427,5.09902,8.0,10.049876,11.7047,14.56022,17.720045,19.646883,20.396078,21.377558,20.223748,18.11077,16.124515,13.038405,10.049876,8.062258,4.123106,2.236068,2.0,3.605551,6.403124,8.602325,10.630146,12.806248,14.422205,17.0,18.35756,18.35756,17.464249,16.552945
20260626_151642,2026-06-26T15:16:43.635059+09:00,skeleton,RX1,3.162278,7.28011,11.401754,14.56022,15.811388,16.763055,17.088007,16.155494,16.155494,14.317821,12.083046,9.848858,8.544004,5.09902,3.0,2.236068,5.09902,8.062258,10.630146,13.453624,15.556349,16.970563,16.970563,16.278821,15.620499,13.601471,16.278821,17.464249,18.681542,18.973666,18.027756,15.811388,13.0,8.944272,5.385165,1.414214,2.0,6.082763,8.246211,11.18034,12.369317,15.297059,16.124515,17.117243,19.026298,19.026298,19.0,18.027756,16.124515,13.152946,10.198039,6.082763
20260626_151642,2026-06-26T15:16:43.670062+09:00,skeleton,RX2,10.440307,9.219544,8.246211,6.082763,4.123106,2.0,3.162278,5.385165,7.615773,9.848858,13.0,15.231546,18.384776,20.615528,22.847319,24.596748,25.942244,25.553865,25.238859,22.803509,19.79899,15.811388,12.649111,10.049876,9.433981,16.03122,15.132746,15.297059,13.0,11.18034,9.219544,5.830952,4.0,3.605551,5.09902,7.071068,8.544004,10.29563,10.816654,12.041595,12.727922,12.806248,12.206556,11.661904,10.77033,10.198039,8.062258,8.544004,7.81025,8.602325,9.848858
20260626_151642,2026-06-26T15:16:43.695337+09:00,skeleton,RX3,12.041595,8.602325,7.071068,6.324555,7.211103,9.219544,10.816654,12.206556,13.601471,15.0,15.0,15.620499,15.620499,16.278821,16.970563,15.556349,15.556349,14.142136,12.041595,9.433981,6.708204,5.0,4.242641,6.082763,8.062258,10.198039,10.630146,13.453624,16.278821,18.439089,19.209373,19.416488,18.867962,17.492856,14.764823,12.529964,9.433981,6.708204,3.605551,2.236068,2.828427,4.472136,6.708204,8.944272,10.816654,13.601471,15.0,16.278821,17.691806,18.384776,17.691806,16.278821
20260626_151642,2026-06-26T15:16:43.725539+09:00,skeleton,RX1,3.605551,7.211103,10.630146,13.601471,15.620499,16.278821,16.278821,15.556349,15.556349,13.453624,11.313708,9.899495,7.071068,5.0,3.162278,2.828427,5.0,7.28011,10.440307,12.649111,14.866069,16.155494,16.552945,15.652476,13.892444,13.038405,16.124515,18.027756,19.0,19.0,18.0,16.03122,13.038405,9.055385,5.09902,1.414214,3.0,6.0,9.0,11.045361,13.038405,15.132746,16.278821,17.464249,18.681542,18.973666,18.384776,17.464249,16.552945,13.416408,10.29563,5.830952
20260626_151642,2026-06-26T15:16:43.755854+09:00,skeleton,RX2,10.630146,10.0,8.602325,7.211103,5.0,2.236068,1.0,2.236068,5.0,7.071068,9.899495,12.041595,14.866069,16.970563,19.79899,21.931712,24.083189,24.839485,25.612497,24.413111,22.825424,19.697716,16.492423,13.038405,9.848858,10.0,16.124515,16.552945,15.811388,14.317821,12.041595,10.049876,7.28011,4.242641,3.0,4.242641,6.324555,8.062258,10.0,11.045361,11.401754,11.401754,11.7047,11.661904,11.401754,10.630146,10.0,8.544004,8.0,8.544004,9.433981,10.630146
20260626_151642,2026-06-26T15:16:43.785225+09:00,skeleton,RX3,12.206556,9.219544,7.211103,6.0,6.708204,8.602325,10.630146,11.313708,12.727922,14.142136,15.556349,16.278821,16.278821,16.401219,16.401219,16.401219,15.811388,15.0,12.806248,9.899495,7.81025,4.123106,3.605551,5.09902,8.0,10.049876,11.661904,15.231546,18.384776,20.248457,21.18962,21.84033,20.615528,18.439089,16.278821,13.152946,11.18034,8.246211,5.09902,2.236068,2.0,4.242641,7.071068,8.485281,11.313708,14.21267,15.620499,17.204651,18.027756,18.867962,18.35756,17.492856
20260626_151642,2026-06-26T15:16:43.817018+09:00,skeleton,RX1,25.0,24.738634,21.587033,16.492423,13.341664,8.246211,4.472136,2.0,3.605551,6.324555,9.848858,11.7047,13.601471,15.811388,16.763055,18.027756,18.027756,16.763055,15.524175,13.341664,10.198039,8.0,4.472136,3.0,5.0,7.071068,6.0,3.605551,5.0,9.433981,12.806248,16.278821,19.104973,21.260292,22.671568,23.345235,21.931712,19.79899,18.384776,15.620499,12.806248,9.433981,6.708204,3.162278,2.236068,4.242641,8.602325,13.038405,16.552945,21.023796,23.4094,25.298221
20260626_151642,2026-06-26T15:16:43.846243+09:00,skeleton,RX2,10.0,11.18034,11.401754,13.152946,13.038405,14.0,15.0,14.0,14.035669,14.0,13.0,12.041595,11.045361,9.219544,8.062258,6.403124,6.082763,8.544004,12.206556,16.278821,20.0,23.323808,25.942244,27.313001,26.925824,25.298221,4.123106,6.324555,8.944272,11.401754,13.453624,14.866069,16.401219,15.264338,14.317821,13.928388,12.649111,10.198039,8.062258,6.0,4.123106,2.236068,2.236068,3.605551,5.385165,8.062258,10.049876,11.0,11.045361,12.165525,11.401754,10.29563
20260626_151642,2026-06-26T15:16:43.875177+09:00,skeleton,RX3,12.529964,10.0,7.81025,6.324555,6.082763,8.062258,8.602325,10.630146,12.041595,12.806248,13.601471,15.0,15.0,15.264338,15.264338,14.764823,14.764823,13.892444,11.661904,8.602325,6.403124,4.123106,2.828427,5.09902,7.0,9.055385,12.206556,15.264338,18.35756,19.235384,21.023796,20.615528,20.248457,18.027756,15.811388,13.601471,10.440307,7.28011,5.385165,3.605551,3.162278,5.0,6.403124,9.219544,11.401754,14.21267,15.811388,17.204651,18.027756,18.35756,18.35756,17.0
20260626_151642,2026-06-26T15:16:43.905007+09:00,skeleton,RX1,25.298221,25.0,21.587033,17.464249,13.341664,9.219544,5.09902,1.414214,2.236068,5.09902,8.062258,10.198039,13.152946,14.317821,15.297059,15.297059,16.278821,15.132746,14.142136,11.045361,9.0,6.082763,4.242641,4.0,6.403124,7.81025,5.09902,2.236068,4.472136,8.485281,12.806248,15.811388,19.416488,21.633308,22.472205,22.472205,21.095023,19.416488,17.204651,15.0,12.806248,9.219544,5.656854,2.828427,5.0,8.602325,13.038405,17.0,21.023796,24.166092,26.0
20260626_151642,2026-06-26T15:16:43.935466+09:00,skeleton,RX2,10.0,10.0,8.602325,7.071068,5.0,2.828427,1.0,2.236068,4.472136,7.615773,8.944272,12.083046,14.764823,17.0,20.124612,21.470911,24.166092,25.079872,25.632011,24.041631,22.561028,20.099751,16.03122,12.649111,9.899495,10.440307,17.029386,16.278821,15.0,13.038405,12.083046,9.219544,6.0,4.472136,3.162278,5.0,6.403124,8.062258,10.440307,11.18034,12.041595,12.0,12.041595,12.165525,11.401754,10.77033,9.433981,7.81025,7.615773,8.0,9.219544,9.848858
20260626_151642,2026-06-26T15:16:43.965831+09:00,skeleton,RX3,19.849433,21.260292,22.022716,21.400935,20.808652,18.867962,16.124515,13.892444,11.661904,9.433981,7.81025,5.830952,5.09902,6.324555,7.211103,10.630146,13.453624,17.029386,19.209373,21.400935,23.600847,24.207437,23.600847,23.021729,20.808652,17.204651,14.0,12.041595,10.049876,7.071068,3.0,1.0,5.09902,8.246211,10.77033,13.416408,14.764823,15.264338,15.811388,15.620499,15.556349,14.866069,14.21267,12.206556,11.401754,10.0,7.81025,6.708204,7.0,8.944272,11.661904,14.21267
20260626_151642,2026-06-26T15:16:43.995440+09:00,skeleton,RX1,24.351591,22.847319,19.697716,16.552945,12.529964,8.944272,4.472136,1.0,2.828427,5.656854,7.81025,11.313708,12.041595,13.453624,15.620499,16.278821,16.401219,16.278821,14.866069,12.806248,10.0,6.708204,4.123106,5.0,6.082763,8.062258,5.0,2.236068,5.09902,8.062258,13.341664,15.811388,19.924859,21.540659,22.472205,22.135944,21.18962,18.973666,16.763055,14.56022,11.18034,10.049876,6.082763,4.0,4.0,8.0,12.041595,16.124515,19.416488,22.803509,23.769729
20260626_151642,2026-06-26T15:16:44.027049+09:00,skeleton,RX2,11.0,10.049876,9.055385,7.071068,5.09902,3.162278,1.0,3.162278,5.0,7.071068,10.049876,13.038405,15.033296,18.027756,20.099751,23.194827,25.179357,26.476405,26.476405,25.70992,23.086793,19.697716,16.643317,12.806248,10.440307,10.198039,17.117243,16.278821,15.524175,13.928388,11.661904,9.219544,5.830952,3.0,2.828427,5.0,7.28011,8.944272,10.0,12.041595,12.727922,12.806248,13.038405,12.529964,12.083046,11.401754,10.049876,8.246211,8.062258,7.81025,8.544004,10.049876
20260626_151642,2026-06-26T15:16:44.056584+09:00,skeleton,RX3,18.973666,20.880613,20.615528,20.615528,19.416488,17.262677,15.132746,13.038405,10.049876,8.062258,6.082763,3.605551,3.162278,4.123106,6.708204,10.29563,13.601471,16.401219,19.849433,22.022716,24.083189,24.083189,24.758837,23.345235,21.213203,18.384776,15.264338,13.038405,10.0,7.211103,3.162278,1.0,5.0,8.062258,10.816654,13.892444,15.652476,16.155494,15.811388,15.524175,15.297059,15.132746,14.035669,14.0,12.0,10.0,8.062258,6.324555,5.830952,7.071068,10.198039,13.341664
20260626_151642,2026-06-26T15:16:44.085411+09:00,skeleton,RX1,25.612497,23.600847,21.400935,17.204651,13.038405,8.602325,5.0,2.0,3.162278,6.0,9.055385,11.045361,13.038405,15.033296,16.124515,17.117243,17.117243,16.124515,15.132746,13.341664,10.440307,6.324555,4.242641,3.162278,4.472136,7.28011,6.082763,3.605551,4.472136,7.81025,13.038405,15.652476,19.697716,20.615528,21.540659,21.931712,20.615528,18.788294,17.0,14.764823,12.206556,8.602325,5.656854,3.605551,2.236068,5.09902,9.433981,12.806248,17.029386,21.213203,23.345235,25.495098
20260626_151642,2026-06-26T15:16:44.115155+09:00,skeleton,RX2,10.816654,10.816654,9.433981,8.062258,5.830952,3.162278,1.414214,2.236068,4.242641,7.071068,9.219544,12.041595,14.21267,17.029386,19.849433,21.931712,24.758837,25.455844,25.495098,24.207437,22.472205,19.235384,15.811388,13.0,10.77033,10.0,16.401219,16.643317,16.124515,13.928388,12.369317,9.055385,6.082763,4.472136,3.0,4.242641,6.708204,8.246211,10.049876,11.0,12.041595,12.165525,12.369317,13.0,11.18034,10.0,9.219544,7.615773,8.062258,7.615773,9.433981,9.899495
20260626_151642,2026-06-26T15:16:44.145366+09:00,skeleton,RX3,11.661904,9.486833,7.0,5.385165,5.656854,6.324555,8.246211,10.198039,11.045361,12.165525,13.152946,13.341664,14.317821,14.56022,14.56022,14.56022,13.601471,12.369317,10.440307,8.062258,5.0,2.236068,2.236068,5.656854,8.602325,9.433981,12.806248,15.620499,18.439089,20.518285,21.213203,21.931712,19.849433,19.209373,16.401219,13.601471,10.630146,7.81025,4.242641,2.236068,2.828427,4.472136,6.324555,9.486833,11.7047,13.0,15.652476,17.464249,18.35756,19.235384,18.35756,16.124515
20260626_151642,2026-06-26T15:16:44.175066+09:00,skeleton,RX1,27.313001,25.079872,21.540659,18.027756,13.928388,9.486833,5.830952,2.236068,3.605551,6.324555,8.246211,11.18034,12.369317,14.317821,16.492423,16.492423,16.278821,16.278821,15.132746,12.165525,9.0,6.082763,3.605551,3.162278,5.656854,7.211103,6.0,3.605551,4.472136,7.071068,12.206556,16.124515,19.235384,21.023796,22.36068,22.36068,20.59126,19.235384,16.124515,14.422205,11.401754,8.485281,5.656854,2.236068,1.0,5.656854,9.219544,13.453624,18.027756,21.633308,24.186773,27.294688
20260626_151642,2026-06-26T15:16:44.205115+09:00,skeleton,RX2,8.062258,8.944272,10.0,11.313708,12.041595,12.806248,13.601471,13.601471,13.601471,12.206556,11.401754,9.899495,9.219544,7.211103,6.324555,5.09902,6.403124,9.055385,13.0,17.262677,20.880613,23.769729,26.832816,27.294688,26.925824,25.806976,2.828427,5.385165,9.055385,11.0,13.038405,14.317821,15.811388,15.231546,14.764823,13.601471,12.806248,11.313708,8.602325,6.708204,4.123106,3.162278,3.605551,5.0,7.28011,8.544004,10.29563,10.816654,12.041595,12.041595,11.401754,9.848858
20260626_151642,2026-06-26T15:16:44.235043+09:00,skeleton,RX3,16.643317,18.601075,19.209373,18.601075,17.029386,15.620499,13.453624,11.313708,8.485281,7.071068,4.242641,3.162278,2.236068,3.162278,6.082763,8.062258,11.0,14.0,16.0,18.027756,19.026298,20.024984,20.024984,18.027756,16.03122,14.035669,13.341664,11.401754,8.544004,5.385165,2.0,2.236068,5.830952,9.433981,11.661904,13.892444,15.0,15.620499,16.278821,15.556349,14.866069,14.21267,13.601471,12.206556,10.816654,9.219544,7.071068,5.830952,6.082763,7.211103,9.899495,12.806248
20260626_151642,2026-06-26T15:16:44.265453+09:00,skeleton,RX1,26.248809,23.086793,19.924859,17.464249,12.369317,8.246211,4.123106,4.0,6.0,9.0,11.045361,13.038405,15.132746,16.124515,18.11077,17.117243,17.117243,16.124515,13.0,11.045361,7.28011,5.0,4.0,5.385165,7.071068,5.0,2.828427,4.123106,8.602325,12.727922,16.278821,19.849433,22.022716,22.803509,22.671568,22.022716,20.615528,17.691806,15.556349,12.727922,10.630146,7.81025,3.605551,1.0,4.242641,8.602325,11.661904,17.0,20.124612,22.847319,25.632011
20260626_151642,2026-06-26T15:16:44.296288+09:00,skeleton,RX2,15.132746,14.035669,12.041595,10.0,7.0,4.0,1.414214,2.828427,5.830952,8.062258,11.18034,13.892444,16.124515,18.35756,21.954498,23.853721,25.0,26.907248,26.172505,24.839485,22.203603,19.235384,15.524175,11.045361,9.433981,9.486833,16.155494,16.124515,15.811388,13.453624,11.401754,8.944272,7.071068,6.324555,5.0,7.071068,8.062258,9.486833,11.18034,12.206556,12.727922,13.453624,12.806248,13.038405,12.083046,10.440307,9.055385,8.246211,8.602325,10.0,11.7047,13.341664
20260626_151642,2026-06-26T15:16:44.325661+09:00,skeleton,RX3,20.124612,21.470911,21.954498,21.095023,18.867962,17.204651,15.0,12.206556,10.0,7.211103,5.385165,4.0,5.0,5.830952,8.944272,10.77033,14.56022,16.492423,19.646883,20.615528,21.587033,22.561028,21.587033,19.646883,17.720045,14.56022,13.416408,11.18034,8.062258,4.472136,1.414214,3.0,7.0,10.0,13.0,15.033296,16.124515,16.278821,16.492423,15.811388,14.866069,14.317821,13.416408,12.529964,10.29563,8.544004,7.071068,7.071068,7.211103,10.0,13.038405,15.652476
20260626_151642,2026-06-26T15:16:44.355732+09:00,skeleton,RX1,24.207437,22.022716,19.209373,15.811388,12.206556,7.81025,3.605551,1.0,4.0,6.324555,9.219544,11.401754,13.341664,14.56022,15.297059,16.278821,17.464249,16.492423,14.56022,12.649111,9.848858,7.211103,5.0,4.0,4.242641,6.708204,5.09902,2.236068,4.472136,7.81025,11.661904,15.652476,18.384776,20.615528,21.540659,21.540659,20.615528,19.697716,16.552945,14.764823,12.083046,9.433981,7.211103,3.605551,1.0,4.472136,7.211103,12.041595,16.278821,19.79899,22.627417,24.839485
20260626_151642,2026-06-26T15:16:44.385261+09:00,skeleton,RX2,16.03122,16.03122,14.035669,12.0,9.0,6.0,3.162278,2.236068,4.242641,7.211103,10.0,12.206556,15.0,17.804494,19.849433,21.931712,24.083189,23.600847,23.853721,22.36068,18.973666,16.278821,13.038405,9.433981,7.615773,9.486833,16.124515,15.652476,14.866069,13.341664,12.041595,10.049876,7.615773,5.656854,5.09902,6.082763,7.211103,8.485281,9.433981,11.18034,11.7047,12.649111,12.369317,13.152946,12.041595,12.041595,10.440307,10.29563,10.630146,12.083046,13.341664,15.132746
20260626_151642,2026-06-26T15:16:44.415355+09:00,skeleton,RX3,17.0,19.026298,19.026298,18.11077,17.117243,15.297059,13.341664,11.18034,9.219544,7.071068,6.0,5.09902,5.0,5.830952,7.28011,10.198039,13.341664,15.132746,17.117243,19.104973,20.099751,20.223748,20.223748,18.248288,16.278821,14.317821,12.0,10.0,8.0,6.082763,3.162278,3.162278,5.830952,8.485281,10.630146,12.806248,13.601471,14.422205,14.764823,14.317821,13.928388,13.601471,13.341664,11.401754,10.198039,9.486833,7.615773,7.81025,7.211103,9.486833,11.045361,14.0
20260626_151642,2026-06-26T15:16:44.445069+09:00,skeleton,RX1,4.123106,8.062258,12.165525,14.317821,16.278821,17.262677,16.492423,16.763055,14.866069,13.601471,11.401754,10.440307,8.544004,6.082763,3.0,1.414214,3.605551,5.656854,8.602325,10.816654,13.038405,13.892444,14.764823,14.317821,13.0,11.7047,15.524175,16.763055,18.027756,18.027756,17.088007,15.231546,11.7047,8.544004,4.472136,1.0,3.162278,5.385165,8.544004,10.77033,13.928388,14.56022,16.492423,17.464249,19.416488,19.235384,19.104973,18.027756,16.0,13.038405,10.0,5.0
20260626_151642,2026-06-26T15:16:44.477974+09:00,skeleton,RX2,17.0,16.124515,13.892444,11.661904,8.944272,5.0,2.236068,2.236068,5.09902,8.0,11.045361,14.035669,16.124515,19.235384,21.587033,24.041631,25.632011,25.942244,24.698178,23.430749,19.79899,16.643317,11.7047,9.055385,7.81025,9.0,15.231546,15.264338,15.620499,14.142136,13.601471,12.529964,10.440307,9.055385,7.28011,6.403124,6.708204,8.062258,9.055385,10.440307,11.7047,13.416408,13.892444,13.601471,14.21267,13.453624,13.038405,13.0,13.152946,13.038405,14.56022,16.155494
20260626_151642,2026-06-26T15:16:44.505188+09:00,skeleton,RX3,12.529964,10.440307,8.0,8.246211,8.602325,9.219544,11.401754,12.206556,13.601471,14.21267,15.0,14.866069,15.556349,16.278821,16.278821,16.278821,14.866069,13.453624,11.313708,8.602325,6.324555,5.09902,5.656854,7.28011,10.049876,12.0,11.18034,14.317821,16.763055,19.313208,19.697716,20.124612,19.723083,17.492856,15.811388,12.206556,10.0,7.211103,4.472136,3.0,2.828427,4.472136,7.28011,9.486833,11.401754,13.601471,15.231546,16.552945,18.35756,18.35756,18.027756,16.643317
20260626_151642,2026-06-26T15:16:44.535134+09:00,skeleton,RX1,27.294688,24.33105,21.587033,17.464249,12.369317,9.219544,5.09902,1.414214,3.605551,6.403124,8.485281,10.630146,13.453624,14.21267,16.278821,17.029386,16.401219,16.278821,14.866069,12.727922,9.899495,6.403124,4.123106,2.828427,4.0,6.082763,7.071068,5.385165,5.385165,8.246211,12.083046,15.264338,19.416488,20.808652,22.203603,21.633308,21.400935,19.416488,16.643317,13.892444,11.18034,7.615773,5.385165,1.0,2.236068,6.082763,10.198039,15.132746,19.104973,23.0,25.019992,27.018512
20260626_151642,2026-06-26T15:16:44.566610+09:00,skeleton,RX2,8.062258,8.062258,9.899495,11.401754,12.206556,13.038405,14.422205,14.422205,13.601471,12.806248,11.313708,10.0,8.602325,6.324555,5.0,5.0,6.082763,8.544004,13.038405,16.278821,19.849433,23.021729,25.059928,25.079872,25.0,23.345235,9.0,11.18034,13.0,13.416408,14.422205,13.453624,14.21267,13.892444,13.0,12.369317,12.041595,11.045361,9.219544,8.544004,7.211103,7.211103,6.324555,8.0,8.246211,10.29563,10.816654,12.041595,13.453624,13.453624,12.206556,10.29563
20260626_151642,2026-06-26T15:16:44.595305+09:00,skeleton,RX3,20.248457,21.095023,21.470911,20.59126,18.788294,17.464249,14.866069,12.649111,9.848858,7.615773,6.403124,6.403124,6.324555,8.062258,9.055385,12.165525,14.317821,17.464249,19.646883,20.615528,22.561028,22.803509,21.587033,20.615528,18.439089,15.297059,14.866069,12.727922,9.899495,7.81025,4.123106,3.605551,6.082763,9.055385,12.041595,13.341664,15.524175,15.811388,16.155494,15.652476,16.124515,15.811388,15.0,13.453624,12.806248,11.401754,10.0,8.544004,9.0,11.401754,13.0,16.124515
20260626_151642,2026-06-26T15:16:44.626099+09:00,skeleton,RX1,25.019992,22.0,20.024984,16.03122,11.045361,7.071068,3.162278,1.0,4.0,7.071068,9.219544,11.401754,12.649111,14.866069,16.155494,17.088007,16.155494,16.155494,14.866069,12.649111,10.440307,6.082763,4.123106,2.236068,4.472136,5.656854,6.324555,4.472136,5.09902,9.219544,13.0,17.888544,20.59126,21.954498,23.323808,22.472205,22.203603,20.248457,17.492856,15.264338,11.661904,8.944272,5.830952,2.236068,2.236068,5.385165,10.440307,14.317821,17.262677,21.213203,24.083189,26.07681
20260626_151642,2026-06-26T15:16:44.655599+09:00,skeleton,RX2,9.433981,10.440307,11.0,12.165525,13.341664,14.56022,14.56022,14.56022,13.341664,13.152946,12.041595,10.0,8.062258,6.324555,4.242641,3.162278,5.830952,9.219544,14.0,18.11077,21.84033,24.698178,25.942244,27.45906,27.018512,25.455844,9.433981,11.7047,13.341664,14.035669,15.0,15.132746,15.524175,15.231546,13.892444,14.21267,12.727922,11.401754,10.29563,8.544004,7.071068,6.082763,5.830952,7.211103,8.246211,10.049876,11.0,13.152946,14.317821,14.56022,13.0,11.661904
20260626_151642,2026-06-26T15:16:44.685361+09:00,skeleton,RX3,13.0,10.29563,9.219544,8.602325,8.544004,10.440307,11.18034,11.18034,12.369317,13.341664,13.601471,13.601471,13.928388,14.317821,14.764823,13.892444,13.892444,12.529964,11.7047,10.440307,9.0,8.246211,8.602325,8.602325,10.29563,11.7047,10.198039,13.341664,15.811388,18.027756,19.697716,19.235384,18.867962,17.204651,15.620499,13.453624,9.899495,8.485281,6.403124,4.472136,4.0,5.385165,5.830952,8.062258,10.29563,12.529964,14.317821,16.155494,17.088007,18.027756,17.720045,15.811388
20260626_151642,2026-06-26T15:16:44.715226+09:00,skeleton,RX1,5.830952,10.29563,13.416408,15.652476,16.552945,17.088007,16.763055,16.763055,15.297059,14.142136,12.165525,10.049876,8.062258,5.09902,3.0,1.0,3.162278,6.082763,8.062258,11.045361,13.152946,13.038405,14.035669,13.038405,13.038405,11.0,16.643317,18.35756,20.124612,19.697716,18.384776,15.811388,12.649111,9.219544,5.0,1.414214,4.242641,7.211103,10.29563,12.529964,13.892444,15.264338,16.643317,18.027756,18.601075,17.804494,17.691806,15.556349,13.453624,10.630146,6.403124,2.236068
20260626_151642,2026-06-26T15:16:44.745354+09:00,skeleton,RX2,20.248457,18.867962,17.204651,13.601471,10.630146,7.071068,2.828427,3.605551,6.403124,10.0,11.661904,14.764823,17.464249,18.973666,21.587033,22.36068,24.0,23.021729,22.36068,18.973666,16.124515,12.727922,9.486833,8.246211,9.219544,15.132746,13.341664,12.083046,9.899495,8.944272,9.0,10.440307,10.816654,12.041595,12.529964,13.0,13.341664,13.038405,13.0,13.152946,12.649111,12.083046,11.661904,10.630146,9.433981,8.246211,9.219544,10.816654,13.453624,15.811388,18.027756
20260626_151642,2026-06-26T15:16:44.777092+09:00,skeleton,RX3,12.369317,11.045361,10.049876,9.486833,9.433981,10.630146,11.313708,12.727922,14.142136,14.21267,14.21267,15.0,15.264338,15.264338,14.764823,14.764823,14.764823,13.416408,11.661904,10.0,8.602325,7.615773,8.0,9.486833,10.29563,11.401754,9.219544,12.806248,15.0,16.643317,17.888544,18.384776,18.027756,16.492423,14.317821,12.165525,10.049876,8.062258,6.082763,4.123106,3.605551,4.123106,6.082763,8.062258,10.049876,12.165525,14.317821,15.524175,16.763055,17.088007,17.464249,16.155494
20260626_151642,2026-06-26T15:16:44.805559+09:00,skeleton,RX1,4.472136,8.062258,11.661904,14.764823,16.124515,17.0,16.552945,15.231546,14.866069,13.601471,12.369317,10.440307,8.246211,6.324555,3.605551,2.236068,2.828427,5.385165,8.246211,11.18034,13.152946,14.035669,14.035669,14.0,13.0,11.0,16.763055,18.439089,19.235384,19.235384,18.11077,16.124515,13.038405,9.0,5.0,1.414214,3.605551,6.324555,9.219544,11.401754,13.341664,15.811388,16.155494,17.464249,17.888544,18.35756,17.492856,16.643317,15.0,12.206556,7.81025,4.242641
20260626_151642,2026-06-26T15:16:44.835809+09:00,skeleton,RX2,20.615528,19.646883,17.720045,14.866069,10.77033,7.615773,4.123106,1.414214,3.605551,6.403124,8.062258,11.661904,13.416408,14.866069,16.492423,18.248288,20.024984,21.095023,20.615528,19.313208,18.027756,15.556349,13.038405,11.18034,9.486833,9.219544,17.691806,16.401219,14.764823,12.649111,11.0,9.848858,10.630146,11.661904,12.369317,13.038405,14.035669,15.297059,14.866069,15.231546,14.764823,15.0,14.21267,12.727922,12.041595,9.433981,7.071068,6.708204,8.602325,11.7047,15.524175,18.439089
20260626_151642,2026-06-26T15:16:44.865383+09:00,skeleton,RX3,21.587033,21.587033,21.84033,20.880613,18.973666,17.088007,15.231546,13.0,10.77033,9.219544,8.062258,7.071068,7.615773,9.433981,10.0,12.806248,14.866069,17.691806,19.104973,21.260292,22.671568,22.671568,22.022716,21.400935,18.601075,16.401219,13.892444,12.529964,9.848858,7.615773,4.242641,3.0,4.242641,7.211103,9.433981,12.206556,12.806248,14.142136,14.866069,14.422205,14.764823,14.317821,13.928388,12.649111,12.649111,11.7047,10.29563,10.0,11.401754,12.529964,14.866069,17.720045
20260626_151642,2026-06-26T15:16:44.896195+09:00,skeleton,RX1,25.495098,24.083189,21.213203,17.691806,12.727922,9.219544,5.830952,4.123106,5.0,6.708204,9.848858,11.7047,13.416408,14.317821,16.124515,16.643317,16.643317,16.643317,14.422205,11.661904,9.848858,6.082763,4.472136,5.385165,7.071068,9.055385,8.246211,5.0,5.0,8.062258,11.401754,15.556349,19.104973,20.518285,22.627417,22.627417,21.260292,20.615528,17.804494,15.811388,13.038405,9.433981,7.211103,4.242641,2.236068,5.385165,9.848858,13.0,17.0,21.470911,24.186773,25.806976
20260626_151642,2026-06-26T15:16:44.925812+09:00,skeleton,RX2,11.18034,12.0,13.152946,14.317821,15.524175,16.492423,15.297059,15.297059,14.142136,13.0,12.041595,10.198039,8.544004,7.211103,5.830952,6.0,7.211103,9.433981,12.369317,16.0,18.439089,21.18962,22.825424,23.600847,23.345235,22.022716,11.7047,13.341664,14.035669,15.033296,14.317821,14.866069,14.764823,14.21267,12.806248,12.529964,12.083046,11.401754,10.049876,9.0,8.246211,7.211103,6.403124,8.544004,9.055385,11.045361,12.165525,13.601471,13.928388,13.416408,12.206556,11.313708
20260626_151642,2026-06-26T15:16:44.955367+09:00,skeleton,RX3,11.18034,8.544004,7.071068,6.708204,7.071068,9.0,10.049876,10.049876,11.045361,12.041595,12.041595,13.0,12.0,12.041595,12.165525,11.18034,11.18034,10.049876,8.062258,6.0,4.472136,3.162278,5.09902,7.615773,9.433981,10.816654,12.649111,15.524175,18.681542,20.396078,21.377558,21.377558,20.099751,19.026298,16.0,14.0,11.0,9.0,6.082763,4.123106,2.828427,4.0,6.082763,8.062258,10.198039,12.165525,14.142136,15.033296,16.03122,17.029386,17.029386,15.0
20260626_151642,2026-06-26T15:16:44.986242+09:00,skeleton,RX1,24.186773,22.203603,19.235384,14.317821,11.18034,7.071068,3.0,2.0,5.0,7.211103,10.0,12.806248,13.601471,15.0,15.811388,16.643317,16.643317,15.264338,13.892444,10.816654,8.602325,6.403124,4.123106,3.605551,5.385165,7.28011,8.062258,5.830952,5.385165,8.544004,11.661904,15.620499,18.439089,21.260292,22.627417,22.627417,21.931712,19.849433,18.439089,15.620499,12.206556,9.433981,6.708204,3.605551,1.0,5.09902,9.219544,13.152946,17.117243,21.095023,24.020824,25.019992
20260626_151642,2026-06-26T15:16:45.017018+09:00,skeleton,RX2,18.384776,17.088007,14.866069,12.649111,9.486833,6.708204,4.242641,3.0,5.385165,7.211103,10.0,11.661904,13.416408,16.155494,18.681542,19.235384,21.0,21.213203,21.84033,20.124612,17.804494,15.620499,13.0,10.049876,7.615773,7.615773,18.439089,17.204651,17.0,14.866069,14.142136,13.038405,13.601471,12.529964,12.041595,11.401754,11.18034,11.401754,12.041595,12.041595,13.152946,13.341664,12.649111,13.0,12.083046,10.816654,9.899495,9.848858,10.049876,12.165525,14.56022,17.088007
20260626_151642,2026-06-26T15:16:45.046981+09:00,skeleton,RX3,19.646883,21.84033,21.84033,21.587033,19.646883,18.439089,16.278821,13.341664,11.401754,9.486833,8.062258,7.071068,6.708204,8.062258,10.0,12.165525,14.56022,17.720045,19.924859,22.135944,23.4094,23.4094,23.4094,22.472205,20.248457,17.088007,13.152946,11.401754,8.544004,5.830952,2.236068,2.828427,5.0,8.246211,10.77033,13.038405,13.601471,14.142136,14.866069,14.422205,14.764823,14.317821,13.928388,13.601471,12.369317,11.401754,9.486833,8.602325,8.602325,9.219544,12.0,15.132746
20260626_151642,2026-06-26T15:16:45.075288+09:00,skeleton,RX1,27.018512,24.020824,21.0,17.029386,14.035669,10.0,5.09902,3.605551,4.0,6.708204,9.433981,11.18034,13.416408,15.652476,16.552945,17.464249,17.088007,17.088007,14.866069,12.649111,9.848858,6.708204,3.605551,3.605551,5.0,7.615773,8.602325,6.403124,4.0,6.403124,9.848858,13.601471,16.492423,19.646883,20.615528,19.646883,19.646883,18.973666,17.088007,15.231546,12.083046,8.944272,6.708204,3.162278,1.0,4.123106,8.544004,13.0,17.088007,20.615528,23.537205,26.305893
20260626_151642,2026-06-26T15:16:45.106954+09:00,skeleton,RX2,16.124515,17.0,16.643317,14.422205,12.206556,10.0,7.211103,3.605551,1.0,2.236068,5.0,7.211103,10.816654,13.038405,16.124515,19.235384,22.36068,23.769729,24.351591,23.769729,22.36068,19.104973,15.0,11.401754,7.211103,5.09902,13.152946,12.649111,12.083046,10.816654,9.899495,8.062258,6.082763,6.082763,5.830952,5.830952,7.28011,8.0,9.219544,9.486833,10.77033,10.29563,10.29563,10.816654,10.0,8.485281,7.211103,6.082763,6.324555,7.81025,10.630146,13.038405
20260626_151642,2026-06-26T15:16:45.135214+09:00,skeleton,RX3,14.142136,13.038405,11.045361,10.440307,9.433981,10.0,9.899495,10.630146,10.630146,12.041595,12.041595,11.313708,12.041595,12.806248,12.206556,12.206556,11.401754,10.816654,9.219544,7.071068,6.403124,5.09902,5.09902,5.830952,7.071068,8.602325,11.661904,14.764823,17.464249,19.313208,19.924859,20.615528,20.396078,18.11077,17.029386,15.0,12.0,10.0,7.071068,5.385165,5.0,4.472136,6.324555,8.062258,11.045361,13.152946,15.132746,16.278821,18.439089,19.646883,19.416488,17.464249
20260626_151642,2026-06-26T15:16:45.165315+09:00,skeleton,RX1,4.123106,6.708204,10.29563,12.206556,13.892444,13.892444,14.317821,14.317821,12.083046,12.083046,9.486833,7.615773,6.324555,3.605551,3.162278,2.236068,5.0,7.615773,9.848858,11.7047,13.0,13.928388,13.928388,13.0,11.7047,9.219544,15.264338,18.027756,18.867962,18.867962,18.027756,15.811388,13.601471,10.0,7.071068,3.162278,2.828427,5.0,7.0,10.0,12.041595,14.035669,15.0,16.03122,17.117243,17.262677,17.464249,16.492423,14.56022,12.649111,9.486833,6.0
20260626_151642,2026-06-26T15:16:45.195323+09:00,skeleton,RX2,20.0,18.0,16.0,13.0,9.055385,5.09902,1.414214,2.0,6.0,8.062258,11.045361,14.142136,16.278821,18.681542,20.880613,22.472205,24.166092,24.186773,23.021729,21.931712,19.209373,16.124515,12.369317,10.198039,9.219544,10.440307,14.317821,15.033296,14.035669,14.317821,13.0,12.529964,10.630146,9.433981,8.246211,7.0,6.708204,8.485281,9.433981,9.848858,11.401754,11.045361,12.0,12.165525,11.7047,11.661904,12.041595,13.038405,13.928388,16.278821,18.11077,19.026298
20260626_151642,2026-06-26T15:16:45.225129+09:00,skeleton,RX3,16.03122,14.0,12.165525,11.7047,11.661904,11.401754,12.041595,13.453624,13.453624,14.866069,14.866069,15.556349,15.556349,16.278821,17.029386,16.401219,16.401219,15.620499,14.142136,12.806248,10.816654,9.486833,9.0,9.486833,9.433981,11.313708,11.18034,14.422205,16.401219,18.439089,19.104973,20.0,18.867962,17.0,14.866069,12.649111,11.401754,9.055385,6.082763,5.09902,3.605551,3.605551,5.09902,6.0,9.0,11.0,13.0,15.033296,17.117243,18.11077,18.248288,18.248288
20260626_151642,2026-06-26T15:16:45.255126+09:00,skeleton,RX1,4.0,8.062258,12.041595,14.035669,16.03122,17.029386,17.029386,16.0,14.0,13.038405,11.045361,9.055385,8.0,5.0,2.236068,2.0,4.242641,7.211103,10.29563,12.529964,14.317821,15.231546,15.231546,14.866069,13.601471,11.401754,15.811388,18.601075,18.439089,19.104973,17.691806,15.556349,12.041595,8.602325,3.605551,1.0,3.605551,6.403124,10.0,12.041595,14.21267,15.0,17.204651,18.027756,19.723083,19.235384,18.788294,17.464249,15.231546,12.649111,9.486833,4.472136
20260626_151642,2026-06-26T15:16:45.285393+09:00,skeleton,RX2,7.211103,10.630146,12.206556,14.764823,16.124515,17.0,17.0,17.0,16.124515,14.764823,13.892444,13.038405,11.401754,9.899495,8.062258,7.0,7.615773,9.219544,11.7047,15.297059,19.026298,21.023796,23.086793,24.33105,24.738634,23.086793,4.0,4.472136,6.403124,8.544004,10.198039,12.041595,14.0,14.142136,14.56022,13.928388,12.529964,12.206556,9.899495,9.219544,7.615773,6.082763,6.082763,5.0,6.403124,6.324555,7.071068,8.0,8.246211,7.615773,6.403124,5.385165
20260626_151642,2026-06-26T15:16:45.317636+09:00,skeleton,RX3,14.0,13.152946,11.7047,11.661904,12.041595,12.041595,12.806248,12.806248,12.806248,13.453624,13.453624,14.142136,14.142136,13.453624,14.21267,13.453624,12.806248,12.041595,10.630146,9.433981,7.615773,7.071068,7.28011,7.81025,9.219544,10.0,12.041595,15.0,18.027756,19.235384,19.697716,20.248457,18.681542,17.262677,15.033296,13.0,11.0,8.062258,6.0,4.123106,2.828427,3.605551,5.09902,7.071068,10.049876,12.041595,14.142136,15.297059,17.464249,18.439089,18.439089,17.262677
20260626_151642,2026-06-26T15:16:45.346987+09:00,skeleton,RX1,7.211103,11.313708,14.21267,16.278821,17.029386,17.804494,17.204651,15.811388,15.264338,13.038405,10.816654,8.062258,7.211103,4.242641,3.0,3.605551,5.830952,8.544004,11.401754,13.601471,14.56022,14.866069,15.811388,14.56022,12.649111,10.440307,16.124515,18.027756,18.867962,18.601075,18.027756,15.620499,12.806248,9.219544,5.656854,2.236068,3.162278,6.082763,8.246211,10.198039,12.165525,14.317821,15.132746,17.029386,17.0,17.029386,17.029386,15.132746,14.035669,10.049876,7.0,3.605551
20260626_151642,2026-06-26T15:16:45.375291+09:00,skeleton,RX2,6.403124,7.071068,11.401754,16.552945,19.697716,21.931712,23.259407,24.166092,23.769729,23.4094,20.880613,19.646883,16.278821,14.317821,10.049876,6.0,1.0,6.082763,12.041595,17.029386,22.090722,26.476405,28.861739,31.016125,30.463092,28.178006,8.602325,9.219544,10.049876,12.165525,13.601471,15.231546,16.124515,15.811388,15.0,14.866069,13.453624,12.206556,11.18034,9.486833,8.0,7.28011,8.602325,9.433981,12.083046,14.56022,16.492423,18.439089,19.416488,19.416488,17.262677,13.152946
20260626_151642,2026-06-26T15:16:45.412258+09:00,skeleton,RX3,14.866069,13.341664,12.041595,12.0,12.165525,11.401754,11.401754,11.7047,12.649111,12.369317,13.341664,12.369317,13.152946,13.152946,13.038405,13.038405,13.038405,12.165525,11.401754,10.77033,8.944272,8.485281,8.944272,9.219544,10.049876,11.0,9.433981,12.206556,15.0,16.278821,18.439089,18.601075,18.35756,17.464249,15.811388,14.56022,13.152946,11.045361,9.055385,7.071068,6.324555,5.830952,5.656854,7.211103,8.944272,11.18034,13.416408,14.317821,16.552945,17.888544,17.888544,17.464249
20260626_151642,2026-06-26T15:16:45.440178+09:00,skeleton,RX1,7.071068,11.045361,14.142136,16.492423,17.464249,18.681542,17.720045,17.088007,15.231546,13.0,11.18034,9.848858,7.615773,5.385165,3.0,2.236068,4.123106,6.708204,10.29563,12.206556,14.422205,15.0,16.401219,15.0,13.601471,11.401754,17.888544,19.723083,21.095023,20.808652,19.209373,16.401219,13.453624,9.899495,5.0,2.0,3.0,6.324555,9.486833,11.7047,13.0,14.866069,15.524175,16.492423,17.464249,17.262677,16.124515,15.033296,13.0,10.0,6.082763,2.236068
20260626_151642,2026-06-26T15:16:45.465459+09:00,skeleton,RX2,23.706539,25.079872,22.472205,20.880613,17.464249,13.341664,10.198039,6.324555,2.828427,4.123106,5.830952,8.485281,11.313708,13.453624,17.029386,18.601075,20.248457,20.615528,21.18962,19.416488,17.117243,13.0,10.049876,5.385165,1.414214,3.0,15.132746,15.033296,14.0,13.038405,11.401754,9.848858,9.433981,9.219544,8.944272,9.219544,10.0,10.049876,11.18034,11.401754,11.7047,12.649111,11.7047,12.083046,10.29563,8.602325,7.071068,7.28011,8.246211,12.529964,16.643317,20.248457
20260626_151642,2026-06-26T15:16:45.496639+09:00,skeleton,RX3,21.0,22.0,21.023796,20.024984,18.11077,16.124515,14.142136,11.18034,9.055385,7.0,6.082763,6.708204,7.071068,8.602325,10.816654,12.529964,15.264338,17.0,19.235384,21.470911,22.36068,22.825424,22.36068,21.023796,19.235384,16.552945,14.317821,11.7047,9.486833,6.324555,2.236068,2.236068,6.324555,9.486833,10.77033,12.529964,14.422205,14.21267,14.866069,15.0,13.892444,14.317821,13.928388,12.649111,12.369317,10.440307,9.848858,9.219544,9.433981,11.401754,14.142136,17.029386
20260626_151642,2026-06-26T15:16:45.525212+09:00,skeleton,RX1,5.09902,8.246211,11.401754,14.866069,15.231546,16.552945,16.124515,15.264338,14.422205,12.206556,10.816654,8.602325,6.403124,4.472136,3.0,3.162278,6.0,9.055385,11.18034,14.142136,16.278821,16.124515,17.117243,16.278821,14.317821,12.369317,17.492856,19.235384,20.59126,20.124612,19.697716,17.088007,13.601471,10.198039,6.0,3.605551,5.0,6.708204,9.433981,12.206556,13.601471,15.264338,16.124515,17.888544,18.384776,18.027756,17.720045,16.492423,14.317821,11.18034,8.062258,4.123106
20260626_151642,2026-06-26T15:16:45.556098+09:00,skeleton,RX2,28.160256,27.018512,24.020824,20.099751,15.132746,11.18034,6.082763,2.236068,3.162278,6.403124,10.0,12.206556,13.892444,16.552945,17.464249,18.681542,19.416488,19.026298,18.027756,15.297059,13.0,9.433981,5.656854,3.0,3.162278,5.385165,16.492423,16.278821,15.033296,14.0,12.369317,12.083046,12.041595,12.206556,12.529964,13.928388,14.56022,15.297059,15.132746,14.035669,14.035669,14.0,12.0,11.045361,9.219544,7.211103,8.062258,10.0,14.142136,18.439089,22.803509,26.683328
20260626_151642,2026-06-26T15:16:45.586793+09:00,skeleton,RX3,17.0,15.811388,14.21267,13.453624,13.038405,13.416408,13.416408,13.0,13.416408,14.317821,14.317821,14.764823,14.764823,15.264338,15.264338,15.264338,15.264338,14.764823,14.317821,12.649111,12.165525,11.0,10.440307,10.29563,10.630146,11.401754,13.152946,16.03122,19.0,20.099751,21.377558,21.84033,20.248457,18.788294,16.643317,15.0,12.041595,9.899495,7.81025,5.830952,5.09902,5.0,6.324555,8.944272,10.29563,13.416408,15.652476,17.464249,18.384776,20.615528,20.248457,19.313208
20260626_151642,2026-06-26T15:16:45.616800+09:00,skeleton,RX1,25.0,22.472205,19.313208,15.231546,11.18034,6.708204,2.0,2.236068,5.0,8.602325,11.401754,13.038405,14.422205,17.0,17.0,17.888544,17.464249,16.552945,15.231546,12.083046,8.062258,5.0,2.0,4.472136,7.071068,9.055385,6.324555,5.830952,8.0,11.7047,14.764823,19.416488,22.803509,23.430749,24.083189,23.430749,22.671568,20.615528,17.804494,15.0,10.816654,8.602325,5.0,1.414214,3.0,6.0,10.049876,14.0,18.027756,21.095023,24.33105,26.683328
20260626_151642,2026-06-26T15:16:45.645430+09:00,skeleton,RX2,4.0,9.0,13.038405,15.132746,18.027756,19.026298,19.026298,19.0,18.0,17.029386,15.132746,13.341664,11.7047,9.848858,7.81025,5.830952,5.09902,6.403124,7.615773,10.049876,13.038405,14.317821,14.866069,16.124515,15.811388,14.866069,11.7047,13.341664,15.033296,15.033296,15.132746,14.56022,13.0,11.661904,9.219544,7.81025,6.324555,6.0,5.0,5.830952,7.28011,9.0,10.049876,12.369317,14.56022,16.155494,16.552945,17.0,15.652476,13.416408,10.29563,7.211103
20260626_151642,2026-06-26T15:16:45.675281+09:00,skeleton,RX3,13.038405,12.369317,12.083046,12.206556,12.727922,13.453624,14.142136,14.142136,14.866069,14.21267,15.0,14.422205,13.892444,13.892444,13.416408,12.529964,12.529964,10.816654,9.219544,8.602325,8.544004,9.055385,10.049876,10.440307,12.083046,12.529964,11.18034,13.892444,15.811388,17.804494,17.691806,17.691806,17.204651,15.264338,13.892444,12.083046,9.848858,7.615773,5.830952,5.656854,5.385165,6.082763,8.062258,10.0,12.0,14.035669,16.03122,17.117243,18.248288,18.248288,17.262677,16.124515
20260626_151642,2026-06-26T15:16:45.705368+09:00,skeleton,RX1,5.830952,9.899495,13.453624,16.278821,17.029386,17.691806,17.691806,17.029386,15.620499,13.601471,12.206556,10.0,7.81025,5.656854,2.236068,2.828427,5.09902,8.062258,11.0,14.0,16.0,17.0,17.029386,16.03122,14.035669,11.045361,15.264338,17.204651,18.601075,17.804494,17.029386,14.21267,12.041595,8.485281,4.242641,1.414214,4.0,7.28011,9.486833,11.7047,13.601471,15.524175,16.278821,18.11077,18.11077,19.026298,18.0,17.029386,15.132746,12.041595,9.055385,5.09902
20260626_151642,2026-06-26T15:16:45.737652+09:00,skeleton,RX2,7.0,9.848858,13.892444,15.264338,18.35756,19.235384,18.788294,18.384776,17.088007,15.524175,14.317821,12.165525,9.055385,7.0,4.123106,1.0,3.0,6.324555,8.944272,12.206556,14.866069,16.278821,16.643317,16.552945,16.763055,15.033296,12.206556,14.21267,15.620499,16.970563,16.278821,15.620499,15.0,13.038405,12.083046,9.219544,9.055385,7.071068,6.708204,7.071068,8.062258,8.246211,10.049876,12.0,14.035669,16.124515,17.262677,17.117243,17.262677,15.297059,13.341664,9.848858
20260626_151642,2026-06-26T15:16:45.771670+09:00,skeleton,RX3,19.209373,20.615528,20.615528,19.849433,19.104973,16.970563,14.866069,12.727922,10.630146,8.485281,7.211103,6.324555,7.071068,8.062258,9.486833,10.77033,13.416408,16.124515,18.35756,20.59126,21.470911,22.825424,22.36068,21.470911,19.235384,17.0,14.142136,12.369317,10.440307,7.615773,3.605551,1.0,2.828427,5.656854,7.81025,10.29563,10.77033,12.369317,13.152946,14.0,14.142136,14.317821,14.56022,13.928388,13.928388,12.649111,11.7047,11.18034,10.049876,11.18034,13.038405,14.866069
20260626_151642,2026-06-26T15:16:45.795364+09:00,skeleton,RX1,6.324555,10.440307,13.601471,16.763055,18.027756,18.027756,18.384776,17.464249,16.552945,14.764823,12.529964,10.29563,8.062258,6.324555,4.123106,2.236068,3.162278,5.830952,8.602325,10.816654,12.806248,13.601471,14.21267,13.453624,12.727922,10.0,18.248288,19.646883,20.615528,19.924859,18.027756,16.155494,13.0,8.944272,4.472136,3.162278,6.324555,9.486833,11.7047,13.601471,15.524175,16.278821,17.262677,18.11077,17.029386,17.0,16.03122,14.035669,11.045361,8.062258,3.0
20260626_151642,2026-06-26T15:16:45.825666+09:00,skeleton,RX2,28.425341,26.172505,23.345235,19.104973,13.453624,10.0,6.324555,5.385165,7.81025,11.313708,13.453624,15.620499,17.804494,19.723083,20.615528,20.615528,21.023796,19.235384,17.088007,14.21267,11.661904,8.062258,6.708204,6.324555,8.246211,9.899495,19.0,20.024984,20.099751,20.223748,20.615528,19.924859,18.384776,17.0,15.811388,14.866069,14.21267,13.892444,13.928388,14.56022,15.297059,16.124515,16.03122,16.0,16.03122,15.297059,15.811388,16.643317,19.104973,21.260292,25.0,27.202941
20260626_151642,2026-06-26T15:16:45.855967+09:00,skeleton,RX3,12.649111,10.29563,9.899495,9.433981,9.848858,11.401754,11.401754,12.369317,12.369317,12.649111,13.0,13.0,12.529964,12.529964,11.661904,11.661904,10.816654,9.433981,8.544004,7.071068,6.324555,6.403124,8.062258,9.486833,11.401754,12.165525,11.661904,14.422205,16.401219,17.691806,19.104973,18.439089,17.204651,16.124515,14.317821,11.7047,10.440307,8.246211,5.385165,4.472136,3.605551,4.0,6.082763,8.062258,10.198039,12.165525,14.142136,16.124515,17.029386,17.029386,17.029386,16.03122
20260626_151642,2026-06-26T15:16:45.885490+09:00,skeleton,RX1,23.769729,22.135944,18.973666,15.811388,10.77033,6.708204,3.162278,1.0,4.242641,7.071068,9.219544,11.401754,12.806248,14.422205,15.811388,16.124515,16.124515,15.264338,13.892444,11.661904,8.602325,5.656854,3.0,3.605551,6.324555,8.062258,6.082763,5.0,7.0,10.440307,14.317821,17.492856,20.808652,22.203603,23.600847,22.203603,21.400935,20.0,17.204651,14.422205,11.661904,9.433981,5.830952,2.828427,2.236068,6.0,9.0,14.0,18.027756,20.099751,23.345235,25.495098
20260626_151642,2026-06-26T15:16:45.918677+09:00,skeleton,RX2,16.278821,13.152946,10.049876,7.071068,5.0,5.385165,7.0,9.055385,11.18034,12.041595,13.0,13.038405,13.341664,11.7047,10.816654,9.219544,7.28011,7.615773,8.062258,11.0,13.601471,16.124515,16.970563,18.027756,17.464249,15.132746,18.439089,19.849433,21.213203,22.627417,21.931712,21.931712,19.849433,17.804494,15.811388,14.317821,12.369317,12.041595,12.165525,11.7047,12.529964,13.892444,14.422205,15.620499,15.556349,15.620499,16.643317,17.0,17.464249,18.681542,19.416488,19.416488
20260626_151642,2026-06-26T15:16:45.946077+09:00,skeleton,RX3,12.165525,9.055385,8.544004,9.219544,10.816654,12.083046,13.0,14.317821,14.317821,14.764823,15.264338,15.811388,15.0,14.21267,14.21267,13.453624,12.041595,10.0,8.062258,6.082763,5.385165,6.403124,8.544004,11.18034,13.152946,15.033296,11.7047,14.866069,16.763055,17.464249,18.248288,18.027756,17.0,15.033296,13.152946,11.401754,9.486833,7.28011,5.09902,3.0,2.828427,4.472136,6.324555,8.246211,11.401754,13.341664,15.811388,17.088007,18.384776,18.384776,17.464249,16.155494
20260626_151642,2026-06-26T15:16:45.977914+09:00,skeleton,RX1,6.324555,10.29563,13.892444,16.124515,17.0,17.888544,17.464249,16.155494,14.866069,13.601471,11.401754,9.219544,7.28011,5.385165,2.828427,3.162278,5.656854,8.062258,10.29563,13.416408,14.317821,15.231546,15.231546,14.866069,12.649111,10.440307,17.720045,19.313208,20.615528,19.697716,18.788294,16.155494,13.416408,8.944272,5.0,2.0,3.162278,7.0,10.0,12.041595,14.0,16.03122,17.117243,18.248288,18.248288,18.439089,17.720045,17.088007,15.231546,11.7047,8.544004,4.0
20260626_151642,2026-06-26T15:16:46.007487+09:00,skeleton,RX2,12.0,9.055385,6.324555,4.472136,5.385165,7.81025,10.630146,12.041595,14.21267,14.866069,15.556349,15.620499,15.811388,15.652476,14.866069,14.035669,13.341664,13.038405,12.806248,14.56022,15.033296,15.811388,16.643317,16.278821,15.652476,15.132746,17.029386,19.104973,20.615528,21.633308,21.470911,20.124612,18.973666,16.492423,14.142136,12.041595,10.440307,8.602325,8.602325,9.486833,10.049876,12.041595,12.369317,13.0,13.892444,14.21267,14.866069,15.811388,16.552945,16.763055,17.464249,16.124515
20260626_151642,2026-06-26T15:16:46.035255+09:00,skeleton,RX3,14.142136,12.369317,11.18034,10.0,10.0,10.29563,11.7047,11.7047,12.649111,13.601471,14.866069,14.866069,15.231546,15.652476,15.652476,14.764823,15.652476,14.317821,13.0,10.440307,10.049876,8.062258,8.062258,8.602325,9.848858,11.401754,9.848858,12.529964,14.422205,15.620499,16.970563,16.401219,16.643317,15.652476,13.601471,12.369317,10.049876,8.062258,6.0,4.0,3.162278,2.236068,4.0,6.082763,8.246211,11.18034,14.142136,16.03122,18.027756,19.026298,19.0,18.0
20260626_151642,2026-06-26T15:16:46.065235+09:00,skeleton,RX1,6.324555,9.848858,11.7047,14.56022,15.811388,16.492423,16.278821,15.132746,15.033296,13.0,12.0,10.0,7.071068,5.09902,2.828427,4.0,6.324555,9.433981,12.206556,15.0,16.401219,17.029386,17.029386,16.278821,14.866069,12.727922,17.204651,20.0,20.615528,21.260292,19.849433,18.439089,14.866069,11.313708,7.211103,4.123106,3.605551,5.09902,8.062258,10.0,12.0,14.035669,15.132746,16.278821,16.492423,16.763055,16.155494,15.652476,13.892444,10.29563,6.708204,3.162278
20260626_151642,2026-06-26T15:16:46.104092+09:00,skeleton,RX2,16.155494,16.124515,16.401219,15.620499,14.142136,12.727922,10.630146,8.485281,6.403124,4.472136,3.0,2.828427,5.09902,7.0,10.198039,11.401754,14.317821,15.811388,17.691806,18.601075,18.788294,18.439089,19.0,18.439089,18.384776,18.601075,9.219544,8.544004,10.049876,11.401754,12.529964,14.21267,15.620499,15.811388,17.0,16.552945,15.811388,15.297059,13.152946,11.0,9.055385,7.28011,5.0,4.472136,5.09902,6.403124,10.0,11.18034,13.601471,14.317821,15.033296,16.03122
20260626_151642,2026-06-26T15:16:46.128340+09:00,skeleton,RX3,21.0,22.0,22.022716,22.022716,19.104973,17.117243,15.297059,13.152946,11.18034,9.055385,8.062258,7.28011,7.211103,8.485281,10.0,11.661904,14.764823,17.0,19.235384,20.124612,21.470911,22.36068,22.36068,20.124612,18.35756,15.652476,12.041595,10.630146,8.602325,5.830952,3.605551,1.0,3.0,5.09902,7.28011,9.486833,11.18034,11.661904,12.806248,13.453624,13.601471,13.892444,13.416408,13.928388,13.0,13.0,11.18034,10.0,11.401754,11.7047,14.317821,17.029386
20260626_151642,2026-06-26T15:16:46.155213+09:00,skeleton,RX1,23.706539,22.36068,18.35756,14.422205,10.29563,6.708204,3.0,3.162278,6.0,9.0,11.045361,13.0,15.033296,16.03122,17.262677,16.278821,17.464249,15.524175,14.317821,11.18034,9.055385,7.071068,4.242641,5.09902,7.071068,8.544004,8.485281,7.615773,7.071068,10.0,13.453624,16.401219,19.416488,21.633308,21.633308,22.472205,20.808652,19.209373,16.401219,14.866069,11.313708,8.485281,5.656854,3.162278,2.236068,6.0,10.049876,13.038405,18.248288,21.377558,23.769729,25.632011
20260626_151642,2026-06-26T15:16:46.185271+09:00,skeleton,RX2,13.038405,11.313708,8.602325,7.071068,6.324555,7.81025,10.29563,12.649111,13.601471,15.524175,16.492423,16.763055,17.088007,17.464249,16.124515,15.620499,14.21267,11.7047,11.045361,11.401754,13.0,16.03122,18.439089,20.615528,22.472205,22.627417,12.529964,14.56022,16.278821,17.029386,18.0,18.027756,17.117243,16.278821,13.601471,11.18034,8.602325,7.211103,6.082763,7.28011,8.062258,9.899495,11.401754,13.892444,14.764823,16.155494,16.763055,17.262677,17.029386,17.029386,17.464249,17.088007
20260626_151642,2026-06-26T15:16:46.216456+09:00,skeleton,RX3,23.4094,24.351591,24.041631,22.803509,20.880613,18.681542,15.524175,12.369317,10.440307,8.062258,7.071068,6.708204,7.28011,10.049876,12.0,14.035669,17.029386,19.104973,21.095023,22.090722,23.086793,23.021729,22.022716,20.024984,18.027756,15.0,11.661904,10.29563,7.615773,4.123106,1.0,1.414214,4.123106,7.0,9.055385,10.440307,11.7047,12.529964,13.038405,13.453624,12.727922,12.806248,13.601471,12.206556,12.206556,10.630146,9.219544,9.848858,10.198039,13.038405,16.278821,18.681542
20260626_151642,2026-06-26T15:16:46.245887+09:00,skeleton,RX1,8.062258,11.0,14.0,16.03122,17.117243,17.117243,16.278821,15.524175,13.601471,11.7047,9.848858,7.615773,5.385165,3.0,2.236068,4.123106,6.324555,9.486833,10.77033,13.928388,15.231546,14.866069,14.866069,13.928388,12.649111,10.77033,17.262677,18.439089,19.416488,19.646883,18.681542,16.763055,13.928388,9.848858,6.403124,4.123106,4.472136,6.403124,9.433981,11.18034,12.529964,14.422205,15.811388,16.401219,16.278821,16.278821,16.278821,14.21267,12.206556,10.0,5.656854,3.0
20260626_151642,2026-06-26T15:16:46.275445+09:00,skeleton,RX2,13.892444,11.401754,8.485281,5.385165,4.472136,5.385165,7.071068,10.0,12.0,13.038405,14.035669,15.033296,16.0,16.03122,15.297059,13.928388,13.038405,11.401754,11.18034,11.401754,13.601471,15.811388,18.384776,19.235384,21.0,20.396078,10.77033,12.369317,14.035669,16.03122,17.117243,17.262677,17.464249,16.763055,14.866069,12.083046,10.0,7.81025,6.324555,6.082763,7.211103,9.219544,10.816654,13.416408,14.866069,16.492423,18.248288,19.026298,19.026298,19.235384,18.439089,18.027756
20260626_151642,2026-06-26T15:16:46.307054+09:00,skeleton,RX3,14.142136,10.816654,9.486833,8.062258,8.944272,10.0,10.630146,12.041595,14.142136,14.21267,14.21267,15.0,15.0,15.264338,15.264338,13.892444,13.038405,12.206556,9.219544,7.81025,6.324555,5.385165,7.071068,9.433981,11.18034,13.0,11.7047,14.317821,15.652476,18.027756,18.601075,19.209373,18.384776,17.029386,14.422205,13.038405,10.29563,7.615773,5.830952,3.605551,2.236068,3.162278,5.656854,7.071068,9.899495,13.453624,15.620499,17.804494,18.601075,20.0,20.0,18.601075
20260626_151642,2026-06-26T15:16:46.335067+09:00,skeleton,RX1,8.0,11.045361,14.035669,15.033296,16.0,16.0,16.124515,14.317821,13.341664,11.401754,9.486833,7.071068,5.09902,3.162278,2.828427,5.0,8.062258,10.198039,13.341664,15.297059,16.278821,16.278821,16.278821,15.297059,13.341664,11.401754,16.970563,19.104973,19.79899,19.79899,19.104973,17.691806,14.866069,11.401754,8.062258,5.09902,5.0,5.385165,8.246211,10.049876,12.165525,14.317821,15.524175,16.763055,17.088007,16.552945,16.552945,15.264338,13.038405,10.29563,7.615773,4.0
20260626_151642,2026-06-26T15:16:46.367063+09:00,skeleton,RX2,13.038405,10.198039,7.071068,4.0,2.0,3.605551,7.81025,10.0,12.206556,14.422205,15.264338,16.643317,17.492856,17.492856,18.027756,16.401219,15.556349,14.422205,13.601471,14.0,14.866069,16.643317,19.104973,20.615528,21.095023,21.023796,5.830952,9.899495,13.601471,16.643317,19.235384,20.615528,20.248457,19.924859,17.464249,14.035669,12.0,8.062258,5.385165,2.828427,2.236068,4.123106,6.082763,8.246211,11.18034,12.206556,14.142136,15.0,17.0,18.027756,18.439089,17.029386
20260626_151642,2026-06-26T15:16:46.395252+09:00,skeleton,RX3,23.0,24.0,23.021729,22.090722,20.099751,18.11077,15.132746,12.041595,10.0,8.062258,8.246211,8.062258,8.485281,10.0,12.206556,15.264338,17.492856,19.723083,21.095023,23.323808,23.853721,23.323808,22.472205,21.095023,18.027756,15.264338,12.041595,9.219544,6.403124,4.242641,2.0,3.162278,6.082763,8.246211,10.440307,12.083046,13.038405,13.601471,13.453624,14.21267,13.601471,13.892444,13.416408,12.083046,11.18034,10.29563,9.219544,10.0,10.77033,13.152946,16.03122,19.026298
20260626_151642,2026-06-26T15:16:46.425373+09:00,skeleton,RX1,9.848858,12.529964,15.264338,17.0,17.0,17.464249,17.088007,15.524175,14.317821,12.165525,10.049876,8.062258,6.082763,3.605551,3.162278,5.09902,7.615773,10.29563,12.529964,13.892444,15.231546,15.231546,15.231546,13.416408,11.7047,8.544004,14.866069,16.763055,18.027756,18.384776,17.088007,15.231546,13.0,9.433981,7.071068,6.082763,6.324555,8.062258,10.630146,12.727922,13.453624,15.0,15.811388,16.643317,17.0,16.552945,16.155494,14.866069,12.649111,9.848858,7.211103,5.385165
20260626_151642,2026-06-26T15:16:46.455583+09:00,skeleton,RX2,14.56022,16.552945,17.492856,18.601075,17.691806,16.970563,15.620499,15.0,12.806248,11.401754,9.219544,7.81025,6.708204,7.071068,8.246211,10.29563,12.806248,14.866069,17.691806,19.209373,20.808652,20.59126,20.124612,19.313208,18.027756,15.297059,12.041595,10.630146,9.433981,7.211103,4.472136,1.414214,3.0,6.082763,8.062258,11.045361,12.041595,13.038405,13.038405,13.152946,12.369317,11.7047,9.848858,8.062258,6.403124,4.242641,2.236068,1.0,3.605551,5.385165,8.246211,10.0
20260626_151642,2026-06-26T15:16:46.485295+09:00,skeleton,RX3,13.601471,12.041595,11.661904,11.7047,12.369317,13.152946,14.142136,14.317821,14.317821,14.56022,14.866069,14.317821,14.317821,13.892444,13.892444,13.038405,11.661904,11.18034,10.440307,9.055385,9.055385,8.944272,10.630146,12.041595,12.206556,13.892444,10.77033,13.601471,15.524175,17.262677,17.029386,18.027756,16.124515,15.297059,13.601471,11.7047,9.848858,7.615773,5.385165,5.0,4.123106,5.0,7.211103,8.602325,11.401754,13.038405,15.264338,17.0,17.888544,17.888544,17.888544,16.552945
20260626_151642,2026-06-26T15:16:46.520051+09:00,skeleton,RX1,8.062258,11.18034,14.764823,17.0,17.888544,17.888544,17.464249,16.763055,15.524175,13.341664,11.18034,9.219544,6.082763,3.162278,1.414214,2.828427,6.403124,8.602325,10.816654,13.892444,15.264338,15.264338,15.264338,13.892444,13.038405,9.433981,15.556349,16.970563,19.104973,18.439089,17.804494,15.0,12.206556,8.944272,5.09902,3.605551,5.09902,7.071068,10.198039,11.401754,13.341664,15.132746,16.124515,17.029386,17.0,17.029386,16.124515,15.132746,13.152946,9.055385,6.0,3.605551
20260626_151642,2026-06-26T15:16:46.545531+09:00,skeleton,RX2,13.601471,11.661904,8.944272,5.385165,2.236068,1.414214,4.472136,7.211103,9.219544,11.313708,12.806248,13.892444,16.552945,17.088007,18.681542,19.646883,19.416488,19.416488,17.464249,15.811388,13.416408,12.041595,11.661904,12.369317,14.035669,15.132746,3.605551,4.472136,7.071068,10.0,13.038405,15.132746,16.124515,16.03122,16.03122,15.033296,13.038405,11.045361,9.219544,7.28011,5.0,5.0,6.324555,9.055385,10.049876,13.038405,15.297059,16.492423,18.027756,18.788294,18.867962,17.804494
20260626_151642,2026-06-26T15:16:46.575277+09:00,skeleton,RX3,12.206556,9.899495,9.433981,9.219544,10.0,11.18034,12.369317,13.341664,14.142136,14.142136,15.033296,15.0,15.033296,15.033296,14.142136,13.152946,12.165525,11.045361,9.0,7.28011,5.830952,5.830952,7.071068,9.055385,11.401754,11.7047,11.18034,14.317821,16.492423,18.027756,18.384776,17.888544,17.492856,15.811388,14.21267,11.313708,9.899495,7.81025,5.656854,4.472136,4.0,5.385165,6.708204,9.433981,10.816654,13.038405,15.652476,17.464249,18.384776,18.384776,18.384776,16.552945
20260626_151642,2026-06-26T15:16:46.605295+09:00,skeleton,RX1,9.433981,13.601471,15.0,17.204651,18.027756,18.35756,17.888544,16.552945,14.317821,12.649111,10.77033,8.544004,5.385165,3.605551,2.0,4.242641,7.211103,9.433981,11.661904,13.892444,15.652476,16.124515,16.124515,14.764823,12.529964,10.29563,16.401219,18.439089,18.439089,17.691806,17.691806,15.556349,12.041595,9.433981,5.830952,3.162278,4.123106,6.0,9.055385,11.18034,12.165525,14.142136,15.132746,16.03122,15.0,16.03122,15.132746,13.152946,11.18034,8.062258,4.0,3.162278
20260626_151642,2026-06-26T15:16:46.635598+09:00,skeleton,RX2,8.944272,6.082763,2.236068,2.236068,5.0,7.615773,10.440307,12.041595,13.0,15.132746,15.297059,15.811388,17.088007,17.464249,17.464249,17.464249,16.155494,14.317821,12.0,9.486833,9.219544,11.401754,15.0,17.464249,19.924859,21.023796,6.082763,6.324555,9.219544,12.041595,13.892444,15.652476,16.552945,16.155494,14.866069,13.0,10.77033,7.615773,5.0,3.162278,3.605551,6.708204,8.944272,12.083046,14.317821,16.552945,19.235384,19.723083,20.0,19.209373,18.384776,14.866069
20260626_151642,2026-06-26T15:16:46.665477+09:00,skeleton,RX3,8.062258,8.062258,9.219544,10.816654,12.083046,13.928388,15.231546,14.764823,15.264338,15.811388,15.0,14.21267,13.453624,12.727922,12.041595,10.630146,9.219544,7.211103,6.324555,6.082763,7.211103,9.219544,10.816654,12.083046,13.0,13.928388,14.317821,15.652476,18.384776,18.973666,18.681542,17.464249,16.278821,14.035669,12.0,9.0,7.0,5.09902,3.605551,3.605551,4.123106,6.082763,8.246211,10.198039,12.369317,13.601471,14.866069,16.552945,17.464249,16.552945,15.231546,13.0
20260626_151642,2026-06-26T15:16:46.696312+09:00,skeleton,RX1,25.238859,23.021729,18.867962,14.764823,11.18034,7.211103,3.605551,2.828427,5.385165,7.615773,9.848858,12.083046,13.416408,14.764823,15.811388,15.811388,15.811388,15.0,12.806248,10.0,7.211103,4.123106,2.236068,4.0,6.324555,7.615773,7.071068,5.385165,5.385165,8.0,12.165525,15.524175,18.973666,20.248457,21.18962,21.18962,19.924859,18.681542,16.763055,13.341664,10.440307,8.246211,4.472136,3.162278,4.472136,7.81025,11.401754,16.401219,19.849433,22.627417,24.758837,27.018512
20260626_151642,2026-06-26T15:16:46.726186+09:00,skeleton,RX2,16.155494,17.888544,18.35756,18.027756,17.204651,15.620499,14.21267,11.313708,9.899495,7.071068,5.0,4.0,3.605551,5.830952,8.544004,11.401754,14.317821,17.262677,19.235384,21.095023,21.023796,21.023796,19.104973,17.464249,14.866069,12.206556,11.401754,11.661904,11.18034,10.77033,9.486833,8.062258,5.09902,2.828427,3.0,5.0,7.071068,7.81025,8.602325,9.433981,9.848858,9.486833,9.486833,8.062258,7.071068,6.0,4.123106,1.414214,2.236068,5.0,8.062258,11.401754
20260626_151642,2026-06-26T15:16:46.755136+09:00,skeleton,RX3,21.587033,21.587033,21.587033,20.396078,19.235384,16.124515,14.035669,12.041595,10.049876,8.062258,6.324555,5.0,5.830952,7.28011,10.049876,12.041595,15.033296,17.029386,20.024984,21.095023,22.090722,23.194827,22.203603,20.223748,18.248288,15.297059,12.806248,11.313708,8.485281,6.403124,3.605551,2.0,3.162278,5.09902,8.246211,9.486833,10.77033,11.18034,12.206556,12.806248,12.727922,12.806248,12.206556,12.206556,10.816654,10.0,9.899495,9.433981,10.440307,12.0,14.142136,17.262677
20260626_151642,2026-06-26T15:16:46.785583+09:00,skeleton,RX1,8.246211,11.401754,14.56022,16.492423,17.464249,17.464249,17.117243,16.124515,14.035669,12.0,10.0,8.062258,5.0,3.162278,2.0,3.605551,7.071068,9.899495,12.041595,14.142136,16.278821,16.970563,16.970563,15.556349,12.727922,10.630146,16.155494,17.464249,18.788294,17.888544,17.0,15.264338,11.401754,8.485281,5.385165,4.123106,6.403124,8.544004,10.440307,12.369317,14.317821,15.524175,16.763055,18.027756,18.384776,17.888544,17.0,15.264338,12.529964,9.433981,5.830952,2.236068
20260626_151642,2026-06-26T15:16:46.821542+09:00,skeleton,RX2,15.620499,16.970563,17.029386,17.204651,16.124515,15.652476,14.317821,12.649111,10.440307,8.246211,5.385165,3.162278,1.0,3.0,7.0,10.0,14.035669,18.248288,20.396078,22.803509,23.4094,21.931712,20.59126,17.204651,13.453624,10.29563,8.485281,8.602325,8.062258,7.615773,6.082763,5.09902,5.0,5.0,6.082763,8.062258,9.0,9.055385,9.219544,9.219544,9.219544,8.246211,7.28011,5.830952,3.605551,2.236068,1.414214,3.0,6.082763,8.246211,10.77033,12.529964
20260626_151642,2026-06-26T15:16:46.845780+09:00,skeleton,RX3,13.416408,12.206556,11.313708,12.206556,12.529964,13.416408,14.317821,14.764823,14.764823,15.264338,14.422205,14.21267,14.21267,14.142136,14.142136,13.453624,12.727922,12.041595,10.816654,10.77033,10.198039,10.0,11.401754,12.083046,13.038405,13.601471,13.152946,15.132746,17.029386,18.027756,18.11077,18.439089,16.763055,14.866069,13.416408,10.29563,8.944272,6.708204,5.385165,4.123106,4.123106,5.385165,6.708204,8.944272,10.77033,12.649111,14.56022,16.492423,17.464249,18.248288,17.262677,16.492423
20260626_151642,2026-06-26T15:16:46.875954+09:00,skeleton,RX1,9.219544,13.341664,15.524175,17.720045,18.681542,18.027756,17.464249,16.552945,13.892444,12.529964,10.0,7.211103,5.0,2.828427,1.0,3.605551,6.403124,9.219544,12.041595,14.21267,15.0,16.401219,16.401219,15.0,12.806248,10.0,16.643317,17.204651,19.209373,17.691806,16.970563,13.453624,10.0,6.708204,3.162278,3.162278,7.071068,9.486833,12.083046,13.416408,15.231546,16.155494,17.088007,18.027756,17.720045,17.464249,16.492423,14.317821,11.18034,8.062258,4.123106,1.414214
20260626_151642,2026-06-26T15:16:46.906298+09:00,skeleton,RX2,10.29563,10.630146,10.29563,10.440307,10.049876,10.198039,10.77033,11.401754,12.041595,13.038405,14.764823,16.155494,18.027756,18.973666,19.924859,20.248457,19.697716,17.0,13.038405,7.81025,3.0,6.082763,12.529964,17.804494,21.931712,24.839485,10.0,12.0,14.035669,16.124515,16.124515,16.278821,15.524175,13.601471,12.083046,8.944272,5.830952,2.828427,1.414214,4.123106,6.708204,8.944272,11.661904,13.892444,15.811388,16.643317,18.027756,18.35756,17.0,15.231546,14.317821,12.041595
20260626_151642,2026-06-26T15:16:46.936307+09:00,skeleton,RX3,23.769729,23.769729,24.166092,22.36068,20.124612,17.0,13.892444,11.18034,8.544004,6.082763,5.09902,5.830952,7.211103,9.433981,12.529964,15.231546,17.464249,20.615528,22.847319,23.769729,25.079872,24.166092,23.769729,21.18962,18.384776,15.811388,10.816654,8.485281,6.403124,3.162278,2.236068,3.162278,6.403124,8.485281,9.433981,11.18034,11.7047,12.165525,12.041595,12.041595,12.165525,11.401754,10.77033,9.486833,8.544004,8.246211,7.0,6.708204,9.219544,11.661904,15.652476,19.313208
20260626_151642,2026-06-26T15:16:46.965437+09:00,skeleton,RX1,25.495098,23.345235,20.223748,16.124515,11.045361,7.071068,3.162278,1.0,3.162278,6.082763,9.219544,10.440307,12.369317,13.601471,14.866069,15.231546,15.231546,15.231546,13.0,12.083046,8.944272,5.385165,2.236068,1.414214,3.605551,5.385165,7.28011,4.123106,4.123106,7.28011,11.18034,14.422205,17.804494,19.849433,21.260292,20.518285,19.849433,17.691806,14.866069,12.806248,10.0,7.81025,5.0,1.414214,2.236068,6.708204,9.848858,14.317821,18.973666,21.84033,24.738634,26.683328
20260626_151642,2026-06-26T15:16:46.996278+09:00,skeleton,RX2,13.0,13.152946,12.649111,12.529964,12.041595,12.806248,12.529964,12.649111,12.369317,12.041595,11.045361,10.049876,8.062258,6.324555,3.605551,3.162278,7.81025,13.038405,18.35756,22.472205,26.627054,28.600699,29.832868,28.319605,25.455844,22.022716,4.472136,4.472136,3.605551,2.828427,2.0,2.236068,3.162278,5.0,6.082763,8.062258,9.219544,9.219544,9.486833,9.848858,8.544004,8.062258,7.211103,5.0,3.605551,2.0,2.236068,5.0,8.062258,10.198039,12.165525,12.041595
20260626_151642,2026-06-26T15:16:47.025824+09:00,skeleton,RX3,16.124515,14.317821,13.601471,13.152946,12.0,12.041595,12.165525,12.369317,13.341664,13.341664,13.341664,13.152946,14.142136,14.142136,15.033296,14.035669,14.035669,14.035669,12.165525,11.18034,9.486833,8.602325,8.602325,8.544004,10.049876,10.0,10.630146,14.21267,16.643317,18.35756,19.697716,19.313208,19.646883,17.262677,16.124515,14.035669,12.0,10.0,7.0,6.082763,4.472136,5.0,6.403124,8.062258,8.944272,11.18034,13.892444,15.264338,17.204651,18.027756,17.804494,18.027756
20260626_151642,2026-06-26T15:16:47.057490+09:00,skeleton,RX1,23.537205,20.615528,17.720045,13.601471,9.219544,6.0,4.242641,5.09902,8.0,10.0,12.0,14.0,15.033296,16.278821,17.464249,16.492423,15.811388,14.866069,13.0,10.440307,7.071068,3.0,3.162278,6.082763,8.246211,9.486833,8.062258,7.28011,7.81025,9.848858,13.152946,16.03122,19.0,20.0,21.0,20.024984,19.026298,18.11077,15.132746,12.165525,9.055385,7.071068,5.09902,4.242641,6.082763,9.055385,12.165525,16.124515,20.099751,22.0,25.019992,26.07681
20260626_151642,2026-06-26T15:16:47.086293+09:00,skeleton,RX2,8.062258,11.045361,13.152946,15.132746,15.132746,15.033296,14.0,12.041595,10.440307,9.433981,9.219544,9.848858,12.165525,15.0,18.027756,21.095023,23.086793,23.021729,22.022716,19.0,15.0,9.055385,2.828427,5.830952,11.313708,16.278821,10.198039,11.7047,13.416408,13.601471,14.866069,14.866069,14.21267,13.038405,11.661904,8.944272,7.28011,5.09902,3.162278,2.236068,3.162278,5.656854,7.211103,9.433981,11.18034,12.083046,12.649111,12.649111,11.18034,9.055385,5.09902,1.0
20260626_151642,2026-06-26T15:16:47.115665+09:00,skeleton,RX3,14.56022,13.0,11.661904,12.041595,11.401754,12.206556,12.529964,12.529964,13.892444,13.892444,13.892444,13.601471,13.601471,14.21267,13.453624,13.453624,13.453624,12.041595,11.401754,10.29563,9.486833,9.0,9.219544,10.29563,11.401754,12.041595,10.0,13.0,15.033296,16.278821,17.720045,18.027756,17.888544,16.124515,13.601471,12.041595,10.630146,8.485281,5.656854,5.0,4.123106,4.0,5.385165,7.28011,8.544004,11.401754,13.601471,14.317821,16.492423,17.262677,18.248288,16.278821
20260626_151642,2026-06-26T15:16:47.147104+09:00,skeleton,RX1,12.041595,16.03122,18.11077,19.235384,20.396078,19.646883,18.027756,16.155494,15.652476,12.529964,10.29563,6.708204,4.472136,3.0,2.828427,6.0,8.0,11.045361,14.035669,15.033296,17.0,16.0,16.0,14.0,12.0,9.0,15.264338,16.643317,17.204651,17.204651,15.620499,14.142136,10.630146,8.062258,6.082763,5.830952,7.211103,9.486833,11.401754,12.649111,14.56022,15.811388,17.088007,16.552945,17.0,15.264338,14.422205,12.206556,10.816654,7.615773,5.09902,5.0
20260626_151642,2026-06-26T15:16:47.176240+09:00,skeleton,RX2,20.518285,18.439089,15.620499,12.529964,11.401754,11.0,11.401754,12.083046,13.892444,14.422205,15.811388,15.0,15.0,14.21267,12.041595,10.630146,9.486833,10.049876,13.0,17.464249,21.470911,24.166092,25.632011,25.96151,24.515301,21.095023,6.082763,4.472136,2.236068,1.414214,4.0,6.324555,8.944272,10.0,12.041595,13.453624,13.601471,13.038405,13.892444,12.083046,10.77033,9.486833,8.246211,5.385165,3.162278,2.236068,5.0,8.944272,13.416408,16.643317,20.0,20.615528
20260626_151642,2026-06-26T15:16:47.206070+09:00,skeleton,RX3,15.556349,13.601471,11.18034,10.440307,10.0,10.440307,10.77033,11.18034,12.529964,13.0,13.416408,13.928388,14.866069,14.866069,14.56022,14.56022,14.317821,13.341664,11.7047,9.848858,7.211103,6.403124,6.082763,7.28011,8.944272,11.661904,10.049876,14.035669,16.0,18.027756,18.248288,19.416488,17.720045,17.464249,14.764823,13.038405,11.401754,9.219544,7.071068,5.0,3.605551,3.162278,4.242641,6.403124,8.485281,11.401754,13.453624,15.556349,17.691806,19.849433,19.849433,18.439089
20260626_151642,2026-06-26T15:16:47.242325+09:00,skeleton,RX1,12.369317,14.866069,16.763055,18.681542,18.439089,18.248288,17.029386,15.0,13.038405,11.045361,9.055385,6.0,4.123106,2.828427,4.0,7.071068,10.198039,12.165525,14.142136,17.117243,18.027756,18.027756,17.0,15.0,13.038405,10.049876,14.142136,16.278821,16.492423,16.492423,15.524175,13.601471,11.7047,8.944272,7.071068,6.324555,7.0,8.246211,9.848858,11.18034,12.083046,13.0,13.601471,14.56022,14.317821,14.142136,14.142136,12.041595,10.049876,7.28011,5.656854,6.082763
20260626_151642,2026-06-26T15:16:47.267271+09:00,skeleton,RX2,15.264338,13.416408,12.649111,12.165525,12.041595,13.038405,13.152946,13.341664,13.341664,12.369317,12.369317,11.401754,10.440307,8.944272,8.485281,8.602325,9.486833,13.152946,16.03122,19.104973,20.223748,22.561028,22.135944,21.023796,18.35756,15.0,2.236068,2.0,1.414214,2.236068,4.123106,5.09902,6.324555,7.28011,8.544004,8.544004,9.848858,9.433981,9.433981,8.602325,7.211103,6.403124,5.0,4.123106,3.162278,4.242641,6.708204,9.848858,12.529964,13.892444,15.264338,15.811388
20260626_151642,2026-06-26T15:16:47.296005+09:00,skeleton,RX3,21.377558,22.36068,22.36068,21.213203,19.104973,17.029386,14.035669,12.041595,9.055385,7.071068,5.385165,5.0,5.385165,8.062258,10.0,13.0,15.0,18.027756,20.0,22.0,23.0,22.022716,21.023796,20.024984,17.029386,14.035669,12.529964,11.18034,8.944272,6.708204,3.605551,1.0,3.605551,5.830952,8.062258,10.29563,11.401754,12.041595,12.727922,14.21267,14.422205,13.892444,13.416408,13.0,12.083046,11.18034,10.0,9.219544,9.848858,12.165525,15.0,18.11077
20260626_151642,2026-06-26T15:16:47.329005+09:00,skeleton,RX1,24.351591,21.84033,18.439089,16.124515,11.18034,8.246211,4.472136,3.162278,5.385165,8.062258,9.433981,11.661904,12.529964,14.317821,15.811388,15.811388,15.811388,15.524175,14.56022,11.7047,8.944272,6.403124,5.385165,6.082763,8.062258,8.602325,9.848858,8.602325,6.708204,8.0,10.440307,14.317821,17.0,19.723083,20.59126,21.470911,21.023796,19.697716,17.088007,14.866069,12.369317,10.198039,7.28011,5.385165,2.236068,4.472136,8.602325,12.206556,16.643317,20.248457,22.825424,24.166092
20260626_151642,2026-06-26T15:16:47.358329+09:00,skeleton,RX2,16.278821,15.811388,16.155494,16.278821,18.248288,20.099751,20.024984,20.099751,19.104973,18.11077,16.124515,14.035669,12.0,9.219544,9.433981,10.816654,14.317821,19.313208,22.472205,26.832816,29.154759,29.410882,28.319605,25.495098,22.203603,16.643317,5.09902,5.385165,7.211103,8.602325,9.219544,10.0,9.899495,9.899495,10.630146,10.630146,10.630146,10.630146,10.630146,9.219544,8.602325,7.211103,6.324555,6.0,7.615773,10.29563,12.806248,16.401219,18.601075,20.0,20.248457,19.416488
20260626_151642,2026-06-26T15:16:47.385741+09:00,skeleton,RX3,22.203603,23.600847,22.803509,22.022716,19.849433,17.691806,14.866069,12.727922,9.219544,7.211103,6.324555,6.0,7.28011,8.544004,10.29563,13.038405,15.811388,18.027756,19.416488,21.095023,21.633308,21.095023,20.248457,18.867962,16.643317,13.038405,13.0,11.045361,9.055385,6.082763,2.0,1.0,3.605551,6.403124,9.433981,11.18034,11.7047,13.341664,13.152946,14.0,13.038405,14.142136,13.341664,13.601471,12.649111,11.401754,11.045361,10.049876,10.77033,12.806248,15.556349,18.439089
20260626_151642,2026-06-26T15:16:47.419195+09:00,skeleton,RX1,24.186773,23.194827,19.104973,14.035669,10.0,6.0,1.414214,3.0,6.0,9.0,11.045361,14.035669,15.132746,17.117243,18.248288,18.248288,19.235384,17.262677,15.297059,13.152946,9.219544,6.082763,2.236068,1.414214,4.123106,7.071068,5.830952,4.123106,5.385165,9.055385,13.038405,16.278821,19.646883,21.18962,22.135944,22.472205,20.615528,19.313208,17.088007,13.928388,11.7047,7.28011,5.09902,1.0,2.828427,6.324555,10.440307,15.297059,18.439089,22.36068,25.317978,26.172505
20260626_151642,2026-06-26T15:16:47.445672+09:00,skeleton,RX2,26.41969,25.553865,21.633308,17.492856,11.661904,5.830952,1.0,5.0,9.219544,13.453624,17.029386,19.849433,21.400935,23.600847,23.853721,23.706539,22.472205,19.646883,16.03122,11.401754,6.403124,7.28011,11.401754,15.652476,18.973666,20.396078,7.81025,7.28011,8.0,9.486833,12.083046,13.038405,14.21267,14.866069,13.453624,13.601471,11.661904,10.440307,10.049876,9.055385,8.544004,9.433981,9.899495,10.816654,10.77033,11.18034,11.18034,13.416408,15.620499,19.104973,23.021729,25.238859
20260626_151642,2026-06-26T15:16:47.475593+09:00,skeleton,RX3,13.601471,12.529964,11.401754,12.041595,12.041595,13.152946,13.341664,14.317821,14.142136,15.132746,15.132746,15.033296,15.0,14.0,14.035669,13.038405,13.0,11.045361,10.198039,8.944272,9.219544,9.433981,10.77033,11.18034,13.038405,13.0,10.816654,13.416408,15.231546,16.763055,17.262677,17.117243,16.0,15.132746,13.341664,11.401754,9.486833,7.28011,5.09902,4.0,3.605551,5.0,6.403124,8.602325,10.630146,12.041595,14.142136,16.278821,18.439089,18.439089,18.439089,16.278821
20260626_151642,2026-06-26T15:16:47.505559+09:00,skeleton,RX1,20.615528,17.029386,13.453624,10.0,5.830952,3.0,3.605551,6.082763,9.055385,11.045361,12.165525,13.152946,14.317821,14.866069,15.811388,15.231546,13.892444,12.529964,10.29563,7.211103,3.605551,2.828427,6.403124,8.485281,9.219544,5.830952,5.830952,7.0,10.440307,13.0,15.652476,17.492856,18.867962,18.867962,18.867962,17.492856,15.264338,12.529964,10.29563,7.615773,5.0,2.236068,2.828427,5.385165,8.944272,12.083046,15.652476,17.888544,21.470911,22.472205,23.021729
20260626_151642,2026-06-26T15:16:47.537641+09:00,skeleton,RX2,13.038405,16.278821,16.763055,18.027756,18.027756,17.088007,15.231546,13.0,10.77033,8.246211,6.0,4.472136,4.472136,6.0,9.486833,12.083046,15.264338,17.804494,19.849433,20.518285,20.0,18.867962,17.464249,15.297059,13.0,10.77033,10.630146,10.0,8.944272,7.28011,6.082763,5.0,6.324555,8.062258,10.440307,12.083046,12.529964,13.601471,12.806248,12.727922,12.806248,11.661904,10.77033,10.198039,8.0,7.28011,6.708204,6.403124,5.09902,5.385165,7.071068,8.544004
20260626_151642,2026-06-26T15:16:47.565305+09:00,skeleton,RX3,22.671568,23.430749,22.803509,21.400935,19.209373,17.204651,15.0,12.806248,11.401754,9.899495,10.0,10.29563,10.77033,12.649111,13.601471,15.811388,17.720045,19.924859,20.880613,22.135944,23.4094,23.4094,22.472205,20.248457,18.973666,16.155494,11.661904,9.433981,8.062258,5.830952,3.0,2.828427,5.385165,6.708204,8.944272,10.816654,11.401754,12.041595,12.806248,12.529964,13.0,12.649111,12.369317,13.152946,12.165525,12.165525,12.369317,13.0,13.416408,15.811388,17.804494,19.849433
20260626_151642,2026-06-26T15:16:47.595195+09:00,skeleton,RX1,9.848858,13.416408,16.124515,17.888544,17.888544,17.464249,16.155494,14.56022,12.369317,11.18034,8.246211,6.324555,4.472136,3.162278,4.123106,5.830952,9.433981,11.401754,13.601471,15.264338,16.643317,16.643317,16.124515,14.764823,12.083046,9.848858,15.811388,16.492423,17.464249,17.464249,16.278821,14.56022,12.165525,9.055385,6.082763,4.242641,5.09902,7.071068,8.246211,10.440307,12.649111,13.341664,14.317821,16.124515,16.124515,16.03122,16.0,14.0,12.0,9.055385,6.324555,4.472136
20260626_151642,2026-06-26T15:16:47.625916+09:00,skeleton,RX2,12.206556,9.848858,7.28011,4.123106,4.123106,6.324555,8.602325,12.041595,14.866069,15.620499,18.439089,19.209373,19.849433,20.518285,20.518285,20.615528,18.867962,17.088007,15.033296,13.601471,13.453624,14.317821,16.124515,18.11077,19.924859,20.59126,12.041595,13.892444,16.552945,18.973666,19.646883,20.396078,19.235384,17.117243,15.0,12.041595,9.219544,5.830952,4.472136,4.472136,7.071068,8.602325,10.77033,12.649111,15.297059,16.03122,17.029386,18.248288,17.720045,17.464249,17.492856,16.278821
20260626_151642,2026-06-26T15:16:47.656455+09:00,skeleton,RX3,18.439089,19.849433,19.849433,18.601075,17.204651,14.422205,11.661904,9.433981,7.211103,5.656854,4.472136,4.0,4.472136,6.403124,9.219544,11.401754,13.453624,16.278821,18.439089,19.849433,21.260292,20.615528,19.849433,17.691806,16.278821,12.727922,11.661904,9.848858,7.615773,4.472136,2.236068,1.0,4.0,6.082763,8.246211,10.440307,10.77033,11.18034,11.661904,12.041595,12.041595,12.041595,12.206556,10.816654,10.816654,8.602325,7.071068,6.324555,7.0,9.848858,12.206556,15.0
20260626_151642,2026-06-26T15:16:47.687174+09:00,skeleton,RX1,24.0,20.024984,17.117243,13.038405,9.055385,5.09902,2.236068,4.123106,7.211103,9.433981,11.661904,12.529964,14.317821,14.866069,15.811388,15.524175,15.297059,13.341664,11.18034,8.246211,5.385165,3.162278,4.472136,7.071068,9.219544,10.816654,8.246211,7.071068,7.071068,8.944272,12.165525,15.033296,18.0,20.0,21.0,21.023796,20.099751,19.104973,16.124515,14.317821,11.18034,9.219544,6.0,4.123106,3.162278,6.082763,10.440307,14.56022,18.439089,21.377558,24.186773,25.079872
20260626_151642,2026-06-26T15:16:47.715277+09:00,skeleton,RX2,15.620499,16.970563,17.804494,17.204651,17.204651,15.264338,13.892444,11.661904,9.433981,6.403124,5.0,3.0,4.242641,6.708204,9.219544,13.152946,15.033296,18.0,20.024984,21.377558,20.615528,19.697716,17.492856,16.278821,14.422205,12.649111,10.049876,9.055385,8.544004,7.211103,7.211103,6.082763,7.28011,8.602325,9.899495,11.401754,12.529964,13.0,12.649111,12.165525,11.045361,10.049876,8.246211,7.615773,6.403124,5.830952,5.0,5.0,5.830952,7.071068,9.055385,11.7047
20260626_151642,2026-06-26T15:16:47.745296+09:00,skeleton,RX3,14.317821,13.152946,13.0,12.165525,12.369317,12.649111,12.649111,13.0,12.649111,12.649111,13.601471,13.341664,13.341664,13.152946,13.152946,13.038405,13.152946,12.165525,11.401754,10.77033,10.29563,10.0,10.0,10.77033,11.401754,12.165525,10.440307,12.649111,15.231546,16.124515,17.204651,17.029386,15.556349,14.21267,13.038405,11.18034,8.944272,6.708204,5.830952,5.0,4.472136,5.385165,6.082763,8.246211,10.198039,11.401754,13.601471,14.866069,17.088007,17.464249,17.464249,16.155494
20260626_151642,2026-06-26T15:16:47.780309+09:00,skeleton,RX1,24.166092,21.931712,17.888544,12.529964,8.544004,4.123106,2.236068,5.09902,8.246211,11.401754,13.341664,15.297059,16.278821,18.11077,18.027756,18.0,17.0,15.033296,12.041595,9.219544,5.09902,1.0,3.162278,6.708204,9.848858,11.7047,5.656854,6.082763,7.615773,11.401754,14.142136,18.439089,20.615528,21.400935,21.400935,21.400935,20.0,17.804494,15.0,12.806248,10.0,7.211103,4.123106,3.605551,6.324555,9.219544,13.152946,17.262677,20.396078,23.769729,25.96151,26.570661
20260626_151642,2026-06-26T15:16:47.805127+09:00,skeleton,RX2,9.486833,7.211103,5.830952,5.0,6.403124,8.062258,9.848858,12.369317,13.152946,15.033296,16.124515,16.124515,17.117243,17.262677,16.492423,16.155494,15.811388,14.21267,13.928388,14.0,15.811388,18.027756,19.104973,20.248457,20.615528,20.396078,11.18034,13.0,16.278821,17.720045,19.313208,20.124612,18.35756,17.204651,14.21267,11.313708,7.211103,5.09902,4.242641,6.324555,8.0,10.049876,12.369317,13.928388,15.652476,16.124515,16.401219,16.970563,16.401219,14.764823,14.56022,13.038405
20260626_151642,2026-06-26T15:16:47.835743+09:00,skeleton,RX3,21.213203,22.090722,21.023796,20.024984,18.0,15.033296,13.038405,10.049876,8.062258,6.0,4.472136,4.242641,5.385165,7.071068,9.055385,12.041595,14.035669,17.029386,18.027756,20.024984,20.099751,20.099751,20.024984,18.027756,16.03122,13.038405,9.486833,7.28011,5.09902,2.236068,1.0,3.605551,5.385165,8.062258,9.433981,11.401754,12.041595,12.041595,12.206556,12.529964,12.083046,11.7047,11.7047,10.440307,9.486833,8.944272,7.81025,8.062258,10.198039,13.0,15.033296,18.11077
20260626_151642,2026-06-26T15:16:47.867256+09:00,skeleton,RX1,22.825424,21.633308,18.027756,14.422205,10.29563,6.708204,4.0,5.0,7.615773,9.486833,11.7047,13.0,14.317821,15.264338,16.124515,15.811388,16.401219,14.21267,12.806248,10.0,7.211103,4.123106,3.605551,4.472136,7.28011,9.055385,9.433981,7.071068,6.324555,7.81025,11.18034,13.601471,16.492423,18.681542,18.681542,19.924859,18.973666,18.027756,15.231546,12.529964,10.29563,7.615773,5.385165,3.0,3.605551,6.082763,10.198039,13.341664,17.464249,20.880613,23.4094,23.769729
20260626_151642,2026-06-26T15:16:47.897214+09:00,skeleton,RX2,6.082763,3.0,1.0,2.0,5.09902,7.615773,9.433981,11.401754,13.453624,14.866069,15.620499,17.204651,16.643317,17.492856,18.35756,17.492856,17.204651,15.556349,14.422205,14.56022,16.0,18.681542,21.023796,23.021729,25.0,26.172505,5.656854,7.615773,10.440307,13.038405,15.033296,15.297059,15.811388,14.317821,12.529964,10.0,7.81025,5.0,2.0,1.0,2.828427,5.830952,7.615773,9.486833,11.18034,12.0,13.152946,12.649111,13.416408,12.206556,11.313708,9.433981
20260626_151642,2026-06-26T15:16:47.928738+09:00,skeleton,RX3,10.29563,9.219544,9.055385,9.848858,11.401754,12.806248,14.21267,14.866069,15.0,15.0,15.264338,15.264338,14.764823,14.317821,13.416408,13.0,11.18034,10.29563,7.81025,5.830952,6.0,6.708204,8.485281,10.630146,12.206556,13.038405,13.0,16.0,17.117243,18.248288,18.439089,17.720045,16.155494,14.317821,12.529964,9.433981,7.211103,5.385165,4.123106,3.162278,4.242641,6.403124,8.062258,10.816654,12.806248,15.0,17.029386,18.384776,19.104973,19.104973,17.691806,16.278821
20260626_151642,2026-06-26T15:16:47.958637+09:00,skeleton,RX1,7.211103,10.630146,13.453624,15.620499,16.401219,16.643317,16.124515,14.317821,13.416408,10.77033,8.544004,6.324555,4.472136,2.828427,2.236068,4.242641,7.211103,9.433981,12.529964,13.892444,15.264338,15.811388,15.811388,13.601471,12.206556,9.433981,17.088007,19.924859,20.880613,19.924859,19.646883,17.464249,14.317821,11.045361,7.071068,5.0,5.09902,7.28011,9.848858,11.7047,13.416408,15.231546,16.155494,16.763055,16.492423,17.262677,16.124515,15.033296,13.038405,9.055385,6.082763,3.605551
20260626_151642,2026-06-26T15:16:47.985201+09:00,skeleton,RX2,16.970563,18.439089,17.804494,16.643317,15.264338,13.038405,10.816654,8.062258,5.830952,3.162278,2.828427,5.656854,8.485281,12.041595,14.21267,17.204651,19.235384,20.615528,20.615528,20.099751,18.027756,14.56022,11.661904,8.602325,8.0,10.29563,9.848858,9.219544,9.055385,8.246211,8.944272,9.899495,10.816654,11.661904,13.416408,13.0,13.928388,12.649111,11.401754,10.198039,9.0,7.071068,6.708204,7.071068,7.615773,9.055385,11.045361,12.369317,13.928388,15.652476,16.643317
20260626_151642,2026-06-26T15:16:48.015153+09:00,skeleton,RX3,14.422205,12.806248,12.041595,12.529964,12.083046,12.649111,13.601471,13.601471,14.866069,13.928388,14.317821,14.764823,13.892444,14.422205,13.601471,13.601471,12.806248,11.661904,10.29563,9.486833,9.055385,9.055385,9.486833,10.816654,11.401754,12.041595,9.848858,11.7047,14.56022,16.278821,16.124515,17.0,16.03122,15.297059,13.601471,11.7047,9.848858,8.544004,6.324555,5.09902,5.0,5.385165,6.708204,8.602325,10.29563,12.529964,14.764823,16.552945,17.464249,18.384776,18.027756,17.464249
20260626_151642,2026-06-26T15:16:48.045616+09:00,skeleton,RX1,5.830952,10.29563,13.892444,16.124515,18.027756,18.027756,18.601075,17.804494,17.029386,14.866069,13.453624,11.313708,8.485281,6.403124,4.472136,2.236068,3.162278,6.0,9.055385,12.369317,13.341664,15.524175,15.524175,14.866069,13.928388,12.083046,15.231546,17.888544,18.788294,19.235384,18.35756,16.643317,13.892444,10.816654,6.403124,2.828427,1.414214,5.09902,7.28011,10.198039,12.369317,14.317821,15.297059,16.124515,17.029386,18.027756,17.0,16.03122,14.035669,11.045361,8.062258,3.0
20260626_151642,2026-06-26T15:16:48.075142+09:00,skeleton,RX2,20.396078,19.235384,16.124515,13.038405,9.055385,6.708204,7.211103,9.219544,12.0,14.0,16.03122,18.11077,19.235384,19.646883,20.248457,19.235384,17.029386,13.601471,9.486833,6.324555,6.082763,10.29563,15.620499,18.788294,21.84033,24.020824,16.155494,16.124515,16.643317,17.804494,18.384776,18.384776,18.439089,18.601075,16.643317,14.764823,14.317821,12.369317,12.041595,12.041595,12.369317,12.649111,13.416408,13.892444,14.422205,15.620499,15.620499,16.643317,17.0,18.384776,19.924859,21.377558
20260626_151642,2026-06-26T15:16:48.105373+09:00,skeleton,RX3,14.317821,12.083046,10.816654,10.630146,11.18034,11.7047,12.649111,13.601471,14.56022,14.866069,14.866069,14.317821,14.317821,14.764823,13.892444,13.892444,12.529964,11.18034,9.848858,8.062258,7.071068,7.211103,7.81025,8.944272,10.77033,11.401754,11.661904,14.422205,16.401219,17.691806,18.384776,17.804494,17.204651,16.124515,14.317821,11.7047,9.486833,7.28011,5.385165,3.605551,3.162278,5.0,6.082763,8.246211,11.18034,13.152946,15.132746,17.029386,18.0,19.0,19.0,18.027756
20260626_151642,2026-06-26T15:16:48.139159+09:00,skeleton,RX1,9.055385,13.038405,15.132746,18.11077,18.248288,19.416488,18.439089,17.720045,15.811388,14.866069,12.083046,9.848858,7.615773,5.385165,3.0,3.162278,5.09902,8.544004,11.18034,13.416408,15.231546,16.552945,16.552945,15.231546,13.416408,11.18034,16.124515,17.029386,18.0,18.0,17.0,15.033296,12.041595,9.219544,5.385165,3.162278,5.0,7.81025,9.433981,11.661904,13.038405,15.811388,16.401219,17.029386,17.029386,16.970563,16.278821,14.21267,13.601471,10.0,5.656854,3.0
20260626_151642,2026-06-26T15:16:48.165848+09:00,skeleton,RX2,15.620499,15.264338,15.652476,15.231546,14.866069,14.56022,12.649111,10.440307,8.246211,6.324555,4.0,1.414214,3.605551,6.403124,10.0,13.038405,17.0,18.384776,19.646883,21.213203,20.0,18.248288,15.811388,12.529964,8.485281,6.082763,8.544004,7.615773,7.211103,6.403124,7.28011,8.0,10.049876,12.165525,13.341664,14.317821,14.317821,14.317821,13.341664,11.401754,9.486833,8.944272,7.81025,6.403124,7.28011,8.0,10.198039,12.649111,14.317821,15.652476,16.643317,15.620499
20260626_151642,2026-06-26T15:16:48.197441+09:00,skeleton,RX3,10.630146,11.18034,11.401754,13.038405,14.0,15.0,15.033296,15.033296,15.132746,14.317821,14.317821,13.601471,12.649111,12.083046,11.18034,10.77033,9.486833,8.246211,8.0,7.28011,8.062258,8.485281,10.0,11.661904,12.529964,12.083046,12.369317,15.297059,16.124515,17.029386,17.0,17.029386,15.132746,13.341664,11.401754,9.486833,7.28011,5.09902,5.0,5.09902,5.830952,5.830952,7.81025,9.433981,11.661904,13.416408,14.317821,16.155494,16.155494,16.155494,15.231546,13.416408
20260626_151642,2026-06-26T15:16:48.225334+09:00,skeleton,RX1,25.495098,24.596748,20.59126,16.643317,11.661904,8.062258,4.123106,2.828427,5.09902,8.0,10.0,12.0,14.035669,15.033296,16.278821,16.492423,16.492423,15.524175,13.601471,11.401754,8.246211,5.0,2.828427,4.123106,6.708204,7.211103,8.062258,6.403124,6.0,8.602325,12.041595,15.811388,18.867962,21.954498,23.323808,23.323808,21.095023,20.808652,18.027756,15.0,12.206556,9.433981,5.830952,4.0,4.242641,7.28011,11.18034,15.132746,19.416488,22.561028,25.96151,26.570661
20260626_151642,2026-06-26T15:16:48.255620+09:00,skeleton,RX2,21.931712,19.849433,16.278821,12.806248,8.944272,8.0,8.944272,11.401754,14.142136,16.970563,18.439089,20.0,20.248457,21.470911,20.615528,18.439089,17.029386,13.152946,7.615773,4.123106,5.385165,11.045361,16.155494,19.416488,21.931712,23.600847,14.0,15.033296,16.278821,17.464249,18.439089,17.464249,16.763055,16.155494,14.317821,13.038405,12.041595,12.041595,12.529964,13.0,12.649111,14.317821,14.142136,15.033296,15.0,15.033296,16.492423,17.088007,18.35756,20.0,22.022716,22.671568
20260626_151642,2026-06-26T15:16:48.286115+09:00,skeleton,RX3,24.041631,25.0,24.351591,22.472205,20.248457,17.464249,14.317821,12.083046,9.486833,7.071068,6.082763,5.830952,7.81025,10.0,12.529964,15.264338,17.492856,19.723083,21.954498,22.472205,23.853721,23.021729,22.203603,20.0,17.204651,13.601471,12.0,10.0,7.0,4.0,1.414214,2.236068,5.0,7.81025,10.0,11.661904,12.529964,13.0,13.601471,13.152946,13.038405,13.0,12.0,11.045361,10.0,9.055385,8.544004,8.602325,11.401754,13.416408,17.088007,20.880613
20260626_151642,2026-06-26T15:16:48.315494+09:00,skeleton,RX1,23.853721,21.954498,19.723083,14.764823,11.18034,7.211103,2.828427,2.236068,4.123106,7.28011,9.219544,12.369317,14.317821,15.524175,16.763055,18.027756,18.384776,17.088007,15.811388,13.601471,11.401754,8.062258,5.09902,2.828427,4.123106,5.830952,8.062258,5.0,4.123106,7.211103,11.7047,15.524175,19.235384,20.223748,22.203603,22.36068,21.213203,19.416488,17.262677,14.317821,12.369317,9.486833,6.324555,3.0,1.414214,5.0,9.219544,12.727922,16.970563,21.260292,24.207437,24.413111
20260626_151642,2026-06-26T15:16:48.347118+09:00,skeleton,RX2,13.601471,12.727922,12.206556,10.77033,11.18034,12.0,13.341664,14.56022,15.811388,16.763055,16.763055,16.763055,16.278821,16.124515,14.0,12.041595,9.219544,5.830952,2.0,5.0,9.486833,13.892444,17.029386,19.209373,20.248457,19.697716,12.083046,14.317821,17.0,18.35756,18.35756,18.027756,17.204651,14.422205,11.401754,8.062258,5.09902,4.472136,6.403124,8.944272,10.77033,12.649111,13.928388,15.811388,17.088007,17.088007,16.763055,16.492423,15.132746,15.0,15.132746,14.56022
20260626_151642,2026-06-26T15:16:48.376404+09:00,skeleton,RX3,23.194827,24.083189,22.022716,20.024984,18.0,15.0,12.0,9.0,7.071068,5.830952,6.403124,6.708204,9.486833,11.401754,13.341664,15.524175,18.973666,19.924859,21.18962,22.472205,22.472205,21.540659,20.615528,18.384776,16.155494,12.649111,12.041595,9.899495,7.071068,5.0,3.0,3.605551,6.082763,8.246211,10.440307,11.7047,12.083046,13.038405,12.806248,12.727922,12.041595,11.401754,10.816654,10.816654,10.0,8.485281,8.062258,10.198039,12.0,15.033296,18.11077,20.223748
20260626_151642,2026-06-26T15:16:48.405701+09:00,skeleton,RX1,26.400758,23.769729,20.615528,17.088007,13.0,8.944272,5.0,2.0,3.605551,6.708204,8.944272,9.848858,12.083046,14.317821,15.652476,16.124515,15.652476,15.652476,13.416408,11.18034,8.944272,6.082763,3.162278,4.123106,5.09902,6.708204,6.708204,3.605551,3.605551,6.708204,11.401754,14.317821,18.248288,20.099751,21.213203,21.213203,20.223748,19.235384,16.278821,13.341664,10.440307,8.246211,5.09902,2.0,2.236068,5.656854,9.899495,14.21267,18.601075,21.633308,23.853721,26.41969
20260626_151642,2026-06-26T15:16:48.435251+09:00,skeleton,RX2,18.601075,18.35756,18.788294,17.888544,17.888544,16.552945,14.317821,12.083046,9.848858,7.615773,5.09902,3.162278,4.123106,6.0,10.0,13.0,16.124515,18.439089,19.313208,20.248457,18.439089,17.029386,14.764823,11.18034,8.246211,7.071068,10.198039,10.0,9.219544,9.848858,10.630146,12.727922,14.21267,16.401219,17.204651,17.804494,17.029386,16.401219,15.620499,13.601471,12.206556,11.18034,9.486833,9.055385,10.049876,11.401754,13.416408,15.652476,16.643317,17.804494,18.439089,18.384776
20260626_151642,2026-06-26T15:16:48.470073+09:00,skeleton,RX3,21.931712,22.847319,21.540659,19.924859,17.720045,14.56022,12.369317,9.486833,6.708204,5.656854,5.830952,6.324555,7.0,9.0,11.045361,13.038405,15.0,17.029386,18.0,18.0,18.027756,18.027756,16.03122,15.033296,13.038405,10.0,10.198039,8.062258,5.09902,3.162278,3.605551,6.082763,8.0,10.0,11.045361,12.165525,12.369317,12.649111,12.083046,12.529964,12.206556,11.401754,10.630146,10.630146,9.219544,8.062258,8.246211,9.0,11.401754,13.928388,17.464249,20.124612
20260626_151642,2026-06-26T15:16:48.498236+09:00,skeleton,RX1,6.0,10.049876,13.152946,15.132746,16.124515,16.124515,17.029386,15.0,15.033296,13.038405,11.045361,9.055385,7.0,5.09902,3.605551,3.162278,5.09902,7.28011,9.848858,12.083046,13.0,13.928388,13.416408,12.083046,10.77033,8.944272,16.124515,17.492856,19.416488,19.416488,19.416488,16.643317,14.422205,10.0,6.403124,3.162278,3.605551,6.082763,9.0,11.0,13.0,15.033296,16.124515,18.248288,17.464249,17.720045,17.088007,16.155494,14.317821,12.083046,8.544004,5.0
20260626_151642,2026-06-26T15:16:48.525529+09:00,skeleton,RX2,21.260292,19.849433,16.278821,13.453624,10.816654,8.246211,9.055385,10.440307,13.0,15.231546,15.811388,17.720045,17.262677,17.029386,17.029386,15.297059,12.649111,8.602325,5.0,5.0,10.77033,14.317821,17.0,18.248288,19.313208,11.401754,12.206556,14.422205,15.264338,16.124515,16.643317,16.643317,16.124515,14.764823,14.317821,11.7047,11.401754,11.045361,11.0,11.045361,13.152946,12.369317,13.601471,14.866069,15.231546,16.124515,17.204651,18.601075,19.849433,21.213203,21.931712
20260626_151642,2026-06-26T15:16:48.556531+09:00,skeleton,RX3,22.022716,23.0,22.022716,21.095023,19.104973,16.124515,14.142136,11.18034,9.055385,8.0,7.28011,6.708204,7.81025,9.899495,12.041595,13.453624,16.278821,18.439089,19.849433,21.213203,21.931712,21.931712,21.213203,19.79899,18.384776,15.556349,12.083046,10.29563,8.602325,5.830952,3.162278,1.414214,4.123106,7.0,9.055385,10.198039,11.401754,13.0,12.529964,13.601471,13.453624,13.453624,12.806248,12.206556,11.401754,10.630146,10.630146,10.29563,11.401754,14.142136,17.029386,19.026298
20260626_151642,2026-06-26T15:16:48.587295+09:00,skeleton,RX1,7.211103,10.77033,13.0,16.155494,17.088007,17.464249,17.0,16.124515,15.264338,13.601471,12.206556,9.433981,7.211103,5.385165,4.0,3.605551,5.830952,7.28011,10.198039,12.165525,13.152946,13.341664,13.341664,12.369317,11.18034,9.219544,15.297059,16.492423,18.439089,18.439089,17.464249,16.492423,13.341664,10.440307,6.708204,3.605551,3.162278,5.0,8.062258,10.29563,12.083046,13.892444,15.264338,16.401219,17.029386,17.691806,16.278821,15.620499,14.21267,11.401754,8.485281,5.385165
20260626_151642,2026-06-26T15:16:48.616498+09:00,skeleton,RX2,17.888544,18.788294,18.384776,18.027756,17.088007,16.155494,15.231546,12.083046,10.77033,8.544004,6.324555,5.09902,5.0,7.211103,9.433981,11.661904,14.21267,16.970563,17.804494,17.888544,16.763055,15.132746,12.0,9.486833,5.830952,3.605551,10.630146,10.816654,11.18034,10.77033,11.401754,12.041595,13.0,14.035669,15.033296,16.0,16.0,15.0,15.0,14.0,12.0,12.041595,10.049876,10.440307,11.18034,12.206556,13.453624,14.866069,16.278821,18.439089,18.601075,18.601075
20260626_151642,2026-06-26T15:16:48.645600+09:00,skeleton,RX3,23.4094,24.698178,24.166092,22.36068,19.235384,17.492856,13.892444,10.816654,8.944272,6.324555,6.0,5.830952,7.81025,9.219544,12.806248,15.0,18.601075,20.0,22.203603,23.600847,23.600847,22.803509,21.400935,19.416488,16.643317,12.529964,11.18034,9.219544,6.082763,3.0,2.0,4.242641,7.81025,10.0,12.206556,14.764823,15.231546,15.811388,15.297059,15.132746,15.0,14.035669,13.152946,12.165525,11.045361,9.0,8.246211,8.602325,10.0,13.416408,17.088007,19.924859
20260626_151642,2026-06-26T15:16:48.675168+09:00,skeleton,RX1,7.0,11.045361,14.035669,16.03122,17.029386,17.0,17.029386,16.03122,15.132746,12.165525,10.198039,8.062258,6.082763,3.162278,2.236068,4.123106,6.708204,9.433981,12.206556,13.601471,15.0,14.422205,14.422205,13.038405,11.661904,9.433981,17.0,19.026298,20.099751,20.099751,19.104973,17.117243,14.317821,11.401754,7.615773,4.242641,4.123106,5.656854,8.602325,11.661904,12.529964,15.264338,16.643317,17.204651,17.804494,17.029386,16.970563,15.556349,13.453624,10.630146,7.071068,3.162278
20260626_151642,2026-06-26T15:16:48.705250+09:00,skeleton,RX2,20.248457,19.313208,16.763055,13.601471,12.041595,11.18034,11.7047,12.083046,13.416408,14.317821,14.866069,14.56022,14.317821,13.038405,12.0,9.055385,6.082763,3.0,3.0,6.324555,10.440307,14.035669,16.03122,16.492423,17.464249,15.811388,13.601471,14.56022,16.492423,16.492423,16.278821,16.278821,15.297059,14.56022,12.649111,12.083046,11.661904,12.041595,12.727922,13.453624,14.21267,14.866069,14.866069,15.620499,16.278821,15.620499,15.811388,16.124515,17.464249,18.384776,20.248457,21.18962
20260626_151642,2026-06-26T15:16:48.735645+09:00,skeleton,RX3,21.260292,21.931712,21.931712,20.518285,18.439089,16.401219,13.601471,11.401754,10.0,8.485281,7.211103,7.28011,8.062258,10.0,12.041595,14.035669,17.029386,19.104973,20.024984,22.022716,22.0,22.0,21.0,19.026298,17.029386,14.035669,13.416408,12.083046,9.848858,7.211103,5.0,5.0,6.708204,8.944272,10.816654,12.529964,13.416408,14.317821,14.866069,14.317821,14.142136,14.035669,13.0,13.038405,12.0,11.0,11.18034,10.77033,11.661904,14.21267,16.970563,17.691806
20260626_151642,2026-06-26T15:16:48.769623+09:00,skeleton,RX1,24.186773,21.377558,19.416488,15.524175,11.401754,7.28011,4.123106,1.414214,2.828427,5.656854,7.071068,9.219544,11.401754,12.806248,13.601471,15.0,14.422205,13.601471,12.806248,11.313708,9.219544,7.615773,6.0,5.385165,7.071068,7.211103,6.0,3.605551,4.0,7.211103,12.041595,15.556349,19.104973,21.260292,22.671568,21.931712,21.931712,20.518285,17.691806,16.278821,12.806248,10.630146,7.071068,3.605551,1.414214,4.0,8.062258,12.165525,16.124515,20.024984,23.0,24.020824
20260626_151642,2026-06-26T15:16:48.800622+09:00,skeleton,RX2,20.248457,18.973666,16.763055,14.866069,12.083046,10.0,9.219544,9.433981,10.77033,11.7047,13.0,13.416408,13.038405,12.806248,12.727922,10.0,7.211103,4.472136,1.0,4.472136,8.944272,12.206556,15.556349,16.643317,17.088007,16.124515,12.041595,12.806248,14.866069,15.556349,16.278821,16.278821,15.556349,14.866069,13.453624,12.041595,11.401754,10.29563,10.77033,11.401754,12.165525,13.152946,13.152946,14.317821,14.317821,15.132746,14.035669,14.035669,14.142136,15.811388,18.027756,19.313208
20260626_151642,2026-06-26T15:16:48.829113+09:00,skeleton,RX3,10.0,8.544004,8.602325,10.0,11.661904,12.529964,13.892444,14.422205,15.811388,15.620499,15.620499,15.556349,15.620499,15.0,15.0,13.601471,12.806248,11.313708,9.433981,8.544004,8.0,8.944272,10.630146,11.401754,13.038405,13.892444,14.142136,16.970563,18.439089,20.0,20.248457,18.867962,17.888544,15.231546,12.649111,10.440307,7.28011,5.385165,3.605551,3.605551,4.123106,6.0,8.0,10.0,12.041595,14.142136,15.297059,17.464249,17.720045,17.720045,16.763055,14.56022
20260626_151642,2026-06-26T15:16:48.857018+09:00,skeleton,RX1,5.09902,9.219544,12.369317,14.866069,16.763055,17.088007,17.464249,16.552945,15.652476,13.416408,12.529964,10.29563,8.544004,6.324555,4.0,3.605551,4.123106,6.0,8.062258,9.486833,11.401754,12.083046,12.083046,12.083046,10.29563,8.944272,17.088007,18.384776,21.023796,21.023796,20.124612,18.35756,15.264338,11.661904,7.81025,4.242641,1.414214,5.0,8.246211,10.440307,12.369317,14.317821,16.278821,17.262677,18.248288,19.104973,19.026298,18.0,15.033296,12.041595,9.055385,4.123106
20260626_151642,2026-06-26T15:16:48.886243+09:00,skeleton,RX2,21.540659,21.931712,19.697716,18.788294,16.552945,14.866069,13.341664,13.152946,13.038405,13.038405,13.038405,13.152946,13.341664,12.369317,11.401754,9.486833,7.071068,6.0,5.830952,8.485281,11.313708,13.453624,15.811388,16.552945,16.492423,15.033296,12.206556,13.038405,15.264338,16.124515,17.0,15.652476,15.652476,14.317821,13.416408,11.661904,11.401754,11.313708,12.806248,14.21267,14.21267,15.620499,16.278821,16.970563,16.278821,16.278821,15.556349,15.620499,15.811388,16.552945,18.384776,19.924859
20260626_151642,2026-06-26T15:16:48.915365+09:00,skeleton,RX3,13.341664,11.7047,11.18034,11.401754,10.630146,11.401754,12.206556,12.806248,12.206556,12.806248,13.453624,12.727922,13.453624,12.806248,13.038405,12.206556,12.206556,11.401754,9.219544,8.602325,7.615773,6.082763,7.071068,8.062258,8.602325,9.899495,12.649111,15.811388,18.384776,20.124612,21.095023,21.095023,20.0,18.439089,16.970563,14.866069,11.313708,9.899495,7.071068,6.403124,5.385165,6.0,7.071068,9.219544,10.198039,12.165525,14.142136,16.03122,17.117243,18.027756,18.027756,16.03122
20260626_151642,2026-06-26T15:16:48.945672+09:00,skeleton,RX1,25.806976,23.021729,20.248457,16.124515,11.661904,8.062258,3.605551,1.0,4.123106,6.0,9.055385,10.049876,13.038405,14.035669,15.132746,15.132746,15.132746,14.142136,13.152946,12.0,10.0,7.28011,7.211103,5.830952,5.385165,6.0,7.211103,4.472136,3.605551,6.708204,11.18034,15.132746,19.026298,22.090722,23.086793,24.083189,23.086793,22.203603,19.235384,17.262677,14.317821,11.401754,8.246211,4.123106,1.414214,4.242641,9.219544,13.453624,17.691806,21.213203,24.083189,27.018512
20260626_151642,2026-06-26T15:16:48.976049+09:00,skeleton,RX2,21.023796,20.099751,18.11077,15.132746,12.0,9.219544,8.944272,8.485281,10.816654,11.661904,13.038405,14.422205,15.620499,16.278821,15.811388,14.764823,12.649111,10.049876,6.082763,2.828427,3.162278,7.071068,10.29563,13.453624,14.422205,15.811388,13.038405,14.035669,15.033296,16.03122,16.0,17.0,16.0,15.033296,14.035669,13.152946,11.7047,11.18034,10.816654,11.401754,12.727922,13.453624,13.453624,14.21267,15.0,15.0,14.764823,14.317821,15.524175,17.262677,18.11077,20.024984
20260626_151642,2026-06-26T15:16:49.005408+09:00,skeleton,RX3,13.0,11.401754,10.630146,11.18034,11.401754,13.152946,14.142136,14.142136,14.142136,14.317821,15.524175,14.56022,14.866069,14.317821,13.416408,13.416408,12.083046,9.848858,7.615773,6.0,4.472136,5.385165,7.071068,9.0,11.045361,12.041595,13.453624,16.278821,19.79899,21.260292,22.022716,21.400935,20.808652,18.867962,16.124515,13.416408,10.29563,8.062258,5.656854,4.472136,5.0,6.082763,7.28011,10.77033,12.649111,14.56022,17.464249,18.439089,19.235384,19.235384,19.235384,17.262677
20260626_151642,2026-06-26T15:16:49.038106+09:00,skeleton,RX1,26.400758,23.853721,21.095023,16.643317,12.529964,8.062258,4.472136,1.0,2.0,5.0,7.071068,9.055385,11.045361,13.038405,13.0,14.035669,14.0,13.038405,12.041595,10.198039,9.219544,6.708204,5.0,4.123106,4.123106,4.472136,6.082763,2.828427,2.828427,7.615773,11.7047,15.524175,19.646883,22.36068,23.537205,24.515301,23.537205,21.587033,19.646883,16.763055,13.601471,11.7047,7.28011,4.123106,1.414214,4.242641,8.485281,13.453624,16.970563,21.931712,24.839485,26.248809
20260626_151642,2026-06-26T15:16:49.065561+09:00,skeleton,RX2,24.186773,23.345235,20.396078,16.278821,13.038405,11.18034,10.29563,11.401754,13.453624,14.866069,16.970563,17.691806,18.601075,18.867962,17.888544,15.811388,13.341664,9.055385,5.385165,3.0,6.708204,11.661904,15.231546,17.464249,20.024984,19.235384,14.035669,16.03122,16.03122,17.029386,17.029386,16.0,15.033296,13.038405,11.401754,10.77033,11.18034,11.401754,12.727922,13.453624,14.866069,14.866069,15.556349,15.556349,14.866069,14.21267,13.892444,13.928388,15.297059,18.027756,21.0,23.021729
20260626_151642,2026-06-26T15:16:49.096347+09:00,skeleton,RX3,11.401754,10.816654,10.630146,11.661904,12.083046,13.928388,14.866069,15.231546,15.652476,16.124515,15.264338,15.811388,15.0,14.21267,14.21267,12.806248,12.206556,10.816654,8.544004,8.062258,8.246211,8.602325,10.630146,11.661904,12.529964,13.0,13.038405,15.811388,17.691806,19.104973,19.104973,19.209373,17.204651,15.264338,13.416408,10.29563,8.062258,5.830952,4.242641,4.123106,5.0,6.082763,7.28011,9.219544,12.165525,14.142136,15.033296,17.0,17.029386,17.0,17.0,15.0
20260626_151642,2026-06-26T15:16:49.125531+09:00,skeleton,RX1,5.656854,8.602325,12.529964,13.892444,16.124515,16.124515,16.643317,15.811388,14.21267,12.806248,10.630146,9.219544,7.211103,5.0,3.0,2.828427,4.123106,6.082763,8.062258,10.198039,11.401754,11.401754,11.7047,10.77033,8.544004,7.615773,15.620499,18.439089,19.104973,20.518285,19.79899,17.691806,14.866069,11.313708,7.81025,3.162278,2.0,5.385165,7.615773,11.18034,13.416408,15.231546,17.088007,18.027756,19.924859,19.646883,19.416488,18.248288,16.124515,13.152946,10.198039,5.385165
20260626_151642,2026-06-26T15:16:49.155265+09:00,skeleton,RX2,17.029386,15.132746,12.369317,10.29563,9.899495,9.848858,11.18034,13.038405,15.033296,16.03122,17.117243,17.262677,17.464249,18.027756,16.552945,14.422205,12.041595,7.81025,4.123106,2.236068,6.403124,10.77033,14.317821,17.0,18.248288,18.973666,11.401754,13.341664,14.56022,15.524175,16.492423,15.811388,15.524175,13.601471,12.369317,10.049876,9.0,8.246211,8.062258,8.485281,10.0,11.661904,12.529964,13.416408,15.231546,16.155494,16.763055,17.720045,18.248288,19.235384,19.104973,19.026298
20260626_151642,2026-06-26T15:16:49.185943+09:00,skeleton,RX3,21.095023,21.470911,19.697716,18.384776,15.811388,13.601471,11.401754,9.486833,7.615773,7.211103,7.071068,7.81025,8.602325,10.29563,12.529964,13.892444,17.0,17.888544,19.235384,20.59126,20.59126,20.59126,20.59126,19.235384,17.888544,14.764823,14.142136,12.041595,10.0,7.615773,7.0,7.615773,10.0,11.401754,12.806248,13.601471,13.892444,14.317821,13.928388,13.341664,13.152946,13.038405,12.0,12.0,11.0,10.049876,10.440307,12.083046,13.892444,15.811388,18.027756,19.416488
20260626_151642,2026-06-26T15:16:49.216867+09:00,skeleton,RX1,27.45906,25.495098,22.203603,17.262677,13.152946,8.246211,4.472136,3.0,5.0,8.602325,10.816654,13.601471,15.0,16.401219,17.029386,17.029386,17.691806,15.620499,14.21267,12.206556,10.0,7.28011,5.0,5.0,5.385165,6.082763,8.544004,5.656854,4.123106,6.403124,10.816654,13.416408,17.464249,20.248457,21.540659,22.847319,21.540659,20.124612,18.35756,16.124515,13.038405,10.0,7.211103,3.605551,1.0,4.472136,8.944272,14.317821,18.384776,22.472205,26.248809,26.925824
20260626_151642,2026-06-26T15:16:49.245238+09:00,skeleton,RX2,13.341664,15.231546,16.124515,16.643317,17.204651,15.620499,14.21267,12.041595,10.0,7.81025,4.472136,3.0,2.236068,5.385165,8.062258,12.206556,14.866069,17.691806,20.0,21.954498,22.36068,21.18962,20.396078,18.0,15.297059,12.083046,7.615773,6.403124,5.0,5.09902,6.324555,7.211103,9.219544,10.0,11.18034,11.18034,10.77033,10.440307,9.055385,9.0,7.071068,6.708204,6.403124,6.708204,7.071068,8.062258,9.486833,10.29563,10.630146,11.401754,11.18034,11.18034
20260626_151642,2026-06-26T15:16:49.277096+09:00,skeleton,RX3,24.083189,23.021729,21.0,20.024984,16.03122,14.035669,11.0,9.055385,8.246211,7.615773,8.062258,9.219544,10.630146,12.041595,14.866069,15.620499,18.601075,19.416488,20.248457,21.095023,21.095023,20.59126,19.723083,18.35756,16.124515,13.892444,12.649111,11.7047,9.848858,8.062258,6.403124,6.324555,8.0,9.055385,11.045361,12.041595,13.0,13.038405,13.152946,13.341664,12.369317,12.649111,11.7047,11.7047,11.401754,12.369317,13.038405,14.0,17.029386,19.235384,21.213203,23.194827
20260626_151642,2026-06-26T15:16:49.305631+09:00,skeleton,RX1,27.586228,26.172505,22.671568,19.209373,14.866069,10.630146,6.403124,4.0,4.242641,6.708204,9.486833,11.401754,12.649111,14.56022,15.811388,16.155494,15.811388,15.231546,13.928388,11.401754,9.219544,7.071068,5.0,5.385165,7.071068,8.062258,7.615773,5.09902,2.828427,5.09902,9.848858,13.416408,17.0,19.723083,21.470911,21.470911,21.023796,20.615528,18.384776,15.811388,12.649111,10.440307,7.28011,3.605551,2.0,5.0,8.944272,13.892444,18.027756,21.633308,25.0,27.658633
20260626_151642,2026-06-26T15:16:49.336458+09:00,skeleton,RX2,23.430749,21.260292,17.691806,13.453624,9.848858,9.0,9.848858,12.806248,14.866069,17.691806,19.849433,21.400935,21.095023,21.470911,21.18962,18.439089,16.0,12.369317,7.81025,5.09902,7.615773,13.0,17.720045,20.59126,22.671568,23.600847,12.727922,12.806248,13.416408,13.928388,14.56022,14.317821,14.035669,13.038405,13.341664,13.0,11.661904,12.806248,12.727922,13.601471,14.422205,14.764823,15.652476,14.866069,14.56022,14.142136,14.035669,15.524175,17.0,19.416488,22.022716,23.430749
20260626_151642,2026-06-26T15:16:49.365835+09:00,skeleton,RX3,12.369317,12.041595,13.0,13.038405,14.142136,14.035669,15.033296,14.0,14.035669,14.142136,13.341664,12.369317,12.649111,12.083046,11.7047,10.77033,10.77033,10.198039,10.049876,10.0,10.198039,11.7047,12.083046,12.206556,12.806248,12.727922,11.401754,14.866069,16.278821,17.691806,17.804494,18.027756,17.492856,15.652476,14.317821,11.18034,9.848858,8.062258,6.403124,6.403124,7.211103,8.062258,9.848858,10.29563,12.529964,13.038405,14.422205,15.0,15.620499,15.0,15.0,13.892444
20260626_151642,2026-06-26T15:16:49.395200+09:00,skeleton,RX1,4.472136,7.81025,11.313708,13.453624,14.866069,16.278821,16.278821,15.620499,14.21267,12.206556,11.401754,9.219544,7.071068,6.403124,5.09902,5.09902,6.403124,7.81025,10.0,11.661904,13.892444,13.416408,14.764823,13.416408,11.18034,9.848858,15.0,17.204651,18.867962,19.416488,19.416488,17.204651,15.0,12.206556,8.602325,4.472136,2.236068,3.0,6.324555,8.544004,10.77033,12.649111,13.601471,16.278821,17.262677,17.117243,18.027756,17.0,16.03122,13.0,10.0,6.082763
20260626_151642,2026-06-26T15:16:49.425221+09:00,skeleton,RX2,9.486833,11.0,12.369317,14.866069,16.155494,16.155494,16.155494,14.866069,12.649111,10.440307,8.246211,5.385165,2.828427,2.828427,5.830952,9.433981,13.038405,17.029386,19.104973,20.615528,21.095023,20.615528,18.681542,16.03122,13.152946,10.29563,7.81025,9.433981,11.18034,13.0,13.601471,13.341664,14.142136,14.035669,13.0,13.0,11.045361,10.198039,8.544004,8.062258,7.071068,7.615773,8.062258,10.0,12.165525,14.317821,15.524175,16.763055,16.763055,16.155494,14.317821,11.661904
20260626_151642,2026-06-26T15:16:49.455752+09:00,skeleton,RX3,23.323808,23.853721,23.021729,21.400935,19.209373,17.029386,14.21267,12.041595,10.0,9.433981,8.544004,9.219544,10.049876,11.0,12.0,14.0,15.033296,17.029386,19.026298,19.026298,20.024984,21.023796,20.024984,19.104973,17.117243,16.124515,12.806248,11.401754,8.602325,5.656854,3.0,4.242641,8.062258,10.816654,13.038405,14.21267,15.556349,15.620499,16.643317,15.652476,16.155494,14.56022,14.317821,13.152946,13.152946,11.401754,11.7047,12.206556,12.727922,15.811388,18.867962,20.59126
20260626_151642,2026-06-26T15:16:49.485849+09:00,skeleton,RX1,4.0,9.055385,12.041595,15.132746,17.117243,18.027756,18.027756,17.0,16.0,14.0,13.0,11.0,9.055385,7.071068,5.385165,3.605551,4.0,5.830952,7.81025,9.219544,11.313708,12.041595,12.806248,12.206556,10.816654,8.944272,16.401219,18.601075,20.0,20.808652,20.0,17.204651,15.0,11.661904,8.062258,4.472136,3.605551,7.071068,9.219544,11.313708,13.453624,15.0,15.811388,18.027756,18.867962,18.35756,17.888544,15.231546,13.0,9.848858,4.472136
20260626_151642,2026-06-26T15:16:49.518781+09:00,skeleton,RX2,13.601471,14.866069,16.401219,17.204651,17.204651,16.643317,14.422205,13.038405,10.29563,7.615773,6.324555,4.123106,5.0,7.28011,10.198039,14.142136,17.262677,19.924859,21.931712,22.472205,22.022716,20.518285,17.492856,14.866069,12.041595,8.544004,9.219544,9.848858,10.816654,12.041595,12.727922,13.453624,13.601471,13.601471,13.038405,12.529964,12.083046,10.77033,9.486833,8.062258,7.071068,6.708204,7.81025,8.602325,10.29563,12.083046,13.601471,14.317821,14.317821,14.035669,14.0,13.341664
20260626_151642,2026-06-26T15:16:49.546974+09:00,skeleton,RX3,23.086793,22.135944,20.615528,18.788294,15.652476,13.416408,11.18034,9.848858,8.544004,8.246211,8.062258,8.0,9.0,10.0,12.0,13.0,14.0,16.0,17.029386,18.027756,18.027756,18.11077,18.11077,17.117243,15.132746,14.142136,11.18034,10.198039,8.544004,7.211103,7.81025,8.944272,10.440307,12.369317,13.341664,14.56022,14.866069,14.317821,14.764823,13.892444,13.038405,12.806248,12.041595,11.401754,10.816654,11.661904,12.083046,13.601471,16.492423,18.439089,20.615528,21.587033
20260626_151642,2026-06-26T15:16:49.576990+09:00,skeleton,RX1,5.830952,9.219544,12.806248,15.0,16.401219,17.029386,17.204651,15.811388,14.764823,13.416408,12.083046,9.848858,7.615773,5.830952,2.828427,2.0,3.162278,5.09902,7.071068,9.055385,11.045361,11.0,11.0,10.0,9.0,7.0,16.0,18.027756,19.104973,20.223748,18.248288,16.278821,14.142136,10.198039,6.324555,1.414214,2.236068,5.09902,9.0,11.045361,13.152946,15.132746,17.262677,18.439089,18.681542,18.681542,18.973666,18.027756,15.231546,13.0,8.544004,4.123106
20260626_151642,2026-06-26T15:16:49.606098+09:00,skeleton,RX2,27.166155,25.495098,23.769729,19.924859,15.524175,12.165525,10.049876,8.944272,9.899495,11.401754,13.601471,15.620499,16.970563,17.691806,17.804494,16.643317,15.231546,11.7047,7.28011,2.828427,4.472136,9.219544,13.601471,17.0,18.973666,20.099751,16.124515,16.643317,15.811388,15.264338,12.529964,11.7047,11.045361,11.18034,13.0,14.317821,16.124515,17.0,17.888544,18.788294,18.384776,18.384776,18.027756,16.763055,15.524175,12.649111,10.816654,10.0,11.401754,15.033296,19.026298,24.020824
20260626_151642,2026-06-26T15:16:49.635503+09:00,skeleton,RX3,16.552945,15.231546,13.928388,12.369317,11.18034,11.045361,10.0,10.0,11.0,11.0,11.0,11.045361,12.041595,12.165525,12.165525,13.601471,13.601471,13.928388,13.0,12.083046,10.77033,8.544004,7.071068,6.082763,5.830952,7.071068,11.401754,13.453624,15.620499,17.804494,18.601075,19.416488,18.867962,18.35756,16.124515,14.317821,12.529964,11.18034,9.433981,8.602325,7.81025,7.81025,8.602325,10.29563,10.77033,12.083046,14.317821,15.652476,17.0,17.888544,18.35756,17.888544
20260626_151642,2026-06-26T15:16:49.665338+09:00,skeleton,RX1,27.586228,24.083189,21.260292,17.029386,12.806248,8.485281,3.605551,2.236068,4.0,7.071068,9.055385,11.18034,13.152946,14.142136,15.033296,16.03122,15.033296,15.033296,13.038405,11.18034,8.246211,7.211103,5.385165,5.0,6.708204,8.062258,7.28011,4.242641,3.162278,6.708204,11.401754,15.297059,19.235384,22.203603,24.186773,24.186773,24.33105,22.561028,20.396078,18.439089,15.524175,12.649111,8.544004,5.385165,2.0,2.828427,7.211103,12.206556,17.029386,21.260292,24.758837,27.586228
20260626_151642,2026-06-26T15:16:49.695610+09:00,skeleton,RX2,8.602325,10.440307,13.152946,15.033296,17.029386,17.029386,16.03122,15.132746,13.038405,11.045361,9.0,6.082763,4.472136,5.385165,8.0,11.18034,14.317821,18.11077,20.0,21.095023,21.377558,20.880613,18.788294,15.264338,12.806248,8.602325,8.602325,10.29563,12.083046,13.0,13.0,13.0,12.649111,12.649111,11.401754,10.198039,9.055385,7.0,6.324555,5.830952,5.656854,6.708204,8.246211,9.055385,12.0,13.0,15.0,16.0,15.0,15.033296,13.152946,11.401754
20260626_151642,2026-06-26T15:16:49.725824+09:00,skeleton,RX3,15.524175,15.811388,15.811388,15.811388,14.56022,14.56022,14.317821,13.152946,13.038405,12.0,11.045361,10.049876,9.055385,9.055385,9.0,8.062258,9.486833,9.848858,11.661904,13.601471,16.401219,17.804494,19.416488,19.723083,19.235384,17.464249,13.453624,12.727922,12.041595,12.041595,10.0,9.433981,8.544004,8.062258,8.062258,9.219544,10.198039,10.198039,11.401754,12.165525,12.041595,13.038405,13.0,14.035669,14.035669,14.142136,14.142136,15.132746,15.132746,15.0,15.033296,15.132746
20260626_151642,2026-06-26T15:16:49.776381+09:00,skeleton,RX1,3.0,6.708204,9.433981,12.529964,14.422205,15.264338,15.652476,14.317821,14.317821,13.0,11.7047,9.848858,8.062258,6.403124,5.0,4.123106,5.09902,7.211103,9.219544,11.313708,12.727922,13.453624,13.601471,12.206556,12.206556,9.433981,13.892444,16.643317,18.867962,18.867962,18.867962,17.492856,16.124515,13.038405,9.433981,6.403124,3.605551,2.236068,5.0,7.0,10.0,12.041595,14.142136,16.278821,17.262677,18.681542,18.681542,18.027756,16.552945,14.317821,10.77033,7.28011
20260626_151642,2026-06-26T15:16:49.789170+09:00,skeleton,RX2,8.062258,8.602325,10.816654,12.529964,14.317821,15.231546,15.231546,14.317821,13.0,11.7047,9.219544,8.062258,6.082763,6.403124,8.062258,11.7047,15.524175,18.027756,21.18962,23.259407,24.186773,23.021729,21.260292,17.691806,14.422205,9.848858,8.062258,9.219544,10.630146,12.806248,14.21267,15.0,15.620499,15.0,14.21267,12.806248,11.401754,10.0,7.211103,5.385165,4.0,4.472136,5.830952,7.615773,10.440307,12.649111,14.56022,16.763055,18.027756,17.088007,16.155494,13.601471
20260626_151642,2026-06-26T15:16:49.816648+09:00,skeleton,RX3,17.492856,15.264338,13.0,11.7047,10.049876,10.0,10.049876,10.440307,10.440307,11.401754,12.369317,12.369317,13.152946,13.038405,14.0,14.0,14.035669,13.038405,12.041595,11.0,9.0,7.28011,7.211103,7.211103,7.615773,8.246211,6.708204,9.433981,12.529964,14.317821,17.088007,17.720045,18.681542,17.262677,17.117243,16.03122,14.0,12.0,9.0,8.062258,6.324555,6.708204,7.071068,8.602325,10.29563,12.529964,14.764823,17.0,18.867962,19.723083,20.248457,20.808652
20260626_151642,2026-06-26T15:16:49.846845+09:00,skeleton,RX1,27.658633,27.294688,24.186773,21.095023,17.029386,13.038405,9.219544,5.830952,4.472136,6.0,7.28011,9.486833,11.7047,13.601471,14.56022,14.56022,15.524175,15.524175,13.601471,12.649111,10.77033,8.602325,7.81025,7.28011,8.0,8.246211,9.486833,6.082763,4.472136,5.09902,9.055385,12.649111,17.088007,19.924859,22.135944,22.803509,22.561028,21.377558,20.223748,18.11077,16.03122,13.0,10.0,7.0,4.472136,4.123106,7.28011,11.18034,15.652476,20.615528,24.698178,26.248809
20260626_151642,2026-06-26T15:16:49.875456+09:00,skeleton,RX2,27.45906,26.627054,22.803509,18.601075,13.601471,9.486833,7.071068,7.81025,11.18034,14.317821,17.464249,19.697716,21.470911,21.633308,22.803509,21.213203,19.209373,15.264338,10.440307,5.0,3.162278,8.944272,14.142136,19.0,22.203603,24.041631,15.620499,15.0,14.422205,13.0,11.401754,11.0,11.401754,12.529964,13.601471,14.866069,16.278821,17.029386,17.804494,17.204651,17.204651,17.204651,15.811388,15.264338,13.416408,11.7047,9.0,9.848858,12.806248,17.0,21.470911,25.059928
20260626_151642,2026-06-26T15:16:49.905770+09:00,skeleton,RX3,16.155494,13.928388,11.401754,9.219544,7.0,6.324555,6.708204,7.071068,7.81025,9.219544,9.899495,10.630146,12.041595,12.206556,13.038405,13.892444,13.892444,14.317821,13.416408,12.529964,10.29563,8.485281,6.708204,5.09902,6.324555,7.211103,9.219544,11.7047,14.56022,17.720045,19.416488,20.396078,20.223748,20.024984,18.027756,16.0,14.035669,12.165525,10.049876,7.0,6.082763,5.385165,5.656854,6.708204,8.544004,10.440307,13.341664,15.524175,17.720045,18.973666,19.313208,19.313208
20260626_151642,2026-06-26T15:16:49.935780+09:00,skeleton,RX1,6.082763,8.062258,10.630146,12.727922,14.142136,14.142136,14.866069,14.21267,13.038405,12.206556,10.816654,9.433981,8.062258,6.403124,6.403124,5.385165,6.082763,7.071068,8.246211,8.544004,9.486833,10.77033,10.77033,8.544004,7.615773,6.324555,13.453624,16.278821,18.439089,19.849433,19.849433,18.439089,16.278821,13.453624,9.899495,7.211103,5.09902,5.0,7.211103,8.944272,11.18034,13.038405,14.422205,16.401219,17.029386,18.384776,17.691806,17.804494,15.811388,14.422205,11.401754,8.485281
20260626_151642,2026-06-26T15:16:49.965650+09:00,skeleton,RX2,8.544004,10.630146,12.806248,14.422205,15.264338,15.264338,14.422205,13.038405,10.816654,8.602325,5.830952,3.162278,2.236068,4.0,7.071068,10.049876,13.038405,16.0,17.029386,18.248288,18.681542,16.155494,14.422205,11.313708,8.602325,5.09902,7.0,9.055385,10.198039,12.369317,14.56022,14.56022,14.56022,14.56022,13.601471,11.7047,9.486833,7.615773,5.656854,4.472136,4.123106,5.830952,8.485281,10.630146,13.453624,14.866069,17.029386,17.029386,17.029386,16.401219,13.601471,11.18034
20260626_151642,2026-06-26T15:16:49.996067+09:00,skeleton,RX3,20.124612,19.235384,19.235384,18.35756,16.643317,15.264338,13.601471,12.206556,11.401754,10.630146,10.630146,10.0,10.0,10.0,10.816654,10.816654,11.18034,12.649111,13.601471,15.524175,17.262677,18.439089,20.396078,20.396078,20.396078,18.681542,15.132746,13.038405,11.045361,9.055385,7.28011,6.403124,5.830952,7.28011,9.219544,11.18034,12.369317,13.601471,13.928388,13.416408,14.422205,14.21267,13.453624,14.142136,13.453624,14.142136,13.453624,14.21267,15.811388,16.124515,17.888544,19.235384
20260626_151642,2026-06-26T15:16:50.025142+09:00,skeleton,RX1,26.476405,25.70992,22.803509,18.681542,14.56022,10.440307,7.071068,4.472136,5.0,6.082763,8.062258,10.049876,12.041595,13.152946,14.317821,14.317821,14.317821,13.601471,12.369317,10.440307,8.246211,7.0,5.385165,5.0,5.385165,7.28011,8.944272,7.28011,5.09902,5.830952,8.062258,12.0,16.03122,18.11077,21.023796,22.090722,22.022716,21.023796,19.026298,17.117243,14.142136,12.165525,9.055385,7.0,5.385165,5.385165,9.0,13.038405,17.029386,21.023796,25.0,26.07681
20260626_151642,2026-06-26T15:16:50.056857+09:00,skeleton,RX2,28.301943,26.925824,23.323808,18.027756,11.401754,6.708204,5.0,8.544004,12.369317,15.297059,18.248288,19.235384,20.396078,21.377558,20.615528,18.027756,15.652476,11.401754,6.708204,5.656854,9.055385,15.132746,20.248457,24.186773,25.806976,27.586228,16.763055,15.524175,14.142136,11.0,8.246211,5.656854,6.082763,8.544004,11.401754,14.142136,17.029386,18.601075,18.867962,19.723083,19.723083,19.235384,17.0,15.652476,13.0,8.246211,4.123106,5.0,11.18034,17.492856,23.021729,26.627054
20260626_151642,2026-06-26T15:16:50.085407+09:00,skeleton,RX3,23.430749,24.207437,24.413111,22.472205,20.248457,18.35756,15.652476,13.416408,11.661904,9.433981,8.602325,8.485281,8.602325,8.944272,9.848858,11.7047,12.369317,14.317821,16.278821,17.262677,18.248288,19.104973,20.099751,19.104973,19.104973,17.117243,13.0,11.0,9.0,6.0,2.828427,3.162278,6.708204,9.848858,12.083046,14.866069,15.524175,16.278821,17.029386,16.03122,16.124515,15.524175,14.56022,13.601471,12.649111,11.18034,11.045361,11.18034,12.083046,15.264338,17.804494,20.615528
20260626_151642,2026-06-26T15:16:50.115302+09:00,skeleton,RX1,25.70992,23.537205,19.235384,14.142136,10.198039,5.830952,4.123106,5.385165,8.944272,10.816654,12.529964,14.317821,16.155494,17.088007,16.492423,16.278821,16.124515,14.142136,12.041595,8.246211,5.385165,4.472136,5.09902,7.615773,10.29563,11.18034,9.219544,6.708204,6.403124,7.071068,10.198039,13.0,17.0,18.35756,20.124612,21.023796,20.124612,18.384776,16.155494,13.601471,11.401754,8.544004,5.830952,3.605551,4.123106,8.062258,11.661904,15.811388,19.723083,23.706539,26.400758,27.856777
20260626_151642,2026-06-26T15:16:50.145454+09:00,skeleton,RX2,30.066593,28.071338,25.079872,19.0,13.0,8.062258,2.828427,4.242641,7.615773,11.401754,14.56022,16.278821,17.262677,17.464249,17.464249,15.811388,13.928388,10.816654,7.211103,6.324555,8.602325,12.649111,16.124515,19.0,21.095023,21.587033,19.849433,17.804494,15.0,11.661904,7.615773,3.162278,4.472136,8.485281,12.806248,15.811388,18.867962,20.59126,21.023796,20.615528,20.248457,18.973666,16.763055,14.317821,11.18034,6.082763,1.414214,5.0,12.041595,19.026298,24.020824,28.071338
20260626_151642,2026-06-26T15:16:50.175467+09:00,skeleton,RX3,14.764823,13.0,12.649111,12.369317,12.041595,11.045361,11.045361,11.045361,11.045361,11.045361,11.045361,11.18034,11.401754,11.401754,12.369317,12.649111,12.649111,13.601471,13.601471,12.649111,12.369317,12.165525,11.045361,11.045361,10.440307,9.848858,10.630146,12.806248,14.866069,16.970563,17.804494,18.027756,17.492856,16.124515,14.317821,12.083046,11.18034,9.433981,7.81025,7.071068,7.211103,8.062258,9.848858,10.77033,12.083046,13.416408,14.764823,16.124515,18.027756,18.027756,17.204651,16.643317
20260626_151642,2026-06-26T15:16:50.205393+09:00,skeleton,RX1,25.0,22.561028,19.235384,14.317821,10.198039,5.830952,4.472136,5.09902,8.062258,9.848858,12.083046,13.928388,14.866069,16.492423,16.278821,16.124515,16.03122,14.035669,11.18034,9.219544,6.708204,5.830952,7.071068,9.055385,11.401754,12.369317,9.486833,7.211103,5.830952,7.0,9.486833,13.892444,16.643317,18.601075,20.808652,21.095023,19.723083,17.888544,16.552945,13.928388,10.77033,8.944272,5.830952,4.472136,5.09902,8.062258,12.206556,15.811388,20.248457,23.323808,26.400758,26.925824
20260626_151642,2026-06-26T15:16:50.237825+09:00,skeleton,RX2,23.769729,23.345235,21.095023,17.029386,13.0,8.062258,3.0,1.414214,4.472136,9.433981,11.401754,14.21267,17.029386,17.691806,19.104973,19.104973,19.79899,18.439089,16.643317,15.231546,14.142136,13.152946,14.317821,15.620499,17.691806,18.601075,13.892444,12.083046,10.440307,7.28011,4.123106,1.0,4.472136,8.062258,11.401754,13.453624,14.866069,15.811388,17.0,17.088007,15.524175,15.132746,14.0,12.0,10.049876,7.071068,4.123106,3.162278,8.246211,13.0,17.088007,21.18962
20260626_151642,2026-06-26T15:16:50.265227+09:00,skeleton,RX3,16.03122,16.03122,16.03122,15.033296,15.033296,14.035669,13.152946,12.369317,11.401754,10.440307,9.848858,8.944272,8.944272,8.544004,8.246211,9.219544,10.049876,11.0,12.041595,14.142136,16.124515,17.117243,18.11077,18.027756,17.0,16.03122,13.892444,13.892444,12.529964,11.661904,10.0,9.219544,8.062258,8.544004,9.055385,10.049876,11.0,11.0,12.041595,12.165525,13.152946,13.341664,13.601471,13.928388,13.928388,14.317821,14.317821,14.317821,13.928388,14.866069,15.524175,15.297059
20260626_151642,2026-06-26T15:16:50.300270+09:00,skeleton,RX1,24.33105,21.587033,18.681542,15.524175,11.18034,8.062258,6.324555,6.403124,8.062258,9.848858,11.18034,13.038405,13.601471,14.21267,15.556349,14.866069,13.601471,12.806248,10.630146,8.602325,6.708204,6.0,8.062258,10.816654,12.206556,13.038405,11.401754,9.848858,8.062258,8.544004,10.0,13.453624,16.401219,18.439089,19.849433,20.518285,20.518285,19.209373,17.204651,15.264338,12.529964,11.18034,8.602325,7.071068,6.324555,8.0,11.18034,14.317821,18.439089,22.203603,24.020824,26.0
20260626_151642,2026-06-26T15:16:50.325857+09:00,skeleton,RX2,9.433981,6.324555,4.123106,5.385165,8.246211,9.055385,10.0,10.049876,10.198039,9.219544,8.544004,6.708204,5.0,5.09902,5.09902,7.211103,10.0,13.453624,14.866069,17.691806,18.439089,18.601075,17.492856,15.652476,11.7047,9.219544,4.0,7.071068,10.440307,12.649111,14.866069,17.088007,17.464249,17.464249,16.552945,14.317821,12.529964,10.29563,7.615773,5.385165,2.236068,1.0,4.242641,6.403124,10.0,13.453624,15.620499,18.439089,19.209373,19.849433,19.104973,16.278821
20260626_151642,2026-06-26T15:16:50.355106+09:00,skeleton,RX3,16.278821,17.262677,17.117243,17.117243,16.278821,15.524175,14.56022,12.649111,11.7047,9.848858,8.544004,7.615773,7.28011,7.071068,7.071068,7.28011,9.486833,11.18034,13.416408,14.764823,16.552945,18.384776,19.313208,18.973666,17.464249,15.297059,14.56022,13.601471,12.649111,11.401754,9.055385,7.071068,5.830952,7.211103,8.944272,10.77033,11.7047,13.0,13.416408,14.422205,13.601471,14.21267,14.142136,13.453624,13.601471,13.601471,12.806248,12.806248,12.041595,12.806248,13.892444,13.928388
20260626_151642,2026-06-26T15:16:50.386077+09:00,skeleton,RX1,25.553865,23.600847,19.209373,15.620499,11.401754,8.062258,5.09902,5.385165,6.403124,7.81025,10.0,11.401754,13.453624,14.142136,14.866069,14.21267,14.422205,13.601471,11.401754,9.219544,7.81025,6.324555,7.071068,7.615773,9.433981,10.816654,11.0,8.246211,7.81025,8.944272,11.045361,14.0,18.11077,20.024984,22.022716,22.0,22.0,21.023796,18.11077,16.278821,13.341664,11.401754,9.055385,6.0,4.472136,6.708204,9.486833,14.317821,17.464249,21.84033,24.698178,26.0
20260626_151642,2026-06-26T15:16:50.415332+09:00,skeleton,RX2,10.77033,10.049876,10.440307,11.18034,12.206556,12.041595,12.041595,10.630146,9.219544,7.81025,5.0,3.162278,1.414214,4.123106,7.28011,10.77033,13.601471,17.464249,19.235384,20.024984,20.099751,19.646883,17.464249,15.620499,12.206556,10.198039,6.0,8.246211,9.848858,11.18034,13.038405,14.21267,14.866069,14.866069,14.21267,13.601471,12.206556,10.816654,8.944272,7.28011,5.0,3.605551,3.162278,6.082763,8.544004,11.18034,13.892444,16.124515,17.492856,17.492856,16.401219,14.21267
20260626_151642,2026-06-26T15:16:50.446099+09:00,skeleton,RX3,22.203603,22.36068,21.377558,19.646883,16.763055,14.56022,11.7047,9.486833,8.246211,7.071068,7.071068,7.28011,7.615773,8.944272,10.816654,12.529964,13.892444,16.124515,17.0,19.235384,19.697716,19.697716,19.313208,18.027756,16.763055,13.601471,11.7047,10.440307,8.062258,6.082763,5.830952,7.211103,9.486833,11.7047,12.649111,14.866069,15.231546,15.652476,15.264338,14.21267,13.453624,14.142136,12.727922,12.041595,11.313708,11.401754,11.18034,11.7047,14.317821,16.124515,19.104973,21.095023
20260626_151642,2026-06-26T15:16:50.475311+09:00,skeleton,RX1,6.324555,9.219544,12.727922,14.142136,15.556349,16.278821,16.278821,15.0,13.601471,12.206556,10.816654,10.0,8.485281,7.81025,6.708204,7.071068,8.0,10.198039,11.401754,12.649111,13.601471,13.928388,12.649111,11.7047,9.848858,7.615773,13.453624,15.620499,17.691806,19.209373,18.601075,18.027756,15.811388,13.038405,10.0,6.403124,4.472136,3.162278,5.0,8.062258,10.29563,11.661904,13.601471,15.0,17.029386,17.691806,17.804494,17.204651,15.264338,13.601471,11.401754,7.81025
20260626_151642,2026-06-26T15:16:50.505977+09:00,skeleton,RX2,10.816654,12.727922,13.601471,15.264338,15.264338,15.264338,13.892444,12.206556,10.0,7.211103,5.0,2.236068,1.0,4.123106,7.28011,10.440307,14.142136,16.03122,18.11077,19.646883,19.313208,18.867962,17.691806,14.422205,12.649111,10.0,10.198039,11.045361,11.0,11.18034,11.7047,12.529964,13.038405,13.453624,14.142136,14.21267,13.601471,13.038405,11.18034,9.848858,9.219544,8.062258,7.28011,8.062258,9.219544,10.630146,12.529964,13.416408,14.317821,13.928388,13.341664,11.0
20260626_151642,2026-06-26T15:16:50.536805+09:00,skeleton,RX3,12.041595,12.0,12.165525,12.369317,12.649111,13.0,12.649111,12.649111,12.369317,12.165525,12.041595,11.045361,11.0,11.0,11.045361,10.0,10.0,9.055385,9.055385,9.219544,8.944272,8.602325,9.899495,10.0,9.433981,9.848858,11.661904,13.038405,15.811388,17.029386,17.691806,17.029386,16.401219,14.422205,12.529964,11.18034,8.944272,7.211103,5.656854,5.0,5.385165,6.324555,8.062258,9.219544,10.440307,12.649111,13.928388,15.231546,16.155494,16.155494,15.231546,13.928388
20260626_151642,2026-06-26T15:16:50.567101+09:00,skeleton,RX1,26.0,25.019992,21.023796,17.117243,13.038405,9.0,6.324555,5.0,6.082763,9.0,10.049876,12.0,13.0,15.033296,15.033296,14.142136,15.132746,13.152946,12.165525,10.049876,8.062258,6.708204,7.071068,8.944272,9.486833,10.198039,10.440307,8.062258,5.385165,5.385165,9.055385,12.369317,16.492423,19.646883,21.587033,23.345235,22.203603,21.023796,20.0,17.117243,15.132746,12.165525,9.219544,6.082763,3.162278,4.0,8.062258,12.369317,16.492423,20.396078,25.317978,26.172505
20260626_151642,2026-06-26T15:16:50.595223+09:00,skeleton,RX2,22.0,20.024984,16.03122,11.18034,8.062258,7.615773,10.049876,13.341664,15.811388,18.681542,20.615528,22.36068,23.086793,23.0,22.090722,20.615528,17.464249,13.601471,8.602325,4.123106,6.0,10.29563,15.556349,18.867962,21.18962,23.194827,15.033296,17.029386,18.11077,19.416488,19.646883,18.681542,18.027756,16.155494,14.764823,12.206556,10.630146,9.848858,10.198039,11.0,12.165525,12.369317,13.601471,13.0,13.892444,12.806248,12.806248,14.317821,15.524175,19.235384,21.023796,23.0
20260626_151642,2026-06-26T15:16:50.625595+09:00,skeleton,RX3,22.561028,22.803509,21.18962,20.248457,17.464249,14.764823,13.038405,10.29563,8.944272,7.615773,6.082763,6.0,7.071068,8.544004,9.848858,12.083046,14.317821,16.552945,17.464249,19.313208,20.248457,20.248457,20.248457,18.973666,16.763055,14.866069,12.083046,10.77033,8.544004,7.071068,6.082763,5.830952,7.81025,9.433981,11.661904,11.661904,13.038405,14.21267,13.453624,13.453624,13.601471,13.038405,12.529964,11.661904,11.661904,10.0,10.630146,10.816654,13.0,15.524175,17.464249,20.396078
20260626_151642,2026-06-26T15:16:50.655419+09:00,skeleton,RX1,5.0,8.544004,12.649111,14.866069,17.088007,17.464249,17.464249,16.552945,15.652476,13.416408,11.661904,9.433981,7.615773,5.09902,3.162278,3.605551,6.0,8.062258,10.440307,12.649111,14.56022,14.866069,14.866069,13.928388,13.0,11.18034,14.317821,16.155494,17.464249,17.464249,16.155494,16.155494,13.0,10.440307,7.28011,4.0,2.236068,4.472136,7.211103,9.433981,11.661904,13.892444,15.652476,16.552945,18.384776,18.027756,18.681542,17.464249,15.297059,13.341664,9.219544,5.385165
20260626_151642,2026-06-26T15:16:50.685564+09:00,skeleton,RX2,12.206556,14.317821,17.088007,17.720045,18.027756,18.027756,16.155494,14.317821,12.083046,8.944272,5.830952,2.236068,1.0,3.605551,8.062258,11.18034,14.866069,16.278821,18.027756,18.11077,17.720045,15.652476,13.453624,10.816654,9.0,8.062258,10.198039,9.055385,9.055385,8.544004,9.219544,10.0,11.661904,12.083046,12.649111,12.369317,12.369317,12.165525,10.049876,9.0,8.246211,8.062258,7.81025,9.433981,9.848858,11.7047,13.341664,14.142136,14.142136,14.0,12.165525,10.77033
20260626_151642,2026-06-26T15:16:50.717026+09:00,skeleton,RX3,20.615528,20.880613,20.248457,18.384776,16.552945,14.764823,12.529964,10.29563,8.944272,7.28011,7.071068,6.082763,7.615773,8.944272,11.661904,13.038405,15.264338,17.204651,19.416488,20.808652,21.633308,22.203603,21.633308,19.416488,17.204651,15.0,14.866069,12.041595,8.602325,5.830952,4.123106,5.0,7.615773,10.77033,12.649111,13.928388,14.764823,15.0,14.21267,13.453624,13.601471,13.038405,12.529964,12.083046,10.77033,10.29563,9.433981,9.219544,11.661904,13.0,15.811388,18.681542
20260626_151642,2026-06-26T15:16:50.745215+09:00,skeleton,RX1,5.09902,8.544004,11.661904,13.892444,15.264338,16.124515,15.652476,14.317821,14.317821,12.083046,9.848858,8.544004,6.708204,4.242641,4.123106,4.472136,6.403124,9.219544,10.0,12.206556,13.601471,14.422205,13.601471,12.206556,10.29563,8.944272,16.970563,19.79899,21.213203,21.213203,20.518285,18.384776,15.556349,12.041595,7.81025,4.472136,2.828427,5.0,8.062258,10.198039,13.152946,15.132746,17.117243,19.026298,20.024984,20.099751,20.223748,19.416488,16.278821,14.317821,10.198039,7.0
20260626_151642,2026-06-26T15:16:50.776420+09:00,skeleton,RX2,23.769729,21.587033,17.464249,13.601471,10.29563,7.81025,9.219544,11.0,14.035669,16.03122,18.0,19.026298,20.223748,19.646883,19.313208,17.0,15.0,11.313708,6.403124,1.414214,4.0,9.0,13.152946,15.811388,17.888544,17.804494,12.041595,13.152946,14.317821,15.524175,16.763055,17.088007,17.088007,16.155494,15.231546,14.764823,13.038405,12.806248,11.313708,11.401754,11.661904,12.083046,12.083046,12.649111,13.152946,14.035669,15.033296,17.464249,18.973666,21.18962,23.4094,25.298221
20260626_151642,2026-06-26T15:16:50.806738+09:00,skeleton,RX3,12.206556,9.899495,8.062258,7.071068,8.246211,9.433981,10.816654,11.661904,13.038405,13.038405,13.892444,14.764823,14.317821,13.928388,13.928388,13.0,13.0,11.18034,8.944272,7.81025,5.830952,6.0,6.708204,8.485281,10.816654,11.661904,12.806248,16.401219,18.439089,20.518285,21.931712,21.260292,20.0,18.027756,16.124515,13.416408,10.77033,7.615773,5.385165,3.605551,2.236068,2.236068,5.0,7.071068,10.0,12.206556,14.422205,17.492856,17.492856,18.35756,18.35756,17.0
20260626_151642,2026-06-26T15:16:50.841933+09:00,skeleton,RX1,25.455844,21.931712,18.439089,14.21267,10.630146,6.403124,3.0,3.605551,6.324555,8.246211,10.198039,11.18034,13.601471,13.601471,15.231546,15.231546,14.317821,13.0,12.083046,9.486833,7.071068,5.385165,5.0,6.324555,8.062258,9.055385,7.0,5.830952,5.09902,8.062258,11.7047,15.652476,18.35756,20.59126,21.954498,21.954498,21.470911,19.697716,17.464249,14.866069,11.7047,9.486833,6.324555,2.828427,2.236068,5.830952,9.433981,13.892444,18.867962,21.633308,24.207437,26.248809
20260626_151642,2026-06-26T15:16:50.865179+09:00,skeleton,RX2,13.038405,13.928388,15.297059,17.262677,18.11077,17.262677,16.278821,15.524175,13.601471,10.440307,8.246211,5.0,3.605551,5.09902,8.062258,11.045361,15.0,18.11077,20.615528,21.540659,21.954498,20.0,17.691806,15.264338,11.401754,7.0,11.7047,11.7047,11.401754,11.045361,10.0,11.401754,12.083046,12.529964,13.601471,13.601471,13.601471,13.601471,12.806248,12.041595,10.630146,10.0,8.944272,9.219544,10.049876,11.045361,13.341664,14.56022,14.866069,15.231546,14.764823,13.601471
20260626_151642,2026-06-26T15:16:50.895291+09:00,skeleton,RX3,18.248288,18.11077,18.11077,18.027756,16.0,14.0,12.041595,11.045361,10.049876,9.0,9.0,8.062258,9.219544,9.486833,10.77033,12.083046,14.317821,15.652476,17.888544,19.235384,20.124612,21.023796,21.023796,19.697716,18.384776,16.155494,14.142136,12.727922,11.313708,9.219544,8.062258,6.324555,7.071068,7.615773,8.944272,10.29563,10.77033,11.7047,11.401754,12.165525,12.041595,12.041595,12.165525,12.369317,11.401754,11.401754,12.165525,12.165525,13.038405,14.035669,15.033296,16.124515
20260626_151642,2026-06-26T15:16:50.925699+09:00,skeleton,RX1,24.758837,22.803509,19.209373,15.0,10.816654,6.708204,3.162278,1.0,3.605551,5.830952,8.062258,10.77033,11.7047,13.601471,13.928388,13.601471,14.56022,13.0,11.7047,9.848858,7.211103,5.0,4.123106,4.472136,5.0,5.385165,5.09902,3.162278,5.0,8.602325,13.416408,17.464249,20.248457,22.135944,24.041631,23.086793,21.84033,19.924859,17.720045,14.866069,11.7047,8.246211,5.09902,2.0,2.828427,7.211103,11.401754,15.620499,19.849433,23.345235,25.455844,26.870058
20260626_151642,2026-06-26T15:16:50.958149+09:00,skeleton,RX2,23.259407,21.470911,19.723083,16.124515,13.416408,11.401754,10.0,10.198039,11.7047,13.0,14.866069,15.811388,17.262677,17.117243,17.0,16.124515,13.601471,10.77033,6.708204,3.0,4.123106,8.062258,11.401754,13.928388,16.643317,17.691806,14.142136,14.035669,15.132746,14.142136,14.317821,14.317821,13.601471,13.928388,14.317821,13.416408,13.892444,13.892444,13.892444,14.422205,14.422205,14.422205,14.422205,14.422205,14.21267,13.453624,14.21267,14.422205,15.652476,18.384776,20.248457,22.472205
20260626_151642,2026-06-26T15:16:50.987123+09:00,skeleton,RX3,7.071068,8.246211,11.18034,13.892444,15.264338,17.0,17.888544,17.464249,17.088007,16.492423,16.278821,15.132746,14.035669,13.0,12.0,10.0,8.062258,6.708204,6.403124,7.28011,9.055385,11.401754,13.928388,15.231546,15.652476,17.0,12.041595,14.142136,15.297059,16.278821,15.524175,14.866069,13.928388,12.083046,9.848858,7.615773,6.324555,4.123106,4.123106,4.472136,6.403124,7.81025,9.219544,10.0,13.038405,13.892444,15.652476,15.652476,15.231546,14.317821,12.529964,10.0
20260626_151642,2026-06-26T15:16:51.017622+09:00,skeleton,RX1,24.839485,22.671568,19.209373,15.264338,10.816654,7.211103,2.236068,1.414214,4.472136,7.28011,10.440307,12.369317,13.152946,15.132746,16.03122,17.029386,17.029386,17.029386,15.033296,13.038405,10.049876,7.28011,5.0,3.162278,4.472136,5.656854,7.071068,5.09902,5.830952,9.433981,13.601471,17.464249,21.213203,23.194827,24.186773,24.083189,23.194827,21.095023,19.104973,16.124515,13.152946,9.219544,6.082763,3.0,1.414214,5.830952,10.29563,14.422205,18.601075,21.400935,24.839485,26.172505
20260626_151642,2026-06-26T15:16:51.051272+09:00,skeleton,RX2,15.231546,14.764823,16.643317,15.811388,15.811388,16.124515,13.892444,11.661904,10.0,7.81025,5.656854,4.472136,5.09902,6.708204,8.944272,13.416408,15.231546,17.720045,18.027756,18.027756,16.278821,13.928388,11.661904,8.485281,5.830952,3.0,8.0,8.246211,9.848858,10.29563,10.816654,12.206556,12.806248,13.601471,14.21267,14.21267,14.21267,12.806248,11.401754,9.899495,8.485281,8.602325,8.944272,10.440307,11.045361,13.038405,14.0,15.0,15.0,16.03122,16.03122,15.524175
20260626_151642,2026-06-26T15:16:51.076208+09:00,skeleton,RX3,10.77033,10.198039,11.045361,11.401754,13.0,13.416408,14.317821,15.231546,15.811388,15.524175,15.297059,15.132746,15.033296,14.0,13.0,12.041595,10.049876,9.0,6.082763,5.0,5.385165,7.071068,8.246211,11.7047,13.416408,13.892444,14.035669,17.029386,18.027756,20.0,20.024984,20.099751,18.248288,16.492423,13.601471,11.7047,9.486833,7.28011,5.09902,5.09902,5.0,6.403124,8.485281,9.899495,12.727922,14.142136,14.866069,17.029386,17.029386,17.029386,17.029386,14.866069
20260626_151642,2026-06-26T15:16:51.253316+09:00,skeleton,RX1,25.298221,24.351591,19.697716,15.652476,12.083046,7.615773,4.0,2.236068,4.0,7.071068,9.219544,11.18034,13.038405,14.035669,15.0,14.035669,15.033296,13.152946,12.165525,10.049876,7.0,5.09902,2.828427,4.0,5.385165,6.708204,7.071068,5.385165,6.324555,9.219544,13.038405,15.652476,19.313208,21.540659,21.931712,22.847319,21.023796,19.235384,17.0,14.764823,11.661904,8.944272,5.385165,4.0,4.472136,7.071068,11.0,15.0,19.026298,23.086793,25.317978,26.683328
20260626_151642,2026-06-26T15:16:51.415523+09:00,skeleton,RX2,19.646883,18.973666,17.088007,14.56022,12.369317,11.0,10.198039,10.77033,11.661904,12.529964,13.416408,14.866069,14.56022,14.317821,14.035669,12.041595,9.219544,6.324555,2.0,3.162278,7.28011,11.18034,15.033296,17.262677,18.027756,18.35756,12.369317,13.341664,14.56022,15.524175,16.492423,16.492423,16.278821,15.297059,13.341664,12.369317,10.77033,10.816654,11.401754,12.041595,12.727922,13.453624,14.142136,15.556349,15.556349,15.556349,14.866069,15.0,14.764823,15.231546,16.763055,18.439089
20260626_151642,2026-06-26T15:16:51.578327+09:00,skeleton,RX3,11.313708,10.816654,9.486833,10.049876,11.045361,12.041595,13.152946,13.152946,13.038405,14.0,14.0,13.038405,13.152946,13.341664,12.649111,11.7047,10.440307,9.219544,8.062258,6.082763,5.830952,7.211103,8.246211,11.045361,12.041595,13.038405,11.045361,14.035669,16.0,17.029386,18.11077,18.248288,16.492423,15.811388,13.0,12.083046,8.944272,7.615773,6.324555,5.0,4.123106,5.830952,6.403124,8.485281,10.630146,12.806248,14.422205,15.264338,16.643317,16.643317,16.643317,15.264338
20260626_151642,2026-06-26T15:16:51.578457+09:00,skeleton,RX1,6.0,9.0,12.041595,14.035669,16.03122,16.03122,16.124515,16.124515,14.142136,12.369317,11.401754,9.486833,7.28011,5.09902,3.0,2.828427,4.0,6.324555,8.544004,10.77033,12.083046,14.317821,13.416408,13.416408,11.18034,9.433981,16.155494,18.788294,21.023796,21.023796,19.697716,17.888544,14.764823,10.816654,7.071068,4.123106,4.472136,6.708204,9.486833,11.401754,13.601471,14.56022,17.088007,17.464249,19.235384,18.867962,18.601075,17.029386,14.21267,12.041595,9.219544,4.472136
20260626_151642,2026-06-26T15:16:51.578636+09:00,skeleton,RX2,24.413111,23.600847,19.209373,15.811388,12.529964,11.18034,10.049876,11.7047,13.416408,15.652476,17.088007,18.027756,18.439089,18.11077,18.0,16.278821,13.0,10.0,5.385165,2.828427,6.708204,10.630146,14.764823,17.464249,20.0,20.396078,15.620499,16.401219,17.204651,17.492856,17.888544,17.888544,17.464249,17.088007,16.492423,15.297059,15.033296,15.033296,15.132746,15.297059,16.492423,16.763055,16.763055,17.088007,17.088007,16.552945,17.492856,17.804494,19.104973,20.0,22.472205,23.853721
20260626_151642,2026-06-26T15:16:51.578815+09:00,skeleton,RX3,13.416408,12.649111,12.041595,13.038405,13.152946,13.341664,14.317821,14.317821,14.142136,14.035669,14.035669,14.0,14.035669,13.152946,13.152946,12.165525,12.165525,10.049876,9.0,8.062258,7.615773,7.81025,9.219544,10.29563,10.77033,11.7047,10.630146,13.453624,14.866069,17.029386,18.027756,17.492856,16.552945,16.155494,13.601471,12.369317,10.198039,9.219544,7.28011,6.708204,6.403124,6.403124,8.062258,9.433981,11.661904,13.892444,15.811388,17.204651,17.804494,17.804494,17.804494,15.811388
20260626_151642,2026-06-26T15:16:51.579012+09:00,skeleton,RX1,6.324555,9.055385,13.038405,16.124515,17.117243,17.262677,17.262677,16.492423,15.811388,14.866069,13.0,10.77033,8.544004,6.082763,4.0,3.605551,5.09902,7.071068,9.219544,11.401754,13.601471,13.601471,14.866069,13.928388,12.083046,10.77033,16.278821,17.464249,19.646883,19.646883,18.681542,16.763055,14.56022,9.486833,6.708204,2.828427,3.605551,5.385165,8.246211,10.440307,12.649111,14.866069,15.652476,17.0,16.643317,17.204651,16.401219,15.556349,14.866069,11.313708,8.485281,4.472136
20260626_151642,2026-06-26T15:16:51.579099+09:00,skeleton,RX2,22.627417,19.79899,16.278821,11.313708,8.062258,6.0,7.211103,9.219544,11.401754,13.601471,15.620499,16.278821,16.401219,16.643317,15.231546,14.317821,12.041595,9.848858,8.062258,7.28011,10.0,13.601471,16.0,18.439089,22.36068,19.104973,14.0,16.03122,17.117243,18.439089,18.681542,20.248457,19.313208,17.888544,17.492856,16.401219,14.866069,15.0,14.422205,14.764823,14.866069,15.524175,15.297059,15.132746,15.0,15.132746,15.524175,15.652476,18.027756,20.518285,21.931712,23.345235
20260626_151642,2026-06-26T15:16:51.579233+09:00,skeleton,RX3,12.369317,10.77033,9.219544,10.0,9.848858,11.7047,12.369317,13.601471,12.649111,13.928388,13.928388,13.416408,13.892444,13.038405,12.806248,11.401754,10.816654,9.433981,8.062258,6.082763,5.09902,5.656854,7.615773,9.486833,11.18034,12.165525,10.816654,13.601471,16.401219,17.691806,19.104973,19.209373,18.027756,17.492856,15.652476,13.0,10.77033,8.544004,6.708204,5.830952,4.242641,5.09902,6.0,8.0,10.049876,12.041595,14.035669,16.0,17.0,18.0,17.0,16.0
20260626_151642,2026-06-26T15:16:51.579370+09:00,skeleton,RX1,25.317978,23.537205,19.924859,16.763055,11.7047,6.708204,3.162278,3.605551,7.81025,9.219544,11.313708,12.806248,14.422205,15.811388,16.643317,17.0,16.124515,14.764823,13.038405,10.0,7.071068,4.472136,4.472136,5.830952,7.28011,8.062258,6.403124,6.082763,9.486833,13.892444,17.804494,21.260292,23.345235,24.758837,25.455844,24.041631,22.627417,19.104973,16.278821,12.806248,10.0,7.071068,3.605551,1.414214,6.0,10.049876,14.035669,19.026298,22.0,25.079872,27.073973
20260626_151642,2026-06-26T15:16:51.579506+09:00,skeleton,RX2,20.0,21.023796,21.095023,20.099751,18.11077,16.124515,12.165525,9.0,6.082763,2.236068,1.414214,5.385165,8.944272,12.083046,15.264338,18.601075,20.615528,21.931712,22.203603,21.023796,19.924859,16.03122,13.341664,10.0,7.615773,8.246211,10.0,10.29563,10.440307,11.045361,12.041595,13.341664,14.317821,15.652476,16.643317,17.204651,17.204651,16.401219,15.0,13.453624,12.041595,10.816654,8.944272,8.062258,8.062258,9.848858,11.401754,12.727922,13.601471,15.652476,16.763055,18.439089
20260626_151642,2026-06-26T15:16:51.579587+09:00,skeleton,RX3,15.033296,13.601471,13.0,13.892444,13.453624,13.453624,14.142136,14.142136,14.866069,14.866069,14.21267,14.21267,14.422205,13.892444,13.038405,13.038405,12.206556,11.401754,11.313708,10.816654,10.77033,10.198039,11.0,12.165525,12.649111,13.0,12.041595,14.317821,16.763055,18.384776,18.788294,18.027756,17.804494,15.556349,13.453624,11.401754,9.433981,7.211103,5.0,5.0,4.123106,5.0,7.071068,9.055385,11.18034,13.038405,15.0,17.0,18.027756,18.027756,18.027756,18.027756
20260626_151642,2026-06-26T15:16:51.579715+09:00,skeleton,RX1,24.698178,21.540659,18.027756,14.56022,10.440307,6.324555,2.828427,2.236068,5.0,7.211103,9.433981,10.816654,12.806248,14.21267,15.556349,15.556349,15.620499,15.620499,13.601471,10.816654,8.602325,5.0,2.236068,2.0,4.123106,7.071068,8.062258,6.0,6.403124,8.944272,13.341664,16.124515,19.026298,22.022716,22.0,22.0,21.0,19.026298,16.03122,13.038405,10.049876,7.0,4.0,2.236068,3.605551,7.071068,10.630146,14.866069,18.601075,21.633308,23.323808,25.059928
20260626_151642,2026-06-26T15:16:51.579851+09:00,skeleton,RX2,14.866069,13.601471,12.165525,10.049876,9.486833,9.433981,10.630146,12.041595,12.806248,12.806248,13.453624,14.142136,13.453624,13.038405,11.18034,9.219544,7.0,4.242641,4.123106,7.211103,10.440307,14.0,16.278821,18.027756,18.867962,17.691806,13.453624,15.556349,16.970563,18.384776,18.384776,17.691806,16.278821,14.142136,11.401754,10.29563,9.219544,10.049876,10.440307,12.083046,13.416408,15.652476,16.124515,17.0,18.35756,18.35756,18.027756,18.027756,17.029386,16.970563,17.204651,16.643317
20260626_151642,2026-06-26T15:16:51.580001+09:00,skeleton,RX3,11.401754,9.0,9.219544,10.29563,10.630146,12.727922,14.142136,14.142136,14.866069,15.0,14.422205,14.764823,14.317821,13.928388,13.0,11.7047,10.77033,8.944272,7.81025,7.211103,7.071068,8.246211,9.848858,11.661904,13.601471,14.21267,12.083046,14.317821,16.763055,17.720045,18.439089,17.117243,16.03122,15.0,12.041595,10.198039,8.062258,6.082763,4.123106,3.605551,4.472136,5.830952,7.615773,10.77033,12.083046,14.317821,16.124515,17.492856,18.601075,18.601075,17.204651,15.811388
20260626_151642,2026-06-26T15:16:51.580081+09:00,skeleton,RX1,7.0,11.0,14.035669,16.124515,18.11077,18.248288,18.439089,17.464249,15.811388,13.928388,11.7047,10.77033,8.544004,6.324555,3.0,1.414214,4.472136,7.211103,10.0,12.806248,14.866069,16.278821,16.970563,16.970563,14.866069,12.727922,15.811388,17.804494,19.104973,19.79899,17.691806,15.620499,12.806248,9.433981,5.385165,3.162278,3.0,6.324555,8.944272,10.29563,12.529964,13.416408,14.317821,16.155494,17.088007,16.763055,15.524175,15.297059,12.165525,10.049876,6.0,2.0
20260626_151642,2026-06-26T15:16:51.585498+09:00,skeleton,RX2,24.186773,21.023796,17.0,13.038405,8.062258,4.472136,5.09902,7.071068,9.219544,12.165525,14.035669,14.0,15.132746,15.524175,14.317821,13.038405,11.313708,8.062258,5.0,3.162278,5.830952,8.944272,11.401754,13.038405,14.142136,14.317821,14.142136,14.0,15.132746,16.492423,18.973666,19.313208,20.615528,20.615528,20.615528,20.124612,17.888544,17.0,15.264338,14.422205,13.453624,12.727922,12.206556,11.661904,11.7047,12.165525,14.0,16.124515,19.646883,21.84033,25.0,25.495098
20260626_151642,2026-06-26T15:16:51.615494+09:00,skeleton,RX3,21.400935,22.203603,23.021729,21.633308,20.248457,17.492856,16.124515,13.892444,11.661904,8.602325,7.81025,7.211103,7.28011,8.0,10.049876,12.165525,15.297059,17.464249,19.646883,21.587033,22.561028,23.537205,22.36068,22.36068,19.235384,17.117243,11.401754,10.440307,7.615773,5.385165,3.162278,1.0,3.605551,6.708204,8.544004,10.198039,11.045361,12.0,13.038405,13.341664,13.601471,13.0,13.416408,12.529964,12.529964,11.18034,10.77033,10.198039,11.045361,12.649111,14.764823,17.492856
20260626_151642,2026-06-26T15:16:51.645768+09:00,skeleton,RX1,6.082763,9.219544,12.165525,14.142136,16.124515,16.124515,16.03122,15.0,14.0,12.041595,10.049876,8.246211,7.071068,4.123106,2.236068,2.236068,5.0,7.071068,9.899495,12.041595,13.453624,15.556349,14.866069,14.866069,13.453624,10.630146,16.03122,18.11077,19.104973,19.235384,18.248288,16.492423,12.649111,9.848858,5.0,3.162278,5.0,7.211103,8.944272,11.18034,13.928388,14.317821,15.652476,17.0,18.027756,17.204651,17.029386,16.278821,13.453624,11.313708,7.81025,4.472136
20260626_151642,2026-06-26T15:16:51.675529+09:00,skeleton,RX2,17.492856,19.723083,21.095023,21.633308,20.808652,18.439089,16.278821,12.727922,9.219544,5.830952,3.0,2.0,5.385165,8.602325,12.041595,14.21267,18.027756,19.235384,19.313208,18.439089,17.117243,15.033296,12.165525,8.062258,5.830952,4.472136,16.401219,17.204651,16.643317,15.652476,14.317821,12.369317,11.0,10.440307,10.0,11.401754,12.529964,13.928388,14.56022,15.297059,15.132746,16.03122,15.033296,15.0,15.033296,14.142136,12.369317,9.486833,7.211103,5.385165,5.385165,9.219544
20260626_151642,2026-06-26T15:16:51.709753+09:00,skeleton,RX3,21.954498,22.472205,22.472205,21.633308,18.601075,16.401219,13.453624,10.630146,7.81025,5.385165,4.0,4.472136,5.656854,8.062258,10.29563,13.416408,15.652476,18.788294,20.124612,21.470911,22.36068,21.470911,21.023796,18.788294,16.155494,13.0,11.313708,8.485281,5.656854,2.236068,2.0,5.09902,8.062258,10.049876,12.041595,14.0,15.132746,15.297059,14.56022,14.866069,14.317821,13.892444,13.038405,12.206556,10.816654,9.433981,7.28011,7.071068,8.602325,12.041595,15.0,18.867962
20260626_151642,2026-06-26T15:16:51.742924+09:00,skeleton,RX1,24.020824,23.0,19.0,14.035669,10.049876,6.082763,2.0,2.236068,4.472136,8.062258,10.0,12.206556,12.806248,14.866069,15.556349,14.866069,15.620499,14.21267,12.806248,10.0,7.81025,4.242641,1.0,3.0,6.324555,8.544004,6.708204,4.472136,6.324555,9.219544,14.21267,16.643317,19.723083,21.954498,22.825424,22.825424,21.023796,19.235384,17.0,13.892444,10.29563,7.615773,4.123106,2.236068,4.0,7.28011,11.401754,15.524175,19.646883,22.561028,25.495098,26.305893
20260626_151642,2026-06-26T15:16:51.766285+09:00,skeleton,RX2,22.847319,19.697716,15.652476,10.77033,7.071068,5.385165,5.830952,8.544004,11.401754,13.601471,14.866069,15.652476,16.643317,16.401219,15.556349,14.422205,12.083046,9.055385,5.385165,3.0,5.0,9.055385,12.041595,13.601471,14.764823,14.866069,16.552945,18.384776,19.697716,20.248457,21.18962,21.18962,20.880613,19.646883,18.439089,17.262677,15.132746,14.0,13.038405,12.369317,12.649111,12.529964,12.206556,12.806248,13.453624,14.422205,15.652476,18.384776,19.924859,22.803509,25.0,25.0
20260626_151642,2026-06-26T15:16:51.795598+09:00,skeleton,RX3,21.0,22.022716,21.023796,20.099751,18.11077,15.297059,13.341664,11.18034,10.198039,9.055385,8.0,7.28011,8.544004,8.944272,10.816654,13.038405,15.0,17.204651,18.601075,20.0,21.400935,21.400935,21.400935,20.808652,18.601075,15.811388,13.038405,11.045361,8.062258,6.082763,3.0,2.236068,4.0,6.082763,8.062258,10.0,11.045361,11.18034,11.7047,12.529964,13.038405,12.806248,13.453624,13.453624,12.727922,12.727922,12.041595,12.529964,13.0,14.317821,17.117243,19.026298
20260626_151642,2026-06-26T15:16:51.826380+09:00,skeleton,RX1,23.021729,21.095023,18.35756,13.892444,10.29563,6.403124,3.162278,3.605551,6.403124,9.433981,10.816654,13.601471,15.0,15.620499,16.970563,16.970563,17.691806,15.556349,13.453624,11.313708,8.485281,5.830952,3.162278,4.472136,6.324555,8.0,9.0,6.324555,5.830952,8.0,12.369317,15.231546,18.384776,21.023796,21.931712,22.847319,20.615528,19.313208,16.763055,14.56022,11.401754,8.246211,5.09902,2.828427,2.828427,6.403124,10.816654,15.0,18.601075,21.931712,24.758837,24.083189
20260626_151642,2026-06-26T15:16:51.855887+09:00,skeleton,RX2,17.204651,15.0,12.206556,9.433981,5.830952,2.828427,1.414214,4.0,6.082763,9.055385,10.198039,11.401754,12.083046,13.038405,14.142136,14.422205,14.866069,16.124515,15.132746,15.652476,15.620499,14.422205,13.601471,13.0,11.401754,10.630146,21.540659,23.259407,23.259407,23.706539,23.323808,21.633308,19.209373,15.556349,13.038405,10.77033,10.0,10.440307,10.816654,12.041595,14.21267,15.0,15.264338,15.652476,16.155494,15.811388,15.132746,15.0,15.297059,16.155494,17.492856,17.204651
20260626_151642,2026-06-26T15:16:51.886371+09:00,skeleton,RX3,19.697716,21.023796,21.023796,20.124612,19.697716,17.088007,15.811388,13.601471,11.401754,9.486833,8.062258,6.403124,5.830952,6.324555,7.071068,10.049876,12.165525,14.317821,16.492423,18.439089,20.396078,21.587033,20.615528,19.646883,18.439089,16.278821,14.21267,12.041595,9.219544,6.403124,2.236068,2.236068,6.0,9.055385,11.045361,13.341664,14.56022,14.866069,15.652476,15.264338,15.620499,15.556349,14.866069,14.21267,14.21267,13.601471,12.041595,10.630146,9.848858,11.045361,13.152946,14.866069
20260626_151642,2026-06-26T15:16:51.915734+09:00,skeleton,RX1,8.602325,12.206556,14.422205,16.643317,17.804494,17.804494,17.029386,15.556349,14.866069,13.453624,10.630146,8.602325,6.403124,4.242641,2.0,3.162278,6.082763,8.0,11.0,13.0,15.033296,16.0,15.0,14.0,13.0,11.045361,17.204651,19.209373,19.209373,18.439089,17.691806,15.556349,12.041595,8.602325,4.472136,2.236068,4.123106,6.324555,9.486833,11.7047,13.601471,14.866069,15.811388,16.492423,17.262677,17.117243,16.03122,14.035669,12.0,9.055385,5.09902,2.236068
20260626_151642,2026-06-26T15:16:51.945707+09:00,skeleton,RX2,16.278821,18.027756,19.026298,19.026298,18.027756,17.029386,16.03122,13.152946,11.401754,9.486833,6.708204,4.242641,2.0,2.236068,5.09902,7.615773,10.816654,12.727922,14.422205,16.155494,17.262677,17.029386,16.763055,16.124515,15.556349,14.764823,12.041595,11.401754,12.083046,12.369317,14.035669,15.132746,15.524175,17.088007,17.464249,17.464249,17.0,16.124515,15.264338,13.601471,12.041595,11.313708,9.433981,8.544004,9.055385,10.049876,10.77033,11.661904,12.041595,13.453624,13.601471,14.317821
20260626_151642,2026-06-26T15:16:51.976444+09:00,skeleton,RX3,22.472205,22.472205,22.847319,21.023796,19.235384,17.0,13.892444,11.661904,9.848858,7.615773,6.082763,6.324555,7.211103,9.219544,11.313708,13.453624,15.556349,18.439089,20.518285,21.931712,22.627417,22.627417,21.213203,19.79899,18.384776,15.556349,13.038405,12.0,9.0,6.082763,3.0,1.0,4.242641,7.071068,9.219544,10.816654,11.661904,13.0,13.601471,13.341664,14.035669,13.0,13.0,12.041595,12.041595,11.0,10.198039,9.848858,10.0,12.206556,15.652476,17.464249
20260626_151642,2026-06-26T15:16:52.007191+09:00,skeleton,RX1,26.172505,24.186773,21.377558,16.278821,13.152946,9.055385,6.0,3.605551,5.09902,7.071068,9.219544,11.401754,12.369317,14.142136,14.142136,15.132746,15.033296,14.035669,12.0,10.049876,7.071068,5.385165,4.123106,4.472136,6.403124,8.485281,6.403124,4.123106,5.0,8.062258,12.649111,16.492423,19.646883,21.587033,22.803509,23.086793,22.135944,20.248457,18.788294,16.552945,13.416408,10.29563,6.708204,4.123106,2.828427,5.0,9.055385,14.142136,18.11077,22.090722,25.019992,27.0
20260626_151642,2026-06-26T15:16:52.035830+09:00,skeleton,RX2,18.439089,17.464249,16.492423,14.317821,11.401754,8.944272,6.403124,5.385165,6.082763,8.544004,10.29563,12.529964,14.317821,16.155494,18.027756,18.439089,20.099751,19.026298,17.262677,14.866069,11.661904,8.602325,5.0,5.830952,8.062258,11.18034,24.33105,25.70992,24.738634,22.803509,20.615528,16.492423,13.038405,9.055385,7.211103,6.708204,9.055385,11.045361,13.152946,14.317821,15.524175,17.464249,17.464249,16.763055,16.763055,14.866069,13.416408,11.401754,10.816654,10.440307,13.0,15.132746
20260626_151642,2026-06-26T15:16:52.065855+09:00,skeleton,RX3,16.492423,13.928388,12.529964,10.630146,10.0,9.848858,10.440307,11.18034,11.18034,12.165525,12.165525,12.165525,13.152946,13.341664,12.369317,12.369317,12.369317,11.401754,9.219544,8.062258,6.082763,3.162278,3.162278,5.09902,6.324555,8.544004,12.041595,15.556349,17.691806,21.400935,21.633308,21.954498,21.023796,19.697716,17.088007,15.524175,13.341664,11.18034,8.062258,6.324555,4.472136,3.605551,5.09902,7.071068,9.055385,12.165525,14.142136,17.117243,18.248288,20.223748,20.223748,20.223748
20260626_151642,2026-06-26T15:16:52.095341+09:00,skeleton,RX1,8.0,11.045361,14.142136,17.117243,17.117243,18.11077,17.029386,16.03122,15.0,13.038405,11.045361,9.055385,6.0,4.0,1.414214,3.162278,5.656854,9.219544,11.401754,13.601471,15.811388,16.401219,16.401219,15.0,13.601471,11.401754,15.811388,17.720045,18.439089,18.439089,17.262677,15.297059,12.165525,8.062258,5.0,1.0,3.605551,5.830952,8.944272,11.18034,13.416408,14.422205,16.643317,17.204651,17.804494,17.029386,16.970563,15.556349,14.142136,11.313708,7.81025,3.162278
20260626_151642,2026-06-26T15:16:52.125435+09:00,skeleton,RX2,1.0,4.123106,9.055385,12.041595,14.035669,15.0,16.0,16.0,15.0,13.0,12.041595,11.045361,9.219544,7.615773,5.0,4.123106,4.472136,6.403124,8.944272,10.440307,12.165525,14.035669,14.035669,15.297059,14.56022,13.416408,7.81025,11.401754,13.601471,16.124515,16.552945,16.155494,15.811388,14.56022,12.165525,9.0,7.071068,4.472136,3.162278,3.605551,6.403124,8.544004,11.401754,13.152946,16.124515,18.11077,19.026298,19.0,19.0,17.0,14.0,10.0
20260626_151642,2026-06-26T15:16:52.155460+09:00,skeleton,RX3,22.825424,23.259407,22.847319,20.615528,19.313208,16.763055,13.601471,10.77033,8.944272,7.211103,7.211103,7.615773,8.246211,10.049876,12.0,15.033296,17.029386,19.026298,20.099751,21.095023,21.213203,21.377558,20.223748,18.248288,16.278821,13.152946,11.7047,9.848858,8.062258,5.830952,3.162278,2.236068,5.0,8.062258,10.0,11.0,13.038405,13.152946,13.601471,13.928388,13.416408,13.038405,12.206556,11.401754,10.816654,9.433981,8.544004,9.055385,11.18034,13.928388,16.552945,19.235384
20260626_151642,2026-06-26T15:16:52.185480+09:00,skeleton,RX1,24.413111,21.633308,18.867962,14.764823,10.816654,7.211103,3.605551,3.162278,5.0,6.403124,8.602325,10.816654,12.206556,12.806248,14.142136,14.142136,13.453624,13.453624,10.630146,9.219544,6.403124,4.123106,3.162278,4.472136,6.082763,7.071068,6.0,4.472136,6.082763,8.246211,12.083046,15.652476,18.35756,20.59126,21.470911,21.470911,20.124612,18.788294,16.552945,13.928388,10.77033,8.544004,5.0,2.236068,3.605551,7.211103,10.816654,15.0,19.209373,22.022716,24.041631,25.495098
20260626_151642,2026-06-26T15:16:52.217349+09:00,skeleton,RX2,8.062258,10.440307,13.416408,16.643317,17.492856,18.867962,18.867962,17.0,15.652476,13.928388,12.369317,10.049876,8.062258,5.830952,4.472136,6.324555,8.485281,11.661904,14.866069,17.117243,19.026298,20.396078,20.248457,19.723083,19.104973,17.204651,8.062258,9.055385,10.77033,12.529964,13.453624,13.453624,14.422205,14.764823,14.866069,14.56022,14.142136,13.0,11.045361,10.440307,10.29563,9.899495,10.0,11.7047,13.152946,15.033296,16.0,16.03122,16.278821,15.297059,12.649111,9.433981
20260626_151642,2026-06-26T15:16:52.247552+09:00,skeleton,RX3,21.023796,21.931712,22.36068,21.023796,20.124612,17.888544,16.124515,13.416408,11.18034,8.544004,8.062258,7.0,7.28011,8.062258,10.630146,12.727922,14.866069,17.804494,20.0,21.400935,22.803509,23.430749,22.671568,21.260292,19.79899,16.970563,13.341664,11.401754,9.848858,7.211103,4.242641,1.0,2.236068,5.0,7.071068,10.0,11.18034,11.7047,12.369317,13.152946,13.038405,13.0,13.038405,13.152946,12.369317,11.18034,11.045361,10.049876,10.77033,11.401754,13.453624,16.643317
20260626_151642,2026-06-26T15:16:52.275580+09:00,skeleton,RX1,26.832816,24.596748,21.023796,17.0,12.529964,7.615773,3.162278,1.0,4.472136,7.81025,10.816654,12.206556,14.422205,16.643317,17.492856,17.492856,18.027756,17.492856,15.811388,12.206556,10.0,7.071068,3.162278,2.828427,5.0,7.071068,4.242641,3.0,5.0,8.246211,13.152946,16.03122,19.026298,21.0,23.0,23.0,21.0,20.024984,18.027756,15.033296,12.041595,9.219544,6.324555,3.162278,1.414214,5.09902,9.219544,13.601471,18.027756,22.472205,25.079872,26.400758
20260626_151642,2026-06-26T15:16:52.305492+09:00,skeleton,RX2,23.021729,21.023796,19.026298,15.0,11.045361,7.28011,4.242641,4.123106,6.403124,9.899495,12.806248,15.620499,17.804494,20.0,22.022716,24.207437,25.0,25.238859,24.698178,22.36068,19.313208,16.492423,13.0,10.77033,10.630146,11.401754,12.727922,12.041595,11.18034,9.486833,7.0,6.324555,5.656854,5.09902,6.082763,7.211103,7.81025,8.062258,8.544004,9.055385,9.0,9.219544,8.544004,7.211103,6.403124,6.082763,6.708204,9.219544,12.083046,15.811388,19.416488,21.095023
20260626_151642,2026-06-26T15:16:52.335361+09:00,skeleton,RX3,21.470911,21.470911,21.954498,21.095023,18.867962,16.643317,15.0,11.401754,10.0,8.062258,6.324555,6.082763,6.324555,6.708204,9.219544,11.313708,14.142136,16.278821,18.384776,19.79899,21.213203,21.213203,20.518285,19.104973,17.691806,14.866069,13.341664,11.401754,9.219544,6.082763,3.162278,3.0,5.385165,8.944272,12.083046,13.928388,14.56022,15.297059,16.124515,16.03122,16.03122,16.124515,15.297059,14.317821,13.341664,12.165525,11.045361,10.198039,10.29563,12.041595,14.21267,17.492856
20260626_151642,2026-06-26T15:16:52.365557+09:00,skeleton,RX1,26.925824,24.698178,21.470911,17.888544,12.529964,8.062258,5.0,3.0,4.242641,7.211103,9.433981,11.661904,13.038405,14.422205,16.401219,16.401219,16.401219,15.620499,13.453624,12.041595,8.602325,5.385165,4.0,3.162278,6.0,8.062258,7.615773,5.09902,5.830952,9.055385,13.038405,16.278821,20.615528,22.561028,23.537205,23.537205,22.36068,20.223748,18.11077,15.132746,12.041595,9.055385,6.082763,2.828427,3.605551,7.071068,10.630146,15.620499,20.518285,23.345235,26.248809,28.600699
20260626_151642,2026-06-26T15:16:52.395886+09:00,skeleton,RX2,6.082763,3.605551,2.0,3.605551,5.0,6.403124,7.81025,7.81025,8.602325,8.062258,8.944272,7.615773,7.28011,7.071068,6.0,4.472136,4.472136,6.082763,8.944272,12.806248,16.278821,19.849433,23.600847,24.698178,25.553865,25.059928,10.29563,15.264338,18.867962,21.633308,22.803509,23.430749,21.931712,20.615528,18.601075,16.124515,13.416408,9.848858,7.28011,4.123106,1.0,2.236068,5.09902,8.062258,11.045361,14.0,15.0,17.0,17.0,16.03122,14.0,12.041595
20260626_151642,2026-06-26T15:16:52.425752+09:00,skeleton,RX3,21.0,23.0,23.021729,22.022716,20.024984,18.11077,15.132746,13.152946,11.045361,9.0,7.071068,5.830952,6.403124,7.615773,9.486833,12.165525,15.297059,17.117243,20.099751,22.090722,23.194827,23.194827,22.203603,20.223748,18.248288,15.132746,13.038405,11.0,8.0,5.0,2.0,2.236068,5.830952,8.602325,11.401754,13.453624,14.142136,15.0,15.264338,15.652476,15.231546,14.866069,13.341664,13.341664,12.165525,11.401754,9.848858,9.433981,9.219544,11.7047,14.317821,17.029386
20260626_151642,2026-06-26T15:16:52.457734+09:00,skeleton,RX1,5.830952,10.0,13.601471,15.620499,17.029386,17.029386,16.278821,15.556349,14.866069,12.806248,10.630146,9.219544,7.071068,4.472136,3.0,2.828427,5.09902,8.062258,10.0,12.0,14.035669,14.142136,14.142136,13.152946,11.18034,9.055385,17.029386,19.0,20.099751,21.095023,19.104973,17.117243,13.152946,9.486833,5.385165,2.828427,2.828427,6.082763,9.219544,11.18034,13.152946,15.297059,16.492423,17.720045,18.681542,18.973666,18.027756,16.155494,14.317821,11.18034,6.708204,2.828427
20260626_151642,2026-06-26T15:16:52.485471+09:00,skeleton,RX2,13.601471,12.041595,9.219544,7.071068,4.472136,2.236068,3.162278,4.123106,5.385165,7.211103,9.219544,9.899495,11.401754,13.892444,16.155494,18.439089,20.223748,21.023796,23.021729,22.36068,21.84033,19.697716,17.204651,14.866069,13.0,12.041595,17.804494,15.556349,12.806248,10.29563,7.0,5.0,6.082763,8.544004,11.661904,14.142136,15.620499,17.492856,17.464249,18.027756,17.464249,17.117243,16.0,15.132746,12.649111,10.29563,8.485281,8.062258,9.219544,10.816654,12.727922,14.21267
20260626_151642,2026-06-26T15:16:52.515413+09:00,skeleton,RX3,22.847319,23.769729,23.769729,22.135944,19.924859,17.720045,15.524175,12.369317,10.440307,8.062258,7.071068,6.708204,7.28011,9.055385,11.0,13.0,16.03122,18.027756,20.024984,21.0,22.0,22.022716,21.023796,19.026298,17.029386,14.035669,12.806248,10.816654,8.602325,5.0,2.236068,2.828427,6.324555,8.246211,11.401754,13.601471,15.231546,15.652476,16.124515,15.811388,15.620499,15.556349,14.21267,13.453624,12.041595,11.313708,10.0,9.486833,11.045361,13.341664,15.811388,19.313208
20260626_151642,2026-06-26T15:16:52.545619+09:00,skeleton,RX1,26.870058,25.455844,21.213203,17.029386,12.727922,8.485281,4.242641,2.0,3.162278,6.0,8.062258,10.049876,12.041595,13.038405,15.0,14.0,14.0,13.038405,12.041595,10.049876,7.0,4.123106,2.236068,2.828427,5.830952,7.615773,6.403124,3.162278,4.242641,7.28011,12.165525,15.132746,18.11077,21.023796,22.022716,22.022716,21.0,19.026298,16.03122,14.035669,11.045361,9.219544,5.09902,2.0,2.236068,5.830952,10.816654,14.422205,20.0,22.803509,25.612497,27.658633
20260626_151642,2026-06-26T15:16:52.575975+09:00,skeleton,RX2,23.769729,21.587033,18.681542,15.524175,11.401754,8.062258,5.0,4.123106,2.828427,3.162278,3.162278,3.0,3.162278,2.236068,2.0,3.162278,4.472136,5.830952,7.81025,8.602325,9.219544,8.602325,7.81025,6.403124,3.605551,3.162278,21.470911,17.888544,13.416408,8.544004,5.385165,6.324555,12.041595,16.03122,19.026298,22.0,23.086793,23.345235,22.561028,21.18962,19.697716,18.35756,15.264338,13.038405,8.944272,6.082763,5.830952,8.944272,13.341664,18.248288,21.377558,24.33105
20260626_151642,2026-06-26T15:16:52.605983+09:00,skeleton,RX3,12.806248,11.18034,10.198039,10.049876,11.401754,12.083046,12.529964,13.892444,13.892444,14.764823,14.317821,14.317821,13.928388,14.56022,13.341664,13.341664,12.165525,10.198039,8.246211,5.385165,4.242641,3.0,4.242641,6.403124,8.062258,9.433981,13.152946,15.524175,17.720045,19.313208,20.124612,19.235384,18.027756,16.401219,14.21267,12.041595,10.630146,7.81025,5.830952,4.123106,4.123106,5.830952,7.81025,9.219544,12.041595,14.21267,16.401219,18.027756,19.416488,19.416488,18.601075,17.804494
20260626_151642,2026-06-26T15:16:52.635279+09:00,skeleton,RX1,25.553865,24.186773,20.124612,16.124515,12.083046,7.615773,3.605551,1.0,3.0,6.0,8.062258,10.0,12.0,13.038405,14.035669,14.035669,15.132746,13.038405,12.0,10.0,7.071068,5.385165,3.605551,4.472136,5.656854,7.81025,5.09902,2.236068,4.242641,8.602325,13.038405,16.552945,19.697716,21.540659,22.847319,22.847319,21.931712,20.615528,17.888544,15.652476,12.529964,8.944272,5.830952,2.236068,2.236068,6.403124,10.630146,15.620499,19.209373,23.600847,26.627054,27.45906
20260626_151642,2026-06-26T15:16:52.665465+09:00,skeleton,RX2,27.802878,26.400758,24.207437,22.022716,17.804494,15.0,11.401754,9.433981,6.708204,4.123106,3.0,2.236068,2.236068,3.0,4.123106,4.472136,5.830952,6.403124,7.071068,7.071068,6.403124,6.403124,5.0,3.162278,2.236068,3.0,18.384776,14.866069,10.0,7.28011,5.830952,9.433981,13.928388,17.088007,19.697716,21.023796,21.954498,23.021729,22.022716,20.518285,18.439089,17.204651,15.0,12.206556,9.219544,5.830952,6.082763,8.602325,13.453624,18.601075,22.203603,25.0
20260626_151642,2026-06-26T15:16:52.696608+09:00,skeleton,RX3,13.0,11.18034,11.18034,11.401754,12.041595,13.038405,13.892444,15.264338,15.811388,15.811388,16.401219,16.278821,16.278821,16.278821,16.278821,14.866069,13.453624,12.727922,10.630146,8.062258,7.28011,6.082763,7.211103,9.219544,10.816654,11.661904,11.661904,13.601471,15.620499,17.691806,18.439089,17.804494,16.643317,16.124515,13.416408,11.7047,9.848858,7.615773,5.0,4.242641,4.123106,5.0,7.0,9.055385,12.041595,14.0,16.03122,17.117243,18.248288,19.235384,18.248288,17.262677
20260626_151642,2026-06-26T15:16:52.725236+09:00,skeleton,RX1,7.0,11.0,14.0,16.0,17.029386,17.029386,17.117243,16.124515,15.132746,13.152946,11.18034,8.246211,6.082763,4.123106,2.0,2.236068,4.242641,7.81025,10.0,12.206556,13.601471,13.601471,13.601471,13.038405,11.661904,9.433981,17.492856,19.416488,20.0,20.0,19.209373,16.278821,13.453624,8.485281,4.242641,1.0,3.605551,7.211103,10.0,12.206556,13.601471,15.264338,16.643317,17.888544,17.888544,17.888544,17.088007,16.155494,13.601471,9.848858,6.324555,1.414214
20260626_151642,2026-06-26T15:16:52.755439+09:00,skeleton,RX2,10.630146,8.944272,8.246211,8.0,8.246211,8.544004,8.062258,8.602325,7.81025,8.602325,7.81025,7.81025,7.211103,7.211103,6.708204,5.830952,5.09902,3.0,2.236068,3.0,4.472136,5.830952,7.81025,9.219544,8.602325,9.433981,13.928388,16.155494,18.788294,19.235384,19.723083,18.867962,17.204651,15.0,12.806248,10.816654,7.615773,7.071068,7.071068,7.615773,9.433981,11.661904,13.601471,16.124515,17.492856,19.235384,20.124612,21.023796,20.615528,19.697716,17.464249,15.264338
20260626_151642,2026-06-26T15:16:52.785405+09:00,skeleton,RX3,13.038405,11.313708,10.29563,11.18034,12.0,13.152946,14.317821,15.297059,16.278821,17.262677,17.117243,17.029386,17.0,16.0,16.0,15.0,14.0,12.0,9.055385,7.615773,5.656854,6.082763,8.062258,9.848858,12.529964,13.892444,13.416408,16.124515,18.867962,20.0,20.615528,19.104973,18.384776,17.029386,14.21267,11.661904,9.433981,6.708204,3.605551,2.236068,3.162278,4.472136,7.211103,9.433981,10.816654,13.892444,15.652476,17.464249,18.973666,18.973666,18.681542,17.088007
20260626_151642,2026-06-26T15:16:52.815214+09:00,skeleton,RX1,25.0,23.430749,19.104973,15.620499,11.313708,7.071068,2.236068,1.0,4.472136,7.28011,8.944272,10.77033,12.649111,13.341664,14.317821,14.317821,14.142136,12.369317,11.401754,8.246211,6.324555,2.828427,2.236068,5.0,6.708204,8.544004,5.830952,4.123106,5.385165,10.049876,14.035669,18.11077,21.213203,23.345235,24.33105,24.33105,23.537205,21.377558,18.11077,15.132746,12.041595,9.055385,6.082763,2.236068,1.414214,5.385165,10.77033,15.652476,18.788294,22.36068,25.553865,26.925824
20260626_151642,2026-06-26T15:16:52.849006+09:00,skeleton,RX2,27.294688,27.166155,25.179357,21.095023,17.117243,14.142136,9.055385,5.09902,2.236068,1.0,3.0,6.0,8.062258,10.049876,12.041595,13.038405,14.0,14.0,13.038405,11.18034,9.486833,6.403124,4.472136,4.472136,7.81025,11.18034,24.0,21.023796,16.03122,11.0,4.123106,2.828427,8.602325,14.422205,18.027756,20.615528,23.430749,23.345235,22.671568,22.803509,21.633308,19.723083,17.888544,15.652476,11.18034,7.211103,3.162278,4.472136,10.198039,15.297059,21.213203,24.186773
20260626_151642,2026-06-26T15:16:52.875577+09:00,skeleton,RX3,11.401754,10.29563,9.219544,9.055385,9.486833,11.18034,11.661904,12.529964,12.529964,13.416408,13.416408,13.0,13.928388,13.601471,13.341664,12.369317,11.401754,9.486833,8.544004,6.403124,5.0,5.0,6.708204,8.602325,9.899495,11.313708,14.317821,16.492423,19.646883,21.18962,21.540659,21.023796,20.124612,17.492856,14.422205,12.806248,9.219544,7.81025,5.0,4.123106,3.162278,4.242641,6.403124,7.81025,9.899495,12.727922,14.866069,15.620499,17.029386,17.029386,17.204651,15.620499
20260626_151642,2026-06-26T15:16:52.910647+09:00,skeleton,RX1,26.832816,25.059928,21.470911,17.0,12.529964,8.944272,5.09902,2.828427,4.0,6.324555,8.544004,10.440307,12.649111,13.601471,14.56022,14.56022,14.317821,13.341664,12.369317,9.486833,7.615773,4.472136,2.236068,2.828427,5.385165,6.324555,7.071068,4.123106,3.605551,7.071068,12.0,16.124515,19.235384,21.377558,22.36068,23.345235,22.36068,20.223748,18.11077,16.03122,13.0,9.0,6.0,3.0,1.0,5.09902,9.219544,14.56022,18.027756,22.472205,25.079872,27.313001
20260626_151642,2026-06-26T15:16:52.936490+09:00,skeleton,RX2,25.612497,24.207437,21.400935,16.401219,12.806248,7.81025,3.605551,1.414214,3.0,5.09902,7.28011,9.486833,10.77033,11.18034,11.661904,12.206556,12.806248,12.727922,12.206556,10.77033,9.219544,9.055385,7.615773,8.485281,8.944272,10.049876,21.260292,17.691806,13.453624,7.81025,3.0,5.0,10.440307,15.297059,18.439089,21.213203,22.090722,23.0,22.090722,21.213203,19.646883,17.088007,14.317821,11.18034,8.062258,2.828427,2.236068,7.81025,13.453624,18.384776,23.345235,25.495098
20260626_151642,2026-06-26T15:16:52.965776+09:00,skeleton,RX3,10.77033,8.062258,6.324555,7.071068,8.062258,9.486833,11.401754,12.369317,12.369317,13.601471,13.928388,13.928388,14.317821,13.416408,13.416408,12.529964,11.661904,10.29563,8.544004,6.082763,3.162278,4.123106,6.082763,8.544004,9.848858,11.661904,15.524175,18.973666,21.18962,22.472205,22.847319,21.931712,20.124612,18.35756,15.264338,12.206556,10.0,7.211103,4.472136,3.0,2.828427,4.472136,6.324555,8.544004,10.77033,13.416408,15.652476,17.0,17.492856,18.35756,17.492856,16.124515
20260626_151642,2026-06-26T15:16:52.995297+09:00,skeleton,RX1,25.632011,24.041631,21.84033,16.763055,12.369317,8.246211,4.123106,1.0,2.236068,5.385165,7.615773,9.848858,10.77033,13.0,13.416408,13.416408,14.764823,13.416408,11.18034,9.848858,7.615773,5.09902,3.605551,4.0,5.09902,7.615773,6.324555,3.605551,4.472136,8.602325,12.083046,15.811388,18.973666,20.880613,22.135944,22.135944,21.18962,19.313208,17.088007,15.231546,12.083046,8.944272,6.324555,3.162278,1.0,5.830952,9.433981,13.892444,17.492856,21.470911,24.596748,26.400758
20260626_151642,2026-06-26T15:16:53.025366+09:00,skeleton,RX2,3.605551,5.385165,7.81025,9.219544,10.630146,11.313708,11.313708,10.630146,9.219544,7.81025,5.830952,4.472136,3.0,2.236068,2.0,3.605551,5.656854,7.211103,8.062258,9.219544,10.049876,11.045361,11.401754,11.7047,11.661904,12.041595,11.401754,15.0,18.601075,20.808652,22.203603,21.633308,21.633308,18.867962,16.124515,12.529964,8.944272,5.385165,2.0,2.236068,5.0,8.062258,11.18034,13.928388,16.155494,18.027756,18.973666,18.973666,18.681542,16.763055,13.341664,9.055385
20260626_151642,2026-06-26T15:16:53.055291+09:00,skeleton,RX3,19.235384,19.235384,20.223748,17.262677,16.492423,14.317821,12.369317,9.219544,7.28011,5.09902,4.123106,4.242641,5.385165,7.071068,9.055385,11.045361,14.035669,17.029386,18.027756,20.024984,21.023796,21.023796,20.024984,19.026298,17.117243,15.132746,12.083046,10.29563,7.615773,4.472136,2.0,3.162278,5.830952,8.062258,9.848858,10.77033,11.401754,12.165525,12.041595,12.0,12.041595,11.18034,11.18034,9.486833,9.219544,8.062258,6.0,5.830952,6.403124,8.944272,12.369317,15.297059
20260626_151642,2026-06-26T15:16:53.085625+09:00,skeleton,RX1,27.018512,25.079872,22.090722,17.117243,13.038405,9.0,4.123106,3.162278,5.09902,8.062258,9.433981,13.038405,14.764823,16.124515,17.0,17.464249,18.384776,16.552945,14.764823,13.038405,10.0,7.81025,6.082763,5.830952,7.071068,8.602325,7.211103,4.472136,5.09902,8.485281,12.206556,16.124515,19.235384,21.023796,22.825424,22.825424,21.095023,19.723083,18.027756,15.0,12.041595,9.899495,6.403124,2.828427,1.0,5.385165,9.486833,13.601471,18.439089,22.36068,25.179357,27.018512
20260626_151642,2026-06-26T15:16:53.115216+09:00,skeleton,RX2,23.0,21.0,17.0,13.038405,8.0,4.0,1.0,3.605551,5.830952,7.211103,8.602325,9.899495,10.816654,11.18034,11.401754,13.038405,13.601471,15.811388,17.691806,18.35756,19.924859,19.235384,18.027756,16.763055,15.264338,12.806248,22.022716,19.209373,15.556349,10.816654,6.082763,5.656854,10.049876,14.035669,17.262677,20.880613,21.540659,22.847319,22.825424,21.954498,20.808652,19.209373,17.691806,14.866069,11.661904,9.219544,7.615773,10.29563,13.601471,18.11077,22.022716,24.0
20260626_151642,2026-06-26T15:16:53.145641+09:00,skeleton,RX3,22.472205,23.4094,23.086793,21.84033,19.646883,17.464249,14.317821,11.401754,8.544004,6.708204,5.0,5.385165,7.0,9.219544,11.401754,13.601471,16.763055,19.924859,21.84033,22.803509,23.769729,23.769729,23.537205,21.587033,19.416488,16.278821,12.529964,9.848858,7.615773,5.385165,2.828427,2.828427,5.385165,7.28011,9.486833,11.18034,11.661904,12.206556,12.041595,12.041595,12.206556,11.661904,10.816654,10.29563,9.433981,8.602325,7.81025,7.615773,9.0,12.165525,15.524175,18.027756
20260626_151642,2026-06-26T15:16:53.177122+09:00,skeleton,RX1,24.698178,22.825424,20.124612,15.652476,12.083046,7.211103,3.605551,2.236068,4.472136,7.28011,9.219544,11.401754,13.341664,14.56022,14.866069,15.811388,16.155494,15.811388,13.928388,11.401754,9.219544,6.0,4.472136,4.0,5.385165,8.062258,7.211103,4.472136,4.472136,8.602325,12.083046,15.811388,18.973666,20.880613,21.84033,21.84033,20.615528,18.973666,16.763055,13.928388,11.18034,7.615773,5.385165,1.414214,2.236068,6.403124,10.630146,14.142136,17.691806,22.022716,25.0,25.806976
20260626_151642,2026-06-26T15:16:53.205410+09:00,skeleton,RX2,5.830952,6.324555,8.0,10.049876,11.045361,10.0,9.0,8.062258,6.082763,4.472136,2.828427,2.236068,3.605551,5.385165,7.071068,8.0,9.486833,9.433981,9.899495,10.29563,10.049876,11.18034,12.529964,13.453624,15.0,15.231546,13.601471,17.464249,21.587033,23.537205,24.33105,24.33105,24.186773,21.023796,19.0,16.124515,13.152946,9.486833,6.403124,4.472136,5.385165,7.81025,10.816654,13.416408,16.552945,19.697716,20.615528,21.931712,20.615528,18.384776,16.155494,11.401754
20260626_151642,2026-06-26T15:16:53.235306+09:00,skeleton,RX3,22.36068,22.203603,22.203603,20.099751,18.11077,16.03122,13.038405,10.049876,8.246211,5.830952,5.0,6.324555,8.062258,10.0,13.038405,15.033296,18.027756,20.024984,22.0,24.0,24.0,24.020824,23.021729,21.095023,18.11077,15.132746,13.038405,10.29563,8.062258,5.830952,2.828427,2.828427,4.472136,7.28011,9.486833,9.848858,11.661904,12.206556,12.041595,12.041595,11.401754,10.816654,10.816654,10.29563,9.433981,8.602325,8.485281,8.944272,10.198039,13.038405,16.03122,18.11077
20260626_151642,2026-06-26T15:16:53.281763+09:00,skeleton,RX1,5.09902,10.440307,13.341664,15.524175,17.464249,17.464249,17.262677,16.124515,15.132746,13.038405,11.045361,10.049876,8.062258,6.324555,4.242641,3.162278,5.09902,6.708204,8.602325,10.0,12.041595,13.453624,13.453624,12.041595,10.630146,8.485281,18.027756,19.646883,20.880613,21.587033,20.615528,17.464249,15.297059,11.18034,7.071068,3.0,2.236068,5.0,8.062258,10.29563,13.038405,15.264338,15.811388,17.804494,18.439089,19.104973,18.384776,17.691806,14.866069,12.041595,7.81025,3.605551
20260626_151642,2026-06-26T15:16:53.296087+09:00,skeleton,RX2,5.830952,8.544004,10.440307,11.401754,11.18034,12.0,11.045361,11.401754,10.77033,11.18034,11.661904,12.206556,12.806248,12.041595,12.041595,10.816654,9.848858,8.0,8.062258,10.0,13.0,16.492423,19.235384,21.213203,23.194827,23.086793,12.206556,15.811388,18.439089,20.518285,21.400935,20.248457,19.235384,16.155494,14.317821,10.0,7.071068,4.242641,3.0,5.0,7.615773,10.198039,12.041595,14.035669,15.132746,16.278821,16.278821,15.524175,12.649111,10.440307,6.324555,2.0
20260626_151642,2026-06-26T15:16:53.325283+09:00,skeleton,RX3,22.803509,23.769729,22.561028,22.36068,20.223748,18.11077,15.033296,13.038405,11.045361,9.219544,7.615773,6.403124,7.211103,8.944272,11.401754,13.341664,16.492423,18.439089,21.377558,23.345235,24.515301,24.515301,24.515301,23.537205,20.615528,18.681542,12.041595,9.899495,7.81025,5.0,2.236068,2.236068,4.0,7.0,9.055385,11.18034,11.401754,13.0,13.416408,13.038405,12.806248,12.727922,12.041595,12.041595,10.630146,9.899495,8.602325,8.544004,10.198039,13.038405,15.297059,18.439089
20260626_151642,2026-06-26T15:16:53.355290+09:00,skeleton,RX1,6.403124,10.0,13.453624,16.278821,16.970563,17.691806,17.691806,16.278821,15.620499,13.601471,11.401754,10.0,7.81025,5.656854,3.605551,2.236068,4.472136,6.324555,9.055385,11.045361,12.041595,14.035669,14.035669,13.0,11.0,9.055385,18.027756,20.0,22.022716,21.023796,21.095023,18.248288,14.317821,10.198039,6.324555,2.236068,2.236068,6.082763,9.055385,11.045361,13.038405,15.132746,17.262677,18.439089,18.439089,18.973666,18.027756,17.088007,15.231546,12.083046,7.615773,3.162278
20260626_151642,2026-06-26T15:16:53.386387+09:00,skeleton,RX2,20.880613,18.973666,14.317821,9.433981,5.656854,2.0,3.0,5.385165,7.211103,8.602325,10.0,10.29563,11.7047,13.341664,15.0,16.278821,18.384776,18.867962,20.518285,20.0,20.124612,18.681542,17.029386,15.297059,12.529964,11.661904,24.758837,21.931712,18.601075,14.317821,11.045361,9.486833,10.0,11.18034,14.035669,16.492423,18.027756,18.788294,18.867962,19.416488,18.439089,18.384776,17.029386,14.422205,12.083046,10.049876,9.848858,10.630146,14.317821,18.681542,21.587033,22.561028
20260626_151642,2026-06-26T15:16:53.416853+09:00,skeleton,RX3,11.401754,8.944272,7.81025,7.615773,9.055385,11.0,12.0,13.0,14.0,14.0,14.035669,15.132746,15.132746,15.297059,15.297059,14.317821,13.341664,11.401754,9.219544,7.0,5.385165,4.472136,5.09902,7.615773,9.433981,10.816654,13.892444,17.0,19.235384,20.615528,21.540659,20.248457,18.973666,17.464249,14.317821,12.165525,9.219544,6.324555,3.605551,3.605551,4.0,5.09902,7.28011,9.486833,12.369317,14.317821,16.278821,18.11077,18.027756,18.027756,17.029386,16.124515
20260626_151642,2026-06-26T15:16:53.445168+09:00,skeleton,RX1,3.162278,8.062258,11.045361,14.035669,16.03122,17.029386,17.0,16.0,15.0,13.0,12.0,10.0,8.0,6.0,4.123106,1.414214,2.828427,5.385165,8.246211,10.198039,12.165525,14.142136,14.035669,13.0,12.0,11.0,17.262677,19.104973,20.024984,21.0,19.0,17.0,13.038405,9.0,6.0,1.414214,2.236068,6.324555,9.219544,11.401754,14.317821,15.297059,17.464249,18.248288,20.223748,20.099751,20.024984,19.026298,17.0,14.0,11.0,6.082763
20260626_151642,2026-06-26T15:16:53.475681+09:00,skeleton,RX2,17.804494,17.804494,17.204651,15.264338,12.529964,10.29563,7.28011,5.0,3.605551,4.123106,6.082763,8.544004,12.083046,13.892444,17.492856,19.416488,21.633308,23.600847,23.430749,22.671568,21.213203,18.439089,15.0,11.18034,7.071068,5.0,12.041595,11.661904,10.29563,8.246211,7.071068,6.708204,5.656854,5.385165,6.0,6.324555,6.403124,6.403124,7.615773,7.28011,8.062258,8.0,8.062258,7.28011,7.211103,7.071068,6.708204,8.0,9.219544,12.083046,14.422205,15.811388
20260626_151642,2026-06-26T15:16:53.505369+09:00,skeleton,RX3,21.587033,22.561028,22.803509,20.880613,20.248457,17.464249,15.231546,13.0,10.77033,8.544004,7.071068,7.071068,7.615773,8.602325,10.630146,13.453624,16.278821,19.209373,21.400935,22.803509,24.207437,24.839485,23.430749,22.022716,20.518285,17.691806,12.806248,11.401754,9.433981,6.403124,3.605551,2.236068,4.472136,7.615773,8.944272,10.816654,12.206556,13.453624,13.453624,13.601471,13.892444,13.416408,13.0,12.649111,11.7047,11.18034,10.816654,10.630146,11.401754,13.416408,15.811388,18.439089
20260626_151642,2026-06-26T15:16:53.541526+09:00,skeleton,RX1,28.653098,25.553865,21.633308,16.124515,11.18034,7.28011,4.123106,4.472136,7.071068,10.0,12.0,14.0,15.033296,16.03122,17.029386,17.117243,16.278821,15.132746,12.165525,10.049876,7.0,4.123106,3.0,5.385165,7.211103,8.602325,7.0,5.0,5.0,9.486833,13.892444,18.027756,20.808652,23.021729,24.413111,24.698178,23.323808,21.095023,19.235384,15.231546,13.0,8.544004,5.830952,2.236068,3.162278,7.28011,12.369317,16.763055,21.84033,25.632011,27.313001,29.546573
20260626_151642,2026-06-26T15:16:53.565491+09:00,skeleton,RX2,3.0,6.708204,10.29563,13.892444,16.124515,17.0,17.888544,17.464249,16.155494,15.811388,14.56022,12.165525,11.045361,9.055385,8.246211,6.403124,6.324555,6.082763,8.602325,10.630146,12.529964,14.866069,15.297059,16.03122,16.03122,15.297059,10.29563,13.601471,15.620499,17.691806,19.104973,19.209373,17.204651,16.124515,14.317821,12.369317,10.049876,7.071068,5.830952,5.385165,6.0,7.615773,9.433981,12.041595,14.21267,16.401219,17.204651,18.027756,16.643317,15.264338,12.529964,8.062258
20260626_151642,2026-06-26T15:16:53.595471+09:00,skeleton,RX3,13.601471,10.630146,9.848858,10.0,11.18034,12.649111,14.866069,14.866069,16.763055,16.492423,17.262677,17.117243,17.117243,17.029386,17.0,16.0,15.0,14.0,12.041595,9.219544,7.211103,6.403124,7.071068,9.055385,10.440307,12.083046,11.18034,14.317821,17.0,18.867962,20.0,19.209373,19.104973,16.970563,14.866069,12.206556,10.0,7.81025,5.0,4.123106,4.123106,5.830952,8.062258,10.816654,13.038405,15.264338,17.0,19.697716,20.615528,20.615528,20.248457,18.384776
20260626_151642,2026-06-26T15:16:53.625774+09:00,skeleton,RX1,5.656854,10.0,12.206556,15.0,16.401219,17.029386,16.278821,15.556349,14.866069,12.806248,10.630146,9.219544,7.071068,5.0,3.0,3.605551,5.830952,7.615773,10.440307,12.369317,14.56022,15.297059,15.297059,14.317821,13.341664,11.401754,17.029386,19.849433,20.518285,20.518285,19.79899,17.691806,14.142136,11.313708,7.211103,3.162278,2.236068,4.123106,7.28011,9.486833,12.369317,14.317821,15.132746,17.117243,17.117243,18.027756,18.0,17.029386,14.142136,12.041595,8.062258,4.0
20260626_151642,2026-06-26T15:16:53.656766+09:00,skeleton,RX2,23.4094,23.4094,21.540659,19.313208,16.155494,12.083046,9.433981,5.656854,4.123106,4.242641,6.708204,8.944272,11.7047,14.56022,17.464249,18.681542,20.396078,21.377558,21.213203,20.099751,18.027756,15.0,12.165525,8.544004,5.0,4.123106,10.29563,10.0,9.219544,8.062258,7.071068,7.071068,6.708204,7.071068,6.708204,7.071068,7.071068,7.28011,7.211103,7.071068,7.211103,6.708204,6.324555,5.09902,4.123106,2.828427,3.162278,5.656854,9.433981,13.416408,17.464249,20.248457
20260626_151642,2026-06-26T15:16:53.686004+09:00,skeleton,RX3,13.341664,10.77033,10.0,10.630146,11.18034,11.7047,12.649111,12.649111,13.601471,13.928388,13.928388,13.0,13.416408,12.529964,12.529964,11.661904,10.29563,8.944272,7.28011,6.0,5.09902,5.0,6.708204,8.246211,10.198039,11.045361,14.422205,17.204651,20.248457,22.472205,22.825424,22.36068,21.023796,18.973666,15.524175,13.341664,10.198039,8.246211,5.385165,3.605551,3.162278,5.0,6.082763,8.062258,10.198039,12.041595,15.033296,16.0,17.029386,18.027756,18.027756,17.0
20260626_151642,2026-06-26T15:16:53.715227+09:00,skeleton,RX1,10.29563,13.038405,16.401219,17.804494,17.804494,18.439089,17.029386,15.556349,12.727922,10.630146,9.219544,5.830952,4.472136,2.0,1.414214,4.242641,7.071068,9.899495,12.041595,13.453624,14.142136,14.866069,14.866069,12.727922,10.630146,8.485281,17.029386,19.104973,19.104973,18.439089,16.401219,14.422205,10.29563,6.324555,2.0,3.605551,6.403124,10.0,13.038405,15.264338,16.643317,17.492856,18.867962,19.416488,19.416488,18.601075,17.804494,15.620499,12.041595,8.485281,4.472136,1.0
20260626_151642,2026-06-26T15:16:53.746772+09:00,skeleton,RX2,3.162278,6.708204,10.440307,14.317821,16.492423,17.720045,18.027756,17.088007,16.155494,14.317821,13.038405,10.630146,8.485281,6.324555,5.0,5.0,6.324555,9.055385,11.401754,13.416408,15.0,15.556349,16.401219,15.652476,14.866069,13.152946,7.071068,8.944272,11.661904,13.601471,15.556349,16.278821,16.401219,15.811388,13.892444,13.0,10.440307,9.0,7.28011,7.211103,7.211103,9.219544,10.0,12.165525,15.297059,16.763055,18.973666,19.313208,18.384776,17.464249,14.317821,10.29563
20260626_151642,2026-06-26T15:16:53.775415+09:00,skeleton,RX3,20.615528,21.260292,22.022716,20.615528,18.601075,17.204651,15.811388,13.038405,10.816654,8.602325,6.403124,6.708204,6.082763,8.0,9.219544,11.7047,14.866069,16.155494,19.313208,20.615528,21.540659,22.847319,22.472205,21.18962,18.973666,15.811388,15.0,13.453624,10.630146,7.81025,4.472136,3.162278,6.324555,9.219544,11.18034,12.0,14.035669,13.341664,14.56022,14.317821,14.764823,13.038405,13.601471,12.806248,11.401754,10.29563,9.486833,9.055385,10.440307,13.416408,15.811388
20260626_151642,2026-06-26T15:16:53.805549+09:00,skeleton,RX1,25.495098,23.706539,20.124612,16.124515,12.529964,8.544004,5.09902,3.605551,5.09902,7.071068,9.055385,12.0,13.0,14.035669,15.132746,15.297059,15.297059,14.317821,12.369317,9.219544,7.071068,4.0,2.828427,3.162278,5.830952,7.211103,6.082763,3.605551,4.0,7.211103,11.313708,14.21267,17.691806,19.849433,21.260292,21.260292,20.518285,19.104973,17.691806,15.620499,12.806248,10.0,7.071068,4.472136,3.162278,5.385165,9.486833,14.317821,17.720045,20.880613,24.351591,25.632011
20260626_151642,2026-06-26T15:16:53.835523+09:00,skeleton,RX2,4.123106,7.81025,11.401754,15.264338,17.492856,18.35756,19.235384,18.35756,18.867962,16.643317,15.620499,13.453624,12.041595,10.29563,8.246211,7.071068,7.211103,9.433981,11.18034,14.0,16.492423,18.027756,19.235384,19.416488,19.849433,18.439089,9.219544,11.045361,11.045361,11.401754,11.18034,10.816654,10.0,8.944272,8.062258,8.246211,7.615773,6.403124,5.830952,6.324555,6.082763,6.708204,8.485281,10.816654,13.0,14.56022,16.278821,17.117243,16.03122,15.0,12.0,9.219544
20260626_151642,2026-06-26T15:16:53.867278+09:00,skeleton,RX3,21.931712,22.671568,21.931712,21.260292,19.209373,17.029386,14.21267,12.041595,9.899495,7.81025,5.830952,6.082763,6.082763,8.246211,9.848858,12.083046,14.317821,17.0,18.788294,20.124612,21.931712,22.472205,21.540659,19.924859,17.720045,14.56022,16.401219,14.21267,11.313708,7.81025,5.0,2.0,4.0,7.071068,10.049876,12.0,14.035669,14.142136,14.56022,14.866069,14.317821,14.764823,14.422205,13.601471,12.806248,11.661904,10.29563,10.198039,10.049876,11.7047,13.892444,17.204651
20260626_151642,2026-06-26T15:16:53.896756+09:00,skeleton,RX1,24.083189,22.627417,19.104973,14.142136,9.899495,5.656854,2.236068,3.0,5.385165,8.544004,10.440307,11.7047,13.341664,14.317821,15.297059,14.142136,14.142136,13.152946,10.198039,8.246211,5.385165,2.236068,2.236068,4.472136,6.708204,8.246211,3.605551,3.605551,6.708204,11.401754,15.132746,18.027756,21.023796,23.021729,23.0,23.021729,21.0,20.0,17.029386,14.035669,11.045361,9.055385,5.0,1.414214,2.828427,6.403124,10.816654,15.0,18.601075,22.803509,24.839485,26.248809
20260626_151642,2026-06-26T15:16:53.925521+09:00,skeleton,RX2,3.162278,8.602325,12.206556,15.811388,18.601075,19.416488,20.0,19.416488,18.601075,17.204651,15.811388,13.892444,11.18034,9.486833,7.0,5.385165,6.708204,8.0,10.77033,14.764823,16.401219,18.384776,19.849433,20.0,18.867962,17.888544,7.81025,9.219544,10.29563,10.77033,11.18034,10.049876,9.055385,7.615773,7.211103,6.708204,6.082763,7.071068,6.708204,7.071068,8.062258,8.246211,10.049876,11.045361,12.369317,13.928388,14.764823,15.264338,15.0,12.806248,9.899495,5.656854
20260626_151642,2026-06-26T15:16:53.955289+09:00,skeleton,RX3,20.808652,21.633308,21.633308,21.095023,19.723083,17.0,14.317821,12.083046,9.848858,7.211103,5.656854,4.472136,5.0,6.324555,8.544004,11.18034,13.892444,16.643317,18.867962,21.095023,22.472205,23.323808,22.472205,21.633308,18.867962,16.643317,13.601471,11.661904,8.944272,5.830952,2.236068,4.0,6.0,8.062258,10.198039,11.7047,13.0,13.892444,13.601471,13.453624,13.453624,13.601471,13.038405,12.206556,10.0,9.219544,8.062258,8.062258,10.440307,13.416408,16.643317
20260626_151642,2026-06-26T15:16:53.987482+09:00,skeleton,RX1,25.0,22.803509,18.601075,15.0,9.899495,5.830952,4.0,3.605551,7.615773,10.440307,11.7047,13.928388,14.866069,15.231546,16.552945,16.124515,14.764823,13.038405,10.816654,8.062258,5.0,1.0,3.605551,6.403124,8.602325,10.0,5.385165,4.472136,6.324555,10.0,13.038405,17.117243,20.223748,22.36068,22.203603,22.203603,21.095023,19.104973,16.03122,14.0,11.0,8.0,5.0,2.236068,3.605551,7.81025,12.206556,15.620499,20.518285,24.041631,26.172505,27.658633
20260626_151642,2026-06-26T15:16:54.015664+09:00,skeleton,RX2,24.758837,24.041631,21.931712,18.439089,15.0,10.0,6.403124,2.828427,2.0,5.09902,8.246211,11.18034,13.152946,16.03122,18.0,19.026298,20.223748,20.880613,20.615528,18.35756,16.401219,13.453624,10.29563,7.0,5.830952,5.09902,12.206556,12.529964,11.7047,11.045361,11.18034,11.7047,11.661904,12.041595,12.041595,12.206556,11.18034,10.440307,10.198039,10.0,9.055385,9.486833,8.944272,7.81025,7.211103,7.28011,8.062258,10.29563,12.806248,16.970563,20.518285,23.345235
20260626_151642,2026-06-26T15:16:54.045837+09:00,skeleton,RX3,20.248457,21.633308,22.472205,21.095023,19.416488,17.0,14.764823,12.529964,10.29563,8.062258,5.830952,4.242641,3.0,4.123106,6.403124,8.485281,12.041595,14.21267,17.029386,18.439089,19.849433,20.518285,20.518285,19.104973,18.384776,15.556349,16.0,13.038405,11.045361,7.071068,3.0,1.414214,5.830952,9.433981,12.529964,14.422205,15.811388,16.278821,16.970563,16.401219,15.811388,16.643317,15.652476,15.652476,14.764823,13.416408,10.816654,10.630146,9.486833,11.0,12.369317,16.552945
20260626_151642,2026-06-26T15:16:54.075748+09:00,skeleton,RX1,6.324555,10.29563,13.416408,15.652476,16.552945,17.464249,17.088007,15.811388,14.56022,13.341664,11.18034,8.062258,6.082763,4.123106,1.414214,2.236068,4.472136,7.615773,9.848858,13.0,13.928388,14.866069,15.231546,13.928388,12.083046,9.848858,15.033296,17.262677,18.439089,18.439089,16.492423,14.56022,11.401754,8.544004,4.472136,2.0,3.605551,6.082763,9.055385,11.18034,13.152946,15.297059,16.492423,16.763055,17.720045,18.027756,17.464249,16.552945,14.317821,11.18034,7.615773,3.0
20260626_151642,2026-06-26T15:16:54.105498+09:00,skeleton,RX2,2.828427,5.09902,9.433981,13.038405,16.643317,18.027756,18.867962,19.723083,18.867962,18.35756,17.0,15.652476,13.0,11.401754,8.062258,6.324555,5.0,6.082763,8.944272,13.453624,17.029386,19.416488,20.59126,21.023796,21.18962,19.416488,7.615773,9.219544,10.0,10.198039,10.77033,11.661904,10.630146,11.401754,10.29563,9.486833,9.055385,9.0,8.246211,6.708204,5.656854,5.385165,6.0,7.28011,9.433981,11.401754,13.453624,14.21267,15.0,14.422205,12.206556,8.944272
20260626_151642,2026-06-26T15:16:54.136387+09:00,skeleton,RX3,20.0,21.023796,20.024984,20.099751,18.11077,16.124515,13.152946,11.18034,9.055385,7.0,6.082763,5.0,5.656854,6.708204,9.486833,10.440307,13.601471,15.524175,17.720045,19.924859,21.18962,21.18962,21.18962,19.313208,17.464249,15.231546,13.928388,11.7047,9.848858,6.708204,3.605551,3.162278,5.656854,8.602325,10.816654,12.806248,13.453624,14.866069,15.0,14.422205,14.317821,13.928388,13.601471,13.601471,12.369317,11.401754,9.848858,10.0,10.0,11.7047,14.142136,17.117243
20260626_151642,2026-06-26T15:16:54.168410+09:00,skeleton,RX1,25.179357,22.36068,20.396078,16.492423,12.165525,8.062258,5.09902,3.605551,5.0,7.071068,9.219544,10.440307,12.369317,14.317821,14.317821,15.132746,14.142136,14.317821,13.152946,11.18034,8.246211,5.830952,4.472136,5.09902,5.830952,7.071068,7.615773,4.242641,4.123106,7.071068,10.816654,15.264338,17.888544,19.235384,20.59126,19.723083,19.723083,18.867962,16.401219,14.21267,11.313708,8.485281,5.656854,2.236068,1.0,5.09902,9.055385,13.152946,17.117243,21.0,23.021729,26.019224
20260626_151642,2026-06-26T15:16:54.195699+09:00,skeleton,RX2,4.0,7.615773,11.401754,14.21267,17.029386,18.601075,19.209373,18.601075,18.027756,16.643317,16.124515,14.317821,12.083046,9.486833,7.28011,4.0,2.236068,4.242641,8.944272,12.369317,15.297059,18.027756,20.0,21.095023,21.377558,18.973666,11.045361,12.0,12.0,12.041595,11.045361,9.219544,8.062258,6.403124,5.385165,7.0,7.28011,8.944272,9.433981,10.0,10.630146,11.313708,12.206556,12.529964,13.416408,13.601471,14.56022,15.297059,14.142136,13.038405,11.0,8.062258
20260626_151642,2026-06-26T15:16:54.225782+09:00,skeleton,RX3,20.0,22.022716,21.0,21.0,19.0,17.029386,15.033296,13.0,11.0,9.055385,8.544004,8.062258,7.81025,9.219544,11.661904,13.416408,15.652476,17.464249,19.697716,21.023796,22.847319,23.259407,22.847319,21.023796,18.788294,16.552945,13.601471,11.661904,8.944272,5.830952,2.236068,2.236068,6.082763,9.219544,11.401754,13.601471,14.317821,15.264338,15.0,14.866069,14.866069,15.0,13.892444,13.892444,12.529964,11.661904,10.816654,9.899495,10.816654,11.401754,14.142136,16.0
20260626_151642,2026-06-26T15:16:54.255615+09:00,skeleton,RX1,25.495098,24.041631,21.213203,17.691806,13.453624,8.485281,4.242641,2.828427,6.403124,9.219544,11.401754,13.601471,14.422205,16.401219,16.401219,17.204651,16.401219,14.21267,12.041595,9.899495,7.071068,3.605551,2.236068,4.0,5.09902,5.09902,1.414214,3.605551,8.602325,12.529964,16.552945,19.313208,21.540659,22.472205,22.472205,21.18962,19.313208,17.088007,15.231546,12.083046,9.848858,6.708204,3.605551,1.0,4.472136,8.602325,13.601471,17.204651,20.615528,24.083189,25.612497
20260626_151642,2026-06-26T15:16:54.285733+09:00,skeleton,RX2,6.708204,9.055385,12.165525,15.297059,17.262677,19.235384,19.104973,19.026298,18.0,17.029386,15.297059,13.341664,10.77033,8.544004,5.385165,2.236068,1.414214,5.0,8.944272,12.649111,15.524175,17.117243,18.0,18.11077,17.464249,16.155494,13.601471,14.422205,15.264338,15.652476,15.231546,13.928388,12.369317,12.041595,11.045361,10.440307,10.77033,10.29563,9.219544,9.219544,9.433981,8.944272,9.219544,11.045361,13.0,14.035669,15.132746,17.117243,17.117243,16.124515,14.142136,11.401754
20260626_151642,2026-06-26T15:16:54.320769+09:00,skeleton,RX3,18.867962,18.867962,19.416488,18.601075,17.204651,15.620499,13.453624,11.401754,9.219544,8.062258,6.708204,6.082763,7.0,8.246211,9.486833,12.083046,14.317821,17.0,19.235384,20.59126,21.470911,22.825424,22.825424,21.470911,20.124612,17.0,14.56022,12.649111,9.848858,6.708204,3.162278,2.0,5.0,8.602325,11.661904,12.529964,13.928388,15.524175,15.297059,15.033296,15.0,15.033296,14.142136,13.152946,12.369317,11.18034,10.049876,9.055385,9.848858,10.816654,12.727922,15.0
20260626_151642,2026-06-26T15:16:54.345595+09:00,skeleton,RX1,6.403124,10.816654,13.892444,16.124515,17.888544,17.888544,17.888544,17.464249,15.652476,13.928388,11.7047,10.77033,7.615773,5.385165,3.605551,2.0,3.162278,6.0,8.0,10.0,12.041595,13.038405,14.035669,13.038405,11.18034,9.219544,17.029386,19.79899,20.518285,21.260292,19.209373,17.204651,13.601471,10.29563,5.830952,2.236068,2.236068,5.0,7.81025,10.630146,13.453624,14.21267,16.278821,16.970563,17.691806,17.691806,17.804494,16.401219,14.422205,10.816654,8.062258,3.162278
20260626_151642,2026-06-26T15:16:54.377195+09:00,skeleton,RX2,9.433981,9.055385,10.440307,13.416408,16.124515,17.888544,19.235384,19.697716,18.973666,17.720045,17.464249,15.132746,13.0,11.0,7.071068,4.123106,1.0,5.830952,10.0,14.866069,19.104973,21.633308,23.706539,24.698178,24.041631,22.203603,13.0,15.033296,16.03122,17.117243,17.262677,16.492423,15.811388,14.764823,14.422205,13.453624,13.453624,12.806248,12.529964,12.083046,11.401754,11.045361,11.0,11.401754,13.928388,15.231546,17.0,18.35756,18.35756,18.35756,17.492856,14.422205
20260626_151642,2026-06-26T15:16:54.407044+09:00,skeleton,RX3,19.235384,20.223748,19.235384,19.416488,17.464249,16.492423,14.56022,12.369317,11.18034,10.049876,9.0,9.055385,9.219544,9.486833,12.083046,12.529964,14.764823,16.643317,18.867962,20.248457,22.472205,22.472205,23.323808,22.472205,21.095023,18.35756,14.764823,13.038405,11.401754,7.81025,5.0,2.0,3.162278,6.0,9.055385,11.045361,12.369317,13.601471,14.317821,15.264338,15.0,14.866069,14.866069,14.21267,13.601471,13.601471,12.806248,12.727922,12.806248,13.416408,14.866069,16.492423
20260626_151642,2026-06-26T15:16:54.435254+09:00,skeleton,RX1,25.179357,24.083189,20.099751,17.029386,12.0,8.0,4.123106,2.236068,2.828427,6.403124,7.81025,10.0,12.041595,13.453624,14.866069,15.556349,14.866069,14.866069,13.453624,11.313708,9.219544,6.403124,3.162278,2.828427,4.0,6.082763,7.071068,5.0,5.09902,8.062258,12.041595,15.556349,18.439089,20.615528,21.400935,21.400935,20.615528,18.439089,17.029386,14.142136,10.630146,7.81025,5.0,1.414214,2.236068,5.830952,9.848858,14.866069,18.973666,22.803509,24.515301,26.476405
20260626_151642,2026-06-26T15:16:54.467211+09:00,skeleton,RX2,8.062258,7.615773,8.485281,11.661904,13.416408,16.124515,16.643317,17.204651,17.029386,16.970563,15.620499,15.0,13.038405,11.18034,8.544004,6.082763,2.0,2.0,7.0,11.18034,14.56022,17.464249,20.59126,20.808652,22.022716,19.79899,11.7047,13.0,14.764823,16.643317,17.204651,17.029386,16.970563,16.278821,15.811388,15.264338,13.416408,12.083046,10.440307,9.219544,8.062258,7.615773,7.81025,10.0,11.18034,13.0,16.155494,18.027756,18.384776,17.888544,16.552945,13.416408
20260626_151642,2026-06-26T15:16:54.495941+09:00,skeleton,RX3,22.022716,22.0,22.022716,21.023796,18.027756,15.132746,13.038405,10.049876,8.0,6.324555,5.0,5.830952,7.28011,9.055385,11.18034,14.035669,16.124515,18.11077,19.235384,20.396078,20.396078,20.396078,19.646883,17.464249,15.524175,11.7047,13.0,11.045361,9.055385,5.09902,2.0,2.236068,5.0,8.602325,10.630146,12.727922,13.453624,14.21267,14.422205,14.764823,13.928388,13.601471,12.369317,12.369317,10.440307,9.848858,8.602325,9.219544,10.77033,13.341664,16.124515,18.027756
20260626_151642,2026-06-26T15:16:54.528021+09:00,skeleton,RX1,24.596748,22.36068,19.313208,16.155494,11.7047,7.28011,3.162278,1.0,3.0,6.0,8.0,10.049876,12.041595,14.035669,15.132746,16.124515,16.124515,16.124515,14.142136,13.038405,10.0,8.062258,5.385165,4.472136,4.0,5.830952,7.28011,5.0,5.09902,8.602325,12.806248,16.643317,19.723083,21.954498,23.706539,22.825424,22.36068,20.59126,18.35756,15.264338,12.206556,10.0,6.403124,3.605551,5.0,8.485281,12.041595,16.401219,20.0,22.472205,25.059928
20260626_151642,2026-06-26T15:16:54.555389+09:00,skeleton,RX2,20.615528,18.681542,18.027756,14.866069,12.083046,7.615773,4.472136,2.0,3.0,5.385165,8.544004,10.77033,12.649111,15.297059,17.117243,19.026298,20.024984,21.377558,20.880613,19.697716,17.492856,14.21267,11.313708,7.211103,3.162278,2.0,13.152946,15.033296,16.03122,17.0,16.03122,16.124515,15.132746,14.317821,12.649111,10.29563,9.219544,7.81025,7.615773,8.246211,9.0,9.055385,10.198039,10.440307,10.77033,10.816654,11.313708,12.206556,13.416408,14.866069,17.464249,19.416488
20260626_151642,2026-06-26T15:16:54.585324+09:00,skeleton,RX3,19.209373,20.0,20.0,19.416488,17.492856,15.264338,13.892444,11.661904,10.29563,8.062258,7.071068,6.403124,6.324555,7.071068,9.0,11.0,14.035669,16.124515,18.248288,20.223748,21.213203,22.203603,22.203603,21.095023,19.104973,17.029386,15.033296,13.152946,11.18034,7.071068,4.123106,2.236068,5.385165,8.062258,10.29563,12.083046,13.601471,14.317821,14.142136,14.0,14.035669,14.317821,13.601471,13.0,11.7047,11.7047,10.440307,10.049876,10.049876,11.7047,13.892444,15.811388
20260626_151642,2026-06-26T15:16:54.617660+09:00,skeleton,RX1,5.09902,9.055385,12.369317,14.56022,16.763055,17.088007,17.088007,16.155494,14.317821,13.416408,12.083046,9.848858,8.544004,6.324555,4.0,2.828427,4.0,6.324555,7.615773,11.18034,12.529964,13.038405,13.601471,13.601471,12.206556,10.816654,16.763055,19.313208,19.697716,21.023796,19.235384,17.0,13.892444,10.816654,6.403124,2.828427,2.236068,5.0,8.246211,10.198039,12.369317,14.317821,16.278821,17.117243,18.11077,19.026298,18.0,17.029386,15.132746,12.041595,9.055385,4.123106
20260626_151642,2026-06-26T15:16:54.645469+09:00,skeleton,RX2,6.324555,8.485281,11.401754,15.0,17.029386,18.384776,19.104973,18.601075,18.867962,17.888544,16.763055,14.317821,13.038405,11.0,8.062258,5.385165,2.828427,3.0,6.324555,10.29563,14.422205,16.970563,18.439089,19.416488,19.723083,18.788294,13.601471,12.529964,11.401754,11.045361,11.18034,12.083046,12.806248,14.142136,15.0,14.422205,15.264338,14.317821,13.0,12.369317,12.041595,11.045361,11.401754,12.083046,13.892444,15.0,15.620499,17.029386,16.278821,14.866069,12.727922,9.219544
20260626_151642,2026-06-26T15:16:54.676367+09:00,skeleton,RX3,21.954498,21.954498,21.470911,21.023796,18.788294,16.155494,13.928388,11.7047,9.848858,8.062258,7.81025,7.211103,7.615773,9.486833,11.18034,13.341664,16.278821,18.248288,20.223748,22.203603,23.345235,23.345235,22.36068,21.377558,19.235384,16.278821,13.152946,11.18034,9.219544,6.082763,3.162278,3.0,5.385165,7.615773,10.77033,12.649111,13.152946,14.035669,14.0,14.142136,14.317821,13.928388,13.928388,13.416408,12.083046,11.7047,11.401754,11.045361,12.041595,13.601471,16.552945,18.35756
20260626_151642,2026-06-26T15:16:54.709269+09:00,skeleton,RX1,4.472136,8.246211,12.369317,14.317821,16.278821,17.117243,17.117243,16.03122,15.033296,14.035669,12.0,10.049876,8.062258,6.082763,4.472136,3.162278,3.162278,5.656854,7.211103,10.29563,11.18034,13.0,13.0,12.649111,11.401754,9.219544,16.552945,18.35756,20.59126,20.248457,19.416488,17.204651,14.21267,10.630146,7.071068,2.828427,2.0,4.472136,7.211103,10.816654,12.206556,13.892444,15.264338,17.0,17.888544,17.464249,17.464249,16.763055,14.56022,11.401754,8.246211,4.0
20260626_151642,2026-06-26T15:16:54.735248+09:00,skeleton,RX2,22.135944,21.023796,18.867962,16.278821,12.806248,11.18034,8.246211,6.0,4.472136,3.605551,5.0,5.830952,7.81025,10.0,12.529964,14.866069,16.492423,18.248288,19.026298,19.0,17.029386,15.132746,12.165525,9.219544,5.385165,1.414214,12.0,13.152946,15.811388,16.552945,17.492856,16.401219,15.620499,13.453624,11.661904,9.486833,9.0,8.544004,8.602325,8.485281,8.602325,9.848858,8.246211,8.0,8.062258,8.062258,8.602325,10.77033,13.341664,16.278821,19.235384,21.377558
20260626_151642,2026-06-26T15:16:54.766064+09:00,skeleton,RX3,13.601471,12.083046,10.198039,9.0,10.198039,11.18034,11.661904,12.529964,13.892444,13.416408,13.416408,14.317821,13.928388,13.928388,14.56022,13.601471,13.601471,12.649111,10.77033,9.433981,7.071068,6.708204,7.0,8.544004,10.29563,11.401754,13.152946,16.124515,19.026298,20.0,21.023796,20.223748,19.416488,17.720045,14.866069,13.0,9.848858,8.062258,5.830952,4.123106,3.0,2.828427,5.0,7.211103,9.433981,12.206556,13.601471,15.620499,17.691806,19.104973,19.104973,17.691806
20260626_151642,2026-06-26T15:16:54.796988+09:00,skeleton,RX1,24.041631,22.803509,20.615528,16.492423,12.165525,8.062258,4.0,3.162278,6.082763,8.0,11.0,12.041595,14.035669,14.035669,15.132746,15.132746,14.142136,12.041595,10.049876,7.0,5.09902,2.828427,3.162278,5.0,7.211103,5.385165,3.162278,4.123106,8.062258,11.401754,15.556349,19.104973,21.260292,22.022716,22.803509,21.400935,19.209373,17.029386,14.21267,10.630146,8.485281,5.0,2.0,2.236068,5.830952,10.29563,14.764823,17.888544,21.931712,25.079872,25.632011
20260626_151642,2026-06-26T15:16:54.825742+09:00,skeleton,RX2,17.691806,13.453624,7.81025,2.236068,2.828427,7.211103,10.29563,13.0,14.317821,15.811388,15.524175,15.132746,15.0,14.142136,12.649111,10.816654,10.0,8.246211,9.486833,10.630146,12.529964,14.317821,15.033296,14.317821,13.928388,12.806248,14.866069,17.029386,18.867962,21.023796,22.472205,23.4094,23.086793,21.84033,20.396078,18.11077,14.0,12.165525,9.486833,8.602325,8.062258,9.219544,10.049876,11.401754,13.0,15.264338,17.804494,20.518285,22.671568,23.430749,24.207437,23.430749
20260626_151642,2026-06-26T15:16:54.856046+09:00,skeleton,RX3,12.083046,10.816654,10.0,10.77033,11.401754,12.165525,13.152946,14.142136,14.142136,14.317821,14.56022,14.866069,13.928388,14.317821,13.416408,12.529964,11.18034,9.486833,8.062258,7.071068,6.708204,7.81025,8.944272,10.440307,11.18034,12.041595,13.0,15.231546,17.888544,19.723083,19.416488,19.209373,18.439089,16.970563,14.866069,12.206556,10.0,7.81025,5.656854,4.472136,4.0,6.082763,7.615773,9.848858,11.7047,13.928388,15.524175,17.464249,18.439089,18.439089,18.248288,16.492423
20260626_151642,2026-06-26T15:16:54.885329+09:00,skeleton,RX1,5.0,8.602325,12.206556,14.422205,16.124515,16.124515,16.552945,15.231546,13.928388,12.649111,10.440307,8.246211,6.324555,4.123106,2.236068,1.0,4.123106,6.082763,9.055385,10.049876,12.165525,13.152946,13.152946,13.152946,12.041595,10.049876,16.278821,18.248288,19.104973,20.024984,19.026298,17.0,14.035669,10.198039,6.324555,2.236068,4.242641,6.708204,9.848858,11.7047,13.928388,16.155494,17.088007,18.384776,18.788294,19.235384,18.867962,16.643317,15.0,11.401754,7.81025,3.605551
20260626_151642,2026-06-26T15:16:54.917216+09:00,skeleton,RX2,14.422205,9.433981,5.09902,2.828427,6.082763,9.486833,13.0,14.866069,17.088007,17.088007,18.027756,17.720045,17.262677,16.124515,15.033296,12.369317,10.29563,7.211103,7.071068,9.219544,12.529964,15.524175,18.027756,18.11077,18.973666,17.888544,13.038405,15.620499,18.384776,19.849433,20.615528,20.615528,19.416488,17.492856,15.652476,13.0,10.198039,9.0,7.615773,7.071068,7.615773,9.219544,10.0,12.369317,13.601471,15.652476,17.492856,19.209373,20.518285,21.213203,21.260292,19.849433
20260626_151642,2026-06-26T15:16:54.945655+09:00,skeleton,RX3,23.430749,24.083189,22.627417,20.518285,18.439089,15.620499,12.806248,10.0,7.81025,5.830952,5.09902,6.082763,7.28011,8.944272,11.18034,14.317821,16.552945,18.788294,20.615528,21.540659,22.472205,22.472205,21.540659,19.313208,17.464249,14.317821,12.165525,10.198039,7.071068,4.123106,3.605551,5.09902,7.615773,9.848858,11.7047,13.601471,14.317821,14.142136,14.035669,13.038405,13.152946,12.369317,11.401754,10.440307,9.219544,9.055385,8.062258,8.944272,11.401754,14.142136,17.029386,20.615528
20260626_151642,2026-06-26T15:16:54.975215+09:00,skeleton,RX1,5.09902,8.246211,12.649111,14.56022,15.811388,16.492423,17.262677,16.278821,14.142136,13.152946,11.045361,9.055385,7.071068,5.09902,2.236068,2.0,3.605551,6.324555,8.544004,10.440307,12.649111,13.928388,13.601471,12.649111,11.401754,9.219544,15.231546,17.088007,18.973666,18.973666,18.681542,16.492423,13.341664,10.049876,6.0,2.236068,3.162278,6.403124,9.433981,11.661904,13.038405,15.264338,16.643317,18.601075,19.209373,19.849433,19.104973,17.691806,16.278821,13.453624,9.219544,5.0
20260626_151642,2026-06-26T15:16:55.007619+09:00,skeleton,RX2,19.697716,21.470911,21.954498,22.472205,21.095023,18.867962,16.124515,13.416408,10.440307,7.071068,5.385165,5.830952,7.0,9.486833,12.529964,15.0,17.691806,18.439089,19.723083,19.697716,18.439089,17.029386,15.297059,13.416408,12.727922,11.18034,12.806248,12.041595,12.206556,9.848858,8.062258,7.28011,7.81025,8.944272,11.18034,13.0,14.035669,14.142136,14.317821,13.928388,13.416408,13.038405,12.041595,11.401754,10.29563,9.219544,9.055385,8.544004,9.219544,9.848858,12.041595,14.142136
20260626_151642,2026-06-26T15:16:55.035420+09:00,skeleton,RX3,12.529964,10.0,8.602325,8.544004,9.0,10.049876,10.440307,11.401754,12.369317,12.369317,13.341664,13.152946,13.038405,13.038405,12.0,12.0,11.045361,10.049876,8.062258,6.708204,5.0,5.09902,7.071068,8.544004,10.29563,11.661904,12.727922,15.556349,18.384776,21.260292,22.022716,22.203603,20.248457,18.867962,17.0,14.317821,11.7047,8.544004,6.708204,3.605551,3.162278,3.162278,5.830952,8.062258,10.29563,12.529964,14.317821,16.155494,17.088007,18.027756,18.027756,17.088007
20260626_151642,2026-06-26T15:16:55.065212+09:00,skeleton,RX1,24.698178,22.472205,19.235384,15.231546,11.18034,7.615773,3.605551,1.0,4.0,7.0,9.055385,10.049876,12.041595,13.341664,14.56022,14.56022,14.56022,13.601471,12.649111,10.440307,9.219544,7.0,4.472136,3.605551,5.09902,6.082763,7.81025,5.830952,4.472136,7.211103,11.7047,15.297059,19.235384,21.213203,23.194827,23.086793,22.090722,21.095023,18.11077,16.278821,13.152946,10.440307,7.28011,4.123106,1.0,5.0,8.485281,12.727922,16.970563,20.518285,23.430749,25.0
20260626_151642,2026-06-26T15:16:55.099269+09:00,skeleton,RX2,14.866069,11.401754,6.0,1.414214,5.0,8.602325,12.206556,14.422205,15.811388,17.204651,17.804494,17.029386,16.970563,16.401219,15.264338,13.601471,13.0,12.649111,13.453624,14.764823,16.492423,18.0,19.235384,18.973666,17.888544,16.401219,12.369317,15.033296,17.0,19.026298,20.223748,20.396078,18.681542,15.811388,13.416408,10.0,7.81025,6.324555,5.385165,6.403124,8.062258,9.219544,10.049876,12.165525,13.601471,15.652476,16.401219,18.384776,20.0,21.095023,21.470911,21.023796
20260626_151642,2026-06-26T15:16:55.125572+09:00,skeleton,RX3,11.7047,10.29563,9.219544,9.486833,10.049876,11.0,12.041595,13.038405,14.0,15.0,15.033296,15.033296,15.132746,15.297059,14.317821,14.317821,13.341664,12.041595,10.0,8.246211,7.211103,7.211103,8.062258,10.0,11.18034,12.369317,12.041595,14.866069,17.029386,18.601075,19.723083,19.235384,18.788294,17.088007,14.56022,12.165525,9.219544,7.071068,5.09902,3.162278,2.236068,4.123106,6.324555,8.544004,10.440307,13.601471,15.297059,17.262677,18.248288,19.235384,18.248288,16.278821
20260626_151642,2026-06-26T15:16:55.157072+09:00,skeleton,RX1,24.166092,22.847319,20.248457,15.811388,11.7047,8.544004,4.472136,2.0,4.242641,5.830952,8.062258,10.816654,12.206556,13.601471,15.0,15.620499,15.620499,15.620499,14.21267,12.806248,10.816654,8.944272,6.082763,5.385165,5.656854,5.830952,8.485281,5.830952,4.472136,7.211103,10.440307,14.035669,18.027756,20.0,22.0,23.0,21.0,20.024984,18.027756,15.132746,12.165525,9.219544,6.082763,3.162278,1.0,4.242641,8.485281,12.041595,16.401219,20.808652,23.323808,24.186773
20260626_151642,2026-06-26T15:16:55.185885+09:00,skeleton,RX2,13.152946,16.03122,18.0,19.0,18.0,18.027756,16.124515,13.152946,10.440307,7.615773,5.0,2.236068,2.828427,5.0,8.246211,10.77033,13.038405,14.866069,16.401219,15.652476,15.524175,14.035669,13.152946,11.18034,9.899495,8.544004,8.0,8.062258,7.615773,7.81025,9.433981,10.77033,11.401754,13.341664,13.038405,13.038405,13.0,12.041595,10.440307,9.848858,10.0,10.630146,10.29563,11.7047,12.369317,14.317821,14.035669,15.033296,14.035669,12.165525,10.77033,9.899495
20260626_151642,2026-06-26T15:16:55.216285+09:00,skeleton,RX3,23.430749,23.430749,22.203603,21.633308,18.867962,16.124515,13.416408,10.29563,8.602325,7.071068,6.708204,7.071068,8.0,10.049876,12.165525,15.297059,17.464249,19.416488,22.36068,23.537205,23.345235,23.345235,22.36068,20.396078,17.262677,14.317821,11.18034,9.219544,7.28011,4.123106,2.236068,2.236068,5.385165,8.062258,9.848858,12.369317,13.341664,14.035669,14.0,14.035669,14.317821,13.601471,12.649111,12.649111,11.401754,10.198039,10.0,10.198039,12.083046,15.0,17.804494,19.849433
20260626_151642,2026-06-26T15:16:55.245414+09:00,skeleton,RX1,25.317978,24.186773,21.023796,17.029386,13.0,9.0,5.0,1.414214,2.236068,5.0,7.211103,9.433981,11.401754,12.806248,12.806248,14.21267,14.21267,13.453624,11.401754,10.0,8.062258,6.082763,5.09902,4.242641,5.385165,6.082763,7.0,4.123106,3.0,7.071068,11.401754,15.264338,19.235384,21.470911,23.706539,23.706539,22.825424,21.954498,18.867962,16.643317,13.601471,10.816654,7.211103,4.472136,1.414214,4.123106,9.486833,13.928388,16.763055,21.84033,24.738634,25.70992
