experiment_id,timestamp,label,rx,sub_0,sub_1,sub_2,sub_3,sub_4,sub_5,sub_6,sub_7,sub_8,sub_9,sub_10,sub_11,sub_12,sub_13,sub_14,sub_15,sub_16,sub_17,sub_18,sub_19,sub_20,sub_21,sub_22,sub_23,sub_24,sub_25,sub_26,sub_27,sub_28,sub_29,sub_30,sub_31,sub_32,sub_33,sub_34,sub_35,sub_36,sub_37,sub_38,sub_39,sub_40,sub_41,sub_42,sub_43,sub_44,sub_45,sub_46,sub_47,sub_48,sub_49,sub_50,sub_51
20260626_160916,2026-06-26T07:09:16.282732Z,skeleton,RX1,24.698178,23.4094,21.18962,16.155494,12.649111,8.544004,4.123106,1.0,2.236068,5.656854,7.81025,10.0,11.401754,12.806248,14.21267,14.21267,14.422205,13.892444,12.529964,10.77033,9.219544,7.0,5.385165,5.0,5.09902,5.0,7.071068,3.0,1.0,6.082763,10.049876,15.033296,18.027756,21.023796,23.021729,23.021729,22.022716,21.023796,19.026298,17.117243,14.142136,11.401754,8.544004,5.385165,2.236068,3.162278,7.0,11.18034,15.297059,19.646883,23.086793,24.351591
20260626_160916,2026-06-26T07:09:16.311758Z,skeleton,RX2,14.866069,16.970563,18.384776,17.691806,17.691806,17.029386,16.401219,15.0,13.601471,12.206556,11.401754,9.219544,7.81025,5.830952,5.09902,5.385165,7.81025,9.848858,13.341664,15.297059,18.11077,19.104973,20.099751,20.099751,20.024984,18.027756,10.440307,8.544004,7.211103,5.0,4.123106,5.830952,9.486833,12.165525,16.124515,18.027756,19.026298,19.026298,19.026298,18.027756,17.0,16.0,14.0,13.0,10.0,8.0,5.385165,3.605551,4.0,6.403124,8.485281,12.041595
20260626_160916,2026-06-26T07:09:16.341148Z,skeleton,RX3,23.853721,23.600847,21.400935,19.849433,17.029386,14.21267,12.806248,10.816654,10.29563,9.848858,9.486833,10.440307,10.440307,10.440307,11.401754,11.401754,11.401754,11.18034,11.045361,11.0,10.198039,11.7047,12.083046,12.529964,13.892444,13.416408,17.029386,13.601471,9.433981,7.071068,7.211103,10.0,14.422205,17.492856,19.416488,20.615528,20.518285,20.615528,18.027756,17.888544,16.155494,15.524175,13.152946,12.165525,10.198039,8.944272,9.219544,10.630146,13.892444,16.552945,20.124612,22.36068
20260626_160916,2026-06-26T07:09:16.371196Z,skeleton,RX1,2.236068,6.403124,10.630146,13.453624,14.866069,15.556349,15.556349,14.866069,14.21267,12.806248,11.401754,9.219544,7.071068,5.656854,3.605551,2.0,2.828427,4.0,6.082763,8.544004,8.944272,9.433981,9.219544,9.219544,7.81025,6.708204,18.027756,21.095023,21.954498,22.825424,21.470911,19.723083,16.124515,12.529964,8.602325,4.242641,1.414214,4.0,7.071068,9.486833,12.649111,14.866069,16.552945,17.888544,18.788294,19.723083,19.723083,18.027756,16.401219,14.422205,10.816654,6.403124
20260626_160916,2026-06-26T07:09:16.401481Z,skeleton,RX2,14.21267,11.401754,9.433981,7.211103,5.385165,3.0,2.828427,4.472136,6.082763,7.071068,9.055385,11.045361,12.041595,14.142136,15.132746,17.117243,17.117243,17.117243,16.03122,15.033296,12.0,9.0,6.082763,4.472136,3.0,5.0,12.369317,15.033296,17.0,20.024984,20.099751,21.095023,19.235384,18.248288,15.132746,13.038405,9.0,6.0,2.236068,2.0,5.0,7.211103,9.433981,11.661904,13.892444,15.264338,16.643317,18.027756,18.601075,18.601075,19.209373,17.804494
20260626_160916,2026-06-26T07:09:16.431328Z,skeleton,RX3,10.198039,11.045361,11.401754,11.7047,12.083046,12.529964,12.083046,11.661904,11.18034,10.29563,10.29563,9.433981,9.433981,8.602325,9.899495,9.899495,10.0,10.816654,11.661904,12.529964,12.529964,11.18034,10.77033,8.544004,7.28011,5.09902,17.029386,20.099751,22.203603,23.345235,23.537205,21.84033,19.924859,17.088007,13.0,9.486833,7.071068,5.09902,4.242641,5.830952,7.28011,9.486833,10.77033,12.083046,13.416408,15.264338,15.811388,16.401219,16.278821,15.620499,15.0,13.038405
20260626_160916,2026-06-26T07:09:16.461698Z,skeleton,RX1,27.313001,25.079872,21.931712,18.384776,14.317821,9.848858,5.0,1.0,3.162278,5.0,8.0,10.0,12.0,13.0,15.0,15.0,14.035669,14.142136,13.152946,11.7047,10.29563,8.485281,6.708204,7.0,6.324555,7.211103,8.944272,4.242641,6.403124,11.401754,16.401219,20.0,23.021729,25.806976,26.627054,25.806976,23.600847,21.400935,18.439089,16.278821,14.142136,9.219544,7.211103,2.236068,2.236068,7.071068,12.206556,16.643317,20.59126,24.596748,26.832816,17.0308785
20260626_160916,2026-06-26T07:09:16.491385Z,skeleton,RX2,13.928388,15.811388,16.155494,16.552945,16.552945,17.0,15.264338,15.264338,13.601471,12.806248,11.401754,10.0,8.602325,6.324555,5.0,4.472136,6.708204,9.219544,12.041595,16.03122,18.0,20.0,22.0,22.0,22.0,21.023796,11.313708,10.0,8.062258,4.472136,1.414214,5.0,8.485281,12.806248,15.620499,17.804494,20.615528,21.400935,20.808652,20.808652,18.867962,18.027756,16.124515,15.264338,13.038405,10.816654,7.81025,5.0,4.0,4.242641,7.211103,9.848858
20260626_160916,2026-06-26T07:09:16.524181Z,skeleton,RX3,25.079872,23.769729,22.472205,19.924859,16.763055,13.928388,12.083046,10.29563,10.816654,9.899495,10.630146,10.630146,11.401754,12.806248,13.453624,13.453624,13.453624,13.453624,12.806248,11.661904,11.7047,11.18034,12.041595,13.0,14.035669,14.035669,16.278821,12.369317,8.544004,6.403124,8.062258,11.7047,15.231546,18.384776,20.248457,21.84033,21.377558,21.095023,20.0,18.11077,16.278821,14.56022,13.0,11.7047,10.198039,9.0,9.486833,12.083046,15.264338,18.027756,21.095023,23.323808
20260626_160916,2026-06-26T07:09:16.551637Z,skeleton,RX1,28.319605,26.907248,23.345235,20.518285,14.866069,10.630146,6.403124,3.0,1.414214,4.0,7.071068,9.219544,10.440307,12.649111,13.601471,13.601471,13.928388,13.416408,13.038405,10.630146,8.485281,7.615773,6.0,5.830952,6.403124,6.708204,9.219544,5.09902,1.0,5.0,10.049876,14.142136,19.235384,22.203603,24.33105,24.33105,24.515301,22.561028,19.646883,17.720045,14.56022,11.7047,8.544004,4.472136,1.0,3.162278,7.615773,13.038405,17.804494,22.203603,25.612497,27.658633
20260626_160916,2026-06-26T07:09:16.581492Z,skeleton,RX2,12.649111,13.928388,14.866069,15.811388,15.524175,15.297059,15.297059,14.142136,13.152946,12.165525,11.18034,9.055385,8.246211,6.324555,4.472136,3.162278,4.242641,7.211103,10.29563,13.928388,16.763055,18.973666,20.880613,21.84033,21.84033,20.615528,11.661904,9.433981,7.615773,5.09902,2.828427,6.082763,8.944272,13.038405,15.811388,18.601075,20.808652,20.808652,20.808652,20.0,18.601075,17.804494,15.811388,15.0,12.206556,9.433981,7.211103,4.472136,2.236068,3.0,6.082763,8.544004
20260626_160916,2026-06-26T07:09:16.612721Z,skeleton,RX3,24.186773,23.853721,21.633308,20.0,16.401219,13.601471,10.816654,9.848858,8.544004,9.055385,9.055385,9.0,10.0,11.0,12.0,12.0,12.0,12.041595,11.045361,10.440307,9.848858,10.816654,11.401754,11.313708,12.041595,12.041595,16.401219,13.453624,9.219544,6.082763,7.211103,10.630146,15.0,18.027756,20.615528,21.931712,21.260292,20.808652,19.723083,18.384776,16.763055,15.297059,13.152946,11.18034,9.219544,7.615773,8.485281,10.816654,13.416408,17.088007,20.248457,22.847319
20260626_160916,2026-06-26T07:09:16.641638Z,skeleton,RX1,26.305893,26.172505,23.194827,18.11077,14.142136,10.049876,5.09902,2.828427,3.162278,6.403124,8.485281,10.630146,12.806248,14.21267,14.21267,15.620499,15.811388,14.422205,13.038405,12.083046,9.219544,8.0,6.708204,6.403124,6.324555,6.0,8.602325,4.242641,1.414214,6.324555,11.18034,15.652476,20.59126,22.825424,24.596748,25.495098,24.596748,23.259407,21.023796,19.313208,15.811388,13.341664,10.198039,6.0,2.236068,2.236068,7.28011,12.041595,17.0,22.0,25.019992,27.073973
20260626_160916,2026-06-26T07:09:16.671562Z,skeleton,RX2,12.649111,14.317821,15.652476,16.552945,17.0,17.888544,16.552945,16.552945,16.552945,14.764823,13.416408,11.7047,9.848858,7.28011,6.0,3.162278,3.0,6.403124,10.630146,14.21267,17.492856,20.59126,22.825424,23.706539,24.596748,23.769729,14.866069,13.601471,11.401754,9.0,5.385165,6.324555,9.055385,13.0,16.552945,19.697716,21.931712,22.36068,22.847319,21.931712,21.540659,20.248457,18.027756,15.811388,13.928388,12.083046,8.544004,5.830952,2.828427,1.414214,4.0,7.28011
20260626_160916,2026-06-26T07:09:16.701443Z,skeleton,RX3,8.062258,8.602325,8.944272,10.440307,11.401754,11.18034,12.369317,11.401754,11.18034,11.401754,10.198039,9.219544,9.219544,8.062258,8.0,8.062258,9.219544,9.486833,9.848858,10.29563,10.29563,9.433981,8.602325,7.81025,5.656854,5.0,18.439089,21.377558,23.345235,24.33105,24.186773,22.090722,20.024984,17.029386,13.0,9.0,6.082763,3.605551,3.0,5.09902,6.708204,8.544004,10.440307,12.165525,13.038405,14.035669,16.0,16.03122,16.124515,14.142136,13.038405,11.045361
20260626_160916,2026-06-26T07:09:16.731568Z,skeleton,RX1,29.017236,26.019224,24.020824,20.024984,15.033296,11.045361,6.082763,4.242641,4.123106,6.403124,8.485281,9.899495,12.041595,13.453624,14.866069,15.620499,14.21267,14.422205,13.038405,11.18034,8.246211,7.0,5.830952,5.830952,6.082763,7.071068,9.219544,5.0,5.656854,10.630146,15.556349,19.849433,22.671568,24.207437,24.207437,24.207437,22.803509,20.248457,17.492856,14.764823,12.083046,8.544004,4.123106,1.0,3.605551,8.246211,13.341664,18.248288,22.203603,26.019224,29.017236,26.9998985
20260626_160916,2026-06-26T07:09:16.762693Z,skeleton,RX2,16.124515,14.764823,13.892444,11.18034,8.944272,6.708204,4.123106,2.0,1.414214,3.605551,5.830952,7.615773,9.848858,12.083046,13.0,14.866069,16.763055,17.464249,16.492423,16.278821,15.297059,12.165525,10.049876,7.0,4.123106,1.0,7.81025,10.816654,13.416408,15.231546,18.384776,18.788294,19.697716,17.888544,16.124515,13.416408,10.29563,7.615773,4.123106,2.236068,3.0,5.09902,7.28011,9.486833,11.7047,13.0,14.317821,16.552945,17.0,17.888544,18.35756,18.35756
20260626_160916,2026-06-26T07:09:16.791464Z,skeleton,RX3,8.062258,8.944272,9.219544,10.630146,11.661904,12.206556,12.206556,12.206556,12.206556,11.401754,10.630146,10.0,10.0,8.602325,8.062258,8.944272,8.544004,8.246211,8.062258,9.0,8.0,8.062258,7.071068,6.082763,5.09902,4.123106,18.973666,22.135944,24.698178,26.0,25.495098,23.259407,20.124612,17.0,13.416408,8.944272,6.082763,3.162278,3.605551,6.082763,8.062258,10.198039,11.18034,13.601471,14.866069,16.155494,17.0,17.492856,16.643317,15.811388,14.422205,12.083046
20260626_160916,2026-06-26T07:09:16.823799Z,skeleton,RX1,27.313001,25.495098,21.470911,18.788294,13.416408,9.848858,6.082763,3.605551,4.123106,6.082763,8.544004,10.440307,12.083046,13.0,14.317821,15.231546,15.231546,13.892444,13.038405,11.313708,9.219544,6.708204,6.0,5.830952,6.403124,6.324555,8.944272,5.0,1.0,5.09902,9.486833,14.866069,18.973666,21.18962,22.803509,23.769729,23.086793,21.587033,19.235384,17.117243,14.035669,11.0,8.0,5.09902,1.414214,3.0,8.062258,12.369317,17.464249,21.18962,24.698178,26.925824
20260626_160916,2026-06-26T07:09:16.851356Z,skeleton,RX2,16.124515,14.764823,13.038405,10.29563,8.062258,5.830952,3.162278,1.414214,2.236068,4.472136,6.708204,8.062258,10.29563,12.529964,14.317821,15.231546,17.088007,17.088007,16.763055,16.492423,14.56022,12.369317,10.440307,8.246211,5.09902,1.0,8.246211,10.77033,13.892444,17.0,19.723083,20.59126,21.023796,19.697716,17.464249,14.866069,11.401754,7.615773,5.0,3.162278,3.605551,5.656854,7.81025,10.816654,12.206556,14.422205,16.124515,17.492856,18.35756,18.867962,19.723083,18.35756
20260626_160916,2026-06-26T07:09:16.881481Z,skeleton,RX3,6.324555,5.09902,6.403124,7.81025,9.433981,10.29563,10.816654,10.816654,10.0,10.0,9.219544,8.602325,8.602325,7.211103,6.708204,7.28011,7.071068,7.0,7.071068,7.28011,7.615773,7.615773,6.708204,5.830952,5.0,4.242641,19.849433,22.671568,24.839485,26.400758,26.400758,23.600847,20.808652,18.027756,13.601471,10.0,6.403124,3.162278,3.605551,4.472136,6.708204,8.944272,10.816654,13.038405,14.21267,15.620499,16.970563,17.029386,16.401219,15.0,13.601471,10.630146
20260626_160916,2026-06-26T07:09:16.911533Z,skeleton,RX1,26.907248,25.495098,22.671568,18.384776,14.21267,10.0,5.830952,3.0,3.605551,6.0,8.062258,10.198039,11.18034,13.341664,14.317821,14.317821,14.56022,13.601471,12.649111,10.29563,8.485281,6.708204,6.0,5.830952,7.071068,8.062258,7.071068,4.123106,5.09902,10.198039,14.142136,18.248288,21.213203,22.090722,23.194827,23.021729,21.023796,19.0,16.03122,13.038405,10.198039,7.071068,4.123106,4.123106,8.544004,13.416408,18.027756,21.633308,25.0,27.802878,25.1650945,27.3913005
20260626_160916,2026-06-26T07:09:16.941408Z,skeleton,RX2,15.0,13.038405,10.816654,8.602325,6.403124,2.828427,2.236068,2.0,4.0,6.0,8.0,10.0,12.0,13.038405,14.035669,16.124515,16.278821,17.464249,16.763055,15.811388,13.601471,11.401754,9.486833,6.324555,4.123106,1.0,9.219544,12.0,16.03122,19.104973,21.023796,22.022716,22.0,21.0,18.027756,15.033296,11.045361,7.0,4.123106,3.162278,5.09902,6.708204,8.944272,12.529964,13.892444,15.811388,16.643317,18.027756,18.027756,18.601075,18.601075,18.027756
20260626_160916,2026-06-26T07:09:16.971270Z,skeleton,RX3,23.4094,23.769729,21.931712,20.124612,16.552945,14.317821,12.083046,9.486833,8.062258,7.071068,7.28011,7.615773,8.062258,8.602325,10.0,10.630146,10.630146,11.313708,11.401754,10.816654,11.18034,11.7047,11.18034,12.165525,12.041595,12.041595,16.643317,12.529964,6.708204,2.236068,6.082763,10.77033,15.652476,19.697716,21.540659,22.803509,22.561028,21.213203,20.024984,18.027756,16.124515,14.317821,12.369317,9.486833,7.28011,5.09902,5.0,7.615773,11.401754,14.56022,18.681542,21.84033
20260626_160916,2026-06-26T07:09:17.001445Z,skeleton,RX1,27.730849,25.942244,22.825424,17.888544,13.416408,8.944272,4.472136,1.414214,4.123106,6.708204,9.433981,11.661904,13.416408,14.317821,15.652476,16.124515,16.124515,15.811388,13.601471,12.041595,9.433981,7.28011,7.28011,7.81025,8.602325,8.544004,7.071068,2.828427,2.236068,6.708204,11.661904,15.811388,19.723083,23.323808,23.706539,24.596748,23.706539,23.259407,19.697716,18.027756,14.56022,12.369317,9.219544,5.09902,1.414214,3.162278,8.246211,12.369317,17.464249,21.84033,25.632011,27.856777
20260626_160916,2026-06-26T07:09:17.031684Z,skeleton,RX2,13.0,14.56022,16.492423,17.464249,17.720045,18.681542,18.681542,18.027756,17.464249,16.552945,15.264338,14.422205,12.206556,10.0,7.211103,3.605551,2.236068,5.09902,9.0,13.0,16.03122,19.026298,20.099751,21.095023,22.203603,21.587033,23.4094,22.472205,21.540659,18.384776,14.56022,10.049876,10.630146,13.892444,17.464249,21.540659,24.166092,25.942244,25.553865,25.238859,23.600847,22.022716,19.849433,18.439089,15.620499,13.601471,11.18034,8.246211,8.062258,8.062258,8.485281,10.0
20260626_160916,2026-06-26T07:09:17.061806Z,skeleton,RX3,23.4094,23.4094,21.84033,19.646883,17.720045,15.524175,12.649111,10.77033,8.944272,7.81025,7.071068,7.211103,7.615773,8.544004,9.486833,10.198039,10.049876,11.0,11.045361,11.18034,11.7047,12.083046,13.038405,13.601471,13.601471,12.806248,17.0,13.0,8.0,2.828427,5.0,9.848858,15.652476,19.235384,21.954498,23.021729,22.803509,21.931712,20.518285,19.209373,16.643317,14.764823,13.0,10.77033,8.944272,6.403124,5.830952,7.0,9.219544,13.0,16.155494,19.697716
20260626_160916,2026-06-26T07:09:17.091713Z,skeleton,RX1,5.0,10.049876,13.152946,16.124515,17.117243,18.11077,18.11077,17.029386,16.03122,14.035669,12.041595,10.049876,8.246211,6.324555,4.242641,4.0,5.385165,7.81025,9.899495,11.401754,12.206556,13.038405,13.416408,11.7047,9.219544,7.071068,18.027756,19.924859,21.18962,21.18962,20.248457,18.027756,15.231546,12.083046,7.615773,4.472136,3.162278,6.708204,8.944272,10.816654,13.038405,14.21267,16.278821,16.970563,18.439089,17.804494,17.204651,14.422205,12.206556,8.602325,4.242641,16.477898500000002
20260626_160916,2026-06-26T07:09:17.123253Z,skeleton,RX2,10.198039,9.848858,10.816654,12.041595,14.142136,15.620499,16.401219,17.492856,17.464249,17.088007,16.492423,15.132746,14.0,13.0,11.045361,9.0,7.071068,6.708204,7.071068,9.433981,11.18034,13.0,14.866069,17.088007,18.788294,19.723083,23.430749,25.455844,25.495098,24.207437,21.400935,17.691806,15.811388,15.231546,17.262677,19.104973,20.223748,22.36068,21.587033,20.880613,19.924859,18.384776,16.492423,17.720045,14.317821,15.297059,15.132746,16.03122,16.03122,16.03122,15.033296,14.0
20260626_160916,2026-06-26T07:09:17.152651Z,skeleton,RX3,22.36068,23.259407,21.931712,20.615528,18.384776,16.155494,14.317821,12.083046,10.29563,9.219544,8.485281,8.602325,8.062258,8.544004,9.486833,10.198039,11.045361,11.0,11.18034,11.401754,12.083046,13.038405,13.453624,14.142136,15.556349,15.556349,17.464249,12.165525,8.246211,2.236068,4.123106,9.055385,14.142136,17.464249,19.924859,21.540659,21.023796,21.095023,19.416488,17.691806,16.278821,15.0,13.038405,11.661904,9.433981,7.071068,5.830952,7.0,9.486833,13.416408,16.124515,19.235384
20260626_160916,2026-06-26T07:09:17.181357Z,skeleton,RX1,6.082763,10.440307,13.928388,17.088007,18.384776,18.027756,18.027756,16.763055,16.492423,14.56022,12.649111,10.440307,7.615773,5.830952,3.605551,3.162278,5.0,7.615773,9.486833,11.401754,12.369317,13.152946,13.0,11.045361,10.198039,7.28011,16.03122,18.027756,20.024984,20.024984,19.026298,17.117243,14.142136,11.18034,6.082763,2.236068,1.0,5.0,8.062258,10.198039,12.369317,14.56022,16.155494,17.888544,17.888544,18.867962,18.027756,17.204651,16.401219,12.806248,9.433981,5.09902
20260626_160916,2026-06-26T07:09:17.211405Z,skeleton,RX2,5.09902,2.236068,4.472136,7.81025,10.630146,13.601471,15.264338,17.0,17.464249,17.720045,17.262677,17.117243,16.0,15.033296,13.152946,11.18034,9.219544,6.082763,3.0,2.0,5.830952,8.602325,11.401754,14.422205,17.0,17.464249,25.96151,28.635642,29.427878,29.274562,26.172505,23.194827,18.439089,15.231546,12.806248,13.038405,13.928388,15.297059,16.124515,16.03122,16.03122,17.029386,17.117243,18.439089,18.681542,19.924859,19.924859,20.880613,19.924859,18.439089,16.278821,13.152946
20260626_160916,2026-06-26T07:09:17.241540Z,skeleton,RX3,21.095023,21.095023,19.235384,17.262677,15.297059,13.341664,11.18034,10.049876,8.0,8.062258,7.071068,7.28011,7.28011,8.246211,7.615773,8.944272,8.944272,8.602325,9.219544,9.219544,10.0,11.661904,12.083046,13.0,13.928388,14.317821,18.384776,15.231546,11.18034,5.656854,4.472136,10.0,13.892444,17.492856,20.248457,21.400935,21.931712,21.260292,20.808652,19.723083,17.888544,16.155494,13.601471,11.401754,9.486833,8.062258,7.81025,8.544004,10.049876,14.035669,17.029386,19.026298
20260626_160916,2026-06-26T07:09:17.272250Z,skeleton,RX1,5.0,9.0,13.038405,16.03122,17.029386,17.0,17.0,16.03122,15.033296,13.038405,11.0,9.0,7.071068,4.472136,3.605551,4.0,6.708204,8.602325,10.630146,12.041595,13.601471,13.601471,13.038405,12.083046,10.77033,8.246211,16.278821,19.416488,20.396078,20.396078,19.416488,18.439089,14.317821,11.18034,7.071068,3.0,1.0,4.242641,7.211103,10.0,11.401754,14.21267,15.556349,17.691806,17.691806,17.804494,18.027756,17.492856,16.124515,12.529964,8.944272,4.242641
20260626_160916,2026-06-26T07:09:17.301728Z,skeleton,RX2,18.601075,18.027756,17.0,15.231546,12.649111,10.198039,8.0,6.082763,3.605551,2.236068,2.236068,4.123106,5.09902,8.0,9.055385,11.18034,12.369317,13.928388,14.317821,14.317821,13.416408,13.038405,12.529964,10.816654,8.602325,5.830952,8.246211,6.324555,8.602325,12.649111,17.464249,21.377558,23.537205,24.738634,23.769729,22.803509,20.880613,18.681542,15.297059,13.152946,11.045361,9.055385,7.28011,6.708204,5.656854,5.09902,6.082763,7.615773,9.433981,12.806248,14.866069,17.029386
20260626_160916,2026-06-26T07:09:17.331241Z,skeleton,RX3,20.59126,20.124612,18.788294,16.552945,15.231546,13.0,11.18034,9.433981,8.602325,7.81025,7.81025,7.81025,8.602325,8.602325,9.433981,10.29563,10.29563,9.848858,10.440307,10.198039,11.0,11.045361,12.165525,13.341664,13.341664,14.317821,18.601075,15.0,10.0,5.09902,4.472136,9.0,14.035669,18.027756,21.0,22.090722,22.203603,22.561028,21.18962,18.788294,17.0,15.264338,13.601471,11.401754,10.0,7.615773,7.071068,8.246211,10.29563,13.038405,15.811388,18.027756
20260626_160916,2026-06-26T07:09:17.361136Z,skeleton,RX1,5.0,9.055385,12.165525,14.317821,16.278821,17.262677,16.124515,16.124515,14.035669,12.041595,10.049876,9.055385,7.071068,4.472136,3.605551,3.162278,5.656854,7.81025,10.29563,11.18034,12.083046,13.0,12.649111,11.18034,9.0,7.071068,17.0,19.0,21.0,21.0,20.024984,18.0,14.035669,11.0,7.0,2.0,1.414214,5.385165,8.544004,10.77033,13.0,14.317821,16.124515,17.492856,18.601075,19.209373,19.104973,18.384776,15.556349,13.453624,9.899495,5.0
20260626_160916,2026-06-26T07:09:17.392716Z,skeleton,RX2,18.027756,17.888544,16.124515,15.0,12.727922,10.816654,7.615773,6.082763,4.0,2.828427,3.162278,3.162278,5.0,5.830952,7.615773,9.219544,10.049876,12.0,13.038405,14.142136,14.317821,14.56022,13.601471,13.0,11.18034,8.944272,9.486833,7.81025,10.049876,14.142136,18.439089,22.803509,25.70992,25.495098,25.495098,23.537205,21.377558,18.439089,15.524175,13.0,11.18034,10.0,8.485281,7.211103,6.324555,6.082763,5.830952,6.403124,8.944272,11.401754,14.317821,16.492423
20260626_160916,2026-06-26T07:09:17.421154Z,skeleton,RX3,21.470911,20.248457,19.416488,17.204651,14.21267,12.206556,10.0,8.062258,7.615773,7.071068,7.0,8.0,8.0,9.0,10.049876,10.049876,11.045361,11.18034,11.401754,11.7047,12.083046,12.529964,13.038405,13.601471,14.21267,14.21267,16.278821,13.341664,8.544004,5.0,7.28011,11.401754,16.278821,19.104973,22.022716,22.203603,22.472205,21.470911,19.697716,17.720045,15.524175,14.142136,12.041595,10.049876,8.246211,6.708204,7.81025,8.944272,11.7047,14.866069,18.027756,19.313208
20260626_160916,2026-06-26T07:09:17.452055Z,skeleton,RX1,4.0,7.28011,11.401754,13.601471,15.524175,15.524175,15.524175,15.524175,13.341664,12.165525,10.198039,8.246211,7.28011,4.472136,2.828427,3.162278,5.0,6.403124,8.944272,10.77033,11.401754,12.165525,12.041595,11.0,9.219544,7.615773,16.492423,19.416488,20.396078,20.396078,19.416488,16.492423,14.317821,10.198039,6.082763,2.0,1.414214,5.385165,8.062258,11.18034,12.529964,15.264338,16.643317,17.804494,19.209373,19.104973,19.79899,17.691806,15.620499,14.21267,10.0,5.656854
20260626_160916,2026-06-26T07:09:17.482031Z,skeleton,RX2,6.0,4.242641,6.0,8.246211,10.29563,12.041595,12.041595,13.038405,13.416408,12.649111,13.341664,13.038405,13.0,13.038405,13.341664,13.601471,13.0,12.083046,10.29563,8.062258,5.830952,2.828427,1.414214,3.605551,7.071068,10.0,31.064449,34.014703,34.0,33.015148,30.016662,25.0,20.099751,14.56022,11.401754,9.848858,10.049876,12.165525,13.928388,14.764823,15.264338,15.620499,16.970563,17.029386,18.601075,19.416488,19.723083,19.723083,18.867962,17.204651,15.620499,12.041595
20260626_160916,2026-06-26T07:09:17.511210Z,skeleton,RX3,20.615528,20.615528,19.235384,17.492856,14.422205,12.206556,10.816654,8.544004,7.28011,7.28011,7.0,8.062258,8.062258,9.219544,9.055385,10.198039,11.18034,10.440307,10.77033,11.18034,11.401754,12.041595,12.806248,13.601471,14.422205,13.892444,18.027756,13.928388,9.433981,5.385165,6.708204,11.313708,15.620499,18.439089,20.518285,21.931712,21.400935,20.808652,19.235384,18.384776,15.524175,14.142136,11.18034,9.055385,7.071068,6.324555,5.656854,7.615773,10.198039,14.142136,16.492423,18.439089
20260626_160916,2026-06-26T07:09:17.542836Z,skeleton,RX1,5.09902,8.944272,12.529964,15.652476,16.124515,17.0,17.0,15.652476,15.231546,13.416408,12.083046,9.848858,7.211103,5.0,3.605551,2.236068,4.472136,7.071068,9.055385,11.0,12.041595,12.165525,11.401754,10.77033,8.944272,7.211103,16.763055,18.681542,20.615528,20.615528,19.646883,16.763055,13.601471,10.440307,5.385165,2.828427,2.0,5.0,8.062258,11.401754,12.649111,14.317821,16.552945,17.492856,18.867962,19.416488,18.601075,17.804494,15.620499,12.806248,9.219544,5.0
20260626_160916,2026-06-26T07:09:17.571484Z,skeleton,RX2,6.0,6.403124,8.062258,9.486833,11.045361,11.045361,12.165525,11.401754,12.083046,11.661904,11.401754,12.041595,12.206556,12.529964,13.416408,13.0,13.601471,13.341664,13.038405,11.0,10.049876,7.615773,6.403124,5.09902,5.830952,7.81025,29.154759,31.38471,31.38471,29.546573,25.632011,22.135944,17.464249,12.0,8.944272,8.602325,9.055385,11.18034,11.7047,13.416408,13.601471,14.142136,14.866069,15.811388,17.0,17.888544,17.464249,18.027756,17.088007,15.231546,13.892444,10.0
20260626_160916,2026-06-26T07:09:17.601907Z,skeleton,RX3,6.403124,6.324555,8.062258,9.0,10.049876,10.049876,11.045361,10.049876,10.049876,10.0,9.0,9.0,8.062258,8.062258,8.246211,7.615773,8.944272,9.433981,10.0,10.0,9.899495,9.899495,9.219544,7.81025,7.211103,5.385165,21.023796,24.166092,27.313001,28.231188,27.856777,25.298221,22.135944,18.027756,13.601471,10.77033,5.830952,3.605551,4.123106,5.830952,8.602325,10.0,11.401754,13.038405,14.317821,16.155494,15.811388,16.492423,15.297059,14.317821,13.152946,10.440307
20260626_160916,2026-06-26T07:09:17.631593Z,skeleton,RX1,28.635642,25.70992,22.803509,19.416488,13.341664,9.055385,6.082763,3.605551,5.09902,7.615773,9.433981,11.661904,13.038405,13.601471,15.811388,15.0,15.0,14.21267,12.727922,10.0,7.615773,5.0,5.0,5.385165,7.071068,7.0,7.81025,4.123106,2.0,5.830952,10.816654,14.21267,18.601075,20.808652,21.633308,21.954498,21.095023,20.124612,17.464249,16.155494,12.649111,10.198039,7.071068,4.0,1.0,4.123106,8.062258,13.0,18.11077,22.203603,25.495098,28.442925
20260626_160916,2026-06-26T07:09:17.661290Z,skeleton,RX2,6.0,6.403124,8.062258,10.440307,11.045361,12.041595,12.041595,11.18034,11.401754,10.77033,10.29563,10.0,10.630146,10.0,10.816654,11.18034,11.7047,12.369317,12.041595,11.045361,10.440307,9.433981,8.485281,8.246211,9.055385,9.433981,27.658633,29.732137,30.479501,28.319605,24.839485,20.0,15.264338,10.440307,6.324555,7.211103,10.198039,12.0,13.341664,14.866069,15.652476,16.643317,17.029386,19.104973,19.209373,19.416488,19.723083,19.723083,18.35756,16.643317,13.601471,9.899495
20260626_160916,2026-06-26T07:09:17.691266Z,skeleton,RX3,8.062258,7.81025,8.602325,8.944272,9.848858,10.77033,10.77033,9.486833,9.848858,8.544004,8.944272,8.544004,8.544004,8.246211,8.246211,8.062258,9.055385,9.0,9.0,10.049876,9.055385,9.055385,8.062258,7.071068,6.324555,4.472136,18.027756,21.18962,23.086793,25.0,24.738634,23.537205,20.396078,17.464249,13.341664,9.219544,6.708204,5.0,4.0,6.082763,7.615773,9.848858,11.7047,12.649111,14.317821,15.132746,15.033296,15.0,15.033296,14.035669,12.041595,10.0
20260626_160916,2026-06-26T07:09:17.722001Z,skeleton,RX1,4.242641,8.485281,12.806248,15.0,17.029386,18.439089,18.439089,17.029386,16.278821,14.866069,12.806248,10.630146,8.602325,6.708204,5.09902,3.605551,4.472136,7.0,8.062258,10.198039,11.7047,11.7047,11.18034,10.29563,8.602325,5.656854,16.124515,18.248288,19.235384,20.223748,18.11077,17.117243,14.142136,11.045361,7.0,4.123106,1.0,3.605551,6.082763,8.062258,11.0,13.0,15.033296,16.124515,17.262677,18.439089,18.681542,18.027756,15.811388,13.928388,9.848858,6.324555
20260626_160916,2026-06-26T07:09:17.751244Z,skeleton,RX2,5.09902,3.162278,4.123106,5.385165,7.211103,8.485281,8.602325,8.944272,9.486833,10.198039,10.0,10.049876,10.440307,10.77033,11.18034,11.18034,11.661904,11.401754,10.630146,10.630146,8.485281,7.071068,4.472136,1.0,2.828427,5.830952,32.249031,34.438351,34.928498,33.24154,29.732137,23.4094,17.888544,12.806248,10.77033,11.0,12.649111,14.764823,16.643317,17.204651,17.804494,18.384776,17.691806,19.209373,18.601075,18.867962,19.723083,19.235384,18.35756,16.643317,14.21267,11.313708
20260626_160916,2026-06-26T07:09:17.782914Z,skeleton,RX3,20.808652,19.849433,19.104973,16.970563,14.142136,12.727922,11.313708,9.219544,8.602325,8.602325,8.944272,8.944272,9.433981,10.29563,10.29563,10.816654,10.816654,10.29563,9.848858,9.219544,9.055385,10.049876,11.18034,12.369317,13.341664,13.341664,16.278821,13.453624,9.433981,8.062258,7.615773,11.313708,14.21267,17.029386,19.104973,19.79899,21.260292,20.0,18.35756,17.464249,15.811388,14.56022,13.341664,11.18034,9.219544,8.062258,9.219544,10.0,12.529964,15.652476,17.0,19.723083
20260626_160916,2026-06-26T07:09:17.811333Z,skeleton,RX1,28.319605,25.495098,21.931712,19.104973,14.21267,10.0,4.472136,2.236068,5.0,7.28011,9.486833,11.7047,13.0,13.928388,15.231546,16.155494,15.652476,14.764823,13.038405,10.630146,8.602325,7.28011,6.082763,6.403124,7.211103,7.615773,7.071068,3.162278,2.236068,6.082763,12.041595,16.03122,20.099751,23.086793,24.083189,25.079872,24.186773,22.203603,20.396078,17.464249,14.56022,12.649111,8.944272,6.708204,2.236068,3.162278,7.615773,12.529964,17.204651,22.203603,25.612497,27.658633
20260626_160916,2026-06-26T07:09:17.842155Z,skeleton,RX2,3.605551,4.123106,7.071068,9.486833,11.401754,13.601471,14.317821,14.317821,15.132746,15.033296,14.0,13.038405,12.041595,12.041595,10.049876,9.0,7.071068,6.324555,5.656854,7.211103,7.615773,8.246211,9.0,9.055385,10.198039,10.440307,31.622777,34.058773,33.941125,31.890437,27.802878,22.803509,15.620499,10.0,7.0,8.485281,12.529964,15.652476,18.384776,19.697716,21.540659,21.540659,21.931712,22.472205,22.472205,22.472205,21.18962,19.924859,18.681542,16.763055,13.601471,11.18034
20260626_160916,2026-06-26T07:09:17.871243Z,skeleton,RX3,20.615528,20.124612,19.235384,17.492856,16.124515,13.892444,13.038405,11.661904,10.29563,10.29563,9.848858,10.77033,11.18034,11.18034,10.29563,11.18034,11.18034,10.77033,9.219544,10.0,11.18034,12.649111,14.317821,15.652476,17.888544,18.788294,16.124515,13.416408,9.848858,7.071068,5.830952,7.615773,11.401754,14.56022,16.763055,18.384776,18.35756,18.601075,17.691806,16.278821,15.811388,13.892444,12.529964,11.18034,9.848858,8.602325,8.485281,9.433981,11.7047,14.56022,16.763055,18.027756
20260626_160916,2026-06-26T07:09:17.901881Z,skeleton,RX1,4.0,8.246211,11.18034,13.341664,15.524175,16.492423,16.492423,15.524175,14.317821,12.369317,10.440307,8.544004,6.708204,5.0,3.162278,3.162278,5.0,6.324555,8.246211,10.049876,11.0,12.041595,11.18034,10.77033,8.062258,6.403124,17.029386,19.209373,21.400935,20.615528,20.615528,17.804494,15.0,11.401754,7.211103,3.162278,2.0,4.472136,7.81025,10.630146,12.727922,14.866069,16.401219,17.804494,19.416488,19.723083,19.723083,18.788294,17.0,14.317821,10.29563,5.830952
20260626_160916,2026-06-26T07:09:17.934022Z,skeleton,RX2,6.403124,2.828427,2.236068,4.472136,6.708204,9.433981,10.816654,12.206556,12.806248,13.453624,14.142136,14.142136,13.453624,12.806248,12.806248,12.041595,10.630146,9.433981,9.486833,10.049876,10.049876,10.440307,11.661904,12.806248,14.866069,16.278821,31.890437,33.24154,33.42155,31.622777,28.301943,22.825424,16.643317,10.630146,8.246211,8.544004,12.206556,14.21267,17.029386,17.691806,19.104973,19.849433,19.849433,19.849433,19.849433,19.849433,19.849433,19.849433,18.439089,16.401219,15.0,12.206556
20260626_160916,2026-06-26T07:09:17.961674Z,skeleton,RX3,22.561028,21.84033,21.84033,18.973666,17.088007,14.866069,12.083046,9.848858,8.544004,7.28011,7.071068,6.0,6.082763,6.324555,6.324555,7.211103,7.81025,8.485281,9.433981,10.77033,12.369317,14.142136,16.124515,17.029386,18.027756,19.026298,17.720045,13.341664,8.062258,4.472136,5.0,9.848858,13.892444,17.0,19.697716,20.615528,20.880613,20.396078,19.235384,18.0,16.03122,14.142136,12.369317,10.198039,8.246211,6.0,5.0,6.708204,9.219544,13.152946,17.262677,20.223748
20260626_160916,2026-06-26T07:09:17.991518Z,skeleton,RX1,26.172505,24.083189,21.260292,16.970563,13.453624,8.485281,5.0,2.236068,3.0,6.324555,8.246211,10.440307,12.649111,13.601471,14.866069,14.866069,14.317821,13.892444,12.206556,9.899495,8.602325,7.28011,7.28011,7.81025,8.602325,8.544004,6.082763,2.236068,2.236068,7.0,12.0,16.0,20.024984,23.086793,24.083189,24.186773,23.345235,22.36068,19.416488,17.464249,14.56022,11.401754,7.615773,4.472136,1.0,3.162278,7.211103,12.206556,16.401219,20.615528,24.758837,24.758837
20260626_160916,2026-06-26T07:09:18.021855Z,skeleton,RX2,3.162278,3.162278,5.0,6.324555,8.0,8.246211,8.944272,9.899495,9.433981,10.440307,11.045361,11.045361,11.401754,12.083046,11.661904,11.401754,10.630146,8.485281,7.071068,4.472136,3.162278,4.242641,7.615773,10.440307,14.866069,16.552945,36.055513,37.802116,36.878178,34.655447,30.413813,25.495098,20.248457,16.763055,16.03122,17.720045,19.313208,21.023796,21.023796,20.124612,19.723083,19.723083,18.867962,17.804494,18.439089,18.384776,18.384776,17.691806,17.029386,15.0,12.529964,9.486833
20260626_160916,2026-06-26T07:09:18.051444Z,skeleton,RX3,23.323808,22.36068,21.023796,18.384776,15.231546,13.0,10.29563,8.602325,8.485281,8.602325,9.433981,10.29563,11.18034,11.661904,11.661904,13.038405,13.038405,12.529964,12.083046,12.649111,12.369317,12.165525,13.038405,13.0,13.0,14.035669,16.155494,12.083046,8.602325,6.324555,7.28011,11.661904,15.0,18.027756,19.723083,20.124612,20.248457,19.646883,18.248288,16.03122,15.033296,13.038405,12.165525,9.055385,8.0,8.246211,8.944272,10.630146,14.142136,17.691806,20.615528,22.803509
20260626_160916,2026-06-26T07:09:18.081386Z,skeleton,RX1,5.0,9.055385,12.041595,15.033296,16.03122,17.0,16.0,15.033296,15.0,13.038405,11.0,9.0,6.082763,4.472136,3.605551,4.0,5.830952,7.81025,10.0,11.401754,12.206556,11.661904,11.18034,9.848858,8.246211,7.071068,18.384776,20.518285,21.931712,21.931712,20.518285,19.104973,15.620499,12.041595,7.81025,3.605551,2.0,5.0,8.602325,11.401754,13.601471,15.811388,16.643317,18.35756,19.235384,18.788294,18.384776,17.088007,15.811388,12.649111,9.219544,4.472136
20260626_160916,2026-06-26T07:09:18.111651Z,skeleton,RX2,9.055385,8.544004,9.219544,9.899495,11.313708,12.041595,12.806248,12.529964,12.083046,11.18034,11.0,9.219544,7.615773,6.403124,5.0,3.0,3.162278,4.472136,7.211103,10.440307,13.038405,15.132746,16.763055,17.492856,18.439089,17.804494,28.0,28.071338,28.071338,26.07681,23.0,20.099751,19.924859,19.235384,21.400935,23.430749,23.430749,23.430749,22.671568,20.615528,19.849433,18.439089,16.278821,15.620499,15.264338,15.652476,16.155494,16.763055,16.492423,16.492423,14.317821,12.165525
20260626_160916,2026-06-26T07:09:18.141264Z,skeleton,RX3,9.433981,7.28011,6.0,5.385165,5.656854,7.211103,8.062258,8.544004,8.944272,9.848858,10.77033,10.77033,11.7047,11.7047,12.649111,13.928388,13.928388,14.56022,14.56022,13.601471,13.341664,11.401754,9.219544,7.28011,5.09902,2.0,18.867962,22.472205,25.238859,26.925824,26.925824,25.553865,23.323808,19.235384,15.652476,11.18034,8.062258,4.472136,2.236068,2.236068,4.123106,6.324555,8.544004,9.848858,12.529964,13.892444,15.811388,17.029386,17.029386,17.029386,16.278821,14.21267
20260626_160916,2026-06-26T07:09:18.171575Z,skeleton,RX1,26.248809,22.022716,19.209373,15.0,10.630146,6.403124,4.123106,4.242641,6.324555,8.246211,11.401754,12.369317,13.601471,14.56022,15.524175,14.56022,14.317821,13.341664,11.045361,9.0,7.28011,7.071068,6.708204,8.062258,8.0,8.246211,8.944272,5.385165,2.828427,6.324555,12.083046,16.552945,20.124612,22.847319,24.698178,25.079872,24.351591,22.803509,20.615528,18.439089,15.132746,12.041595,8.062258,5.09902,2.236068,4.242641,8.602325,12.806248,17.804494,20.615528,24.041631,26.172505
20260626_160916,2026-06-26T07:09:18.201811Z,skeleton,RX2,10.049876,12.369317,12.369317,13.601471,13.601471,14.56022,13.341664,13.152946,12.041595,12.0,11.18034,10.77033,9.433981,9.219544,8.944272,9.055385,9.486833,10.630146,12.206556,14.56022,17.029386,19.104973,20.615528,20.615528,21.095023,20.615528,21.931712,22.022716,20.808652,18.867962,15.811388,12.041595,11.18034,12.727922,15.652476,18.027756,19.646883,20.396078,20.223748,19.104973,18.027756,17.0,15.033296,13.152946,11.401754,8.944272,7.81025,5.830952,5.09902,4.472136,5.0,6.324555
20260626_160916,2026-06-26T07:09:18.231951Z,skeleton,RX3,24.020824,24.0,22.090722,20.099751,17.117243,14.142136,12.041595,11.0,10.198039,9.486833,9.848858,11.18034,11.18034,13.0,13.416408,14.317821,14.317821,14.317821,14.317821,13.892444,13.038405,12.806248,12.727922,12.041595,12.806248,12.041595,19.235384,16.124515,12.369317,8.544004,6.708204,9.0,12.369317,15.297059,17.262677,19.104973,20.024984,19.026298,18.248288,17.720045,16.155494,15.652476,13.892444,12.529964,11.18034,10.77033,11.045361,12.041595,15.132746,18.248288,20.223748,22.36068
20260626_160916,2026-06-26T07:09:18.261102Z,skeleton,RX1,25.179357,24.083189,20.099751,16.03122,12.165525,8.062258,4.472136,3.162278,4.472136,6.403124,8.485281,10.630146,12.041595,12.806248,12.806248,13.453624,13.453624,11.313708,10.630146,8.062258,6.082763,6.082763,5.656854,7.211103,8.246211,9.055385,7.071068,3.162278,2.236068,6.082763,11.045361,15.132746,19.235384,22.203603,23.345235,24.515301,23.537205,21.84033,19.924859,18.027756,14.317821,11.18034,7.615773,4.123106,2.236068,4.123106,8.544004,13.0,17.088007,21.18962,23.769729,25.495098
20260626_160916,2026-06-26T07:09:18.292128Z,skeleton,RX2,13.0,10.77033,7.615773,4.472136,2.236068,3.162278,4.123106,6.324555,7.28011,8.246211,9.486833,11.7047,12.649111,13.928388,14.317821,15.652476,15.264338,15.0,13.453624,11.313708,9.433981,6.324555,4.0,3.605551,5.0,8.485281,9.848858,13.038405,16.03122,19.235384,21.213203,22.36068,22.203603,20.223748,18.11077,14.142136,10.049876,7.071068,3.605551,2.236068,4.472136,7.615773,10.440307,13.601471,15.811388,17.720045,19.646883,20.880613,20.248457,19.924859,18.027756,10.972527
20260626_160916,2026-06-26T07:09:18.321629Z,skeleton,RX3,10.29563,9.486833,9.0,9.219544,9.486833,8.944272,10.29563,9.433981,9.433981,9.433981,10.0,10.0,10.0,10.630146,10.630146,11.313708,12.806248,12.206556,13.038405,13.038405,12.529964,12.529964,11.18034,9.486833,8.062258,6.0,15.0,18.027756,20.099751,21.377558,22.561028,20.880613,19.313208,17.088007,14.317821,11.661904,8.062258,5.830952,4.123106,2.236068,3.605551,5.385165,6.708204,8.944272,10.29563,12.206556,14.21267,14.866069,14.866069,15.556349,14.866069,13.453624
20260626_160916,2026-06-26T07:09:18.356096Z,skeleton,RX1,26.832816,25.059928,21.470911,17.888544,13.416408,9.848858,5.0,3.605551,5.09902,8.062258,9.219544,11.18034,13.341664,14.317821,15.524175,15.524175,15.297059,14.56022,12.649111,10.77033,8.602325,6.403124,5.0,5.830952,6.403124,7.211103,8.485281,5.0,1.0,5.385165,9.848858,14.764823,18.35756,21.470911,23.259407,24.166092,23.259407,21.931712,19.313208,16.763055,13.341664,11.18034,7.28011,4.123106,1.0,4.0,8.062258,12.369317,17.720045,21.18962,24.166092,26.0
20260626_160916,2026-06-26T07:09:18.381499Z,skeleton,RX2,10.630146,8.062258,6.082763,5.385165,5.656854,7.211103,7.615773,8.544004,9.486833,10.440307,11.401754,11.401754,12.369317,13.341664,14.317821,14.142136,15.132746,14.0,14.035669,12.165525,10.440307,8.062258,5.656854,5.09902,5.385165,7.071068,8.062258,11.18034,14.317821,18.027756,21.400935,23.430749,22.671568,21.931712,19.104973,16.970563,12.041595,8.602325,5.0,1.0,3.162278,6.403124,9.219544,12.727922,14.21267,16.401219,18.601075,19.416488,19.416488,19.416488,17.804494,15.620499
20260626_160916,2026-06-26T07:09:18.412092Z,skeleton,RX3,12.529964,10.77033,9.055385,8.062258,7.615773,7.211103,8.485281,8.602325,8.602325,8.944272,9.848858,10.77033,11.401754,11.401754,12.369317,13.341664,14.142136,14.142136,15.033296,14.035669,13.038405,11.0,9.0,6.0,4.0,1.0,20.518285,24.041631,27.586228,28.319605,29.068884,26.248809,24.207437,20.615528,17.204651,13.601471,8.602325,5.0,2.236068,2.236068,4.472136,6.324555,8.544004,10.77033,12.083046,13.892444,15.811388,17.204651,17.804494,17.804494,17.804494,16.401219
20260626_160916,2026-06-26T07:09:18.441231Z,skeleton,RX1,4.123106,8.544004,12.083046,14.764823,16.124515,17.0,17.0,16.124515,14.764823,13.038405,11.661904,9.433981,7.81025,5.656854,4.123106,4.123106,5.656854,7.211103,8.544004,9.486833,10.440307,11.401754,11.18034,9.055385,7.0,5.0,19.235384,22.203603,24.186773,24.186773,24.186773,22.090722,19.104973,14.142136,10.198039,6.324555,1.414214,2.0,6.082763,9.219544,11.18034,14.317821,15.811388,17.088007,17.888544,19.235384,18.867962,18.867962,16.643317,13.601471,10.816654,6.708204
20260626_160916,2026-06-26T07:09:18.471689Z,skeleton,RX2,17.117243,18.11077,18.248288,18.248288,16.278821,15.297059,13.341664,11.401754,10.198039,8.246211,6.324555,5.09902,4.0,2.236068,3.0,5.09902,7.615773,11.18034,13.038405,15.811388,18.601075,19.209373,20.0,19.209373,18.439089,17.029386,14.764823,14.317821,13.0,10.440307,7.071068,3.605551,4.0,7.211103,11.313708,14.21267,16.401219,17.204651,17.204651,17.492856,16.643317,16.643317,14.422205,13.038405,10.816654,8.602325,5.656854,4.123106,4.242641,7.615773,10.440307,13.341664
20260626_160916,2026-06-26T07:09:18.504821Z,skeleton,RX3,9.433981,8.602325,8.544004,10.198039,11.0,12.0,12.0,13.0,13.0,12.0,12.0,12.0,11.0,11.0,10.049876,10.198039,9.848858,10.29563,10.0,9.899495,10.0,10.29563,9.848858,9.219544,8.062258,8.062258,17.691806,19.849433,22.803509,23.853721,23.323808,21.470911,18.788294,16.155494,12.649111,9.486833,6.324555,3.605551,3.0,4.472136,6.403124,7.81025,9.433981,11.661904,13.0,14.866069,16.492423,16.278821,16.124515,16.278821,15.132746,12.369317
20260626_160916,2026-06-26T07:09:18.532086Z,skeleton,RX1,28.231188,26.0,22.847319,18.788294,14.866069,9.486833,5.09902,3.605551,4.123106,6.082763,8.544004,10.77033,12.083046,13.0,13.0,13.928388,13.416408,12.083046,10.29563,7.81025,5.656854,5.09902,5.385165,5.656854,5.830952,6.708204,8.602325,5.0,1.0,5.0,10.630146,15.620499,19.849433,22.022716,24.207437,25.0,23.853721,22.472205,20.59126,17.888544,15.652476,12.083046,8.544004,4.472136,2.0,4.472136,9.219544,13.341664,17.720045,21.84033,26.248809,27.856777
20260626_160916,2026-06-26T07:09:18.561753Z,skeleton,RX2,19.416488,19.416488,18.027756,18.027756,15.264338,13.892444,11.661904,10.29563,8.062258,6.324555,5.385165,3.605551,1.414214,1.414214,4.123106,6.0,9.0,13.038405,16.124515,18.248288,20.396078,22.36068,22.561028,22.803509,21.84033,20.248457,17.117243,16.278821,14.317821,11.7047,8.602325,6.324555,8.246211,12.206556,15.556349,18.439089,19.209373,20.615528,20.615528,19.209373,17.029386,16.278821,14.142136,11.401754,8.602325,4.472136,2.828427,5.0,8.246211,12.083046,15.231546,17.492856
20260626_160916,2026-06-26T07:09:18.591526Z,skeleton,RX3,11.401754,12.041595,12.041595,13.038405,14.142136,14.142136,14.142136,13.152946,13.038405,12.0,12.0,11.045361,10.049876,10.198039,10.440307,11.18034,12.529964,13.601471,15.620499,17.029386,17.691806,17.691806,16.970563,14.866069,14.142136,11.313708,14.764823,17.0,18.384776,18.973666,19.646883,18.248288,16.124515,14.035669,11.045361,9.055385,7.071068,5.385165,4.242641,5.0,6.324555,7.615773,8.944272,10.29563,11.661904,13.601471,14.21267,14.866069,15.556349,14.142136,13.453624,12.806248
20260626_160916,2026-06-26T07:09:18.624629Z,skeleton,RX1,27.294688,26.172505,22.090722,18.11077,14.142136,9.219544,5.385165,2.0,4.242641,7.211103,8.602325,10.29563,11.661904,13.416408,13.416408,13.416408,13.416408,11.7047,9.486833,8.062258,7.071068,5.830952,5.830952,7.071068,8.0,8.062258,7.28011,4.123106,1.414214,6.708204,11.661904,16.552945,20.124612,23.259407,24.596748,25.059928,24.186773,22.472205,20.248457,18.027756,15.0,11.401754,7.81025,3.605551,1.414214,4.123106,9.486833,13.928388,17.720045,22.803509,25.495098,27.45906
20260626_160916,2026-06-26T07:09:18.651359Z,skeleton,RX2,19.646883,18.439089,18.248288,16.278821,14.142136,12.165525,11.18034,9.055385,8.062258,7.071068,6.0,5.0,3.162278,2.828427,3.162278,5.09902,6.324555,8.944272,11.661904,14.422205,16.401219,17.804494,19.209373,18.439089,18.439089,16.970563,15.264338,15.0,13.453624,11.401754,9.219544,8.246211,9.899495,12.529964,14.866069,17.720045,18.439089,18.439089,17.262677,17.262677,14.317821,12.649111,9.486833,7.211103,5.0,5.0,6.403124,10.0,12.529964,15.231546,18.027756,18.973666
20260626_160916,2026-06-26T07:09:18.681286Z,skeleton,RX3,12.165525,13.152946,14.035669,14.035669,14.035669,14.0,13.0,13.0,12.041595,11.045361,10.049876,9.0,9.055385,9.219544,9.848858,10.816654,13.038405,15.0,16.401219,17.804494,18.601075,18.867962,17.492856,15.264338,13.892444,10.29563,12.727922,14.866069,16.401219,18.027756,18.35756,17.0,15.652476,13.928388,11.7047,10.77033,8.544004,6.708204,6.403124,7.071068,6.403124,8.062258,8.602325,10.29563,11.401754,12.206556,12.806248,13.453624,13.453624,13.601471,13.038405,12.083046
20260626_160916,2026-06-26T07:09:18.711525Z,skeleton,RX1,25.079872,23.706539,20.124612,16.552945,12.083046,8.544004,5.0,2.828427,5.0,7.28011,8.544004,10.77033,12.083046,12.083046,13.416408,13.892444,12.529964,12.206556,10.630146,9.219544,7.615773,6.082763,6.082763,5.830952,5.656854,5.830952,8.485281,3.605551,2.236068,6.324555,11.7047,16.552945,21.023796,23.259407,24.166092,25.079872,24.166092,21.540659,18.973666,15.524175,13.341664,10.198039,6.0,3.0,1.414214,5.0,10.0,14.142136,18.248288,21.84033,24.351591,26.570661
20260626_160916,2026-06-26T07:09:18.741495Z,skeleton,RX2,9.899495,8.944272,9.219544,10.0,10.049876,10.198039,10.440307,10.77033,10.77033,10.77033,11.7047,12.083046,12.083046,13.0,13.416408,14.317821,14.317821,14.317821,12.529964,11.661904,10.0,7.071068,5.830952,5.0,5.0,7.211103,12.206556,12.806248,14.317821,16.492423,17.029386,17.029386,16.03122,14.142136,11.401754,7.615773,3.605551,1.414214,5.09902,8.0,11.045361,13.152946,15.132746,17.262677,18.248288,19.416488,19.235384,19.235384,18.248288,16.03122,15.033296,12.369317
20260626_160916,2026-06-26T07:09:18.773389Z,skeleton,RX3,13.0,12.649111,13.341664,14.317821,14.142136,13.341664,12.369317,11.401754,10.440307,9.486833,9.219544,8.062258,8.0,8.062258,9.486833,11.18034,12.529964,15.264338,17.0,18.35756,18.788294,18.384776,18.027756,15.811388,13.601471,10.440307,11.401754,13.601471,15.524175,16.278821,16.124515,16.03122,15.0,13.0,12.041595,10.0,9.0,7.071068,6.324555,6.324555,6.708204,8.062258,8.602325,10.0,10.816654,11.661904,12.529964,13.038405,13.038405,13.601471,12.806248,12.041595
20260626_160916,2026-06-26T07:09:18.801237Z,skeleton,RX1,25.298221,25.0,20.880613,16.763055,13.341664,8.544004,4.472136,2.0,3.162278,6.082763,8.062258,10.049876,11.045361,12.041595,13.038405,13.0,13.0,12.165525,10.440307,9.848858,8.602325,7.81025,7.615773,7.0,7.071068,6.324555,6.708204,3.162278,2.236068,8.062258,13.416408,17.888544,21.470911,24.596748,25.942244,26.41969,25.059928,23.323808,20.248457,17.204651,14.422205,10.630146,7.071068,2.828427,1.0,5.0,10.0,13.892444,18.35756,22.36068,26.0,26.570661
20260626_160916,2026-06-26T07:09:18.831796Z,skeleton,RX2,19.209373,19.104973,17.691806,16.278821,14.866069,12.806248,10.0,8.602325,8.062258,6.324555,5.09902,5.0,4.123106,5.0,5.656854,7.211103,9.848858,11.7047,14.317821,16.124515,18.027756,20.024984,21.0,20.024984,20.024984,18.11077,13.038405,13.0,12.369317,11.0,9.848858,10.630146,12.649111,15.033296,17.029386,18.248288,19.416488,19.646883,18.681542,16.763055,14.56022,12.649111,10.198039,8.062258,5.09902,4.472136,6.0,9.486833,12.529964,15.811388,18.027756,19.209373
20260626_160916,2026-06-26T07:09:18.861438Z,skeleton,RX3,23.4094,21.540659,19.697716,18.384776,16.155494,14.866069,13.341664,13.341664,13.152946,14.142136,14.317821,14.56022,14.866069,15.652476,15.652476,15.264338,15.0,13.601471,12.206556,10.77033,11.045361,13.038405,14.56022,17.720045,19.646883,20.615528,15.811388,13.601471,11.401754,9.219544,7.615773,8.0,9.055385,11.18034,13.152946,14.142136,14.035669,15.033296,14.142136,13.601471,12.649111,13.0,11.661904,12.083046,11.18034,11.7047,13.601471,15.524175,17.464249,19.416488,21.587033,23.086793
20260626_160916,2026-06-26T07:09:18.892169Z,skeleton,RX1,5.09902,9.486833,12.649111,16.492423,16.492423,17.464249,17.464249,15.524175,15.297059,13.341664,11.7047,8.544004,7.211103,5.0,4.123106,4.123106,5.0,6.403124,8.062258,9.486833,9.219544,9.055385,9.055385,7.28011,7.211103,6.403124,20.808652,23.021729,25.238859,25.238859,24.698178,21.633308,18.027756,14.422205,8.602325,3.605551,1.414214,5.0,9.219544,12.041595,14.866069,16.970563,18.384776,19.849433,20.615528,20.808652,20.248457,19.235384,17.0,13.416408,8.944272,4.472136
20260626_160916,2026-06-26T07:09:18.922096Z,skeleton,RX2,18.973666,19.924859,18.973666,16.763055,15.811388,14.56022,12.649111,10.440307,8.246211,7.071068,6.082763,5.0,4.472136,5.0,5.385165,7.0,9.055385,11.401754,13.928388,16.124515,18.027756,19.416488,19.209373,19.849433,18.384776,17.029386,14.764823,15.264338,13.453624,12.806248,9.848858,9.0,9.433981,11.401754,13.892444,15.231546,17.088007,17.720045,16.492423,15.524175,14.317821,12.369317,10.440307,7.615773,5.0,3.162278,3.605551,6.708204,9.848858,12.649111,15.811388,17.720045
20260626_160916,2026-06-26T07:09:18.951512Z,skeleton,RX3,23.430749,22.203603,20.248457,18.027756,15.811388,13.601471,12.806248,11.313708,11.313708,11.401754,12.806248,13.453624,13.453624,14.866069,15.0,15.0,14.422205,14.422205,12.806248,12.041595,12.206556,13.0,14.56022,16.278821,18.248288,19.416488,15.524175,13.341664,10.049876,8.062258,7.211103,9.433981,11.18034,13.928388,15.652476,16.124515,17.204651,17.029386,15.556349,14.422205,13.038405,13.0,12.083046,11.18034,10.29563,10.816654,12.041595,14.142136,16.278821,18.439089,21.213203,23.345235
20260626_160916,2026-06-26T07:09:18.982232Z,skeleton,RX1,5.0,9.219544,12.041595,14.866069,15.620499,15.620499,15.620499,14.866069,13.453624,12.041595,9.899495,7.81025,5.830952,4.472136,2.0,2.828427,4.0,5.09902,6.324555,6.708204,7.211103,7.071068,7.211103,6.708204,5.09902,5.09902,18.0,21.0,22.0,23.0,22.022716,19.0,16.0,12.0,7.071068,3.162278,2.0,5.0,9.055385,11.0,14.0,16.03122,17.117243,19.235384,19.235384,19.416488,18.681542,17.720045,15.811388,12.369317,9.219544,4.0
20260626_160916,2026-06-26T07:09:19.011943Z,skeleton,RX2,9.486833,6.324555,4.123106,1.414214,3.162278,5.0,7.071068,9.219544,10.630146,12.041595,13.453624,14.142136,15.556349,16.278821,17.029386,17.204651,17.204651,17.0,14.866069,13.341664,11.0,8.544004,7.81025,8.544004,10.0,11.401754,11.401754,12.649111,14.0,17.117243,19.646883,21.84033,22.135944,21.18962,18.027756,15.231546,12.083046,8.062258,3.605551,1.0,3.162278,7.0,10.049876,12.165525,14.317821,16.492423,17.720045,18.973666,19.313208,18.384776,17.464249,15.231546
20260626_160916,2026-06-26T07:09:19.042586Z,skeleton,RX3,23.537205,23.086793,21.18962,19.313208,17.088007,13.928388,12.649111,11.18034,10.049876,11.0,11.045361,12.041595,13.0,14.0,15.033296,15.033296,15.132746,15.033296,14.035669,13.0,13.152946,12.649111,13.892444,15.811388,17.204651,17.204651,16.03122,13.038405,10.198039,6.708204,6.708204,9.055385,12.041595,15.033296,17.0,18.027756,18.248288,17.720045,17.088007,16.124515,14.422205,13.601471,12.041595,10.630146,10.0,9.848858,10.440307,13.152946,15.033296,18.027756,21.095023,23.086793
20260626_160916,2026-06-26T07:09:19.076288Z,skeleton,RX1,28.284271,25.317978,22.203603,18.11077,12.165525,9.219544,4.472136,3.162278,4.242641,6.403124,8.602325,10.29563,10.816654,12.206556,13.038405,13.038405,12.529964,11.18034,9.486833,8.246211,6.0,5.385165,5.0,5.385165,6.082763,6.0,8.544004,5.09902,1.414214,5.656854,10.816654,15.811388,19.416488,22.203603,25.0,25.0,24.207437,23.430749,20.615528,17.691806,14.142136,11.313708,7.071068,4.242641,5.385165,9.848858,14.866069,18.973666,22.803509,26.683328,28.442925,15.7568165
20260626_160916,2026-06-26T07:09:19.102257Z,skeleton,RX2,14.764823,16.552945,16.552945,17.464249,16.155494,15.231546,13.0,12.083046,9.848858,8.944272,6.403124,4.242641,3.162278,2.828427,5.385165,8.062258,11.0,13.152946,16.492423,18.027756,19.235384,19.723083,20.0,19.209373,17.691806,15.0,17.720045,18.973666,18.973666,17.088007,14.317821,11.401754,8.062258,7.0,8.944272,11.313708,14.21267,15.811388,16.643317,16.643317,17.0,16.124515,15.652476,14.317821,12.083046,9.848858,7.28011,4.123106,2.236068,2.828427,7.211103,9.433981
20260626_160916,2026-06-26T07:09:19.133493Z,skeleton,RX3,23.323808,24.413111,21.400935,19.849433,17.029386,14.866069,12.806248,10.816654,10.29563,9.848858,10.77033,11.401754,11.401754,12.649111,13.601471,13.928388,14.866069,14.866069,14.56022,14.142136,14.035669,14.035669,15.297059,15.524175,16.763055,16.763055,17.204651,13.038405,9.848858,7.0,7.211103,10.29563,14.317821,16.552945,19.235384,21.095023,20.808652,20.518285,19.104973,18.027756,16.124515,15.231546,13.0,11.7047,10.29563,9.219544,10.0,11.661904,14.317821,18.027756,20.615528,21.931712
20260626_160916,2026-06-26T07:09:19.162020Z,skeleton,RX1,26.925824,24.738634,20.615528,17.464249,12.369317,7.615773,4.242641,3.162278,5.0,7.615773,10.29563,11.18034,12.529964,13.416408,14.764823,13.892444,13.416408,12.083046,10.77033,9.219544,7.0,6.324555,6.403124,6.324555,8.062258,8.062258,8.062258,4.123106,2.236068,6.708204,11.401754,15.524175,19.924859,23.086793,24.351591,25.632011,25.298221,23.769729,21.023796,18.35756,15.264338,13.038405,9.433981,5.830952,2.0,3.162278,7.615773,13.0,18.788294,22.472205,25.632011,27.513633
20260626_160916,2026-06-26T07:09:19.191592Z,skeleton,RX2,12.529964,9.433981,6.708204,3.162278,1.0,2.236068,3.605551,6.403124,7.81025,10.0,10.0,12.206556,12.529964,13.416408,14.866069,14.317821,15.132746,14.035669,13.152946,10.77033,8.602325,6.403124,5.09902,4.242641,5.09902,7.071068,9.486833,10.0,13.928388,17.0,21.095023,23.323808,24.698178,25.553865,24.186773,21.470911,18.35756,15.264338,11.401754,8.485281,6.324555,7.071068,8.062258,9.899495,12.806248,15.0,16.643317,18.027756,19.723083,20.248457,18.867962,17.492856
20260626_160916,2026-06-26T07:09:19.227522Z,skeleton,RX3,21.023796,21.470911,19.723083,18.027756,15.0,12.806248,10.0,8.602325,7.211103,7.28011,6.082763,7.0,8.0,9.055385,10.049876,10.049876,11.18034,11.18034,11.401754,13.0,12.529964,13.601471,14.866069,15.556349,16.278821,14.866069,16.492423,12.649111,8.544004,5.0,5.385165,8.485281,13.453624,16.278821,19.104973,20.615528,19.416488,19.235384,18.384776,16.763055,15.297059,14.035669,11.0,10.0,8.062258,6.324555,6.403124,8.062258,11.7047,14.56022,17.720045,19.924859
20260626_160916,2026-06-26T07:09:19.251748Z,skeleton,RX1,5.656854,9.433981,12.529964,15.652476,17.0,17.0,16.124515,15.264338,13.892444,11.661904,10.29563,8.062258,5.385165,4.123106,2.236068,3.162278,6.0,8.062258,9.219544,11.401754,12.369317,12.369317,12.369317,10.77033,8.944272,7.615773,17.029386,19.849433,21.260292,21.260292,20.518285,19.104973,16.278821,12.806248,8.602325,4.472136,1.414214,4.123106,7.28011,9.848858,11.7047,14.866069,16.763055,17.464249,18.439089,19.235384,19.104973,18.027756,16.03122,13.038405,10.049876,5.385165
20260626_160916,2026-06-26T07:09:19.283136Z,skeleton,RX2,6.403124,3.162278,1.0,4.123106,6.324555,7.28011,9.486833,9.486833,10.440307,11.401754,11.18034,11.045361,12.041595,12.0,12.041595,12.165525,11.401754,10.29563,8.602325,7.071068,5.0,3.162278,1.0,2.828427,5.0,7.28011,11.18034,11.661904,14.866069,18.601075,21.954498,25.238859,26.07681,25.806976,24.207437,20.615528,17.029386,12.806248,9.433981,6.324555,5.385165,7.071068,9.433981,12.083046,14.317821,16.552945,17.888544,17.888544,18.35756,17.492856,15.811388,12.206556
20260626_160916,2026-06-26T07:09:19.312214Z,skeleton,RX3,22.803509,23.086793,21.18962,19.313208,16.155494,14.317821,11.7047,9.486833,7.071068,7.071068,6.324555,7.211103,7.81025,8.485281,10.630146,11.401754,12.206556,13.892444,13.416408,14.317821,14.866069,15.524175,15.132746,15.033296,15.0,14.0,15.231546,11.18034,6.324555,2.236068,5.385165,10.0,14.422205,17.492856,20.124612,21.023796,21.18962,19.924859,18.439089,17.117243,15.0,13.038405,11.045361,9.055385,6.082763,5.09902,5.0,7.28011,11.045361,14.035669,17.117243,20.223748
20260626_160916,2026-06-26T07:09:19.342274Z,skeleton,RX1,25.495098,23.345235,20.518285,16.278821,11.313708,6.403124,3.162278,2.236068,5.0,7.071068,9.055385,10.198039,12.165525,13.152946,13.038405,13.152946,13.152946,12.041595,10.198039,8.246211,5.830952,3.605551,3.162278,4.242641,5.830952,6.708204,8.062258,4.123106,1.0,6.0,11.045361,15.0,19.0,22.0,23.0,23.0,22.022716,21.095023,18.11077,15.132746,13.152946,9.219544,6.082763,3.0,1.414214,5.830952,10.0,15.0,18.439089,22.671568,25.495098,26.870058
20260626_160916,2026-06-26T07:09:19.371364Z,skeleton,RX2,19.416488,18.867962,18.35756,17.0,15.231546,13.0,11.401754,9.055385,8.0,6.324555,5.0,5.830952,7.071068,7.071068,8.544004,10.816654,11.313708,13.601471,14.317821,15.524175,16.124515,16.0,16.278821,15.524175,15.231546,13.038405,22.847319,25.079872,23.259407,21.470911,17.204651,14.142136,10.77033,11.18034,13.416408,16.401219,18.384776,19.104973,19.849433,19.209373,18.439089,16.401219,14.422205,12.206556,9.433981,6.324555,3.0,3.162278,6.324555,10.29563,14.422205,15.811388
20260626_160916,2026-06-26T07:09:19.401269Z,skeleton,RX3,7.28011,5.09902,5.656854,7.615773,8.544004,10.440307,11.401754,12.369317,12.369317,12.369317,11.7047,11.401754,10.440307,10.440307,9.219544,9.055385,8.0,8.062258,6.708204,6.403124,6.403124,6.708204,6.324555,6.0,5.09902,5.385165,19.416488,22.472205,25.238859,25.806976,26.400758,24.207437,20.615528,17.804494,13.453624,9.899495,5.830952,3.162278,2.236068,4.0,6.0,9.055385,10.049876,12.165525,13.601471,15.231546,15.652476,16.124515,16.643317,15.811388,14.422205,11.661904
20260626_160916,2026-06-26T07:09:19.431438Z,skeleton,RX1,24.413111,22.203603,19.209373,15.0,10.0,6.403124,2.236068,1.414214,5.0,7.071068,9.219544,10.630146,12.806248,14.21267,14.21267,14.21267,14.21267,12.041595,10.630146,8.602325,6.708204,4.0,3.605551,4.123106,6.0,6.082763,6.082763,2.236068,3.0,7.071068,12.041595,16.124515,20.099751,22.090722,24.083189,24.186773,23.086793,21.095023,19.104973,16.124515,13.152946,11.18034,7.071068,3.0,1.414214,4.472136,8.944272,13.416408,17.0,21.095023,23.853721,25.238859
20260626_160916,2026-06-26T07:09:19.461555Z,skeleton,RX2,17.088007,16.155494,16.155494,14.866069,13.928388,12.649111,10.198039,8.062258,7.0,5.09902,3.605551,3.0,3.605551,5.830952,8.544004,10.198039,13.038405,15.132746,16.763055,18.788294,18.601075,18.384776,17.204651,17.0,14.866069,13.152946,18.384776,20.248457,19.924859,19.646883,18.11077,17.029386,15.524175,15.652476,15.811388,16.970563,17.691806,17.804494,17.204651,15.811388,14.422205,13.038405,11.661904,8.944272,7.28011,5.0,4.242641,5.385165,8.0,10.198039,12.649111,14.866069
20260626_160916,2026-06-26T07:09:19.491421Z,skeleton,RX3,7.28011,6.403124,6.324555,8.062258,10.049876,11.18034,12.165525,12.165525,13.152946,13.152946,12.165525,12.165525,11.18034,11.18034,10.198039,9.486833,9.848858,9.433981,8.485281,8.602325,8.062258,7.28011,7.071068,7.071068,6.324555,6.708204,19.0,22.0,25.019992,26.019224,27.073973,25.079872,22.203603,19.235384,15.297059,11.401754,8.246211,5.09902,2.236068,3.0,5.09902,7.28011,9.219544,11.18034,13.152946,15.033296,16.0,17.117243,17.117243,16.124515,15.132746,13.038405
20260626_160916,2026-06-26T07:09:19.523798Z,skeleton,RX1,25.612497,23.345235,19.104973,15.620499,10.630146,6.403124,2.236068,1.414214,4.242641,7.81025,9.219544,11.313708,13.453624,14.142136,14.866069,14.21267,14.866069,13.601471,12.206556,10.29563,7.28011,5.0,3.605551,4.123106,5.09902,5.385165,6.403124,2.236068,3.0,7.615773,13.416408,17.464249,20.615528,22.847319,25.079872,25.079872,24.698178,22.472205,19.697716,16.552945,13.0,10.77033,6.708204,3.162278,1.414214,5.830952,10.0,14.422205,18.027756,22.203603,24.207437,26.400758
20260626_160916,2026-06-26T07:09:19.551758Z,skeleton,RX2,17.088007,18.027756,16.155494,16.155494,13.928388,13.0,11.7047,9.219544,8.246211,6.0,4.123106,2.828427,3.162278,5.0,8.602325,10.29563,13.601471,15.132746,18.0,19.104973,19.646883,19.697716,18.867962,17.029386,14.866069,12.529964,15.0,15.264338,15.231546,14.56022,15.132746,14.142136,14.866069,16.124515,17.204651,18.439089,19.104973,18.384776,17.691806,16.278821,14.866069,14.21267,11.401754,9.433981,7.615773,6.0,4.472136,5.385165,8.062258,10.049876,12.165525,13.601471
20260626_160916,2026-06-26T07:09:19.582174Z,skeleton,RX3,11.045361,9.848858,9.219544,10.0,11.18034,12.083046,12.649111,12.649111,12.649111,12.649111,13.0,13.0,13.0,11.7047,11.7047,11.401754,11.18034,11.18034,11.0,10.049876,9.219544,8.544004,7.615773,7.211103,5.656854,5.830952,16.124515,19.235384,21.931712,23.769729,24.351591,22.561028,21.377558,18.248288,15.033296,12.041595,9.055385,6.082763,3.605551,3.605551,5.0,7.071068,8.062258,10.049876,13.0,15.0,16.03122,18.248288,17.262677,18.248288,17.262677,15.132746
20260626_160916,2026-06-26T07:09:19.611417Z,skeleton,RX1,26.400758,24.207437,20.0,16.401219,11.401754,7.81025,2.828427,1.0,4.242641,7.071068,9.219544,10.630146,12.041595,12.806248,14.866069,13.453624,13.601471,12.806248,10.816654,8.062258,6.324555,4.0,2.828427,4.0,4.472136,6.403124,7.071068,2.828427,2.236068,7.211103,13.038405,16.643317,21.095023,23.323808,24.186773,25.059928,23.323808,21.954498,18.35756,16.124515,13.038405,10.0,6.403124,2.236068,2.0,6.324555,11.18034,16.124515,20.0,24.413111,26.400758,27.802878
20260626_160916,2026-06-26T07:09:19.641345Z,skeleton,RX2,12.083046,8.944272,5.385165,1.414214,1.0,4.472136,7.615773,9.486833,11.7047,13.0,14.317821,15.652476,16.124515,17.204651,17.804494,17.691806,17.029386,15.264338,13.601471,11.0,9.486833,8.485281,8.544004,10.0,11.401754,12.529964,13.453624,13.892444,15.524175,17.117243,19.026298,21.0,21.023796,19.026298,17.117243,14.142136,11.401754,8.544004,5.656854,4.0,6.708204,8.602325,10.630146,12.806248,15.264338,17.204651,19.235384,20.124612,21.023796,20.615528,19.697716,17.464249
20260626_160916,2026-06-26T07:09:19.671768Z,skeleton,RX3,26.400758,26.0,26.0,24.351591,22.135944,18.973666,16.763055,13.928388,12.083046,9.433981,8.485281,8.602325,8.544004,9.219544,11.045361,12.0,14.035669,15.132746,16.278821,17.720045,18.027756,18.384776,18.788294,17.888544,17.888544,16.124515,18.027756,15.652476,10.77033,6.324555,1.0,4.123106,9.055385,12.0,15.033296,17.262677,17.720045,18.384776,18.35756,17.204651,16.278821,15.556349,14.21267,13.601471,11.401754,9.899495,8.602325,8.062258,11.045361,13.928388,18.384776,21.023796
20260626_160916,2026-06-26T07:09:19.701260Z,skeleton,RX1,27.294688,25.317978,21.213203,16.124515,12.165525,7.071068,3.162278,1.0,5.0,8.0,10.049876,12.041595,14.035669,15.033296,15.033296,15.033296,16.124515,14.317821,12.369317,9.486833,7.615773,5.0,3.162278,2.828427,4.123106,5.0,6.082763,2.236068,3.162278,8.0,14.035669,18.027756,22.022716,25.079872,26.172505,27.166155,25.179357,23.194827,21.095023,18.11077,15.033296,12.0,8.0,4.123106,2.0,5.830952,9.486833,14.317821,19.235384,23.345235,26.305893,27.166155
20260626_160916,2026-06-26T07:09:19.732099Z,skeleton,RX2,16.124515,12.529964,9.433981,5.656854,2.236068,2.236068,5.0,7.0,10.049876,12.041595,13.152946,15.132746,16.278821,17.464249,17.720045,18.027756,17.464249,16.124515,15.0,12.041595,10.29563,8.062258,7.615773,8.485281,10.29563,10.440307,8.246211,10.049876,12.529964,15.811388,18.439089,19.79899,21.213203,20.518285,19.209373,17.029386,13.601471,10.816654,6.708204,4.123106,2.236068,4.123106,6.708204,10.0,12.041595,14.866069,17.029386,19.209373,20.808652,21.633308,21.954498,21.095023
20260626_160916,2026-06-26T07:09:19.761661Z,skeleton,RX3,23.4094,24.698178,24.351591,22.135944,21.18962,17.720045,15.811388,12.649111,10.77033,8.062258,7.071068,5.830952,5.09902,6.082763,7.615773,9.433981,11.401754,12.727922,14.21267,15.811388,17.492856,17.888544,18.384776,17.720045,16.492423,15.524175,18.439089,14.422205,10.29563,5.09902,2.236068,6.708204,10.630146,14.142136,16.401219,18.027756,18.35756,18.788294,18.027756,16.492423,15.132746,14.035669,13.0,11.045361,9.055385,7.0,5.09902,4.472136,7.0,10.440307,14.866069,19.313208
20260626_160916,2026-06-26T07:09:19.791272Z,skeleton,RX1,6.082763,10.049876,13.152946,16.124515,18.11077,18.11077,18.11077,17.117243,16.124515,14.142136,12.041595,10.049876,8.062258,5.0,3.162278,1.0,2.828427,5.385165,8.246211,10.198039,11.18034,11.045361,12.0,10.049876,9.219544,7.615773,18.11077,20.024984,22.022716,22.022716,21.023796,19.0,16.03122,13.038405,8.062258,4.472136,2.0,4.472136,7.28011,10.440307,12.369317,15.297059,16.124515,18.11077,18.027756,19.026298,19.0,18.0,16.0,12.0,8.062258,4.0
20260626_160916,2026-06-26T07:09:19.821382Z,skeleton,RX2,17.088007,13.928388,10.77033,7.28011,3.0,2.0,4.242641,7.81025,10.0,12.206556,13.892444,14.764823,16.552945,17.464249,18.027756,18.681542,17.464249,17.117243,15.033296,13.341664,10.77033,8.485281,7.615773,7.0,7.615773,9.219544,8.602325,10.440307,13.0,17.117243,19.235384,21.587033,21.587033,20.615528,18.973666,17.088007,13.928388,10.77033,7.211103,5.0,3.162278,4.242641,6.324555,9.055385,12.0,14.035669,16.278821,19.416488,20.880613,22.135944,22.472205,21.540659
20260626_160916,2026-06-26T07:09:19.851940Z,skeleton,RX3,5.830952,4.0,5.656854,7.211103,9.486833,10.77033,11.7047,13.0,13.0,13.0,12.083046,12.083046,12.083046,11.18034,11.18034,10.77033,10.440307,9.219544,8.062258,7.071068,6.324555,5.830952,5.656854,4.472136,5.09902,5.09902,18.439089,21.587033,24.515301,25.495098,25.317978,23.345235,20.223748,17.117243,13.038405,9.055385,5.09902,2.236068,1.414214,4.472136,6.324555,8.062258,10.0,11.401754,13.453624,14.866069,16.401219,17.204651,16.643317,15.811388,14.422205,12.206556
20260626_160916,2026-06-26T07:09:19.881398Z,skeleton,RX1,4.472136,9.219544,12.806248,15.620499,16.278821,17.691806,17.029386,17.029386,15.0,13.601471,11.401754,9.219544,7.81025,5.656854,2.236068,1.414214,4.0,6.082763,8.544004,10.77033,12.083046,12.529964,12.206556,12.041595,9.899495,8.602325,16.492423,18.439089,19.416488,19.646883,19.646883,17.464249,14.56022,11.401754,7.615773,3.605551,1.414214,4.0,7.0,10.049876,12.165525,14.56022,15.811388,17.088007,18.384776,18.384776,18.788294,17.888544,16.124515,12.529964,8.944272,5.385165
20260626_160916,2026-06-26T07:09:19.911445Z,skeleton,RX2,19.026298,16.03122,13.038405,8.246211,5.830952,3.0,5.0,7.211103,10.29563,11.7047,13.601471,15.524175,16.278821,17.117243,17.029386,18.0,17.117243,15.524175,13.928388,11.661904,9.219544,7.615773,7.071068,7.211103,8.485281,9.848858,7.81025,10.816654,13.0,17.464249,19.416488,21.377558,21.377558,20.223748,19.104973,16.03122,13.038405,10.049876,6.324555,4.242641,5.0,5.830952,8.485281,10.816654,12.529964,15.231546,17.720045,19.646883,21.213203,23.194827,23.021729,23.021729
20260626_160916,2026-06-26T07:09:19.941825Z,skeleton,RX3,6.0,5.0,6.708204,8.246211,10.198039,11.045361,11.045361,12.165525,12.165525,11.18034,11.401754,11.401754,10.440307,10.198039,9.219544,9.055385,9.0,9.055385,8.246211,8.944272,8.602325,8.485281,7.81025,8.062258,7.615773,7.28011,18.35756,21.954498,24.186773,25.553865,24.698178,23.853721,20.808652,17.204651,13.601471,9.219544,5.830952,3.162278,2.236068,4.0,6.0,8.0,10.049876,12.165525,13.341664,14.866069,15.231546,15.652476,16.124515,15.264338,14.422205,11.18034
20260626_160916,2026-06-26T07:09:19.971420Z,skeleton,RX1,27.856777,26.570661,23.4094,18.384776,13.928388,9.486833,4.123106,1.414214,4.472136,6.403124,9.219544,12.041595,13.453624,15.620499,15.620499,17.029386,16.970563,15.556349,14.21267,10.816654,8.544004,6.0,5.0,5.385165,7.0,7.28011,8.544004,5.09902,2.236068,5.0,9.433981,13.892444,17.0,20.124612,23.259407,22.847319,22.472205,21.18962,18.973666,16.763055,14.56022,11.18034,8.062258,4.123106,1.0,4.0,8.062258,13.152946,17.464249,22.803509,25.96151,28.460499
20260626_160916,2026-06-26T07:09:20.002087Z,skeleton,RX2,15.556349,18.384776,19.104973,20.518285,19.849433,19.104973,17.691806,16.278821,14.142136,11.313708,9.219544,7.211103,5.09902,4.123106,4.472136,7.0,9.219544,11.7047,13.416408,15.264338,15.620499,16.278821,16.278821,14.422205,13.892444,11.7047,15.0,15.0,13.601471,10.816654,7.615773,5.0,5.0,8.062258,11.045361,14.317821,16.278821,16.492423,17.720045,17.720045,17.088007,16.155494,15.231546,13.892444,11.661904,10.0,7.81025,5.830952,3.162278,2.236068,4.472136,8.602325
20260626_160916,2026-06-26T07:09:20.032230Z,skeleton,RX3,24.0,24.020824,22.090722,20.223748,16.278821,13.341664,11.18034,8.062258,7.071068,6.324555,6.708204,7.81025,8.485281,9.899495,11.313708,12.041595,13.453624,14.21267,14.142136,13.453624,13.601471,13.038405,13.416408,12.649111,12.369317,12.165525,18.439089,13.453624,10.29563,6.082763,7.071068,9.848858,14.56022,16.763055,18.973666,20.615528,19.723083,20.0,18.439089,17.691806,15.0,14.422205,12.529964,10.29563,8.602325,7.071068,7.28011,10.0,13.038405,16.278821,20.223748,23.086793
20260626_160916,2026-06-26T07:09:20.061657Z,skeleton,RX1,3.605551,7.211103,10.816654,13.453624,15.620499,15.620499,16.401219,15.620499,14.21267,12.806248,11.401754,8.602325,7.071068,4.242641,3.0,2.828427,5.0,7.071068,9.219544,11.7047,13.0,13.928388,13.892444,13.038405,11.401754,9.219544,15.132746,17.117243,19.104973,19.235384,19.235384,17.117243,15.132746,11.18034,8.246211,4.123106,3.0,6.082763,9.219544,10.440307,13.601471,14.56022,16.155494,16.552945,17.888544,17.492856,17.492856,15.811388,13.601471,10.0,5.830952,28.158638
20260626_160916,2026-06-26T07:09:20.096628Z,skeleton,RX2,14.317821,17.464249,18.439089,19.646883,19.646883,18.681542,17.720045,15.811388,13.601471,11.401754,9.219544,7.071068,5.0,3.605551,4.472136,6.082763,8.544004,10.29563,12.806248,14.866069,15.556349,16.278821,16.401219,15.811388,14.422205,13.416408,13.453624,13.453624,12.041595,10.0,7.211103,3.162278,2.0,5.830952,9.219544,12.041595,14.866069,16.278821,16.278821,17.029386,16.401219,16.401219,15.264338,14.764823,13.416408,11.7047,9.486833,6.324555,3.162278,1.0,4.123106,8.062258
20260626_160916,2026-06-26T07:09:20.121478Z,skeleton,RX3,7.071068,8.062258,9.899495,10.630146,12.806248,13.453624,13.453624,14.142136,13.453624,12.806248,12.206556,10.816654,10.0,10.0,9.219544,9.219544,9.433981,10.440307,11.18034,12.041595,13.0,14.035669,13.038405,13.152946,12.165525,11.401754,15.524175,18.681542,20.615528,21.377558,21.213203,20.099751,18.027756,15.0,12.0,9.0,6.082763,4.472136,3.605551,4.123106,6.0,8.0,10.049876,11.18034,12.649111,13.928388,14.317821,14.764823,14.422205,13.601471,12.206556,9.848858
20260626_160916,2026-06-26T07:09:20.156235Z,skeleton,RX1,28.635642,27.313001,24.166092,19.697716,14.317821,9.848858,5.385165,1.414214,3.162278,6.403124,9.219544,12.041595,13.453624,15.556349,16.970563,16.970563,17.029386,16.401219,14.422205,12.529964,9.486833,7.0,5.0,6.082763,6.082763,7.615773,9.055385,5.09902,2.0,5.385165,10.440307,14.56022,19.416488,22.561028,23.345235,24.33105,23.194827,22.203603,20.099751,17.029386,14.0,12.0,8.062258,5.0,1.0,4.0,8.246211,13.341664,18.027756,23.086793,25.632011,27.856777
20260626_160916,2026-06-26T07:09:20.181553Z,skeleton,RX2,14.035669,16.124515,18.027756,19.0,19.0,18.027756,17.029386,15.033296,13.038405,11.045361,10.0,8.062258,6.324555,5.0,5.385165,6.0,9.219544,10.77033,12.529964,15.264338,16.401219,17.029386,17.029386,16.970563,16.278821,14.21267,14.0,14.035669,13.038405,11.045361,8.062258,5.09902,1.0,3.162278,6.082763,9.219544,11.401754,13.601471,14.866069,15.231546,14.764823,14.764823,14.422205,13.601471,13.453624,11.313708,9.219544,6.403124,4.242641,1.0,3.0,7.071068
20260626_160916,2026-06-26T07:09:20.211439Z,skeleton,RX3,8.062258,8.062258,10.049876,12.165525,13.341664,13.341664,14.317821,14.142136,14.035669,13.038405,13.0,12.0,11.0,10.049876,10.198039,9.486833,9.848858,10.0,10.630146,12.041595,12.206556,13.038405,12.529964,12.083046,10.77033,9.219544,15.264338,18.867962,20.808652,21.400935,21.260292,19.79899,16.970563,14.866069,11.401754,7.81025,5.0,3.162278,3.162278,4.242641,5.656854,8.485281,9.899495,11.401754,13.038405,13.416408,15.231546,14.866069,15.524175,13.601471,12.649111,9.848858
20260626_160916,2026-06-26T07:09:20.241818Z,skeleton,RX1,28.635642,25.495098,22.36068,18.788294,14.317821,8.944272,5.0,2.0,3.162278,6.0,9.0,11.045361,13.038405,14.035669,16.03122,16.124515,16.124515,15.297059,13.601471,11.7047,8.944272,5.656854,4.123106,4.242641,5.385165,7.071068,9.219544,5.0,1.0,5.830952,10.0,15.0,19.209373,22.022716,23.430749,22.803509,22.803509,21.260292,18.439089,16.278821,13.453624,11.401754,7.81025,3.605551,1.414214,4.242641,9.219544,13.601471,18.867962,21.954498,25.942244,27.730849
20260626_160916,2026-06-26T07:09:20.271407Z,skeleton,RX2,20.248457,16.643317,13.601471,9.219544,5.830952,4.123106,5.0,7.615773,9.219544,12.165525,13.152946,14.142136,16.124515,17.117243,18.11077,18.11077,18.027756,17.0,15.033296,13.341664,10.77033,8.602325,5.830952,6.0,6.708204,8.485281,5.0,8.246211,11.045361,14.0,17.029386,19.104973,19.235384,19.235384,17.464249,15.524175,12.369317,10.440307,6.708204,3.605551,1.0,3.162278,5.385165,8.944272,11.661904,15.0,17.029386,19.79899,21.931712,23.430749,23.600847,24.413111
20260626_160916,2026-06-26T07:09:20.301280Z,skeleton,RX3,7.211103,7.211103,8.544004,11.18034,11.045361,12.041595,12.041595,12.165525,12.165525,12.369317,11.401754,10.440307,9.486833,9.219544,9.219544,8.062258,8.0,8.246211,8.544004,8.944272,8.602325,9.219544,8.485281,7.81025,8.062258,6.324555,18.601075,21.400935,23.021729,24.698178,24.186773,22.36068,19.697716,17.464249,13.928388,9.848858,7.211103,5.656854,4.123106,5.0,6.324555,8.544004,10.440307,12.165525,13.152946,15.033296,16.0,17.0,17.029386,16.03122,14.035669,12.041595
20260626_160916,2026-06-26T07:09:20.331686Z,skeleton,RX1,5.0,9.219544,12.727922,15.620499,16.278821,17.029386,17.029386,15.620499,15.0,12.806248,12.041595,9.219544,7.071068,5.0,3.0,2.828427,4.0,7.071068,9.486833,10.77033,12.083046,13.038405,12.206556,11.313708,9.899495,8.602325,17.492856,20.248457,21.954498,21.954498,20.59126,18.35756,15.264338,11.661904,7.211103,3.605551,4.123106,7.615773,10.29563,11.661904,14.422205,15.811388,17.804494,17.804494,17.804494,17.691806,17.691806,16.278821,12.041595,8.485281,5.0,27.207088499999998
20260626_160916,2026-06-26T07:09:20.361778Z,skeleton,RX2,18.867962,16.643317,13.038405,9.219544,5.0,3.0,4.472136,7.071068,9.055385,11.045361,13.0,14.0,16.0,17.0,18.0,18.027756,18.027756,17.117243,15.297059,13.601471,11.18034,8.485281,7.615773,7.0,7.615773,9.219544,7.211103,9.486833,12.165525,15.033296,17.029386,18.027756,19.235384,18.248288,16.492423,15.524175,12.369317,9.486833,6.324555,3.605551,1.414214,2.0,4.123106,7.615773,9.433981,12.806248,15.620499,17.691806,19.849433,22.022716,22.203603,21.633308
20260626_160916,2026-06-26T07:09:20.391945Z,skeleton,RX3,7.0,6.708204,8.485281,10.0,10.29563,11.661904,12.206556,12.206556,11.401754,10.630146,10.630146,9.899495,9.219544,8.602325,8.602325,8.062258,7.615773,8.246211,8.062258,9.0,9.055385,9.219544,9.486833,8.944272,7.211103,6.403124,18.0,21.0,24.020824,25.079872,24.186773,23.194827,20.396078,17.464249,13.601471,10.198039,7.071068,5.0,3.605551,4.472136,6.324555,8.246211,10.440307,11.7047,13.928388,14.317821,16.124515,16.643317,15.811388,15.264338,13.038405,11.18034
20260626_160916,2026-06-26T07:09:20.421801Z,skeleton,RX1,27.294688,23.345235,21.213203,16.278821,12.165525,7.28011,4.472136,1.0,3.605551,6.324555,9.219544,10.440307,12.369317,14.56022,14.56022,15.297059,14.317821,14.142136,12.041595,10.0,8.246211,4.472136,3.162278,4.472136,5.656854,5.830952,7.211103,3.605551,1.0,5.656854,10.0,14.21267,17.804494,20.0,22.203603,22.203603,20.808652,20.808652,17.492856,15.264338,12.529964,9.848858,6.324555,2.0,1.0,5.0,8.944272,13.601471,17.720045,21.587033,24.515301,26.683328
20260626_160916,2026-06-26T07:09:20.451780Z,skeleton,RX2,13.892444,17.0,17.888544,20.124612,20.124612,19.235384,17.888544,16.552945,14.764823,12.529964,10.29563,9.433981,7.071068,4.472136,4.123106,5.656854,8.062258,10.440307,13.152946,15.033296,17.0,18.027756,18.027756,17.117243,16.278821,14.56022,10.77033,11.18034,10.29563,8.602325,7.071068,5.385165,4.123106,5.830952,8.544004,10.198039,12.0,13.038405,14.035669,14.142136,14.317821,14.56022,13.928388,13.0,12.529964,10.816654,8.602325,6.403124,4.242641,1.0,3.162278,6.708204
20260626_160916,2026-06-26T07:09:20.481505Z,skeleton,RX3,23.600847,23.853721,21.954498,18.788294,16.552945,13.416408,11.18034,8.062258,6.403124,6.403124,6.708204,7.28011,8.246211,10.198039,11.18034,12.369317,13.341664,14.317821,14.142136,14.142136,14.035669,14.035669,14.142136,13.341664,13.601471,12.649111,17.117243,14.035669,10.0,5.385165,5.09902,8.246211,13.0,16.155494,18.027756,19.646883,19.235384,19.026298,18.027756,17.262677,15.524175,13.928388,12.083046,9.848858,8.544004,7.0,7.28011,9.433981,12.041595,16.970563,20.518285,22.671568
20260626_160916,2026-06-26T07:09:20.511963Z,skeleton,RX1,5.09902,10.049876,13.038405,16.03122,17.029386,18.11077,18.11077,17.117243,16.124515,15.132746,13.038405,10.049876,8.062258,6.0,3.162278,2.236068,3.605551,5.830952,8.944272,10.440307,12.369317,12.369317,13.038405,12.0,10.198039,8.544004,17.262677,19.235384,20.396078,20.396078,20.396078,18.248288,15.132746,12.165525,8.0,4.123106,2.0,4.242641,7.211103,8.944272,12.083046,13.928388,15.811388,17.464249,17.464249,18.248288,18.11077,17.029386,16.03122,13.038405,9.0,4.0
20260626_160916,2026-06-26T07:09:20.541354Z,skeleton,RX2,17.088007,13.928388,11.18034,7.211103,5.0,3.162278,5.0,7.615773,9.486833,11.401754,13.341664,15.297059,16.278821,17.262677,18.11077,18.027756,19.026298,18.027756,17.117243,14.56022,12.083046,10.0,8.602325,7.28011,8.246211,9.433981,7.615773,10.049876,13.038405,15.297059,16.763055,18.384776,17.888544,17.0,15.264338,13.038405,10.816654,7.81025,4.242641,2.0,2.0,5.385165,7.211103,10.0,12.041595,14.866069,16.401219,18.027756,19.723083,21.470911,21.931712,20.615528
20260626_160916,2026-06-26T07:09:20.571885Z,skeleton,RX3,9.219544,9.433981,9.219544,10.0,10.29563,10.77033,11.7047,11.7047,10.77033,10.77033,10.77033,10.77033,9.848858,9.486833,9.486833,10.198039,10.198039,11.045361,11.0,11.045361,10.049876,9.219544,8.544004,6.708204,5.830952,5.0,19.697716,22.847319,26.0,27.856777,28.460499,25.96151,23.769729,20.396078,17.262677,13.152946,9.055385,6.082763,3.605551,3.605551,4.0,6.082763,7.071068,9.055385,11.0,13.0,14.035669,15.132746,15.297059,15.297059,14.142136,12.041595
20260626_160916,2026-06-26T07:09:20.601828Z,skeleton,RX1,26.476405,24.33105,21.377558,16.278821,12.369317,7.615773,3.605551,1.414214,4.472136,7.28011,9.219544,12.165525,13.152946,14.142136,15.132746,15.033296,15.033296,14.0,13.038405,11.18034,8.544004,6.403124,4.472136,4.123106,5.0,5.385165,6.324555,2.236068,2.236068,6.708204,11.18034,15.652476,18.788294,21.931712,23.259407,24.166092,22.847319,21.540659,18.973666,16.763055,14.56022,11.18034,8.062258,5.0,2.236068,3.605551,8.944272,13.601471,17.464249,21.587033,25.495098,26.305893
20260626_160916,2026-06-26T07:09:20.631689Z,skeleton,RX2,17.691806,14.866069,11.401754,7.81025,3.605551,4.242641,6.403124,9.219544,11.401754,14.422205,16.643317,17.492856,19.235384,20.615528,21.18962,20.615528,20.223748,18.027756,15.132746,11.7047,8.602325,5.830952,5.385165,7.211103,10.440307,9.848858,10.816654,12.041595,14.422205,15.652476,17.888544,17.464249,16.155494,14.866069,13.341664,11.045361,9.0,7.28011,6.403124,7.211103,8.246211,10.0,11.18034,13.601471,14.866069,16.552945,18.867962,19.416488,20.615528,21.260292,20.518285,17.4666745
20260626_160916,2026-06-26T07:09:20.661403Z,skeleton,RX3,24.020824,22.203603,20.396078,18.439089,15.524175,13.341664,11.18034,9.0,9.055385,9.219544,10.198039,11.401754,11.401754,13.152946,14.142136,14.035669,14.035669,14.035669,14.035669,13.152946,12.369317,12.083046,13.038405,13.601471,14.21267,14.866069,18.681542,15.524175,11.401754,8.602325,6.708204,8.062258,11.401754,13.928388,15.811388,16.492423,17.117243,17.0,16.124515,15.297059,14.866069,13.0,12.529964,10.29563,9.848858,10.440307,11.045361,13.0,15.033296,18.11077,21.095023,23.021729
20260626_160916,2026-06-26T07:09:20.691935Z,skeleton,RX1,4.0,9.055385,12.041595,15.033296,16.03122,17.029386,17.029386,16.03122,14.035669,13.038405,11.045361,9.055385,7.071068,4.123106,1.414214,1.414214,4.123106,6.082763,8.062258,10.0,12.041595,13.152946,12.369317,11.7047,10.29563,8.602325,18.0,20.024984,21.023796,21.095023,20.024984,18.027756,15.033296,11.0,7.071068,3.605551,3.162278,5.656854,8.062258,10.77033,12.649111,15.811388,16.492423,17.464249,19.416488,19.235384,20.223748,19.104973,16.03122,14.035669,10.049876,6.0
20260626_160916,2026-06-26T07:09:20.722011Z,skeleton,RX2,10.0,8.485281,5.830952,4.0,4.472136,7.071068,8.062258,10.29563,12.083046,13.416408,15.264338,16.643317,17.029386,18.384776,19.104973,19.416488,18.35756,18.027756,16.278821,14.0,10.198039,7.211103,4.123106,4.242641,7.28011,10.0,14.317821,15.524175,16.124515,17.029386,18.0,18.027756,17.117243,16.124515,13.152946,10.440307,8.944272,7.071068,7.28011,9.0,11.045361,13.152946,14.317821,16.278821,16.278821,17.464249,17.720045,17.720045,17.720045,16.763055,16.155494,14.317821
20260626_160916,2026-06-26T07:09:20.752937Z,skeleton,RX3,8.602325,9.219544,11.0,13.038405,14.142136,15.132746,15.132746,15.033296,15.033296,14.0,13.0,12.041595,12.0,11.0,10.049876,10.198039,9.486833,9.848858,10.0,10.630146,10.630146,11.401754,10.0,10.29563,8.944272,8.246211,18.439089,21.931712,24.041631,26.172505,25.495098,24.207437,21.400935,18.027756,14.422205,10.29563,6.403124,4.242641,3.0,4.472136,6.403124,7.81025,10.0,11.661904,13.416408,13.928388,15.524175,15.524175,16.278821,15.132746,13.341664,11.7047
20260626_160916,2026-06-26T07:09:20.781539Z,skeleton,RX1,4.242641,7.81025,11.401754,15.0,15.620499,16.401219,16.278821,15.620499,13.601471,12.041595,10.0,7.81025,5.830952,3.605551,2.236068,3.0,5.09902,7.28011,8.944272,11.18034,12.206556,12.206556,12.041595,11.313708,10.0,7.615773,17.117243,19.104973,20.099751,20.099751,19.104973,17.117243,14.142136,11.045361,7.071068,3.162278,1.0,5.0,8.062258,10.049876,12.369317,14.317821,16.492423,18.027756,19.313208,19.313208,18.788294,17.888544,17.0,12.529964,10.29563,4.472136
20260626_160916,2026-06-26T07:09:20.811816Z,skeleton,RX2,14.142136,15.297059,16.492423,16.492423,16.278821,16.278821,15.132746,13.038405,11.0,9.0,7.071068,5.09902,3.162278,2.236068,5.0,7.81025,11.313708,13.601471,16.124515,17.088007,17.464249,18.11077,17.029386,15.297059,14.317821,13.038405,15.811388,16.643317,17.204651,17.204651,16.401219,15.556349,14.866069,14.422205,13.892444,13.416408,12.649111,12.369317,11.18034,11.0,11.045361,10.198039,10.77033,11.661904,12.206556,12.806248,13.453624,12.806248,13.038405,12.083046,12.369317,17.2212165
20260626_160916,2026-06-26T07:09:20.841627Z,skeleton,RX3,22.825424,22.36068,21.023796,19.697716,17.088007,16.155494,13.0,11.18034,8.944272,7.211103,7.071068,7.211103,7.211103,7.615773,8.246211,9.055385,10.0,11.045361,12.165525,13.152946,14.317821,15.524175,15.811388,15.811388,14.866069,14.56022,19.209373,16.401219,11.401754,6.403124,3.162278,7.28011,12.165525,15.132746,18.248288,19.646883,20.880613,20.615528,19.235384,18.601075,17.804494,15.556349,13.453624,12.041595,10.630146,7.81025,7.615773,8.0,10.440307,13.0,16.552945,19.235384
20260626_160916,2026-06-26T07:09:20.871355Z,skeleton,RX1,4.242641,8.602325,11.401754,15.0,16.643317,17.204651,17.204651,16.401219,15.0,12.806248,11.401754,9.433981,7.211103,4.472136,3.0,1.414214,4.123106,5.830952,7.81025,9.219544,11.313708,11.401754,11.661904,10.77033,9.486833,7.071068,16.492423,18.439089,20.396078,20.396078,20.396078,17.464249,15.524175,11.401754,7.615773,3.605551,2.236068,4.123106,7.0,10.049876,12.041595,15.132746,16.492423,17.720045,18.681542,18.973666,19.313208,18.384776,16.552945,13.928388,9.848858,5.09902
20260626_160916,2026-06-26T07:09:20.903204Z,skeleton,RX2,18.973666,16.763055,13.341664,10.440307,6.708204,5.0,5.09902,7.071068,8.246211,10.198039,12.041595,13.0,14.142136,15.524175,16.155494,15.811388,15.556349,15.264338,12.649111,11.0,8.544004,6.403124,5.0,6.403124,7.615773,10.0,17.088007,15.652476,15.0,14.866069,15.811388,17.0,17.888544,19.697716,18.384776,18.027756,18.027756,17.720045,16.492423,16.278821,16.124515,16.124515,16.124515,16.03122,16.03122,15.033296,15.132746,15.524175,16.552945,17.888544,20.124612,20.124612
20260626_160916,2026-06-26T07:09:20.932200Z,skeleton,RX3,9.486833,9.055385,9.219544,9.486833,10.29563,10.29563,10.29563,10.29563,10.29563,9.848858,10.29563,9.848858,10.29563,10.29563,9.433981,10.816654,10.816654,11.401754,11.313708,11.313708,10.630146,10.630146,8.602325,8.062258,6.708204,5.385165,16.492423,19.924859,22.135944,24.698178,23.769729,24.166092,21.470911,18.35756,15.264338,11.661904,8.944272,6.324555,4.123106,3.605551,5.0,6.708204,8.944272,10.29563,11.661904,12.806248,14.21267,14.866069,14.866069,14.142136,12.727922,12.041595
20260626_160916,2026-06-26T07:09:20.962477Z,skeleton,RX1,26.248809,25.298221,21.18962,17.720045,12.649111,8.246211,4.123106,2.236068,3.162278,7.211103,8.602325,10.630146,11.401754,12.806248,13.601471,13.601471,14.21267,12.041595,11.313708,9.219544,6.708204,5.0,4.242641,5.385165,6.082763,7.071068,8.062258,4.472136,5.830952,10.29563,14.764823,19.723083,21.954498,24.596748,25.059928,23.259407,21.931712,19.697716,18.027756,14.56022,11.401754,8.246211,4.472136,1.0,4.123106,9.055385,14.142136,18.439089,22.36068,25.70992,27.892651,5.2420925
20260626_160916,2026-06-26T07:09:20.992172Z,skeleton,RX2,16.643317,16.552945,17.464249,17.464249,16.552945,15.652476,14.764823,13.038405,12.206556,10.0,7.81025,5.656854,3.605551,2.0,3.162278,6.324555,9.486833,12.083046,14.422205,16.278821,17.804494,18.867962,17.464249,16.492423,16.124515,13.152946,15.264338,16.643317,17.492856,17.492856,16.643317,15.620499,14.866069,15.0,14.422205,15.652476,15.231546,15.231546,14.317821,13.928388,12.649111,11.7047,11.18034,10.049876,10.049876,11.401754,12.083046,12.529964,13.601471,14.21267,15.556349,15.620499
20260626_160916,2026-06-26T07:09:21.021389Z,skeleton,RX3,22.36068,22.36068,21.377558,19.646883,17.720045,14.56022,12.369317,10.198039,8.062258,7.0,7.28011,6.708204,7.211103,8.485281,9.219544,10.630146,11.401754,13.038405,13.892444,14.317821,15.231546,15.811388,15.811388,15.524175,15.524175,14.317821,17.117243,14.035669,9.0,5.09902,2.0,5.830952,10.29563,13.892444,16.401219,17.804494,18.384776,18.439089,17.204651,16.124515,15.231546,13.601471,11.401754,10.440307,8.246211,7.615773,7.071068,7.615773,10.440307,13.152946,16.124515,19.104973
20260626_160916,2026-06-26T07:09:21.051417Z,skeleton,RX1,4.0,9.055385,12.041595,15.033296,16.124515,17.029386,17.029386,16.03122,15.033296,13.038405,11.045361,9.055385,7.071068,4.472136,2.828427,3.162278,5.0,7.211103,9.433981,11.18034,12.083046,12.649111,12.369317,11.18034,9.055385,7.0,17.492856,20.248457,21.633308,20.808652,20.248457,18.601075,15.811388,12.206556,7.211103,3.605551,1.0,4.472136,7.211103,10.29563,12.529964,15.652476,16.552945,18.384776,19.313208,19.924859,19.646883,18.681542,17.464249,14.317821,10.198039,5.385165
20260626_160916,2026-06-26T07:09:21.082057Z,skeleton,RX2,13.416408,11.7047,9.219544,7.0,6.708204,7.071068,9.433981,10.29563,12.529964,13.892444,15.264338,16.401219,16.970563,17.029386,18.027756,17.464249,16.492423,15.0,13.152946,10.29563,7.071068,5.09902,5.0,7.28011,9.055385,10.77033,14.21267,14.866069,15.811388,17.0,18.384776,19.313208,20.248457,18.384776,16.763055,14.56022,13.152946,12.0,11.401754,12.083046,12.206556,14.21267,14.866069,16.278821,16.970563,16.970563,17.691806,19.209373,18.601075,18.601075,18.027756,17.492856
20260626_160916,2026-06-26T07:09:21.111769Z,skeleton,RX3,8.944272,7.81025,8.062258,8.246211,9.0,10.0,10.049876,10.049876,10.049876,11.045361,10.049876,10.049876,10.049876,10.049876,10.198039,10.198039,10.198039,9.486833,8.944272,8.944272,8.602325,7.071068,6.403124,4.472136,3.162278,3.162278,16.492423,20.396078,23.345235,24.186773,25.079872,24.020824,22.0,18.0,15.033296,11.0,8.0,5.09902,2.828427,3.0,5.385165,7.615773,8.544004,11.7047,12.649111,14.317821,15.132746,16.124515,16.03122,16.03122,15.033296,13.152946
20260626_160916,2026-06-26T07:09:21.144717Z,skeleton,RX1,6.082763,11.045361,14.035669,17.0,18.0,19.0,18.027756,17.029386,16.03122,14.035669,12.041595,10.049876,7.0,5.09902,3.605551,3.0,4.472136,6.403124,8.602325,10.816654,11.661904,11.18034,11.18034,9.486833,8.246211,7.071068,17.029386,19.104973,19.849433,20.615528,19.849433,18.439089,14.866069,11.313708,7.071068,2.828427,1.0,5.0,7.81025,10.630146,12.727922,15.620499,16.401219,18.027756,18.867962,19.723083,19.235384,17.888544,16.552945,13.0,8.944272,4.242641
20260626_160916,2026-06-26T07:09:21.171928Z,skeleton,RX2,18.027756,18.027756,16.763055,16.763055,15.231546,13.928388,12.083046,10.29563,9.433981,7.211103,6.403124,5.385165,4.0,4.472136,5.830952,8.246211,11.045361,13.152946,15.524175,17.464249,19.235384,20.808652,20.615528,19.79899,19.209373,17.492856,10.198039,12.649111,13.416408,14.422205,14.866069,15.0,16.124515,17.088007,16.492423,17.262677,17.117243,16.03122,15.033296,13.0,11.045361,10.198039,7.28011,5.830952,4.242641,5.09902,5.830952,7.81025,10.0,12.529964,14.317821,15.231546
20260626_160916,2026-06-26T07:09:21.201606Z,skeleton,RX3,21.023796,21.095023,21.095023,20.099751,18.11077,16.124515,14.142136,12.041595,11.045361,10.0,9.055385,8.246211,8.246211,8.062258,8.602325,9.219544,9.219544,10.29563,11.7047,13.152946,14.035669,16.0,17.0,18.027756,18.027756,18.0,20.248457,16.763055,11.401754,7.28011,2.236068,4.472136,9.486833,12.649111,15.231546,17.0,18.027756,18.439089,17.691806,17.029386,16.643317,15.652476,13.928388,12.649111,11.401754,9.848858,8.062258,7.81025,8.944272,12.165525,15.132746,18.027756
20260626_160916,2026-06-26T07:09:21.233216Z,skeleton,RX1,5.656854,10.0,12.529964,15.264338,17.0,17.0,17.0,16.124515,14.422205,12.206556,10.0,8.602325,6.403124,4.472136,2.0,3.0,5.09902,7.615773,8.944272,11.18034,12.529964,13.038405,12.806248,12.041595,9.899495,7.81025,16.643317,18.027756,19.416488,20.0,18.601075,16.643317,13.601471,10.0,5.830952,2.828427,2.0,4.472136,7.615773,10.77033,13.0,14.56022,16.492423,17.464249,18.439089,19.235384,19.104973,18.027756,15.0,12.041595,9.055385,5.385165
20260626_160916,2026-06-26T07:09:21.261712Z,skeleton,RX2,16.124515,16.124515,16.03122,16.03122,14.035669,13.038405,12.165525,11.18034,9.219544,7.28011,5.385165,3.162278,1.0,2.236068,5.0,7.071068,9.899495,13.601471,16.643317,18.788294,20.248457,20.615528,21.095023,20.0,18.11077,16.278821,12.0,14.035669,15.132746,15.297059,16.492423,15.811388,16.552945,16.124515,15.811388,16.401219,15.620499,14.866069,13.453624,11.313708,9.899495,7.81025,5.830952,5.09902,5.09902,6.403124,8.062258,10.29563,12.083046,13.601471,14.56022,15.297059
20260626_160916,2026-06-26T07:09:21.291932Z,skeleton,RX3,10.29563,9.486833,9.0,10.049876,10.440307,11.7047,11.7047,11.401754,11.401754,11.401754,11.401754,10.440307,10.440307,10.77033,10.77033,11.18034,11.18034,11.661904,10.816654,10.816654,10.630146,9.899495,8.485281,7.211103,5.830952,4.123106,15.652476,19.235384,21.954498,23.323808,23.600847,22.803509,20.615528,17.691806,14.142136,11.313708,7.81025,5.830952,4.0,4.472136,5.656854,7.81025,9.219544,11.313708,13.453624,14.21267,15.811388,16.643317,16.124515,16.124515,14.764823,13.601471
20260626_160916,2026-06-26T07:09:21.321843Z,skeleton,RX1,5.656854,9.433981,13.038405,14.764823,16.124515,17.492856,16.643317,15.811388,15.264338,13.601471,11.661904,9.433981,8.062258,5.385165,4.0,3.605551,5.385165,7.0,9.055385,11.18034,11.401754,12.369317,11.7047,11.18034,9.433981,7.81025,16.552945,18.788294,20.124612,21.023796,20.124612,17.888544,15.231546,12.083046,7.615773,4.123106,1.0,3.605551,6.708204,9.848858,12.649111,14.56022,16.492423,17.262677,18.11077,19.026298,19.0,18.0,16.0,13.0,10.0,5.09902
20260626_160916,2026-06-26T07:09:21.352122Z,skeleton,RX2,17.262677,16.278821,13.341664,11.401754,8.944272,8.602325,8.602325,9.848858,11.18034,13.0,13.892444,15.0,16.278821,17.029386,18.027756,17.088007,17.464249,16.0,13.601471,11.661904,7.81025,5.0,3.605551,6.324555,9.219544,12.206556,18.027756,16.124515,13.928388,13.892444,15.556349,17.029386,18.601075,19.416488,19.416488,19.416488,18.867962,17.492856,17.0,16.552945,16.552945,17.464249,16.155494,15.811388,15.811388,15.524175,15.132746,15.0,16.03122,17.262677,18.439089,18.439089
20260626_160916,2026-06-26T07:09:21.381541Z,skeleton,RX3,9.486833,9.0,8.246211,8.062258,8.602325,9.899495,9.899495,10.630146,9.899495,9.899495,9.899495,9.899495,9.899495,9.899495,9.899495,10.0,10.0,10.29563,9.848858,9.486833,9.219544,8.062258,8.0,6.082763,5.09902,3.605551,18.027756,22.472205,25.079872,26.832816,27.294688,25.553865,23.323808,20.248457,15.811388,12.206556,9.433981,5.385165,3.0,4.242641,5.385165,7.615773,9.486833,10.77033,13.416408,14.764823,15.811388,17.204651,17.204651,16.401219,15.620499,13.601471
20260626_160916,2026-06-26T07:09:21.412404Z,skeleton,RX1,26.925824,25.079872,21.540659,17.088007,13.0,8.544004,5.0,2.236068,3.162278,5.830952,7.81025,10.0,11.401754,12.806248,13.453624,13.453624,13.453624,13.453624,11.401754,9.433981,7.615773,5.09902,4.123106,3.605551,4.123106,5.09902,7.071068,3.162278,1.414214,7.071068,11.045361,16.03122,20.024984,22.022716,24.020824,24.083189,24.020824,22.022716,19.104973,16.124515,14.142136,10.198039,7.28011,3.605551,2.236068,5.0,9.055385,14.317821,18.681542,22.135944,25.632011,27.513633
20260626_160916,2026-06-26T07:09:21.441952Z,skeleton,RX2,16.278821,13.601471,11.7047,10.77033,8.944272,7.211103,6.403124,5.656854,5.0,4.472136,4.123106,3.0,4.123106,4.472136,5.830952,7.211103,9.433981,11.18034,12.649111,14.317821,15.033296,15.132746,14.56022,14.317821,13.038405,11.313708,18.11077,21.023796,23.021729,24.0,24.020824,23.021729,22.0,20.024984,18.11077,16.278821,15.297059,13.601471,11.7047,10.29563,9.219544,7.211103,8.246211,9.0,12.165525,14.317821,16.492423,18.681542,19.416488,20.396078,20.396078,19.235384
20260626_160916,2026-06-26T07:09:21.473553Z,skeleton,RX3,25.495098,24.758837,24.083189,22.022716,19.209373,16.401219,13.601471,11.401754,9.899495,8.062258,7.615773,8.246211,9.055385,11.045361,12.0,13.0,14.035669,15.132746,16.278821,16.492423,16.763055,17.088007,16.552945,16.124515,16.643317,15.811388,19.235384,16.124515,11.045361,7.28011,3.162278,5.656854,9.899495,14.142136,16.278821,17.804494,18.867962,18.788294,17.720045,17.262677,16.03122,15.033296,14.035669,12.165525,11.18034,10.0,9.219544,10.29563,12.041595,15.620499,19.209373,22.803509
20260626_160916,2026-06-26T07:09:21.501800Z,skeleton,RX1,25.96151,24.041631,20.880613,16.492423,12.649111,8.544004,4.472136,2.236068,4.472136,6.324555,8.246211,11.18034,12.369317,13.601471,14.317821,14.56022,15.297059,13.152946,12.165525,11.0,8.062258,6.324555,5.0,4.123106,4.123106,4.472136,6.708204,3.162278,2.236068,6.403124,11.313708,16.278821,19.104973,21.931712,24.083189,24.758837,22.671568,21.213203,19.79899,17.029386,14.21267,10.816654,7.211103,4.123106,1.414214,4.242641,8.944272,13.416408,17.888544,22.847319,25.632011,26.570661
20260626_160916,2026-06-26T07:09:21.533812Z,skeleton,RX2,18.027756,19.0,19.104973,17.262677,15.297059,14.317821,12.369317,10.440307,9.219544,9.219544,9.219544,9.219544,8.246211,9.486833,8.944272,10.0,9.219544,9.433981,8.246211,7.0,4.472136,2.828427,2.236068,4.0,6.324555,8.602325,19.849433,16.401219,13.416408,11.18034,12.165525,15.231546,18.35756,19.723083,21.095023,22.472205,21.954498,22.472205,22.472205,22.472205,21.954498,22.36068,21.931712,20.248457,18.973666,16.763055,13.601471,10.77033,7.81025,7.615773,11.0,14.035669
20260626_160916,2026-06-26T07:09:21.561492Z,skeleton,RX3,27.202941,26.570661,25.079872,23.259407,19.235384,17.0,13.892444,11.18034,9.486833,8.062258,8.062258,9.219544,9.486833,10.77033,13.0,14.317821,15.231546,16.124515,16.124515,16.643317,17.804494,17.029386,17.691806,17.691806,17.691806,16.278821,16.401219,13.601471,9.433981,5.656854,3.162278,5.385165,9.848858,13.0,15.652476,16.643317,17.804494,17.691806,17.029386,15.811388,14.764823,13.928388,12.649111,10.440307,8.544004,7.211103,7.81025,10.77033,13.341664,17.262677,20.396078,23.537205
20260626_160916,2026-06-26T07:09:21.591408Z,skeleton,RX1,3.162278,6.708204,11.18034,13.892444,16.124515,16.124515,17.0,16.124515,13.892444,12.529964,11.661904,9.433981,7.211103,5.0,3.605551,2.236068,3.605551,6.082763,8.0,9.219544,11.401754,11.7047,12.083046,11.661904,10.0,8.485281,17.204651,20.0,21.400935,21.400935,21.400935,19.209373,15.620499,12.041595,7.81025,3.605551,1.0,4.472136,8.062258,10.816654,13.601471,15.811388,17.804494,18.439089,20.518285,21.213203,21.260292,19.849433,18.439089,15.620499,12.041595,7.071068
20260626_160916,2026-06-26T07:09:21.621703Z,skeleton,RX2,16.124515,17.117243,16.03122,15.0,14.0,12.0,11.0,10.049876,10.049876,10.198039,11.18034,12.041595,13.0,13.152946,14.56022,15.231546,15.264338,14.142136,13.601471,10.77033,8.246211,5.0,2.236068,2.236068,5.830952,9.219544,20.099751,17.117243,15.524175,13.892444,14.866069,17.029386,18.601075,20.248457,20.248457,20.248457,21.095023,20.59126,20.59126,19.723083,20.59126,20.248457,19.416488,20.0,18.439089,17.029386,15.620499,13.038405,12.083046,12.165525,13.0,14.142136
20260626_160916,2026-06-26T07:09:21.651239Z,skeleton,RX3,7.81025,6.708204,6.0,7.28011,8.062258,9.433981,10.816654,10.816654,11.661904,11.18034,11.18034,11.18034,11.18034,11.18034,11.18034,10.29563,10.816654,11.401754,11.313708,11.401754,10.816654,10.29563,8.544004,7.071068,6.0,5.09902,17.464249,20.615528,23.259407,25.059928,25.059928,23.853721,21.633308,18.601075,15.620499,11.401754,8.602325,5.385165,4.0,4.472136,6.403124,7.81025,10.0,12.041595,14.142136,15.556349,17.029386,18.027756,18.027756,17.492856,16.124515,13.038405
20260626_160916,2026-06-26T07:09:21.681349Z,skeleton,RX1,2.236068,7.071068,10.049876,14.035669,15.033296,16.03122,16.03122,16.03122,15.033296,13.038405,12.041595,10.049876,8.246211,5.385165,3.605551,2.0,3.605551,5.385165,7.28011,9.055385,11.045361,11.0,12.041595,11.18034,10.77033,8.944272,17.029386,20.024984,21.023796,21.023796,20.024984,19.026298,16.0,12.041595,8.062258,4.123106,1.0,4.472136,7.28011,10.198039,13.341664,15.132746,17.117243,19.104973,20.024984,20.024984,20.0,20.0,18.027756,15.033296,12.041595,7.071068
20260626_160916,2026-06-26T07:09:21.711756Z,skeleton,RX2,18.681542,17.720045,18.027756,15.652476,13.416408,11.661904,9.848858,8.544004,8.246211,8.062258,9.219544,10.198039,10.440307,12.083046,13.038405,13.453624,13.453624,13.892444,12.649111,11.18034,9.0,6.082763,2.0,1.0,3.605551,7.615773,18.248288,16.124515,14.0,13.341664,13.416408,15.0,17.029386,19.104973,20.518285,19.849433,20.518285,19.849433,19.849433,19.209373,19.209373,18.601075,18.027756,17.492856,16.124515,14.764823,12.206556,11.313708,10.29563,11.401754,14.317821,16.124515
20260626_160916,2026-06-26T07:09:21.741193Z,skeleton,RX3,8.246211,7.211103,7.211103,7.615773,9.219544,10.049876,11.045361,11.045361,11.045361,11.18034,11.18034,11.18034,11.18034,10.049876,11.045361,11.0,11.045361,11.18034,11.401754,11.7047,11.18034,10.816654,9.219544,9.219544,8.062258,6.324555,17.204651,20.248457,22.825424,24.186773,23.259407,22.847319,20.248457,18.027756,13.601471,10.440307,7.28011,4.472136,2.828427,3.0,5.385165,6.708204,8.544004,10.440307,11.401754,14.142136,15.033296,16.0,16.03122,15.033296,15.132746,13.038405
20260626_160916,2026-06-26T07:09:21.771324Z,skeleton,RX1,28.460499,26.570661,22.472205,18.973666,13.928388,9.486833,5.385165,1.0,2.236068,5.830952,8.944272,10.29563,12.529964,13.892444,15.652476,15.652476,15.652476,15.811388,14.56022,12.165525,11.045361,8.062258,5.830952,4.472136,4.0,5.0,6.708204,2.828427,3.162278,8.0,13.038405,18.027756,22.090722,24.083189,26.07681,26.07681,25.079872,24.083189,21.095023,19.104973,16.278821,12.369317,9.219544,5.385165,2.236068,3.0,8.246211,13.341664,18.439089,22.803509,26.248809,28.160256
20260626_160916,2026-06-26T07:09:21.801921Z,skeleton,RX2,21.023796,20.59126,18.867962,17.204651,14.21267,12.041595,10.0,8.062258,7.615773,7.28011,8.246211,9.219544,9.486833,10.440307,11.18034,12.806248,12.727922,13.038405,11.7047,11.18034,9.0,6.082763,3.162278,2.828427,7.211103,17.029386,15.0,12.529964,12.165525,13.152946,15.524175,18.384776,19.313208,20.615528,21.540659,21.18962,21.18962,20.248457,19.924859,19.924859,18.681542,17.464249,17.262677,15.297059,12.369317,10.77033,10.0,10.29563,12.649111,15.524175,18.681542,16.794382
20260626_160916,2026-06-26T07:09:21.831215Z,skeleton,RX3,9.0,9.219544,9.433981,11.401754,12.041595,13.453624,14.142136,13.453624,14.21267,12.806248,12.806248,12.206556,11.401754,11.313708,11.313708,11.401754,11.661904,12.083046,13.601471,13.341664,14.142136,14.035669,14.0,12.041595,11.18034,9.486833,13.601471,16.643317,18.35756,20.124612,20.248457,18.973666,17.464249,14.142136,12.041595,9.0,6.0,4.123106,2.828427,3.162278,4.0,6.0,8.062258,10.049876,11.401754,13.601471,14.317821,14.764823,15.264338,15.264338,13.892444,12.529964
20260626_160916,2026-06-26T07:09:21.862085Z,skeleton,RX1,26.832816,25.942244,22.36068,17.888544,13.038405,9.433981,5.0,2.0,2.236068,6.0,8.062258,10.049876,12.041595,14.142136,15.132746,15.132746,15.297059,14.56022,12.649111,11.18034,9.433981,7.211103,4.472136,3.162278,3.605551,4.123106,6.403124,2.828427,2.236068,7.211103,12.206556,15.620499,19.849433,22.022716,24.207437,25.0,23.600847,22.203603,20.0,17.492856,15.264338,12.083046,8.544004,5.09902,2.236068,3.605551,8.485281,13.601471,18.027756,21.470911,24.596748,26.41969
20260626_160916,2026-06-26T07:09:21.891385Z,skeleton,RX2,11.401754,10.0,8.246211,8.944272,8.602325,10.0,9.219544,9.219544,8.602325,7.81025,7.211103,5.830952,4.472136,3.605551,3.605551,3.162278,5.0,7.0,9.0,12.041595,14.317821,16.155494,17.0,17.804494,17.691806,16.643317,19.416488,22.203603,24.207437,24.839485,24.839485,22.022716,21.400935,18.027756,17.0,15.231546,12.649111,11.18034,10.0,8.246211,8.062258,9.219544,10.29563,12.649111,15.811388,18.681542,19.924859,22.135944,22.472205,21.931712,19.697716,17.464249
20260626_160916,2026-06-26T07:09:21.921796Z,skeleton,RX3,21.84033,22.36068,20.223748,19.104973,16.03122,14.035669,11.045361,9.219544,8.544004,8.062258,7.81025,9.219544,10.0,11.401754,12.806248,12.806248,14.21267,15.0,15.0,14.422205,14.764823,14.317821,14.866069,14.317821,14.142136,13.152946,13.038405,10.049876,7.071068,3.0,2.236068,4.472136,8.062258,10.29563,11.7047,13.341664,14.142136,14.0,13.152946,12.649111,11.18034,10.29563,9.433981,8.602325,7.211103,6.324555,7.0,9.219544,11.7047,15.231546,18.384776,19.313208
20260626_160916,2026-06-26T07:09:21.951259Z,skeleton,RX1,4.0,8.062258,11.045361,13.152946,15.132746,16.278821,16.278821,15.297059,14.317821,13.152946,12.165525,10.049876,8.0,6.0,4.123106,2.828427,3.162278,5.0,7.071068,8.602325,10.29563,10.77033,11.401754,10.198039,9.055385,8.0,18.027756,20.024984,22.0,22.0,21.023796,19.026298,16.0,12.0,8.0,4.0,1.0,3.162278,7.071068,9.055385,12.041595,14.035669,15.0,17.0,18.027756,19.026298,19.104973,18.11077,16.278821,13.152946,10.198039,6.082763
20260626_160916,2026-06-26T07:09:21.981786Z,skeleton,RX2,10.440307,7.615773,6.403124,6.324555,7.071068,8.062258,8.062258,8.062258,7.28011,7.071068,5.385165,4.123106,3.162278,2.0,2.236068,2.828427,4.472136,7.211103,9.219544,12.041595,13.601471,15.652476,16.763055,16.124515,17.0,15.297059,19.416488,21.587033,23.769729,24.738634,23.769729,23.537205,21.377558,20.223748,18.027756,16.0,14.035669,12.165525,9.486833,8.062258,7.81025,7.28011,9.0,11.18034,13.341664,16.763055,18.681542,20.615528,21.587033,20.396078,19.235384,16.124515
20260626_160916,2026-06-26T07:09:22.011312Z,skeleton,RX3,26.400758,26.41969,24.698178,22.203603,18.601075,15.811388,13.038405,11.18034,9.486833,9.055385,9.0,10.049876,11.18034,13.341664,14.317821,15.297059,16.492423,16.492423,16.763055,17.088007,16.552945,17.0,16.643317,16.401219,16.278821,15.556349,15.620499,12.806248,9.433981,5.656854,2.236068,5.385165,9.486833,11.7047,14.317821,15.811388,17.029386,16.278821,15.811388,15.652476,13.928388,13.601471,12.165525,10.198039,9.219544,8.062258,8.485281,10.29563,13.0,17.088007,21.18962,23.4094
20260626_160916,2026-06-26T07:09:22.041254Z,skeleton,RX1,2.236068,5.830952,10.0,12.806248,14.21267,15.620499,15.620499,15.0,13.453624,11.401754,10.816654,8.602325,7.211103,5.656854,3.162278,2.236068,3.162278,5.09902,7.28011,8.944272,10.29563,11.661904,12.206556,11.401754,9.899495,8.602325,17.691806,20.518285,20.518285,22.022716,19.849433,18.439089,14.866069,10.630146,7.071068,3.162278,1.0,4.472136,8.062258,10.29563,13.038405,14.422205,17.804494,17.804494,19.849433,19.79899,19.79899,19.104973,17.691806,14.866069,11.401754,7.071068
20260626_160916,2026-06-26T07:09:22.071592Z,skeleton,RX2,22.203603,22.472205,19.697716,18.027756,14.56022,11.401754,8.246211,6.708204,5.656854,5.830952,6.708204,8.062258,8.602325,9.899495,11.401754,12.529964,12.369317,13.0,12.369317,11.661904,8.485281,6.708204,4.123106,3.162278,5.0,8.062258,18.027756,14.317821,14.0,12.649111,14.422205,15.620499,18.384776,19.849433,19.849433,21.400935,20.0,20.808652,19.416488,19.723083,18.867962,19.416488,18.601075,17.804494,15.620499,13.038405,10.29563,8.062258,8.544004,11.313708,15.556349,18.384776
20260626_160916,2026-06-26T07:09:22.101815Z,skeleton,RX3,27.202941,26.570661,25.079872,23.259407,20.124612,17.0,13.416408,11.7047,10.198039,9.0,10.198039,10.440307,11.7047,13.0,14.866069,16.155494,16.155494,17.464249,17.464249,17.888544,17.492856,17.204651,17.029386,16.970563,16.278821,16.401219,14.866069,12.727922,8.485281,4.472136,2.828427,7.28011,10.440307,13.601471,16.155494,17.888544,18.35756,17.804494,16.970563,15.620499,14.422205,13.416408,12.083046,10.77033,8.944272,7.81025,8.602325,10.440307,14.317821,17.117243,21.213203,24.515301
20260626_160916,2026-06-26T07:09:22.133608Z,skeleton,RX1,27.730849,26.832816,23.259407,19.235384,14.317821,9.848858,5.385165,2.0,1.414214,4.242641,7.81025,9.219544,10.630146,11.401754,13.601471,13.601471,13.892444,13.038405,12.083046,10.77033,8.246211,7.0,4.472136,3.605551,4.123106,4.472136,8.062258,3.605551,1.0,6.082763,11.401754,16.492423,19.646883,22.561028,23.769729,24.515301,22.803509,21.84033,19.646883,16.763055,13.928388,11.7047,8.062258,4.472136,1.0,4.0,8.246211,12.649111,17.464249,21.931712,25.495098,27.730849
20260626_160916,2026-06-26T07:09:22.161498Z,skeleton,RX2,8.062258,7.211103,8.246211,10.0,11.0,12.0,12.0,12.041595,11.045361,10.198039,8.544004,7.615773,5.385165,3.162278,2.0,2.828427,4.123106,6.324555,8.944272,12.206556,13.453624,15.620499,16.124515,16.155494,16.278821,15.0,19.646883,21.84033,25.0,24.351591,24.351591,22.135944,20.880613,18.439089,15.132746,14.0,12.165525,10.440307,9.433981,8.485281,8.062258,9.219544,10.049876,13.152946,15.297059,17.464249,19.646883,20.615528,21.377558,20.223748,18.11077,15.132746
20260626_160916,2026-06-26T07:09:22.191541Z,skeleton,RX3,24.839485,25.495098,22.627417,21.260292,18.439089,15.620499,12.041595,9.899495,8.602325,7.615773,8.246211,9.055385,10.0,11.0,13.0,13.0,15.033296,15.033296,15.132746,15.297059,15.524175,15.811388,15.231546,15.652476,15.264338,14.422205,15.811388,12.369317,9.486833,5.830952,4.0,6.403124,9.899495,12.727922,14.866069,17.204651,17.492856,16.552945,15.811388,15.297059,14.035669,13.038405,11.045361,10.049876,8.0,7.071068,7.211103,9.219544,12.206556,16.643317,20.248457,21.633308
20260626_160916,2026-06-26T07:09:22.222197Z,skeleton,RX1,26.172505,25.179357,22.090722,18.11077,14.035669,10.049876,6.0,2.236068,1.414214,3.605551,6.324555,8.544004,10.77033,11.7047,12.649111,13.928388,13.601471,13.341664,12.165525,10.049876,9.0,6.324555,5.0,4.123106,4.123106,5.0,8.0,4.123106,1.414214,6.324555,10.440307,15.524175,19.416488,21.587033,22.561028,23.537205,22.561028,21.377558,19.416488,17.262677,14.142136,11.045361,8.0,5.0,1.0,4.0,8.062258,13.0,17.029386,21.023796,25.079872,27.073973
20260626_160916,2026-06-26T07:09:22.251474Z,skeleton,RX2,25.298221,24.33105,22.090722,19.0,15.033296,11.0,8.0,5.385165,4.242641,5.385165,7.615773,8.544004,10.77033,12.206556,12.806248,14.21267,13.892444,14.866069,14.142136,13.152946,10.440307,8.602325,5.656854,3.0,2.0,5.0,16.155494,12.529964,10.630146,11.401754,13.0,16.124515,19.416488,20.396078,20.615528,20.880613,20.880613,19.924859,19.313208,19.313208,18.788294,17.888544,16.552945,14.764823,13.416408,10.816654,8.602325,8.246211,10.440307,14.317821,18.788294,23.259407
20260626_160916,2026-06-26T07:09:22.281860Z,skeleton,RX3,10.0,9.486833,10.0,11.18034,11.401754,12.649111,13.601471,13.601471,13.601471,12.369317,12.369317,12.165525,11.18034,10.198039,10.440307,10.77033,10.29563,9.433981,9.899495,10.630146,10.0,10.29563,9.848858,8.246211,8.062258,7.0,16.278821,19.416488,21.84033,23.4094,23.769729,21.931712,20.124612,17.492856,13.892444,11.18034,7.615773,5.09902,4.123106,5.0,6.403124,8.602325,10.0,12.041595,14.142136,15.620499,16.401219,18.027756,17.492856,16.124515,15.264338,13.601471
20260626_160916,2026-06-26T07:09:22.311467Z,skeleton,RX1,27.730849,24.596748,22.36068,18.788294,14.317821,8.944272,5.385165,1.0,2.828427,5.0,7.211103,10.0,11.401754,13.601471,14.422205,15.264338,15.264338,14.764823,14.317821,12.649111,10.198039,8.0,5.385165,4.242641,4.123106,5.09902,8.062258,3.605551,2.0,7.071068,12.165525,17.262677,21.213203,23.345235,25.317978,24.515301,24.33105,23.537205,20.615528,18.681542,15.811388,12.369317,9.486833,5.385165,1.414214,2.0,7.28011,12.649111,17.088007,21.931712,24.596748,27.730849
20260626_160916,2026-06-26T07:09:22.341719Z,skeleton,RX2,24.596748,23.4094,21.84033,18.248288,15.033296,11.045361,8.062258,5.385165,4.242641,4.472136,6.082763,8.544004,9.486833,11.18034,12.806248,13.453624,14.422205,14.866069,14.035669,13.152946,11.7047,9.219544,7.211103,4.0,3.605551,5.385165,16.278821,13.601471,10.77033,13.038405,14.866069,18.384776,20.615528,22.36068,22.36068,21.954498,21.954498,21.095023,19.416488,20.0,19.209373,18.439089,18.439089,15.620499,14.866069,12.041595,10.29563,9.055385,9.486833,13.892444,18.027756,21.633308
20260626_160916,2026-06-26T07:09:22.371374Z,skeleton,RX3,8.062258,8.062258,8.485281,10.29563,10.77033,11.7047,12.649111,13.0,12.083046,12.083046,12.083046,11.18034,10.29563,10.29563,9.848858,9.486833,9.219544,9.0,9.055385,9.219544,9.486833,8.944272,8.602325,8.485281,7.81025,6.708204,16.124515,19.235384,21.931712,23.769729,23.4094,22.803509,20.615528,18.439089,14.317821,11.18034,8.246211,5.385165,4.242641,4.123106,6.0,8.062258,10.049876,12.041595,14.0,15.033296,16.124515,17.262677,16.492423,16.492423,15.524175,13.152946
20260626_160916,2026-06-26T07:09:22.402029Z,skeleton,RX1,2.828427,6.708204,10.29563,13.416408,15.231546,16.552945,16.552945,15.652476,14.764823,13.038405,11.661904,10.29563,8.062258,6.324555,4.123106,2.0,2.0,5.0,7.071068,9.219544,10.630146,11.661904,12.529964,11.7047,10.440307,9.219544,17.720045,19.646883,21.587033,21.587033,20.615528,18.439089,15.524175,11.401754,7.615773,3.605551,2.236068,4.123106,8.062258,10.049876,13.0,15.033296,16.124515,18.248288,19.416488,19.416488,19.646883,19.646883,18.027756,14.866069,11.7047,7.28011
20260626_160916,2026-06-26T07:09:22.431493Z,skeleton,RX2,23.4094,23.769729,21.377558,18.027756,15.0,11.0,8.062258,6.324555,5.0,5.830952,6.708204,8.944272,10.29563,12.206556,13.453624,14.422205,15.652476,15.524175,15.0,13.152946,10.77033,8.602325,5.0,3.0,3.162278,5.656854,16.124515,12.806248,10.816654,11.18034,14.142136,16.492423,18.027756,19.313208,20.615528,20.615528,19.697716,18.788294,19.235384,18.35756,17.492856,18.027756,16.643317,15.811388,13.601471,10.630146,8.602325,8.246211,10.198039,13.416408,17.0,20.124612
20260626_160916,2026-06-26T07:09:22.461697Z,skeleton,RX3,9.055385,8.944272,9.219544,10.0,11.661904,12.529964,13.416408,12.529964,13.038405,13.038405,12.206556,12.206556,11.661904,10.816654,10.816654,9.848858,10.77033,10.440307,10.049876,10.0,10.049876,10.198039,9.486833,8.062258,7.211103,6.403124,15.652476,17.464249,21.18962,21.84033,22.561028,20.396078,19.104973,16.03122,13.0,10.0,7.071068,4.472136,3.605551,4.123106,6.082763,8.062258,9.055385,11.0,13.038405,15.132746,15.297059,16.763055,17.088007,15.811388,14.866069,13.601471
20260626_160916,2026-06-26T07:09:22.493339Z,skeleton,RX1,3.162278,7.615773,10.77033,13.416408,15.652476,16.552945,16.552945,15.652476,14.764823,13.416408,12.083046,9.848858,8.544004,6.324555,4.0,3.162278,3.0,4.472136,7.211103,8.602325,9.899495,11.401754,10.816654,10.29563,8.944272,8.246211,18.788294,20.615528,22.847319,23.4094,21.18962,20.248457,16.155494,12.649111,7.615773,4.472136,1.0,4.0,7.071068,9.219544,12.369317,14.56022,15.811388,18.027756,18.384776,19.697716,18.788294,18.788294,17.0,13.892444,10.29563,6.403124
20260626_160916,2026-06-26T07:09:22.521800Z,skeleton,RX2,8.062258,6.082763,7.615773,9.433981,10.816654,11.401754,11.661904,11.18034,10.77033,9.486833,8.246211,7.071068,5.0,3.0,1.0,1.414214,4.242641,7.211103,9.848858,12.369317,15.132746,17.029386,17.464249,17.464249,18.027756,16.278821,20.099751,23.086793,24.083189,25.019992,24.083189,23.021729,20.223748,18.439089,15.811388,13.416408,12.206556,11.313708,10.0,8.944272,8.062258,9.055385,9.848858,11.661904,13.601471,16.278821,17.691806,19.104973,19.209373,18.601075,17.204651,14.21267
20260626_160916,2026-06-26T07:09:22.551684Z,skeleton,RX3,26.248809,26.172505,25.495098,22.671568,19.849433,17.029386,14.21267,11.313708,10.0,8.944272,8.544004,9.219544,10.049876,12.0,13.0,14.0,15.0,16.03122,17.117243,17.262677,16.278821,16.763055,16.763055,16.155494,15.231546,14.764823,15.524175,12.369317,8.544004,5.0,4.123106,7.81025,11.313708,14.142136,17.029386,18.027756,18.35756,18.384776,17.720045,16.278821,15.033296,14.0,12.041595,11.045361,9.0,8.062258,8.062258,9.899495,12.806248,17.204651,20.808652,23.600847
20260626_160916,2026-06-26T07:09:22.581559Z,skeleton,RX1,27.018512,25.0,22.203603,17.804494,13.038405,8.602325,4.472136,1.0,3.605551,6.403124,9.219544,10.630146,12.727922,13.453624,14.866069,15.556349,15.620499,14.866069,14.21267,12.206556,10.29563,8.246211,6.0,3.605551,3.162278,4.123106,7.211103,2.828427,2.236068,8.062258,12.529964,17.888544,21.470911,23.706539,25.059928,25.495098,24.596748,23.706539,21.470911,18.35756,15.264338,12.206556,9.219544,5.656854,3.162278,3.0,7.615773,12.529964,16.643317,21.633308,24.413111,26.400758
20260626_160916,2026-06-26T07:09:22.611446Z,skeleton,RX2,21.470911,21.023796,18.973666,16.492423,13.152946,9.219544,6.324555,4.242641,4.123106,6.0,7.071068,10.0,11.045361,12.165525,14.866069,14.764823,15.620499,15.620499,14.764823,13.341664,11.0,8.246211,5.656854,3.162278,5.385165,8.062258,15.811388,13.416408,10.630146,10.77033,12.041595,15.033296,17.262677,18.439089,18.681542,18.681542,18.681542,18.027756,17.464249,16.552945,16.124515,16.124515,15.264338,14.422205,12.206556,9.899495,8.062258,8.062258,9.486833,12.206556,16.401219,18.601075
20260626_160916,2026-06-26T07:09:22.641289Z,skeleton,RX3,8.246211,8.062258,8.944272,10.0,11.401754,12.806248,13.453624,12.806248,12.806248,12.206556,12.206556,11.661904,10.816654,10.816654,10.630146,9.899495,10.0,10.816654,10.29563,10.440307,11.18034,11.045361,10.0,10.049876,9.219544,7.615773,15.0,18.0,20.099751,21.213203,21.377558,20.615528,18.681542,16.155494,13.0,9.848858,6.708204,4.123106,3.162278,3.605551,5.385165,7.28011,8.544004,10.77033,12.529964,13.601471,15.620499,16.278821,15.556349,14.866069,13.453624,12.041595
20260626_160916,2026-06-26T07:09:22.671816Z,skeleton,RX1,25.317978,24.186773,21.213203,16.124515,12.041595,8.062258,4.0,1.414214,2.828427,5.830952,7.615773,10.77033,11.7047,13.0,14.317821,15.231546,14.866069,14.56022,13.601471,11.401754,9.055385,7.071068,4.472136,2.828427,2.0,3.605551,7.0,3.0,2.0,7.0,12.0,16.0,20.0,23.021729,24.0,24.020824,24.020824,22.0,20.024984,18.0,15.033296,12.041595,9.219544,5.385165,2.236068,3.162278,8.062258,12.0,16.03122,21.095023,24.186773,26.305893
20260626_160916,2026-06-26T07:09:22.703177Z,skeleton,RX2,22.803509,22.135944,19.697716,16.552945,13.892444,10.29563,6.708204,5.0,4.472136,6.403124,7.81025,10.630146,11.313708,13.601471,15.264338,17.088007,17.262677,18.0,17.262677,15.231546,13.038405,9.219544,6.324555,3.605551,4.123106,7.81025,14.317821,12.649111,10.0,10.77033,12.806248,15.620499,17.204651,18.867962,18.867962,19.235384,17.888544,18.027756,17.720045,17.464249,16.278821,16.278821,15.132746,14.142136,13.038405,11.0,8.544004,7.81025,9.848858,13.152946,17.117243,20.223748
20260626_160916,2026-06-26T07:09:22.731258Z,skeleton,RX3,26.248809,25.495098,24.758837,21.931712,19.849433,16.401219,13.453624,10.630146,9.433981,8.544004,9.219544,9.055385,10.0,12.0,13.038405,14.035669,15.033296,16.124515,17.117243,17.262677,17.464249,16.763055,16.155494,16.552945,16.124515,15.264338,16.278821,13.152946,9.055385,4.472136,3.162278,7.071068,10.630146,14.142136,16.278821,17.204651,18.35756,18.384776,16.763055,16.278821,15.033296,13.0,12.041595,10.049876,9.055385,7.071068,7.615773,9.899495,12.206556,16.643317,20.248457,23.021729
20260626_160916,2026-06-26T07:09:22.761413Z,skeleton,RX1,3.605551,8.944272,12.529964,14.764823,16.552945,17.888544,17.888544,17.464249,15.652476,14.317821,13.0,11.18034,8.944272,7.211103,4.242641,2.236068,2.828427,4.123106,6.082763,8.246211,9.486833,11.7047,11.18034,11.661904,10.0,8.485281,18.788294,21.023796,22.36068,22.825424,21.470911,19.723083,16.124515,12.529964,8.944272,5.385165,1.414214,3.605551,7.071068,9.219544,12.806248,15.0,15.811388,17.492856,18.867962,19.723083,19.235384,18.788294,16.552945,14.317821,10.77033,5.385165
20260626_160916,2026-06-26T07:09:22.792040Z,skeleton,RX2,21.095023,20.808652,18.439089,15.556349,12.727922,9.899495,6.403124,5.09902,5.09902,6.708204,8.062258,10.29563,11.18034,13.928388,15.297059,16.0,17.262677,18.027756,16.643317,14.866069,12.206556,9.486833,6.082763,4.472136,5.830952,8.944272,14.21267,11.401754,10.440307,11.045361,13.0,15.652476,18.027756,18.601075,18.601075,18.439089,17.691806,17.691806,16.401219,16.643317,16.124515,16.124515,15.652476,14.317821,13.0,10.440307,9.055385,8.544004,9.219544,11.661904,15.652476,19.235384
20260626_160916,2026-06-26T07:09:22.821331Z,skeleton,RX3,8.485281,7.615773,8.0,9.219544,10.440307,10.77033,12.083046,12.083046,11.7047,11.7047,11.401754,10.440307,10.440307,9.486833,9.486833,8.944272,8.602325,9.219544,9.219544,8.944272,8.544004,8.246211,8.062258,8.0,7.071068,6.708204,17.0,21.095023,22.472205,24.413111,24.207437,24.083189,21.213203,18.384776,14.866069,12.041595,9.219544,5.656854,3.162278,3.162278,5.0,7.071068,8.485281,11.401754,12.806248,14.422205,16.124515,16.124515,17.464249,16.155494,15.231546,12.529964
20260626_160916,2026-06-26T07:09:22.852120Z,skeleton,RX1,3.162278,8.062258,11.18034,14.317821,16.278821,17.262677,17.262677,16.278821,15.297059,14.142136,12.165525,10.198039,8.246211,6.082763,4.123106,1.414214,1.414214,4.0,6.082763,8.246211,10.440307,10.77033,11.18034,10.29563,10.0,9.219544,18.027756,20.024984,21.0,22.0,21.0,19.026298,16.03122,13.0,8.062258,4.123106,2.0,4.242641,7.211103,9.848858,12.083046,14.866069,16.763055,17.720045,18.681542,19.646883,19.416488,18.248288,17.262677,14.142136,10.049876,6.082763
20260626_160916,2026-06-26T07:09:22.883244Z,skeleton,RX2,8.944272,8.062258,8.246211,8.944272,10.29563,11.661904,11.661904,11.18034,10.77033,9.486833,9.219544,8.062258,6.0,4.123106,2.236068,3.605551,6.403124,10.0,12.529964,14.866069,17.262677,19.0,19.104973,19.646883,17.888544,18.027756,21.023796,22.022716,22.022716,21.023796,19.104973,18.248288,15.524175,14.317821,13.601471,12.041595,11.401754,9.848858,9.219544,9.0,9.219544,9.848858,12.206556,14.21267,16.278821,18.384776,19.79899,19.79899,19.104973,16.970563,14.142136,16.7766025
20260626_160916,2026-06-26T07:09:22.911576Z,skeleton,RX3,8.485281,8.544004,9.0,10.198039,11.7047,11.7047,12.649111,12.649111,13.601471,12.649111,12.649111,11.7047,11.7047,10.440307,10.77033,9.848858,10.29563,10.0,9.219544,10.0,9.433981,9.486833,9.219544,9.055385,8.0,7.28011,15.811388,17.804494,20.615528,21.931712,22.627417,21.260292,19.209373,15.811388,13.038405,9.433981,7.211103,4.242641,2.0,3.605551,4.242641,6.403124,8.485281,10.630146,11.401754,13.892444,14.764823,15.231546,16.155494,15.231546,13.928388,12.529964
20260626_160916,2026-06-26T07:09:22.941990Z,skeleton,RX1,27.073973,26.07681,23.086793,18.11077,14.035669,10.049876,5.09902,1.0,2.0,5.0,7.0,9.055385,11.045361,13.038405,13.0,14.0,14.035669,14.035669,12.165525,10.440307,8.544004,7.211103,5.0,4.0,3.605551,4.123106,8.062258,3.605551,2.236068,7.071068,12.165525,16.124515,20.223748,22.203603,24.186773,25.079872,24.083189,22.090722,20.099751,17.117243,14.142136,11.18034,8.246211,4.472136,2.0,4.123106,9.055385,14.0,18.027756,23.086793,26.07681,27.166155
20260626_160916,2026-06-26T07:09:22.971474Z,skeleton,RX2,9.219544,9.433981,9.486833,10.049876,11.0,12.0,12.041595,12.041595,12.165525,10.440307,9.486833,7.615773,5.830952,5.0,2.236068,1.0,4.472136,7.28011,10.198039,13.0,16.124515,18.973666,20.124612,20.808652,20.518285,18.601075,17.492856,20.248457,21.633308,22.203603,21.095023,19.723083,17.888544,15.811388,14.317821,13.0,11.045361,10.440307,10.29563,9.219544,8.602325,9.486833,10.198039,12.041595,14.142136,16.278821,17.464249,19.416488,19.416488,18.439089,17.464249,14.317821
20260626_160916,2026-06-26T07:09:23.001570Z,skeleton,RX3,9.0,8.544004,9.219544,10.816654,11.661904,13.416408,13.416408,13.892444,13.892444,13.892444,13.038405,12.206556,12.206556,11.661904,11.18034,10.77033,10.440307,10.049876,10.0,10.198039,10.440307,10.29563,9.433981,9.219544,7.81025,8.062258,17.088007,20.880613,22.803509,24.515301,24.186773,23.086793,21.023796,18.0,15.033296,12.041595,8.0,5.09902,3.605551,4.123106,6.0,8.0,10.0,12.041595,14.142136,15.524175,16.763055,18.384776,18.384776,17.464249,16.552945,13.928388
20260626_160916,2026-06-26T07:09:23.031702Z,skeleton,RX1,26.248809,24.207437,20.615528,17.029386,12.806248,7.81025,4.242641,2.828427,5.656854,8.485281,10.630146,12.041595,13.453624,14.21267,15.620499,14.422205,14.422205,13.892444,11.661904,9.486833,7.28011,5.0,2.828427,2.0,3.162278,6.708204,2.236068,2.828427,7.81025,12.727922,17.691806,20.518285,23.345235,25.495098,25.495098,24.839485,23.345235,20.518285,18.439089,14.866069,12.041595,9.219544,5.830952,2.0,4.0,8.062258,13.038405,16.401219,21.400935,24.207437,26.907248,27.9008985
20260626_160916,2026-06-26T07:09:23.062417Z,skeleton,RX2,8.485281,7.615773,8.062258,10.049876,11.045361,11.18034,11.045361,11.045361,10.0,10.049876,8.246211,6.324555,5.830952,2.828427,1.414214,2.0,4.242641,7.211103,9.848858,13.341664,16.124515,17.029386,18.439089,19.313208,18.35756,17.691806,18.027756,20.248457,22.472205,22.472205,21.540659,20.248457,18.681542,16.278821,14.035669,13.152946,11.401754,11.18034,10.0,9.219544,8.944272,10.198039,10.049876,12.041595,14.142136,16.492423,17.720045,18.681542,18.973666,17.720045,15.811388,13.601471
20260626_160916,2026-06-26T07:09:23.092720Z,skeleton,RX3,8.944272,8.485281,8.944272,10.198039,11.045361,13.038405,13.038405,13.038405,13.038405,13.038405,12.165525,12.041595,11.045361,11.045361,11.045361,10.049876,10.049876,10.440307,9.848858,10.816654,10.0,9.899495,9.433981,8.944272,8.544004,7.28011,16.124515,20.124612,22.36068,23.769729,23.4094,21.84033,20.615528,17.262677,14.142136,10.049876,7.28011,4.123106,2.828427,3.0,4.472136,7.615773,8.544004,10.440307,12.369317,14.142136,15.0,16.03122,17.029386,16.03122,14.035669,12.0
20260626_160916,2026-06-26T07:09:23.122287Z,skeleton,RX1,27.313001,25.495098,21.931712,18.384776,13.0,8.944272,4.472136,1.414214,2.0,6.082763,8.246211,9.486833,12.649111,13.601471,14.56022,15.524175,15.524175,14.142136,14.035669,12.0,10.049876,7.28011,5.0,3.162278,3.162278,3.605551,7.211103,3.162278,3.0,7.615773,12.529964,17.0,21.095023,24.186773,25.553865,26.41969,25.495098,23.259407,21.470911,18.35756,15.264338,13.038405,8.602325,5.0,2.0,4.0,8.246211,13.928388,18.384776,23.259407,26.400758,28.635642
20260626_160916,2026-06-26T07:09:23.155931Z,skeleton,RX2,9.219544,8.544004,10.049876,11.045361,13.038405,13.152946,13.038405,12.0,12.041595,11.045361,9.219544,7.28011,6.324555,3.605551,2.236068,1.0,3.605551,6.708204,10.77033,13.341664,16.03122,18.027756,18.681542,19.697716,18.867962,17.691806,17.464249,20.124612,21.470911,21.470911,21.470911,18.788294,17.088007,15.524175,13.038405,12.041595,11.401754,9.848858,9.219544,9.219544,9.848858,10.198039,11.0,13.152946,15.297059,16.492423,17.720045,18.973666,19.924859,18.681542,16.763055,13.928388
20260626_160916,2026-06-26T07:09:23.181197Z,skeleton,RX3,25.553865,25.942244,24.596748,21.931712,19.313208,16.155494,13.416408,10.29563,9.219544,7.81025,8.062258,9.486833,10.198039,12.165525,13.038405,14.035669,15.033296,17.0,17.0,17.029386,17.117243,17.262677,16.763055,17.088007,16.155494,15.652476,17.0,13.892444,9.433981,4.472136,2.0,6.324555,10.77033,14.866069,16.492423,18.11077,19.026298,18.027756,17.262677,15.811388,15.231546,13.892444,12.206556,10.0,8.602325,7.615773,7.0,8.544004,11.661904,15.811388,19.416488,23.021729
20260626_160916,2026-06-26T07:09:23.213628Z,skeleton,RX1,4.472136,8.246211,12.369317,14.317821,16.278821,17.464249,17.464249,16.492423,14.317821,13.341664,12.369317,10.440307,8.544004,6.324555,3.605551,2.236068,1.414214,4.123106,6.0,8.062258,9.219544,10.440307,11.18034,10.29563,9.219544,7.071068,18.973666,20.880613,22.803509,22.803509,22.561028,19.416488,16.492423,12.369317,8.246211,4.472136,2.0,4.472136,8.062258,11.045361,13.038405,15.033296,16.03122,18.027756,19.026298,20.0,20.0,19.026298,16.03122,14.035669,10.198039,5.385165
20260626_160916,2026-06-26T07:09:23.241743Z,skeleton,RX2,20.223748,20.024984,17.0,15.033296,12.041595,8.0,6.082763,4.472136,5.0,6.324555,8.246211,10.198039,11.401754,13.0,13.892444,15.620499,16.278821,16.124515,15.811388,14.142136,12.041595,8.544004,5.656854,4.123106,5.385165,8.0,12.165525,10.0,7.615773,10.0,11.7047,14.56022,16.492423,18.248288,18.248288,18.11077,17.029386,17.0,16.03122,15.132746,14.317821,13.601471,12.369317,12.649111,13.0,9.433981,8.485281,8.544004,11.0,13.152946,16.492423,18.439089
20260626_160916,2026-06-26T07:09:23.271297Z,skeleton,RX3,9.219544,8.062258,8.602325,9.899495,10.630146,12.206556,12.206556,12.206556,12.806248,12.041595,12.041595,12.041595,11.401754,11.401754,10.0,10.29563,9.848858,9.486833,9.055385,9.0,9.055385,9.219544,7.615773,8.062258,7.81025,6.403124,15.132746,19.416488,21.587033,22.803509,22.135944,21.540659,19.697716,16.552945,13.416408,10.29563,6.708204,4.472136,2.236068,3.605551,5.09902,6.324555,9.219544,10.440307,12.649111,13.416408,14.764823,15.811388,16.401219,15.0,15.0,12.529964
20260626_160916,2026-06-26T07:09:23.301890Z,skeleton,RX1,2.828427,7.071068,10.630146,13.453624,14.866069,14.866069,16.278821,14.866069,14.21267,12.806248,11.401754,9.219544,7.81025,5.656854,4.242641,1.0,1.0,3.605551,6.403124,8.485281,9.899495,11.401754,10.816654,11.18034,9.848858,9.219544,18.384776,20.124612,21.470911,21.954498,20.59126,18.35756,16.124515,11.661904,7.615773,4.0,2.236068,4.472136,8.062258,10.0,12.806248,14.866069,16.278821,18.384776,19.104973,19.104973,19.104973,18.439089,17.029386,13.453624,10.630146,5.656854
20260626_160916,2026-06-26T07:09:23.332364Z,skeleton,RX2,22.36068,21.540659,19.924859,16.763055,13.601471,10.440307,7.615773,5.656854,5.09902,7.0,8.0,11.0,12.0,14.142136,15.524175,16.552945,18.027756,17.691806,17.204651,16.155494,13.152946,10.049876,7.211103,5.0,5.656854,9.055385,13.341664,10.77033,9.219544,10.440307,13.0,16.124515,18.248288,19.416488,19.646883,19.924859,19.313208,18.384776,17.888544,17.492856,16.643317,17.204651,15.811388,15.0,13.453624,12.041595,9.848858,10.049876,11.401754,14.764823,17.492856,21.095023
20260626_160916,2026-06-26T07:09:23.361483Z,skeleton,RX3,25.553865,26.41969,24.596748,22.36068,19.697716,16.552945,13.416408,11.661904,9.219544,7.81025,7.615773,7.28011,9.055385,10.0,12.041595,13.152946,14.142136,15.297059,16.492423,16.763055,17.088007,16.552945,17.0,16.643317,15.811388,14.21267,19.416488,15.811388,10.29563,5.830952,1.414214,6.082763,11.045361,15.033296,18.027756,19.104973,20.396078,20.248457,18.788294,17.492856,16.401219,14.866069,12.727922,11.401754,9.219544,7.81025,7.28011,8.246211,12.083046,15.264338,18.867962,22.472205
20260626_160916,2026-06-26T07:09:23.391404Z,skeleton,RX1,28.635642,25.70992,22.561028,19.235384,14.317821,10.198039,5.09902,1.0,1.414214,5.385165,7.28011,9.486833,11.401754,12.649111,13.341664,14.317821,14.142136,14.035669,13.0,11.045361,9.055385,6.324555,4.242641,2.0,2.828427,4.0,7.211103,2.828427,2.0,6.708204,12.083046,16.552945,20.615528,23.769729,24.698178,26.0,24.698178,23.4094,20.615528,18.384776,14.764823,12.529964,8.602325,5.0,3.162278,5.09902,9.0,14.142136,19.235384,23.537205,25.96151,27.892651
20260626_160916,2026-06-26T07:09:23.422160Z,skeleton,RX2,22.671568,20.808652,18.027756,15.264338,12.083046,8.944272,5.0,3.162278,4.123106,5.830952,8.602325,10.29563,11.7047,13.601471,15.132746,15.033296,16.492423,16.552945,15.811388,14.21267,12.083046,9.055385,6.324555,5.09902,6.708204,9.433981,13.892444,12.041595,10.29563,11.045361,13.341664,15.811388,18.384776,19.697716,20.124612,20.59126,19.723083,18.867962,17.804494,17.029386,16.278821,15.556349,14.866069,14.21267,12.806248,11.18034,9.219544,9.055385,10.29563,13.453624,16.278821,19.104973
20260626_160916,2026-06-26T07:09:23.451388Z,skeleton,RX3,8.544004,7.0,7.615773,8.485281,10.0,11.401754,12.206556,12.206556,12.206556,12.206556,11.401754,11.401754,10.816654,10.816654,10.29563,10.29563,9.848858,9.486833,9.055385,9.055385,9.219544,9.486833,8.944272,8.602325,7.81025,7.211103,16.155494,20.248457,21.931712,23.706539,23.706539,22.472205,20.808652,17.804494,14.21267,11.313708,7.81025,4.242641,2.236068,2.236068,3.605551,5.09902,7.615773,9.848858,11.661904,13.601471,14.21267,16.278821,15.556349,15.556349,14.142136,12.041595
20260626_160916,2026-06-26T07:09:23.481263Z,skeleton,RX1,3.605551,7.071068,11.045361,14.142136,15.033296,16.124515,16.03122,15.033296,15.132746,13.038405,12.165525,9.055385,7.071068,5.09902,3.605551,2.236068,2.828427,5.09902,7.071068,9.0,11.045361,12.165525,12.369317,11.7047,11.18034,9.433981,17.464249,19.313208,20.248457,21.18962,19.924859,18.681542,14.56022,11.401754,7.615773,3.605551,2.236068,5.09902,9.055385,11.0,14.0,16.0,18.0,19.026298,20.024984,21.095023,20.223748,19.235384,18.248288,15.132746,11.18034,6.324555
20260626_160916,2026-06-26T07:09:23.511881Z,skeleton,RX2,22.561028,20.880613,18.384776,15.652476,11.661904,8.944272,5.385165,3.0,3.605551,5.385165,7.615773,8.944272,10.29563,12.806248,14.142136,15.0,16.552945,16.492423,16.0,13.341664,12.083046,9.219544,6.324555,5.0,6.324555,9.219544,13.601471,11.045361,10.440307,11.401754,14.21267,16.124515,19.235384,20.124612,20.615528,20.615528,19.313208,19.646883,18.681542,18.439089,17.262677,17.117243,15.033296,14.035669,13.0,11.18034,8.944272,9.219544,11.7047,14.317821,17.117243,20.099751
20260626_160916,2026-06-26T07:09:23.542086Z,skeleton,RX3,26.305893,26.172505,25.079872,23.021729,20.0,17.0,14.0,12.041595,10.049876,8.544004,8.062258,8.485281,9.219544,10.0,11.661904,12.529964,13.416408,13.928388,14.866069,15.524175,15.524175,16.278821,16.03122,16.0,15.0,14.035669,17.691806,13.453624,9.219544,5.0,2.828427,7.071068,11.045361,15.132746,17.262677,18.973666,19.313208,19.235384,18.601075,17.691806,16.278821,15.0,13.038405,11.661904,10.0,8.485281,8.062258,9.055385,12.041595,16.278821,19.416488,22.561028
20260626_160916,2026-06-26T07:09:23.571356Z,skeleton,RX1,3.162278,7.28011,10.77033,13.0,14.866069,14.866069,14.866069,14.866069,13.0,12.083046,10.77033,8.544004,7.28011,5.09902,3.162278,1.0,2.236068,4.472136,6.708204,8.246211,10.198039,11.045361,11.0,11.045361,10.198039,8.544004,17.691806,19.79899,21.931712,21.260292,20.615528,18.439089,15.620499,12.041595,7.81025,4.472136,2.828427,5.0,8.062258,11.18034,13.341664,14.56022,17.088007,18.027756,19.313208,19.313208,19.697716,18.788294,17.0,14.317821,10.29563,5.385165
20260626_160916,2026-06-26T07:09:23.601826Z,skeleton,RX2,23.0,22.090722,19.235384,16.492423,12.649111,9.486833,5.09902,3.162278,3.162278,5.0,8.0,9.055385,11.045361,13.341664,14.866069,16.124515,17.029386,17.029386,17.492856,15.811388,13.038405,11.18034,8.602325,6.324555,5.830952,8.062258,12.206556,9.486833,9.055385,10.0,13.453624,16.401219,18.867962,20.59126,20.59126,21.023796,19.697716,18.973666,18.439089,17.262677,17.117243,16.03122,15.0,14.035669,12.165525,9.848858,9.219544,8.944272,12.165525,16.0,19.026298,22.022716
20260626_160916,2026-06-26T07:09:23.632186Z,skeleton,RX3,9.219544,8.062258,8.544004,9.219544,10.630146,10.816654,10.816654,12.206556,12.206556,11.401754,11.401754,10.630146,10.0,10.816654,9.433981,10.29563,8.944272,9.486833,9.055385,9.0,8.062258,7.28011,6.708204,6.403124,5.656854,5.385165,17.0,20.024984,22.090722,24.33105,23.537205,23.769729,20.880613,18.027756,14.866069,11.7047,8.544004,5.09902,3.162278,4.242641,5.385165,7.28011,9.219544,11.401754,12.649111,14.317821,15.652476,16.643317,16.643317,16.643317,15.264338,13.892444
20260626_160916,2026-06-26T07:09:23.662003Z,skeleton,RX1,3.162278,7.071068,10.049876,13.038405,14.035669,16.03122,16.03122,14.035669,14.035669,12.0,11.045361,9.055385,7.071068,5.09902,3.162278,1.0,2.0,4.0,7.0,9.055385,10.198039,11.7047,12.083046,11.661904,10.0,8.485281,17.0,20.124612,21.931712,21.931712,21.540659,18.384776,15.231546,12.083046,8.062258,4.242641,3.162278,5.385165,8.062258,11.045361,13.038405,16.03122,17.0,18.0,20.0,20.024984,20.024984,19.026298,17.117243,14.035669,11.045361,6.082763
20260626_160916,2026-06-26T07:09:23.691453Z,skeleton,RX2,5.830952,6.708204,9.219544,11.045361,13.152946,13.152946,13.152946,13.341664,12.649111,10.77033,9.433981,8.602325,6.403124,4.242641,2.236068,1.414214,3.605551,6.324555,10.049876,13.038405,15.297059,18.027756,19.235384,20.0,19.79899,18.027756,19.235384,21.023796,22.36068,23.259407,21.470911,19.723083,17.204651,14.866069,12.806248,11.661904,10.440307,10.0,9.055385,8.544004,8.602325,10.0,11.18034,12.649111,14.56022,16.492423,17.464249,18.439089,18.439089,16.492423,14.317821,11.18034
20260626_160916,2026-06-26T07:09:23.722943Z,skeleton,RX3,25.079872,25.079872,23.706539,21.470911,18.35756,16.124515,13.038405,10.29563,8.544004,8.062258,8.0,8.246211,8.544004,9.848858,11.18034,12.529964,13.892444,14.422205,15.0,15.620499,16.278821,16.278821,17.029386,16.401219,15.811388,15.264338,17.464249,15.297059,10.198039,6.082763,2.236068,5.656854,10.816654,13.601471,16.278821,17.691806,18.439089,18.027756,17.888544,17.088007,15.524175,14.142136,13.038405,11.0,10.0,8.246211,7.211103,9.219544,11.18034,14.866069,18.973666,21.18962
20260626_160916,2026-06-26T07:09:23.751651Z,skeleton,RX1,3.605551,7.615773,11.18034,13.892444,14.764823,16.124515,16.124515,15.264338,13.892444,13.038405,11.18034,8.944272,7.615773,5.385165,3.162278,1.0,2.236068,4.242641,7.211103,8.944272,9.848858,11.7047,12.369317,11.045361,10.0,9.055385,18.384776,20.518285,22.022716,22.022716,21.400935,19.209373,15.620499,12.041595,7.81025,4.123106,2.236068,5.0,8.062258,11.18034,13.601471,15.811388,17.088007,18.384776,19.697716,20.124612,20.124612,19.235384,17.492856,13.892444,10.29563,5.830952
20260626_160916,2026-06-26T07:09:23.782732Z,skeleton,RX2,23.259407,22.825424,20.248457,17.804494,13.453624,9.899495,6.403124,3.162278,2.828427,5.0,6.708204,9.433981,10.630146,12.727922,14.21267,16.124515,16.155494,17.262677,16.03122,14.56022,12.529964,10.630146,7.615773,5.09902,5.385165,7.071068,12.206556,9.219544,8.246211,10.440307,13.416408,16.643317,19.209373,20.615528,20.518285,20.518285,19.104973,19.209373,18.601075,17.492856,17.0,17.0,15.231546,13.928388,12.369317,10.049876,8.246211,9.219544,11.661904,15.811388,18.973666,22.472205
20260626_160916,2026-06-26T07:09:23.811669Z,skeleton,RX3,25.806976,27.202941,25.612497,23.430749,19.849433,17.691806,14.21267,12.206556,9.433981,8.544004,8.246211,9.0,9.055385,10.198039,12.369317,12.369317,14.866069,15.231546,15.652476,16.124515,16.643317,16.401219,17.029386,16.278821,15.556349,14.866069,17.029386,13.038405,10.049876,5.0,3.0,6.403124,11.313708,15.620499,17.204651,19.723083,20.124612,19.924859,19.416488,18.11077,17.0,16.03122,14.142136,12.165525,10.049876,9.055385,8.544004,10.0,12.806248,16.643317,20.248457,23.323808
20260626_160916,2026-06-26T07:09:23.841971Z,skeleton,RX1,3.0,7.071068,11.401754,13.601471,15.524175,15.811388,15.811388,15.811388,14.56022,12.649111,11.401754,9.219544,7.071068,5.0,3.0,1.414214,2.828427,5.0,7.615773,9.486833,11.401754,12.165525,12.041595,12.0,11.045361,9.219544,16.970563,19.104973,20.518285,21.260292,19.849433,17.804494,15.0,11.401754,7.071068,3.162278,2.236068,5.09902,8.246211,11.401754,13.601471,16.155494,18.027756,19.313208,21.023796,21.023796,20.124612,19.235384,17.492856,15.264338,10.816654,6.403124
20260626_160916,2026-06-26T07:09:23.872679Z,skeleton,RX2,6.082763,5.656854,7.615773,9.486833,11.401754,12.369317,11.7047,12.083046,11.18034,9.433981,9.219544,7.071068,5.0,3.162278,2.0,2.236068,3.605551,7.071068,10.0,12.369317,14.866069,17.0,18.601075,18.384776,18.601075,17.464249,19.313208,21.540659,22.472205,22.472205,21.540659,20.615528,18.35756,15.811388,14.142136,12.806248,11.18034,10.440307,10.0,9.219544,9.848858,10.0,11.401754,13.038405,14.764823,16.552945,18.788294,19.697716,19.697716,17.888544,15.652476,11.7047
20260626_160916,2026-06-26T07:09:23.901998Z,skeleton,RX3,24.083189,24.083189,23.194827,21.377558,18.248288,16.278821,13.152946,11.045361,10.049876,8.246211,8.544004,8.602325,9.219544,9.899495,12.041595,12.806248,13.601471,14.422205,15.264338,15.652476,15.652476,16.155494,16.763055,15.524175,15.297059,14.142136,16.155494,12.649111,8.544004,3.605551,1.414214,6.082763,10.440307,12.649111,15.231546,17.0,17.204651,17.691806,16.278821,15.811388,13.892444,13.416408,11.7047,10.77033,8.544004,7.211103,7.211103,8.246211,12.165525,15.0,18.0,21.0
20260626_160916,2026-06-26T07:09:23.931876Z,skeleton,RX1,26.172505,23.194827,20.223748,17.117243,12.165525,8.062258,4.123106,1.0,3.0,5.0,8.0,10.049876,11.045361,13.038405,14.035669,14.0,14.0,14.035669,12.165525,11.401754,8.544004,5.830952,5.0,3.0,3.605551,4.123106,6.403124,2.828427,3.0,7.0,12.165525,17.262677,20.223748,23.194827,24.33105,24.186773,24.186773,23.194827,20.223748,17.262677,14.317821,12.369317,8.246211,4.123106,2.0,4.123106,8.0,13.038405,17.029386,21.095023,24.186773,26.172505
20260626_160916,2026-06-26T07:09:23.962343Z,skeleton,RX2,25.298221,23.769729,21.470911,18.027756,13.038405,10.816654,6.708204,4.0,4.242641,6.708204,8.544004,10.29563,12.529964,14.422205,15.620499,17.029386,17.492856,17.464249,16.492423,15.0,12.165525,8.544004,5.656854,3.162278,4.123106,7.615773,12.806248,10.0,8.246211,9.219544,11.661904,15.620499,17.691806,19.104973,19.849433,19.849433,19.209373,18.867962,18.35756,17.0,16.552945,16.155494,13.928388,13.601471,11.18034,9.0,7.615773,8.602325,11.7047,16.278821,20.223748,22.561028
20260626_160916,2026-06-26T07:09:23.991550Z,skeleton,RX3,8.062258,7.211103,7.81025,8.944272,10.440307,11.401754,11.401754,11.401754,11.401754,11.401754,10.440307,10.440307,10.440307,9.219544,9.219544,9.055385,9.0,9.055385,9.219544,8.544004,8.062258,8.602325,8.485281,7.211103,6.324555,6.082763,17.088007,19.924859,21.84033,24.515301,23.345235,23.194827,21.095023,18.0,15.0,11.045361,8.0,6.0,3.162278,2.236068,4.0,6.0,8.062258,10.0,12.0,13.038405,15.297059,15.524175,15.811388,15.524175,14.56022,12.369317
20260626_160916,2026-06-26T07:09:24.024077Z,skeleton,RX1,28.861739,24.738634,21.84033,17.720045,13.341664,9.486833,4.472136,1.414214,2.0,5.09902,7.071068,9.055385,10.198039,12.165525,13.341664,14.56022,12.649111,13.0,11.18034,10.0,7.81025,5.0,3.0,2.828427,3.0,5.09902,7.071068,3.162278,2.0,7.071068,12.041595,16.03122,20.099751,23.194827,24.186773,24.186773,23.194827,22.203603,19.235384,17.117243,15.033296,11.0,8.062258,4.472136,3.0,5.656854,9.848858,14.866069,18.681542,22.803509,25.70992,27.892651
20260626_160916,2026-06-26T07:09:24.051651Z,skeleton,RX2,24.698178,22.803509,20.396078,17.117243,14.035669,10.0,6.0,3.162278,2.0,4.472136,6.708204,8.944272,10.77033,12.649111,14.142136,15.0,16.124515,15.811388,14.764823,12.806248,10.630146,8.062258,5.0,3.162278,4.472136,7.81025,13.341664,10.0,8.544004,9.219544,12.649111,15.524175,18.248288,20.223748,21.095023,21.023796,21.023796,20.0,19.026298,18.11077,17.262677,16.278821,15.297059,13.601471,10.77033,8.602325,7.211103,8.0,10.77033,14.764823,19.723083,22.825424
20260626_160916,2026-06-26T07:09:24.081736Z,skeleton,RX3,9.433981,9.219544,9.848858,11.18034,12.041595,13.0,13.038405,14.0,14.0,13.0,13.0,12.0,12.0,12.041595,12.041595,11.18034,11.18034,10.77033,10.29563,10.816654,10.630146,9.899495,9.433981,8.944272,8.246211,7.071068,17.204651,21.095023,23.706539,25.495098,25.079872,24.351591,21.84033,18.681542,14.317821,11.18034,8.062258,5.09902,2.828427,3.0,4.472136,6.708204,8.544004,11.7047,12.649111,14.317821,16.124515,17.029386,17.029386,17.0,15.0,13.038405
20260626_160916,2026-06-26T07:09:24.111444Z,skeleton,RX1,4.0,9.055385,12.041595,15.033296,17.117243,17.117243,17.117243,16.124515,15.033296,14.035669,12.041595,10.049876,8.062258,6.0,4.0,1.414214,1.414214,4.123106,7.071068,8.0,10.0,11.045361,11.18034,10.440307,10.29563,8.602325,18.027756,21.095023,21.954498,22.825424,21.470911,20.124612,16.552945,12.529964,8.602325,4.242641,2.236068,4.123106,8.062258,10.0,13.038405,15.033296,17.117243,18.11077,19.235384,19.235384,19.416488,18.439089,16.492423,13.341664,10.440307,5.385165
20260626_160916,2026-06-26T07:09:24.147934Z,skeleton,RX2,6.082763,5.830952,7.81025,10.816654,13.038405,13.892444,14.422205,13.601471,13.453624,11.313708,11.401754,8.602325,8.062258,5.385165,3.162278,1.0,2.0,5.09902,8.246211,11.18034,13.038405,16.278821,17.029386,18.027756,17.464249,16.492423,18.11077,21.213203,22.36068,23.345235,22.203603,21.213203,18.027756,15.0,13.152946,10.77033,9.433981,7.81025,7.615773,8.062258,8.246211,10.29563,12.206556,13.453624,16.970563,18.384776,20.518285,20.518285,19.79899,19.104973,16.278821,12.727922
20260626_160916,2026-06-26T07:09:24.171422Z,skeleton,RX3,9.219544,8.944272,10.049876,10.049876,11.401754,12.649111,13.0,12.649111,12.649111,12.649111,12.649111,11.401754,11.401754,10.77033,9.848858,10.29563,10.29563,10.0,9.899495,10.0,9.433981,8.944272,8.246211,7.071068,6.082763,5.385165,17.492856,20.808652,24.207437,25.495098,26.172505,23.345235,22.022716,19.209373,15.811388,12.206556,9.219544,5.656854,4.123106,4.123106,5.830952,7.81025,9.219544,12.041595,13.601471,15.264338,16.124515,17.888544,17.464249,17.464249,16.552945,13.892444
20260626_160916,2026-06-26T07:09:24.205567Z,skeleton,RX1,26.925824,25.553865,21.095023,18.35756,13.416408,8.944272,5.385165,2.0,2.236068,5.656854,7.071068,9.899495,11.313708,13.453624,14.21267,14.21267,14.21267,13.892444,12.529964,10.77033,8.246211,6.082763,4.123106,2.236068,3.162278,4.242641,7.81025,3.605551,2.236068,7.211103,12.206556,16.643317,20.248457,23.323808,24.186773,24.698178,23.323808,22.472205,20.248457,17.204651,15.0,12.041595,8.485281,5.0,3.162278,5.0,9.486833,14.317821,17.888544,21.954498,25.553865,26.925824
20260626_160916,2026-06-26T07:09:24.232176Z,skeleton,RX2,5.09902,5.830952,7.071068,10.049876,12.041595,12.041595,13.152946,12.165525,11.401754,10.440307,8.944272,7.211103,6.403124,4.242641,2.236068,3.162278,6.082763,9.055385,11.401754,13.928388,16.124515,17.804494,18.439089,18.601075,17.888544,20.124612,23.259407,24.166092,25.079872,23.259407,22.36068,19.235384,17.204651,14.142136,12.806248,11.18034,9.486833,8.0,7.615773,7.81025,8.602325,11.18034,13.601471,15.524175,18.439089,19.646883,20.615528,20.880613,18.973666,16.763055,12.649111,12.863961
20260626_160916,2026-06-26T07:09:24.262021Z,skeleton,RX3,9.433981,9.219544,9.0,10.440307,11.18034,11.661904,12.529964,12.529964,12.529964,12.529964,12.083046,12.083046,11.18034,10.29563,10.29563,10.0,10.630146,9.899495,10.0,9.433981,8.944272,9.219544,8.062258,7.0,6.082763,5.385165,15.524175,18.973666,21.540659,22.847319,22.825424,21.954498,20.248457,17.204651,15.0,11.401754,7.81025,5.830952,4.0,3.605551,5.0,7.211103,8.602325,11.401754,13.453624,14.866069,16.278821,17.029386,17.204651,17.204651,15.811388,13.601471
20260626_160916,2026-06-26T07:09:24.292833Z,skeleton,RX1,3.162278,7.0,11.045361,14.035669,15.132746,16.124515,16.124515,15.132746,14.142136,13.152946,11.045361,9.055385,7.0,5.09902,3.162278,2.236068,2.828427,5.830952,7.615773,9.486833,11.18034,12.165525,12.041595,12.041595,11.18034,9.486833,17.0,18.788294,21.023796,20.615528,20.615528,18.384776,14.866069,10.77033,6.708204,2.828427,2.236068,5.09902,8.0,11.045361,13.038405,16.124515,18.248288,19.235384,20.396078,20.615528,20.615528,19.646883,17.720045,14.866069,10.77033,6.708204
20260626_160916,2026-06-26T07:09:24.322985Z,skeleton,RX2,5.656854,4.0,6.708204,8.602325,10.0,10.816654,10.816654,10.29563,9.848858,9.219544,8.062258,7.0,6.082763,4.472136,2.828427,1.0,2.0,5.0,8.602325,10.77033,13.601471,16.124515,18.0,18.248288,18.973666,17.888544,20.615528,23.086793,24.351591,25.0,24.041631,21.587033,19.235384,17.0,15.033296,13.601471,12.083046,10.816654,10.0,8.944272,9.219544,11.045361,11.401754,14.317821,16.552945,19.235384,20.59126,21.470911,21.023796,19.697716,17.088007,13.0
20260626_160916,2026-06-26T07:09:24.351963Z,skeleton,RX3,26.683328,26.683328,25.317978,23.194827,21.213203,18.248288,15.132746,12.369317,10.440307,8.062258,7.81025,7.81025,8.062258,9.848858,11.7047,12.649111,13.341664,15.297059,16.124515,16.03122,16.0,17.029386,16.03122,16.124515,15.132746,14.317821,16.552945,13.928388,9.848858,5.385165,1.0,5.09902,10.049876,13.341664,15.811388,18.384776,19.235384,19.416488,18.439089,17.691806,16.401219,15.811388,13.892444,12.529964,10.29563,8.485281,8.062258,9.055385,12.041595,15.297059,18.681542,22.803509
20260626_160916,2026-06-26T07:09:24.381798Z,skeleton,RX1,4.472136,8.544004,11.7047,14.866069,16.155494,17.088007,17.088007,15.811388,15.811388,13.928388,13.0,9.848858,8.544004,5.385165,3.605551,1.414214,2.0,4.123106,6.324555,8.944272,10.29563,11.401754,12.041595,12.041595,10.816654,9.848858,18.681542,21.587033,22.561028,22.36068,21.377558,19.235384,16.278821,13.341664,8.246211,5.0,3.0,5.656854,8.062258,10.77033,13.0,15.811388,17.720045,18.681542,19.646883,20.396078,20.396078,18.248288,17.262677,14.142136,10.049876,5.0
20260626_160916,2026-06-26T07:09:24.411510Z,skeleton,RX2,21.633308,20.59126,19.313208,16.763055,14.317821,11.045361,8.0,5.0,3.162278,2.236068,4.0,6.082763,8.062258,11.045361,13.0,15.132746,16.492423,17.464249,16.643317,15.620499,13.453624,11.401754,7.211103,2.828427,2.236068,6.082763,11.18034,8.062258,7.615773,10.0,14.142136,17.262677,19.416488,20.396078,19.646883,19.646883,18.973666,17.464249,17.0,17.0,16.124515,15.811388,14.422205,13.601471,11.401754,9.219544,6.708204,6.0,8.602325,12.727922,15.556349,18.384776
20260626_160916,2026-06-26T07:09:24.442605Z,skeleton,RX3,9.433981,8.246211,7.071068,8.062258,9.899495,11.313708,12.206556,12.806248,12.806248,12.806248,13.453624,12.041595,12.041595,12.041595,10.630146,10.0,10.0,8.944272,8.544004,7.071068,7.0,6.324555,5.830952,5.656854,5.0,5.385165,14.142136,16.970563,19.849433,21.400935,21.633308,21.095023,19.235384,17.0,14.317821,10.77033,7.615773,4.472136,1.414214,2.236068,3.605551,7.211103,8.602325,10.630146,12.727922,14.866069,17.029386,17.204651,18.027756,18.027756,15.811388,13.601471
20260626_160916,2026-06-26T07:09:24.471492Z,skeleton,RX1,3.605551,7.071068,10.630146,13.453624,14.866069,15.620499,15.620499,14.21267,13.453624,12.041595,10.630146,9.219544,7.071068,5.0,3.162278,2.236068,3.0,5.385165,6.708204,8.602325,10.0,11.401754,12.041595,12.041595,10.816654,8.944272,18.35756,19.723083,21.095023,22.472205,20.248457,18.027756,14.422205,10.816654,6.708204,3.0,3.162278,5.830952,9.219544,12.041595,14.866069,16.278821,17.691806,19.79899,20.518285,21.260292,20.615528,19.209373,17.204651,14.422205,10.29563,5.830952
20260626_160916,2026-06-26T07:09:24.501390Z,skeleton,RX2,6.708204,5.09902,5.0,6.708204,9.486833,11.401754,12.649111,13.928388,13.928388,14.317821,13.416408,12.529964,12.529964,10.816654,8.062258,6.708204,4.0,5.0,8.246211,12.165525,16.278821,20.396078,22.561028,24.041631,24.351591,22.847319,21.213203,24.083189,26.0,25.019992,23.086793,20.099751,16.03122,12.041595,8.544004,7.81025,6.708204,7.071068,7.071068,8.246211,8.944272,10.0,9.899495,12.206556,14.422205,15.264338,17.0,18.35756,18.35756,18.027756,16.643317,13.601471
20260626_160916,2026-06-26T07:09:24.531354Z,skeleton,RX3,27.513633,27.513633,27.856777,24.698178,21.931712,19.697716,15.231546,12.083046,9.219544,8.0,6.324555,6.403124,7.071068,8.944272,10.77033,12.649111,14.56022,16.492423,17.464249,18.248288,18.248288,18.11077,17.029386,16.0,15.033296,13.038405,17.204651,14.422205,10.29563,6.324555,2.0,4.472136,8.544004,12.369317,15.297059,16.124515,18.027756,18.027756,18.248288,17.464249,17.088007,15.231546,13.892444,11.661904,9.433981,7.615773,5.0,6.403124,10.29563,13.928388,18.973666,23.086793
20260626_160916,2026-06-26T07:09:24.561393Z,skeleton,RX1,4.472136,9.219544,12.369317,14.317821,16.278821,17.464249,16.278821,16.278821,14.142136,12.165525,11.18034,10.198039,8.246211,6.324555,3.605551,2.236068,2.236068,3.605551,6.324555,8.062258,9.055385,10.0,10.049876,10.198039,8.544004,7.615773,19.416488,21.587033,22.561028,22.803509,20.880613,18.681542,15.524175,11.401754,7.28011,3.0,1.414214,4.472136,8.062258,10.77033,13.0,14.866069,16.763055,17.720045,19.646883,19.646883,18.439089,18.439089,15.297059,13.152946,9.055385,4.0
20260626_160916,2026-06-26T07:09:24.591443Z,skeleton,RX2,5.0,3.0,3.162278,6.082763,9.055385,11.0,12.0,12.041595,13.038405,13.038405,13.152946,12.165525,11.18034,10.198039,8.062258,6.0,3.605551,4.0,7.28011,11.18034,14.764823,18.35756,20.124612,21.470911,21.931712,20.615528,22.36068,25.553865,26.627054,27.802878,25.612497,22.022716,17.691806,13.453624,9.433981,4.123106,2.828427,5.09902,7.071068,8.246211,10.77033,11.18034,13.038405,14.422205,15.620499,17.029386,18.384776,19.104973,18.384776,17.691806,14.866069,12.806248
20260626_160916,2026-06-26T07:09:24.621627Z,skeleton,RX3,26.41969,26.925824,27.45906,24.413111,22.203603,18.601075,15.0,12.206556,8.602325,6.324555,5.0,5.0,6.708204,8.544004,11.401754,13.341664,16.278821,18.248288,19.104973,20.099751,20.024984,20.0,19.104973,18.248288,15.524175,13.928388,15.033296,12.0,9.055385,5.09902,1.414214,4.123106,8.0,11.18034,13.601471,15.231546,16.124515,16.643317,17.029386,16.970563,15.620499,15.0,13.892444,12.529964,10.29563,7.211103,4.472136,4.123106,7.81025,13.038405,17.492856,20.59126
20260626_160916,2026-06-26T07:09:24.651487Z,skeleton,RX1,26.925824,25.0,21.84033,17.720045,13.601471,9.486833,4.123106,1.0,2.236068,5.385165,8.544004,9.848858,12.083046,13.928388,14.866069,15.811388,15.811388,15.524175,14.317821,13.152946,11.0,8.062258,5.385165,4.242641,4.0,3.605551,5.09902,1.0,3.0,8.062258,13.038405,17.029386,20.024984,23.021729,24.020824,24.020824,24.020824,22.022716,20.024984,17.029386,14.142136,11.18034,8.246211,4.123106,1.0,4.0,9.055385,13.152946,18.248288,22.561028,25.70992,27.892651
20260626_160916,2026-06-26T07:09:24.681791Z,skeleton,RX2,22.022716,23.194827,21.377558,20.615528,17.720045,15.811388,12.649111,10.77033,7.28011,5.09902,3.0,2.236068,4.123106,6.324555,8.944272,11.18034,13.416408,15.231546,15.231546,15.231546,15.652476,13.416408,11.401754,9.219544,7.615773,7.071068,15.033296,10.049876,5.385165,2.236068,7.28011,12.041595,15.0,18.027756,20.024984,20.024984,19.026298,18.0,17.029386,16.124515,14.142136,13.152946,11.401754,9.486833,7.28011,5.09902,1.0,2.0,6.324555,11.18034,14.142136,18.027756
20260626_160916,2026-06-26T07:09:24.711752Z,skeleton,RX3,9.486833,6.403124,5.385165,5.385165,7.81025,9.899495,11.401754,12.806248,12.806248,13.453624,13.453624,13.453624,13.453624,13.453624,12.041595,12.041595,10.816654,8.944272,7.28011,6.0,5.385165,5.0,5.385165,7.0,7.28011,8.544004,12.165525,15.297059,17.464249,18.973666,19.313208,18.788294,17.888544,16.124515,13.038405,10.816654,7.81025,4.242641,2.236068,1.0,3.162278,5.830952,8.544004,10.440307,13.601471,15.524175,18.248288,19.235384,20.099751,20.099751,19.104973,16.124515
20260626_160916,2026-06-26T07:09:24.741697Z,skeleton,RX1,2.236068,6.708204,10.29563,14.317821,15.652476,17.0,17.0,17.0,15.652476,14.764823,13.416408,11.661904,9.433981,7.211103,4.242641,2.236068,2.236068,4.0,7.28011,9.848858,11.18034,12.206556,12.806248,12.727922,11.401754,10.29563,17.088007,19.313208,20.248457,20.615528,19.313208,17.464249,14.866069,11.401754,8.062258,4.123106,3.162278,5.385165,8.602325,10.630146,12.727922,14.866069,16.401219,18.601075,19.416488,20.248457,19.723083,19.235384,17.888544,14.764823,11.18034,6.708204
20260626_160916,2026-06-26T07:09:24.771488Z,skeleton,RX2,18.11077,19.026298,19.416488,18.027756,17.0,15.811388,13.453624,11.313708,9.219544,7.071068,5.0,4.123106,5.09902,6.708204,9.433981,10.816654,13.601471,16.124515,17.0,16.552945,15.652476,13.416408,10.816654,9.219544,7.28011,9.219544,14.317821,10.29563,6.403124,6.082763,9.219544,13.453624,15.0,17.204651,18.601075,18.027756,18.027756,18.35756,17.0,16.552945,15.231546,15.652476,15.231546,14.317821,12.529964,10.0,7.211103,4.242641,1.0,5.0,8.944272,12.083046
20260626_160916,2026-06-26T07:09:24.804827Z,skeleton,RX3,9.899495,7.615773,6.082763,6.403124,8.602325,11.18034,12.529964,13.416408,14.317821,14.317821,14.764823,14.764823,14.764823,13.892444,13.892444,12.083046,11.7047,10.440307,9.055385,8.062258,7.615773,7.071068,6.708204,7.28011,9.0,9.055385,12.727922,16.278821,18.601075,20.248457,21.954498,21.023796,20.248457,17.720045,15.524175,13.152946,10.198039,7.071068,4.123106,2.236068,2.236068,5.0,7.81025,9.899495,12.727922,15.620499,17.204651,19.416488,20.248457,20.248457,19.416488,16.643317
20260626_160916,2026-06-26T07:09:24.831298Z,skeleton,RX1,26.41969,23.706539,21.931712,17.464249,14.317821,9.848858,6.708204,3.605551,3.162278,4.472136,6.324555,8.544004,9.848858,12.083046,12.083046,13.416408,13.038405,13.601471,12.041595,10.630146,8.602325,7.615773,5.09902,3.162278,2.236068,2.236068,3.162278,3.162278,7.0,11.045361,15.033296,19.026298,21.023796,22.0,23.021729,22.090722,21.095023,20.099751,17.117243,15.033296,13.0,10.049876,8.246211,6.403124,6.708204,8.0,11.401754,15.231546,18.35756,21.095023,24.186773,25.553865
20260626_160916,2026-06-26T07:09:24.862045Z,skeleton,RX2,16.124515,16.278821,14.866069,13.416408,12.206556,10.630146,7.81025,5.656854,5.0,4.472136,5.0,6.082763,8.062258,11.045361,13.0,15.033296,17.262677,18.973666,19.235384,18.027756,16.278821,13.453624,7.81025,4.242641,2.236068,7.071068,19.026298,16.124515,12.649111,11.401754,11.18034,14.56022,16.124515,19.104973,20.024984,20.024984,20.0,19.0,19.026298,18.027756,17.029386,17.029386,16.03122,15.033296,13.038405,11.045361,9.055385,6.324555,5.0,7.071068,10.049876,12.041595
20260626_160916,2026-06-26T07:09:24.892365Z,skeleton,RX3,24.083189,25.495098,24.758837,24.758837,21.260292,18.439089,15.620499,12.041595,9.899495,7.81025,5.385165,5.0,6.708204,7.81025,9.899495,11.313708,14.21267,16.401219,17.804494,19.416488,20.248457,19.723083,19.235384,18.788294,17.464249,14.866069,15.264338,13.416408,10.77033,6.324555,2.236068,2.236068,6.082763,9.055385,12.041595,14.142136,14.56022,16.155494,16.124515,15.811388,15.620499,14.866069,14.21267,12.806248,10.816654,9.219544,6.403124,6.082763,7.615773,12.041595,16.278821,19.849433
20260626_160916,2026-06-26T07:09:24.922032Z,skeleton,RX1,10.198039,13.928388,15.231546,17.888544,17.464249,17.464249,17.088007,15.811388,14.56022,12.369317,10.198039,8.246211,6.082763,4.123106,2.828427,3.0,4.472136,5.830952,8.062258,8.944272,9.848858,9.486833,10.198039,9.055385,8.062258,6.324555,22.671568,23.021729,23.323808,21.470911,18.788294,16.552945,12.529964,9.219544,7.615773,9.0,10.440307,13.0,15.652476,17.464249,18.384776,20.615528,20.615528,21.18962,21.18962,21.18962,20.248457,18.973666,17.088007,13.416408,10.816654,8.602325
20260626_160916,2026-06-26T07:09:24.952014Z,skeleton,RX2,19.0,18.027756,16.278821,13.341664,11.7047,8.544004,6.082763,4.123106,4.242641,5.385165,7.615773,9.848858,11.661904,13.601471,16.278821,17.804494,18.867962,19.313208,19.235384,17.0,14.142136,8.944272,5.0,3.605551,7.0,11.7047,22.022716,19.0,15.132746,13.0,11.313708,13.0,15.297059,18.11077,20.024984,21.0,21.0,20.024984,20.024984,19.104973,18.11077,17.117243,16.124515,14.317821,13.341664,11.401754,9.433981,7.81025,8.246211,11.0,14.035669,16.278821
20260626_160916,2026-06-26T07:09:24.981460Z,skeleton,RX3,25.806976,28.600699,26.400758,24.839485,22.022716,19.209373,16.278821,12.806248,10.0,8.062258,6.324555,6.082763,6.708204,7.81025,9.899495,11.313708,14.21267,15.0,16.643317,18.027756,18.35756,19.235384,18.788294,17.464249,16.155494,13.928388,16.643317,13.416408,10.29563,5.385165,1.0,4.123106,8.246211,12.165525,15.033296,17.029386,18.11077,18.439089,18.027756,17.464249,17.0,15.811388,14.21267,12.806248,10.816654,8.944272,7.28011,7.28011,10.0,14.866069,18.601075,21.633308
20260626_160916,2026-06-26T07:09:25.011440Z,skeleton,RX1,22.203603,19.416488,17.204651,12.206556,8.062258,4.472136,2.236068,3.162278,5.385165,8.062258,8.944272,10.29563,11.18034,12.083046,12.083046,11.7047,10.77033,9.219544,8.062258,6.0,3.162278,2.236068,2.236068,3.605551,4.123106,5.0,1.414214,3.0,8.062258,13.038405,17.117243,21.023796,23.0,25.019992,25.019992,24.083189,22.090722,20.223748,17.117243,14.035669,11.0,7.071068,4.472136,3.0,5.830952,9.219544,12.806248,17.204651,20.0,23.021729,25.238859,25.238859
20260626_160916,2026-06-26T07:09:25.043034Z,skeleton,RX2,12.206556,13.453624,13.453624,13.453624,13.453624,12.806248,12.041595,11.313708,9.899495,7.81025,6.708204,4.472136,2.0,3.162278,6.082763,9.0,12.041595,15.524175,17.464249,19.723083,20.615528,20.518285,20.248457,18.788294,16.763055,14.21267,16.278821,18.384776,19.104973,19.849433,19.849433,18.601075,16.643317,15.652476,13.928388,12.369317,11.045361,10.0,9.219544,8.544004,8.602325,8.485281,8.602325,8.944272,10.440307,12.165525,12.0,13.0,13.038405,13.152946,12.649111,12.6115465
20260626_160916,2026-06-26T07:09:25.071561Z,skeleton,RX3,25.495098,26.907248,25.612497,23.600847,20.808652,17.204651,13.601471,10.630146,7.81025,5.0,4.0,5.09902,6.403124,7.81025,9.899495,12.041595,13.601471,15.811388,16.643317,18.027756,18.35756,18.35756,17.464249,17.088007,15.811388,13.341664,18.0,15.0,11.045361,6.0,1.414214,4.472136,8.944272,12.083046,16.124515,17.492856,18.601075,18.439089,18.384776,17.804494,16.643317,15.652476,14.317821,13.0,10.77033,7.211103,6.403124,6.0,8.944272,13.601471,17.691806,21.260292
20260626_160916,2026-06-26T07:09:25.101490Z,skeleton,RX1,23.021729,20.248457,16.643317,12.206556,8.602325,4.242641,2.0,3.0,5.09902,7.071068,9.219544,10.198039,11.18034,11.18034,11.18034,11.18034,10.0,9.0,7.0,5.09902,3.162278,2.0,2.828427,4.123106,5.0,5.09902,1.0,4.123106,9.219544,13.601471,18.027756,20.615528,24.166092,24.596748,25.059928,24.186773,21.954498,19.723083,16.643317,13.038405,9.848858,7.071068,4.123106,4.123106,7.071068,10.77033,14.317821,18.35756,21.095023,24.186773,25.553865,25.238859
20260626_160916,2026-06-26T07:09:25.131800Z,skeleton,RX2,10.816654,11.18034,13.0,13.928388,14.866069,14.317821,13.416408,13.416408,12.206556,11.401754,9.899495,8.602325,6.708204,5.0,4.472136,5.09902,7.071068,10.29563,13.453624,17.029386,18.867962,21.931712,22.135944,22.561028,22.203603,20.0,14.56022,16.278821,18.248288,18.11077,17.029386,16.0,14.142136,11.7047,10.0,10.0,9.848858,11.401754,11.0,11.045361,11.18034,11.7047,11.18034,10.816654,11.401754,10.630146,10.816654,11.18034,10.440307,9.055385,9.055385,8.944272
20260626_160916,2026-06-26T07:09:25.161970Z,skeleton,RX3,6.403124,4.472136,4.472136,7.071068,8.602325,10.816654,12.206556,12.206556,12.806248,12.806248,12.041595,12.041595,11.313708,10.630146,9.219544,8.602325,8.062258,7.615773,6.082763,6.082763,5.830952,7.071068,8.062258,8.544004,9.055385,9.0,14.866069,18.027756,20.880613,21.84033,22.561028,21.377558,19.235384,17.117243,14.035669,10.049876,7.071068,4.123106,2.236068,3.162278,5.0,7.211103,9.433981,11.661904,13.892444,15.652476,16.552945,18.384776,18.027756,17.088007,15.811388,13.0
20260626_160916,2026-06-26T07:09:25.191260Z,skeleton,RX1,10.0,13.0,16.03122,18.027756,18.11077,18.11077,17.117243,15.033296,13.038405,11.0,9.0,6.0,4.0,1.0,2.236068,4.0,7.0,9.055385,10.049876,12.165525,12.369317,12.369317,11.7047,10.29563,8.602325,7.071068,21.540659,22.36068,22.825424,21.095023,18.027756,14.422205,10.816654,5.385165,2.236068,5.09902,9.848858,12.083046,15.652476,17.464249,18.788294,21.023796,21.023796,21.023796,22.36068,20.59126,19.235384,16.643317,13.038405,10.0,5.830952,3.162278
20260626_160916,2026-06-26T07:09:25.357996Z,skeleton,RX2,3.605551,7.071068,9.055385,11.045361,13.152946,14.142136,15.297059,15.524175,15.524175,14.56022,13.928388,13.0,11.18034,8.944272,6.708204,3.605551,1.0,5.656854,10.630146,15.556349,19.104973,23.430749,26.400758,27.202941,27.45906,25.553865,17.888544,20.124612,22.36068,22.36068,21.023796,18.788294,15.231546,12.369317,9.055385,6.324555,5.656854,5.385165,7.071068,8.062258,8.246211,9.848858,10.29563,10.816654,11.401754,11.401754,11.313708,11.313708,10.630146,8.602325,7.211103,4.472136
20260626_160916,2026-06-26T07:09:25.521884Z,skeleton,RX3,27.802878,28.600699,27.202941,23.600847,20.808652,16.643317,13.601471,10.0,7.071068,4.472136,4.0,5.0,6.403124,8.602325,10.29563,13.038405,15.264338,15.652476,16.552945,17.464249,18.027756,17.720045,15.297059,14.035669,13.0,11.18034,16.278821,12.727922,7.81025,2.236068,3.605551,8.602325,13.453624,16.278821,18.439089,20.0,20.248457,19.723083,18.788294,17.088007,15.524175,14.317821,12.165525,10.198039,7.071068,4.472136,4.0,7.615773,11.401754,16.401219,21.260292,24.207437
20260626_160916,2026-06-26T07:09:25.692960Z,skeleton,RX1,25.632011,23.4094,18.973666,13.601471,9.219544,5.0,1.414214,4.242641,7.211103,9.433981,11.18034,12.529964,13.892444,14.764823,14.764823,13.892444,13.892444,12.206556,9.219544,7.071068,4.472136,2.0,2.0,4.123106,6.708204,7.211103,2.0,5.09902,10.0,15.033296,20.223748,23.537205,26.683328,26.925824,27.202941,26.248809,24.351591,21.18962,18.027756,14.56022,10.440307,6.082763,3.0,2.236068,6.403124,10.816654,15.652476,20.124612,23.259407,27.313001,28.231188,29.154759
20260626_160916,2026-06-26T07:09:25.693068Z,skeleton,RX2,4.123106,3.605551,5.0,7.615773,9.848858,12.083046,12.529964,13.416408,13.892444,13.038405,13.038405,12.206556,10.816654,8.602325,6.708204,4.123106,2.828427,6.0,11.045361,15.132746,19.235384,23.194827,26.07681,27.073973,27.073973,25.0,17.262677,20.223748,22.022716,23.021729,22.0,20.0,17.0,14.0,10.049876,7.28011,5.0,4.472136,5.0,6.324555,7.615773,8.602325,9.219544,10.630146,11.313708,12.041595,12.727922,13.453624,12.727922,12.041595,10.630146,8.485281
20260626_160916,2026-06-26T07:09:25.693149Z,skeleton,RX3,3.162278,2.236068,6.082763,8.246211,11.401754,12.369317,13.341664,13.341664,13.152946,13.152946,12.165525,12.041595,11.045361,10.049876,9.055385,8.246211,6.708204,5.830952,5.830952,6.082763,6.082763,7.615773,8.062258,8.485281,9.219544,9.433981,18.384776,21.540659,23.769729,24.698178,23.4094,22.472205,19.313208,15.811388,12.649111,8.544004,5.385165,1.414214,2.236068,3.162278,6.324555,8.544004,10.29563,12.529964,14.422205,15.811388,17.029386,17.691806,16.970563,15.556349,14.142136,10.630146
20260626_160916,2026-06-26T07:09:25.693239Z,skeleton,RX1,9.219544,13.453624,15.620499,18.439089,18.439089,18.439089,17.804494,15.620499,15.0,12.806248,10.630146,7.81025,5.0,2.236068,1.0,3.162278,5.0,8.062258,10.816654,12.529964,13.416408,13.416408,12.649111,11.401754,10.049876,8.0,21.213203,22.090722,22.022716,21.0,19.0,16.03122,12.0,8.0,3.605551,3.162278,7.071068,10.0,13.038405,15.264338,16.643317,18.35756,19.723083,20.59126,19.723083,19.235384,17.888544,15.652476,13.0,9.848858,5.09902,2.236068
20260626_160916,2026-06-26T07:09:25.693319Z,skeleton,RX2,17.464249,17.117243,16.03122,14.035669,12.041595,9.055385,6.0,4.123106,3.605551,6.0,8.062258,11.045361,13.038405,16.0,19.026298,21.095023,22.36068,22.803509,22.135944,20.615528,17.464249,13.0,9.219544,6.324555,6.708204,11.18034,16.124515,12.041595,8.0,5.0,7.0,10.198039,13.341664,16.492423,17.262677,18.248288,17.117243,16.124515,15.132746,13.152946,12.165525,10.198039,9.219544,7.615773,5.830952,5.0,5.09902,6.082763,8.544004,11.18034,13.416408,16.155494
20260626_160916,2026-06-26T07:09:25.693396Z,skeleton,RX3,4.0,5.0,8.246211,10.049876,12.041595,14.035669,15.033296,15.033296,14.142136,14.317821,13.341664,12.369317,11.401754,11.401754,10.198039,9.055385,8.0,7.071068,5.830952,6.403124,6.708204,7.071068,8.062258,8.246211,7.615773,8.062258,16.552945,19.697716,21.540659,22.847319,21.540659,20.248457,17.088007,13.601471,10.440307,6.324555,3.162278,1.0,3.162278,5.09902,7.28011,9.486833,11.18034,13.038405,14.422205,16.401219,17.029386,16.970563,17.691806,14.866069,13.453624,9.899495
20260626_160916,2026-06-26T07:09:25.693475Z,skeleton,RX1,24.041631,21.213203,17.691806,13.453624,9.219544,5.0,1.0,3.162278,5.830952,8.062258,10.816654,11.661904,13.892444,15.264338,15.264338,15.264338,14.764823,14.317821,12.083046,9.486833,6.324555,4.0,1.414214,2.236068,4.123106,6.0,1.0,3.162278,8.246211,13.601471,18.027756,21.540659,24.166092,25.495098,25.942244,25.059928,24.186773,21.954498,17.492856,15.264338,11.661904,8.544004,5.09902,2.828427,4.123106,8.062258,12.206556,16.401219,20.518285,23.345235,25.495098,26.870058
20260626_160916,2026-06-26T07:09:25.693563Z,skeleton,RX2,7.0,8.544004,9.848858,11.661904,12.529964,13.892444,13.416408,13.416408,13.0,11.7047,11.401754,9.486833,7.28011,6.082763,3.162278,2.0,4.242641,8.602325,12.206556,16.401219,19.849433,22.671568,24.758837,24.839485,24.413111,21.954498,16.03122,19.104973,21.095023,22.203603,21.377558,20.223748,17.117243,14.035669,11.045361,9.219544,6.708204,6.403124,6.324555,7.071068,7.071068,8.246211,8.544004,9.848858,10.816654,11.401754,11.401754,12.041595,12.041595,10.630146,10.630146,8.944272
20260626_160916,2026-06-26T07:09:25.693641Z,skeleton,RX3,25.0,25.019992,24.020824,20.099751,17.117243,13.038405,9.055385,6.0,3.162278,3.605551,4.0,5.09902,7.28011,9.848858,10.77033,12.083046,13.928388,14.317821,15.231546,15.652476,15.264338,14.422205,14.21267,13.453624,12.041595,10.816654,13.928388,10.77033,5.830952,2.0,6.082763,11.0,15.0,18.0,20.024984,20.099751,20.223748,19.416488,17.720045,15.811388,14.317821,11.661904,9.433981,7.211103,4.472136,3.0,4.123106,8.0,12.041595,17.029386,20.024984,23.021729
20260626_160916,2026-06-26T07:09:25.693717Z,skeleton,RX1,26.172505,23.194827,20.099751,16.124515,11.045361,6.082763,2.0,2.0,5.09902,7.071068,9.055385,11.18034,13.152946,14.142136,15.033296,15.033296,14.035669,13.0,11.045361,9.055385,6.082763,3.162278,1.0,3.162278,5.0,7.071068,3.162278,2.236068,6.708204,12.083046,15.811388,19.924859,22.803509,24.738634,24.515301,23.537205,23.345235,20.223748,17.262677,14.317821,11.401754,7.615773,5.0,3.0,5.0,9.219544,13.038405,17.029386,21.0,24.020824,27.073973,28.071338
20260626_160916,2026-06-26T07:09:25.693792Z,skeleton,RX2,14.21267,13.601471,11.661904,9.433981,7.211103,5.0,3.162278,5.0,6.324555,8.544004,10.440307,12.369317,14.142136,17.029386,19.026298,20.396078,20.880613,21.023796,20.248457,17.029386,13.453624,9.219544,4.242641,3.162278,7.0,13.038405,17.029386,15.0,12.165525,11.18034,12.041595,13.892444,15.652476,17.464249,18.384776,17.464249,17.464249,15.231546,13.928388,12.649111,12.369317,11.18034,11.045361,10.0,10.049876,10.440307,9.848858,10.816654,11.401754,12.727922,14.142136,14.142136
20260626_160916,2026-06-26T07:09:25.693868Z,skeleton,RX3,26.305893,24.515301,22.561028,19.646883,16.492423,12.649111,9.486833,6.082763,3.0,2.236068,3.0,5.09902,7.28011,8.246211,10.198039,12.165525,13.152946,14.317821,15.297059,14.56022,14.866069,14.317821,13.416408,12.206556,11.313708,10.630146,12.529964,8.602325,4.242641,2.828427,7.071068,11.0,15.0,18.027756,19.026298,20.099751,20.223748,19.416488,17.720045,16.155494,14.317821,12.529964,10.29563,8.062258,5.385165,3.162278,4.472136,8.062258,12.041595,17.029386,20.099751,24.083189
20260626_160916,2026-06-26T07:09:25.694054Z,skeleton,RX1,26.172505,24.041631,19.79899,15.556349,11.313708,6.403124,3.162278,1.0,4.472136,7.211103,8.602325,10.816654,12.206556,13.038405,14.422205,14.422205,13.892444,12.529964,10.77033,8.544004,6.082763,4.123106,2.236068,3.605551,5.0,6.324555,2.236068,2.0,6.324555,10.77033,15.231546,19.697716,22.36068,23.706539,24.186773,23.323808,21.633308,20.248457,16.643317,13.892444,10.29563,7.615773,4.0,2.828427,5.09902,8.944272,12.806248,17.029386,20.518285,24.083189,26.172505,27.586228
20260626_160916,2026-06-26T07:09:25.694144Z,skeleton,RX2,14.317821,13.038405,11.661904,10.0,7.81025,5.830952,5.09902,5.09902,6.708204,8.062258,10.29563,12.529964,14.866069,16.492423,19.104973,21.0,21.213203,21.84033,20.615528,18.35756,14.422205,10.0,4.472136,2.828427,7.071068,12.041595,18.384776,15.556349,13.601471,11.7047,12.0,14.142136,15.524175,17.720045,18.027756,17.720045,16.763055,15.811388,14.866069,13.928388,13.416408,12.529964,11.661904,11.401754,11.401754,11.313708,10.630146,10.816654,11.18034,11.7047,12.649111,13.601471
20260626_160916,2026-06-26T07:09:25.702041Z,skeleton,RX3,3.0,4.472136,8.246211,10.198039,13.152946,14.142136,14.317821,14.317821,14.56022,13.601471,12.649111,11.7047,10.77033,9.848858,9.486833,8.246211,7.0,6.082763,5.830952,6.403124,6.708204,8.246211,8.062258,9.0,8.062258,8.246211,18.11077,20.099751,22.090722,23.086793,23.086793,21.095023,18.027756,15.033296,11.045361,8.0,4.123106,1.414214,2.828427,5.0,7.211103,8.602325,10.630146,12.727922,14.21267,15.811388,16.643317,16.124515,16.124515,14.764823,12.529964,8.602325
20260626_160916,2026-06-26T07:09:25.731275Z,skeleton,RX1,8.062258,11.401754,14.21267,17.029386,17.804494,17.804494,17.804494,16.401219,15.0,12.806248,11.401754,8.602325,5.830952,4.123106,2.0,2.236068,4.242641,7.211103,8.944272,11.18034,11.7047,12.369317,12.369317,11.045361,10.049876,8.0,19.646883,20.223748,21.095023,20.024984,18.027756,15.033296,12.041595,8.062258,3.162278,2.236068,5.830952,8.944272,12.529964,14.764823,16.124515,17.888544,19.235384,20.124612,20.124612,20.124612,18.788294,17.464249,14.866069,11.401754,8.062258,4.472136
20260626_160916,2026-06-26T07:09:25.761445Z,skeleton,RX2,10.049876,11.18034,11.18034,12.165525,12.165525,12.369317,12.165525,12.041595,12.041595,11.0,10.049876,9.055385,7.28011,5.09902,2.236068,1.0,5.0,9.219544,13.453624,17.691806,20.615528,23.600847,25.553865,25.942244,25.079872,23.4094,16.124515,19.104973,21.213203,21.213203,22.203603,20.099751,18.248288,15.524175,13.0,10.816654,9.899495,9.433981,8.246211,8.062258,8.0,9.219544,8.544004,8.944272,9.433981,9.899495,10.630146,10.816654,10.816654,10.29563,9.486833,9.219544
20260626_160916,2026-06-26T07:09:25.791703Z,skeleton,RX3,26.07681,25.553865,22.825424,21.470911,17.0,13.416408,10.29563,7.211103,4.242641,3.0,4.472136,5.656854,7.071068,9.219544,11.401754,12.806248,14.21267,15.0,16.401219,15.811388,15.811388,15.264338,14.317821,12.649111,11.401754,10.198039,15.264338,10.29563,6.324555,2.828427,5.385165,9.433981,14.422205,16.643317,18.867962,20.59126,20.124612,19.697716,17.088007,15.524175,14.317821,12.041595,10.049876,7.071068,5.09902,2.828427,4.123106,7.211103,12.806248,16.401219,20.808652,23.600847
20260626_160916,2026-06-26T07:09:25.821698Z,skeleton,RX1,24.186773,23.194827,19.104973,15.033296,11.045361,7.0,3.162278,2.236068,5.0,6.708204,8.944272,11.18034,12.529964,13.416408,13.416408,12.529964,13.892444,12.206556,10.0,8.485281,6.403124,4.472136,2.0,2.0,3.162278,5.0,2.236068,2.236068,7.615773,11.7047,16.763055,19.646883,22.561028,24.515301,24.515301,24.186773,22.090722,20.099751,17.029386,14.035669,11.18034,7.28011,3.605551,3.0,5.0,8.544004,12.649111,17.262677,20.396078,23.345235,26.305893,26.305893
20260626_160916,2026-06-26T07:09:25.851385Z,skeleton,RX2,8.944272,11.18034,11.18034,12.083046,12.083046,12.649111,13.341664,12.165525,12.041595,11.045361,10.049876,9.055385,8.246211,6.708204,4.242641,3.0,4.472136,8.062258,12.041595,17.262677,19.924859,23.4094,25.495098,25.059928,24.698178,23.021729,14.764823,17.888544,19.697716,20.615528,20.248457,18.973666,16.492423,14.142136,11.045361,10.440307,8.602325,9.219544,8.944272,9.486833,9.055385,10.0,9.055385,9.219544,8.544004,8.944272,8.602325,7.81025,8.062258,7.28011,7.071068,7.071068
20260626_160916,2026-06-26T07:09:25.882245Z,skeleton,RX3,4.123106,4.123106,6.324555,8.544004,10.77033,13.0,13.0,13.0,13.601471,12.369317,12.369317,11.18034,10.198039,10.198039,8.246211,7.28011,6.708204,6.403124,5.830952,5.09902,6.082763,6.708204,7.211103,7.81025,7.81025,8.062258,18.384776,21.213203,24.041631,24.758837,24.758837,23.345235,20.518285,16.278821,12.041595,8.485281,5.0,2.236068,2.828427,5.09902,7.071068,9.055385,10.198039,12.165525,14.56022,15.811388,17.464249,17.464249,17.0,15.652476,13.416408,10.29563
20260626_160916,2026-06-26T07:09:25.911756Z,skeleton,RX1,7.211103,11.401754,14.866069,16.970563,17.691806,17.691806,17.691806,16.278821,14.866069,13.453624,11.401754,8.602325,6.708204,4.123106,2.0,1.0,3.605551,6.403124,8.062258,9.848858,10.77033,11.401754,11.18034,10.049876,9.0,7.071068,20.248457,20.880613,21.587033,20.396078,18.248288,16.124515,12.165525,7.28011,3.605551,3.162278,5.830952,9.848858,12.083046,14.317821,16.155494,18.384776,19.313208,20.248457,20.248457,20.248457,18.973666,17.720045,15.524175,11.18034,8.0,4.472136
20260626_160916,2026-06-26T07:09:25.941554Z,skeleton,RX2,12.041595,12.041595,12.727922,12.727922,13.453624,12.806248,12.206556,11.18034,10.77033,10.440307,10.198039,9.0,7.071068,6.324555,4.242641,5.09902,6.708204,10.630146,13.892444,18.384776,20.615528,23.345235,25.079872,25.0,25.019992,23.194827,13.601471,16.492423,18.248288,19.104973,19.026298,19.0,17.117243,15.524175,13.416408,12.206556,12.041595,10.816654,9.848858,9.219544,9.0,9.055385,8.544004,8.062258,8.485281,8.062258,8.544004,8.062258,8.062258,9.219544,9.848858,10.0
20260626_160916,2026-06-26T07:09:25.971966Z,skeleton,RX3,28.319605,28.319605,26.248809,22.803509,20.0,16.401219,12.806248,9.899495,6.403124,4.472136,4.0,5.0,7.071068,9.219544,10.630146,12.041595,14.21267,15.0,15.811388,16.643317,16.124515,16.552945,15.231546,13.0,12.649111,11.18034,15.297059,12.165525,7.071068,2.236068,5.0,8.944272,13.416408,17.888544,19.723083,20.808652,21.400935,20.518285,19.104973,17.804494,15.811388,13.892444,11.661904,10.29563,7.211103,5.0,5.09902,7.81025,12.041595,17.691806,21.213203,23.345235
20260626_160916,2026-06-26T07:09:26.001631Z,skeleton,RX1,23.086793,20.099751,17.029386,14.035669,10.0,5.0,1.414214,2.236068,5.09902,7.28011,9.219544,11.401754,12.369317,13.341664,14.56022,14.56022,13.928388,13.0,12.083046,9.433981,7.81025,5.0,4.123106,3.162278,3.162278,4.0,1.0,3.0,8.062258,13.038405,17.029386,21.023796,23.021729,25.0,25.0,24.0,23.021729,21.023796,17.0,14.0,11.0,8.062258,4.472136,2.236068,4.242641,7.615773,11.401754,15.297059,18.248288,21.213203,23.194827,25.179357
20260626_160916,2026-06-26T07:09:26.031934Z,skeleton,RX2,8.062258,6.0,4.123106,3.605551,3.162278,3.162278,6.082763,7.28011,9.219544,11.18034,13.038405,15.0,17.117243,19.235384,20.615528,22.472205,23.706539,23.021729,21.931712,19.849433,16.124515,11.401754,6.324555,6.082763,10.29563,14.142136,19.026298,17.262677,15.811388,14.764823,14.142136,14.422205,15.811388,15.297059,16.03122,16.124515,15.297059,14.866069,14.764823,14.422205,15.620499,15.556349,15.620499,16.401219,16.643317,16.124515,16.552945,15.231546,13.928388,12.649111,12.369317,11.18034
20260626_160916,2026-06-26T07:09:26.062073Z,skeleton,RX3,6.708204,5.09902,6.403124,7.615773,10.440307,12.369317,12.369317,13.341664,13.601471,12.649111,12.649111,12.649111,11.7047,11.7047,10.440307,9.486833,8.062258,7.0,6.324555,5.830952,5.830952,6.324555,7.0,7.071068,7.28011,8.062258,15.811388,19.723083,21.095023,22.825424,22.36068,22.36068,18.788294,16.155494,13.0,8.944272,5.830952,2.828427,2.236068,3.605551,6.708204,8.944272,11.18034,13.038405,15.0,17.029386,18.384776,19.104973,18.439089,17.691806,15.620499,12.727922
20260626_160916,2026-06-26T07:09:26.091492Z,skeleton,RX1,25.806976,23.600847,20.0,15.0,10.816654,5.830952,1.414214,2.828427,5.0,8.485281,10.630146,12.041595,14.142136,15.556349,14.866069,14.21267,14.21267,13.038405,11.18034,8.544004,6.082763,4.0,1.414214,3.162278,5.0,5.385165,1.414214,5.0,10.0,15.132746,20.223748,24.515301,26.683328,27.892651,28.160256,27.202941,25.298221,23.086793,19.924859,16.492423,12.165525,9.0,5.385165,4.472136,6.082763,9.433981,13.453624,18.384776,21.260292,25.612497,27.202941,27.802878
20260626_160916,2026-06-26T07:09:26.122055Z,skeleton,RX2,11.7047,11.7047,10.440307,9.219544,8.246211,7.071068,7.071068,8.246211,8.544004,9.848858,11.7047,13.928388,15.524175,18.248288,20.024984,21.095023,22.36068,21.18962,19.723083,16.401219,12.727922,7.211103,2.236068,3.605551,8.544004,13.341664,19.104973,17.691806,17.029386,14.422205,13.928388,14.142136,15.0,15.132746,15.297059,16.763055,16.155494,15.652476,16.124515,16.124515,15.264338,15.811388,16.643317,15.811388,15.811388,15.811388,15.0,13.601471,12.041595,11.401754,11.661904,11.18034
20260626_160916,2026-06-26T07:09:26.151524Z,skeleton,RX3,25.632011,26.570661,25.298221,23.086793,19.924859,17.464249,13.601471,10.440307,7.28011,4.472136,3.605551,4.0,4.472136,6.403124,9.219544,10.630146,12.041595,14.142136,14.866069,15.620499,16.401219,15.811388,16.124515,14.317821,13.0,11.7047,16.278821,12.041595,8.602325,3.605551,1.414214,7.211103,13.038405,16.124515,18.788294,19.697716,21.18962,20.880613,19.416488,19.104973,17.029386,16.0,14.035669,12.041595,9.0,7.071068,5.0,6.082763,10.198039,14.56022,18.027756,22.847319
20260626_160916,2026-06-26T07:09:26.183168Z,skeleton,RX1,21.931712,19.849433,15.620499,12.727922,7.81025,4.242641,1.414214,3.0,6.324555,8.544004,10.440307,11.7047,12.649111,13.341664,13.341664,14.317821,13.152946,12.041595,10.0,8.062258,6.082763,3.162278,1.0,2.0,3.162278,4.472136,1.0,5.09902,9.055385,14.035669,18.11077,22.203603,24.515301,25.70992,25.70992,25.0,23.086793,20.880613,16.763055,14.56022,11.401754,8.062258,5.09902,3.605551,6.082763,8.944272,12.206556,15.620499,19.104973,21.931712,23.345235,24.758837
20260626_160916,2026-06-26T07:09:26.212202Z,skeleton,RX2,16.124515,16.643317,16.401219,14.866069,12.727922,11.313708,10.630146,8.602325,8.944272,9.486833,10.198039,12.369317,13.601471,16.155494,17.888544,18.867962,20.615528,20.518285,19.416488,17.0,14.317821,9.848858,6.403124,4.123106,6.708204,10.816654,17.804494,16.401219,14.422205,12.083046,11.045361,13.038405,13.341664,15.811388,16.155494,17.464249,17.464249,17.464249,16.552945,16.552945,16.552945,16.552945,16.155494,16.155494,14.866069,13.928388,12.083046,11.18034,10.630146,10.630146,12.529964,14.317821
20260626_160916,2026-06-26T07:09:26.241499Z,skeleton,RX3,25.0,25.0,24.0,22.022716,19.026298,16.03122,13.0,9.055385,7.071068,4.472136,4.242641,4.123106,6.0,7.28011,9.486833,10.77033,13.0,15.231546,15.652476,17.0,17.492856,17.492856,16.401219,15.620499,14.142136,12.727922,17.088007,13.928388,9.486833,5.385165,5.09902,10.198039,14.142136,16.03122,18.0,19.026298,18.11077,18.439089,16.763055,16.155494,14.317821,12.529964,10.816654,9.433981,6.708204,4.0,4.472136,8.062258,13.0,17.0,20.024984,18.7037695
20260626_160916,2026-06-26T07:09:26.271281Z,skeleton,RX1,23.345235,20.223748,17.117243,13.152946,9.219544,5.385165,2.828427,2.828427,5.0,7.211103,8.602325,10.0,10.816654,12.206556,12.806248,12.041595,10.630146,10.630146,8.602325,5.830952,4.472136,1.414214,1.0,3.0,4.0,5.0,1.414214,6.082763,10.198039,15.297059,19.646883,21.84033,25.298221,26.0,25.079872,24.596748,22.825424,19.723083,16.124515,13.416408,10.77033,8.062258,6.082763,6.403124,7.615773,11.045361,14.035669,17.117243,20.223748,23.345235,24.515301,25.317978
20260626_160916,2026-06-26T07:09:26.301684Z,skeleton,RX2,18.384776,18.027756,17.262677,16.124515,14.0,11.0,9.0,7.071068,6.324555,6.403124,7.81025,9.219544,12.041595,13.453624,15.620499,16.643317,17.888544,18.973666,18.248288,17.029386,14.0,11.0,8.0,4.472136,5.09902,8.0,18.973666,15.811388,12.369317,10.0,8.944272,11.313708,13.601471,15.264338,16.124515,17.492856,17.492856,17.492856,16.643317,16.643317,16.643317,15.264338,14.422205,13.038405,13.038405,10.29563,8.544004,8.062258,8.246211,10.29563,13.038405,15.264338
20260626_160916,2026-06-26T07:09:26.331796Z,skeleton,RX3,8.062258,5.830952,6.082763,7.211103,9.219544,11.313708,12.041595,12.041595,13.453624,12.806248,12.727922,12.727922,12.041595,12.041595,11.313708,10.630146,9.219544,8.602325,6.708204,5.09902,5.09902,4.472136,4.472136,5.09902,5.09902,6.324555,15.0,19.026298,21.095023,22.203603,22.203603,21.213203,19.416488,16.492423,13.341664,10.440307,6.324555,3.162278,1.414214,3.162278,5.830952,7.211103,10.29563,12.083046,15.231546,16.763055,17.720045,19.646883,19.646883,19.416488,17.464249,14.56022
20260626_160916,2026-06-26T07:09:26.365753Z,skeleton,RX1,22.671568,20.518285,17.691806,14.21267,10.0,6.708204,4.0,5.0,5.830952,7.615773,9.486833,10.440307,11.401754,11.7047,12.649111,11.7047,11.18034,10.29563,8.944272,7.211103,5.830952,3.605551,1.0,1.414214,2.0,3.0,1.0,5.656854,10.630146,14.866069,19.104973,22.022716,25.0,24.698178,25.553865,24.596748,21.931712,19.697716,16.155494,13.0,10.29563,8.485281,6.708204,7.0,8.544004,11.401754,14.142136,17.691806,21.260292,22.671568,24.083189,25.495098
20260626_160916,2026-06-26T07:09:26.391349Z,skeleton,RX2,18.027756,18.681542,16.278821,16.03122,13.0,11.045361,9.055385,6.082763,4.0,4.242641,5.830952,6.708204,8.544004,10.77033,13.416408,14.422205,17.029386,18.384776,18.601075,17.492856,15.652476,13.0,9.848858,5.830952,3.605551,4.472136,19.416488,15.524175,12.649111,8.602325,7.615773,9.0,12.369317,14.866069,16.155494,17.464249,17.464249,17.464249,17.464249,16.552945,15.652476,15.231546,14.317821,13.416408,11.18034,9.433981,7.211103,5.830952,6.082763,8.944272,11.661904,15.264338
20260626_160916,2026-06-26T07:09:26.421335Z,skeleton,RX3,7.615773,5.0,5.0,6.708204,9.219544,11.313708,12.041595,12.727922,13.453624,13.453624,13.453624,13.453624,12.806248,12.041595,12.041595,11.313708,10.630146,9.433981,7.615773,6.324555,6.0,4.472136,4.242641,4.472136,5.09902,6.0,14.764823,17.492856,20.248457,21.633308,22.203603,20.808652,19.209373,17.029386,13.453624,10.630146,7.81025,4.242641,1.0,1.414214,4.472136,6.324555,9.219544,11.18034,13.152946,15.033296,17.029386,18.0,18.027756,18.027756,16.03122,13.0
20260626_160916,2026-06-26T07:09:26.451944Z,skeleton,RX1,27.202941,25.806976,21.400935,17.804494,13.601471,10.29563,7.071068,5.385165,6.403124,7.615773,9.486833,11.7047,12.649111,13.928388,14.317821,14.764823,14.764823,13.892444,12.206556,11.401754,9.219544,7.81025,5.656854,3.605551,2.0,2.236068,4.472136,5.656854,9.433981,14.764823,19.723083,23.021729,25.806976,27.802878,28.319605,26.870058,25.495098,23.430749,20.615528,17.029386,14.142136,11.313708,8.944272,7.0,8.544004,10.630146,14.21267,18.027756,21.095023,24.698178,26.925824,28.301943
20260626_160916,2026-06-26T07:09:26.481923Z,skeleton,RX2,17.204651,17.691806,17.691806,15.811388,14.764823,12.083046,10.77033,8.544004,6.708204,5.0,5.0,6.708204,8.544004,10.77033,12.083046,14.764823,15.811388,17.029386,17.691806,16.401219,15.264338,12.529964,9.433981,6.403124,4.472136,5.385165,17.088007,14.866069,10.198039,8.246211,8.485281,11.18034,14.866069,17.088007,18.973666,18.973666,18.973666,18.973666,18.027756,18.027756,17.088007,15.811388,15.231546,13.928388,13.0,9.486833,8.246211,7.071068,5.830952,8.602325,11.18034,14.764823
20260626_160916,2026-06-26T07:09:26.511395Z,skeleton,RX3,8.544004,6.082763,4.242641,6.324555,9.0,10.049876,12.041595,12.165525,13.038405,13.038405,13.038405,13.038405,12.041595,12.041595,12.041595,11.045361,10.198039,9.219544,7.615773,5.830952,5.656854,4.123106,4.123106,3.605551,5.0,5.385165,13.416408,16.552945,19.313208,20.248457,22.135944,20.880613,19.646883,16.278821,13.152946,11.045361,7.071068,4.0,1.0,2.0,4.123106,7.28011,9.486833,12.083046,13.416408,16.124515,18.027756,18.601075,20.0,18.601075,17.804494,14.422205
20260626_160916,2026-06-26T07:09:26.541950Z,skeleton,RX1,5.09902,7.211103,10.29563,13.416408,15.652476,15.652476,16.124515,16.124515,15.264338,13.601471,12.806248,10.630146,8.485281,7.071068,5.0,2.236068,1.414214,3.162278,6.0,8.062258,9.055385,10.198039,11.7047,11.661904,11.401754,10.630146,19.235384,21.023796,21.540659,22.135944,20.880613,18.681542,15.811388,13.0,10.29563,7.071068,6.324555,8.062258,9.486833,11.18034,13.038405,15.264338,16.643317,17.492856,18.867962,19.723083,19.723083,18.867962,17.492856,15.264338,12.206556,9.219544
20260626_160916,2026-06-26T07:09:26.571759Z,skeleton,RX2,16.124515,16.401219,16.970563,16.401219,15.264338,13.0,11.7047,10.440307,8.246211,7.615773,6.708204,6.403124,7.071068,8.602325,10.0,12.041595,13.453624,14.866069,15.0,14.422205,13.038405,11.661904,8.602325,6.403124,6.082763,8.246211,17.088007,13.601471,9.055385,7.615773,8.602325,12.083046,14.866069,17.720045,18.027756,18.973666,18.027756,18.027756,17.088007,17.088007,16.763055,16.155494,15.231546,14.317821,13.416408,11.661904,9.433981,6.324555,4.123106,5.0,7.615773,11.7047
20260626_160916,2026-06-26T07:09:26.601813Z,skeleton,RX3,26.400758,26.400758,26.400758,24.207437,21.400935,18.601075,15.0,11.401754,8.485281,6.403124,4.123106,4.123106,4.242641,6.708204,8.544004,10.440307,13.152946,15.132746,16.03122,18.027756,18.0,18.027756,18.11077,17.262677,15.297059,13.341664,16.492423,14.317821,11.045361,6.0,2.236068,4.472136,8.544004,12.369317,16.492423,18.248288,19.104973,19.026298,19.026298,19.104973,17.262677,16.278821,14.56022,12.369317,10.440307,7.071068,4.0,3.162278,7.615773,11.661904,17.204651,21.400935
20260626_160916,2026-06-26T07:09:26.631301Z,skeleton,RX1,28.0,26.019224,24.020824,20.099751,16.124515,11.045361,6.082763,2.0,1.0,4.472136,7.615773,9.848858,12.083046,13.416408,14.764823,16.124515,15.811388,17.029386,15.556349,14.21267,13.038405,9.848858,7.071068,5.09902,3.605551,3.0,7.071068,5.0,6.082763,9.219544,13.0,17.464249,20.59126,23.706539,25.059928,24.596748,24.596748,23.706539,21.023796,18.788294,16.124515,13.892444,10.816654,7.071068,5.385165,3.605551,7.615773,11.045361,16.03122,20.0,23.021729,27.0
20260626_160916,2026-06-26T07:09:26.661557Z,skeleton,RX2,17.464249,18.35756,18.601075,18.384776,17.029386,15.811388,13.892444,11.18034,8.944272,8.062258,6.403124,7.211103,7.615773,9.219544,11.18034,13.152946,14.317821,16.492423,16.492423,15.811388,14.56022,13.341664,11.0,10.049876,9.848858,10.630146,15.0,12.206556,7.615773,5.09902,7.211103,10.77033,13.928388,16.155494,18.384776,17.464249,18.788294,17.888544,16.552945,15.652476,15.652476,14.764823,14.764823,13.892444,12.206556,10.0,7.81025,4.472136,2.236068,4.123106,8.062258,12.165525
20260626_160916,2026-06-26T07:09:26.691412Z,skeleton,RX3,23.021729,24.413111,23.600847,22.203603,20.0,17.029386,14.21267,11.401754,7.81025,5.830952,4.123106,2.236068,3.162278,5.09902,7.0,9.055385,11.045361,13.152946,14.317821,15.524175,16.763055,16.155494,15.652476,15.264338,14.422205,12.206556,13.453624,10.630146,7.211103,3.162278,2.0,5.830952,9.219544,12.727922,14.866069,17.029386,17.804494,18.027756,17.492856,16.552945,16.155494,14.866069,13.601471,12.369317,9.219544,7.28011,5.0,4.0,6.403124,10.630146,15.0,19.416488
20260626_160916,2026-06-26T07:09:26.722013Z,skeleton,RX1,2.236068,6.082763,10.198039,13.601471,15.524175,16.492423,16.492423,16.492423,15.297059,14.317821,13.152946,11.045361,9.0,7.071068,5.09902,2.828427,2.0,3.605551,5.385165,7.071068,9.055385,10.049876,11.18034,10.77033,10.29563,8.602325,17.492856,18.867962,20.248457,20.808652,20.248457,18.027756,15.264338,11.661904,8.062258,5.09902,2.828427,4.0,7.28011,9.848858,12.529964,14.764823,16.124515,18.027756,18.867962,20.248457,19.416488,19.416488,17.804494,15.0,12.206556,7.81025
20260626_160916,2026-06-26T07:09:26.752124Z,skeleton,RX2,11.18034,8.544004,5.0,3.605551,5.385165,8.246211,10.198039,11.18034,13.152946,13.152946,13.341664,13.341664,13.341664,12.369317,12.165525,10.049876,9.055385,9.848858,10.630146,12.206556,14.764823,16.552945,18.384776,19.313208,19.313208,18.384776,17.888544,21.095023,23.600847,24.207437,23.345235,21.213203,19.104973,16.278821,12.041595,9.219544,5.830952,5.0,3.605551,5.0,6.324555,8.246211,10.049876,12.041595,14.035669,16.03122,18.027756,19.235384,20.223748,20.615528,19.924859,17.464249
20260626_160916,2026-06-26T07:09:26.781309Z,skeleton,RX3,7.615773,4.242641,3.162278,5.0,7.615773,10.440307,11.7047,12.649111,13.601471,13.601471,13.601471,13.601471,13.601471,12.649111,12.649111,12.369317,11.18034,10.049876,9.055385,7.28011,6.403124,5.830952,6.082763,6.082763,6.708204,7.211103,14.56022,18.027756,20.248457,22.472205,22.847319,21.931712,20.124612,17.888544,14.764823,10.816654,8.062258,5.0,1.414214,1.414214,3.605551,6.403124,8.602325,11.18034,13.416408,15.231546,17.088007,18.973666,18.681542,18.681542,17.720045,14.56022
20260626_160916,2026-06-26T07:09:26.812518Z,skeleton,RX1,25.612497,23.430749,20.615528,17.804494,12.806248,9.219544,5.0,1.414214,2.236068,5.0,7.211103,10.0,11.401754,12.806248,14.422205,13.892444,15.264338,13.416408,13.928388,11.401754,10.198039,8.0,6.082763,3.605551,2.236068,3.162278,5.385165,2.0,4.123106,8.062258,12.529964,16.643317,20.248457,23.021729,23.853721,24.413111,23.853721,21.633308,19.416488,17.204651,14.21267,11.401754,7.81025,5.0,2.0,3.162278,8.062258,13.038405,17.204651,20.0,24.207437,26.400758
20260626_160916,2026-06-26T07:09:26.841676Z,skeleton,RX2,19.416488,21.400935,20.518285,20.518285,18.439089,15.620499,12.806248,10.630146,8.485281,6.708204,6.0,5.385165,7.81025,9.899495,13.601471,14.422205,18.027756,18.601075,19.416488,19.416488,18.027756,16.124515,14.317821,12.369317,10.0,8.246211,10.0,7.071068,3.162278,2.0,5.830952,9.899495,12.806248,14.764823,15.652476,16.155494,15.811388,14.866069,13.601471,11.401754,10.440307,10.440307,8.544004,7.615773,5.385165,3.605551,2.236068,2.828427,5.385165,8.544004,12.083046,14.764823
20260626_160916,2026-06-26T07:09:26.872349Z,skeleton,RX3,24.083189,24.839485,24.839485,22.022716,20.615528,17.029386,14.21267,11.401754,9.219544,6.403124,4.472136,4.0,3.605551,5.830952,7.615773,9.486833,11.18034,13.038405,14.035669,15.0,16.03122,16.124515,15.297059,14.56022,12.649111,12.083046,14.317821,11.7047,7.28011,4.0,2.0,5.656854,9.219544,13.038405,14.764823,16.155494,17.088007,16.763055,16.492423,16.124515,15.033296,13.0,12.0,10.049876,8.062258,5.0,2.236068,3.162278,7.211103,12.041595,16.278821,19.104973
20260626_160916,2026-06-26T07:09:26.901591Z,skeleton,RX1,4.123106,7.615773,11.661904,13.892444,16.124515,16.124515,16.124515,15.264338,14.764823,12.529964,11.18034,9.848858,8.544004,6.082763,4.0,2.236068,2.0,3.605551,5.830952,8.062258,8.944272,10.440307,10.198039,10.0,10.0,9.055385,18.788294,21.023796,21.470911,21.954498,19.723083,18.35756,14.764823,10.29563,6.708204,3.0,2.0,5.385165,8.602325,11.401754,13.453624,16.278821,17.691806,19.104973,19.104973,19.79899,19.79899,19.104973,17.029386,13.453624,10.630146,5.830952
20260626_160916,2026-06-26T07:09:26.931671Z,skeleton,RX2,7.071068,4.123106,3.605551,5.0,8.246211,11.401754,12.369317,14.317821,15.297059,15.524175,15.297059,15.297059,15.297059,14.317821,13.601471,11.7047,10.816654,9.219544,9.486833,12.041595,14.142136,16.492423,18.973666,20.248457,21.18962,21.18962,15.811388,17.888544,19.723083,20.0,19.104973,17.691806,15.0,11.661904,8.062258,4.472136,2.236068,1.0,3.0,4.0,6.082763,7.071068,8.062258,10.049876,11.18034,13.038405,14.035669,15.0,15.0,15.033296,14.142136,12.165525
20260626_160916,2026-06-26T07:09:26.961429Z,skeleton,RX3,23.537205,24.738634,24.738634,22.803509,20.615528,17.464249,14.317821,11.18034,8.246211,6.082763,4.0,2.828427,3.0,4.123106,6.708204,8.602325,10.630146,12.041595,13.453624,14.21267,15.0,15.264338,14.764823,13.928388,12.649111,11.401754,14.866069,12.041595,8.062258,4.123106,3.0,7.28011,10.816654,14.422205,16.401219,18.439089,18.384776,18.439089,17.804494,17.204651,15.264338,13.892444,13.416408,11.18034,8.062258,5.830952,3.162278,4.242641,7.615773,11.401754,16.763055,19.416488
20260626_160916,2026-06-26T07:09:26.991613Z,skeleton,RX1,27.202941,25.298221,21.18962,18.027756,13.928388,9.486833,5.385165,1.414214,2.0,5.09902,7.28011,9.486833,10.77033,11.7047,13.928388,14.317821,14.317821,13.892444,13.038405,11.401754,9.219544,6.403124,4.472136,3.0,2.236068,3.162278,5.09902,1.0,3.162278,8.062258,13.038405,16.124515,20.223748,22.36068,23.345235,24.33105,22.36068,21.377558,18.248288,16.124515,13.038405,11.0,7.071068,4.472136,3.0,5.656854,9.433981,14.317821,19.313208,22.472205,25.298221,27.513633
20260626_160916,2026-06-26T07:09:27.024969Z,skeleton,RX2,18.35756,18.867962,20.0,19.209373,17.691806,16.278821,13.453624,10.630146,8.602325,6.324555,6.0,6.708204,7.81025,10.0,13.038405,15.652476,17.888544,20.59126,20.59126,20.59126,19.723083,17.888544,16.155494,13.601471,10.049876,8.246211,9.486833,6.708204,3.605551,3.605551,6.0,9.486833,12.529964,13.601471,14.866069,14.866069,14.21267,13.601471,12.206556,10.816654,10.0,9.433981,8.602325,7.211103,6.403124,4.242641,3.605551,2.236068,4.472136,7.28011,10.440307,13.928388
20260626_160916,2026-06-26T07:09:27.051796Z,skeleton,RX3,26.925824,26.683328,26.683328,23.769729,21.587033,18.439089,14.317821,11.401754,8.246211,5.0,3.162278,2.0,4.472136,5.830952,7.81025,10.630146,12.041595,14.21267,15.811388,16.643317,17.492856,17.888544,16.763055,15.524175,14.317821,13.038405,14.866069,11.401754,7.211103,3.0,4.472136,8.602325,12.806248,17.691806,19.79899,20.518285,21.260292,21.400935,20.808652,18.867962,17.888544,16.552945,14.317821,12.649111,9.486833,6.708204,2.828427,2.828427,8.544004,12.369317,17.464249,21.587033
20260626_160916,2026-06-26T07:09:27.084125Z,skeleton,RX1,26.0,23.769729,21.540659,17.088007,12.649111,8.246211,5.09902,1.0,2.236068,4.472136,7.28011,9.848858,10.77033,12.649111,12.369317,13.152946,13.152946,13.038405,12.0,10.049876,9.219544,6.324555,3.605551,2.0,2.828427,3.0,5.0,1.0,4.242641,9.219544,13.453624,18.384776,21.931712,24.083189,24.839485,24.083189,23.430749,22.022716,19.849433,16.970563,14.142136,10.630146,8.062258,5.09902,4.242641,6.0,10.198039,13.601471,18.027756,22.847319,25.495098,26.0
20260626_160916,2026-06-26T07:09:27.113028Z,skeleton,RX2,16.03122,16.278821,17.464249,17.720045,17.088007,14.866069,12.649111,10.440307,8.246211,6.0,5.385165,5.656854,7.615773,10.198039,13.038405,15.033296,18.027756,20.024984,21.095023,21.095023,20.024984,19.0,17.029386,14.317821,11.7047,10.0,10.049876,7.071068,3.605551,2.236068,5.09902,8.062258,10.440307,13.0,13.416408,13.892444,13.601471,12.806248,12.041595,10.630146,9.899495,9.899495,8.485281,7.071068,7.071068,5.656854,3.605551,1.414214,1.0,4.123106,7.071068,11.045361
20260626_160916,2026-06-26T07:09:27.147103Z,skeleton,RX3,7.0,3.605551,4.0,6.708204,9.219544,11.313708,12.727922,12.727922,13.453624,13.453624,13.453624,13.453624,12.041595,12.041595,11.313708,10.630146,9.433981,8.062258,7.28011,6.0,5.385165,5.0,5.09902,5.0,6.324555,5.830952,15.0,17.804494,20.0,20.808652,21.633308,19.416488,17.492856,14.764823,11.18034,8.544004,5.385165,2.0,1.414214,4.472136,6.324555,8.246211,11.045361,13.038405,15.0,17.029386,18.248288,19.235384,19.416488,18.439089,16.492423,13.341664
20260626_160916,2026-06-26T07:09:27.171331Z,skeleton,RX1,26.683328,25.70992,22.36068,18.439089,14.142136,9.219544,6.082763,1.414214,2.0,5.0,7.0,9.0,11.0,12.0,13.0,13.038405,14.142136,13.152946,11.401754,10.77033,8.602325,7.071068,4.472136,3.0,2.828427,3.162278,5.830952,2.0,4.123106,8.944272,13.892444,18.35756,21.470911,23.706539,24.596748,25.079872,24.166092,21.931712,18.788294,16.552945,13.416408,10.816654,7.81025,4.472136,3.605551,6.082763,10.0,14.142136,18.439089,22.561028,25.495098,27.658633
20260626_160916,2026-06-26T07:09:27.201744Z,skeleton,RX2,12.649111,9.486833,6.082763,2.236068,4.0,7.615773,9.848858,12.083046,14.317821,15.652476,16.552945,16.552945,16.552945,17.0,14.764823,14.422205,12.041595,10.816654,10.198039,11.18034,13.892444,17.029386,19.79899,22.671568,23.430749,24.083189,18.027756,20.124612,21.633308,22.803509,21.931712,19.849433,16.401219,13.601471,9.433981,6.403124,4.242641,2.0,2.236068,3.0,5.09902,7.071068,9.219544,10.198039,13.341664,14.142136,17.117243,19.026298,20.024984,21.023796,21.095023,18.439089
20260626_160916,2026-06-26T07:09:27.231743Z,skeleton,RX3,6.082763,3.605551,4.0,7.615773,10.29563,11.661904,13.038405,13.892444,13.892444,13.892444,13.892444,13.892444,12.529964,11.661904,11.661904,10.630146,9.899495,8.602325,6.324555,6.0,5.385165,5.656854,5.830952,6.082763,6.0,6.324555,15.811388,18.973666,21.18962,22.135944,21.84033,20.880613,18.681542,14.317821,11.18034,8.062258,4.0,1.414214,2.236068,4.123106,7.071068,9.0,11.045361,13.341664,15.524175,17.088007,18.384776,19.697716,19.235384,18.788294,17.0,13.416408
20260626_160916,2026-06-26T07:09:27.261463Z,skeleton,RX1,3.605551,8.062258,11.18034,14.317821,15.652476,16.552945,17.0,15.652476,16.124515,13.892444,13.038405,9.433981,7.81025,5.830952,3.605551,1.414214,1.414214,4.242641,6.403124,8.602325,10.29563,11.18034,11.7047,11.18034,11.045361,10.049876,19.416488,21.633308,22.472205,21.954498,20.59126,19.235384,16.124515,12.206556,7.81025,5.385165,4.472136,6.403124,8.544004,11.401754,13.341664,16.278821,17.262677,18.248288,19.235384,20.099751,19.104973,18.027756,17.029386,14.035669,11.0,6.082763
20260626_160916,2026-06-26T07:09:27.291548Z,skeleton,RX2,13.038405,8.602325,4.242641,3.605551,7.81025,10.630146,12.806248,15.620499,16.401219,17.204651,18.027756,17.804494,17.804494,17.029386,14.142136,12.806248,10.77033,9.0,10.29563,13.453624,17.492856,21.023796,22.472205,24.351591,24.351591,18.027756,20.59126,22.36068,22.472205,21.84033,19.416488,17.262677,14.142136,10.049876,7.071068,4.0,2.0,1.0,2.0,4.0,6.082763,8.062258,11.0,12.0,15.0,17.029386,19.104973,20.223748,20.615528,20.248457,18.384776,15.240341999999998
20260626_160916,2026-06-26T07:09:27.326723Z,skeleton,RX3,5.385165,3.162278,4.242641,6.708204,9.486833,11.7047,12.649111,13.928388,13.928388,13.928388,13.0,13.0,12.083046,11.7047,10.440307,9.219544,9.055385,8.062258,6.324555,5.656854,5.385165,6.0,6.324555,6.708204,7.071068,7.211103,16.643317,19.416488,21.633308,22.203603,22.203603,20.808652,17.804494,15.0,10.630146,7.81025,4.242641,1.0,2.828427,4.242641,7.211103,10.0,11.661904,14.317821,16.155494,17.720045,18.681542,19.416488,19.416488,18.248288,16.278821,13.341664
20260626_160916,2026-06-26T07:09:27.351390Z,skeleton,RX1,2.0,5.656854,9.219544,12.806248,14.21267,16.278821,16.278821,14.866069,12.727922,12.727922,10.630146,9.219544,7.211103,5.0,3.162278,1.0,2.236068,4.242641,6.403124,8.602325,10.29563,12.083046,11.7047,11.18034,10.0,9.055385,18.248288,20.223748,22.090722,22.090722,21.023796,18.027756,15.033296,12.165525,7.28011,5.0,4.123106,6.403124,9.219544,12.206556,13.892444,16.643317,17.492856,19.235384,20.124612,21.023796,20.615528,20.615528,18.384776,16.155494,11.7047,7.615773
20260626_160916,2026-06-26T07:09:27.381918Z,skeleton,RX2,16.124515,17.464249,18.384776,18.027756,16.763055,15.524175,13.341664,10.440307,8.246211,5.830952,3.605551,3.162278,5.0,8.062258,10.77033,13.928388,17.088007,19.313208,20.248457,21.18962,20.880613,18.681542,16.278821,13.038405,11.045361,8.062258,7.81025,5.0,3.0,4.123106,6.082763,9.486833,11.18034,13.038405,13.601471,13.601471,13.601471,12.806248,12.806248,11.401754,11.401754,10.0,9.219544,8.485281,7.071068,5.656854,4.472136,2.0,2.0,5.0,7.81025,12.041595
20260626_160916,2026-06-26T07:09:27.412366Z,skeleton,RX3,24.33105,24.33105,23.537205,20.396078,18.439089,15.297059,11.401754,8.062258,6.0,3.0,2.236068,4.0,5.385165,7.615773,9.433981,11.661904,13.038405,14.21267,14.866069,15.556349,16.278821,15.811388,14.764823,13.928388,12.649111,11.401754,13.601471,10.0,5.0,5.0,10.0,14.21267,17.029386,19.849433,19.79899,20.518285,19.849433,18.601075,17.204651,15.264338,13.0,11.7047,9.486833,6.324555,4.123106,1.414214,5.09902,9.055385,14.142136,18.248288,21.213203,12.7535945
20260626_160916,2026-06-26T07:09:27.445022Z,skeleton,RX1,27.730849,25.942244,21.954498,19.723083,14.422205,10.0,6.403124,2.236068,1.0,4.472136,7.211103,8.602325,10.0,11.401754,12.806248,13.453624,12.727922,13.453624,12.206556,10.816654,8.544004,6.082763,4.0,2.828427,3.0,4.242641,6.082763,2.236068,3.162278,8.062258,12.165525,17.262677,20.396078,22.36068,24.515301,24.515301,22.803509,21.587033,19.416488,16.278821,14.142136,11.0,8.062258,5.385165,4.123106,5.830952,9.899495,13.601471,18.35756,21.954498,24.596748,26.832816
20260626_160916,2026-06-26T07:09:27.471542Z,skeleton,RX2,17.0,19.104973,20.223748,19.416488,18.681542,16.763055,14.56022,12.649111,10.198039,7.0,5.09902,4.242641,5.0,7.28011,10.77033,13.416408,16.124515,18.35756,19.723083,21.095023,20.248457,18.601075,16.401219,12.727922,10.0,8.246211,8.944272,6.324555,4.123106,4.123106,6.324555,8.062258,10.630146,12.041595,12.041595,12.806248,12.206556,12.206556,11.401754,10.816654,10.0,9.433981,9.433981,10.0,6.708204,5.385165,3.162278,2.0,2.828427,5.385165,8.544004,12.165525
20260626_160916,2026-06-26T07:09:27.501473Z,skeleton,RX3,4.0,1.0,4.242641,7.211103,9.848858,11.661904,12.529964,13.038405,13.038405,13.601471,12.206556,12.206556,11.401754,10.816654,10.816654,10.29563,8.544004,8.246211,7.0,6.324555,5.830952,6.403124,6.324555,7.071068,7.071068,6.708204,19.104973,21.931712,24.041631,24.758837,24.758837,22.671568,19.849433,16.278821,12.806248,9.219544,5.0,2.236068,1.0,3.162278,6.324555,8.246211,10.198039,13.152946,15.033296,17.0,17.029386,18.11077,18.11077,17.117243,15.132746,12.165525
20260626_160916,2026-06-26T07:09:27.533811Z,skeleton,RX1,3.162278,7.071068,10.630146,13.601471,14.21267,15.620499,15.620499,14.866069,14.866069,13.453624,12.041595,9.219544,7.81025,5.830952,4.123106,2.236068,2.236068,4.472136,6.403124,7.81025,9.219544,10.0,10.29563,9.486833,9.219544,8.0,17.262677,20.099751,21.095023,21.023796,20.024984,18.027756,15.033296,11.045361,7.071068,3.605551,3.162278,5.656854,8.602325,11.18034,13.416408,16.155494,17.464249,19.313208,20.248457,20.248457,19.924859,19.646883,17.720045,14.56022,11.18034,8.062258
20260626_160916,2026-06-26T07:09:27.561503Z,skeleton,RX2,13.453624,10.630146,6.403124,3.0,4.472136,7.071068,10.049876,13.038405,15.033296,16.03122,17.029386,17.117243,17.117243,17.029386,16.03122,14.0,12.165525,10.77033,9.219544,10.440307,14.035669,17.117243,20.396078,22.561028,23.769729,23.769729,16.278821,18.439089,20.0,20.248457,20.124612,17.464249,14.866069,12.649111,9.486833,6.324555,3.605551,2.828427,1.414214,2.236068,4.123106,6.082763,8.062258,10.049876,13.152946,15.297059,17.464249,19.924859,21.540659,21.470911,21.095023,20.0
20260626_160916,2026-06-26T07:09:27.591727Z,skeleton,RX3,26.019224,26.0,24.020824,21.023796,19.026298,16.03122,12.041595,9.0,6.0,4.123106,2.236068,2.236068,4.472136,6.403124,9.219544,10.630146,12.041595,12.806248,14.422205,14.764823,14.317821,14.866069,13.341664,12.165525,11.045361,10.049876,14.21267,10.630146,5.656854,1.0,4.472136,9.433981,13.601471,16.401219,19.209373,19.849433,19.79899,18.384776,17.691806,16.401219,14.422205,13.038405,10.29563,8.544004,5.385165,2.236068,2.0,6.082763,10.0,15.033296,19.0,23.0
20260626_160916,2026-06-26T07:09:27.622033Z,skeleton,RX1,25.632011,23.4094,21.18962,17.720045,13.601471,9.219544,5.09902,1.414214,2.0,5.0,7.0,10.0,11.0,13.0,13.038405,14.142136,14.142136,13.341664,13.0,11.18034,9.433981,7.071068,5.0,3.0,2.236068,2.236068,6.082763,3.162278,4.123106,8.602325,12.806248,17.029386,20.615528,22.803509,24.207437,24.207437,22.803509,22.803509,19.209373,17.029386,14.21267,12.041595,8.485281,5.0,3.162278,4.123106,8.062258,12.369317,16.763055,20.615528,23.769729,25.632011
20260626_160916,2026-06-26T07:09:27.652013Z,skeleton,RX2,13.453624,9.219544,6.403124,3.0,4.472136,8.246211,10.440307,12.369317,14.56022,16.492423,16.763055,16.763055,16.763055,15.811388,15.524175,13.341664,12.0,10.440307,10.0,12.206556,15.231546,18.681542,21.587033,23.345235,24.33105,24.515301,16.643317,19.209373,19.79899,20.615528,20.0,18.027756,16.124515,13.416408,10.29563,8.062258,5.0,3.605551,2.0,2.236068,3.162278,5.09902,7.071068,9.055385,11.18034,14.317821,16.763055,18.027756,20.124612,21.095023,20.808652,18.439089
20260626_160916,2026-06-26T07:09:27.681376Z,skeleton,RX3,3.162278,2.236068,5.656854,8.602325,10.816654,12.206556,13.601471,13.601471,13.453624,13.453624,12.727922,12.041595,12.041595,10.630146,10.0,9.433981,8.544004,8.062258,7.071068,7.615773,7.81025,7.211103,7.615773,8.246211,8.0,7.071068,18.439089,21.260292,22.671568,24.083189,22.671568,21.260292,19.104973,15.556349,11.313708,8.485281,4.242641,1.414214,2.236068,4.472136,7.28011,9.219544,11.18034,13.152946,15.033296,16.0,17.029386,18.11077,17.262677,16.124515,14.142136,11.18034
20260626_160916,2026-06-26T07:09:27.711841Z,skeleton,RX1,26.870058,25.455844,21.260292,17.804494,12.806248,8.602325,5.0,1.0,1.414214,5.656854,7.81025,10.0,10.816654,12.206556,12.529964,13.416408,13.416408,12.649111,11.401754,10.049876,8.0,6.082763,3.162278,2.0,2.236068,3.162278,5.09902,1.414214,4.472136,9.486833,13.601471,18.027756,21.540659,23.4094,24.698178,25.632011,23.259407,22.847319,20.615528,17.464249,14.866069,11.401754,9.055385,6.082763,3.605551,6.082763,8.944272,13.601471,17.804494,21.931712,24.758837,26.172505
20260626_160916,2026-06-26T07:09:27.742375Z,skeleton,RX2,14.0,10.0,7.071068,4.242641,6.0,8.544004,11.7047,13.928388,16.155494,16.155494,17.088007,17.088007,17.088007,16.155494,15.231546,13.892444,11.401754,10.0,10.440307,12.041595,14.866069,17.888544,19.723083,21.095023,22.472205,22.472205,15.033296,17.0,18.11077,18.439089,18.681542,17.088007,14.317821,12.529964,9.433981,6.708204,4.472136,3.0,1.414214,2.0,3.605551,5.830952,8.062258,10.816654,13.038405,14.764823,17.464249,19.313208,20.880613,21.377558,21.095023,20.0
20260626_160916,2026-06-26T07:09:27.771803Z,skeleton,RX3,2.236068,2.828427,5.830952,8.544004,10.77033,12.083046,13.416408,13.416408,13.892444,13.038405,13.038405,12.206556,11.661904,10.29563,9.848858,8.544004,8.246211,8.0,7.28011,7.211103,7.071068,7.615773,7.28011,7.071068,7.071068,7.28011,18.35756,21.095023,23.323808,24.186773,23.323808,21.954498,18.867962,15.811388,12.206556,8.062258,4.472136,1.0,2.236068,4.472136,6.708204,8.944272,10.77033,12.649111,14.56022,16.278821,17.117243,18.027756,17.029386,16.03122,13.038405,10.0
20260626_160916,2026-06-26T07:09:27.801748Z,skeleton,RX1,4.472136,7.81025,11.313708,14.142136,15.556349,16.278821,16.278821,15.620499,14.866069,12.806248,11.401754,9.433981,7.615773,5.385165,3.162278,1.414214,2.0,4.242641,6.403124,8.602325,9.433981,9.848858,10.440307,10.049876,9.0,8.062258,18.248288,20.223748,21.095023,22.022716,20.024984,19.026298,15.033296,11.045361,6.082763,3.605551,3.162278,6.403124,8.602325,11.661904,13.892444,16.552945,17.464249,18.788294,20.124612,19.697716,20.615528,18.973666,16.763055,13.928388,10.440307,6.082763
20260626_160916,2026-06-26T07:09:27.836597Z,skeleton,RX2,16.552945,18.867962,18.601075,19.209373,18.384776,16.970563,14.866069,12.041595,9.899495,7.211103,5.385165,4.123106,5.656854,8.602325,11.18034,14.317821,16.552945,18.788294,19.235384,19.235384,18.788294,17.464249,14.866069,12.369317,10.0,8.544004,8.246211,5.385165,2.828427,1.414214,4.123106,6.708204,9.433981,11.401754,12.041595,12.727922,12.727922,12.806248,12.806248,12.041595,11.401754,11.401754,10.816654,10.29563,8.944272,7.615773,5.830952,3.162278,1.0,3.162278,7.28011,10.440307
20260626_160916,2026-06-26T07:09:27.861724Z,skeleton,RX3,26.07681,27.45906,25.0,22.803509,19.209373,16.278821,12.041595,9.219544,6.403124,4.123106,3.162278,3.605551,5.385165,7.28011,9.219544,10.049876,12.165525,13.0,14.0,15.033296,15.132746,14.317821,13.928388,12.083046,11.661904,10.630146,15.264338,10.29563,5.830952,1.0,5.656854,10.630146,15.620499,19.849433,21.260292,22.627417,22.627417,21.260292,20.0,18.027756,16.124515,14.317821,11.18034,8.944272,5.830952,2.236068,3.605551,8.062258,12.529964,17.888544,21.470911,23.706539
20260626_160916,2026-06-26T07:09:27.891602Z,skeleton,RX1,29.154759,26.925824,23.4094,18.973666,14.866069,10.440307,5.09902,1.0,2.236068,5.385165,7.615773,10.77033,11.7047,13.601471,14.317821,15.132746,15.132746,14.0,13.038405,11.18034,9.486833,5.385165,3.605551,3.0,3.605551,4.123106,5.830952,1.0,3.605551,9.219544,14.142136,19.849433,23.430749,24.839485,27.018512,26.907248,26.248809,24.207437,21.260292,19.104973,16.278821,12.041595,8.602325,5.385165,4.472136,6.082763,11.18034,15.524175,18.973666,23.769729,27.313001,30.463092
20260626_160916,2026-06-26T07:09:27.921719Z,skeleton,RX2,13.416408,10.77033,7.28011,4.123106,4.472136,6.082763,9.0,11.0,13.0,14.0,14.0,15.033296,15.033296,15.033296,13.0,12.041595,11.18034,9.848858,9.899495,11.18034,13.341664,15.033296,18.0,19.0,20.024984,19.0,14.035669,15.297059,16.763055,17.464249,17.0,15.264338,13.601471,11.401754,8.602325,7.211103,5.830952,3.162278,2.0,2.236068,3.0,4.123106,6.082763,8.246211,10.198039,13.152946,15.033296,17.0,19.026298,20.223748,19.416488,18.973666
20260626_160916,2026-06-26T07:09:27.951714Z,skeleton,RX3,25.059928,24.596748,23.259407,19.697716,17.464249,13.928388,10.440307,7.28011,5.385165,2.828427,2.0,2.828427,4.472136,6.708204,7.615773,9.848858,11.7047,12.649111,13.341664,13.341664,14.035669,14.0,12.165525,11.401754,10.77033,10.29563,14.317821,9.219544,5.09902,1.0,6.082763,11.18034,16.124515,19.104973,21.095023,22.090722,22.090722,21.0,19.026298,17.117243,15.132746,13.341664,10.440307,8.246211,5.09902,2.236068,3.0,7.615773,11.661904,15.264338,19.723083,23.323808
20260626_160916,2026-06-26T07:09:27.986737Z,skeleton,RX1,28.017851,25.553865,21.954498,17.492856,12.529964,8.944272,4.472136,2.828427,6.708204,8.944272,11.18034,13.0,13.928388,14.866069,15.811388,15.524175,15.297059,13.152946,12.0,10.0,7.28011,4.472136,3.162278,2.236068,3.162278,5.0,2.236068,5.0,10.630146,14.866069,19.849433,23.430749,26.248809,26.907248,27.586228,27.586228,24.083189,21.931712,19.104973,15.620499,13.038405,8.944272,6.324555,3.605551,5.0,9.486833,14.317821,19.723083,22.825424,26.07681,28.017851,18.433108
20260626_160916,2026-06-26T07:09:28.011568Z,skeleton,RX2,13.928388,9.848858,6.324555,3.162278,4.123106,7.0,9.055385,11.045361,13.038405,14.142136,15.033296,15.033296,15.033296,15.033296,14.035669,13.152946,11.7047,10.816654,10.630146,12.083046,14.317821,16.124515,19.0,20.0,21.023796,21.023796,14.0,16.124515,17.464249,18.027756,17.464249,16.124515,14.764823,12.206556,9.433981,8.062258,5.830952,4.472136,2.236068,1.414214,2.0,4.123106,5.385165,7.615773,9.486833,12.369317,14.317821,17.117243,18.0,19.026298,19.235384,18.439089
20260626_160916,2026-06-26T07:09:28.041799Z,skeleton,RX3,27.018512,27.202941,25.612497,22.671568,19.104973,14.866069,12.041595,8.485281,6.403124,3.162278,2.236068,3.605551,5.09902,7.071068,9.055385,10.0,12.0,13.038405,14.142136,14.317821,14.56022,13.928388,13.038405,12.206556,10.630146,10.630146,15.0,10.816654,5.0,5.830952,11.401754,15.811388,19.416488,21.095023,22.825424,21.470911,21.023796,20.248457,17.720045,15.524175,13.341664,11.18034,8.062258,5.09902,1.414214,3.605551,8.602325,12.206556,16.643317,21.633308,23.853721,17.161904
20260626_160916,2026-06-26T07:09:28.071452Z,skeleton,RX1,5.09902,9.0,12.041595,14.035669,16.03122,17.117243,17.029386,16.03122,15.033296,14.0,12.041595,10.049876,8.062258,6.082763,3.605551,2.236068,2.236068,4.123106,6.0,8.246211,9.219544,9.848858,10.29563,10.0,9.219544,7.211103,18.973666,20.248457,22.847319,21.931712,20.124612,17.888544,15.231546,10.77033,7.28011,4.0,3.162278,6.324555,8.944272,12.083046,13.892444,16.124515,17.492856,18.867962,19.416488,20.248457,20.0,18.601075,17.204651,13.601471,10.630146,6.403124
20260626_160916,2026-06-26T07:09:28.101722Z,skeleton,RX2,16.03122,18.027756,19.104973,18.439089,17.720045,16.763055,13.601471,11.401754,9.219544,7.0,5.09902,5.0,6.324555,9.0,12.041595,14.035669,17.117243,19.104973,20.099751,20.099751,20.223748,18.248288,16.492423,14.866069,11.661904,9.899495,9.0,7.071068,3.162278,1.0,3.0,5.09902,7.615773,9.848858,11.18034,11.661904,11.661904,11.661904,10.816654,10.816654,10.816654,10.630146,10.630146,9.899495,8.602325,7.211103,5.830952,3.162278,1.0,3.605551,6.708204,10.440307
20260626_160916,2026-06-26T07:09:28.131393Z,skeleton,RX3,3.605551,3.0,5.830952,8.485281,10.630146,12.806248,13.453624,13.453624,13.453624,13.453624,12.806248,12.806248,11.401754,10.630146,9.899495,9.219544,8.062258,7.28011,7.0,6.324555,7.211103,6.403124,6.708204,7.28011,7.071068,6.082763,18.027756,21.095023,22.472205,23.853721,23.021729,20.808652,18.027756,14.422205,10.0,6.403124,2.236068,1.0,4.472136,6.708204,8.944272,10.77033,12.649111,14.56022,16.278821,17.117243,18.027756,18.0,18.027756,16.03122,14.035669,11.0
20260626_160916,2026-06-26T07:09:28.164478Z,skeleton,RX1,5.09902,7.615773,11.18034,12.529964,14.764823,14.764823,14.764823,14.317821,13.416408,12.083046,10.77033,8.246211,7.071068,5.09902,3.0,1.414214,2.236068,3.605551,5.385165,7.071068,8.062258,9.0,9.055385,8.246211,7.615773,7.211103,16.03122,18.0,19.0,19.026298,18.11077,16.03122,13.038405,10.0,6.082763,2.828427,3.162278,5.0,7.81025,10.630146,12.806248,15.0,15.811388,16.643317,18.027756,18.027756,18.027756,16.643317,14.764823,12.529964,8.944272,5.09902
20260626_160916,2026-06-26T07:09:28.193290Z,skeleton,RX2,12.727922,9.219544,3.605551,5.09902,8.544004,11.401754,13.601471,16.492423,17.464249,18.439089,18.439089,18.439089,17.464249,17.720045,14.866069,13.416408,11.401754,10.29563,11.18034,13.152946,14.866069,17.492856,20.0,21.400935,20.615528,17.088007,18.681542,21.377558,21.213203,21.095023,19.0,16.0,13.038405,10.049876,8.062258,5.09902,2.0,2.0,5.0,6.082763,8.062258,11.045361,13.152946,15.524175,17.720045,20.248457,21.931712,21.470911,21.095023,19.209373,7.385231,10.6053185
20260626_160916,2026-06-26T07:09:28.221595Z,skeleton,RX3,26.248809,26.172505,24.041631,21.931712,18.439089,14.866069,11.401754,8.485281,6.403124,4.123106,3.162278,4.242641,5.830952,8.062258,10.29563,11.18034,13.0,13.928388,14.866069,14.317821,14.142136,14.035669,13.038405,12.369317,11.7047,11.18034,13.928388,9.486833,5.09902,2.0,6.403124,11.401754,15.811388,18.601075,20.615528,21.260292,20.518285,20.518285,18.439089,16.643317,13.892444,12.083046,9.848858,7.615773,4.472136,2.0,4.242641,8.602325,12.206556,17.492856,20.808652,23.600847
20260626_160916,2026-06-26T07:09:28.251660Z,skeleton,RX1,26.870058,24.758837,22.671568,18.439089,13.601471,9.219544,5.0,1.0,1.414214,5.0,7.211103,8.602325,10.816654,11.661904,13.038405,13.416408,13.416408,13.0,11.401754,10.198039,8.062258,6.082763,4.242641,3.162278,3.605551,5.0,6.082763,2.236068,2.828427,8.062258,13.038405,17.492856,21.095023,22.472205,23.853721,23.853721,23.021729,21.633308,18.867962,16.643317,13.892444,10.77033,7.28011,4.0,3.162278,6.324555,9.433981,15.0,19.104973,22.671568,24.758837,27.586228
20260626_160916,2026-06-26T07:09:28.282280Z,skeleton,RX2,16.401219,18.384776,19.104973,19.209373,18.601075,17.204651,15.0,12.806248,10.630146,8.485281,6.708204,6.0,5.830952,7.071068,9.433981,11.7047,14.56022,16.492423,18.439089,18.248288,19.104973,18.027756,16.03122,14.142136,12.649111,10.816654,10.198039,7.615773,5.0,3.0,3.605551,6.082763,9.0,11.045361,12.165525,13.341664,13.341664,12.369317,12.649111,12.649111,11.7047,11.7047,10.77033,10.29563,9.433981,7.81025,6.403124,4.123106,3.162278,4.123106,8.062258,10.77033
20260626_160916,2026-06-26T07:09:28.311618Z,skeleton,RX3,25.553865,25.059928,23.259407,21.023796,17.464249,14.317821,10.77033,8.062258,5.0,3.605551,4.0,4.472136,6.403124,8.485281,9.899495,12.041595,13.453624,15.0,15.811388,16.124515,15.231546,15.811388,15.297059,14.035669,13.038405,12.165525,15.0,10.630146,6.403124,1.0,5.09902,10.77033,15.231546,18.384776,20.248457,20.880613,20.615528,20.396078,18.11077,17.029386,15.0,13.038405,10.198039,8.246211,5.09902,2.0,3.162278,6.403124,11.401754,15.811388,19.416488,23.021729
20260626_160916,2026-06-26T07:09:28.341605Z,skeleton,RX1,4.123106,8.062258,11.661904,13.601471,15.811388,15.811388,16.643317,15.264338,14.422205,13.038405,11.18034,9.848858,7.28011,5.09902,3.0,1.414214,2.236068,4.242641,6.403124,8.062258,9.848858,10.440307,10.198039,10.0,9.055385,8.246211,18.248288,20.223748,21.377558,20.615528,20.615528,17.464249,14.317821,11.18034,7.0,3.162278,3.0,5.830952,8.485281,11.313708,13.453624,15.620499,17.804494,18.601075,19.209373,20.0,19.416488,19.416488,16.643317,13.892444,10.29563,6.324555
20260626_160916,2026-06-26T07:09:28.372039Z,skeleton,RX2,14.317821,16.763055,18.384776,17.888544,17.492856,16.643317,15.264338,13.038405,10.29563,8.544004,7.071068,6.082763,6.403124,9.219544,11.661904,14.317821,16.155494,18.384776,19.313208,19.313208,18.973666,17.720045,16.278821,13.038405,12.165525,11.18034,9.219544,7.0,3.605551,2.0,4.472136,7.28011,9.055385,11.045361,12.165525,12.369317,12.649111,13.0,12.083046,12.529964,11.661904,11.661904,11.401754,11.313708,9.899495,8.602325,7.211103,5.385165,2.236068,1.414214,5.0,8.0
20260626_160916,2026-06-26T07:09:28.401461Z,skeleton,RX3,4.472136,4.472136,7.071068,10.0,10.816654,12.206556,12.206556,12.806248,12.806248,12.041595,12.041595,11.313708,10.630146,9.899495,9.219544,8.602325,8.062258,7.28011,7.071068,7.071068,7.615773,7.211103,7.81025,6.403124,5.830952,5.385165,17.029386,21.023796,23.021729,24.020824,23.086793,22.090722,19.104973,16.124515,12.165525,8.062258,4.0,1.414214,2.828427,5.656854,7.071068,10.0,11.401754,13.601471,15.264338,15.652476,17.464249,17.088007,16.763055,14.866069,13.601471,9.848858
20260626_160916,2026-06-26T07:09:28.432549Z,skeleton,RX1,4.123106,9.0,12.041595,15.033296,17.029386,18.027756,18.027756,17.029386,16.0,14.0,13.038405,10.049876,8.062258,6.082763,3.162278,1.414214,2.236068,4.0,7.071068,8.246211,10.440307,10.77033,11.18034,10.816654,9.899495,9.433981,19.104973,21.213203,21.213203,22.627417,20.518285,19.849433,16.278821,12.041595,8.602325,5.09902,3.605551,6.082763,9.0,11.045361,14.142136,15.132746,17.262677,18.439089,19.646883,19.646883,19.924859,18.973666,16.763055,13.928388,10.77033,5.830952
20260626_160916,2026-06-26T07:09:28.461872Z,skeleton,RX2,15.556349,17.691806,18.601075,18.867962,17.888544,16.552945,14.317821,12.529964,9.433981,7.81025,5.830952,6.082763,8.246211,9.848858,13.038405,14.422205,17.204651,19.416488,20.0,20.0,19.209373,18.439089,16.970563,14.21267,12.083046,10.198039,9.433981,7.81025,5.0,3.0,3.162278,4.123106,7.211103,8.485281,9.219544,10.0,10.29563,10.29563,10.29563,10.77033,9.486833,10.440307,9.219544,9.055385,8.0,7.0,5.09902,3.162278,1.414214,3.0,6.324555,9.433981
20260626_160916,2026-06-26T07:09:28.493740Z,skeleton,RX3,4.472136,3.605551,6.708204,8.944272,10.77033,12.083046,13.0,13.416408,12.529964,12.529964,11.661904,10.816654,10.816654,9.433981,8.944272,8.544004,9.219544,8.0,8.246211,7.615773,8.602325,8.485281,8.602325,8.944272,8.246211,7.071068,19.416488,22.36068,25.317978,26.305893,25.179357,23.194827,20.099751,17.029386,13.038405,9.0,5.09902,2.236068,2.236068,5.0,7.211103,9.219544,11.313708,13.453624,15.0,16.643317,17.0,17.888544,17.464249,16.155494,13.416408,10.29563
20260626_160916,2026-06-26T07:09:28.523480Z,skeleton,RX1,5.0,8.944272,13.0,15.231546,17.464249,18.384776,17.464249,17.464249,15.652476,14.317821,12.529964,10.29563,8.602325,6.403124,4.242641,2.0,2.236068,4.0,6.324555,8.062258,9.433981,10.630146,11.313708,11.401754,9.433981,8.544004,19.235384,20.223748,22.203603,22.203603,21.095023,18.11077,15.132746,11.18034,7.28011,3.605551,3.162278,5.0,7.615773,10.77033,13.601471,15.524175,16.492423,17.464249,19.416488,19.416488,19.235384,18.248288,16.124515,14.035669,10.049876,5.09902
20260626_160916,2026-06-26T07:09:28.551649Z,skeleton,RX2,14.866069,12.083046,9.433981,6.403124,7.0,9.219544,11.7047,13.928388,15.231546,16.552945,17.088007,17.088007,17.088007,17.088007,15.231546,14.317821,12.206556,11.401754,12.083046,13.152946,16.0,18.11077,20.223748,22.36068,23.345235,22.203603,13.416408,15.811388,17.691806,19.104973,17.804494,16.643317,14.764823,12.083046,9.848858,8.062258,5.830952,4.242641,3.162278,3.0,3.605551,5.656854,7.211103,8.602325,12.206556,14.21267,17.029386,19.104973,21.260292,22.203603,21.954498,21.023796
20260626_160916,2026-06-26T07:09:28.581669Z,skeleton,RX3,26.172505,25.455844,24.083189,20.615528,17.804494,14.21267,11.401754,7.81025,5.656854,4.123106,4.123106,5.0,7.071068,8.485281,9.899495,12.041595,13.453624,14.866069,14.21267,14.422205,13.892444,13.416408,12.649111,11.18034,11.0,10.049876,13.0,9.0,5.09902,1.0,5.830952,9.848858,13.0,16.552945,18.35756,18.867962,19.416488,19.209373,16.970563,16.278821,14.21267,12.206556,10.29563,7.211103,5.0,3.0,5.0,8.602325,12.806248,17.204651,21.400935,24.207437
20260626_160916,2026-06-26T07:09:28.611354Z,skeleton,RX1,2.828427,7.211103,10.816654,13.038405,15.264338,15.811388,15.811388,15.264338,13.601471,12.206556,10.0,8.602325,6.403124,4.242641,3.162278,1.414214,3.0,5.385165,8.062258,8.602325,9.219544,11.313708,11.401754,10.816654,9.848858,8.246211,19.026298,20.099751,21.213203,22.36068,20.223748,18.248288,14.142136,11.045361,7.071068,3.605551,3.162278,6.403124,10.0,11.401754,14.422205,16.643317,18.027756,18.867962,20.59126,21.470911,20.124612,18.788294,17.464249,14.317821,10.77033,6.324555
20260626_160916,2026-06-26T07:09:28.641680Z,skeleton,RX2,16.492423,18.973666,19.697716,19.235384,18.867962,17.204651,15.0,13.038405,10.29563,9.486833,8.062258,8.062258,9.848858,10.816654,14.21267,15.620499,17.804494,20.0,20.248457,20.248457,18.867962,17.204651,14.866069,12.041595,11.18034,10.198039,8.246211,5.385165,3.605551,2.828427,5.830952,8.062258,9.486833,10.440307,11.18034,11.18034,12.041595,12.041595,11.0,11.0,11.045361,11.045361,11.18034,10.198039,9.486833,7.28011,5.09902,4.123106,4.472136,7.28011,11.18034,19.414144999999998
20260626_160916,2026-06-26T07:09:28.671616Z,skeleton,RX3,25.942244,25.495098,24.166092,22.472205,18.027756,14.866069,10.77033,7.615773,5.0,3.605551,4.0,5.385165,7.211103,8.062258,10.0,10.816654,13.601471,14.21267,13.453624,14.142136,14.21267,14.422205,14.317821,13.601471,13.341664,12.165525,17.088007,12.649111,8.246211,3.162278,5.385165,10.0,14.21267,17.804494,20.808652,21.633308,21.954498,21.470911,19.697716,18.973666,16.278821,14.142136,12.041595,10.049876,7.071068,4.472136,4.0,7.615773,11.661904,16.401219,21.095023,23.323808
20260626_160916,2026-06-26T07:09:28.701884Z,skeleton,RX1,4.0,8.0,12.041595,15.0,17.0,17.0,18.0,17.0,16.0,14.0,13.038405,10.049876,8.062258,6.082763,4.123106,2.236068,2.236068,4.123106,6.0,9.055385,10.049876,10.198039,10.77033,9.848858,10.0,8.485281,19.697716,20.615528,22.472205,22.472205,21.540659,18.973666,16.155494,12.083046,8.062258,5.0,3.162278,5.385165,8.246211,11.18034,13.038405,16.03122,17.0,19.0,19.026298,20.024984,20.099751,19.104973,17.117243,14.142136,10.198039,5.09902
20260626_160916,2026-06-26T07:09:28.731597Z,skeleton,RX2,14.422205,10.816654,7.81025,5.385165,5.09902,7.211103,9.219544,11.313708,13.453624,13.453624,14.866069,14.866069,14.21267,14.21267,13.453624,12.041595,10.816654,9.486833,10.0,11.401754,14.317821,16.643317,18.027756,18.601075,20.0,19.416488,11.7047,14.764823,15.811388,15.620499,15.556349,15.0,13.601471,11.661904,9.433981,7.211103,5.0,4.242641,2.236068,2.236068,2.828427,4.472136,6.324555,7.615773,10.77033,13.0,14.764823,16.643317,18.601075,19.104973,19.79899,17.804494
20260626_160916,2026-06-26T07:09:28.761781Z,skeleton,RX3,5.09902,5.0,7.28011,10.049876,12.0,13.038405,14.035669,14.142136,13.152946,13.341664,13.341664,12.369317,11.401754,10.440307,10.198039,9.055385,8.062258,8.544004,8.062258,8.485281,8.602325,8.944272,8.246211,8.062258,8.0,7.071068,15.620499,19.209373,21.260292,22.671568,21.931712,20.518285,17.691806,14.866069,10.630146,7.81025,4.242641,2.0,3.162278,5.0,8.062258,10.049876,12.165525,13.601471,15.811388,16.552945,17.888544,17.492856,17.204651,15.811388,13.601471,10.29563
20260626_160916,2026-06-26T07:09:28.791450Z,skeleton,RX1,3.605551,8.602325,11.401754,15.0,16.401219,17.204651,17.204651,17.204651,15.811388,13.601471,12.206556,10.29563,7.615773,6.324555,4.0,2.828427,4.0,5.385165,8.062258,9.433981,10.630146,11.401754,10.816654,10.29563,9.848858,8.246211,18.439089,20.518285,21.931712,21.931712,21.213203,19.104973,16.278821,12.041595,7.81025,3.605551,2.236068,4.472136,8.944272,11.661904,13.892444,16.401219,17.804494,19.209373,20.615528,20.615528,21.260292,19.849433,17.691806,14.866069,10.630146,6.403124
20260626_160916,2026-06-26T07:09:28.821472Z,skeleton,RX2,12.806248,10.0,6.708204,5.0,5.830952,6.403124,8.944272,11.18034,12.083046,14.317821,14.764823,14.764823,14.317821,13.416408,13.928388,12.369317,12.041595,11.18034,12.083046,13.601471,16.278821,18.439089,20.615528,21.400935,21.400935,20.615528,12.165525,13.601471,16.155494,16.124515,15.811388,14.21267,13.453624,10.630146,9.219544,7.211103,5.0,3.605551,1.414214,1.0,1.0,3.0,4.123106,6.082763,8.062258,10.0,13.038405,15.297059,16.763055,17.464249,18.35756,16.643317
