sample_id_pose,frame_idx,pose_idx,time_sec,original_fps,target_fps,kp_0_x,kp_0_y,kp_0_z,kp_0_visibility,kp_1_x,kp_1_y,kp_1_z,kp_1_visibility,kp_2_x,kp_2_y,kp_2_z,kp_2_visibility,kp_3_x,kp_3_y,kp_3_z,kp_3_visibility,kp_4_x,kp_4_y,kp_4_z,kp_4_visibility,kp_5_x,kp_5_y,kp_5_z,kp_5_visibility,kp_6_x,kp_6_y,kp_6_z,kp_6_visibility,kp_7_x,kp_7_y,kp_7_z,kp_7_visibility,kp_8_x,kp_8_y,kp_8_z,kp_8_visibility,kp_9_x,kp_9_y,kp_9_z,kp_9_visibility,kp_10_x,kp_10_y,kp_10_z,kp_10_visibility,kp_11_x,kp_11_y,kp_11_z,kp_11_visibility,kp_12_x,kp_12_y,kp_12_z,kp_12_visibility,kp_13_x,kp_13_y,kp_13_z,kp_13_visibility,kp_14_x,kp_14_y,kp_14_z,kp_14_visibility,kp_15_x,kp_15_y,kp_15_z,kp_15_visibility,kp_16_x,kp_16_y,kp_16_z,kp_16_visibility,kp_17_x,kp_17_y,kp_17_z,kp_17_visibility,kp_18_x,kp_18_y,kp_18_z,kp_18_visibility,kp_19_x,kp_19_y,kp_19_z,kp_19_visibility,kp_20_x,kp_20_y,kp_20_z,kp_20_visibility,kp_21_x,kp_21_y,kp_21_z,kp_21_visibility,kp_22_x,kp_22_y,kp_22_z,kp_22_visibility,kp_23_x,kp_23_y,kp_23_z,kp_23_visibility,kp_24_x,kp_24_y,kp_24_z,kp_24_visibility,kp_25_x,kp_25_y,kp_25_z,kp_25_visibility,kp_26_x,kp_26_y,kp_26_z,kp_26_visibility,kp_27_x,kp_27_y,kp_27_z,kp_27_visibility,kp_28_x,kp_28_y,kp_28_z,kp_28_visibility,kp_29_x,kp_29_y,kp_29_z,kp_29_visibility,kp_30_x,kp_30_y,kp_30_z,kp_30_visibility,kp_31_x,kp_31_y,kp_31_z,kp_31_visibility,kp_32_x,kp_32_y,kp_32_z,kp_32_visibility,sample_id_csi,rx1_sub_0,rx1_sub_1,rx1_sub_2,rx1_sub_3,rx1_sub_4,rx1_sub_5,rx1_sub_6,rx1_sub_7,rx1_sub_8,rx1_sub_9,rx1_sub_10,rx1_sub_11,rx1_sub_12,rx1_sub_13,rx1_sub_14,rx1_sub_15,rx1_sub_16,rx1_sub_17,rx1_sub_18,rx1_sub_19,rx1_sub_20,rx1_sub_21,rx1_sub_22,rx1_sub_23,rx1_sub_24,rx1_sub_25,rx1_sub_26,rx1_sub_27,rx1_sub_28,rx1_sub_29,rx1_sub_30,rx1_sub_31,rx1_sub_32,rx1_sub_33,rx1_sub_34,rx1_sub_35,rx1_sub_36,rx1_sub_37,rx1_sub_38,rx1_sub_39,rx1_sub_40,rx1_sub_41,rx1_sub_42,rx1_sub_43,rx1_sub_44,rx1_sub_45,rx1_sub_46,rx1_sub_47,rx1_sub_48,rx1_sub_49,rx1_sub_50,rx1_sub_51,rx3_sub_0,rx3_sub_1,rx3_sub_2,rx3_sub_3,rx3_sub_4,rx3_sub_5,rx3_sub_6,rx3_sub_7,rx3_sub_8,rx3_sub_9,rx3_sub_10,rx3_sub_11,rx3_sub_12,rx3_sub_13,rx3_sub_14,rx3_sub_15,rx3_sub_16,rx3_sub_17,rx3_sub_18,rx3_sub_19,rx3_sub_20,rx3_sub_21,rx3_sub_22,rx3_sub_23,rx3_sub_24,rx3_sub_25,rx3_sub_26,rx3_sub_27,rx3_sub_28,rx3_sub_29,rx3_sub_30,rx3_sub_31,rx3_sub_32,rx3_sub_33,rx3_sub_34,rx3_sub_35,rx3_sub_36,rx3_sub_37,rx3_sub_38,rx3_sub_39,rx3_sub_40,rx3_sub_41,rx3_sub_42,rx3_sub_43,rx3_sub_44,rx3_sub_45,rx3_sub_46,rx3_sub_47,rx3_sub_48,rx3_sub_49,rx3_sub_50,rx3_sub_51,rx2_sub_0,rx2_sub_1,rx2_sub_2,rx2_sub_3,rx2_sub_4,rx2_sub_5,rx2_sub_6,rx2_sub_7,rx2_sub_8,rx2_sub_9,rx2_sub_10,rx2_sub_11,rx2_sub_12,rx2_sub_13,rx2_sub_14,rx2_sub_15,rx2_sub_16,rx2_sub_17,rx2_sub_18,rx2_sub_19,rx2_sub_20,rx2_sub_21,rx2_sub_22,rx2_sub_23,rx2_sub_24,rx2_sub_25,rx2_sub_26,rx2_sub_27,rx2_sub_28,rx2_sub_29,rx2_sub_30,rx2_sub_31,rx2_sub_32,rx2_sub_33,rx2_sub_34,rx2_sub_35,rx2_sub_36,rx2_sub_37,rx2_sub_38,rx2_sub_39,rx2_sub_40,rx2_sub_41,rx2_sub_42,rx2_sub_43,rx2_sub_44,rx2_sub_45,rx2_sub_46,rx2_sub_47,rx2_sub_48,rx2_sub_49,rx2_sub_50,rx2_sub_51
sujin_pick_up_variation_04,0,0,0.0,29.9960531509012,10,0.4948591291904449,0.6981491446495056,-0.0648792684078216,0.9994852542877196,0.4914398789405823,0.7070634365081787,-0.050250869244337,0.9991509914398192,0.4891396462917328,0.706357479095459,-0.0502875186502933,0.9990597367286682,0.487419992685318,0.7055890560150146,-0.0503269061446189,0.999189794063568,0.4977011084556579,0.7088288068771362,-0.0532248355448246,0.9987245202064514,0.5003230571746826,0.7093911170959473,-0.0532201863825321,0.9984000325202942,0.5028557181358337,0.7097270488739014,-0.0532131008803844,0.9985656142234802,0.4846543371677398,0.6970635056495667,0.0323334485292434,0.998862624168396,0.5078883767127991,0.7025303840637207,0.018494427204132,0.9967024922370912,0.4915297329425812,0.6828023195266724,-0.0334690362215042,0.9991077780723572,0.4999301731586456,0.6858744621276855,-0.0375385247170925,0.998716115951538,0.4722883999347687,0.633352518081665,0.0651295334100723,0.9996163845062256,0.5271901488304138,0.6406790614128113,0.0416985899209976,0.9977374076843262,0.4629389643669128,0.5603451132774353,-0.0014778956538066,0.9782217144966124,0.521145761013031,0.5671869516372681,-0.0332523956894874,0.8956634402275085,0.4855919778347015,0.6160591244697571,-0.0995928570628166,0.9854340553283693,0.5002944469451904,0.6270700693130493,-0.1401930004358291,0.9490242004394532,0.4871769845485687,0.6355587244033813,-0.1256728321313858,0.9607183933258056,0.4950519502162933,0.6473329067230225,-0.1676578074693679,0.9058247804641724,0.4872798919677734,0.6449211835861206,-0.1191396266222,0.9593359231948853,0.4978096783161163,0.656503438949585,-0.1653277724981308,0.9006053805351257,0.4877736270427704,0.6366386413574219,-0.0997469797730445,0.9421457052230836,0.4994227290153503,0.6497101783752441,-0.142165869474411,0.8642781972885132,0.4852227866649627,0.480798065662384,0.0054465597495436,0.9986918568611144,0.5193271636962891,0.4799165427684784,-0.0053026555106043,0.9980320334434508,0.4889443218708038,0.3540772795677185,-0.0240836385637521,0.970710039138794,0.5184040069580078,0.3486963212490082,-0.0323947481811046,0.9485399127006532,0.4949399530887604,0.241714134812355,0.1049676910042762,0.9495036005973816,0.518613338470459,0.2234067469835281,0.0803225189447403,0.9565168619155884,0.4972648322582245,0.2278295457363128,0.1142507269978523,0.7480239272117615,0.5152732133865356,0.2077097594738006,0.0867208316922187,0.6801113486289978,0.4924076795578003,0.203141838312149,0.0344327092170715,0.9440564513206482,0.5195831060409546,0.1934640407562255,-0.0042972788214683,0.9388778805732728,sujin_pick_up_variation_04,2.236068,4.242641,8.062258,11.7047,13.928388,15.811388,17.464249,17.464249,18.439089,17.262677,16.278821,15.297059,13.341664,11.401754,9.848858,6.403124,4.472136,5.0,7.615773,11.18034,15.0,18.11077,19.646883,20.248457,20.124612,18.027756,17.888544,19.235384,20.124612,20.124612,19.235384,17.492856,14.422205,10.816654,7.071068,3.605551,2.236068,5.0,7.071068,9.486833,10.77033,12.083046,13.892444,14.422205,14.21267,14.866069,15.620499,14.422205,14.317821,13.0,10.440307,8.062258,7.211103,9.848858,12.649111,14.56022,15.811388,16.155494,16.155494,15.652476,14.764823,12.529964,11.18034,9.848858,8.544004,7.071068,7.071068,8.062258,9.219544,12.041595,13.601471,15.811388,17.204651,18.027756,18.027756,17.204651,15.0,12.206556,13.892444,15.264338,16.124515,16.643317,15.0,13.601471,11.401754,9.219544,5.0,2.828427,1.414214,3.0,5.0,7.071068,9.055385,11.18034,11.401754,13.928388,14.764823,15.264338,15.0,15.620499,14.21267,11.401754,9.433981,6.324555,8.9907165,7.109772,5.1166730000000005,4.9286505,5.0,6.117038,6.767829,7.1410855,7.343420500000001,7.140055,7.035534,6.6814365,6.5163795,6.737096,8.2062875,8.7323155,11.181782,12.5178345,14.0364075,15.229453499999998,15.432074,14.7462115,13.229176,10.59017,7.8366965,5.1029345,8.943861,13.5207975,18.5083735,21.749838500000003,24.6897265,26.253189,25.8865005,24.939522,22.1845155,19.1171045,15.633644,12.703861,8.303131,5.5,3.207107,3.179587,5.2774495,7.4479415,9.244682999999998,11.700877,12.54,13.969497,14.281289999999998,14.4248965,14.170676,12.554364
sujin_pick_up_variation_04,3,1,0.1000131578947368,29.9960531509012,10,0.493742287158966,0.6985927820205688,-0.0507921203970909,0.999502420425415,0.4907199144363403,0.7074219584465027,-0.0365497283637523,0.9991801977157592,0.488454520702362,0.7065892815589905,-0.0365829393267631,0.9990915060043336,0.4866896867752075,0.7057525515556335,-0.0366280041635036,0.9992173910140992,0.4968348443508148,0.7094183564186096,-0.0393665693700313,0.9987818002700806,0.4993989169597626,0.7100818157196045,-0.0393733493983745,0.9984738826751708,0.5020983815193176,0.7106353044509888,-0.0393790379166603,0.9986384510993958,0.4838807284832001,0.6972550749778748,0.0419695153832435,0.9989145398139954,0.507146954536438,0.7041565179824829,0.0296853184700012,0.9969040155410768,0.4907945692539215,0.683842658996582,-0.0208580400794744,0.9991436004638672,0.4991277158260345,0.6868942379951477,-0.0245341323316097,0.998779594898224,0.4717869460582733,0.6339642405509949,0.0723302811384201,0.9996095895767212,0.5267999172210693,0.6410254240036011,0.0529196746647357,0.9978353977203368,0.4626463651657104,0.5613261461257935,0.0048394468612968,0.978576362133026,0.5212915539741516,0.5670084953308105,-0.0127617064863443,0.8977138996124268,0.4851951003074646,0.6208832263946533,-0.0847185999155044,0.9855355024337769,0.4999887645244598,0.6270720362663269,-0.1050512045621872,0.9503697752952576,0.4870095252990722,0.6408427357673645,-0.109631098806858,0.9608341455459596,0.4950571656227112,0.6472858786582947,-0.1296970695257187,0.9072964191436768,0.4871434867382049,0.6487894058227539,-0.1010467559099197,0.9593093395233154,0.4978064894676208,0.65548175573349,-0.1279036700725555,0.9020028114318848,0.4876382648944855,0.6416423916816711,-0.0838702768087387,0.9421253800392152,0.4992035627365112,0.6491245031356812,-0.1067201197147369,0.8665356636047363,0.484304279088974,0.4828688502311706,0.0053817285224795,0.99862539768219,0.518613874912262,0.4811447560787201,-0.0052356598898768,0.9980421662330629,0.4887637495994568,0.3564037382602691,-0.0166239812970161,0.9714202880859376,0.5183809399604797,0.348764955997467,-0.0290281753987073,0.9487812519073486,0.4946227073669433,0.242217481136322,0.098195806145668,0.9495977759361268,0.5180229544639587,0.2233391404151916,0.0671270191669464,0.9564386606216432,0.4972621202468872,0.2282472401857376,0.105598047375679,0.7418226003646851,0.5149622559547424,0.2068635374307632,0.0714234858751297,0.6815139651298523,0.4926271736621856,0.2029339373111724,0.0257079768925905,0.9438997507095336,0.5190368890762329,0.190312922000885,-0.0183481946587562,0.9383493661880492,sujin_pick_up_variation_04,1.414214,4.123106,8.062258,11.661904,14.21267,15.620499,17.691806,17.691806,16.970563,16.970563,15.556349,14.142136,12.727922,10.630146,8.062258,5.09902,4.472136,6.324555,10.049876,13.341664,17.088007,20.124612,21.633308,22.022716,21.213203,19.209373,18.35756,19.723083,20.124612,20.124612,18.788294,16.552945,13.928388,9.848858,6.324555,3.0,1.414214,4.472136,6.708204,8.544004,10.198039,12.165525,13.038405,14.0,15.132746,15.297059,15.811388,16.552945,15.652476,14.422205,12.041595,8.485281,26.0,24.351591,22.135944,17.720045,13.601471,9.848858,7.81025,6.708204,7.071068,10.0,12.041595,13.038405,15.033296,17.0,17.029386,18.11077,18.248288,17.262677,15.132746,12.0,10.198039,8.602325,10.29563,12.649111,15.297059,17.117243,8.602325,6.324555,4.123106,6.403124,8.544004,11.401754,15.524175,16.763055,17.464249,17.888544,18.027756,17.029386,15.556349,14.21267,12.206556,9.433981,8.062258,5.0,3.605551,4.472136,7.81025,12.806248,16.401219,20.0,23.853721,25.942244,8.9907165,7.109772,5.1166730000000005,4.9286505,5.0,6.117038,6.767829,7.1410855,7.343420500000001,7.140055,7.035534,6.6814365,6.5163795,6.737096,8.2062875,8.7323155,11.181782,12.5178345,14.0364075,15.229453499999998,15.432074,14.7462115,13.229176,10.59017,7.8366965,5.1029345,8.943861,13.5207975,18.5083735,21.749838500000003,24.6897265,26.253189,25.8865005,24.939522,22.1845155,19.1171045,15.633644,12.703861,8.303131,5.5,3.207107,3.179587,5.2774495,7.4479415,9.244682999999998,11.700877,12.54,13.969497,14.281289999999998,14.4248965,14.170676,12.554364
sujin_pick_up_variation_04,6,2,0.2000263157894737,29.9960531509012,10,0.4935714304447174,0.698285698890686,-0.0474596954882144,0.9995152354240416,0.4906753599643707,0.7072606682777405,-0.0333867408335208,0.9992019534111024,0.4884474575519562,0.7064614295959473,-0.0334196090698242,0.9991127252578736,0.486615240573883,0.7056056261062622,-0.0334647335112094,0.9992362856864928,0.4966793358325958,0.7092310190200806,-0.0358525030314922,0.9988337755203248,0.499106228351593,0.7098575830459595,-0.0358582250773906,0.998538076877594,0.501820981502533,0.7104231715202332,-0.0358766987919807,0.9987053871154784,0.4838427901268005,0.6972557902336121,0.043808776885271,0.99895042181015,0.50655597448349,0.7041245698928833,0.0329764112830162,0.9970985054969788,0.4907090365886688,0.6838939189910889,-0.017917662858963,0.9991589784622192,0.4987939000129699,0.686894416809082,-0.0211821980774402,0.998829424381256,0.4717911779880523,0.6343023777008057,0.0720974877476692,0.9995794892311096,0.5260438323020935,0.6412572860717773,0.0530876368284225,0.9979082942008972,0.4621278345584869,0.570848286151886,-0.0088527025654912,0.9790902733802797,0.5229432582855225,0.5673853754997253,-0.0191913042217493,0.9019118547439576,0.4828515648841858,0.6431063413619995,-0.1076723635196685,0.9860878586769104,0.5004883408546448,0.6269897222518921,-0.1188939288258552,0.9524226784706116,0.4864723086357116,0.6626608967781067,-0.1336268782615661,0.9622452855110168,0.4954826533794403,0.6459072828292847,-0.1449487060308456,0.9098919034004213,0.4866020381450653,0.6687283515930176,-0.1232825294137001,0.9606487154960632,0.4981150031089782,0.6528147459030151,-0.1421031057834625,0.9046459197998048,0.4868544340133667,0.6616935133934021,-0.1065815612673759,0.943955659866333,0.4992498755455017,0.64766526222229,-0.120514191687107,0.8703619241714478,0.4839350581169128,0.4828192293643951,0.0044940202496945,0.9985631704330444,0.5178835988044739,0.4811341464519501,-0.0043534417636692,0.9980545043945312,0.4886328279972076,0.3553006947040558,-0.0183956641703844,0.9718968272209167,0.518377959728241,0.3447602093219757,-0.0292772259563207,0.948131263256073,0.4945850968360901,0.2424166053533554,0.08610150963068,0.9483783841133118,0.5178030729293823,0.220524713397026,0.0556364618241786,0.9555033445358276,0.4974275827407837,0.2284381985664367,0.0931572020053863,0.7310441732406616,0.5147122740745544,0.2028514593839645,0.0592783465981483,0.6798755526542664,0.4929922521114349,0.2028104215860366,0.0147720063105225,0.9426103830337524,0.5189142823219299,0.1881587505340576,-0.0291811693459749,0.9365481734275818,sujin_pick_up_variation_04,1.414214,6.403124,9.899495,12.727922,15.620499,17.804494,18.601075,18.027756,18.867962,17.492856,16.643317,14.422205,13.038405,10.816654,8.485281,6.708204,6.082763,7.81025,10.77033,14.317821,17.117243,20.0,21.023796,21.377558,19.924859,17.464249,17.029386,19.209373,19.209373,20.0,18.027756,16.643317,13.892444,9.848858,6.324555,3.0,2.0,3.605551,6.403124,8.062258,10.29563,10.77033,12.369317,13.152946,13.0,14.142136,14.56022,13.928388,13.416408,12.206556,10.0,7.071068,7.211103,9.899495,12.806248,14.422205,15.811388,16.401219,17.029386,15.556349,14.142136,12.727922,11.313708,9.899495,8.602325,7.615773,7.071068,8.246211,9.848858,12.529964,15.0,17.029386,18.601075,19.209373,18.601075,17.804494,15.0,12.806248,14.142136,16.278821,16.970563,16.970563,16.278821,14.21267,11.401754,9.219544,6.403124,2.828427,2.0,3.162278,5.385165,6.324555,8.944272,10.29563,11.661904,12.806248,14.866069,15.620499,15.620499,15.811388,14.422205,12.806248,10.0,7.211103,12.0,13.0,14.0,13.0,12.041595,11.18034,9.486833,8.062258,8.485281,8.062258,9.219544,10.049876,11.0,12.041595,12.369317,11.7047,11.661904,10.630146,10.29563,10.0,11.7047,15.811388,19.104973,22.203603,24.186773,25.079872,26.925824,26.07681,23.600847,20.615528,14.866069,9.848858,6.324555,8.544004,13.0,16.278821,19.646883,21.18962,21.931712,21.470911,21.095023,20.808652,19.849433,18.384776,16.278821,13.601471,10.816654,8.062258,4.472136,1.0,3.162278,7.0
sujin_pick_up_variation_04,9,3,0.3000394736842105,29.9960531509012,10,0.4928746223449707,0.6981382369995117,-0.0448246672749519,0.999542474746704,0.4897570013999939,0.7071088552474976,-0.0304873250424861,0.9992485642433168,0.4876766204833984,0.7062658667564392,-0.0305212326347827,0.9991597533226012,0.486005961894989,0.7053307294845581,-0.0305580776184797,0.9992780089378356,0.495602548122406,0.709193766117096,-0.0335789881646633,0.9989200830459596,0.4981042742729187,0.7098438739776611,-0.0335848070681095,0.9986465573310852,0.500592052936554,0.7104161381721497,-0.0336118936538696,0.9988085627555848,0.483653724193573,0.6972962617874146,0.0452400967478752,0.9989981651306152,0.5057234168052673,0.7046210169792175,0.0314772874116897,0.9973394274711608,0.4903291165828705,0.683937132358551,-0.0161829441785812,0.9991787672042848,0.4983609020709991,0.686996579170227,-0.0204095374792814,0.9988998770713806,0.4725220799446106,0.634698212146759,0.0715936422348022,0.9994968771934508,0.5254169702529907,0.6414613127708435,0.0511682517826557,0.9979608654975892,0.4587580859661102,0.5898057818412781,-0.0191540233790874,0.9788904190063475,0.5268269181251526,0.5662748217582703,-0.0298251770436763,0.9064245223999025,0.4736606776714325,0.6664095520973206,-0.1306407302618026,0.986223578453064,0.5029309988021851,0.6234607696533203,-0.1407132595777511,0.95487642288208,0.4786760210990906,0.6836988925933838,-0.1570491045713424,0.9626419544219972,0.4974603652954101,0.6385642290115356,-0.1661726087331771,0.9136475324630736,0.4789879918098449,0.687609076499939,-0.1475952267646789,0.9608684182167052,0.4991447627544403,0.6446930766105652,-0.1608376950025558,0.908564269542694,0.4790101647377014,0.6811190843582153,-0.1303096264600753,0.9443941116333008,0.4998405575752258,0.6411786079406738,-0.1408750712871551,0.8754956722259521,0.4839288592338562,0.4829720854759216,0.0029303345363587,0.9983757138252258,0.5172252058982849,0.4819476008415222,-0.0028192282188683,0.9979720711708068,0.4886068403720855,0.3554499447345733,-0.01816544868052,0.9707745313644408,0.5183717012405396,0.3447738587856293,-0.0294563733041286,0.9449322819709778,0.4945764243602752,0.242634892463684,0.0620397701859474,0.9443163275718688,0.5176439881324768,0.2200424820184707,0.0334758497774601,0.9522443413734436,0.4975263476371765,0.2285596281290054,0.0657651051878929,0.7139820456504822,0.5146023035049438,0.2024680525064468,0.0350079648196697,0.671955406665802,0.4935590326786041,0.2033318728208542,-0.012481715530157,0.9389627575874328,0.5190452337265015,0.1884516030550003,-0.0516424886882305,0.9323974251747132,sujin_pick_up_variation_04,1.0,4.242641,8.602325,12.206556,15.264338,16.124515,17.888544,17.888544,17.464249,16.155494,15.231546,13.928388,12.083046,9.848858,6.403124,4.472136,4.472136,7.211103,10.440307,14.317821,18.11077,21.0,22.090722,22.36068,20.615528,19.313208,16.552945,18.788294,18.384776,19.697716,17.088007,16.155494,12.649111,9.486833,5.09902,2.0,1.0,4.123106,7.071068,9.055385,11.0,12.0,13.038405,14.317821,14.866069,15.231546,16.124515,15.811388,14.866069,12.727922,11.401754,7.211103,26.832816,25.059928,21.095023,18.867962,13.892444,10.29563,7.28011,6.324555,7.211103,8.485281,10.630146,12.806248,14.866069,15.556349,17.691806,17.029386,17.804494,16.401219,14.21267,12.727922,9.433981,8.246211,9.486833,10.816654,14.21267,14.866069,8.0,6.324555,5.0,7.0,10.440307,12.649111,15.811388,17.720045,18.439089,19.235384,19.026298,18.027756,16.124515,14.317821,12.649111,10.440307,7.615773,6.082763,4.123106,4.472136,8.246211,13.152946,17.464249,21.587033,24.041631,27.513633,14.764823,16.552945,17.0,17.0,15.652476,14.317821,12.649111,10.198039,9.0,8.246211,8.062258,9.219544,10.0,11.18034,11.7047,12.369317,13.038405,13.038405,12.369317,11.661904,12.041595,13.0,14.142136,17.029386,17.464249,18.384776,27.802878,27.802878,26.627054,22.472205,17.0,11.7047,6.082763,5.09902,8.944272,13.601471,17.691806,19.104973,20.615528,20.808652,20.59126,19.697716,19.313208,17.464249,16.124515,14.035669,11.0,8.062258,4.123106,4.123106,8.544004,10.7111025
sujin_pick_up_variation_04,12,4,0.4000526315789474,29.9960531509012,10,0.4928000867366791,0.6969397664070129,-0.0473600104451179,0.9995800852775574,0.489593356847763,0.7055284380912781,-0.033934187144041,0.9993096590042114,0.4875111877918243,0.7046539187431335,-0.0339752696454525,0.9992249608039856,0.4858341515064239,0.7037590742111206,-0.0340206064283847,0.999333679676056,0.4953936636447906,0.7082944512367249,-0.0368317291140556,0.9990172386169434,0.4978949725627899,0.7092155814170837,-0.0368282534182071,0.99876868724823,0.5002678036689758,0.7098386883735657,-0.0368451289832592,0.9989187717437744,0.4836457073688507,0.6970841884613037,0.0433291308581829,0.9990742802619934,0.5053091645240784,0.7045912742614746,0.030200133100152,0.997590184211731,0.4902914464473724,0.6834437251091003,-0.0178169552236795,0.999237895011902,0.4983637928962707,0.6868411302566528,-0.0212754551321268,0.9989957213401794,0.4741277992725372,0.6356884837150574,0.0706039518117904,0.9994875192642212,0.5253840088844299,0.6412227749824524,0.052343763411045,0.9980974197387696,0.4566739797592163,0.6048486828804016,-0.0252552404999732,0.97999906539917,0.5334687829017639,0.5640329718589783,-0.0298708286136388,0.913061797618866,0.4730608761310577,0.6751619577407837,-0.1422687619924545,0.986670196056366,0.508714497089386,0.6073054671287537,-0.1492746472358703,0.958065390586853,0.4787899255752563,0.6888524293899536,-0.1704001724720001,0.963291883468628,0.5007367730140686,0.6192337274551392,-0.1764717698097229,0.9188130497932434,0.4797019362449646,0.6913748383522034,-0.160123735666275,0.9613236784934998,0.5012825727462769,0.6287579536437988,-0.1707500666379928,0.9139443039894104,0.4794550836086273,0.6855734586715698,-0.1415469944477081,0.9451368451118468,0.5023350119590759,0.6260976195335388,-0.1490881145000457,0.8823968172073364,0.4840246737003326,0.4829565584659576,0.0001942932576639,0.9983291029930116,0.5168832540512085,0.4819811284542084,-9.340867109131068e-05,0.9980050325393676,0.4886390268802643,0.3552098870277405,-0.0200369656085968,0.970124363899231,0.5182245969772339,0.3447037041187286,-0.029523504897952,0.9435651302337646,0.4945229887962341,0.2429413050413131,0.0582506507635116,0.9420157670974731,0.5175274610519409,0.2195315957069397,0.0334963202476501,0.9516270160675048,0.4975245594978332,0.2287720590829849,0.0620645284652709,0.7063586711883545,0.5144663453102112,0.2020076066255569,0.0350558124482631,0.6748007535934448,0.4935768544673919,0.2038461565971374,-0.0171889849007129,0.9371629357337952,0.519172191619873,0.1885138154029846,-0.0526038073003292,0.93127179145813,sujin_pick_up_variation_04,24.758837,24.758837,22.671568,20.0,16.401219,12.206556,8.602325,4.242641,2.0,4.123106,7.071068,10.049876,13.038405,16.03122,18.11077,20.099751,21.023796,22.0,21.0,19.104973,16.278821,13.928388,10.630146,8.544004,8.246211,10.0,5.0,2.236068,2.236068,5.830952,9.219544,12.727922,15.556349,17.691806,17.804494,18.439089,17.204651,16.124515,13.892444,12.083046,9.486833,7.071068,5.0,3.162278,1.0,3.162278,6.0,9.219544,13.0,16.552945,20.248457,22.803509,7.615773,9.055385,12.041595,14.142136,15.033296,15.033296,15.0,14.0,13.038405,12.041595,11.045361,9.055385,8.0,6.082763,5.830952,6.403124,8.544004,10.440307,12.165525,14.142136,16.124515,16.278821,16.278821,15.297059,13.341664,10.198039,14.56022,15.524175,17.464249,17.262677,16.124515,15.132746,12.041595,9.219544,6.082763,4.472136,3.605551,4.0,6.324555,7.615773,9.486833,11.401754,13.341664,14.142136,15.033296,16.0,17.029386,16.124515,15.132746,13.038405,11.0,8.246211,10.29563,7.615773,6.0,4.472136,5.0,5.385165,7.071068,7.0,8.062258,7.071068,7.28011,6.708204,6.403124,5.830952,6.324555,7.0,9.219544,9.848858,12.206556,12.806248,13.453624,12.806248,12.206556,9.848858,8.062258,5.385165,6.324555,11.18034,16.124515,20.099751,23.021729,24.020824,25.0,23.0,21.023796,18.027756,15.132746,12.369317,7.615773,5.0,3.162278,2.828427,5.385165,7.0,10.049876,11.18034,13.601471,15.231546,15.652476,16.124515,15.264338,14.422205
sujin_pick_up_variation_04,15,5,0.5000657894736842,29.9960531509012,10,0.4928698241710663,0.6964358687400818,-0.0527158565819263,0.999619722366333,0.4897244572639465,0.7049896717071533,-0.0374892018735408,0.999374508857727,0.4876849353313446,0.7041378617286682,-0.0375105999410152,0.9992966055870056,0.4858736991882324,0.7032768130302429,-0.037534911185503,0.9993948936462402,0.4955348372459411,0.7077792286872864,-0.039799727499485,0.9991123676300048,0.4979976415634155,0.708700954914093,-0.0398032031953334,0.998887836933136,0.5004048347473145,0.7092472910881042,-0.0398076996207237,0.999024212360382,0.483728677034378,0.69700688123703,0.0431799963116645,0.9991586208343506,0.5053722858428955,0.7042034864425659,0.0294701717793941,0.9978272318840028,0.4903557598590851,0.6833397746086121,-0.0223582629114389,0.9993067979812622,0.4984602630138397,0.6866876482963562,-0.0257982332259416,0.999092698097229,0.4741778969764709,0.6359889507293701,0.0676174387335777,0.9995036125183104,0.5255709290504456,0.6402597427368164,0.0551376119256019,0.9982602000236512,0.4564949572086334,0.602725625038147,-0.0276956092566251,0.981098771095276,0.5385999083518982,0.5627266764640808,-0.0205966532230377,0.919496476650238,0.4736776053905487,0.6711158752441406,-0.1510106176137924,0.987342119216919,0.5141862630844116,0.5855953693389893,-0.1481637060642242,0.960985779762268,0.4790232479572296,0.6855481863021851,-0.1815124452114105,0.964975118637085,0.5047886371612549,0.5864849090576172,-0.1740047186613083,0.923614740371704,0.4800592958927154,0.6880113482475281,-0.1735106110572815,0.963001787662506,0.5035465359687805,0.5982791781425476,-0.1685220599174499,0.919043779373169,0.4796713888645172,0.6820207834243774,-0.1514595299959182,0.9474496245384216,0.505449652671814,0.5989421606063843,-0.1471025943756103,0.8890947699546814,0.4842068254947662,0.4823232591152191,-0.0026435267645865,0.9983638525009156,0.5169146656990051,0.4807998239994049,0.0027458167169243,0.9981096386909484,0.4887383878231048,0.3544102907180786,-0.020244013518095,0.9698975682258606,0.5182210803031921,0.3443673849105835,-0.0283650178462266,0.9438405632972716,0.4945031404495239,0.2429240196943283,0.0675078257918357,0.9413027167320251,0.5173124074935913,0.2178233563899994,0.0433054789900779,0.9529940485954284,0.4975095689296722,0.228772297501564,0.07243163138628,0.7062695026397705,0.5140815377235413,0.2000918090343475,0.0457612834870815,0.6867915391921997,0.4935740828514099,0.2044170349836349,-0.0058596837334334,0.9371147751808168,0.5204724073410034,0.1877707242965698,-0.0418819971382617,0.9326093792915344,sujin_pick_up_variation_04,2.0,5.385165,8.944272,11.401754,14.21267,16.278821,16.970563,16.970563,17.029386,15.620499,14.866069,13.453624,12.041595,9.219544,7.211103,5.09902,5.830952,8.062258,11.401754,14.035669,17.0,20.099751,21.377558,20.880613,20.248457,17.888544,15.811388,17.204651,18.601075,17.804494,17.029386,14.866069,12.727922,9.899495,6.403124,3.605551,1.0,2.236068,5.0,7.211103,8.062258,9.848858,10.440307,11.18034,12.041595,13.0,13.152946,13.341664,12.649111,11.18034,9.433981,6.403124,7.071068,10.024938,12.205456,14.351178,16.308469,16.2618215,16.1550205,15.5622575,14.5344825,12.54,11.543478,9.524938,8.062258,6.8023325,6.403124,7.211103,8.866522,11.1846585,13.571068,15.5789055,17.070995,17.638837,16.6469485,15.6560585,13.678113,11.605443,13.670832,16.066373,16.5769505,17.0761355,16.5742315,14.0855755,11.605443,9.055385,6.085044,3.8027755,2.9142135,3.736068,5.903612000000001,7.671184,9.757587,11.631693,12.821533,14.28011,15.6560585,16.620879,16.654103499999998,16.2767805,14.78011,12.6846585,10.049876,7.343420500000001,14.56022,15.524175,15.524175,14.866069,13.0,11.661904,10.630146,8.602325,8.246211,9.0,10.198039,10.77033,11.661904,12.806248,13.453624,12.806248,11.661904,9.486833,8.062258,7.071068,9.486833,13.0,17.262677,20.248457,23.259407,23.853721,28.79236,27.856777,25.632011,21.84033,17.117243,12.041595,8.602325,9.219544,12.369317,16.155494,18.35756,20.808652,20.615528,20.518285,19.79899,19.849433,17.804494,16.643317,14.764823,13.0,9.486833,6.082763,3.0,1.414214,5.385165,8.544004
sujin_pick_up_variation_04,18,6,0.600078947368421,29.9960531509012,10,0.4935035705566406,0.6975386738777161,-0.0513797663152217,0.99965637922287,0.490401953458786,0.7062777280807495,-0.0349673368036747,0.999434769153595,0.4887009263038635,0.7056679129600525,-0.034984178841114,0.999363899230957,0.4867142736911773,0.7049582004547119,-0.0350098237395286,0.9994527101516724,0.4962064027786255,0.7081575989723206,-0.0378755368292331,0.9991990923881532,0.49867644906044,0.7088446617126465,-0.0378772653639316,0.9989964962005616,0.5011698007583618,0.7093188762664795,-0.0378745980560779,0.9991200566291808,0.4842093884944916,0.6981155276298523,0.0486779063940048,0.9992390275001526,0.5057143568992615,0.7041864991188049,0.0332805998623371,0.9980424046516418,0.490790992975235,0.6846522688865662,-0.0204171892255544,0.9993734359741212,0.4989056885242462,0.6872997879981995,-0.0246627461165189,0.999181866645813,0.4742053747177124,0.636975109577179,0.0725046247243881,0.999546229839325,0.5256520509719849,0.6396095156669617,0.0652207881212234,0.9984195828437804,0.4551943838596344,0.5950594544410706,-0.0220418106764554,0.9826490879058838,0.5407567620277405,0.560201108455658,0.0084259659051895,0.9251479506492616,0.4739542305469513,0.6614280939102173,-0.1475315392017364,0.9883085489273072,0.5168806314468384,0.5624649524688721,-0.1024255827069282,0.9633166193962096,0.48356893658638,0.6801289319992065,-0.1822845488786697,0.9674496054649352,0.5078104734420776,0.5580542087554932,-0.1311040669679641,0.9275129437446594,0.4848063886165619,0.677190899848938,-0.1733049601316452,0.9655815958976746,0.5055667757987976,0.567270815372467,-0.1330379247665405,0.9232943058013916,0.4835004210472107,0.6738191843032837,-0.1476176232099533,0.950960636138916,0.5077242255210876,0.5703825950622559,-0.1048665568232536,0.8947753310203552,0.4843277633190155,0.4850980937480926,-0.003062828676775,0.998467981815338,0.516952395439148,0.4827201068401336,0.0031703107524663,0.9982467889785768,0.4888066947460174,0.3552670180797577,-0.0234237387776374,0.9701294302940368,0.5181759595870972,0.3447267711162567,-0.0285360589623451,0.9426999092102052,0.4944891333580017,0.2429810762405395,0.0682249367237091,0.941579282283783,0.5171453952789307,0.2170303910970688,0.0472557693719863,0.9533933997154236,0.4975091516971588,0.2290674000978469,0.0733534544706344,0.7053555250167847,0.5139478445053101,0.1995854377746582,0.0500108152627944,0.6924636363983154,0.4935702681541443,0.2045720666646957,-0.0092663746327161,0.9374207854270936,0.5211339592933655,0.1866892874240875,-0.0404745712876319,0.932585597038269,sujin_pick_up_variation_04,5.09902,8.246211,12.165525,14.142136,16.124515,17.029386,17.0,17.0,16.03122,15.033296,13.038405,12.0,9.055385,7.28011,5.0,5.09902,7.615773,10.816654,14.142136,18.439089,20.0,21.095023,21.470911,20.615528,18.681542,15.524175,17.464249,18.439089,18.248288,17.262677,16.124515,13.038405,10.049876,7.0,4.0,3.0,5.09902,7.071068,8.246211,10.77033,11.661904,13.038405,12.806248,14.142136,14.21267,14.422205,13.416408,13.0,10.440307,7.28011,9.1891265,7.121689833333334,26.400758,24.413111,21.954498,18.867962,14.764823,10.816654,8.485281,6.708204,7.0,8.246211,10.440307,11.401754,13.341664,14.317821,16.278821,17.117243,16.03122,16.124515,15.132746,12.369317,9.848858,8.485281,9.486833,11.045361,13.0,15.132746,8.944272,6.0,5.0,6.708204,10.198039,13.038405,17.117243,18.11077,19.416488,19.646883,19.313208,17.888544,16.643317,14.21267,12.727922,10.630146,8.485281,6.403124,4.123106,5.385165,7.81025,11.401754,16.401219,20.615528,23.345235,26.172505,8.246211,5.830952,5.0,4.0,6.324555,6.708204,7.81025,7.81025,7.81025,8.062258,7.615773,7.071068,6.082763,6.708204,8.485281,10.29563,13.0,14.56022,16.124515,17.029386,17.0,17.117243,15.297059,12.649111,8.062258,4.472136,9.899495,14.422205,18.867962,21.954498,25.059928,26.832816,26.400758,25.079872,22.472205,19.924859,16.492423,12.165525,9.0,6.324555,4.242641,4.123106,5.385165,7.071068,8.602325,9.848858,11.7047,13.341664,14.142136,14.142136,14.035669,13.038405
sujin_pick_up_variation_04,21,7,0.7000921052631579,29.9960531509012,10,0.4950018525123596,0.6989345550537109,-0.0712005645036697,0.9996896982192992,0.4914971590042114,0.7078906297683716,-0.0547216534614563,0.9994893670082092,0.4898587465286255,0.7073202729225159,-0.0547432042658329,0.9994250535964966,0.4879549741744995,0.7066307067871094,-0.0547660216689109,0.9995052814483644,0.4977746903896332,0.709054708480835,-0.0566922053694725,0.999277412891388,0.500394880771637,0.7094641923904419,-0.0566864497959613,0.9990944862365724,0.5027995109558105,0.7097936868667603,-0.0566972643136978,0.9992063641548156,0.4849390089511871,0.6990983486175537,0.0308000836521387,0.9993110299110411,0.5067936778068542,0.7041826844215393,0.0201453231275081,0.9982358813285828,0.4917961657047272,0.6858522891998291,-0.0397574417293071,0.9994342923164368,0.500307559967041,0.687916100025177,-0.0429729670286178,0.9992625713348388,0.4742574393749237,0.6354569792747498,0.0620342828333377,0.9995843172073364,0.5257903337478638,0.6381597518920898,0.0605825036764144,0.9985666871070862,0.4546964466571808,0.5828810334205627,-0.0242449976503849,0.984017848968506,0.5414458513259888,0.5603556632995605,0.0282931104302406,0.9287207126617432,0.4750360548496246,0.6384531855583191,-0.1680745929479599,0.9890660643577576,0.5192086696624756,0.5367251038551331,-0.0663721710443496,0.9627202153205872,0.4848943650722503,0.6508083939552307,-0.204590231180191,0.9694169759750366,0.5113793015480042,0.5222276449203491,-0.0929103344678878,0.9256891012191772,0.4857121109962463,0.6548771858215332,-0.1985296159982681,0.9676572680473328,0.5074564218521118,0.5279886722564697,-0.1005278974771499,0.9217718243598938,0.4839035272598266,0.6525340676307678,-0.1693441420793533,0.9536271691322328,0.5097092986106873,0.5336151719093323,-0.070688247680664,0.8934524655342102,0.4849799573421478,0.4851703345775604,-0.0029216774273663,0.9985472559928894,0.5176807045936584,0.4828459620475769,0.0030164448544383,0.998366355895996,0.489029049873352,0.3559760451316833,-0.0139229344204068,0.9699907302856444,0.5186298489570618,0.3457266390323639,-0.0228878036141395,0.9428271651268004,0.4944960176944732,0.2429287433624267,0.0714219287037849,0.9428209066390992,0.5171533226966858,0.216054081916809,0.0542610064148902,0.954587459564209,0.4975274205207824,0.2290650308132171,0.0783862248063087,0.707351803779602,0.5139688849449158,0.1980507671833038,0.055793710052967,0.700865626335144,0.4935988187789917,0.2045831680297851,-0.0061940718442201,0.939026415348053,0.5214464068412781,0.1860985904932022,-0.037051323801279,0.9342603087425232,sujin_pick_up_variation_04,1.0,3.605551,7.615773,10.77033,13.928388,16.763055,17.720045,17.464249,17.464249,17.262677,15.297059,14.142136,12.165525,10.198039,8.544004,6.403124,5.09902,5.830952,10.0,13.416408,17.088007,20.615528,22.203603,22.022716,21.023796,19.235384,15.132746,17.117243,18.11077,19.026298,18.027756,16.03122,13.0,10.0,7.0,3.0,3.0,6.082763,8.062258,10.198039,12.369317,13.601471,15.231546,16.124515,16.643317,17.029386,16.970563,15.620499,14.422205,11.661904,8.944272,7.840255666666667,7.615773,10.198039,13.038405,15.033296,16.03122,17.029386,17.117243,16.278821,15.297059,13.601471,12.369317,10.440307,9.219544,8.0,6.324555,6.403124,8.602325,9.848858,12.369317,14.317821,16.278821,17.262677,16.278821,15.297059,13.341664,11.18034,13.928388,15.231546,16.552945,16.552945,15.652476,13.892444,11.18034,8.062258,5.385165,3.0,2.236068,4.0,7.071068,9.055385,11.045361,12.0,14.035669,15.297059,16.492423,16.763055,17.088007,17.088007,14.317821,13.0,10.440307,7.0,15.297059,16.278821,16.492423,15.524175,13.928388,11.18034,9.219544,7.211103,7.0,7.615773,10.0,11.313708,12.206556,13.416408,13.928388,13.341664,12.041595,11.045361,8.062258,6.324555,8.062258,12.041595,17.492856,21.931712,25.70992,27.294688,26.925824,26.925824,24.166092,21.470911,16.401219,12.206556,10.198039,11.7047,14.21267,17.029386,19.416488,20.59126,21.023796,20.615528,20.248457,18.973666,17.464249,16.278821,15.033296,13.0,10.049876,7.28011,3.605551,3.162278,5.830952,9.486833
sujin_pick_up_variation_04,24,8,0.8001052631578948,29.9960531509012,10,0.4970446228981018,0.7004772424697876,-0.0981297865509986,0.9997201561927797,0.4929733276367187,0.7093908786773682,-0.0843583717942237,0.9995393753051758,0.4910152852535248,0.708906888961792,-0.0843979865312576,0.999481439590454,0.4892016351222992,0.7084804773330688,-0.0844330936670303,0.9995537996292114,0.4997366368770599,0.7098819017410278,-0.0832999870181083,0.9993483424186708,0.5021673440933228,0.7100325226783752,-0.0832741931080818,0.9991830587387084,0.504260778427124,0.7102219462394714,-0.0832691863179206,0.9992839694023132,0.4854554235935211,0.7008780241012573,-0.0042953286319971,0.9993786215782166,0.5076229572296143,0.7042210698127747,-0.0004584103589877,0.9984098076820374,0.4929587543010711,0.6879572868347168,-0.0680633783340454,0.9994903802871704,0.502015233039856,0.6892140507698059,-0.0671328604221344,0.999335765838623,0.4730798602104187,0.6355376839637756,0.0314851626753807,0.999624729156494,0.525469183921814,0.6382267475128174,0.0612471923232078,0.9987045526504515,0.4548097252845764,0.5599334836006165,-0.0351888872683048,0.9854350686073304,0.5406337976455688,0.5623554587364197,0.0891155824065208,0.9307507276535034,0.474860280752182,0.6001520156860352,-0.1896848976612091,0.9900070428848268,0.5284888744354248,0.5194226503372192,0.0167435184121131,0.962050437927246,0.4832844138145447,0.6139287352561951,-0.226678118109703,0.9720157980918884,0.5240746140480042,0.494687557220459,-0.0043717199005186,0.9243416786193848,0.4841632544994354,0.6217983365058899,-0.2279794216156005,0.970422387123108,0.518980085849762,0.4999148249626159,-0.0201201904565095,0.920945644378662,0.4827361404895782,0.6186647415161133,-0.1933571547269821,0.9573678374290466,0.5196205973625183,0.5080428123474121,0.0094518307596445,0.8931788802146912,0.4860348701477051,0.4884832203388214,-0.0078965164721012,0.9986416697502136,0.5186968445777893,0.4882112145423889,0.0079897893592715,0.9984851479530334,0.4896251857280731,0.3581960201263428,-0.017681973055005,0.97024005651474,0.519672691822052,0.349601149559021,-0.0192869771271944,0.9451560974121094,0.4944523274898529,0.2429391592741012,0.066050998866558,0.94541335105896,0.5171440839767456,0.2159277647733688,0.0556535460054874,0.9567830562591552,0.4973922371864319,0.2291077375411987,0.0706868320703506,0.7138051986694336,0.5137701034545898,0.1975100040435791,0.0559396967291832,0.7146371006965637,0.4936984479427337,0.2045420557260513,-0.020180432125926,0.9413856267929076,0.5222121477127075,0.1852985173463821,-0.0362949036061763,0.9370508193969728,sujin_pick_up_variation_04,2.9208095,4.561553,7.7292545,10.826179,13.4647685,15.4525955,16.580251,17.029488,17.192388,17.192388,16.0606515,14.615773,13.464194,11.3750305,9.1374645,7.3078865,5.151544,5.5413815,8.3322915,12.4239215,16.131908,18.408025,20.5026125,20.73083,20.819662,18.6078715,17.9245125,19.243005,20.156622,20.4319925,19.505462,18.408025,15.2592725,11.291047,7.6366805,3.8027755,1.825141,3.8643285,6.3638395,8.5731645,10.737984999999998,12.7841845,13.7649295,14.7131445,15.426704,15.066373,15.647779,15.132421,14.351178,13.247305,11.85235,8.5588215,25.806976,23.853721,21.095023,17.492856,13.892444,10.0,7.211103,6.082763,7.071068,9.486833,11.18034,13.416408,14.317821,16.155494,17.088007,17.720045,18.681542,16.763055,15.811388,13.928388,10.816654,9.219544,9.486833,11.0,13.152946,14.866069,6.708204,4.242641,3.162278,5.656854,8.944272,12.083046,15.231546,17.0,18.027756,17.204651,17.029386,16.278821,14.21267,13.038405,10.29563,8.944272,6.708204,4.242641,2.0,5.0,8.602325,12.806248,17.029386,20.518285,24.083189,26.248809,9.899495,5.656854,2.236068,2.0,4.472136,7.211103,9.219544,9.899495,10.630146,10.0,9.433981,7.615773,6.082763,5.09902,4.242641,5.0,8.544004,10.816654,13.453624,16.278821,17.204651,17.492856,16.552945,13.601471,10.198039,6.0,10.630146,14.422205,18.35756,21.023796,24.596748,25.495098,26.400758,24.596748,22.847319,20.615528,16.155494,13.601471,10.049876,9.055385,6.708204,6.403124,6.082763,8.062258,9.486833,11.661904,12.806248,14.866069,16.278821,16.278821,16.278821,14.866069
sujin_pick_up_variation_04,27,9,0.9001184210526316,29.9960531509012,10,0.4976737797260284,0.7012780904769897,-0.1334122568368911,0.9997477531433104,0.4935671985149383,0.7103847861289978,-0.1193933933973312,0.9995847940444946,0.4914847016334533,0.7098501324653625,-0.1194386780261993,0.9995325803756714,0.4897471964359283,0.7092398405075073,-0.119475319981575,0.9995977878570556,0.5005184412002563,0.7107897400856018,-0.1192357093095779,0.9994125962257384,0.5029094219207764,0.7108411192893982,-0.1192064955830574,0.9992634654045104,0.5049561858177185,0.7108147740364075,-0.1191930994391441,0.9993544220924376,0.4860468804836273,0.7015320658683777,-0.0356724709272384,0.9994398951530457,0.5084051489830017,0.7043043375015259,-0.0354724004864692,0.9985671639442444,0.4936281144618988,0.6885814666748047,-0.101856842637062,0.9995411038398744,0.5026615858078003,0.6897050142288208,-0.1019558757543563,0.999401867389679,0.4729056060314178,0.6351280212402344,0.0036759406793862,0.9996617436408995,0.5258652567863464,0.6381486654281616,0.0395840853452682,0.9988299608230592,0.4570282399654388,0.5547928810119629,-0.0585484765470027,0.9867279529571532,0.5402888059616089,0.5624345541000366,0.0751912072300911,0.9350382089614868,0.4754039049148559,0.5758167505264282,-0.2288000136613845,0.9908761382102966,0.5318519473075867,0.5002027750015259,0.0042355353944003,0.9629279375076294,0.4832901656627655,0.5779316425323486,-0.2676335573196411,0.9744232892990112,0.5312427282333374,0.4743405878543854,-0.0163269378244876,0.925574541091919,0.4846638739109039,0.5870381593704224,-0.2713890671730041,0.9729862213134766,0.525428831577301,0.4765133261680603,-0.0330670401453971,0.922665536403656,0.4832049906253814,0.5875279903411865,-0.2332632392644882,0.9608393311500548,0.5243441462516785,0.4839055836200714,-0.0030093709938228,0.8956794738769531,0.4873987436294555,0.4889832139015198,-0.0081905657425522,0.9987346529960632,0.5195786356925964,0.4888562858104706,0.0082441726699471,0.9985936880111694,0.4901267886161804,0.3587497770786285,-0.0187629181891679,0.97060227394104,0.5202363133430481,0.3503371775150299,-0.0167322214692831,0.947285532951355,0.4942906200885772,0.2428424656391143,0.0690717995166778,0.9480461478233336,0.5171407461166382,0.2160711735486984,0.0645300969481468,0.9582876563072203,0.4973114430904388,0.2290953397750854,0.0738165080547332,0.7194292545318604,0.5137213468551636,0.1975992172956466,0.0663207620382309,0.7220267653465271,0.493733286857605,0.2044007182121276,-0.0201401878148317,0.9437010288238524,0.5222141146659851,0.1853456348180771,-0.0324602983891963,0.9391680359840392,sujin_pick_up_variation_04,5.385165,4.123106,4.123106,8.0,9.219544,11.7047,13.416408,14.764823,15.264338,15.264338,15.264338,14.422205,13.038405,11.18034,9.848858,8.062258,6.324555,5.830952,9.0,12.649111,16.124515,19.416488,21.213203,21.400935,21.954498,19.697716,19.849433,20.518285,21.931712,21.931712,21.213203,18.384776,16.278821,12.041595,7.81025,3.162278,1.0,4.472136,7.81025,9.899495,10.630146,12.806248,13.038405,15.264338,14.317821,15.524175,15.132746,15.0,14.142136,12.649111,12.083046,10.0,25.079872,24.186773,20.396078,17.262677,14.142136,10.049876,8.062258,6.708204,7.071068,8.944272,9.848858,12.083046,13.416408,15.264338,16.643317,17.204651,17.804494,15.620499,14.21267,12.206556,9.848858,8.0,8.062258,9.899495,12.206556,13.892444,6.708204,5.0,4.0,6.708204,10.0,12.806248,15.620499,17.029386,18.027756,18.35756,17.888544,17.088007,15.524175,14.317821,12.041595,10.049876,7.071068,5.385165,4.242641,6.0,8.062258,12.165525,16.278821,20.223748,23.086793,25.079872,10.0,6.082763,3.162278,2.236068,4.472136,7.28011,9.219544,10.049876,10.0,9.055385,8.246211,6.708204,5.0,4.123106,3.605551,6.708204,10.198039,13.0,16.124515,17.464249,18.973666,18.788294,17.0,14.21267,10.630146,5.830952,12.083046,16.643317,20.248457,23.021729,25.238859,26.627054,26.627054,24.413111,22.203603,19.209373,16.278821,13.453624,11.18034,9.219544,8.0,8.544004,9.219544,9.219544,11.18034,12.649111,14.142136,15.0,16.03122,17.029386,17.117243,15.033296
sujin_pick_up_variation_04,30,10,1.0001315789473684,29.9960531509012,10,0.4982689917087555,0.7018413543701172,-0.1858313679695129,0.9997722506523132,0.4940921664237976,0.7110777497291565,-0.1727475076913833,0.9996247887611388,0.4918796420097351,0.7104687094688416,-0.1727852076292038,0.999577820301056,0.4901904463768005,0.7097268104553223,-0.1728104054927826,0.9996365904808044,0.5011111497879028,0.711562991142273,-0.1726062297821045,0.9994693994522096,0.5034204125404358,0.7116164565086365,-0.1725895255804062,0.999334454536438,0.5054634809494019,0.7115164399147034,-0.1725729405879974,0.9994163513183594,0.4865759909152984,0.7019827961921692,-0.0897540748119354,0.9994938969612122,0.5089184641838074,0.7046827673912048,-0.0890943855047226,0.998705267906189,0.4941993355751037,0.688916802406311,-0.1543832868337631,0.9995863437652588,0.5032347440719604,0.690265417098999,-0.1542623788118362,0.9994608759880066,0.4726532995700836,0.6341463923454285,-0.0420722402632236,0.9996945858001708,0.5271285176277161,0.6375693678855896,-0.0148569969460368,0.9989388585090636,0.4602302312850952,0.5527697801589966,-0.0691057071089744,0.9876918196678162,0.5395134091377258,0.5598389506340027,0.0517836324870586,0.9383402466773988,0.4736978113651275,0.5287654399871826,-0.2157705277204513,0.991372287273407,0.5370769500732422,0.4843751192092895,-0.0450625009834766,0.9617426991462708,0.4793429374694824,0.5217970609664917,-0.2505072951316833,0.9758906960487366,0.5379454493522644,0.4592189788818359,-0.0675148963928222,0.923844873905182,0.4815126061439514,0.5316941142082214,-0.2631415128707886,0.9746322631835938,0.5324591994285583,0.4583044648170471,-0.0801431313157081,0.9216759204864502,0.4808249473571777,0.5349250435829163,-0.2231241166591644,0.9629217982292176,0.5308243632316589,0.4652025401592254,-0.0517210364341735,0.8952206969261169,0.4891776740550995,0.4880707263946533,-0.0069979205727577,0.9987826943397522,0.5212923884391785,0.4882157444953918,0.0070564057677984,0.9986615777015686,0.4908503890037536,0.3586674332618713,-0.0188681483268737,0.971152126789093,0.5210604071617126,0.3503060340881347,-0.0138883609324693,0.9496439695358276,0.494180679321289,0.242735743522644,0.0706449374556541,0.950522780418396,0.517096757888794,0.2165066599845886,0.0697087794542312,0.9593266248703004,0.497210294008255,0.2290951162576675,0.076088897883892,0.7190231084823608,0.5135652422904968,0.1996210664510727,0.0720672085881233,0.7225649952888489,0.4937799274921417,0.203267753124237,-0.0162297077476978,0.9456770420074464,0.5220901370048523,0.1846668124198913,-0.0251241289079189,0.9405993223190308,sujin_pick_up_variation_04,18.384776,18.788294,18.35756,17.492856,14.422205,12.206556,9.219544,6.403124,3.605551,1.0,2.236068,5.0,7.81025,10.630146,12.727922,15.556349,17.691806,19.209373,20.248457,19.723083,18.384776,16.492423,14.0,11.401754,8.602325,8.062258,5.830952,2.236068,2.236068,6.403124,9.899495,13.453624,17.029386,18.439089,19.209373,18.601075,18.601075,16.643317,14.764823,12.529964,10.77033,8.246211,6.0,4.123106,2.828427,4.0,5.0,7.211103,9.486833,11.045361,13.038405,16.278821,26.400758,24.596748,21.954498,18.867962,13.892444,10.77033,8.062258,7.28011,8.062258,10.630146,12.727922,14.142136,15.556349,17.029386,18.601075,18.601075,18.867962,18.027756,15.811388,13.601471,12.041595,9.848858,10.0,11.7047,14.764823,16.124515,7.071068,4.123106,3.162278,6.082763,9.486833,13.0,14.866069,16.763055,17.464249,18.248288,18.027756,17.029386,15.132746,13.341664,10.440307,9.486833,6.324555,5.09902,3.605551,5.385165,9.055385,13.152946,17.262677,21.377558,24.738634,26.570661,8.602325,5.0,3.0,3.162278,6.0,8.062258,9.219544,10.440307,10.77033,10.29563,10.0,8.485281,7.615773,7.0,7.615773,9.219544,11.661904,13.601471,15.132746,17.0,17.117243,16.278821,14.866069,12.529964,8.485281,5.09902,12.806248,17.204651,19.723083,22.825424,24.596748,25.495098,25.079872,23.769729,21.18962,18.681542,15.297059,13.0,10.198039,8.944272,7.071068,6.708204,8.062258,8.246211,10.29563,11.401754,12.727922,14.21267,15.264338,15.264338,14.764823,13.892444
sujin_pick_up_variation_04,33,11,1.1001447368421051,29.9960531509012,10,0.4987788796424866,0.7028017044067383,-0.2394291311502456,0.9997946619987488,0.4946089386940002,0.7119483947753906,-0.2291812151670456,0.9996612071990968,0.4922628402709961,0.7112854719161987,-0.2291804701089859,0.9996189475059508,0.4905601441860199,0.7105875611305237,-0.2291953712701797,0.9996718168258668,0.501686155796051,0.7124948501586914,-0.2302365452051162,0.9995211958885192,0.5038895010948181,0.7125198245048523,-0.2302605807781219,0.9993995428085328,0.5060009360313416,0.7123388051986694,-0.2302460968494415,0.9994732141494752,0.4870976507663727,0.7029064297676086,-0.1506599336862564,0.9995424151420592,0.5094262957572937,0.7052232027053833,-0.1568561643362045,0.998831272125244,0.4946819245815277,0.6897494792938232,-0.2086874693632125,0.999626874923706,0.5038175582885742,0.6911434531211853,-0.2104968577623367,0.999513864517212,0.4726718664169311,0.6347737908363342,-0.0879846587777137,0.999723255634308,0.5280704498291016,0.6372779011726379,-0.086048275232315,0.9990389943122864,0.4659167230129242,0.5560855865478516,-0.0552171915769577,0.988033413887024,0.5392698049545288,0.5552816390991211,-0.0453155487775802,0.94282203912735,0.4690774083137512,0.4978657364845276,-0.1276794672012329,0.9910255074501038,0.5409778952598572,0.477672278881073,-0.0983630046248436,0.9620743989944458,0.4664844572544098,0.4748129248619079,-0.148369088768959,0.9752017855644226,0.5432011485099792,0.4526689350605011,-0.1169043034315109,0.9240669012069702,0.4694938063621521,0.4754587709903717,-0.1754393726587295,0.974329710006714,0.5386930108070374,0.4509447515010834,-0.1389863938093185,0.9226341843605042,0.4715437889099121,0.4820071160793304,-0.1393728256225586,0.9628732800483704,0.5364744663238525,0.4589079916477203,-0.1078666523098945,0.8977879881858826,0.4899177849292755,0.4905950427055359,-0.0049858763813972,0.998856246471405,0.5218767523765564,0.4900717735290527,0.004905151668936,0.998753011226654,0.4912925064563751,0.3594562411308288,-0.0170832443982362,0.971086323261261,0.5211571455001831,0.3524313867092132,-0.0110589871183037,0.9504552483558656,0.4943885207176208,0.2427131086587906,0.0652456507086753,0.9525601267814636,0.5170475244522095,0.2206370234489441,0.067295953631401,0.9595005512237548,0.4976538419723511,0.229075402021408,0.0684590861201286,0.7201430201530457,0.5135855078697205,0.2045129388570785,0.0703954920172691,0.7162649631500244,0.4934413135051727,0.2035678774118423,-0.0237096548080444,0.947509467601776,0.5210387110710144,0.1872980445623397,-0.0257502365857362,0.9412647485733032,sujin_pick_up_variation_04,5.09902,3.605551,4.472136,8.485281,11.401754,13.601471,16.124515,17.0,17.464249,17.464249,17.888544,16.552945,15.652476,13.892444,12.206556,9.899495,8.062258,6.082763,6.403124,10.198039,13.038405,15.811388,18.35756,20.615528,20.518285,19.416488,21.931712,23.769729,25.632011,24.698178,23.769729,21.023796,17.888544,13.038405,8.602325,4.472136,3.605551,6.324555,9.055385,11.0,13.038405,15.132746,15.297059,15.811388,16.155494,16.124515,16.401219,15.556349,16.401219,15.264338,13.0,10.440307,24.166092,22.847319,19.313208,15.811388,13.0,9.433981,7.071068,6.324555,7.071068,9.055385,11.045361,12.041595,13.038405,15.0,16.03122,16.124515,16.124515,15.132746,13.038405,11.0,9.219544,8.602325,9.433981,11.401754,14.317821,15.297059,7.211103,5.385165,5.09902,6.403124,9.848858,12.649111,14.866069,16.155494,17.888544,18.35756,17.204651,16.401219,14.866069,13.453624,12.206556,9.433981,7.211103,5.0,3.162278,5.385165,7.81025,12.041595,16.278821,20.615528,22.803509,24.698178,11.109772,10.0,9.081139,8.5178345,8.582762500000001,8.348968,8.062258,7.387612,7.924429,8.0975185,8.640901,8.683349,9.854102,10.0022975,10.606602,11.609772,12.407425,12.25415,12.0445355,13.045007,13.554044,15.9601,16.9893005,18.0433965,17.7818215,16.543226,15.8023505,17.4581805,18.192388,19.5244775,19.258087,19.7589635,19.8013145,19.1383125,18.7970745,17.8260525,16.724027,15.778131,14.7333025,13.583077499999998,13.3418965,12.8536635,12.225545,12.3491595,12.1859005,12.8095745,12.700877,12.2833635,11.1840635,10.803469,11.107256,11.0727375
sujin_pick_up_variation_04,36,12,1.200157894736842,29.9960531509012,10,0.4991617202758789,0.7032613158226013,-0.293633371591568,0.9998149871826172,0.4950129687786102,0.7124615907669067,-0.2838944792747497,0.999694526195526,0.4925857484340668,0.7117602825164795,-0.2838940918445587,0.9996564984321594,0.4909000098705292,0.7110403180122375,-0.2839210927486419,0.999704122543335,0.5021545886993408,0.7130209803581238,-0.2844403684139251,0.9995684027671814,0.5043288469314575,0.713005542755127,-0.2844783067703247,0.9994587898254396,0.5065788626670837,0.7127463817596436,-0.2844754159450531,0.9995250701904296,0.4875467717647552,0.7033565640449524,-0.204002171754837,0.9995871186256408,0.5099252462387085,0.7054674625396729,-0.2082634270191192,0.9989461302757264,0.4950437247753143,0.6902235746383667,-0.2621378004550934,0.9996637105941772,0.5042455196380615,0.6915918588638306,-0.2634704709053039,0.9995619058609008,0.4727139472961426,0.6346697807312012,-0.1368916779756546,0.9997494220733644,0.5288656949996948,0.636669397354126,-0.1283831894397735,0.9991300106048584,0.4668212234973907,0.553015947341919,-0.0959201157093048,0.988850474357605,0.5398086905479431,0.5536341071128845,-0.0853730589151382,0.9470168352127076,0.4650885760784149,0.4836297035217285,-0.1291215121746063,0.9913382530212402,0.5421879291534424,0.4770679175853729,-0.1360407322645187,0.9632802605628968,0.4612933397293091,0.4588471055030823,-0.1722159683704376,0.9759435057640076,0.5452143549919128,0.4510135352611542,-0.1534934788942337,0.9258936643600464,0.4637914001941681,0.4575086832046509,-0.1985052227973938,0.9753183722496032,0.5409804582595825,0.4490199983119964,-0.1769480556249618,0.9250593185424804,0.4661139249801636,0.4638616442680359,-0.1598163098096847,0.9644681811332704,0.5383501648902893,0.4580800831317901,-0.1458786278963089,0.9016748666763306,0.4899148643016815,0.4929366409778595,-0.0047575896605849,0.9989304542541504,0.522554337978363,0.4909961819648742,0.0047201681882143,0.998839557170868,0.4914427697658539,0.3611982464790344,-0.016902420669794,0.97002911567688,0.5211310982704163,0.3530916571617126,-0.006182693876326,0.9500080943107604,0.4946016669273376,0.241933137178421,0.0556689165532588,0.9537938237190248,0.5171639919281006,0.2205661237239837,0.0659201815724372,0.9591467380523682,0.4978800415992737,0.2270293682813644,0.0574319586157798,0.7217577695846558,0.5139718651771545,0.203203946352005,0.0666573941707611,0.711708128452301,0.4938182234764099,0.2021824270486831,-0.0353997200727462,0.9487541317939758,0.5209715366363525,0.1859878897666931,-0.0287680942565202,0.9415603876113892,sujin_pick_up_variation_04,6.082763,3.605551,5.0,7.615773,10.816654,13.601471,15.0,15.620499,16.278821,16.278821,15.620499,14.866069,14.21267,12.806248,11.661904,9.848858,7.071068,5.385165,6.708204,8.062258,12.083046,15.0,17.691806,18.867962,18.384776,18.439089,21.377558,23.345235,24.515301,24.515301,23.537205,21.377558,17.262677,13.341664,8.544004,4.472136,2.236068,4.472136,8.062258,10.049876,12.0,14.0,15.033296,16.124515,16.492423,17.088007,17.888544,16.643317,16.401219,16.278821,14.21267,11.401754,27.202941,25.298221,22.472205,19.313208,15.811388,12.165525,9.0,7.28011,8.602325,10.630146,11.401754,12.806248,14.866069,16.278821,17.691806,17.691806,17.691806,17.691806,15.556349,12.806248,11.18034,10.198039,10.198039,12.083046,13.892444,15.0,8.062258,5.09902,3.162278,5.385165,8.944272,13.038405,15.652476,17.888544,18.384776,18.973666,18.439089,18.11077,16.0,14.035669,12.165525,10.198039,8.246211,6.0,3.605551,5.385165,9.0,13.0,18.027756,22.022716,25.179357,27.45906,8.0,5.09902,2.828427,3.162278,5.0,6.708204,8.544004,9.219544,9.055385,8.0,7.28011,6.708204,5.0,5.09902,7.28011,9.219544,12.806248,15.652476,17.088007,18.681542,19.235384,19.026298,17.117243,13.601471,9.433981,5.385165,13.0,15.132746,18.439089,20.880613,22.135944,22.472205,21.931712,20.124612,18.867962,17.204651,14.866069,12.806248,11.18034,9.219544,9.0,9.486833,9.433981,9.219544,10.0,10.77033,12.369317,13.038405,14.0,15.033296,14.142136,13.038405
sujin_pick_up_variation_04,39,13,1.3001710526315788,29.9960531509012,10,0.5000280737876892,0.7036556601524353,-0.3003318011760711,0.999833345413208,0.4957214891910553,0.7130869030952454,-0.290290892124176,0.9997246861457824,0.4931700825691223,0.7123826146125793,-0.2902874946594238,0.9996904730796814,0.4913611710071563,0.7115877866744995,-0.2903101146221161,0.9997333288192748,0.5029398798942566,0.7134886384010315,-0.2905262112617492,0.9996110796928406,0.5051894187927246,0.7133510112762451,-0.2905644178390503,0.9995123744010924,0.5076770782470703,0.712978720664978,-0.2905575037002563,0.999571979045868,0.4881515800952911,0.703956663608551,-0.2106353640556335,0.9996275901794434,0.5106503367424011,0.7056187391281128,-0.2134258896112442,0.999049961566925,0.4957767724990845,0.6905800700187683,-0.2691746950149536,0.9996970295906068,0.5053374767303467,0.6919350624084473,-0.2700904011726379,0.9996052980422974,0.4727185070514679,0.634658932685852,-0.1455671489238739,0.9997729659080504,0.5297279357910156,0.6353734731674194,-0.1342914998531341,0.9992119669914246,0.4664226472377777,0.5484678149223328,-0.1075710207223892,0.989677369594574,0.5400712490081787,0.5512845516204834,-0.0917675495147705,0.9508472681045532,0.4631344377994537,0.4742861688137054,-0.1577883064746856,0.9916934370994568,0.5424094796180725,0.4747249484062195,-0.1427871286869049,0.9643422961235046,0.4596082866191864,0.4514892995357513,-0.1751823872327804,0.9767541885375975,0.5445650815963745,0.4483464360237121,-0.1607803851366043,0.9273414015769958,0.46223184466362,0.4494622349739074,-0.2128849774599075,0.9763351678848268,0.5397689342498779,0.4474384784698486,-0.1834923923015594,0.927030086517334,0.4645004570484161,0.4566560983657837,-0.1761847287416458,0.9660773873329164,0.5373581647872925,0.4561831355094909,-0.1522964835166931,0.9049399495124816,0.4897643625736236,0.4926191568374634,-0.0047163632698357,0.9989936947822572,0.5226064324378967,0.4905228912830353,0.004659229889512,0.9989152550697328,0.4914681315422058,0.3614731729030609,-0.0130502004176378,0.9694658517837524,0.521152913570404,0.3531390130519867,-0.0020911148749291,0.9502304196357728,0.4946331679821014,0.2414841204881668,0.0609739758074283,0.9552817344665528,0.5171283483505249,0.222085639834404,0.0689897388219833,0.9594081044197084,0.4978856146335602,0.2256863415241241,0.0635109394788742,0.7242047190666199,0.5139704942703247,0.2038190066814422,0.0701621025800705,0.711547315120697,0.4938171207904815,0.2021561712026596,-0.0288784280419349,0.9501881003379822,0.5200458765029907,0.1868761032819748,-0.024380836635828,0.94269996881485,sujin_pick_up_variation_04,19.313208,20.615528,19.697716,17.888544,15.652476,13.892444,10.816654,7.211103,5.0,2.236068,3.162278,5.0,8.062258,10.0,12.206556,14.764823,16.552945,17.088007,16.492423,16.124515,16.03122,13.341664,11.661904,9.899495,7.615773,8.0,4.123106,2.0,5.0,8.944272,12.083046,14.866069,17.088007,18.027756,18.027756,18.027756,16.763055,14.56022,12.369317,10.198039,8.0,6.082763,3.605551,3.162278,3.162278,5.0,7.615773,9.055385,12.0,15.132746,17.262677,12.0254325,16.013091,16.162775500000002,16.328492,15.1250045,13.988314,12.536392,11.7111025,10.4407905,10.0086755,9.9435175,10.630146,10.7042865,11.137464,11.0730895,11.2781745,12.262516000000002,13.439122,13.9135275,14.571068,14.6037335,14.492417,14.492417,14.9850095,14.7744435,14.932573,14.156854,11.505517,10.75484,10.5492035,11.249946,12.5074505,13.4671035,14.1598465,13.5156825,12.919003,11.67878,10.444272,9.958217,10.6889205,10.711123,10.609772,10.410103,10.531129,10.3824115,9.213308,9.967247,12.050227,13.7295805,15.3445475,16.7766875,17.200877,16.541125,9.0,6.082763,3.605551,3.0,5.0,7.211103,7.615773,8.544004,9.219544,8.062258,8.0,7.28011,6.403124,7.211103,8.062258,10.198039,13.928388,16.124515,17.804494,19.79899,19.849433,18.601075,17.0,13.601471,10.049876,5.830952,11.661904,13.928388,17.464249,19.235384,21.095023,22.090722,22.0,20.024984,18.11077,16.492423,13.601471,11.661904,9.219544,8.602325,7.28011,7.071068,6.708204,7.81025,9.433981,10.440307,12.165525,13.038405,15.033296,15.132746,15.132746,14.142136
sujin_pick_up_variation_04,42,14,1.4001842105263158,29.9960531509012,10,0.5005261301994324,0.7038180232048035,-0.3026892840862274,0.9998499155044556,0.4961996376514435,0.7134196758270264,-0.2925649285316467,0.9997519254684448,0.4935878813266754,0.7127282023429871,-0.2925524413585663,0.9997211694717408,0.4917076826095581,0.7119022011756897,-0.2925728857517242,0.9997597336769104,0.5034785866737366,0.7136824131011963,-0.2930968999862671,0.9996496438980104,0.5058470368385315,0.7134547233581543,-0.2931367456912994,0.99956077337265,0.5084370374679565,0.713036060333252,-0.2931275963783264,0.9996143579483032,0.4886608421802521,0.704338014125824,-0.2127870917320251,0.9996642470359802,0.5112882256507874,0.7056719660758972,-0.2168299704790115,0.9991439580917358,0.496236115694046,0.690711498260498,-0.2715330719947815,0.9997271299362184,0.5060119032859802,0.692003607749939,-0.2728137373924255,0.9996445178985596,0.4728059768676758,0.6346551179885864,-0.1449999511241912,0.9997943639755248,0.5303354263305664,0.6343252062797546,-0.139049082994461,0.9992863535881042,0.4664869010448456,0.5482801198959351,-0.1029907092452049,0.9904075860977172,0.539922297000885,0.5491098761558533,-0.0979311093688011,0.9544968605041504,0.4625798463821411,0.4747951328754425,-0.1578938663005828,0.9919958114624025,0.5412064790725708,0.472676157951355,-0.1482054740190506,0.9654232859611512,0.4595646560192108,0.4518513679504394,-0.1797771006822586,0.9774234294891356,0.5424538254737854,0.44752037525177,-0.1665636152029037,0.928881287574768,0.4621727168560028,0.4499073028564453,-0.2095421403646469,0.9772011041641236,0.5375567674636841,0.446835309267044,-0.1888195425271988,0.929007887840271,0.4642728865146637,0.4570158720016479,-0.174428790807724,0.9674763083457948,0.5356079936027527,0.4551153182983398,-0.1574969440698623,0.908100426197052,0.4896625876426697,0.4928351044654846,-0.004606403876096,0.9990566968917848,0.5224613547325134,0.4904116094112396,0.0045753312297165,0.9989885091781616,0.491489052772522,0.3613156974315643,-0.0100675476714968,0.9699077606201172,0.5211238265037537,0.3530848622322082,0.0034681765828281,0.9514310359954834,0.4946322739124298,0.2412872016429901,0.0618659667670726,0.9574413299560548,0.5170469880104065,0.2240412831306457,0.0753664225339889,0.96024489402771,0.4978742301464081,0.2255143225193023,0.0663085952401161,0.7285903096199036,0.5138934850692749,0.2070446759462356,0.0768168941140174,0.7114015221595764,0.4938074350357055,0.2019766867160797,-0.0248388983309268,0.9522590041160583,0.5194970369338989,0.1874815821647644,-0.0166896451264619,0.944221019744873,sujin_pick_up_variation_04,6.403124,4.123106,5.0,7.615773,10.198039,13.152946,14.035669,15.033296,16.0,16.0,16.0,15.033296,15.033296,14.142136,12.165525,10.77033,8.602325,7.211103,6.082763,7.81025,10.816654,13.601471,15.033296,17.117243,17.720045,17.0,21.931712,25.079872,25.495098,25.495098,24.166092,21.931712,18.788294,14.317821,9.486833,5.09902,2.236068,4.472136,7.81025,10.630146,12.041595,13.601471,15.264338,16.124515,16.552945,16.763055,17.262677,17.029386,17.029386,16.124515,14.317821,12.649111,8.062258,10.0,12.206556,13.892444,14.764823,16.124515,15.811388,15.264338,14.21267,12.806248,11.401754,10.0,8.602325,7.615773,8.062258,9.055385,10.440307,12.529964,13.892444,15.811388,17.204651,18.027756,17.204651,15.811388,13.892444,10.816654,14.764823,17.0,17.888544,17.492856,16.643317,15.264338,13.038405,10.0,7.211103,4.123106,2.236068,4.123106,7.071068,8.062258,10.049876,12.369317,13.601471,15.231546,16.552945,17.0,17.492856,17.204651,16.401219,14.422205,11.661904,8.544004,14.56022,15.811388,15.811388,15.231546,13.416408,12.206556,9.899495,7.615773,7.0,7.615773,9.219544,10.0,11.661904,11.7047,12.369317,12.041595,11.18034,8.944272,7.81025,8.062258,11.661904,15.556349,20.808652,24.596748,26.248809,27.45906,20.248457,20.615528,19.723083,17.804494,16.278821,14.764823,14.142136,14.142136,14.866069,16.643317,17.029386,16.970563,16.401219,16.124515,15.652476,15.811388,14.317821,14.035669,13.0,12.165525,9.486833,7.615773,5.0,4.0,5.656854,8.944272
sujin_pick_up_variation_04,45,15,1.5001973684210526,29.9960531509012,10,0.5007224082946777,0.7038383483886719,-0.3101198077201843,0.9998648166656494,0.4964611828327179,0.7134920954704285,-0.2996521890163421,0.9997764825820924,0.4938400387763977,0.7128023505210876,-0.2996370196342468,0.9997487664222716,0.4919419288635254,0.7119610905647278,-0.2996561229228973,0.9997835159301758,0.5037730932235718,0.7137225866317749,-0.3006722033023834,0.9996843934059144,0.5062041878700256,0.7134622931480408,-0.3007165491580963,0.9996044039726256,0.5088479518890381,0.7130388617515564,-0.3007085025310516,0.9996525645256042,0.4890054762363434,0.7044714689254761,-0.2179037630558014,0.9996972680091858,0.5117051601409912,0.7056779265403748,-0.2240895628929138,0.9992287158966064,0.4964585304260254,0.6907055377960205,-0.2782316207885742,0.9997541904449464,0.5063601732254028,0.6919870972633362,-0.2801412343978882,0.9996798038482666,0.4728688895702362,0.6346577405929565,-0.1471350640058517,0.999813675880432,0.5307711958885193,0.6339983940124512,-0.1471697390079498,0.99935382604599,0.466296523809433,0.5477771162986755,-0.1022203639149665,0.9910513758659364,0.5396980047225952,0.5487351417541504,-0.107884906232357,0.9579598903656006,0.4628044068813324,0.47435262799263,-0.1586993187665939,0.992213785648346,0.540090024471283,0.4734590649604797,-0.1589643657207489,0.9665627479553224,0.4599413871765136,0.4521660208702087,-0.1800063997507095,0.9778780937194824,0.5407866835594177,0.4489043951034546,-0.1780076324939727,0.9305947422981262,0.462774246931076,0.4505008161067962,-0.207634836435318,0.9778400659561156,0.5362671613693237,0.4482747912406921,-0.2004543244838714,0.931074559688568,0.464863121509552,0.4573724865913391,-0.1732576638460159,0.968545377254486,0.5344637036323547,0.4565045535564422,-0.1683031916618347,0.9111762642860411,0.4895977973937988,0.493017703294754,-0.0041133947670459,0.99911630153656,0.5223553776741028,0.4904889166355133,0.0040189842693507,0.9990565776824952,0.4914701879024505,0.3615486025810241,-0.0088413599878549,0.9704065322875975,0.5210994482040405,0.3533244431018829,0.0035363994538784,0.9526235461235046,0.4946199953556061,0.2410639226436615,0.0630928128957748,0.9594488739967346,0.5169157385826111,0.2258121222257614,0.0766874775290489,0.9610252976417542,0.4978177845478058,0.2253289967775344,0.0673647075891494,0.7324082255363464,0.5138295292854309,0.2095513790845871,0.0782938227057457,0.7113351225852966,0.4937557280063629,0.2012642920017242,-0.0234993230551481,0.9541617631912231,0.519230306148529,0.1884493231773376,-0.0156835056841373,0.9456663727760316,sujin_pick_up_variation_04,6.324555,3.605551,5.09902,9.0,11.18034,13.601471,15.811388,17.088007,18.027756,18.384776,17.088007,17.088007,15.811388,14.56022,14.317821,12.041595,9.055385,6.708204,5.385165,6.324555,9.899495,12.529964,15.524175,17.0,18.248288,17.088007,24.33105,26.305893,27.294688,27.166155,25.317978,23.194827,19.235384,15.297059,10.440307,6.708204,4.123106,5.0,7.211103,9.848858,11.7047,13.601471,15.297059,16.124515,16.03122,16.03122,16.278821,16.763055,16.155494,14.764823,13.601471,11.313708,7.0,8.944272,11.661904,13.038405,15.264338,14.764823,14.764823,13.928388,13.0,11.7047,9.848858,8.544004,8.062258,7.071068,7.211103,8.544004,10.049876,12.0,14.035669,15.033296,17.029386,18.027756,17.029386,16.124515,14.035669,11.045361,14.317821,16.552945,18.384776,18.027756,18.027756,15.811388,13.341664,10.198039,7.28011,4.472136,2.236068,3.162278,5.656854,7.071068,9.219544,10.630146,13.038405,13.892444,15.652476,16.155494,16.763055,16.492423,14.317821,13.341664,10.440307,7.211103,8.062258,4.472136,2.236068,3.605551,5.830952,8.544004,9.219544,10.049876,10.0,9.055385,8.544004,8.062258,7.81025,8.246211,9.0,11.401754,13.892444,15.620499,17.691806,18.601075,18.867962,17.464249,15.524175,12.041595,7.28011,4.472136,13.038405,16.155494,19.924859,21.587033,23.537205,23.345235,23.086793,22.022716,20.0,17.117243,14.317821,13.0,10.0,8.485281,7.615773,7.071068,7.28011,8.062258,8.485281,10.29563,11.7047,12.369317,14.142136,14.142136,14.035669,13.0
sujin_pick_up_variation_04,48,16,1.6002105263157895,29.9960531509012,10,0.5008561015129089,0.7037934064865112,-0.2820679545402527,0.999878227710724,0.4966568052768707,0.7134242057800293,-0.2717278897762298,0.9997984766960144,0.4940486252307892,0.7127419114112854,-0.2717159688472748,0.9997735619544984,0.4921328723430633,0.7119057178497314,-0.2717334926128387,0.9998048543930054,0.5040086507797241,0.7136890888214111,-0.2729295492172241,0.9997155070304872,0.5064747333526611,0.713440477848053,-0.2729641795158386,0.9996434450149536,0.5091508030891418,0.7129967212677002,-0.2729499638080597,0.9996867775917052,0.4893389046192169,0.7044928669929504,-0.1919518262147903,0.9997268915176392,0.5120398998260498,0.7056629061698914,-0.1987302005290985,0.9993045926094056,0.4966357052326202,0.6906539797782898,-0.2508505582809448,0.9997785091400146,0.5066595673561096,0.6919543147087097,-0.2529011368751526,0.9997115135192872,0.4730766117572784,0.634731113910675,-0.1257329583168029,0.9998311400413512,0.5311424732208252,0.6338112950325012,-0.1246225386857986,0.9994135499000548,0.4663979411125183,0.5484080910682678,-0.0880037769675254,0.9915969371795654,0.5396106839179993,0.5485591292381287,-0.0872366204857826,0.9607787132263184,0.4631571769714355,0.4781111478805542,-0.148027554154396,0.992447316646576,0.5400332808494568,0.4736741781234741,-0.1407020539045334,0.9671611785888672,0.46034637093544,0.4550386369228363,-0.1682017296552658,0.9784581661224364,0.5405305027961731,0.449048101902008,-0.1602629572153091,0.9314005374908448,0.4634669423103332,0.453845351934433,-0.196208506822586,0.9785749912261964,0.5359865427017212,0.4484624564647674,-0.1814842671155929,0.9322709441184998,0.4655573070049286,0.4604846239089966,-0.1604017168283462,0.9697047472000122,0.5342124700546265,0.4567990899085998,-0.1497110724449157,0.9133122563362122,0.4895486235618591,0.4927979111671448,-0.0040911170653998,0.9991632103919984,0.5222895741462708,0.4903242886066437,0.0040086149238049,0.9991134405136108,0.4913040697574615,0.361482560634613,-0.0089933909475803,0.971171736717224,0.521077573299408,0.3532385230064392,0.0018083694158121,0.9539198875427246,0.4945555925369262,0.2410658448934555,0.0658069178462028,0.961261510848999,0.5167491436004639,0.2262816429138183,0.075365662574768,0.9619653820991516,0.4977649450302124,0.2253586053848266,0.068700335919857,0.7340066432952881,0.5136696696281433,0.2093077600002288,0.077023908495903,0.7125908136367798,0.493723064661026,0.2009856700897216,-0.0224444344639778,0.9558665752410888,0.5191594362258911,0.1886315941810608,-0.0162703413516283,0.9471455812454224,sujin_pick_up_variation_04,19.313208,20.615528,20.124612,17.888544,16.124515,13.892444,10.816654,8.062258,5.0,2.236068,1.0,2.828427,5.656854,7.81025,10.0,12.806248,15.264338,17.0,17.464249,17.720045,17.262677,16.0,14.317821,12.083046,9.899495,8.944272,7.0,4.123106,2.0,5.656854,9.433981,12.529964,14.764823,16.552945,18.384776,18.788294,17.088007,16.155494,14.56022,12.369317,10.198039,8.0,6.082763,3.605551,3.162278,4.123106,5.656854,7.615773,9.219544,12.041595,14.035669,16.492423,26.41969,24.596748,21.931712,18.384776,14.317821,10.29563,7.071068,6.708204,7.071068,8.062258,10.049876,13.152946,14.142136,15.033296,16.0,16.03122,16.03122,15.033296,13.0,12.041595,10.440307,9.219544,10.29563,12.369317,14.142136,16.124515,9.219544,5.830952,4.123106,5.656854,9.848858,13.601471,15.811388,17.088007,18.788294,19.235384,19.416488,18.439089,16.970563,15.0,13.038405,10.29563,8.062258,6.403124,4.472136,4.472136,8.602325,12.727922,16.278821,21.260292,24.207437,26.627054,13.0,14.035669,15.0,14.035669,12.165525,9.486833,8.062258,5.830952,6.0,7.615773,8.602325,10.630146,12.206556,13.416408,13.928388,13.341664,12.0,10.440307,8.485281,10.198039,12.369317,16.124515,20.615528,24.839485,27.45906,27.730849,19.849433,19.416488,18.35756,18.027756,16.124515,16.124515,16.155494,16.643317,17.691806,18.601075,18.867962,18.384776,18.027756,17.464249,17.117243,16.0,15.033296,13.341664,13.601471,12.083046,10.0,7.81025,5.385165,4.123106,5.385165,8.062258
sujin_pick_up_variation_04,51,17,1.7002236842105265,29.9960531509012,10,0.5011017918586731,0.7037674188613892,-0.282071590423584,0.9998902678489684,0.4968363642692566,0.7133828997612,-0.2717175483703613,0.9998181462287904,0.4942145943641662,0.7127070426940918,-0.2717078328132629,0.9997957348823548,0.4922870993614197,0.7118633985519409,-0.271727979183197,0.9998239278793336,0.5042328834533691,0.7136160731315613,-0.2728962302207947,0.999743402004242,0.5067053437232971,0.7133271098136902,-0.2729326784610748,0.9996784925460817,0.5094026327133179,0.7128919363021851,-0.272923856973648,0.9997174739837646,0.4895439147949219,0.7044410705566406,-0.1914801895618438,0.9997532963752748,0.5122979879379272,0.7056412100791931,-0.1981166899204254,0.9993725419044496,0.4969317317008972,0.6905882358551025,-0.2506231367588043,0.9998002648353576,0.5070646405220032,0.6919021606445312,-0.2526392638683319,0.999739944934845,0.473563939332962,0.6347442865371704,-0.1249900534749031,0.9998464584350586,0.531484067440033,0.6336827874183655,-0.1224403604865074,0.9994665384292604,0.4669398963451385,0.5495418906211853,-0.0849923864006996,0.9919939041137696,0.5395651459693909,0.5487967729568481,-0.0842700526118278,0.9630056619644164,0.4635404348373413,0.4816671907901764,-0.1474877446889877,0.992491602897644,0.5400615930557251,0.4743963181972503,-0.1383245885372162,0.9673698544502258,0.4609170258045196,0.4581567645072937,-0.1678260415792465,0.9786124229431152,0.5405303835868835,0.4496491849422455,-0.1577620804309845,0.9315741658210754,0.4639849066734314,0.4570607542991638,-0.1946554630994796,0.9788987040519714,0.5359951257705688,0.4490136206150055,-0.1795393675565719,0.932858407497406,0.465943843126297,0.4633970558643341,-0.1590555608272552,0.9702976942062378,0.5342159271240234,0.4573849439620971,-0.1475490629673004,0.9146659970283508,0.4895008206367492,0.4927884638309479,-0.0042003360576927,0.9991937279701232,0.5222368836402893,0.4902012646198272,0.0041117495857179,0.999155819416046,0.4912354052066803,0.3615195751190185,-0.009556483477354,0.971631109714508,0.5210594534873962,0.3531860411167145,0.000542193709407,0.9545190930366516,0.494469553232193,0.2410679012537002,0.0663968026638031,0.9626667499542236,0.5166653394699097,0.2260179817676544,0.0737969726324081,0.9626083374023438,0.4976762533187866,0.2253989726305008,0.0692083090543747,0.732083261013031,0.5135208368301392,0.2088170647621154,0.0755177661776542,0.7142583131790161,0.4937955737113952,0.2005326896905899,-0.0233055278658866,0.9570165276527404,0.5192340612411499,0.1884010285139084,-0.0178047958761453,0.948254406452179,sujin_pick_up_variation_04,11.970861,11.198831,11.02232,12.0862265,12.505504,12.509214,11.8144845,11.206428,9.627926,8.5622575,9.1802915,9.6876935,10.6766195,11.670832,11.955628,12.1355315,12.405125,12.5564245,12.8188815,14.124604,15.318569,15.5178345,16.279868,15.722082,14.061501,12.986829,13.126278500000002,11.74818,12.7153745,14.6308505,16.011358,16.007810499999998,15.715943500000002,14.949181,13.223517,11.192388,10.6486785,10.6394105,10.9142215,11.6670175,10.755381,10.923841,10.226812,10.125617,10.6386765,10.8711685,11.317854,11.5112455,12.0445355,13.156543,13.670832,13.5374455,7.28011,8.602325,11.313708,14.142136,14.866069,14.866069,14.866069,14.21267,13.601471,11.661904,10.816654,8.602325,7.81025,6.403124,6.324555,7.0,9.219544,11.7047,13.0,15.231546,16.552945,16.552945,16.552945,15.231546,13.0,11.18034,14.866069,17.029386,17.691806,18.384776,16.970563,15.620499,12.806248,10.630146,7.81025,5.0,3.0,3.605551,5.830952,7.211103,9.433981,11.401754,13.453624,14.866069,16.278821,17.029386,17.204651,16.643317,15.264338,13.601471,11.401754,7.81025,8.062258,5.385165,3.162278,3.0,5.385165,7.211103,7.81025,8.485281,8.602325,8.062258,7.28011,7.0,6.708204,7.071068,8.944272,11.18034,15.0,17.262677,18.973666,19.697716,20.59126,18.601075,16.278821,13.601471,9.486833,5.385165,13.601471,16.155494,18.35756,21.095023,22.203603,22.203603,21.260292,20.518285,18.439089,15.811388,13.416408,11.401754,9.0,8.246211,8.062258,8.485281,8.944272,9.219544,11.0,12.165525,12.649111,14.317821,15.264338,15.811388,14.422205,13.601471
sujin_pick_up_variation_04,54,18,1.8002368421052632,29.9960531509012,10,0.5013360977172852,0.7036998867988586,-0.2693330645561218,0.9999010562896729,0.4970151484012604,0.7132224440574646,-0.2587755024433136,0.9998357892036438,0.4943824410438537,0.7125325798988342,-0.258765310049057,0.9998156428337096,0.4924522638320923,0.7116798758506775,-0.258783608675003,0.999841034412384,0.5044519305229187,0.7135289311408997,-0.2601580619812011,0.9997684955596924,0.5069148540496826,0.7132209539413452,-0.26019087433815,0.999709963798523,0.5096303820610046,0.7128043174743652,-0.2601774930953979,0.9997450113296508,0.4897404611110687,0.7044154405593872,-0.1786572337150573,0.99977707862854,0.5125473141670227,0.7056224346160889,-0.1864250600337982,0.9994336366653442,0.4971940815448761,0.6904697418212891,-0.2379779666662216,0.999819815158844,0.5073807835578918,0.6918299794197083,-0.2402998358011245,0.9997655153274536,0.4740626513957977,0.6348553895950317,-0.1139723733067512,0.999860405921936,0.5317842960357666,0.6336670517921448,-0.1117492839694023,0.99951434135437,0.467307448387146,0.5497245788574219,-0.0789869204163551,0.9923624396324158,0.5395933389663696,0.5489298701286316,-0.0749535113573074,0.965013861656189,0.4640142619609833,0.4841584861278534,-0.1398921608924865,0.9925920963287354,0.5394614934921265,0.4746664464473724,-0.1326569765806198,0.9676087498664856,0.4615711569786072,0.4599912762641907,-0.1607407480478286,0.9789078831672668,0.540095865726471,0.4499688744544983,-0.1528564244508743,0.9319121837615968,0.4647586643695831,0.459004282951355,-0.1872440129518509,0.979329526424408,0.5355492234230042,0.4492905139923095,-0.1720851361751556,0.9335340857505798,0.4665897190570831,0.4651392698287964,-0.1513086408376693,0.9709940552711488,0.5337287783622742,0.4576831459999084,-0.1409668177366256,0.9160364270210266,0.4895133376121521,0.4928216934204101,-0.0041915150359272,0.9992267489433287,0.522200345993042,0.4901278018951416,0.004105522762984,0.9991993308067322,0.4912241995334625,0.362151563167572,-0.00966218393296,0.9720726013183594,0.5211266279220581,0.3531447947025299,-0.0010309057543054,0.9551454186439514,0.4944692552089691,0.2411117851734161,0.065093383193016,0.9639058709144592,0.5166689157485962,0.2254087626934051,0.0716148912906646,0.9632988572120668,0.4976732134819031,0.2255370765924453,0.0675265938043594,0.7317776083946228,0.5135279893875122,0.207178846001625,0.0726135298609733,0.7158719897270203,0.493898332118988,0.2002160102128982,-0.0253777280449867,0.9581522941589355,0.5195664167404175,0.1868497133255005,-0.0204890333116054,0.9492455720901488,sujin_pick_up_variation_04,6.324555,3.605551,3.605551,6.708204,9.486833,12.369317,14.317821,15.132746,15.132746,16.124515,15.132746,15.132746,14.317821,13.341664,11.7047,10.29563,7.071068,6.324555,6.708204,8.602325,11.401754,15.033296,17.117243,17.720045,17.888544,17.804494,19.209373,21.400935,22.803509,23.430749,21.260292,19.104973,15.556349,12.041595,7.81025,4.123106,2.828427,5.0,8.246211,9.848858,11.18034,12.529964,13.601471,14.21267,15.556349,15.620499,16.124515,16.552945,15.811388,15.297059,14.035669,12.0,6.708204,10.630146,12.727922,14.866069,15.620499,16.278821,16.970563,14.866069,13.453624,12.806248,11.401754,9.219544,7.81025,6.708204,7.071068,8.062258,10.440307,12.083046,14.764823,16.643317,17.492856,18.867962,18.35756,16.124515,14.422205,11.661904,15.264338,16.643317,18.35756,17.888544,17.888544,15.231546,13.0,9.848858,6.708204,4.472136,2.0,2.828427,5.0,7.211103,8.602325,11.401754,12.727922,14.866069,15.811388,16.643317,17.492856,17.0,15.652476,13.416408,10.816654,7.071068,7.615773,5.09902,2.828427,4.0,6.324555,8.062258,8.602325,9.219544,9.219544,8.602325,7.615773,7.071068,6.324555,6.403124,7.615773,10.049876,13.152946,16.492423,18.384776,18.35756,19.416488,17.691806,15.620499,12.529964,8.062258,5.830952,13.0,15.652476,18.867962,20.808652,22.803509,23.430749,22.671568,21.213203,19.209373,16.643317,14.317821,12.369317,10.0,9.219544,8.944272,8.485281,9.433981,9.486833,11.045361,11.045361,12.369317,13.0,13.892444,13.892444,13.038405,12.529964
sujin_pick_up_variation_04,57,19,1.90025,29.9960531509012,10,0.5015034079551697,0.7036367058753967,-0.2640000879764557,0.999910831451416,0.4971810579299927,0.7130527496337891,-0.2534422576427459,0.9998517632484436,0.4945451617240906,0.7123629450798035,-0.2534295618534088,0.999833643436432,0.4926247596740722,0.7115191221237183,-0.2534444630146026,0.9998564720153807,0.5046207904815674,0.7134295701980591,-0.2546635568141937,0.9997910857200624,0.5070487260818481,0.7131004333496094,-0.2546938061714172,0.999738335609436,0.5097748041152954,0.7127000093460083,-0.2546782195568084,0.9997698664665222,0.4898771047592163,0.7043811082839966,-0.1732928603887558,0.9997985363006592,0.5126930475234985,0.7055878043174744,-0.1803322434425354,0.9994885921478271,0.4973334968090057,0.6904025077819824,-0.2326664626598358,0.9998375177383424,0.5074934959411621,0.6917581558227539,-0.2347818166017532,0.9997885823249816,0.4741807579994201,0.6349433660507202,-0.1089632362127304,0.9998732805252076,0.5318335294723511,0.6336875557899475,-0.1058835238218307,0.9995577931404114,0.4671861529350281,0.5502226948738098,-0.0724038854241371,0.992740511894226,0.5396412014961243,0.549106776714325,-0.0705602467060089,0.9669686555862428,0.4642756283283233,0.4834715723991394,-0.1371625512838363,0.9927818775177002,0.5392732620239258,0.4748477935791015,-0.1265995502471923,0.9679574370384216,0.461875706911087,0.4590278565883636,-0.1587530821561813,0.97941392660141,0.5400205254554749,0.4501108229160309,-0.1465730220079422,0.9324764609336852,0.4652572572231293,0.4580759406089782,-0.1848242282867431,0.9799304604530334,0.5355051159858704,0.4493665695190429,-0.1700160801410675,0.9343684315681458,0.4670246839523315,0.4645466208457947,-0.1484212577342987,0.9718778729438782,0.5336267948150635,0.4577857255935669,-0.1361663341522216,0.9174888730049132,0.4894916713237762,0.4927448332309723,-0.0040659685619175,0.9992636442184448,0.5221682786941528,0.4900774359703064,0.0039778710342943,0.9992434978485109,0.4912144243717193,0.3620646297931671,-0.0104898428544402,0.9728136658668518,0.5212454199790955,0.35281902551651,-0.0018172241980209,0.9564869403839112,0.4944729208946228,0.2411063015460968,0.0679603740572929,0.965329885482788,0.5166991353034973,0.2249040156602859,0.0713882595300674,0.9642413854599,0.4976701140403747,0.2256218045949936,0.0705433115363121,0.7332304120063782,0.5136420130729675,0.2064875960350036,0.0726432800292968,0.7167268991470337,0.4939190149307251,0.1993268281221389,-0.0246942024677991,0.95951908826828,0.5196006298065186,0.1850081086158752,-0.0207162797451019,0.9504967331886292,sujin_pick_up_variation_04,18.681542,19.924859,19.313208,18.384776,16.155494,14.317821,11.18034,8.062258,5.385165,2.236068,1.0,2.828427,5.656854,7.81025,10.630146,12.806248,15.811388,17.0,17.464249,17.720045,17.262677,16.0,14.142136,12.083046,10.630146,8.944272,6.324555,4.0,2.0,5.385165,9.219544,12.041595,15.556349,16.970563,18.439089,18.439089,17.804494,15.811388,14.422205,11.661904,9.848858,8.246211,6.0,4.123106,3.605551,4.0,5.0,6.403124,8.544004,11.18034,14.035669,16.124515,26.400758,24.166092,21.540659,18.027756,13.928388,10.29563,7.81025,6.708204,7.071068,8.0,10.049876,12.041595,14.0,15.0,15.033296,16.124515,16.124515,15.132746,13.038405,11.0,9.219544,8.602325,10.0,12.083046,14.56022,15.524175,9.219544,5.830952,4.123106,6.403124,9.848858,11.7047,14.866069,17.088007,18.788294,18.867962,18.601075,17.691806,16.278821,15.0,13.038405,10.29563,8.062258,6.403124,3.605551,5.385165,8.602325,12.806248,16.401219,20.0,23.853721,25.553865,8.062258,5.0,3.162278,3.605551,6.324555,7.071068,8.0,9.055385,8.246211,8.544004,7.211103,6.403124,6.082763,6.324555,8.602325,11.401754,13.892444,17.088007,18.439089,19.104973,20.024984,19.026298,16.278821,13.0,9.219544,6.082763,12.206556,15.652476,18.384776,20.248457,22.135944,22.803509,22.36068,20.223748,18.027756,16.03122,13.152946,11.7047,9.433981,7.81025,7.615773,8.062258,9.219544,9.848858,10.816654,11.313708,12.806248,13.892444,14.317821,15.231546,13.928388,12.649111
sujin_pick_up_variation_04,60,20,2.0002631578947367,29.9960531509012,10,0.5016708970069885,0.7035911083221436,-0.2722207307815552,0.9999196529388428,0.4973515570163727,0.7129271626472473,-0.2618860602378845,0.9998661875724792,0.494710236787796,0.7122467756271362,-0.261868268251419,0.9998498558998108,0.4927878677845001,0.7114163637161255,-0.2618783414363861,0.9998704195022584,0.5047939419746399,0.7133147716522217,-0.2629589438438415,0.9998114705085754,0.5072029232978821,0.7129582762718201,-0.2629893124103546,0.9997639656066896,0.509931206703186,0.7125706672668457,-0.2629745304584503,0.9997922778129578,0.489980399608612,0.7043492794036865,-0.1816712915897369,0.9998179078102112,0.5128301382064819,0.7055445909500122,-0.1879939287900924,0.999538242816925,0.4974784255027771,0.6903746724128723,-0.2408019751310348,0.999853491783142,0.5076097249984741,0.6916908025741577,-0.2427253276109695,0.9998093843460084,0.4742041826248169,0.6350123882293701,-0.1154132857918739,0.9998850226402284,0.5318298935890198,0.6337182521820068,-0.1125753372907638,0.9995974898338318,0.4670753180980682,0.5506755709648132,-0.0725368410348892,0.9931313395500184,0.5396831035614014,0.5493046045303345,-0.0731960460543632,0.9689421057701112,0.464301735162735,0.4808506667613983,-0.1381986588239669,0.9930275082588196,0.5393068194389343,0.47523894906044,-0.1279284656047821,0.9686309695243835,0.4617902040481567,0.4569979608058929,-0.1592999398708343,0.9800439476966858,0.540104329586029,0.4503304362297058,-0.1478853821754455,0.9336202144622804,0.4653818011283874,0.4557538032531738,-0.1852854788303375,0.980635404586792,0.5356232523918152,0.4495671689510345,-0.170388326048851,0.935713231563568,0.4671686887741089,0.4625721275806427,-0.1492842584848404,0.9729055762290956,0.5337144136428833,0.4581062197685241,-0.1373419165611267,0.9194511771202089,0.48946413397789,0.4926734566688537,-0.0038067924324423,0.9993035793304444,0.522150456905365,0.4899192452430725,0.0037078924942761,0.9992862343788148,0.4912063479423523,0.3620157539844513,-0.0100365122780203,0.9738290309906006,0.5213314890861511,0.3527893126010895,-0.0017521450063213,0.9581981897354126,0.4944721758365631,0.2411077171564102,0.0771455690264701,0.967015266418457,0.516762375831604,0.2248162627220153,0.077340081334114,0.9654815196990968,0.4976641535758972,0.2258465737104416,0.0805334374308586,0.736721932888031,0.5138628482818604,0.2066242843866348,0.0795431584119796,0.7188534140586853,0.4939412474632263,0.1982313990592956,-0.0153975402936339,0.9612568616867064,0.519595742225647,0.1839022040367126,-0.0151802208274602,0.9522632956504822,sujin_pick_up_variation_04,6.082763,4.242641,5.0,8.602325,10.630146,13.453624,14.866069,17.029386,17.204651,17.204651,17.804494,16.401219,15.620499,14.142136,12.806248,11.661904,9.486833,7.071068,7.071068,9.219544,12.165525,14.317821,17.204651,18.384776,18.601075,17.464249,22.36068,24.596748,25.495098,25.495098,24.166092,22.36068,17.888544,13.892444,9.433981,5.0,2.0,4.123106,7.0,9.055385,11.18034,12.649111,13.928388,15.231546,15.652476,15.811388,16.278821,16.278821,17.204651,16.124515,15.231546,12.369317,6.324555,7.81025,10.630146,12.806248,14.21267,14.866069,14.142136,13.453624,12.806248,11.401754,10.0,7.81025,7.071068,5.830952,6.082763,7.071068,8.544004,11.18034,13.038405,15.264338,16.643317,16.643317,15.811388,14.422205,13.038405,10.0,15.0,17.204651,18.601075,18.027756,18.027756,16.124515,13.416408,10.29563,7.211103,4.242641,3.162278,3.605551,5.656854,7.211103,10.0,12.041595,13.453624,14.866069,15.620499,17.204651,18.027756,17.492856,15.652476,13.038405,10.816654,8.485281,11.282016,10.1485295,9.451305,8.8007355,9.395625,8.753366499999998,8.514897000000001,8.5898025,8.640055,8.062258,8.757634,9.603278,9.8704815,10.165756,10.966797,12.0427725,12.5972705,13.1472525,12.974765,13.17878,15.298414,17.358955,18.263639,19.486158,18.2112425,17.4962375,16.0207975,17.1213345,18.247773,18.5196975,18.535938,18.0858065,18.884632,18.338136,17.379389500000002,17.098081999999998,16.3314985,15.134858,13.868701,12.5751325,12.2773405,12.0933865,11.7426405,11.734825,11.500902,11.44252,11.147815,10.8191135,10.0743865,9.3502455,10.165756,10.5965575
sujin_pick_up_variation_04,63,21,2.1002763157894737,29.9960531509012,10,0.5018628835678101,0.7035414576530457,-0.2782505452632904,0.999927580356598,0.4975453317165375,0.7128406167030334,-0.2680124342441559,0.9998791813850404,0.4948952496051788,0.7121741771697998,-0.2679930329322815,0.9998645186424256,0.4929608702659607,0.7113610506057739,-0.2680020630359649,0.999882996082306,0.5049753189086914,0.7132183909416199,-0.2689133286476135,0.9998298287391664,0.5073683857917786,0.7128374576568604,-0.2689448297023773,0.9997870326042176,0.5100885033607483,0.7124606370925903,-0.2689312994480133,0.9998124837875366,0.49005788564682,0.7043209075927734,-0.188365027308464,0.9998353719711304,0.5129251480102539,0.7054912447929382,-0.1938714534044265,0.9995829463005066,0.497654914855957,0.6903637051582336,-0.2470902502536773,0.999867856502533,0.5077642202377319,0.6916356682777405,-0.2487814575433731,0.9998281598091124,0.4742006063461303,0.6350159645080566,-0.1219236701726913,0.999895453453064,0.5318091511726379,0.6337428689002991,-0.1191611438989639,0.9996331334114076,0.4669670760631561,0.5500710010528564,-0.0771465376019477,0.9934837222099304,0.5396757125854492,0.549416184425354,-0.0798001140356063,0.9707751870155334,0.4641136527061462,0.4786281883716583,-0.1410265415906906,0.9932259321212769,0.5393273830413818,0.4755080640316009,-0.1335628777742386,0.9692797660827636,0.4614236950874328,0.4554276168346405,-0.1620496809482574,0.9805320501327516,0.5401002168655396,0.4504472613334656,-0.1533658951520919,0.9346777200698853,0.4652163684368133,0.4540211856365204,-0.1872675120830536,0.9812007546424866,0.5356250405311584,0.4496309459209442,-0.1753154844045639,0.9369456768035888,0.4671127498149872,0.4610482156276703,-0.1517832428216934,0.9737643599510192,0.5337084531784058,0.4581601023674011,-0.1427954733371734,0.9212589859962464,0.4894261658191681,0.4925995469093323,-0.0036196107976138,0.9993376135826112,0.5221283435821533,0.4897831678390503,0.0035101012326776,0.9993234872817992,0.4911702871322632,0.3619649112224579,-0.0095175243914127,0.97466641664505,0.5213415622711182,0.352893203496933,-0.0009238886414095,0.9597092270851136,0.4944718778133392,0.2411595731973648,0.0805911645293235,0.9684851169586182,0.5167651176452637,0.2250469923019409,0.080275721848011,0.966583788394928,0.497659295797348,0.2263415604829788,0.0842128470540046,0.7400710582733154,0.5138944983482361,0.2077222317457199,0.0827425941824913,0.7208108305931091,0.4939380884170532,0.198092445731163,-0.010691026225686,0.9628022909164428,0.5195406079292297,0.1838236004114151,-0.0116842128336429,0.9538609385490416,sujin_pick_up_variation_04,5.09902,2.828427,5.0,8.062258,11.661904,13.416408,16.155494,17.464249,18.027756,18.027756,18.027756,18.027756,16.155494,15.231546,13.416408,11.401754,9.219544,7.071068,7.211103,8.544004,12.041595,15.297059,17.088007,18.867962,19.849433,19.209373,22.36068,24.596748,25.495098,25.942244,23.706539,21.954498,18.867962,14.422205,9.219544,5.830952,3.605551,5.09902,8.062258,10.049876,12.165525,14.56022,15.231546,15.652476,17.0,17.204651,16.970563,17.029386,16.643317,15.652476,14.866069,11.401754,7.071068,9.848858,11.661904,13.601471,15.811388,16.643317,16.124515,14.317821,13.416408,12.083046,10.77033,9.848858,8.062258,7.211103,6.403124,7.615773,9.055385,11.045361,13.152946,14.317821,16.278821,16.278821,16.278821,15.297059,13.152946,10.198039,15.0,17.204651,18.027756,18.867962,17.492856,15.264338,12.529964,10.29563,6.708204,4.242641,3.0,5.0,6.403124,9.219544,10.630146,12.727922,14.866069,16.401219,17.204651,18.35756,17.888544,18.384776,16.155494,14.317821,11.661904,9.219544,7.071068,4.123106,3.162278,4.472136,7.0,8.062258,9.486833,9.486833,9.848858,9.433981,8.485281,7.211103,5.09902,6.324555,7.071068,10.29563,12.649111,15.132746,17.0,18.11077,19.416488,17.720045,15.652476,12.806248,8.602325,5.09902,12.206556,16.278821,19.104973,20.615528,22.203603,23.021729,22.472205,20.59126,18.788294,16.763055,14.317821,12.0,10.198039,8.944272,8.485281,8.062258,8.246211,9.0,9.219544,11.18034,12.206556,13.453624,14.142136,14.21267,13.601471,11.401754
sujin_pick_up_variation_04,66,22,2.2002894736842107,29.9960531509012,10,0.5019921064376831,0.703425407409668,-0.2825421392917633,0.999934732913971,0.4976881146430969,0.7126452922821045,-0.2724374830722809,0.9998908042907716,0.4950327277183532,0.7120072245597839,-0.2724172174930572,0.999877631664276,0.4930931627750397,0.7112338542938232,-0.2724274694919586,0.9998943209648132,0.5051077008247375,0.7130327224731445,-0.2732270061969757,0.999846339225769,0.5074784755706787,0.7126375436782837,-0.2732617557048797,0.9998077750205994,0.510191798210144,0.7122723460197449,-0.2732519805431366,0.9998306632041932,0.4901107847690582,0.7043004035949707,-0.1931031793355941,0.9998510479927064,0.5129802823066711,0.7053900957107544,-0.1979614198207855,0.9996231198310852,0.4977585971355438,0.6903142333030701,-0.2514488101005554,0.9998807907104492,0.5078511834144592,0.6915330290794373,-0.2529602348804474,0.999845027923584,0.4741683304309845,0.6350079774856567,-0.1262881606817245,0.9999046921730042,0.5317792296409607,0.6337602138519287,-0.123148962855339,0.999664843082428,0.4668879508972168,0.5496969819068909,-0.0819168388843536,0.9938090443611144,0.5396677255630493,0.5495247840881348,-0.083827406167984,0.9724481105804444,0.4635998606681824,0.4781404137611389,-0.1425694823265075,0.9933921694755554,0.5393171310424805,0.4757534563541412,-0.1374901384115219,0.9698630571365356,0.4608592092990875,0.4553910791873932,-0.1640682220458984,0.980937659740448,0.5400499701499939,0.4506366848945617,-0.1570469886064529,0.9355738162994384,0.4648323655128479,0.4540337920188904,-0.1876883953809738,0.9816802144050598,0.5355775952339172,0.4498155117034912,-0.1787682920694351,0.938011348247528,0.4668735265731811,0.4609437584877014,-0.152659073472023,0.974504292011261,0.5336676239967346,0.4583328664302826,-0.1466095596551895,0.9228540658950806,0.4892309308052063,0.492521733045578,-0.0036134694237262,0.999360978603363,0.5220004320144653,0.4896275699138641,0.0035039137583225,0.9993519186973572,0.4910494685173034,0.3619926869869232,-0.0104017285630106,0.9751956462860109,0.5213482975959778,0.3531002998352051,-0.0013127495767548,0.960724711418152,0.4944766163825989,0.2413119524717331,0.0793929174542427,0.9695078730583192,0.5167726278305054,0.2249986082315445,0.0788673162460327,0.9673405885696412,0.4976533949375152,0.2269996106624603,0.0830449685454368,0.740643322467804,0.5139040350914001,0.2076246589422226,0.0812160968780517,0.721916675567627,0.49398934841156,0.1981038451194763,-0.0112474681809544,0.9638465046882628,0.519591212272644,0.1835095584392547,-0.0130832809954881,0.9549736976623536,sujin_pick_up_variation_04,19.313208,19.697716,19.235384,18.35756,16.124515,13.038405,10.29563,8.062258,5.385165,2.0,2.0,4.123106,6.708204,9.433981,12.206556,14.21267,16.278821,17.691806,19.209373,18.867962,17.888544,16.763055,14.142136,12.041595,9.848858,7.81025,7.615773,4.123106,1.414214,3.605551,7.81025,11.401754,14.21267,15.811388,17.492856,17.492856,17.0,15.652476,13.928388,11.401754,10.198039,8.0,6.082763,5.0,4.472136,4.0,5.0,7.211103,9.486833,11.045361,14.035669,15.297059,26.41969,25.942244,22.36068,18.788294,14.764823,11.661904,9.219544,8.062258,8.246211,9.055385,11.0,13.0,14.0,15.033296,16.124515,17.117243,17.117243,15.297059,14.142136,12.0,10.198039,9.433981,10.0,12.083046,13.601471,15.524175,7.81025,5.385165,4.472136,6.708204,10.440307,13.341664,16.492423,17.464249,18.973666,19.697716,19.235384,18.027756,16.401219,14.866069,12.727922,10.630146,7.81025,6.403124,5.09902,5.830952,9.899495,13.453624,16.970563,21.931712,24.839485,26.400758,8.062258,5.09902,3.605551,5.0,7.071068,8.544004,9.848858,10.29563,10.0,8.485281,7.211103,6.708204,6.0,5.830952,7.81025,10.440307,13.152946,16.03122,18.248288,18.681542,19.313208,17.888544,15.811388,12.727922,8.944272,6.082763,13.0,15.652476,18.867962,20.808652,22.803509,23.430749,22.627417,21.213203,19.209373,16.643317,14.317821,11.401754,10.0,9.219544,8.062258,8.485281,8.544004,9.219544,10.0,11.18034,12.083046,13.892444,14.422205,15.0,14.21267,12.041595
sujin_pick_up_variation_04,69,23,2.300302631578947,29.9960531509012,10,0.5020049214363098,0.7033935785293579,-0.2843390703201294,0.9999411702156068,0.4977789521217346,0.7126110792160034,-0.274230420589447,0.9999013543128968,0.4951438307762146,0.7119712233543396,-0.2742088437080383,0.9998894929885864,0.4932205975055694,0.7112094163894653,-0.2742194831371307,0.9999045729637146,0.5051666498184204,0.7129931449890137,-0.2750343084335327,0.9998612403869628,0.5075225234031677,0.7125489711761475,-0.2750708162784576,0.9998264908790588,0.5102380514144897,0.7121459245681763,-0.2750621736049652,0.9998470544815063,0.4901799857616424,0.704375147819519,-0.1944486796855926,0.9998652935028076,0.5130245685577393,0.7053095102310181,-0.1993807107210159,0.9996594190597534,0.4977478384971618,0.6902961730957031,-0.2530247271060943,0.9998924732208252,0.5078247785568237,0.6915199756622314,-0.2545591294765472,0.9998602271080016,0.4741151928901672,0.635026216506958,-0.1273428052663803,0.9999130964279176,0.5317488312721252,0.6338244676589966,-0.1242238134145736,0.9996936321258544,0.4668325185775757,0.54951411485672,-0.0835591852664947,0.9941146969795228,0.5396530628204346,0.5495915412902832,-0.0854268074035644,0.9739221334457396,0.4633224308490753,0.4780721664428711,-0.1432277560234069,0.9935867786407472,0.5392710566520691,0.4758540391921997,-0.1393842548131942,0.9704288244247437,0.4606035351753235,0.4554105401039123,-0.1651411950588226,0.9814414978027344,0.5400068163871765,0.4508153200149536,-0.1589799672365188,0.9364683628082277,0.4646493792533874,0.4540524482727051,-0.1886361986398697,0.9822381734848022,0.5355135798454285,0.4500013887882232,-0.1808412075042724,0.939050316810608,0.4667496383190155,0.4609319567680359,-0.152971014380455,0.975326120853424,0.5335904955863953,0.4584976434707641,-0.148563340306282,0.9243728518486024,0.4891621172428131,0.4924883246421814,-0.0036412267945706,0.9993826746940612,0.5219383835792542,0.4896049797534942,0.0035309283994138,0.9993796348571776,0.4910077750682831,0.3619833290576935,-0.0113930664956569,0.975549340248108,0.5213689208030701,0.3531032800674438,-0.0014050471363589,0.961443305015564,0.4944843351840973,0.2414469420909881,0.0788814350962638,0.9703155755996704,0.516777753829956,0.2249464690685272,0.0785507336258888,0.9679935574531556,0.4976513981819153,0.2274798452854156,0.0825704112648963,0.7407636642456055,0.5139002799987793,0.2074678987264633,0.0808641910552978,0.7236872315406799,0.4940192997455597,0.1981404423713684,-0.0114775290712714,0.9646646976470948,0.5199900269508362,0.1832467466592788,-0.0134533047676086,0.955918312072754,sujin_pick_up_variation_04,5.830952,4.123106,5.0,8.062258,10.440307,13.341664,14.317821,16.278821,17.262677,17.117243,17.117243,16.124515,15.297059,13.601471,11.7047,10.29563,8.485281,6.082763,8.062258,10.0,12.649111,15.033296,17.117243,18.681542,18.788294,18.027756,20.518285,21.931712,23.345235,23.345235,22.671568,19.849433,17.029386,12.806248,8.602325,5.385165,2.236068,4.123106,6.708204,9.433981,10.816654,13.453624,14.142136,15.0,15.811388,16.124515,16.155494,16.763055,17.117243,16.03122,14.035669,12.165525,17.470976,16.8311265,16.567419,15.933981,14.370013,12.9725815,11.505517,10.481756,10.327089,10.0020395,10.7234,10.32196,10.406287,10.37338,11.3216585,11.7023125,12.0933865,13.141311,13.310183,13.1339115,12.387946500000002,12.4114125,12.8031125,12.923418000000002,13.5228715,13.012004999999998,11.9330345,11.706281,11.444272,12.444272,13.5990195,14.790432,14.90073,14.9712565,13.552141,12.173427,11.8152675,12.24856,12.0967665,12.1705395,11.899755,12.0370085,11.544152,11.1191285,10.3380255,11.0,13.1369835,15.2731575,16.537032500000002,18.004619,18.330952,18.0288185,15.0,16.03122,16.0,15.033296,13.152946,10.198039,8.062258,6.403124,6.082763,7.28011,8.944272,10.630146,12.041595,12.206556,12.529964,13.0,12.165525,9.219544,8.602325,9.486833,12.165525,17.464249,21.633308,25.495098,29.068884,28.84441,21.023796,20.59126,19.416488,16.970563,16.643317,14.56022,14.0,15.524175,16.124515,17.804494,17.691806,17.804494,17.492856,16.552945,15.811388,15.297059,14.035669,13.0,12.165525,10.440307,8.944272,6.403124,3.162278,3.605551,6.324555,10.049876
sujin_pick_up_variation_04,72,24,2.400315789473684,29.9960531509012,10,0.5019960999488831,0.7033768892288208,-0.2791448831558227,0.99994695186615,0.4978205859661102,0.7125862836837769,-0.2690590322017669,0.9999107718467712,0.4952053725719452,0.7119512557983398,-0.269038051366806,0.9999001026153564,0.4932998716831207,0.7111822366714478,-0.2690469920635223,0.9999136924743652,0.5051810145378113,0.7128559947013855,-0.2700228095054626,0.9998745918273926,0.507526695728302,0.7123446464538574,-0.2700561583042145,0.9998432397842408,0.5102385878562927,0.7118810415267944,-0.2700456380844116,0.9998617172241212,0.4902397990226745,0.704404354095459,-0.1893704682588577,0.9998779296875,0.5130364298820496,0.7051864862442017,-0.1950937956571579,0.9996918439865112,0.497728019952774,0.690268337726593,-0.2478355914354324,0.9999029636383056,0.507788896560669,0.6914656162261963,-0.2495855242013931,0.9998738765716552,0.4741064608097076,0.6351429224014282,-0.1225313693284988,0.9999208450317384,0.531726062297821,0.6339535713195801,-0.1206380352377891,0.9997199773788452,0.4668184816837311,0.5496135950088501,-0.0821383222937583,0.994388461112976,0.5395783185958862,0.549622118473053,-0.0820844620466232,0.9753172397613524,0.4633170068264007,0.4781460762023926,-0.1410595625638961,0.993797779083252,0.539181113243103,0.4756399095058441,-0.1366563439369201,0.9710131287574768,0.4606214761734009,0.4553722143173218,-0.161868080496788,0.9819874167442322,0.5398635864257812,0.4506661891937256,-0.1564131081104278,0.937468647956848,0.4646905958652496,0.454076737165451,-0.1873907297849655,0.9828267097473145,0.5354194641113281,0.4498189091682434,-0.1778580099344253,0.9401618838310242,0.4667835235595703,0.4610191583633423,-0.1517193764448166,0.9761698246002196,0.5334968566894531,0.4582005441188812,-0.1456949412822723,0.9259283542633056,0.4891097247600555,0.4923863708972931,-0.0033027881290763,0.9994071125984192,0.5219161510467529,0.4894498586654663,0.0031903891358524,0.9994081258773804,0.4909668564796448,0.3617923855781555,-0.0091072143986821,0.9761620759963988,0.5213755965232849,0.353097915649414,-0.0013287941692396,0.962635576725006,0.4944852590560913,0.2414861619472503,0.0838049575686454,0.9713263511657716,0.5168115496635437,0.2250228375196457,0.0807236358523368,0.9688168168067932,0.4976485669612884,0.2276165634393692,0.0876957401633262,0.7425643801689148,0.5139116644859314,0.2074990570545196,0.0832833126187324,0.7247805595397949,0.4940188825130462,0.1980901956558227,-0.0066494918428361,0.9657264351844788,0.5200182795524597,0.1831568330526352,-0.0114908814430236,0.9570775032043456,sujin_pick_up_variation_04,6.403124,4.123106,4.242641,7.28011,10.198039,13.038405,15.033296,16.0,17.0,17.0,17.0,16.0,15.033296,14.035669,12.165525,9.848858,7.81025,6.324555,7.28011,9.899495,13.416408,15.811388,18.11077,19.026298,19.646883,18.384776,20.518285,22.627417,23.345235,22.627417,21.931712,19.849433,16.401219,12.806248,8.602325,4.472136,1.414214,4.123106,6.708204,8.602325,11.401754,12.727922,13.453624,15.0,15.264338,15.231546,16.763055,16.278821,16.03122,16.0,14.142136,12.369317,26.41969,25.079872,21.931712,17.464249,14.866069,11.18034,8.602325,7.211103,7.28011,8.0,10.0,12.0,13.0,15.033296,15.132746,16.278821,15.297059,15.297059,13.152946,11.045361,9.219544,8.602325,8.602325,10.77033,13.341664,15.297059,8.062258,6.324555,4.472136,7.211103,10.440307,13.341664,16.763055,18.973666,20.615528,20.124612,19.723083,18.601075,17.029386,15.556349,12.806248,11.401754,8.602325,7.071068,5.385165,5.385165,8.602325,12.806248,17.029386,21.260292,24.207437,26.627054,14.866069,16.155494,16.155494,15.231546,13.038405,10.630146,8.602325,7.28011,7.071068,8.062258,9.219544,10.29563,11.7047,13.341664,13.152946,13.0,11.18034,8.944272,7.211103,8.062258,11.401754,16.401219,21.023796,25.298221,28.442925,28.017851,20.248457,19.697716,18.867962,17.029386,15.620499,13.928388,14.035669,14.317821,15.231546,16.643317,16.401219,16.970563,16.401219,16.643317,15.231546,14.866069,14.317821,13.038405,12.0,11.18034,8.544004,7.211103,5.0,5.09902,7.071068,10.29563
sujin_pick_up_variation_04,75,25,2.500328947368421,29.9960531509012,10,0.5019866228103638,0.7032185196876526,-0.275631844997406,0.9999521374702454,0.497833251953125,0.7123852968215942,-0.265551209449768,0.9999192357063292,0.4952277839183807,0.7118104100227356,-0.2655306756496429,0.9999096989631652,0.4933413863182068,0.7110992670059204,-0.2655404806137085,0.9999219179153442,0.5051771998405457,0.7125493884086609,-0.2664904594421386,0.9998866319656372,0.5075159668922424,0.712004542350769,-0.266522467136383,0.9998583197593688,0.510218620300293,0.7115011811256409,-0.2665101885795593,0.9998748898506165,0.4902619123458862,0.7043944001197815,-0.1859719604253769,0.9998893737792968,0.5130313634872437,0.7050247192382812,-0.1916389018297195,0.9997210502624512,0.4977118074893951,0.6901960968971252,-0.244346335530281,0.9999123811721802,0.5077604651451111,0.6912550330162048,-0.2460839003324508,0.999886155128479,0.4741012156009674,0.6352418661117554,-0.1196517944335937,0.9999278783798218,0.531710684299469,0.6340934634208679,-0.117242231965065,0.999743640422821,0.4667761623859405,0.5497447848320007,-0.078284315764904,0.9946512579917908,0.539336085319519,0.5498340725898743,-0.0803491920232772,0.9764717221260072,0.4633187651634216,0.478384792804718,-0.1381006687879562,0.9940322637557985,0.5391055345535278,0.4759353697299957,-0.1353427022695541,0.9715539813041688,0.4606595337390899,0.4555102288722992,-0.1586648374795913,0.982604444026947,0.5397894382476807,0.4510795772075653,-0.15481598675251,0.9384620189666748,0.4647179245948791,0.4542694091796875,-0.1847219765186309,0.9834713339805604,0.5353948473930359,0.4502720832824707,-0.1777833551168441,0.9412550330162048,0.4667958617210388,0.4612412452697754,-0.149043783545494,0.9770761728286744,0.5334480404853821,0.4585940539836883,-0.1448355019092559,0.9274256825447084,0.4890981614589691,0.4923286736011505,-0.0032368281390517,0.999430537223816,0.5218979120254517,0.4894081950187683,0.0031245430000126,0.9994343519210817,0.4909471571445465,0.3617764115333557,-0.0093732755631208,0.976626455783844,0.5213798880577087,0.3531722724437713,-0.0014565776800736,0.963497281074524,0.4945224821567535,0.2414998114109039,0.0818638280034065,0.9721766710281372,0.5168267488479614,0.2249886095523834,0.0797097161412239,0.9694895148277284,0.4976638853549957,0.2276506572961807,0.0855695456266403,0.7442320585250854,0.5139122605323792,0.2074636965990066,0.0821321904659271,0.7258051633834839,0.4940182566642761,0.1981076747179031,-0.008433106355369,0.9665763974189758,0.5201040506362915,0.1830687373876571,-0.0124328341335058,0.958002269268036,sujin_pick_up_variation_04,19.313208,20.880613,19.646883,18.439089,16.278821,13.152946,10.198039,7.071068,5.0,1.0,2.0,4.0,7.0,10.0,12.0,14.035669,17.029386,18.248288,18.681542,19.313208,18.35756,16.401219,14.866069,12.083046,10.049876,8.246211,5.830952,3.162278,2.828427,6.082763,9.055385,12.041595,15.132746,17.262677,17.464249,18.681542,16.763055,15.811388,13.928388,12.529964,10.29563,8.602325,6.403124,4.472136,3.0,2.828427,4.0,6.324555,8.602325,11.313708,14.422205,16.124515,6.708204,10.0,12.041595,13.453624,15.556349,15.556349,14.866069,14.21267,13.601471,12.206556,10.816654,8.602325,7.81025,7.211103,6.708204,8.062258,10.049876,12.369317,13.601471,16.763055,17.720045,17.720045,17.720045,15.524175,14.317821,11.401754,14.866069,16.278821,16.970563,17.691806,17.029386,15.0,12.806248,10.0,6.403124,4.242641,2.0,3.605551,5.385165,7.615773,8.944272,10.816654,12.806248,14.21267,15.556349,16.278821,16.401219,15.811388,14.422205,13.038405,10.630146,7.81025,7.211103,5.09902,3.605551,5.385165,7.0,9.055385,9.219544,9.486833,9.848858,9.433981,7.81025,7.211103,6.082763,6.082763,7.81025,10.0,13.0,15.524175,17.117243,19.0,19.026298,18.248288,15.811388,12.529964,8.485281,6.0,12.649111,15.652476,18.027756,20.808652,22.022716,22.671568,22.627417,21.260292,19.209373,16.643317,14.317821,11.401754,10.0,8.246211,7.81025,7.81025,8.544004,9.055385,10.049876,10.77033,12.529964,13.601471,14.21267,14.142136,14.142136,12.727922
sujin_pick_up_variation_04,78,26,2.6003421052631577,29.9960531509012,10,0.501972496509552,0.7031248807907104,-0.2746583819389343,0.9999567866325378,0.4978295862674713,0.712272584438324,-0.2652894556522369,0.9999268651008606,0.4952298998832702,0.7117354273796082,-0.2652802765369415,0.9999183416366576,0.4933601915836334,0.711061418056488,-0.2652952671051025,0.9999293684959412,0.5051656365394592,0.7123561501502991,-0.2661991417407989,0.9998974204063416,0.5075017809867859,0.7117844223976135,-0.2662261128425598,0.9998718500137328,0.5101982355117798,0.7112507224082947,-0.2662028968334198,0.999886691570282,0.4902648627758026,0.7043901681900024,-0.1844944655895233,0.999899685382843,0.5130214095115662,0.7049410343170166,-0.1911769211292266,0.9997472167015076,0.4977010190486908,0.6901534199714661,-0.2436075806617736,0.9999208450317384,0.5077393651008606,0.6911119222640991,-0.2449333518743515,0.9998971819877625,0.4740986227989197,0.635326087474823,-0.1192716658115387,0.9999343156814576,0.5315696597099304,0.6342424154281616,-0.1146826595067977,0.9997645616531372,0.4667257070541382,0.5498084425926208,-0.0738544687628746,0.9949117302894592,0.5390037298202515,0.5505418181419373,-0.0735578089952468,0.9773933291435242,0.4632787108421325,0.4788472950458526,-0.1358168870210647,0.9943076968193054,0.5390459895133972,0.4763758480548858,-0.127482071518898,0.971923828125,0.4606369137763977,0.4557688236236572,-0.1566483080387115,0.9833400845527648,0.5398989319801331,0.4517510831356048,-0.1468277722597122,0.939179539680481,0.4646897614002228,0.4546537399291992,-0.1827603876590728,0.9842172265052797,0.5355416536331177,0.4510046243667602,-0.1697150617837906,0.9420887231826782,0.4667645692825317,0.4616571068763733,-0.1468514800071716,0.9781012535095216,0.5335244536399841,0.4592500329017639,-0.1370795369148254,0.928617537021637,0.489067405462265,0.492360383272171,-0.0031099808402359,0.9994531869888306,0.5218306183815002,0.4893930554389953,0.0030004472937434,0.9994580149650574,0.4909291267395019,0.3617590665817261,-0.0102230021730065,0.9770717024803162,0.5213779807090759,0.3532022535800934,-0.0028985519893467,0.9643070101737976,0.494554191827774,0.2415001690387725,0.0805540829896926,0.9729764461517334,0.5168740749359131,0.224966213107109,0.0770454034209251,0.9700382947921752,0.4976964592933655,0.2276521176099777,0.084218792617321,0.7456747889518738,0.513948380947113,0.2072684019804,0.0793208554387092,0.7253828644752502,0.4940229952335357,0.1980420798063278,-0.0103435283526778,0.9673382639884948,0.5201101899147034,0.1828377544879913,-0.0156673118472099,0.9587224721908568,sujin_pick_up_variation_04,5.09902,3.216989,5.09902,8.0282305,11.356596,13.8857225,15.5622575,16.405694,17.3487535,17.0680865,17.3487535,15.9679515,15.326238,13.8857225,11.9814095,9.81601,7.175589,5.6622775,6.1055515,9.056067,12.233327,14.644137,16.824175,17.951669,18.2334225,17.3050495,19.720736,21.3054145,22.291872,22.291872,20.8552755,19.0393195,15.9679515,12.509214,8.744138,5.415476,3.061553,3.817207,6.2429435,8.972135999999999,9.7683545,11.291047,12.267421,13.4833965,14.1589105,14.2821705,15.0903595,15.3939475,15.2881055,14.011838,13.111328,11.167423,26.925824,24.515301,22.203603,18.248288,15.132746,11.401754,8.544004,7.071068,7.615773,8.246211,11.18034,12.165525,13.341664,15.524175,15.811388,17.088007,16.155494,15.811388,13.928388,11.18034,9.0,7.615773,8.485281,11.18034,13.0,14.866069,7.81025,5.830952,5.09902,7.071068,10.0,14.422205,16.643317,19.416488,20.0,20.518285,20.518285,19.209373,17.492856,15.652476,13.0,10.77033,8.944272,6.403124,5.0,6.082763,8.544004,13.416408,17.0,21.023796,24.166092,26.925824,14.56022,14.866069,15.231546,14.317821,11.661904,10.0,8.602325,7.071068,7.28011,8.602325,10.0,11.18034,13.0,13.601471,14.142136,13.0,12.165525,9.848858,7.81025,8.0,10.816654,14.866069,19.723083,23.769729,26.683328,27.166155,18.973666,18.788294,17.492856,15.620499,15.0,13.928388,14.0,14.317821,16.552945,17.204651,17.029386,17.691806,17.804494,17.492856,16.552945,15.811388,15.524175,14.142136,13.0,12.041595,9.486833,8.062258,5.656854,4.123106,6.403124,9.433981
sujin_pick_up_variation_04,81,27,2.700355263157894,29.9960531509012,10,0.5019709467887878,0.7029522657394409,-0.263294517993927,0.999960958957672,0.4978326261043548,0.7120012044906616,-0.2536350190639496,0.9999337196350098,0.4952323734760284,0.711509108543396,-0.2536187767982483,0.9999260902404784,0.4933716654777527,0.7109009027481079,-0.2536306083202362,0.999936044216156,0.5051657557487488,0.7120189666748047,-0.254327118396759,0.9999070763587952,0.5074959993362427,0.7114608883857727,-0.2543512284755707,0.9998839497566224,0.5101831555366516,0.7109113931655884,-0.2543278038501739,0.9998972415924072,0.4902623891830444,0.7043740153312683,-0.1746420562267303,0.999908983707428,0.5130128264427185,0.7048321962356567,-0.1796555966138839,0.9997705817222596,0.4976889789104461,0.6900289058685303,-0.2323952317237854,0.9999284744262696,0.5077212452888489,0.6909295916557312,-0.2337138205766677,0.9999070763587952,0.4740898311138153,0.6353299617767334,-0.1107901632785797,0.9999400973320008,0.5313612818717957,0.6343813538551331,-0.104439653456211,0.999783217906952,0.4666912853717804,0.549855649471283,-0.0681672915816307,0.9951184391975404,0.5386722087860107,0.5512109994888306,-0.0642292723059654,0.9779435396194458,0.4631447792053222,0.4793294370174408,-0.132337599992752,0.9945155382156372,0.5390005111694336,0.4766864478588104,-0.1188346147537231,0.9718864560127258,0.4604819118976593,0.4561404585838318,-0.1534515768289566,0.9839193820953368,0.5400922298431396,0.4521786868572235,-0.1382728368043899,0.9391939640045166,0.4645684659481048,0.4551108777523041,-0.1795519739389419,0.9848109483718872,0.5357898473739624,0.4514628648757934,-0.160782590508461,0.9422466158866882,0.4666697084903717,0.4620808362960815,-0.143480122089386,0.9789194464683532,0.5336502194404602,0.4596656262874603,-0.1284301877021789,0.9290400147438048,0.4889803528785705,0.4923308789730072,-0.0031462123151868,0.99947327375412,0.5217378735542297,0.4893708527088165,0.003041356569156,0.9994786977767944,0.490923672914505,0.3617435693740845,-0.0119588021188974,0.9772611856460572,0.5213826894760132,0.3531968891620636,-0.0033044007141143,0.9646824598312378,0.4946351945400238,0.2414775192737579,0.0761251524090766,0.9734188318252563,0.5168761014938354,0.2249132841825485,0.0750466287136077,0.9702073335647584,0.4977376163005829,0.2276379764080047,0.0794916003942489,0.7445928454399109,0.5139489769935608,0.2071310877799987,0.0771261379122734,0.7245182991027832,0.4940588176250458,0.1980480700731277,-0.0146333985030651,0.9676768183708192,0.520141065120697,0.182802602648735,-0.0170838553458452,0.9589597582817078,sujin_pick_up_variation_04,20.124612,20.59126,20.248457,18.027756,16.643317,13.601471,10.630146,7.211103,5.0,2.0,2.0,4.472136,7.211103,10.0,12.206556,15.0,17.029386,18.384776,19.104973,18.601075,17.492856,16.155494,13.152946,11.18034,8.944272,7.81025,5.385165,3.0,2.236068,5.385165,8.602325,12.041595,14.142136,15.620499,16.401219,17.204651,15.811388,15.264338,13.416408,12.083046,9.486833,7.071068,6.0,4.123106,2.828427,3.162278,4.242641,6.708204,8.062258,12.0,14.142136,16.763055,26.248809,25.0,21.587033,18.439089,14.56022,11.7047,9.433981,7.81025,8.944272,9.486833,11.401754,13.341664,14.56022,15.811388,17.088007,17.464249,16.552945,15.652476,14.317821,12.649111,10.049876,9.219544,10.0,12.041595,14.422205,15.264338,7.071068,5.385165,4.472136,6.403124,10.77033,13.0,16.155494,17.888544,19.235384,19.416488,19.209373,17.691806,16.278821,14.21267,12.206556,10.29563,7.211103,5.656854,5.09902,6.324555,9.433981,13.601471,18.027756,22.472205,25.059928,26.400758,14.317821,15.652476,15.231546,14.866069,12.369317,10.049876,8.062258,5.830952,5.385165,7.0,9.486833,10.29563,12.206556,13.453624,13.453624,13.038405,13.0,10.049876,8.544004,9.433981,11.045361,16.492423,21.023796,24.413111,26.907248,27.658633,19.646883,19.235384,20.024984,17.029386,16.763055,16.124515,15.556349,16.124515,17.088007,18.439089,19.026298,19.026298,18.11077,17.464249,16.763055,16.552945,14.764823,14.422205,13.453624,11.313708,10.0,6.708204,5.0,3.605551,6.082763,9.486833
sujin_pick_up_variation_04,84,28,2.800368421052632,29.9960531509012,10,0.5019829273223877,0.7027087211608887,-0.2637794315814972,0.999964714050293,0.4978432953357696,0.711650550365448,-0.2539924681186676,0.9999397993087769,0.4952377080917358,0.7111923098564148,-0.2539761662483215,0.9999330043792723,0.4933837354183197,0.7106556296348572,-0.2539881467819214,0.9999419450759888,0.5051807761192322,0.7116523385047913,-0.2547238171100616,0.9999157190322876,0.507500946521759,0.7111380696296692,-0.2547491788864136,0.9998947978019714,0.5101748704910278,0.7105867862701416,-0.2547281682491302,0.9999066591262816,0.4902611374855041,0.7043068408966064,-0.1751929670572281,0.999917209148407,0.5130063891410828,0.7047114968299866,-0.1799613684415817,0.9997914433479308,0.4976806342601776,0.6898504495620728,-0.2328150421380996,0.999935269355774,0.5077050924301147,0.6907157897949219,-0.2342302203178405,0.999915897846222,0.4740637838840484,0.6353158354759216,-0.1118436232209205,0.9999451637268066,0.5311756730079651,0.6344727277755737,-0.105082519352436,0.9997999668121338,0.4666725397109985,0.5499576330184937,-0.0696214810013771,0.9952760338783264,0.5384021401405334,0.5514777302742004,-0.0660127028822898,0.9784634709358216,0.4630243480205536,0.4790783822536468,-0.1336032748222351,0.9946306347846984,0.5389775037765503,0.4766541719436645,-0.120338961482048,0.9717477560043336,0.4603573679924011,0.4556339979171753,-0.1543047428131103,0.9842467308044434,0.5401504039764404,0.4522546529769897,-0.1396142095327377,0.9389774203300476,0.4644370675086975,0.4545407891273498,-0.18020561337471,0.9851663708686828,0.5359134674072266,0.4511593580245971,-0.1618136763572693,0.942156195640564,0.4665781259536743,0.4616883397102356,-0.144615352153778,0.9794376492500304,0.5336951017379761,0.4594711363315582,-0.1297993957996368,0.929207444190979,0.4887523055076599,0.4923100173473358,-0.0033348123542964,0.9994905591011048,0.52153080701828,0.4893613457679748,0.0032340397592633,0.9994957447052002,0.4908452928066253,0.3617093563079834,-0.0120187802240252,0.977397322654724,0.521401047706604,0.3533623516559601,-0.0022011941764503,0.9649829268455504,0.4946804344654083,0.241456463932991,0.0748774632811546,0.9737268686294556,0.5168580412864685,0.2252539992332458,0.075498528778553,0.9702133536338806,0.4977396726608276,0.2276221513748169,0.0780999809503555,0.7428076267242432,0.5139150023460388,0.2080080211162567,0.0775739625096321,0.7235321998596191,0.4940687417984009,0.1980825960636139,-0.0153678460046648,0.9678946137428284,0.5201213359832764,0.1832114458084106,-0.0153590058907866,0.959080696105957,sujin_pick_up_variation_04,19.235384,19.416488,19.646883,17.720045,15.811388,13.601471,10.440307,7.28011,4.123106,2.236068,3.162278,5.830952,7.81025,10.630146,13.453624,15.556349,17.691806,19.209373,19.416488,19.235384,18.384776,16.492423,14.035669,11.18034,8.602325,7.211103,6.403124,3.605551,2.236068,4.0,7.28011,10.77033,14.317821,15.652476,16.124515,15.811388,15.811388,15.0,12.727922,10.630146,8.602325,7.615773,5.09902,4.123106,4.242641,4.123106,5.385165,7.071068,9.433981,11.401754,14.142136,16.03122,25.495098,23.769729,20.880613,17.720045,14.56022,11.18034,8.0,7.28011,7.81025,8.485281,10.0,12.041595,13.453624,14.866069,15.620499,15.620499,15.620499,15.0,13.453624,11.313708,8.944272,8.062258,8.246211,10.29563,12.806248,14.21267,7.615773,5.656854,5.0,6.324555,10.816654,12.806248,15.811388,18.027756,18.867962,18.788294,18.384776,17.720045,16.492423,14.142136,13.038405,10.0,8.0,6.082763,4.242641,5.385165,9.0,13.038405,16.124515,21.023796,24.0,25.019992,15.0,16.401219,16.401219,15.811388,13.892444,10.77033,9.219544,7.071068,7.211103,8.062258,9.486833,11.045361,12.041595,13.152946,13.341664,13.0,12.206556,10.0,8.246211,8.944272,11.401754,16.552945,21.587033,25.079872,28.017851,28.442925,20.248457,19.723083,19.313208,17.464249,16.03122,14.317821,13.892444,14.142136,14.764823,15.811388,16.278821,17.029386,16.03122,16.278821,15.811388,15.231546,13.892444,12.806248,11.313708,11.401754,8.062258,6.082763,3.162278,4.123106,6.324555,10.29563
sujin_pick_up_variation_04,87,29,2.9003815789473686,29.9960531509012,10,0.5019779205322266,0.7025715112686157,-0.2621018588542938,0.9999681115150452,0.4978402256965637,0.7114542126655579,-0.2524173557758331,0.9999452829360962,0.4952345788478851,0.7110173106193542,-0.2524000704288482,0.9999392032623292,0.493384838104248,0.7105256915092468,-0.2524112462997436,0.9999472498893738,0.5051783323287964,0.711442768573761,-0.2530258595943451,0.9999234676361084,0.5074959397315979,0.7109499573707581,-0.2530505359172821,0.9999045729637146,0.5101657509803772,0.7103983759880066,-0.2530307471752167,0.9999151825904846,0.4902582168579101,0.7042715549468994,-0.1742375940084457,0.999924659729004,0.5130027532577515,0.7046379446983337,-0.1784686893224716,0.99981027841568,0.4976765811443329,0.6897174119949341,-0.2313073277473449,0.9999414086341858,0.5076953768730164,0.6905803084373474,-0.2325848042964935,0.9999238848686218,0.4740604162216186,0.6353168487548828,-0.1107023060321807,0.9999497532844543,0.5309951901435852,0.6345216631889343,-0.1037232801318168,0.9998152256011964,0.4666302502155304,0.5500084161758423,-0.0684106722474098,0.9954063892364502,0.5381795763969421,0.5516024827957153,-0.0637727156281471,0.9789022207260132,0.4629502892494201,0.4789991676807403,-0.1310688108205795,0.9947354197502136,0.5389695763587952,0.476576566696167,-0.1178199127316474,0.9716647863388062,0.4602618813514709,0.4554004967212677,-0.1515289098024368,0.9845517873764038,0.5401641130447388,0.4522023499011993,-0.1370017677545547,0.938895583152771,0.4643079042434692,0.4542340934276581,-0.1774520426988601,0.9854965209960938,0.5359994173049927,0.4509944319725036,-0.1591765284538269,0.942193567752838,0.4664729237556457,0.4614389538764953,-0.1420816481113433,0.9799119830131532,0.5337416529655457,0.459340363740921,-0.1272919476032257,0.9294840693473816,0.4886022806167602,0.4922950565814972,-0.0033893617801368,0.9995062947273254,0.5213525891304016,0.4893478453159332,0.0032913635950535,0.999512493610382,0.4907947778701782,0.3612968027591705,-0.0121028460562229,0.977573812007904,0.5213979482650757,0.3532684743404388,-0.0022439004387706,0.9653797149658204,0.4947035908699035,0.2414558976888656,0.0753326788544654,0.9740555882453918,0.5168582797050476,0.2252306044101715,0.0757531449198722,0.9704184532165528,0.4977395832538605,0.2276235073804855,0.0787089690566062,0.7415157556533813,0.513914167881012,0.207989752292633,0.0779113695025444,0.7231968641281128,0.4940986335277557,0.1981243789196014,-0.0144026484340429,0.9681485295295716,0.5201207399368286,0.183220162987709,-0.0149629125371575,0.9593809843063354,sujin_pick_up_variation_04,19.026298,21.0,20.024984,19.104973,16.124515,13.152946,10.198039,7.28011,5.0,1.0,2.236068,5.0,7.211103,10.29563,13.038405,14.764823,17.888544,18.384776,18.973666,19.416488,18.11077,16.03122,14.56022,11.661904,10.0,8.246211,5.385165,2.828427,2.828427,6.082763,9.0,12.041595,14.142136,16.278821,17.464249,17.720045,16.763055,14.866069,14.317821,12.529964,10.0,8.485281,5.830952,4.123106,3.162278,3.162278,4.123106,6.403124,7.81025,11.18034,13.928388,16.278821,7.071068,9.848858,11.7047,13.341664,14.56022,14.866069,14.866069,14.317821,13.416408,12.529964,10.29563,8.944272,7.28011,6.082763,6.082763,7.211103,9.219544,11.401754,13.038405,15.264338,16.643317,17.204651,16.643317,15.264338,13.601471,10.29563,15.297059,16.492423,18.681542,17.720045,18.027756,14.866069,13.0,10.440307,7.28011,4.0,2.828427,5.09902,7.0,9.0,10.0,13.038405,14.142136,16.278821,16.492423,18.027756,17.464249,16.552945,16.552945,13.0,10.77033,8.062258,10.300324,9.632169,9.0463825,9.7111025,9.6608525,9.472136,8.524877,8.5,8.920624499999999,8.514897000000001,9.6414195,9.340932,10.076473,10.354102,11.3137085,11.9485505,12.2261815,12.831721,12.986829,13.733916,15.240341999999998,16.865662,17.506639999999997,17.958527500000002,17.142538,16.585179,16.284717,17.729135499999998,18.848992,19.258326,19.1908865,19.294073,18.7909745,19.1018015,18.170928,18.384776,16.67878,15.5655195,14.439698,13.5836155,12.542302,11.92721,11.667808999999998,11.7388785,11.3007355,11.181782,10.85235,10.243738,9.18229,8.711102499999999,9.6291625,10.8202685
sujin_pick_up_variation_04,90,30,3.000394736842105,29.9960531509012,10,0.5019730925559998,0.7025084495544434,-0.2598008513450622,0.9999711513519288,0.4978370666503906,0.7113543748855591,-0.2500976324081421,0.9999502301216124,0.4952325522899627,0.7109243869781494,-0.2500801980495453,0.9999447464942932,0.4933830201625824,0.7104563117027283,-0.2500903308391571,0.9999520182609558,0.5051737427711487,0.7113571166992188,-0.2507052421569824,0.9999304413795472,0.5074906349182129,0.7108799815177917,-0.2507299780845642,0.9999133348464966,0.5101606845855713,0.7103366851806641,-0.2507113516330719,0.9999228715896606,0.4902492165565491,0.7042555212974548,-0.1721184998750686,0.9999313354492188,0.5129967927932739,0.7046277523040771,-0.1762894988059997,0.9998272657394408,0.4976728558540344,0.6896419525146484,-0.2290485352277755,0.99994695186615,0.5076866745948792,0.6905255317687988,-0.2303291112184524,0.9999310374259948,0.4740360379219055,0.6353300213813782,-0.1083868592977523,0.9999538064002992,0.530899703502655,0.6346189975738525,-0.1019453108310699,0.9998289942741394,0.4665981531143188,0.5500678420066833,-0.0665846690535545,0.9954975843429564,0.5380580425262451,0.5516797304153442,-0.0620686747133731,0.9793295860290528,0.462905615568161,0.4790663421154022,-0.1297230422496795,0.9947946071624756,0.5389561057090759,0.476517915725708,-0.1164798885583877,0.9716017842292786,0.4602069854736328,0.4554492533206939,-0.150197684764862,0.9847421646118164,0.5401527881622314,0.4521352648735046,-0.1357971578836441,0.9388375282287598,0.4642161428928375,0.4542627930641174,-0.1760904192924499,0.9857158064842224,0.5360227227210999,0.4508775770664215,-0.1577438414096832,0.9422447681427002,0.4663863182067871,0.4614648818969726,-0.140758529305458,0.980233073234558,0.5337592363357544,0.4592454135417938,-0.1258706301450729,0.92974591255188,0.4885058999061584,0.4922858476638794,-0.0034070864785462,0.999517560005188,0.5212819576263428,0.489335685968399,0.0033109127543866,0.9995265007019044,0.4907803535461426,0.3611361384391784,-0.0120945405215024,0.9777337908744812,0.5213980078697205,0.3532223999500274,-0.0024597072042524,0.9657920002937316,0.4947068393230438,0.2414549589157104,0.0754108801484108,0.9743311405181884,0.5168719291687012,0.2250536531209945,0.0753222033381462,0.9706349968910216,0.4977307915687561,0.2276249378919601,0.0787982121109962,0.7399070858955383,0.5139442086219788,0.2076978385448455,0.0774592235684394,0.7228555679321289,0.4941480457782745,0.1981402486562729,-0.0142267849296331,0.9683440327644348,0.5201205015182495,0.1831693351268768,-0.0154447816312313,0.9596426486968994,sujin_pick_up_variation_04,19.313208,19.697716,19.235384,18.35756,16.124515,13.038405,9.433981,6.708204,4.123106,2.236068,3.0,5.385165,8.062258,11.18034,13.892444,15.811388,17.204651,19.849433,19.79899,19.209373,18.867962,16.552945,13.341664,11.0,8.544004,7.071068,6.403124,3.162278,2.236068,4.123106,7.211103,11.401754,13.453624,15.556349,16.278821,15.620499,15.620499,14.422205,12.529964,11.18034,9.486833,8.062258,5.09902,5.0,4.472136,4.0,5.0,7.211103,8.544004,11.045361,14.035669,16.278821,7.615773,9.055385,11.0,13.038405,15.033296,15.033296,14.0,14.035669,13.038405,12.165525,10.198039,9.055385,7.0,6.082763,5.830952,6.403124,8.944272,11.401754,13.341664,15.297059,16.492423,17.464249,16.492423,15.524175,13.341664,10.198039,15.132746,17.117243,18.027756,18.027756,17.0,16.0,13.0,10.0,7.071068,4.123106,3.605551,4.0,6.324555,8.544004,10.440307,12.369317,14.317821,15.132746,16.03122,17.0,17.029386,17.117243,16.124515,13.038405,11.0,8.246211,7.071068,4.123106,3.605551,5.09902,6.708204,8.602325,10.0,9.899495,10.0,9.433981,8.944272,8.246211,7.071068,6.708204,8.602325,10.440307,13.038405,15.033296,17.464249,18.027756,17.888544,17.0,15.0,11.313708,7.615773,4.472136,13.038405,16.278821,18.681542,21.18962,23.4094,24.166092,23.706539,21.954498,20.248457,17.804494,15.556349,12.806248,9.848858,8.246211,7.071068,6.708204,7.071068,8.544004,9.219544,11.0,12.165525,12.649111,13.928388,14.317821,13.416408,12.529964
sujin_pick_up_variation_04,93,31,3.100407894736842,29.9960531509012,10,0.5019752383232117,0.702355682849884,-0.2624984383583069,0.9999738931655884,0.4978338181972503,0.7111669182777405,-0.2529815435409546,0.9999547004699708,0.4952303767204284,0.7107310891151428,-0.2529639005661011,0.9999497532844543,0.4933811724185943,0.7102850675582886,-0.2529743015766144,0.9999563694000244,0.5051721930503845,0.7112413644790649,-0.2535178363323211,0.9999367594718932,0.5074873566627502,0.7108006477355957,-0.2535433173179626,0.9999212622642516,0.5101532936096191,0.7102763056755066,-0.2535251677036285,0.9999297857284546,0.4902238547801971,0.7041963338851929,-0.174968421459198,0.9999372959136964,0.512992799282074,0.7046154737472534,-0.1788315027952194,0.9998425841331482,0.497665524482727,0.6894316673278809,-0.2316756695508957,0.9999518990516664,0.5076738595962524,0.6903963088989258,-0.2328513264656067,0.9999374747276306,0.4739996492862701,0.6353321075439453,-0.1101332232356071,0.9999574422836304,0.53085857629776,0.6346582770347595,-0.1035989820957183,0.9998416304588318,0.4665718674659729,0.5501244068145752,-0.0667705088853836,0.995561957359314,0.5379759073257446,0.5517231225967407,-0.0627409368753433,0.9797999262809752,0.4628872573375702,0.4792245328426361,-0.1307280510663986,0.9947978258132936,0.5388928055763245,0.4764725267887115,-0.1172626763582229,0.9715765118598938,0.4601752460002899,0.4556299149990082,-0.1514753401279449,0.9847723245620728,0.5401355028152466,0.4521260261535644,-0.1366139203310012,0.938823938369751,0.464124321937561,0.4544443488121032,-0.1763784885406494,0.9857845902442932,0.5360440015792847,0.4508138298988342,-0.1579251289367675,0.9423298239707948,0.4662956297397613,0.4615932106971741,-0.1413738280534744,0.9803586006164552,0.5337706804275513,0.4591841995716095,-0.1263676136732101,0.9300309419631958,0.4884597659111023,0.4922720491886139,-0.0034063085913658,0.999527394771576,0.5212352871894836,0.4893178939819336,0.0033102841116487,0.9995390176773072,0.4907542765140533,0.3610532879829407,-0.0116779031231999,0.977957844734192,0.5214092135429382,0.3530798554420471,-0.0024141096509993,0.9663034677505492,0.4947122633457184,0.2414562702178955,0.0761165916919708,0.9746706485748292,0.5168731808662415,0.2250332087278366,0.0756844952702522,0.9708758592605592,0.4977222084999084,0.2276269346475601,0.0795251578092575,0.739094614982605,0.5139453411102295,0.207647293806076,0.0778436511754989,0.7226985096931458,0.4941510260105133,0.198347583413124,-0.0137896155938506,0.9686499834060668,0.520100474357605,0.1832190752029419,-0.015330177731812,0.9599710702896118,sujin_pick_up_variation_04,4.472136,2.0,3.605551,7.071068,11.045361,13.0,15.0,16.03122,16.03122,16.03122,16.03122,16.03122,14.0,13.038405,11.18034,8.544004,6.403124,5.09902,6.708204,10.0,13.0,16.278821,19.026298,20.099751,19.646883,18.384776,17.204651,18.601075,20.615528,20.615528,19.209373,17.691806,14.142136,10.630146,7.211103,4.123106,2.828427,4.0,7.615773,8.944272,10.816654,12.206556,12.806248,14.142136,15.0,15.264338,15.231546,15.811388,15.297059,15.033296,14.0,11.045361,7.071068,9.848858,11.661904,13.038405,14.422205,14.764823,14.317821,13.928388,12.649111,11.7047,9.848858,8.544004,7.615773,6.403124,6.708204,8.062258,10.0,12.041595,14.142136,16.124515,17.117243,18.248288,18.11077,16.124515,14.035669,11.18034,14.317821,16.552945,17.464249,18.384776,17.088007,14.866069,12.369317,9.486833,6.324555,4.472136,2.0,3.605551,5.656854,7.071068,9.219544,10.630146,12.206556,13.892444,15.652476,16.155494,15.811388,15.524175,13.601471,11.401754,9.848858,7.211103,6.708204,4.123106,2.828427,4.123106,5.385165,7.211103,9.219544,9.899495,9.219544,9.433981,8.544004,7.071068,7.071068,7.211103,8.602325,10.77033,13.152946,16.0,18.11077,18.439089,18.973666,17.464249,15.264338,12.041595,8.602325,5.0,13.0,15.132746,17.464249,19.924859,22.472205,21.931712,22.36068,21.095023,19.416488,16.401219,13.453624,11.401754,8.944272,7.28011,6.082763,5.830952,5.830952,7.28011,9.0,10.198039,11.7047,13.416408,13.892444,14.422205,14.422205,13.038405
sujin_pick_up_variation_04,96,32,3.200421052631579,29.9960531509012,10,0.5019779801368713,0.7021446228027344,-0.2616857886314392,0.9999763369560242,0.4978317618370056,0.7109271883964539,-0.2520678043365478,0.9999586939811708,0.495224267244339,0.7104799151420593,-0.2520497441291809,0.9999542832374572,0.4933788478374481,0.7100536823272705,-0.2520584464073181,0.9999602437019348,0.5051697492599487,0.7110979557037354,-0.2527324855327606,0.999942421913147,0.5074840188026428,0.7107074856758118,-0.2527580559253692,0.99992835521698,0.5101487040519714,0.7102051377296448,-0.2527405023574829,0.9999359846115112,0.4901828169822693,0.7041090726852417,-0.1736906617879867,0.999942660331726,0.5129860043525696,0.7045910358428955,-0.1780703067779541,0.999856412410736,0.4976595342159271,0.6891810297966003,-0.2307126075029373,0.9999563694000244,0.5076636672019958,0.6902376413345337,-0.232054978609085,0.9999433159828186,0.4739399552345276,0.6353368759155273,-0.1081435158848762,0.999960720539093,0.5308278203010559,0.6347112059593201,-0.1035642176866531,0.999853253364563,0.4665505290031433,0.550170361995697,-0.0654540508985519,0.9955883622169496,0.5379065275192261,0.5517299771308899,-0.0634059086441993,0.9802805185317992,0.4628834128379822,0.4793104827404022,-0.1296827644109726,0.9947749972343444,0.5388432741165161,0.476474404335022,-0.118229404091835,0.9715976715087892,0.4601737558841705,0.4557371437549591,-0.1503196805715561,0.9847481846809388,0.5401220917701721,0.4521708190441131,-0.1377652287483215,0.9389087557792664,0.4640763700008392,0.454556792974472,-0.176013559103012,0.985797643661499,0.5360519289970398,0.4508310258388519,-0.159322053194046,0.9424924850463868,0.4662371873855591,0.4616637527942657,-0.1407098770141601,0.980408489704132,0.5337790846824646,0.459201455116272,-0.1274626553058624,0.9303754568099976,0.4884031116962433,0.4920832216739654,-0.0032101348042488,0.999538242816925,0.5211958885192871,0.4892438650131225,0.0031163836829364,0.9995520114898682,0.4907358884811401,0.3604435622692108,-0.0101053724065423,0.9783794283866882,0.5214229226112366,0.3528211712837219,-0.0024306033737957,0.9671260714530944,0.4947203993797302,0.2414371073246002,0.0803888589143753,0.9752147197723388,0.5168851017951965,0.2250205874443054,0.0772523432970047,0.971364974975586,0.4977158904075622,0.2276113927364349,0.0840798467397689,0.7393586039543152,0.5139473676681519,0.2079438865184784,0.0796501487493515,0.7232770919799805,0.4941391348838806,0.1984080076217651,-0.009972090832889,0.9691954255104064,0.5200961828231812,0.1833006143569946,-0.0141861783340573,0.9606260657310486,sujin_pick_up_variation_04,5.0,2.828427,3.605551,7.81025,10.816654,13.416408,15.231546,16.155494,16.552945,16.552945,16.552945,15.231546,14.317821,13.416408,10.816654,9.219544,6.708204,5.09902,7.211103,10.198039,14.035669,17.464249,19.313208,19.723083,20.615528,19.849433,18.248288,20.223748,21.377558,21.587033,19.646883,17.720045,14.866069,11.7047,7.211103,4.242641,2.236068,4.472136,7.071068,9.0,11.18034,13.152946,13.601471,13.928388,15.652476,15.811388,16.278821,17.029386,15.811388,15.264338,14.317821,11.7047,17.1555335,18.0025075,17.3358565,16.530526000000002,15.51561,13.330683,12.36342,11.771635,11.78011,11.2095965,11.401754,11.280604,11.102197,11.5622575,12.154748,12.905125,13.609772,14.103278,14.446222,13.8470355,13.424429,13.788552,12.972136,14.14502,13.9640565,12.647815,10.8789545,10.51561,10.6360135,12.154748,13.5226805,14.0178345,14.535490499999998,14.0524865,12.708244,12.110539500000002,11.237743,11.005825,12.140055,11.4831045,11.323431500000002,11.4997315,11.0640355,10.481849,11.014693,11.701562,13.5586215,15.359357,16.168698499999998,18.419589,17.919742499999998,17.5581345,13.601471,15.524175,15.524175,13.928388,12.529964,10.816654,7.81025,6.324555,6.082763,7.211103,9.219544,10.29563,13.0,13.601471,14.142136,14.0,12.165525,11.18034,9.219544,10.049876,11.7047,16.401219,19.849433,24.186773,26.0,26.925824,19.924859,19.313208,19.235384,17.204651,16.278821,14.317821,15.132746,15.132746,16.155494,17.492856,18.601075,19.104973,19.209373,18.027756,17.0,17.464249,15.811388,15.297059,14.142136,12.0,10.049876,7.28011,5.0,3.0,5.0,9.486833
sujin_pick_up_variation_04,99,33,3.300434210526316,29.9960531509012,10,0.5019407868385315,0.7020231485366821,-0.2505215406417846,0.999978482723236,0.497766762971878,0.7107800245285034,-0.2404599487781524,0.9999621510505676,0.4951673746109009,0.7102981209754944,-0.2404447495937347,0.9999581575393676,0.493347018957138,0.7098655700683594,-0.2404521852731704,0.9999635815620422,0.5051294565200806,0.7110475897789001,-0.2414698153734207,0.9999473094940186,0.5074540972709656,0.710684597492218,-0.241492211818695,0.9999345541000366,0.5100803971290588,0.7101925611495972,-0.2414745986461639,0.999941349029541,0.4900893568992615,0.7040049433708191,-0.1616602540016174,0.999947190284729,0.5129649043083191,0.7045859694480896,-0.1676198095083236,0.999868392944336,0.4976247251033783,0.6889664530754089,-0.2195255309343338,0.9999603033065796,0.5076121687889099,0.6901553273200989,-0.2213090360164642,0.9999484419822692,0.4739138782024383,0.6353644728660583,-0.0973477214574813,0.9999635815620422,0.5307942032814026,0.6347460746765137,-0.0960690677165985,0.9998630881309508,0.4665339291095733,0.5502226948738098,-0.0567590072751045,0.9955621957778932,0.5378456115722656,0.5517406463623047,-0.0578123107552528,0.9805870652198792,0.4628905057907104,0.4794411659240722,-0.122384525835514,0.9947149157524108,0.5387369394302368,0.4764705598354339,-0.1126267910003662,0.9713776707649232,0.4601734280586242,0.4558281004428863,-0.143315851688385,0.9846381545066832,0.5401133894920349,0.4522081911563873,-0.132372036576271,0.9385574460029602,0.4640446901321411,0.4546740651130676,-0.1688691228628158,0.985727310180664,0.536043107509613,0.450822651386261,-0.1539705693721771,0.9422236084938048,0.4662045240402221,0.4617786705493927,-0.133514866232872,0.9803423881530762,0.5337751507759094,0.4592124223709106,-0.1218976974487304,0.9301989078521729,0.4883773922920227,0.4918894469738006,-0.0026487824507057,0.9995471835136414,0.521174967288971,0.4891287386417389,0.0025642008986324,0.9995623826980592,0.4906754791736603,0.3599468767642975,-0.0098155057057738,0.9786704778671264,0.5213962197303772,0.3525484204292297,-0.0036454980727285,0.9676935076713562,0.49472776055336,0.2413855344057083,0.0802192836999893,0.9755917191505432,0.5168866515159607,0.2250660210847854,0.0770414024591445,0.9716293215751648,0.4977156519889831,0.2275566309690475,0.083857774734497,0.7400729060173035,0.5139524936676025,0.2080555409193039,0.0794963911175727,0.7226942181587219,0.4940792918205261,0.1984194964170456,-0.0100375683978199,0.969523549079895,0.5199670791625977,0.1834887117147445,-0.0145664019510149,0.960956871509552,sujin_pick_up_variation_04,19.416488,19.723083,19.235384,17.888544,15.231546,13.0,9.848858,6.708204,3.605551,1.0,3.162278,6.082763,9.0,11.0,14.035669,16.124515,18.11077,19.416488,20.880613,20.248457,19.235384,17.204651,14.142136,11.18034,9.055385,7.28011,6.0,3.162278,1.0,4.123106,8.062258,11.18034,14.035669,16.03122,16.0,17.029386,16.03122,15.132746,13.341664,11.401754,9.848858,7.81025,6.403124,5.385165,4.0,4.242641,5.385165,7.0,9.486833,11.661904,14.21267,16.278821,6.708204,8.485281,10.630146,13.453624,14.21267,14.866069,14.142136,13.453624,12.806248,11.401754,10.0,8.485281,7.071068,5.830952,6.082763,7.071068,8.544004,11.18034,13.892444,15.264338,17.492856,17.492856,16.124515,16.124515,13.038405,10.816654,14.866069,16.970563,17.691806,17.691806,17.029386,15.620499,13.601471,10.0,6.403124,5.0,3.0,4.242641,5.830952,8.062258,9.433981,11.401754,12.806248,14.866069,15.556349,17.029386,16.401219,16.401219,14.422205,12.806248,10.630146,7.211103,15.132746,15.132746,16.278821,15.297059,12.649111,10.29563,8.485281,7.615773,8.0,8.544004,9.433981,11.313708,12.806248,13.892444,14.317821,13.601471,13.152946,11.045361,9.433981,8.944272,12.165525,15.231546,20.808652,23.345235,26.400758,26.925824,20.248457,19.697716,18.35756,17.029386,14.21267,13.0,13.038405,13.601471,16.124515,17.029386,17.691806,18.601075,18.35756,18.384776,18.027756,17.464249,16.124515,15.0,14.035669,12.165525,10.440307,8.062258,5.0,3.162278,5.830952,9.219544
sujin_pick_up_variation_04,102,34,3.400447368421053,29.9960531509012,10,0.5017184019088745,0.7019504904747009,-0.2538681626319885,0.9999803900718688,0.4975449442863464,0.7106643915176392,-0.243891030550003,0.999965250492096,0.4950147271156311,0.7101461887359619,-0.2438748776912689,0.9999616742134094,0.4932370185852051,0.709708571434021,-0.2438837140798568,0.999966561794281,0.5049477219581604,0.7110106348991394,-0.244864284992218,0.999951720237732,0.5073415637016296,0.7106677889823914,-0.2448890060186386,0.9999401569366456,0.5098702311515808,0.7101768255233765,-0.244872584939003,0.9999461770057678,0.4899224638938904,0.7039096355438232,-0.1651013493537902,0.999951183795929,0.5129021406173706,0.7045327425003052,-0.1705793291330337,0.9998791217803956,0.4974395036697387,0.6887966394424438,-0.22284696996212,0.9999638199806212,0.5073657035827637,0.690028190612793,-0.2246196120977401,0.999953031539917,0.4738427698612213,0.6353707313537598,-0.1002111509442329,0.9999660849571228,0.5307434797286987,0.6347541213035583,-0.0970051065087318,0.9998719096183776,0.4665215909481048,0.5504342913627625,-0.0592777952551841,0.99554443359375,0.5377454161643982,0.5515669584274292,-0.0578986629843711,0.9809435606002808,0.4628985226154327,0.4795384109020233,-0.1236812248826026,0.994683802127838,0.5387303233146667,0.4761167764663696,-0.1147225275635719,0.971178650856018,0.4601727724075317,0.4559128284454345,-0.1444108337163925,0.984565496444702,0.5401067137718201,0.4515071809291839,-0.1344159096479416,0.9381685256958008,0.4640443623065948,0.4547737836837768,-0.1698702871799469,0.9856945872306824,0.5360357761383057,0.4500784277915954,-0.1560711413621902,0.9419118762016296,0.4662066102027893,0.4618696570396423,-0.134722501039505,0.9803241491317748,0.5337712168693542,0.4584831297397613,-0.1240019053220748,0.9299920201301576,0.4883717894554138,0.4918884336948395,-0.0018246031831949,0.9995545148849488,0.521148145198822,0.4890909194946289,0.001742769498378,0.9995715022087096,0.4906112849712372,0.3599477410316467,-0.0092558078467845,0.9786891341209412,0.5213273167610168,0.3525430858135223,-0.0043519679456949,0.967823565006256,0.4947572350502014,0.2413074672222137,0.0791564062237739,0.9757258296012878,0.5168814063072205,0.2250814884901046,0.0747311413288116,0.9715552926063538,0.4977656900882721,0.2273796498775482,0.0824752673506736,0.740982711315155,0.5139600038528442,0.2080511450767517,0.0769577026367187,0.7200189232826233,0.4939762055873871,0.1984112560749054,-0.0107370438054203,0.9696221947669984,0.5197701454162598,0.183569923043251,-0.017108391970396,0.960878849029541,sujin_pick_up_variation_04,20.518285,20.518285,19.849433,19.209373,16.401219,13.601471,10.816654,7.211103,3.605551,1.0,2.0,5.385165,7.615773,9.848858,13.416408,15.652476,17.492856,18.867962,19.209373,19.104973,17.804494,16.124515,12.649111,10.0,8.544004,7.071068,6.082763,3.605551,2.0,5.0,8.544004,11.401754,13.341664,15.297059,16.124515,17.117243,16.03122,15.0,13.0,11.045361,9.219544,7.615773,5.0,3.605551,3.0,4.242641,5.385165,7.0,10.440307,12.083046,15.264338,17.204651,7.28011,9.219544,11.313708,12.727922,14.142136,14.866069,14.866069,14.21267,12.806248,11.401754,10.0,9.219544,8.485281,7.211103,7.28011,8.062258,10.049876,12.369317,14.56022,16.492423,17.720045,17.720045,17.464249,16.492423,14.317821,11.401754,14.21267,17.029386,17.691806,17.691806,16.970563,15.556349,13.453624,10.630146,7.071068,5.0,2.0,2.828427,4.472136,7.615773,8.944272,11.18034,13.038405,13.601471,15.620499,16.278821,16.401219,15.811388,15.0,12.806248,10.630146,8.062258,8.485281,5.0,3.0,3.605551,5.09902,7.0,8.062258,9.219544,9.486833,8.944272,7.81025,7.81025,7.615773,8.0,9.486833,11.661904,13.453624,16.401219,18.027756,18.788294,19.313208,17.720045,15.132746,12.041595,8.544004,5.0,12.369317,15.231546,18.35756,21.095023,23.021729,23.600847,24.083189,21.931712,20.518285,17.804494,14.422205,12.083046,9.219544,7.071068,5.830952,5.830952,6.082763,8.062258,9.486833,10.816654,12.806248,14.142136,15.620499,15.620499,15.0,13.601471
sujin_pick_up_variation_04,105,35,3.500460526315789,29.9960531509012,10,0.5014397501945496,0.7015058994293213,-0.2508555948734283,0.9999820590019226,0.4971814155578613,0.7102989554405212,-0.2413014769554138,0.9999677538871764,0.4947678744792938,0.7097863554954529,-0.2412856668233871,0.9999645948410034,0.4929645359516144,0.7093756794929504,-0.2412901073694229,0.9999690055847168,0.5047112703323364,0.7107477188110352,-0.2423403859138488,0.999955415725708,0.5072095394134521,0.7104814052581787,-0.2423650473356247,0.9999448657035828,0.5096449255943298,0.7100256085395813,-0.2423557937145233,0.9999502301216124,0.489495575428009,0.7037546038627625,-0.1635650545358657,0.9999542236328124,0.5127646327018738,0.7043761014938354,-0.1696214973926544,0.9998878836631776,0.497099906206131,0.6881310939788818,-0.2200677692890167,0.99996680021286,0.5070177912712097,0.689454197883606,-0.2219352275133133,0.9999570250511168,0.4733909368515014,0.6357775926589966,-0.0985347256064415,0.9999681115150452,0.5304908156394958,0.634820282459259,-0.0981675460934639,0.9998795390129088,0.4663429260253906,0.5507058501243591,-0.0570185370743274,0.9955398440361024,0.5372553467750549,0.5511494278907776,-0.059807363897562,0.9812785387039183,0.4628991484642029,0.4794714450836181,-0.1195997074246406,0.9947245717048644,0.5381572246551514,0.475944846868515,-0.1148086786270141,0.971089243888855,0.4601587951183319,0.4556955993175506,-0.1396695226430893,0.9847004413604736,0.5398234724998474,0.4510290026664734,-0.1341763436794281,0.9380817413330078,0.4640446603298187,0.454675018787384,-0.1650135517120361,0.9858413934707642,0.5358908772468567,0.4495672583580017,-0.1556963473558426,0.9418646693229676,0.4662079811096191,0.4618443548679352,-0.1304491013288498,0.980542242527008,0.5335269570350647,0.4580475091934204,-0.1239533647894859,0.930064618587494,0.4877413809299469,0.4917132258415222,-0.0010634937789291,0.9995503425598145,0.5206395387649536,0.4885873198509216,0.0009872852824628,0.999573826789856,0.4904054999351501,0.3599394857883453,-0.005368445534259,0.9788188934326172,0.5210742354393005,0.3525404334068298,-0.0048560518771409,0.9684637784957886,0.4947925806045532,0.2413205802440643,0.0840687528252601,0.9756825566291808,0.5168812870979309,0.2250871658325195,0.0743355751037597,0.9718227386474608,0.4978212714195251,0.2273926138877868,0.08777566999197,0.7418816089630127,0.5139822363853455,0.2080338299274444,0.0766020268201828,0.7191604375839233,0.4938561618328094,0.1984165161848068,-0.0029163667932152,0.9696706533432008,0.5196534395217896,0.1835765987634658,-0.0172554720193147,0.961139976978302,sujin_pick_up_variation_04,22.3285795,22.819725,21.796846,19.644024,16.979993999999998,13.606335,10.332756,6.0777535,3.162278,2.3027755,5.0367965,7.936254,11.531829,13.814539,16.791165499999998,18.656841,20.9737875,21.13715,21.6592865,19.6164945,18.0641595,15.05668,11.875901,9.128232,7.472136,6.646933,4.5413815,2.4142135,3.535534,6.5210275,10.5743685,13.5089395,15.4747675,17.400616499999998,17.233465,17.1682595,16.4469125,14.6993515,13.106818,11.0192025,9.125704,7.435999000000001,5.4754225000000005,4.1828735,3.642692,4.2426405,6.3078865,8.634553499999999,11.9043675,15.3980215,18.3559225,20.615528,8.246211,10.29563,12.806248,14.21267,15.620499,16.401219,15.811388,14.422205,13.892444,12.529964,11.661904,10.29563,8.602325,8.485281,8.062258,8.246211,10.0,12.041595,14.142136,16.278821,17.262677,17.464249,17.262677,15.297059,13.152946,11.18034,14.866069,16.278821,17.029386,17.804494,17.204651,15.264338,13.038405,10.29563,6.403124,4.242641,3.0,3.605551,6.708204,8.944272,10.29563,12.206556,14.21267,15.556349,16.278821,17.029386,17.204651,16.643317,16.124515,13.892444,11.401754,8.602325,14.866069,16.763055,16.763055,15.811388,14.317821,13.038405,10.630146,9.433981,8.246211,9.0,9.219544,10.29563,10.816654,12.041595,12.806248,11.661904,11.7047,10.0,9.486833,10.0,12.369317,16.03122,20.223748,24.041631,26.0,26.41969,21.470911,21.023796,19.924859,17.262677,14.0,11.7047,11.313708,12.649111,14.035669,16.124515,17.720045,18.384776,17.492856,17.204651,17.029386,16.278821,15.0,13.892444,13.0,11.401754,9.055385,6.082763,3.605551,3.162278,5.830952,9.848858
sujin_pick_up_variation_04,108,36,3.6004736842105265,29.9960531509012,10,0.5000507235527039,0.7003495097160339,-0.2722778916358948,0.9999836087226868,0.4959121346473694,0.7094873785972595,-0.2632224857807159,0.9999701976776124,0.4937658905982971,0.7090623378753662,-0.263203889131546,0.9999673366546632,0.4914279878139496,0.708628237247467,-0.263211041688919,0.999971330165863,0.5035019516944885,0.7099692821502686,-0.2646342515945434,0.9999589323997498,0.5063636302947998,0.7097839713096619,-0.2646671235561371,0.9999493360519408,0.5087653398513794,0.7094446420669556,-0.264663815498352,0.999954104423523,0.4883056282997131,0.7032825946807861,-0.1833016574382782,0.999957263469696,0.5122352838516235,0.7037007212638855,-0.1911979019641876,0.9998964667320251,0.4959076344966888,0.6868011951446533,-0.2402444183826446,0.9999696016311646,0.5055428147315979,0.6880808472633362,-0.2426037043333053,0.999960720539093,0.4725981950759887,0.6359705924987793,-0.1102927103638649,0.9999699592590332,0.5299856662750244,0.6347994804382324,-0.1184209585189819,0.9998866319656372,0.4658932089805603,0.5508731007575989,-0.0633770674467086,0.9955829381942748,0.5366829037666321,0.5507789850234985,-0.0811593979597091,0.981998085975647,0.4628361165523529,0.4784294366836548,-0.123652659356594,0.994817078113556,0.5372247099876404,0.4756811559200287,-0.1351172178983688,0.9715948700904846,0.4600438475608825,0.4548104703426361,-0.1424891203641891,0.984910011291504,0.5391401052474976,0.4506333172321319,-0.1546946167945861,0.9389755725860596,0.4639731049537658,0.4537894129753113,-0.1687244474887848,0.9860631823539734,0.5352503061294556,0.4492741227149963,-0.1764058023691177,0.9427644610404968,0.4661740362644195,0.4610741436481476,-0.1345662325620651,0.98086678981781,0.5327690243721008,0.4578072130680084,-0.1441281586885452,0.9311166405677797,0.4872290194034576,0.4917041957378387,0.0009204150992445,0.9995437860488892,0.520259439945221,0.4884919822216034,-0.0010031214915215,0.99957275390625,0.4900420010089874,0.3607232868671417,-0.0057906708680093,0.9787654280662536,0.5205708146095276,0.3526602387428283,-0.0084647769108414,0.9689494967460632,0.494807630777359,0.2414789050817489,0.0859971717000007,0.9755346179008484,0.5169180035591125,0.224883496761322,0.0714980736374855,0.9720852375030518,0.4979327023029327,0.2276791036128997,0.0900643095374107,0.7446567416191101,0.5142189860343933,0.2075709849596023,0.0738637819886207,0.717521607875824,0.4937476217746734,0.1983267962932586,-0.0006946688517928,0.969678521156311,0.51952064037323,0.1829440593719482,-0.0219997093081474,0.9613481163978576,sujin_pick_up_variation_04,24.847843,25.544147,23.443349,21.27362,18.1217915,14.23377,10.656854,6.45101,2.9208095,1.0,4.736068,8.377261,11.531829,14.052557,17.261121,19.0087815,22.3275185,22.8144665,22.8529575,21.7361855,19.8234415,17.3050495,13.319938,9.924429,6.555664,5.6925825,6.5163795,3.605551,1.825141,5.2420925,9.0276925,12.0207975,15.016648,16.5622575,17.5724995,18.138022,17.1460315,15.824345,13.8718035,12.2261815,9.8912315,8.3322915,6.403124,4.9286505,3.561553,4.242641,6.082763,8.650798,12.09017,15.0373405,19.081086,21.770007,16.8080615,17.6289835,17.254658,16.2102225,15.1745205,13.163425,11.9673825,11.0026315,10.6944445,10.8007355,10.725815,11.119817,11.046895,11.0178345,11.140055,12.046739,12.6720295,13.26725,13.537037,13.6529665,13.282411,13.038649,13.3216585,13.673692,13.319938,13.0568565,12.2833635,11.224535,11.563388,12.201562,12.772002,13.7013065,14.281289999999998,13.8600225,12.986833,11.910411,11.198831,11.3620905,12.154748,12.0501765,11.6232775,12.371709,11.3722305,11.217172,10.750761,11.249946,12.96051,15.144941499999998,15.917585,16.970563,17.736172,17.810151,11.997100499999998,11.259796,9.905694,9.883408,9.7084205,9.6182965,9.1231055,8.3951075,8.0776875,7.9185525,8.4176585,8.828855,9.272002,10.1178625,10.410103,11.683302,12.9670195,13.6412015,14.436073,15.383300000000002,16.125002,17.1223755,17.684435999999998,17.874067,17.4257775,15.570879,15.602662,17.029797000000002,18.555385,18.8074485,17.924338499999998,18.067316,17.780331,17.586413,17.541032,17.707081,16.2283145,15.0014145,13.7351435,12.5564245,11.563388,11.2321245,11.4163595,11.531129,12.0427725,11.7836395,11.2434165,10.7365135,9.7534895,9.3186435,10.3102495,11.634027499999998
sujin_pick_up_variation_04,111,37,3.700486842105263,29.9960531509012,10,0.4987485110759735,0.6987196803092957,-0.2814672589302063,0.9999850392341614,0.4947163760662079,0.7084121108055115,-0.2726088762283325,0.9999723434448242,0.4925154447555542,0.7080970406532288,-0.2725912630558014,0.9999697804450988,0.489878237247467,0.7077100276947021,-0.2725991606712341,0.9999733567237854,0.5021966099739075,0.7088374495506287,-0.2741958200931549,0.9999620914459229,0.5052425265312195,0.7086796164512634,-0.2742325961589813,0.9999533891677856,0.5077873468399048,0.7083958983421326,-0.2742341458797455,0.99995756149292,0.4868216216564178,0.7029043436050415,-0.1927526146173477,0.9999597072601318,0.5112871527671814,0.7028520703315735,-0.201570376753807,0.9999043345451356,0.4947238862514496,0.685102641582489,-0.2493795454502105,0.9999720454216005,0.503903329372406,0.6862964034080505,-0.2519851624965668,0.9999639987945556,0.4714134931564331,0.6373222470283508,-0.1165089458227157,0.9999713897705078,0.5286818146705627,0.6347628831863403,-0.1305045336484909,0.9998928904533386,0.4648262560367584,0.5515660643577576,-0.0655832067131996,0.9955475330352784,0.5359404683113098,0.5499396920204163,-0.0968163162469863,0.9827665090560912,0.462347537279129,0.4784743785858154,-0.1244377866387367,0.994888722896576,0.5364978313446045,0.4733960330486297,-0.1491190642118454,0.9721963405609132,0.459582656621933,0.4548414945602417,-0.1427018344402313,0.9850671887397766,0.5386623740196228,0.4489216208457947,-0.1681104600429535,0.9399359822273254,0.4635834097862243,0.4537464082241058,-0.1688842177391052,0.986237406730652,0.534751832485199,0.4476532638072967,-0.1893772184848785,0.9436992406845092,0.4658751189708709,0.4610655903816223,-0.1353482156991958,0.9811354279518129,0.5322133898735046,0.4557446837425232,-0.1579066812992096,0.9322272539138794,0.4861376583576202,0.491881251335144,0.0026656833942979,0.9995386600494384,0.5193154215812683,0.4885435998439789,-0.0027585697825998,0.999570608139038,0.4894642531871795,0.3629185855388641,-0.0060609960928559,0.9783530831336976,0.519713819026947,0.3548485040664673,-0.0106117008253932,0.969120979309082,0.4948104321956634,0.2414787858724594,0.0820815339684486,0.9750776886940002,0.5169184803962708,0.2252193242311477,0.0629111751914024,0.9720343351364136,0.4979735314846039,0.2276509553194046,0.08545483648777,0.7469767928123474,0.5143081545829773,0.2082300037145614,0.0647098645567894,0.7139533162117004,0.4932965040206909,0.1983173489570617,-0.0021790268365293,0.9693446159362792,0.5193875432014465,0.1829655617475509,-0.0305000282824039,0.9612143635749816,sujin_pick_up_variation_04,3.605551,4.472136,8.602325,12.206556,15.264338,17.492856,18.35756,19.723083,18.35756,18.35756,17.492856,15.264338,14.422205,12.206556,9.219544,6.403124,3.162278,2.236068,6.324555,10.29563,13.601471,17.691806,19.849433,20.248457,20.124612,18.973666,17.888544,19.235384,21.023796,20.124612,20.124612,17.0,14.317821,10.77033,7.28011,4.0,3.162278,5.385165,7.211103,10.0,12.041595,12.727922,14.21267,15.0,16.643317,17.888544,18.384776,18.027756,17.720045,16.278821,13.152946,10.049876,6.403124,8.602325,11.18034,13.416408,14.317821,14.764823,14.764823,13.892444,13.038405,12.206556,10.816654,9.433981,8.062258,7.28011,7.0,8.246211,9.848858,10.816654,12.806248,14.866069,16.278821,17.029386,16.278821,14.866069,13.453624,11.313708,14.866069,16.278821,18.384776,17.691806,17.691806,15.620499,13.601471,10.0,7.211103,4.242641,2.0,2.236068,5.09902,7.28011,9.486833,10.77033,13.0,13.892444,15.811388,16.401219,16.278821,16.970563,15.556349,13.453624,10.630146,7.211103,11.045361,8.246211,5.0,4.123106,4.472136,6.403124,8.062258,9.848858,10.440307,10.198039,11.045361,10.049876,10.440307,10.29563,10.630146,12.206556,13.416408,15.524175,16.124515,17.0,17.117243,15.524175,14.317821,11.401754,8.602325,6.0,11.401754,14.866069,18.384776,21.260292,22.803509,24.413111,23.853721,22.825424,20.124612,17.088007,14.56022,12.041595,9.055385,7.615773,6.403124,6.082763,7.071068,8.062258,9.219544,11.661904,13.0,14.56022,16.278821,17.117243,17.029386,15.033296
sujin_pick_up_variation_04,114,38,3.8005,29.9960531509012,10,0.4974349737167358,0.6959760189056396,-0.2845911681652069,0.999986171722412,0.4934742152690887,0.7060466408729553,-0.2763963937759399,0.9999738335609436,0.4911486506462097,0.7058245539665222,-0.2763791978359222,0.9999715089797974,0.4885291457176208,0.7054761648178101,-0.2763860523700714,0.9999747276306152,0.500662624835968,0.7068077325820923,-0.2778515517711639,0.999964475631714,0.5035964846611023,0.7067389488220215,-0.2778892517089844,0.999956488609314,0.5062781572341919,0.7065420746803284,-0.2778958082199096,0.9999601244926452,0.4856200218200683,0.7014776468276978,-0.1968222260475158,0.9999608993530272,0.5096821188926697,0.7018418908119202,-0.2051991820335388,0.9999101161956788,0.4936593174934387,0.6822606325149536,-0.2522882521152496,0.9999739527702332,0.5023678541183472,0.6838535666465759,-0.2547610104084015,0.9999666810035706,0.4701382219791412,0.638388454914093,-0.1194933876395225,0.9999727010726928,0.5274763703346252,0.6347870230674744,-0.1320958584547042,0.9998981952667236,0.4638607800006866,0.5518803000450134,-0.0677422806620597,0.9955042600631714,0.5350980758666992,0.5495665669441223,-0.0979784354567527,0.983398973941803,0.4617379903793335,0.4785050451755523,-0.1251723170280456,0.9949747920036316,0.5362265110015869,0.4726690649986267,-0.1498565673828125,0.9726290106773376,0.4589757323265075,0.4549133777618408,-0.1440230458974838,0.9852800369262696,0.5384538769721985,0.4476652443408966,-0.1684061884880066,0.9406138062477112,0.46302330493927,0.4537725150585174,-0.1700920909643173,0.9864622950553894,0.5343762636184692,0.4464486241340637,-0.1902976483106613,0.9443869590759276,0.4653803706169128,0.4611109495162964,-0.1360928863286972,0.9814596772193908,0.5317705869674683,0.4545679688453674,-0.1588207632303238,0.9330578446388244,0.4848155081272125,0.4918287992477417,0.0035884960088878,0.9995262026786804,0.518334686756134,0.488416314125061,-0.0036806953139603,0.9995598196983336,0.4887991547584533,0.3629792332649231,-0.0050290920771658,0.9782235026359558,0.518933117389679,0.3563126921653747,-0.0105592338368296,0.9696319103240968,0.4948245286941528,0.2413570582866668,0.0818338245153427,0.9749815464019777,0.516922116279602,0.2258460521697998,0.0637027993798255,0.972236156463623,0.4980529248714447,0.2275250852108001,0.0853001102805137,0.7518364787101746,0.514537513256073,0.209448829293251,0.0656250566244125,0.7125112414360046,0.4929277598857879,0.1980716288089752,-0.0038126148283481,0.9693526029586792,0.5193210244178772,0.1829773485660553,-0.0294289607554674,0.9613388776779176,sujin_pick_up_variation_04,23.706539,23.259407,22.36068,19.697716,16.552945,13.0,9.848858,5.385165,2.0,2.236068,5.830952,8.944272,12.083046,14.764823,17.888544,19.235384,21.954498,22.472205,22.803509,21.260292,19.79899,17.204651,14.317821,10.198039,7.071068,5.656854,5.830952,2.236068,3.0,7.28011,11.401754,14.56022,17.720045,19.924859,20.880613,19.924859,18.973666,18.384776,15.231546,12.529964,10.816654,8.485281,7.211103,5.09902,4.123106,4.242641,5.09902,7.28011,10.0,12.727922,16.401219,20.248457,6.0,8.062258,10.816654,12.806248,14.21267,15.0,15.0,14.422205,13.038405,12.529964,11.661904,9.433981,8.602325,8.485281,7.211103,8.246211,9.055385,11.045361,12.165525,13.601471,14.56022,14.866069,14.866069,13.928388,12.083046,8.944272,16.763055,18.027756,19.924859,19.646883,19.416488,17.262677,15.132746,11.045361,8.062258,5.0,2.236068,2.236068,5.656854,7.071068,9.219544,12.041595,13.601471,15.264338,17.0,17.464249,18.027756,17.720045,16.492423,14.317821,11.7047,8.544004,10.199942,9.930575,8.670832,8.7921525,8.734168500000001,9.35235,10.1178625,10.018099,10.0584895,10.462888,10.408327,10.0975625,10.1021555,9.96357,10.5476185,11.1077005,11.544152,12.241941,13.5857745,15.0617545,16.7006095,17.744043,19.5282275,18.70049,17.879922,16.571976499999998,14.43087,15.9679515,17.6242285,16.853092,16.811938,15.21385,15.015547,15.8458745,15.539196,15.6736035,14.9730235,14.2215085,12.6231055,12.050227,11.744962,11.367639,11.0872995,10.764982,11.291047,11.274303,10.613329,10.132169,8.928283500000001,8.846517500000001,9.8397275,10.711123
sujin_pick_up_variation_04,117,39,3.900513157894737,29.9960531509012,10,0.4963455498218536,0.6920186281204224,-0.2885984778404236,0.9999871850013732,0.4924706220626831,0.7021462321281433,-0.28069669008255,0.999975085258484,0.490085631608963,0.7020542621612549,-0.2806783616542816,0.999972939491272,0.4875827729701996,0.7019630670547485,-0.2806849777698517,0.999975860118866,0.4994889497756958,0.7030609846115112,-0.2822699844837188,0.9999664425849916,0.5022775530815125,0.7032922506332397,-0.2823085188865661,0.9999590516090392,0.5049759745597839,0.7034115791320801,-0.282319039106369,0.9999621510505676,0.4847062826156616,0.6994206309318542,-0.1995389014482498,0.9999614953994752,0.5083524584770203,0.7002347111701965,-0.2086459696292877,0.9999147057533264,0.4927831292152405,0.6790919899940491,-0.255366176366806,0.9999755024909972,0.5013296604156494,0.6803643107414246,-0.2580429017543793,0.999968945980072,0.4691819250583648,0.6393811702728271,-0.1199997216463089,0.999974250793457,0.5268416404724121,0.6350706815719604,-0.1337628811597824,0.999903917312622,0.4632894396781921,0.5520617365837097,-0.0679178237915039,0.9954899549484252,0.5344118475914001,0.5492635369300842,-0.0967843532562255,0.9839534163475036,0.4614220559597015,0.4785988628864288,-0.125532642006874,0.995116651058197,0.5361942052841187,0.471479058265686,-0.1467385590076446,0.9730912446975708,0.4585207402706146,0.4549627900123596,-0.1447844356298446,0.9856513142585754,0.5384780168533325,0.4451552927494049,-0.1650523692369461,0.9414591193199158,0.4627494513988495,0.4537974596023559,-0.1705522686243057,0.986830234527588,0.5343551635742188,0.4440371394157409,-0.1879816949367523,0.94524484872818,0.4651517570018768,0.46115243434906,-0.1363884061574936,0.9819577932357788,0.5317288637161255,0.4522767066955566,-0.1560434401035308,0.9340794682502748,0.4842927753925323,0.4908108711242676,0.0056502916850149,0.9995183944702148,0.5179750919342041,0.4870995879173279,-0.0057447850704193,0.9995545744895936,0.4883401691913605,0.3607323467731476,0.0031853208784013,0.9780715107917786,0.5183556079864502,0.3559502363204956,-0.0100121647119522,0.9702122807502748,0.4950079023838043,0.2411940693855285,0.0926940888166427,0.9749963283538818,0.516941487789154,0.2259852290153503,0.0696992427110672,0.9725039601325988,0.4984604716300964,0.227434292435646,0.0965416356921196,0.7591667175292969,0.5148996710777283,0.2099210768938064,0.0726559832692146,0.711463451385498,0.4928494393825531,0.1975799053907394,0.007645443547517,0.9695242643356324,0.5191325545310974,0.1826631277799606,-0.0227686539292335,0.961603581905365,sujin_pick_up_variation_04,20.099751,22.0,21.0,19.026298,17.029386,14.035669,10.049876,7.071068,4.123106,1.0,2.0,5.09902,7.28011,10.198039,12.165525,14.317821,17.262677,18.11077,19.0,18.027756,17.262677,15.811388,13.038405,10.630146,8.544004,8.062258,6.403124,2.828427,2.236068,6.082763,9.219544,13.341664,15.811388,17.720045,18.027756,18.384776,17.088007,15.231546,13.416408,11.661904,9.219544,7.071068,5.0,4.0,2.828427,3.162278,4.472136,6.403124,8.602325,12.083046,14.56022,17.464249,23.706539,22.847319,21.18962,17.088007,14.866069,10.77033,9.433981,7.81025,7.615773,8.246211,10.049876,12.041595,13.152946,15.297059,15.297059,16.492423,15.524175,15.524175,13.341664,12.041595,10.049876,8.544004,9.899495,10.816654,12.529964,14.317821,8.246211,6.0,3.605551,5.385165,9.055385,12.0,15.0,17.029386,18.11077,18.439089,17.720045,17.464249,16.124515,14.422205,12.806248,11.313708,8.485281,6.403124,5.385165,5.09902,7.211103,10.630146,13.453624,17.029386,20.808652,23.021729,11.401754,12.649111,13.928388,15.231546,13.928388,13.928388,13.601471,13.341664,12.165525,12.0,12.041595,11.18034,10.440307,10.77033,10.816654,10.630146,10.816654,11.401754,12.0,14.317821,17.088007,20.124612,23.323808,25.0,26.248809,25.495098,18.788294,18.027756,16.492423,13.152946,10.049876,6.324555,4.123106,5.656854,8.944272,12.649111,14.142136,16.03122,16.03122,16.278821,15.811388,15.652476,14.422205,13.453624,12.806248,10.816654,8.944272,6.324555,4.123106,1.414214,3.162278,5.385165
sujin_pick_up_variation_04,120,40,4.0005263157894735,29.9960531509012,10,0.495471179485321,0.6832889914512634,-0.3062706887722015,0.9999880194664,0.4915327429771423,0.6938496828079224,-0.3000092506408691,0.9999758005142212,0.4889097213745117,0.6936762928962708,-0.2999875843524933,0.9999736547470092,0.4866534173488617,0.6935499310493469,-0.2999902963638305,0.9999762773513794,0.498735636472702,0.6955693364143372,-0.3014020919799804,0.9999680519104004,0.5013916492462158,0.6963204741477966,-0.3014456033706665,0.9999611377716064,0.5043286681175232,0.696911633014679,-0.3014591038227081,0.999963879585266,0.4835246205329895,0.6919476389884949,-0.2176737636327743,0.9999606609344482,0.5077234506607056,0.6959139704704285,-0.2261890918016433,0.9999187588691713,0.4921668767929077,0.6708071827888489,-0.2715897560119629,0.9999766945838928,0.5010520219802856,0.6717270612716675,-0.2741162478923797,0.9999709725379944,0.4683206975460052,0.6393333077430725,-0.1312436014413833,0.999975323677063,0.5268891453742981,0.6349637508392334,-0.1433301270008087,0.9999112486839294,0.462862879037857,0.5518767833709717,-0.0720801874995231,0.9953018426895142,0.5336016416549683,0.5474404692649841,-0.1019433289766311,0.9844940304756165,0.461342304944992,0.478490263223648,-0.1268458813428878,0.9949447512626648,0.5362112522125244,0.4690927267074585,-0.1568317860364914,0.973659873008728,0.4584206640720367,0.4547488987445831,-0.1449903547763824,0.9852145910263062,0.5385828018188477,0.4423140287399292,-0.1753865629434585,0.9427003860473632,0.4624313712120056,0.4532849788665771,-0.1714017391204834,0.986460506916046,0.534359335899353,0.4413419365882873,-0.200137510895729,0.9464806914329528,0.4647793173789978,0.4607131779193878,-0.1378238350152969,0.9814832210540771,0.5317466259002686,0.4496246874332428,-0.1667499244213104,0.9354548454284668,0.4833067655563354,0.4858662784099579,0.005321726668626,0.999485731124878,0.5175479054450989,0.4833920001983642,-0.0054051396436989,0.9995378255844116,0.4878882467746734,0.3583409488201141,0.0152077367529273,0.9783710241317748,0.517804741859436,0.3552801311016083,-0.0035287691280245,0.9713698029518129,0.4954349100589752,0.241159901022911,0.1156098693609237,0.9751797914505004,0.5170194506645203,0.2259655743837356,0.0904628410935401,0.9732726216316224,0.4989810883998871,0.2273805439472198,0.1205759197473526,0.7676333785057068,0.5151340961456299,0.209893599152565,0.0944327637553215,0.7173068523406982,0.4929007887840271,0.1973278522491455,0.0330186858773231,0.9699578285217284,0.5200578570365906,0.1818700283765792,-0.0009772399207577,0.9625262022018432,sujin_pick_up_variation_04,20.099751,20.223748,19.416488,17.464249,16.492423,13.341664,10.440307,7.615773,5.0,2.236068,2.236068,4.472136,6.324555,9.486833,10.440307,12.649111,14.866069,16.155494,17.0,16.643317,15.620499,14.21267,11.661904,10.440307,8.0,6.708204,7.211103,2.236068,4.0,8.062258,13.152946,17.117243,20.099751,21.023796,22.022716,22.0,20.024984,18.0,15.0,13.0,10.049876,7.071068,5.0,4.472136,5.09902,5.830952,7.81025,10.29563,11.7047,14.56022,16.124515,17.0,27.892651,25.0,22.135944,18.027756,13.601471,10.198039,7.071068,6.403124,8.062258,9.848858,12.649111,13.928388,16.155494,17.0,18.867962,19.416488,18.601075,17.804494,15.0,12.529964,9.486833,8.062258,8.602325,10.816654,13.892444,16.552945,8.062258,5.830952,5.385165,7.071068,10.77033,13.416408,16.552945,18.384776,19.924859,19.646883,19.416488,18.11077,16.0,14.035669,12.165525,10.198039,8.062258,6.0,4.472136,6.324555,10.0,14.0,19.0,23.0,26.07681,28.284271,12.649111,14.317821,15.652476,15.652476,15.652476,14.317821,13.0,12.649111,11.401754,11.18034,10.0,10.049876,10.440307,9.848858,10.0,10.630146,11.18034,11.18034,12.0,13.601471,15.652476,17.804494,21.213203,22.022716,23.021729,22.36068,21.023796,19.723083,18.027756,14.21267,10.0,6.082763,5.656854,8.062258,11.18034,14.56022,16.552945,17.492856,18.027756,17.691806,17.691806,16.401219,15.264338,13.416408,11.401754,10.049876,8.0,5.09902,2.236068,1.414214,4.0,7.071068
sujin_pick_up_variation_04,123,41,4.1005394736842105,29.9960531509012,10,0.4948359429836273,0.6584270596504211,-0.3773336708545685,0.9999884366989136,0.4908333420753479,0.669393002986908,-0.3715161085128784,0.9999751448631288,0.4882423281669616,0.669373095035553,-0.3714804351329803,0.999972641468048,0.4860025346279144,0.66933274269104,-0.3714850544929504,0.9999749064445496,0.4980989396572113,0.6714363694190979,-0.3725890219211578,0.999968945980072,0.5008246898651123,0.6728851199150085,-0.3726624846458435,0.9999625086784364,0.5037847757339478,0.6741599440574646,-0.3726894557476043,0.9999651908874512,0.4828883409500122,0.6686457395553589,-0.2835800349712372,0.9999564290046692,0.507821798324585,0.6743981838226318,-0.2899996340274811,0.9999223947525024,0.4917330741882324,0.6465339660644531,-0.3400064706802368,0.999976933002472,0.5007940530776978,0.6494020819664001,-0.3419434428215027,0.9999725818634032,0.4683986604213714,0.6258432269096375,-0.1849238276481628,0.999975860118866,0.5269775986671448,0.6214793920516968,-0.1910178512334823,0.9999191164970398,0.4629366993904114,0.5457397699356079,-0.1259596347808838,0.9949002265930176,0.5334813594818115,0.5336863994598389,-0.1438206136226654,0.9853891134262084,0.4614148139953613,0.4783726334571838,-0.1877458989620208,0.9937832951545716,0.5362191796302795,0.4506004154682159,-0.2010683864355087,0.9747916460037231,0.4585205316543579,0.4546977281570434,-0.2064672410488128,0.982387363910675,0.5386731624603271,0.4243248403072357,-0.2195705026388168,0.9447952508926392,0.4623802602291107,0.453294575214386,-0.2326225936412811,0.9838436245918274,0.5344917178153992,0.4238558709621429,-0.2453782558441162,0.9484708309173584,0.4646676182746887,0.460593044757843,-0.198635995388031,0.978076994419098,0.5319780111312866,0.4313366115093231,-0.2113762497901916,0.9375890493392944,0.4831282198429107,0.4800346195697784,0.005263099912554,0.9994311332702636,0.5173066258430481,0.4760918021202087,-0.0053583486005663,0.9995142221450806,0.487802118062973,0.3575399816036224,0.010605533607304,0.9787976145744324,0.5174341797828674,0.3520694077014923,-0.0039001614786684,0.9718419313430786,0.4954899847507477,0.241678848862648,0.1059427335858345,0.975420355796814,0.5173918008804321,0.2256279736757278,0.0903234109282493,0.9735040068626404,0.4990249276161194,0.2287109196186065,0.1110149621963501,0.7719169855117798,0.5154750943183899,0.2098635584115982,0.0942396968603134,0.7220017910003662,0.4933995008468628,0.1975967586040496,0.019703509286046,0.9704506993293762,0.5208056569099426,0.181852787733078,-0.0032484987750649,0.9631311297416688,sujin_pick_up_variation_04,23.537205,22.561028,20.615528,17.720045,14.56022,10.77033,7.615773,4.242641,3.0,3.605551,6.324555,9.486833,11.401754,14.317821,15.524175,17.720045,18.973666,19.313208,18.788294,17.492856,15.811388,12.806248,9.899495,5.830952,3.162278,1.0,4.242641,1.0,5.0,9.899495,13.453624,17.804494,20.808652,21.633308,23.323808,22.825424,21.023796,19.697716,16.552945,14.317821,11.18034,8.602325,5.656854,4.123106,4.472136,6.708204,9.486833,13.152946,15.0,19.026298,21.095023,22.36068,25.1854075,23.465254,20.894219,17.133132,13.34239,10.1324525,7.3133835,6.820601,7.906714,10.062306,11.631693,13.8671145,14.9981845,16.849966000000002,17.379389500000002,17.6345905,17.528571,16.8241275,14.4329045,12.539156,9.96357,8.5588215,8.944272,10.971927,13.129936,15.0,7.4479415,5.0,4.1213205,6.201562,9.47744,12.104001,15.0903595,17.0921145,18.183825,18.6600715,17.948673999999997,16.515610000000002,15.182146,13.4715675,11.086042,9.3710215,6.8023325,4.7541355,3.817207,5.6925825,9.109772,12.821533,17.290746,21.2953805,23.861989,25.378929,8.246211,6.082763,3.162278,2.0,3.605551,5.656854,6.403124,8.062258,7.615773,8.544004,8.062258,8.062258,8.544004,9.219544,10.0,11.7047,14.142136,15.033296,16.278821,16.763055,16.552945,15.264338,12.727922,9.433981,7.071068,5.0,11.401754,15.231546,19.723083,23.323808,25.238859,26.627054,25.806976,25.0,22.022716,19.79899,16.278821,13.038405,10.77033,9.055385,8.246211,7.211103,8.602325,9.848858,10.198039,12.041595,13.038405,14.142136,14.56022,14.866069,13.928388,13.0
sujin_pick_up_variation_04,126,42,4.200552631578947,29.9960531509012,10,0.4939818382263183,0.621326744556427,-0.4679152071475982,0.999975323677063,0.4897902905941009,0.6337279677391052,-0.4633504450321197,0.9999326467514038,0.4873922765254974,0.6337910890579224,-0.4633077085018158,0.99992036819458,0.4851184785366058,0.6339892148971558,-0.4633753597736358,0.999913215637207,0.4968816339969635,0.6353783011436462,-0.4644204378128052,0.9999481439590454,0.4996317028999328,0.6364830732345581,-0.4645298719406128,0.9999454617500304,0.502338707447052,0.6375651955604553,-0.4646110832691192,0.999952495098114,0.482378214597702,0.6356871128082275,-0.3745163679122925,0.9998721480369568,0.5073635578155518,0.6393952965736389,-0.3792792856693268,0.9999107122421264,0.4910748898983001,0.6103423833847046,-0.42900550365448,0.9999465942382812,0.5000108480453491,0.6123678684234619,-0.430728405714035,0.9999574422836304,0.4685844480991363,0.6056350469589233,-0.2485804706811905,0.9999165534973145,0.5270646810531616,0.595014214515686,-0.2686218619346618,0.99992436170578,0.4669932425022125,0.5329806804656982,-0.1444628238677978,0.9705181121826172,0.5329988598823547,0.5048591494560242,-0.2334814518690109,0.9856509566307068,0.4670201241970062,0.4729078710079193,-0.1384312063455581,0.9439252614974976,0.5362306237220764,0.4214709103107452,-0.2796290814876556,0.9746206402778624,0.468796819448471,0.454638808965683,-0.1325998902320861,0.9264031648635864,0.5389371514320374,0.3926218152046203,-0.296146035194397,0.944130539894104,0.4690613746643066,0.4533964097499847,-0.1546528488397598,0.9286977648735046,0.5346725583076477,0.3922189474105835,-0.3205257058143616,0.9480279088020324,0.4698748588562011,0.4591620564460754,-0.1436406970024109,0.9217196702957152,0.5320084691047668,0.4006833136081695,-0.2892278730869293,0.9372045397758484,0.4833474159240722,0.4812260270118713,0.0010400612372905,0.999382257461548,0.5171254873275757,0.476590633392334,-0.0011094262590631,0.999505579471588,0.4877541959285736,0.358936071395874,-0.0539948418736457,0.9774724245071412,0.517045795917511,0.3522683680057525,-0.0355650819838047,0.9666020274162292,0.4954407513141632,0.2419451624155044,0.0484460182487964,0.9745611548423768,0.5173956751823425,0.221769243478775,0.0548887178301811,0.9719666242599488,0.4989235997200012,0.2290765345096588,0.0525116920471191,0.7700080871582031,0.5153454542160034,0.204923003911972,0.0579024069011211,0.7275037169456482,0.4946953952312469,0.1975222080945968,-0.0484455302357673,0.969481885433197,0.5247783064842224,0.1811802238225937,-0.0474414229393005,0.9626668095588684,sujin_pick_up_variation_04,24.596748,24.186773,21.954498,19.723083,16.643317,12.206556,9.219544,5.830952,4.0,4.242641,6.708204,9.486833,12.369317,14.317821,16.278821,18.439089,19.646883,21.18962,20.615528,19.235384,18.027756,14.21267,11.313708,7.211103,4.123106,1.414214,4.123106,1.414214,3.605551,7.211103,11.661904,15.0,17.804494,19.209373,20.518285,20.518285,19.104973,17.691806,14.866069,12.727922,10.630146,7.81025,5.385165,3.162278,3.605551,6.082763,9.055385,12.369317,15.811388,18.384776,21.023796,24.166092,25.96151,24.351591,21.18962,17.088007,13.601471,10.198039,7.0,5.830952,6.403124,8.062258,10.77033,12.083046,13.0,14.317821,15.264338,16.643317,15.811388,15.264338,13.038405,11.18034,8.544004,7.0,7.211103,8.602325,10.29563,12.083046,6.0,4.472136,3.162278,6.082763,9.486833,12.649111,14.866069,16.763055,17.464249,18.248288,17.117243,16.0,15.033296,13.152946,11.18034,9.219544,7.071068,5.09902,3.605551,6.324555,9.055385,14.035669,17.029386,22.022716,24.186773,25.317978,9.433981,9.433981,9.433981,9.433981,8.485281,7.81025,7.615773,7.071068,8.062258,8.544004,9.433981,10.0,9.899495,10.0,9.848858,9.055385,8.062258,8.602325,9.486833,12.0,16.763055,21.931712,25.238859,28.425341,29.732137,29.410882,21.18962,19.697716,18.35756,17.029386,15.811388,14.56022,15.0,16.492423,17.888544,19.723083,19.416488,19.209373,18.384776,17.029386,15.811388,13.892444,12.649111,11.401754,10.049876,9.055385,7.615773,6.403124,5.830952,6.082763,6.324555,7.211103
sujin_pick_up_variation_04,129,43,4.300565789473684,29.9960531509012,10,0.4943071007728576,0.5781478881835938,-0.4613200426101684,0.9999414682388306,0.4901391863822937,0.589261531829834,-0.4555843472480774,0.9998335838317872,0.4877050817012787,0.5890169739723206,-0.455549031496048,0.9998031258583068,0.4854544997215271,0.5889251828193665,-0.4556320905685425,0.9997793436050416,0.4972002804279327,0.5913859009742737,-0.4556072950363159,0.9998945593833924,0.4998742341995239,0.5924974679946899,-0.4557277858257293,0.9999010562896729,0.502501368522644,0.5936552882194519,-0.4558287560939789,0.9999199509620668,0.4826593697071075,0.5910859704017639,-0.3763566017150879,0.999595046043396,0.5074366331100464,0.5958483219146729,-0.3769669532775879,0.9998735189437866,0.4911761879920959,0.567316472530365,-0.4275007545948028,0.9998661875724792,0.5002559423446655,0.5693936347961426,-0.4279797971248626,0.9999204874038696,0.4704030156135559,0.5450782775878906,-0.2699220776557922,0.999512493610382,0.5282254815101624,0.5520156621932983,-0.2773623764514923,0.999916136264801,0.4725731015205383,0.4566161930561065,-0.2259292006492614,0.9338874816894532,0.5317744612693787,0.4586831629276275,-0.2632111608982086,0.9840071201324464,0.4864071905612945,0.4052845537662506,-0.233901098370552,0.8745608329772949,0.5339429378509521,0.3793982565402984,-0.3063920140266418,0.9710098505020142,0.4891251623630523,0.3918299973011017,-0.2430256754159927,0.8559451699256897,0.5381361246109009,0.3538096249103546,-0.3256791234016418,0.9382448196411132,0.4892698228359222,0.392067551612854,-0.2568715512752533,0.8582697510719299,0.5334002375602722,0.3527508676052093,-0.3423499464988708,0.9424455165863036,0.4901942014694214,0.3986682891845703,-0.2393278777599334,0.8518888354301453,0.5300537943840027,0.3609397709369659,-0.313709408044815,0.9320555925369264,0.483370840549469,0.4781084954738617,-0.0042466828599572,0.99940288066864,0.5167157649993896,0.4762803316116333,0.0041868118569254,0.9995338916778564,0.4880045652389526,0.3612884879112243,-0.0681650266051292,0.9687908291816713,0.5171651840209961,0.3586667776107788,-0.0601230822503566,0.9493143558502196,0.4950656294822693,0.2386435121297836,0.0178155936300754,0.9711573719978333,0.5173957347869873,0.2186712920665741,0.0254034809768199,0.9664762020111084,0.4987635016441345,0.2258391827344894,0.020836055278778,0.7630286812782288,0.5153058171272278,0.203324407339096,0.0289630349725484,0.7240463495254517,0.496778279542923,0.1937160342931747,-0.073992796242237,0.9647318124771118,0.5253997445106506,0.1800507605075836,-0.0679186433553695,0.957634687423706,sujin_pick_up_variation_04,4.472136,6.708204,10.049876,13.0,15.033296,17.029386,18.11077,18.027756,18.027756,17.029386,16.0,14.0,13.0,10.049876,7.28011,4.472136,2.0,4.123106,8.0,12.165525,15.524175,18.027756,19.235384,19.416488,19.209373,17.691806,16.278821,17.804494,17.804494,17.804494,16.401219,15.0,12.206556,9.219544,5.656854,2.236068,3.162278,6.0,8.062258,10.049876,12.165525,14.317821,15.297059,16.492423,16.763055,18.027756,17.888544,17.888544,16.124515,14.422205,12.806248,9.219544,7.81025,10.816654,13.038405,14.764823,17.0,16.643317,16.643317,15.0,14.21267,12.806248,10.630146,9.219544,7.211103,5.830952,6.0,6.324555,7.81025,10.630146,12.041595,15.0,16.401219,16.401219,16.401219,15.620499,13.453624,10.630146,13.038405,14.422205,15.0,15.620499,14.866069,13.453624,10.630146,7.81025,5.830952,3.162278,3.162278,5.0,6.324555,8.544004,9.848858,12.083046,13.892444,14.422205,16.401219,17.029386,16.970563,16.970563,14.866069,12.727922,10.0,7.28011,10.440307,12.369317,13.341664,13.341664,13.341664,13.601471,13.0,12.529964,11.661904,11.401754,11.313708,10.816654,11.18034,11.7047,11.18034,11.0,11.401754,11.661904,12.041595,13.928388,16.278821,20.0,23.194827,25.70992,26.570661,25.495098,19.0,17.117243,15.524175,13.0,9.899495,8.246211,9.486833,10.630146,13.601471,14.764823,15.811388,16.278821,16.03122,16.03122,15.297059,13.928388,13.416408,12.206556,11.313708,10.0,8.944272,7.28011,4.0,2.236068,2.236068,5.0
sujin_pick_up_variation_04,132,44,4.400578947368421,29.9960531509012,10,0.4944263696670532,0.5295402407646179,-0.4307029545307159,0.9997414946556092,0.4906574785709381,0.5419751405715942,-0.429136723279953,0.999398708343506,0.4887206256389618,0.5427718758583069,-0.4291161894798279,0.999373972415924,0.4867500364780426,0.5436871647834778,-0.4291835427284241,0.9992493987083436,0.4974471628665924,0.5425615906715393,-0.4274154603481293,0.9996370673179626,0.5000365376472473,0.5436010360717773,-0.4275094866752624,0.9996706247329712,0.5025157928466797,0.5446341037750244,-0.4276250004768371,0.9997060298919678,0.4844752848148346,0.5499708652496338,-0.3659140765666961,0.9989286065101624,0.5075287222862244,0.5485228300094604,-0.3576612174510956,0.9996492862701416,0.4915611445903778,0.5239946842193604,-0.4017292857170105,0.9995251893997192,0.5000726580619812,0.5246461033821106,-0.399684876203537,0.9996519088745116,0.4720447957515716,0.5233619213104248,-0.2646302580833435,0.9991668462753296,0.5254495143890381,0.5101152658462524,-0.26065593957901,0.9998857975006104,0.4818376898765564,0.4394837319850921,-0.2187941819429397,0.8819310069084167,0.5310477018356323,0.4196284115314483,-0.254215270280838,0.9798195362091064,0.497857928276062,0.374238908290863,-0.2131043821573257,0.8157027363777161,0.5328173041343689,0.3372710943222046,-0.2905534505844116,0.96512371301651,0.5001868009567261,0.3567647039890289,-0.220029667019844,0.7981260418891907,0.537613570690155,0.3093299269676208,-0.3065762817859649,0.9285754561424256,0.5020613074302673,0.355783075094223,-0.2332797348499298,0.8018801808357239,0.5329287648200989,0.3077686727046966,-0.3226974308490753,0.9334539771080016,0.5027005076408386,0.363547533750534,-0.2175861001014709,0.7947312593460083,0.5294789671897888,0.3149848580360412,-0.2976475954055786,0.9234122037887572,0.4834778904914856,0.4706762731075287,-0.0086842318996787,0.9994314312934875,0.5157836675643921,0.4728341698646545,0.0086875949054956,0.9995554089546204,0.4896007478237152,0.364605188369751,-0.0893955007195472,0.9479780793190002,0.5168787240982056,0.3601194322109222,-0.0512632839381694,0.9030890464782716,0.4950371086597442,0.2387283891439438,-0.042983166873455,0.9622577428817748,0.516950786113739,0.2154648452997207,-0.0090255625545978,0.9460712671279908,0.4983268678188324,0.2230979204177856,-0.043201744556427,0.7560321092605591,0.5138071775436401,0.1999665349721908,-0.0095433900132775,0.699383020401001,0.4968405961990356,0.1948664933443069,-0.1333362907171249,0.956696629524231,0.524899423122406,0.1842817068099975,-0.1043952330946922,0.9420119524002076,sujin_pick_up_variation_04,20.156029,20.7977615,20.5843135,18.788294,16.3542195,14.1231045,10.975335,7.385231,3.924096,1.5,3.3027755,6.6814365,9.1480435,12.2200795,15.1589105,17.3815275,19.02637,20.4554595,20.306471,19.8742875,17.707081,15.1685925,11.993294,9.244682999999998,6.6978115,6.3638395,5.377937,2.699173,2.9208095,4.813903,8.062258,10.6704955,13.076473,13.959646,14.920998,14.8331555,14.482167,12.9849915,12.0226805,10.199942,8.109049,7.106687,5.830952,5.09902,4.611063,5.0367965,5.04951,6.8023325,8.2525245,11.168612499999998,13.453831999999998,16.008581999999997,7.615773,11.18034,13.152946,15.132746,16.124515,17.262677,16.492423,15.524175,14.56022,12.649111,10.77033,9.486833,8.246211,7.0,6.324555,7.211103,9.899495,11.401754,14.422205,15.264338,16.643317,18.027756,18.027756,15.811388,13.601471,11.401754,12.165525,14.142136,15.297059,15.297059,14.56022,12.649111,10.77033,8.544004,6.324555,3.0,2.236068,3.162278,5.0,7.071068,9.0,11.0,12.041595,14.142136,14.56022,15.811388,16.155494,15.231546,14.317821,12.083046,9.219544,7.071068,13.038405,16.124515,17.0,18.35756,17.0,16.124515,15.264338,13.601471,12.041595,10.630146,10.29563,9.486833,9.055385,9.055385,10.440307,11.18034,11.401754,12.041595,12.529964,13.601471,15.033296,16.124515,17.720045,18.788294,18.601075,17.691806,18.439089,17.117243,16.0,13.152946,10.77033,7.81025,7.071068,8.544004,12.041595,14.21267,15.264338,16.552945,16.763055,16.492423,16.124515,16.0,14.142136,13.341664,12.649111,11.18034,8.602325,6.403124,3.605551,4.242641,7.81025,6.035534
sujin_pick_up_variation_04,135,45,4.500592105263158,29.9960531509012,10,0.4947180151939392,0.4691478908061981,-0.4183254241943359,0.999686360359192,0.4911645650863647,0.4806215167045593,-0.4201515614986419,0.999276340007782,0.4892219007015228,0.482009619474411,-0.420108437538147,0.9992327690124512,0.4871197640895843,0.4834765493869781,-0.4201640188694,0.9990995526313782,0.4974738359451294,0.480214774608612,-0.4191866219043731,0.9995850324630736,0.5000895857810974,0.4813627898693084,-0.4192185699939728,0.9996283054351808,0.5025879740715027,0.4826930165290832,-0.4192999899387359,0.9996713995933532,0.4844996035099029,0.4957190155982971,-0.3668429553508758,0.9988133907318116,0.5083523988723755,0.4943346977233886,-0.3605968654155731,0.9996402263641356,0.4920493960380554,0.4655741453170776,-0.392380803823471,0.999468207359314,0.5001433491706848,0.4652135074138641,-0.3908526599407196,0.999582588672638,0.4727460741996765,0.4897542297840118,-0.2339319288730621,0.99905925989151,0.5230683088302612,0.4703078269958496,-0.2694538533687591,0.9998634457588196,0.4815475642681122,0.4672418534755707,-0.103839986026287,0.8341878652572632,0.5281326174736023,0.3753721714019775,-0.2774377167224884,0.9715471267700196,0.4950327575206756,0.4487472772598266,0.0173865798860788,0.7711812853813171,0.5324715375900269,0.2923330664634704,-0.3140545785427093,0.9544556736946106,0.4982969164848327,0.4560528993606567,0.0369967147707939,0.7534205317497253,0.5373866558074951,0.2674294114112854,-0.3281097412109375,0.9118764400482178,0.4985902905464172,0.4541458785533905,0.0269798748195171,0.7598907351493835,0.5327199101448059,0.2657831907272339,-0.3465585112571716,0.918159246444702,0.4983583092689514,0.4517100155353546,0.0179671645164489,0.7564367651939392,0.5291951894760132,0.2721920013427734,-0.3221016526222229,0.9112400412559508,0.4834425747394562,0.4721186459064483,0.0022113332524895,0.9994866847991944,0.5151793956756592,0.4734078645706177,-0.0021972507238388,0.9995972514152528,0.4908300936222076,0.3642292022705078,-0.0591937229037284,0.9195209741592408,0.5153211355209351,0.3604462444782257,-0.0505138859152793,0.8540909290313721,0.4950857162475586,0.2360852062702179,0.0062499442137777,0.9432379603385924,0.5157727599143982,0.2183959037065506,0.0062155677005648,0.9200986623764038,0.5004372000694275,0.2147351652383804,0.0075680878944695,0.7413377165794373,0.5138331651687622,0.2039213329553604,0.0079350909218192,0.6766279935836792,0.4968213438987732,0.1960906833410263,-0.0788198187947273,0.943047285079956,0.5247657895088196,0.1897435337305069,-0.0806394517421722,0.9271308183670044,sujin_pick_up_variation_04,5.830952,5.0,6.403124,9.433981,12.083046,14.866069,17.088007,17.720045,18.973666,18.973666,18.384776,16.552945,14.764823,12.529964,10.816654,7.071068,3.162278,3.0,6.708204,11.401754,15.556349,18.601075,20.59126,20.248457,20.615528,18.11077,19.0,20.024984,21.023796,20.024984,19.026298,17.029386,14.0,10.0,6.324555,3.605551,4.123106,7.211103,9.219544,10.630146,12.041595,13.453624,13.601471,14.422205,13.416408,13.928388,14.317821,14.035669,14.035669,14.142136,12.369317,10.77033,7.211103,10.630146,13.453624,14.866069,16.278821,16.278821,16.278821,14.866069,13.601471,12.206556,10.816654,8.602325,7.071068,6.403124,5.09902,6.082763,8.062258,10.816654,12.806248,15.0,16.401219,16.401219,16.401219,15.0,13.601471,10.0,12.806248,15.0,15.811388,15.811388,15.264338,13.038405,10.816654,8.602325,5.656854,3.162278,3.162278,4.242641,6.403124,8.602325,10.630146,12.041595,13.453624,14.866069,16.401219,16.643317,17.0,16.124515,14.764823,11.661904,10.0,6.708204,14.0,16.0,18.0,18.0,18.0,17.0,15.0,14.035669,12.165525,10.440307,9.433981,8.485281,8.602325,8.544004,9.055385,10.198039,10.77033,12.206556,12.727922,13.892444,14.866069,16.278821,17.0,18.248288,17.088007,17.0,20.615528,20.0,18.867962,16.124515,12.649111,9.0,6.708204,7.615773,10.0,12.649111,15.231546,16.643317,17.204651,17.029386,16.970563,17.029386,15.811388,15.652476,14.317821,12.649111,10.198039,8.0,5.09902,1.414214,3.162278,7.071068
sujin_pick_up_variation_04,138,46,4.600605263157894,29.9960531509012,10,0.4948952496051788,0.4295781254768371,-0.3024134039878845,0.9996802806854248,0.4910299181938171,0.4376395940780639,-0.3067502677440643,0.9992713332176208,0.4888486564159393,0.4387756288051605,-0.3066989779472351,0.9992302060127258,0.486531913280487,0.4401142299175262,-0.306729644536972,0.9990854859352112,0.4973860681056976,0.4381221234798431,-0.3050197064876556,0.9995905160903932,0.4997616410255432,0.4396548867225647,-0.3050264120101928,0.9996410012245178,0.5019329786300659,0.4414780139923095,-0.3050953149795532,0.9996808171272278,0.4830221235752105,0.4533250033855438,-0.2794780135154724,0.9988541007041932,0.506498396396637,0.4570201635360718,-0.2697364389896393,0.9996669292449952,0.4920365512371063,0.4296475052833557,-0.2864202260971069,0.9994881749153136,0.4999350011348724,0.4307429790496826,-0.2840567529201507,0.9995982050895692,0.4708223640918731,0.4611108899116516,-0.1813114136457443,0.9990326166152954,0.52359539270401,0.4528236985206604,-0.2139251977205276,0.9998616576194764,0.4789418578147888,0.4300079345703125,-0.067217618227005,0.7883802056312561,0.5276612043380737,0.3600541353225708,-0.2263860255479812,0.9721145033836364,0.4924760460853576,0.4498461782932281,0.0331662856042385,0.753718912601471,0.532111644744873,0.2642965316772461,-0.2656087279319763,0.9554126858711244,0.4978459775447845,0.4590610265731811,0.0483500771224498,0.7368905544281006,0.5373843312263489,0.2384772151708603,-0.2827853858470917,0.913582444190979,0.4982897043228149,0.464381068944931,0.0493571199476718,0.7430964708328247,0.5310729146003723,0.2373115271329879,-0.302445501089096,0.9191131591796876,0.497145801782608,0.4615920782089233,0.0370757095515728,0.740860641002655,0.5276214480400085,0.2452870905399322,-0.2772613167762756,0.9131913781166076,0.4812026917934418,0.4740583002567291,0.0038611239288002,0.9995373487472534,0.5137644410133362,0.4791321456432342,-0.0038727433420717,0.9996365308761596,0.4899469912052154,0.3707965612411499,-0.0927669480443,0.892855703830719,0.5118734836578369,0.3795795142650604,-0.08255036175251,0.8049851059913635,0.49610236287117,0.2404873073101043,-0.0559718050062656,0.9265064597129822,0.5121962428092957,0.2418159246444702,-0.0443337447941303,0.8934183120727539,0.5008346438407898,0.226903349161148,-0.0543308034539222,0.7382676005363464,0.5107173919677734,0.2289493232965469,-0.0427583269774913,0.6658036112785339,0.4979806542396545,0.2021986693143844,-0.1236753016710281,0.9323117733001708,0.513925313949585,0.1927405148744583,-0.1124439164996147,0.9128286242485046,sujin_pick_up_variation_04,8.602325,5.830952,5.09902,6.403124,10.29563,13.0,14.866069,16.763055,16.763055,17.088007,17.088007,16.552945,14.764823,13.038405,10.630146,7.211103,5.0,4.472136,7.071068,11.18034,15.620499,18.439089,20.248457,21.023796,19.924859,18.248288,20.099751,21.213203,22.203603,21.213203,19.235384,16.124515,13.038405,9.055385,5.385165,4.472136,6.324555,8.944272,10.816654,12.806248,14.21267,14.866069,14.866069,14.866069,15.0,14.764823,14.56022,15.132746,15.0,15.132746,14.56022,12.649111,27.073973,25.179357,22.203603,18.248288,14.142136,10.049876,6.082763,5.656854,6.324555,8.062258,10.049876,12.041595,14.035669,15.132746,16.492423,17.720045,16.763055,16.763055,14.56022,12.369317,10.0,8.544004,8.485281,10.29563,12.649111,14.317821,8.062258,5.385165,5.385165,7.071068,9.848858,13.416408,16.552945,17.464249,19.313208,18.973666,18.439089,17.117243,16.03122,14.0,12.041595,10.049876,7.071068,5.0,3.605551,5.0,9.055385,13.152946,18.248288,22.203603,26.07681,28.017851,13.416408,15.652476,17.0,18.35756,17.0,16.552945,15.231546,13.928388,12.369317,11.045361,10.049876,8.544004,7.81025,7.81025,8.544004,9.055385,10.198039,9.848858,11.313708,13.038405,14.56022,16.124515,18.027756,19.646883,20.615528,20.248457,20.099751,20.223748,18.439089,15.811388,13.892444,10.630146,9.219544,9.219544,12.206556,13.453624,15.811388,17.0,17.464249,16.763055,16.278821,16.124515,15.0,15.132746,13.341664,12.649111,10.29563,8.602325,5.656854,2.0,3.162278,7.28011
sujin_pick_up_variation_04,141,47,4.700618421052631,29.9960531509012,10,0.4945288002490997,0.4009816348552704,-0.3355544507503509,0.9995768070220948,0.4907390475273132,0.4067649245262146,-0.3415440022945404,0.998936891555786,0.4885504841804504,0.4080511927604675,-0.3414879441261291,0.9989578723907472,0.4862560629844665,0.4095330834388733,-0.3414817452430725,0.9987149238586426,0.4968548715114593,0.4072464406490326,-0.3403239250183105,0.999431312084198,0.4990689158439636,0.4086993634700775,-0.3403568267822265,0.999548614025116,0.5011692643165588,0.410257875919342,-0.3404331505298614,0.9995769262313844,0.4821585714817047,0.424364686012268,-0.3179896771907806,0.9985668063163756,0.5056017637252808,0.4241481423377991,-0.3063572347164154,0.9996278882026672,0.4917333722114563,0.4035354256629944,-0.3173751831054687,0.9993631839752196,0.4987482726573944,0.4050014913082123,-0.315530776977539,0.9994542002677916,0.4694892764091491,0.4561349749565124,-0.2074268907308578,0.998961329460144,0.5236112475395203,0.4348239600658417,-0.2461103945970535,0.9998562932014464,0.4773587882518768,0.4388047754764557,-0.0760085731744766,0.7599155306816101,0.5273482799530029,0.3438372015953064,-0.2610064744949341,0.9743244647979736,0.4904663860797882,0.4289101660251617,0.0427225641906261,0.747367799282074,0.5318029522895813,0.2401220202445984,-0.2813454568386078,0.95907461643219,0.4931571185588836,0.4313874244689941,0.0580252148211002,0.7330619096755981,0.5374003648757935,0.2135786414146423,-0.2994890213012695,0.919948160648346,0.4955720007419586,0.4319859147071838,0.0522026233375072,0.7404467463493347,0.5309784412384033,0.2117785215377807,-0.3101490139961242,0.9248587489128112,0.4954040348529815,0.4304937720298767,0.0443928577005863,0.7409207820892334,0.5273488163948059,0.22163026034832,-0.2867549359798431,0.9198718070983888,0.4810294806957245,0.4662232995033264,0.012426970526576,0.999582588672638,0.5139895081520081,0.4678955078125,-0.0124172605574131,0.9996708631515504,0.4892156720161438,0.3549837172031402,-0.0694566071033477,0.8489753603935242,0.5127120614051819,0.3758715987205505,-0.0849248096346855,0.7490761876106262,0.4960916638374328,0.2334369122982025,-0.0237404629588127,0.900594174861908,0.5118882060050964,0.2372652143239975,-0.0301636811345815,0.8485403656959534,0.5026001334190369,0.2182555347681045,-0.0222242418676614,0.7283459901809692,0.5111545920372009,0.2223628312349319,-0.0281411502510309,0.6451830267906189,0.4965024888515472,0.2030841261148452,-0.0957851558923721,0.9204896688461304,0.5053123235702515,0.1861704736948013,-0.1010548621416091,0.8895267844200134,sujin_pick_up_variation_04,8.062258,5.830952,5.09902,7.211103,10.630146,13.453624,15.620499,17.804494,18.601075,18.601075,18.439089,16.970563,16.278821,13.601471,10.816654,8.246211,6.082763,5.830952,9.055385,13.416408,16.401219,19.104973,20.808652,21.023796,20.248457,17.464249,18.973666,19.924859,19.924859,18.973666,17.088007,15.231546,12.529964,8.602325,5.0,3.0,5.0,7.28011,9.219544,10.198039,12.041595,12.041595,12.165525,12.649111,12.083046,12.206556,13.453624,14.422205,15.231546,15.811388,15.524175,13.152946,7.071068,9.486833,12.083046,14.764823,15.652476,16.552945,16.155494,14.866069,13.601471,12.369317,10.440307,8.246211,7.28011,5.0,4.472136,6.082763,8.062258,10.440307,12.649111,15.231546,16.155494,17.088007,16.155494,15.811388,13.0,10.77033,14.035669,17.029386,17.029386,17.029386,16.03122,14.0,12.0,9.0,6.082763,4.123106,3.162278,4.0,6.324555,7.615773,9.848858,11.7047,13.601471,15.297059,16.124515,17.117243,17.029386,16.0,15.0,13.0,10.049876,6.708204,12.316982,14.4490065,16.0048135,15.644192,15.916971,14.329452,13.0226805,11.618222,10.324486,9.004144499999999,8.1055515,7.28011,7.1055515,6.841616999999999,6.767829,7.1410855,8.154234500000001,9.219544,10.532979999999998,12.7476095,14.897306,17.418518,19.2939395,21.063351,22.2576505,21.5025565,19.416488,19.303200500000003,18.670482,16.7764725,15.021352,13.831047,13.462912,13.6394105,14.6846585,16.2142955,16.8517135,17.1510205,17.153288500000002,16.871535,15.9679515,15.537863000000002,14.4887465,13.691006,13.2038595,11.9137145,10.7201535,9.5526305,7.8390155,6.182529000000001,6.201562,7.4479415
sujin_pick_up_variation_04,144,48,4.800631578947368,29.9960531509012,10,0.4925180375576019,0.3846506178379059,-0.345229297876358,0.9995445609092712,0.4886693358421325,0.3890197575092315,-0.3508424460887909,0.9988502860069276,0.4867369532585144,0.3896752595901489,-0.3507806062698364,0.998897135257721,0.4847831726074219,0.3904400467872619,-0.3507876396179199,0.9986212849617004,0.4941332042217254,0.3899378478527069,-0.3500693738460541,0.99937641620636,0.4960516095161438,0.391175240278244,-0.3501098752021789,0.9995181560516356,0.4978426992893219,0.3923485577106476,-0.3501841723918915,0.999527394771576,0.4807207286357879,0.4039987921714782,-0.324269562959671,0.9985601902008056,0.5003480911254883,0.4029358327388763,-0.318621277809143,0.9996377229690552,0.4900661706924438,0.3864496946334839,-0.3258880078792572,0.9993518590927124,0.496292233467102,0.3882871866226196,-0.3248113989830017,0.9994242787361144,0.4694526493549347,0.4386595487594604,-0.212512731552124,0.9989800453186036,0.5212336182594299,0.414445012807846,-0.247249037027359,0.9998507499694824,0.4775618314743042,0.4225212931632995,-0.0635244026780128,0.7255479097366333,0.5277894735336304,0.3213277161121368,-0.2563028335571289,0.9759305119514464,0.4920928180217743,0.4295912384986877,0.07074985653162,0.7351022958755493,0.5326484441757202,0.2237190455198288,-0.2679343521595001,0.9614933133125304,0.500329852104187,0.4377275109291076,0.0880573764443397,0.7241573929786682,0.5377735495567322,0.1947075128555297,-0.2833180129528045,0.923533856868744,0.5027362108230591,0.4396700263023376,0.0849728062748909,0.7309240102767944,0.5311033725738525,0.1948794275522232,-0.2973440289497375,0.9270491003990172,0.4992263615131378,0.4363681674003601,0.0740347802639007,0.7326191067695618,0.5276069641113281,0.2022565603256225,-0.2730346620082855,0.9238237142562866,0.485813170671463,0.442286729812622,0.0130613697692751,0.9996233582496644,0.5141634345054626,0.4486823678016662,-0.0130056617781519,0.9997019171714784,0.4918971359729767,0.3405838310718536,-0.0782945230603218,0.7843067049980164,0.5126211047172546,0.3417553305625915,-0.0979094356298446,0.6928527355194092,0.4972095787525177,0.2294195741415023,-0.0102528436109423,0.851795494556427,0.5096167922019958,0.2285689115524292,-0.0212962888181209,0.8016561269760132,0.502981960773468,0.210428699851036,-0.0065722623839974,0.7011489272117615,0.5094611048698425,0.2171888798475265,-0.0168479960411787,0.6258437037467957,0.4957031905651092,0.2034314572811126,-0.0820369273424148,0.8910499811172485,0.5050480961799622,0.1944303512573242,-0.0898042842745781,0.8575916290283203,sujin_pick_up_variation_04,8.062258,5.09902,5.0,8.544004,11.18034,14.142136,17.117243,18.11077,19.104973,19.235384,19.416488,17.464249,15.811388,13.928388,11.18034,7.211103,4.123106,3.162278,8.246211,12.529964,17.204651,20.518285,22.022716,21.954498,21.023796,19.646883,19.104973,20.099751,20.024984,19.104973,17.117243,15.132746,12.369317,8.544004,5.656854,5.09902,6.324555,8.602325,10.630146,12.041595,12.727922,14.21267,13.601471,13.892444,13.0,12.165525,13.0,13.152946,14.866069,14.317821,13.892444,12.206556,8.0,11.18034,14.317821,16.278821,16.492423,17.262677,17.117243,16.03122,15.033296,13.0,11.0,10.0,8.062258,6.324555,6.403124,7.211103,8.544004,11.18034,13.038405,15.033296,16.03122,17.029386,17.029386,15.033296,14.142136,11.045361,13.038405,15.033296,15.132746,16.124515,14.142136,13.341664,11.18034,8.246211,6.082763,3.0,2.236068,3.162278,5.385165,7.28011,9.486833,11.18034,12.165525,14.035669,15.0,16.03122,16.124515,15.297059,14.142136,11.18034,9.0,6.324555,15.033296,12.165525,9.219544,5.385165,2.236068,1.0,3.162278,4.472136,6.403124,7.81025,8.062258,8.246211,9.0,10.198039,11.18034,12.041595,13.601471,14.866069,15.297059,16.03122,15.524175,14.317821,12.806248,10.29563,8.0,6.403124,14.764823,17.029386,19.104973,21.931712,23.430749,24.207437,24.413111,23.021729,21.954498,20.124612,17.464249,15.811388,14.142136,14.0,13.152946,12.649111,12.083046,12.206556,12.727922,13.038405,13.0,14.317821,16.124515,17.029386,18.027756,18.027756
sujin_pick_up_variation_04,147,49,4.900644736842105,29.9960531509012,10,0.49008309841156,0.378319650888443,-0.3260031342506408,0.9995536208152772,0.4860178530216217,0.3833762109279632,-0.3326812386512756,0.99881911277771,0.4840453863143921,0.384326308965683,-0.3326083719730377,0.9989061951637268,0.4821470379829407,0.385369598865509,-0.3326168358325958,0.9985772371292114,0.4918068647384643,0.3834870159626007,-0.3344248235225677,0.9993494153022766,0.4938497841358185,0.3846018016338348,-0.3344808518886566,0.9995226860046388,0.4958067834377289,0.3857731819152832,-0.3345788717269897,0.9995043873786926,0.4785166382789612,0.398995578289032,-0.3134636580944061,0.99859619140625,0.4985818266868591,0.3966281116008758,-0.3146907687187195,0.9996541142463684,0.4876726865768432,0.3801893591880798,-0.310314804315567,0.9993689656257628,0.4940425157546997,0.3814444541931152,-0.3126466870307922,0.9994321465492249,0.4686076045036316,0.4298765957355499,-0.2064967900514602,0.999031126499176,0.5216575264930725,0.4092482328414917,-0.254964143037796,0.9998517036437988,0.4775844216346741,0.3985602557659149,-0.0494880527257919,0.7069554924964905,0.5296971201896667,0.3170924186706543,-0.2624608278274536,0.9779883623123168,0.4907887876033783,0.3865782022476196,0.0876685231924057,0.729853630065918,0.5364596843719482,0.2184677422046661,-0.2634116113185882,0.964947521686554,0.4952827095985412,0.3877101838588714,0.1078220903873443,0.7243160605430603,0.5395860075950623,0.1909549832344055,-0.2783595621585846,0.930199921131134,0.4974978268146515,0.3876756727695465,0.1015493869781494,0.7311682105064392,0.5327320098876953,0.1915007531642913,-0.29498952627182,0.933183252811432,0.4958205819129944,0.3873620629310608,0.0896338000893592,0.7346366047859192,0.5298832654953003,0.200338676571846,-0.2684063911437988,0.9303960204124452,0.4916040003299713,0.4391635358333587,0.0235232133418321,0.9996604919433594,0.5189276933670044,0.4388024806976318,-0.0235896613448858,0.999730348587036,0.4917524456977844,0.3331590294837951,-0.0229796972125768,0.723801851272583,0.5128526091575623,0.3381772041320801,-0.0773589238524437,0.6472450494766235,0.4971615076065063,0.230574831366539,0.0664620175957679,0.804899275302887,0.5108075737953186,0.2285045832395553,0.020648343488574,0.7755082845687866,0.5042287111282349,0.2120605260133743,0.072993591427803,0.6701748371124268,0.5152962803840637,0.2164306193590164,0.0283354502171278,0.6082233786582947,0.4938123524188995,0.2069028317928314,0.0213452521711587,0.8665733933448792,0.5028814673423767,0.1896765530109405,-0.0270551741123199,0.841587245464325,sujin_pick_up_variation_04,17.888544,19.697716,19.697716,18.384776,16.155494,13.928388,10.77033,7.615773,3.605551,3.162278,6.324555,9.848858,12.083046,15.652476,18.35756,20.248457,21.400935,20.518285,19.104973,17.204651,13.416408,9.219544,6.082763,4.472136,5.09902,2.0,2.236068,6.082763,8.0,10.049876,12.165525,14.142136,15.297059,15.524175,14.317821,13.601471,11.7047,9.486833,7.211103,5.656854,5.385165,5.09902,5.830952,7.071068,7.211103,7.615773,8.062258,9.219544,9.848858,12.041595,14.21267,12.77411,8.246211,12.083046,14.764823,17.0,17.492856,17.888544,17.464249,16.155494,15.811388,13.601471,12.649111,9.486833,8.944272,7.211103,6.403124,7.28011,9.0,11.045361,13.152946,15.297059,16.492423,17.464249,17.262677,15.297059,14.142136,11.18034,14.317821,15.297059,16.278821,16.278821,16.124515,14.142136,12.041595,9.055385,6.082763,2.828427,2.0,3.605551,6.403124,7.81025,10.0,11.661904,13.416408,15.231546,15.811388,16.492423,16.278821,16.124515,14.142136,12.165525,9.486833,6.403124,15.0,12.041595,9.219544,5.385165,2.828427,2.236068,4.0,6.082763,7.28011,8.062258,9.219544,9.219544,9.848858,11.401754,12.0,13.341664,13.416408,14.866069,15.0,15.652476,14.56022,13.0,11.401754,9.219544,7.615773,7.615773,14.866069,17.0,19.416488,22.022716,23.345235,24.758837,24.839485,24.207437,23.600847,21.095023,18.35756,17.464249,14.56022,13.152946,12.0,11.18034,10.77033,10.0,10.630146,11.18034,12.369317,14.142136,16.0,18.0,19.026298,18.027756
sujin_pick_up_variation_04,150,50,5.000657894736842,29.9960531509012,10,0.4879570305347442,0.3814308941364288,-0.3330546617507934,0.9995580315589904,0.4833573400974273,0.3870567977428436,-0.3368763029575348,0.9988654851913452,0.4810001254081726,0.3881446719169616,-0.3368099629878998,0.998946487903595,0.4788568615913391,0.3893081843852997,-0.3368204832077026,0.9986229538917542,0.49004727602005,0.3875323832035064,-0.3385581076145172,0.9993579983711244,0.492225706577301,0.3890581727027893,-0.3386194109916687,0.9995341897010804,0.4942257106304168,0.3906662464141845,-0.3387095034122467,0.999510645866394,0.4753548204898834,0.4033438265323639,-0.3052156567573547,0.9986395835876464,0.4972031414508819,0.403711587190628,-0.3126813173294067,0.999663770198822,0.4849606454372406,0.382735937833786,-0.3137798905372619,0.9993792176246644,0.4921602606773376,0.3844866156578064,-0.3160184323787689,0.9994362592697144,0.4672721326351166,0.4317267835140228,-0.201130524277687,0.9990357160568236,0.5220800638198853,0.4109813272953033,-0.251589685678482,0.9998367428779602,0.4758735299110412,0.352336436510086,-0.0746665522456169,0.6682630181312561,0.5303353071212769,0.3135231435298919,-0.2637888789176941,0.97955322265625,0.4785836040973663,0.2999642193317413,0.0104785114526748,0.7148582339286804,0.5374519228935242,0.2184321582317352,-0.2756136357784271,0.967966079711914,0.4753390252590179,0.2900753617286682,0.0202515795826911,0.7156561017036438,0.5399627685546875,0.1905610561370849,-0.2946342527866363,0.9360449314117432,0.4778626263141632,0.2841602861881256,0.009582107886672,0.7249598503112793,0.5327361226081848,0.1916593462228775,-0.30394047498703,0.938680112361908,0.4825571775436401,0.2909309267997741,0.009215235710144,0.7325516939163208,0.5298980474472046,0.2036530673503875,-0.279990404844284,0.9362130761146544,0.491150438785553,0.4374795258045196,0.020904054865241,0.999693751335144,0.5196585059165955,0.4354017674922943,-0.020993972197175,0.999754786491394,0.4916227757930755,0.3331667482852936,-0.0433108806610107,0.6640185117721558,0.5130536556243896,0.3376051783561706,-0.0744661763310432,0.5969497561454773,0.5002939701080322,0.2329384684562683,0.0429179482161998,0.7541496753692627,0.5112770199775696,0.2336536794900894,0.024745175614953,0.7354819178581238,0.5060018301010132,0.2206171005964279,0.04971469566226,0.6328683495521545,0.5157265067100525,0.2218525856733322,0.0323385745286941,0.5781399011611938,0.4939603805541992,0.2102785110473632,-0.0050429790280759,0.8412213921546936,0.5010052919387817,0.1933618336915969,-0.0233007371425628,0.8138688206672668,sujin_pick_up_variation_04,8.062258,5.0,6.0,9.486833,12.529964,16.124515,18.027756,18.867962,20.248457,19.723083,19.235384,17.888544,16.552945,13.928388,11.401754,7.071068,3.162278,2.828427,8.544004,13.152946,18.027756,21.023796,23.345235,23.086793,21.931712,20.248457,17.204651,18.027756,18.027756,16.401219,15.620499,13.453624,10.630146,8.062258,6.082763,5.385165,6.403124,8.944272,9.486833,10.198039,11.045361,12.041595,11.0,11.18034,10.77033,11.661904,12.041595,12.806248,13.892444,14.317821,14.866069,13.341664,27.630969,25.196675,21.943105000000003,17.790174999999998,13.673034,9.7169905,6.767829,5.5908915,6.841616999999999,8.377261,10.59017,12.7290015,13.8857225,15.5107815,16.520938,16.8962205,16.056461,15.458779,14.006922,11.509204,9.018153,7.8366965,8.249827,10.5,12.940434,14.7548645,8.2737695,5.2420925,5.04951,7.343420500000001,10.2468345,13.6589105,16.7090855,18.6136915,19.4411335,19.3483745,18.9571415,17.790174999999998,15.840432,14.3174375,12.1240755,10.462888,7.5106765,5.5210095,4.061553,5.701562,9.534201,13.8857225,18.586535,22.4940485,25.901337,28.0524105,13.928388,12.083046,9.433981,5.656854,3.162278,1.414214,3.162278,4.472136,5.656854,7.071068,8.062258,8.544004,10.049876,11.045361,12.369317,13.416408,14.21267,15.620499,16.124515,16.155494,15.297059,14.0,12.369317,10.0,7.615773,6.324555,13.038405,15.297059,18.681542,21.18962,22.847319,23.259407,23.259407,22.825424,21.095023,18.601075,16.278821,14.21267,12.529964,10.77033,11.045361,11.045361,10.440307,11.18034,12.206556,12.727922,13.601471,14.764823,17.088007,18.027756,17.720045,17.720045
sujin_pick_up_variation_04,153,51,5.100671052631579,29.9960531509012,10,0.4845131635665893,0.3977222740650177,-0.3403211534023285,0.9995753169059752,0.4801807999610901,0.4027442634105682,-0.3431021273136139,0.9989151358604432,0.4780769050121307,0.4033635258674621,-0.3430393934249878,0.9989882707595824,0.476010799407959,0.4042704403400421,-0.3430468142032623,0.9986630082130432,0.4859396815299988,0.4036670327186584,-0.3442568480968475,0.999386727809906,0.4879648387432098,0.4047830402851105,-0.3443096280097961,0.9995594620704652,0.4899994134902954,0.4060308337211609,-0.344386488199234,0.999534010887146,0.4731850922107696,0.4151983559131622,-0.3053646683692932,0.998681664466858,0.4941962361335754,0.4171702265739441,-0.3175071775913238,0.9996854066848756,0.482635885477066,0.3982203304767608,-0.3193512558937073,0.9994058609008788,0.4891745746135711,0.4001478254795074,-0.3192474544048309,0.9994644522666932,0.4672941267490387,0.440145343542099,-0.1974320411682129,0.9990208745002748,0.5222393274307251,0.4196396172046661,-0.2584368586540222,0.9998340010643004,0.4719695150852203,0.3627142012119293,-0.072832740843296,0.6298980712890625,0.5296902060508728,0.3189197182655334,-0.2733437418937683,0.981173574924469,0.4753342270851135,0.3154193460941314,0.0075059444643557,0.6859132051467896,0.537259042263031,0.222328320145607,-0.2919131219387054,0.9707541465759276,0.4728555679321289,0.3060690462589264,0.0194200295954942,0.6929765939712524,0.5398099422454834,0.1961089372634887,-0.3112143874168396,0.9414181113243104,0.475932776927948,0.3036380410194397,0.0079881269484758,0.7043339014053345,0.5322560667991638,0.197159856557846,-0.3207945227622986,0.9437673687934875,0.4794645011425018,0.3069173097610473,0.0057508656755089,0.7164040803909302,0.5293782949447632,0.2072456330060959,-0.2964790165424347,0.941444993019104,0.4902518391609192,0.4421983361244201,0.0215211231261491,0.9997237920761108,0.5217231512069702,0.4422209858894348,-0.0216306764632463,0.9997772574424744,0.4892850518226623,0.3362978994846344,-0.0496356673538684,0.6242719292640686,0.512812614440918,0.3378498256206512,-0.0570180155336856,0.557460367679596,0.5017741918563843,0.2331730872392654,0.0365858450531959,0.7287915349006653,0.5134919881820679,0.2324703335762024,0.045141115784645,0.7142118811607361,0.5070936679840088,0.2208536714315414,0.0405879728496074,0.6149049997329712,0.518069326877594,0.2199343740940094,0.0515928789973259,0.5584637522697449,0.4940299689769745,0.2090319097042083,-0.0239092595875263,0.8336343169212341,0.5036410093307495,0.1925721913576126,-0.0096098389476537,0.8012406229972839,sujin_pick_up_variation_04,7.071068,4.123106,5.0,8.544004,11.18034,14.035669,17.029386,18.027756,19.026298,19.026298,19.104973,17.117243,16.278821,13.341664,10.77033,7.211103,4.472136,4.242641,8.062258,13.152946,16.763055,19.697716,21.954498,22.022716,21.213203,19.209373,18.35756,19.723083,19.723083,18.35756,17.0,14.317821,11.7047,8.246211,5.09902,4.472136,6.0,8.246211,10.77033,11.18034,12.529964,13.038405,12.806248,12.727922,12.206556,12.083046,12.369317,13.038405,14.142136,13.601471,13.928388,12.083046,8.062258,11.18034,13.341664,15.524175,16.763055,17.464249,16.278821,15.297059,14.035669,13.038405,12.0,10.049876,8.062258,6.324555,5.830952,5.830952,8.246211,10.049876,12.0,14.035669,16.03122,17.029386,16.03122,15.033296,14.0,11.0,13.0,15.0,16.0,16.03122,15.033296,13.038405,11.0,8.0,5.09902,3.605551,3.0,5.09902,7.28011,8.544004,10.77033,12.649111,13.341664,15.132746,16.03122,17.029386,17.0,16.03122,14.035669,13.038405,10.049876,6.708204,12.083046,14.764823,14.764823,15.652476,15.231546,13.601471,12.369317,11.045361,9.055385,8.544004,7.211103,6.403124,6.324555,6.082763,6.708204,7.211103,8.544004,10.0,11.7047,13.601471,15.620499,17.888544,19.924859,21.095023,22.022716,20.615528,18.601075,19.209373,18.384776,17.029386,15.652476,14.56022,15.0,15.297059,16.155494,17.492856,18.027756,19.209373,17.691806,16.970563,16.278821,15.811388,14.764823,14.317821,13.601471,12.369317,11.045361,9.055385,7.615773,6.403124,6.324555,8.062258
sujin_pick_up_variation_04,156,52,5.200684210526315,29.9960531509012,10,0.4843093752861023,0.420924574136734,-0.3395662009716034,0.999575674533844,0.4801285564899444,0.4255204200744629,-0.3433102071285248,0.9989336729049684,0.4779559075832367,0.4262402653694153,-0.3432608544826507,0.9990057945251464,0.4757612645626068,0.4270269572734833,-0.34328094124794,0.99867844581604,0.4856157004833221,0.4258831739425659,-0.3447845876216888,0.9993844032287598,0.4874464571475982,0.4268498718738556,-0.3448538184165954,0.9995593428611756,0.4892901480197906,0.4279272556304931,-0.3449336886405945,0.999526023864746,0.4726856350898742,0.4380197525024414,-0.3057103157043457,0.998668134212494,0.492979884147644,0.4385191798210144,-0.3157818019390106,0.9996865391731262,0.4825766682624817,0.4216557443141937,-0.3193102180957794,0.9993842840194702,0.4886569678783417,0.4231964349746704,-0.3208058178424835,0.9994494318962096,0.465906947851181,0.4571577608585357,-0.2063665091991424,0.9989440441131592,0.5209313035011292,0.4401153028011322,-0.2501021921634674,0.9998179078102112,0.4709409475326538,0.3664517998695373,-0.1382200866937637,0.6240660548210144,0.5270063281059265,0.3428311645984649,-0.2559399008750915,0.9822129011154176,0.4675793349742889,0.2973091006278991,-0.0899937003850936,0.6821069121360779,0.5328371524810791,0.2432191669940948,-0.2599018216133117,0.972498893737793,0.4663196802139282,0.2894665598869324,-0.0861692354083061,0.6836862564086914,0.5370082855224609,0.2159645408391952,-0.2733567357063293,0.9443165063858032,0.4670406877994537,0.2820382714271545,-0.0937824174761772,0.6967785954475403,0.53062504529953,0.2156506925821304,-0.2820981740951538,0.9465646147727966,0.4750211834907532,0.3003022968769073,-0.0917601808905601,0.7109116911888123,0.5269776582717896,0.2253246307373047,-0.2637442052364349,0.9445065259933472,0.4869066178798675,0.444152683019638,0.0187210142612457,0.999749481678009,0.5212739109992981,0.4449204504489898,-0.0188848581165075,0.9997938871383668,0.4859837293624878,0.3396022617816925,-0.0496953949332237,0.6016702651977539,0.5129984021186829,0.347807765007019,-0.0711676999926567,0.5378625392913818,0.4942993223667145,0.2305639386177063,0.0030846607405692,0.7206894159317017,0.5126975774765015,0.2321525812149047,-0.0088966386392712,0.7026892900466919,0.4974448382854461,0.217864528298378,0.0052975798025727,0.5987748503684998,0.5159637331962585,0.2193907648324966,-0.0062011871486902,0.5397803783416748,0.4912503361701965,0.2083151340484619,-0.0519916377961635,0.8308068513870239,0.5063590407371521,0.1981073468923568,-0.0703670158982276,0.7941631078720093,sujin_pick_up_variation_04,19.235384,19.416488,18.681542,17.720045,15.811388,12.649111,9.486833,6.324555,3.162278,1.0,4.123106,7.28011,10.440307,13.601471,16.492423,18.439089,20.223748,21.023796,21.0,20.099751,17.464249,14.317821,11.401754,8.602325,7.071068,6.708204,2.0,3.162278,6.708204,10.0,12.806248,15.556349,18.384776,19.104973,19.104973,18.439089,17.691806,15.620499,13.038405,10.29563,8.544004,7.071068,5.385165,5.0,5.385165,6.082763,7.28011,7.211103,9.219544,9.848858,12.165525,15.0,26.305893,25.079872,22.090722,18.027756,14.035669,10.049876,6.708204,5.656854,6.324555,8.0,10.0,12.0,13.0,15.033296,16.124515,16.278821,16.492423,15.297059,14.317821,11.18034,9.0,7.615773,7.81025,9.486833,11.18034,13.038405,6.708204,4.242641,4.0,6.403124,9.219544,12.727922,15.556349,16.970563,17.804494,18.601075,18.027756,17.0,15.231546,13.601471,11.401754,10.198039,7.28011,5.385165,4.472136,6.0,9.486833,13.928388,18.384776,22.472205,25.298221,26.925824,14.0,11.0,8.062258,4.472136,3.605551,4.472136,5.656854,7.81025,8.944272,9.486833,10.440307,11.045361,12.0,12.165525,13.928388,14.764823,15.620499,16.278821,17.204651,17.0,16.763055,15.297059,13.0,11.401754,8.602325,6.708204,11.313708,15.811388,19.723083,22.825424,24.596748,26.0,26.0,24.351591,21.84033,19.416488,16.124515,12.0,9.219544,7.211103,5.830952,6.0,6.324555,7.81025,10.0,12.083046,13.601471,15.297059,17.029386,18.0,18.027756,17.029386
sujin_pick_up_variation_04,159,53,5.300697368421052,29.9960531509012,10,0.4825409352779388,0.4500178396701813,-0.3470037579536438,0.99945729970932,0.4782334566116333,0.4561746418476105,-0.3468658626079559,0.9985751509666444,0.475949764251709,0.4570403695106506,-0.3468717634677887,0.9986779689788818,0.4736169278621673,0.4582968950271606,-0.3469442129135132,0.9982097744941713,0.4841839969158172,0.457392543554306,-0.3516226708889007,0.999132513999939,0.4861559569835663,0.4591727256774902,-0.3517292737960815,0.9993773698806764,0.488151341676712,0.4623301923274994,-0.35185307264328,0.99929678440094,0.4708496630191803,0.4718661904335022,-0.3050920367240906,0.9979162812232972,0.4924401640892029,0.4768047332763672,-0.3211042284965515,0.999588906764984,0.4809792637825012,0.448268175125122,-0.3243647217750549,0.9991963505744934,0.4874005317687988,0.4521682560443878,-0.3304008841514587,0.9993629455566406,0.4651216566562652,0.4778499901294708,-0.2114227861166,0.9984358549118042,0.5197762250900269,0.4698597490787506,-0.2507829964160919,0.9997640252113342,0.4709227681159973,0.384295642375946,-0.1747908145189285,0.6201707124710083,0.5247212052345276,0.3705377876758575,-0.2547972202301025,0.9831445217132568,0.4706734120845794,0.3095788657665252,-0.1630061268806457,0.6638909578323364,0.5295687317848206,0.2649111747741699,-0.2614221274852752,0.9737574458122252,0.4636983871459961,0.2772606909275055,-0.1660487055778503,0.6619033813476562,0.532508909702301,0.2389941215515136,-0.2746918499469757,0.9465712904930116,0.4665376842021942,0.2762687802314758,-0.1754896789789199,0.6764507293701172,0.5268781185150146,0.2377064675092697,-0.2852779328823089,0.9486464262008668,0.4768296182155609,0.296653151512146,-0.1665696948766708,0.6925036311149597,0.5239222645759583,0.2438387274742126,-0.2643462419509887,0.9465100169181824,0.4866174459457397,0.4475453197956085,0.0174868758767843,0.9997674226760864,0.522044837474823,0.4497692286968231,-0.0176385454833507,0.999801754951477,0.4865123331546783,0.3581733703613281,-0.040632527321577,0.5749911665916443,0.5135661959648132,0.3607616424560547,-0.0785416513681411,0.5252242684364319,0.49356609582901,0.230952113866806,-0.0016482023056596,0.7070169448852539,0.5127546787261963,0.2356190532445907,-0.0266679301857948,0.6984056830406189,0.4972813427448272,0.2180444151163101,-0.0014637766871601,0.5741627216339111,0.5158455967903137,0.2217455804347992,-0.0254930891096591,0.5226499438285828,0.4909758865833282,0.2079017758369445,-0.0613172426819801,0.8220031261444092,0.5069931149482727,0.2095670402050018,-0.0957510322332382,0.790063738822937,sujin_pick_up_variation_04,18.63157,20.1617495,19.221393,18.722122,16.6469485,14.167732,11.1846585,8.109772,4.611063,2.0,2.943175,5.771602,8.955128,11.6232775,14.8714415,16.949067,19.414028,20.7479475,20.52439,20.0743035,18.0728955,16.2487725,12.8012725,10.12899,8.0776875,7.0,5.04951,2.9208095,3.118034,7.1934065,11.2022975,13.682808,17.0733145,18.7326935,19.0656355,19.412644,18.192388,16.1550205,13.682808,11.693448,8.524877,7.0385815,4.8027755,4.2737215,4.6213205,5.2420925,6.5413815,7.4772075,8.959631,10.804669,13.2707775,15.148815,7.615773,10.198039,12.041595,15.0,16.0,17.029386,17.117243,16.124515,15.297059,13.341664,11.401754,10.198039,8.062258,7.0,6.324555,6.403124,8.062258,9.486833,12.649111,14.56022,16.492423,16.492423,16.492423,15.524175,13.341664,11.18034,14.035669,16.03122,17.117243,17.117243,16.278821,14.317821,12.369317,10.198039,7.071068,4.0,2.828427,4.123106,6.0,8.062258,10.049876,12.0,14.035669,16.124515,17.262677,17.464249,18.027756,18.027756,16.155494,13.928388,11.401754,8.0,12.041595,9.899495,7.211103,5.09902,4.472136,4.472136,5.385165,7.071068,8.0,8.062258,9.055385,9.486833,8.944272,9.433981,10.630146,11.401754,12.529964,13.601471,14.142136,14.0,14.035669,13.341664,13.0,10.816654,10.0,8.544004,10.198039,14.035669,18.027756,20.223748,22.36068,23.537205,23.769729,22.803509,20.248457,17.464249,14.764823,10.816654,7.81025,5.385165,3.0,3.605551,5.09902,7.071068,9.486833,11.661904,13.601471,14.866069,16.278821,17.691806,17.029386,16.401219
sujin_pick_up_variation_04,162,54,5.400710526315789,29.9960531509012,10,0.4806774258613586,0.5113782286643982,-0.3566569685935974,0.9994159936904908,0.4771232903003692,0.5186104774475098,-0.3603018224239349,0.998210072517395,0.4753588140010834,0.5190387964248657,-0.3602502048015594,0.9982194304466248,0.473503053188324,0.5195907354354858,-0.3602777421474457,0.9975413084030152,0.4822279810905456,0.5206170082092285,-0.3634764552116394,0.999062180519104,0.484172910451889,0.5224677920341492,-0.3635502457618713,0.999332308769226,0.4862496256828308,0.52447509765625,-0.3636902272701263,0.999276041984558,0.4718595743179321,0.5302682518959045,-0.3182203471660614,0.9971988201141356,0.4911669194698334,0.5349565148353577,-0.3311139345169067,0.9995847940444946,0.4801145792007446,0.5086589455604553,-0.3343415558338165,0.9990825653076172,0.4855933785438537,0.5122065544128418,-0.3388465046882629,0.999336302280426,0.4658697545528412,0.5366674065589905,-0.2124423384666443,0.998404026031494,0.5161285996437073,0.5221086144447327,-0.2556186616420746,0.9997739791870116,0.4714954197406769,0.5105685591697693,-0.0947573482990264,0.5889909267425537,0.525343120098114,0.4194899499416351,-0.2703710496425628,0.9812315702438354,0.4855054914951324,0.5012829899787903,0.0091888904571533,0.6089107394218445,0.5299848914146423,0.3202046453952789,-0.296059638261795,0.9666790962219238,0.4895139932632446,0.5002775192260742,0.0287770889699459,0.6054537296295166,0.5332362651824951,0.2948151230812073,-0.3066114485263824,0.9306113719940186,0.4886424243450165,0.4997440576553345,0.0223506968468427,0.619204044342041,0.5270289778709412,0.29304900765419,-0.321902871131897,0.9348331093788148,0.489088624715805,0.4994926154613495,0.0110257165506482,0.6337840557098389,0.5245404839515686,0.3021039664745331,-0.3014859557151794,0.9315720796585084,0.4868450760841369,0.4490433037281036,0.0052606705576181,0.999778687953949,0.5185824632644653,0.4499803185462951,-0.0053367344662547,0.999794602394104,0.4891991913318634,0.3590461909770965,-0.0630068331956863,0.6045311093330383,0.5137640237808228,0.3598859906196594,-0.0610522478818893,0.5329964756965637,0.4926323294639587,0.2310627400875091,-0.020608264952898,0.7283239960670471,0.5118902325630188,0.2359946370124817,0.0004066433757543,0.6954876184463501,0.4937953650951385,0.2166097164154052,-0.0212390590459108,0.5868626832962036,0.510949969291687,0.2207005470991134,-0.001094049308449,0.5085431933403015,0.4912966787815094,0.20759978890419,-0.1034588813781738,0.8308274745941162,0.5110525488853455,0.2133893370628357,-0.0778871700167656,0.7863668203353882,sujin_pick_up_variation_04,21.18962,21.023796,19.697716,17.888544,14.764823,11.661904,8.602325,5.656854,3.162278,2.236068,4.0,7.071068,9.219544,12.165525,15.297059,17.117243,18.11077,20.0,20.024984,19.235384,17.464249,14.866069,12.529964,9.219544,5.830952,4.0,5.830952,2.828427,3.0,6.082763,11.401754,15.297059,18.439089,20.396078,22.36068,22.36068,21.213203,20.223748,17.117243,15.132746,12.165525,9.219544,6.708204,4.242641,3.0,4.242641,6.324555,9.055385,12.041595,15.033296,17.262677,19.416488,27.166155,25.079872,22.022716,18.027756,14.035669,10.198039,7.615773,6.403124,7.615773,9.219544,11.045361,13.038405,15.132746,16.278821,17.464249,17.720045,17.720045,16.763055,14.56022,13.341664,11.045361,9.219544,8.602325,9.433981,11.18034,12.649111,5.830952,4.242641,3.0,5.656854,9.219544,11.401754,14.21267,14.866069,16.278821,17.029386,15.811388,16.124515,14.317821,12.649111,10.440307,8.246211,6.324555,5.0,4.123106,6.082763,9.486833,14.317821,18.384776,21.540659,25.0,26.683328,8.544004,6.0,5.385165,5.385165,6.082763,7.0,8.246211,8.544004,8.062258,8.062258,7.81025,6.708204,7.28011,7.071068,8.944272,11.401754,13.453624,15.811388,17.0,17.464249,17.464249,16.278821,14.0,11.401754,7.211103,6.082763,12.041595,15.033296,19.235384,21.587033,24.041631,24.041631,24.698178,22.847319,20.124612,18.027756,14.21267,11.313708,8.944272,8.062258,7.28011,7.071068,8.062258,9.486833,10.049876,11.045361,12.165525,13.601471,13.928388,14.317821,13.416408,12.529964
sujin_pick_up_variation_04,165,55,5.500723684210526,29.9960531509012,10,0.4752773940563202,0.5879654884338379,-0.3602534830570221,0.9994519948959352,0.4719277918338775,0.5984295606613159,-0.3582174479961395,0.9983054399490356,0.4702489972114563,0.5986731052398682,-0.3581448197364807,0.9982898235321044,0.4685409963130951,0.5989919304847717,-0.3581735491752624,0.9976014494895936,0.4775054156780243,0.5999624133110046,-0.3619651198387146,0.999115228652954,0.4797793626785278,0.6014323830604553,-0.3620548844337463,0.9993718862533568,0.4821804165840149,0.6030482053756714,-0.3621674180030823,0.9993221163749696,0.4688872098922729,0.6020640730857849,-0.2742947041988373,0.997034192085266,0.4884810447692871,0.6081799268722534,-0.3171508014202118,0.9996119141578674,0.4745448529720306,0.5797343254089355,-0.3323459923267364,0.9990915060043336,0.4807066917419433,0.5826812386512756,-0.3381382822990417,0.9993814826011658,0.4681731462478637,0.5725687146186829,-0.1591442078351974,0.998489797115326,0.5135840177536011,0.5786498785018921,-0.2531328797340393,0.9997938871383668,0.4781598150730133,0.5099826455116272,-0.0783452093601226,0.5572929978370667,0.5257948637008667,0.4799085259437561,-0.2602896094322204,0.982678771018982,0.4844044744968414,0.4653602838516235,-0.0714557021856308,0.5702643394470215,0.534132719039917,0.3807276785373688,-0.2826400697231293,0.968050181865692,0.4863658249378204,0.4529774188995361,-0.0702843815088272,0.5657679438591003,0.5363388657569885,0.3521390855312347,-0.2993554174900055,0.9327845573425292,0.4833690524101257,0.4559120237827301,-0.0869615375995636,0.5781816244125366,0.5317779183387756,0.3517622947692871,-0.3129718601703644,0.936825156211853,0.4834199547767639,0.4607626795768738,-0.0775433480739593,0.5887718796730042,0.5296650528907776,0.3601400554180145,-0.287793904542923,0.931935489177704,0.4881597459316253,0.4498575329780578,0.019055126234889,0.9996501803398132,0.5164428353309631,0.4502533376216888,-0.0191234704107046,0.9996296763420104,0.4911039769649505,0.3538359403610229,-0.011734589934349,0.630224347114563,0.5119702219963074,0.3480653166770935,-0.0579182766377925,0.5635358691215515,0.4931302368640899,0.2314934581518173,0.0811034888029098,0.7457535862922668,0.5139758586883545,0.2364034205675125,0.0392511822283268,0.7164516448974609,0.4954839944839477,0.2183491885662078,0.0849566832184791,0.5933547019958496,0.5143058896064758,0.2221784442663192,0.0439598970115184,0.5182536840438843,0.4908610582351684,0.203849658370018,0.0102226473391056,0.8352739810943604,0.5137192010879517,0.2080276310443878,-0.0406153835356235,0.7966657280921936,sujin_pick_up_variation_04,6.403124,7.071068,9.219544,10.77033,13.416408,15.264338,15.811388,16.401219,16.401219,15.811388,14.422205,14.422205,13.038405,10.816654,8.062258,6.324555,3.0,1.0,3.605551,7.615773,11.401754,14.142136,16.0,17.262677,16.763055,15.652476,19.104973,21.023796,22.0,22.022716,20.024984,17.117243,14.142136,10.049876,6.0,1.414214,3.605551,7.071068,10.630146,12.727922,14.866069,16.278821,16.278821,17.691806,17.804494,18.027756,17.492856,17.0,15.231546,13.601471,12.165525,9.055385,7.071068,9.433981,12.529964,14.764823,16.124515,16.124515,16.643317,15.811388,15.0,12.806248,12.206556,10.0,9.433981,7.615773,7.0,8.246211,10.29563,12.806248,14.866069,16.970563,18.384776,19.104973,18.384776,17.691806,15.556349,12.727922,12.529964,15.264338,15.811388,16.401219,15.0,14.21267,11.313708,8.485281,5.656854,3.605551,2.0,2.236068,4.123106,6.082763,8.246211,10.440307,12.083046,13.416408,14.422205,15.620499,15.556349,15.556349,14.142136,12.727922,10.630146,7.615773,13.453624,14.866069,15.620499,15.811388,14.764823,13.0,11.18034,9.0,7.615773,7.071068,7.615773,8.062258,9.055385,10.440307,11.18034,11.401754,10.630146,8.944272,7.0,6.403124,8.246211,12.041595,16.155494,19.416488,22.627417,23.600847,27.784888,26.925824,25.238859,23.600847,19.849433,15.811388,13.601471,13.038405,14.317821,15.811388,18.439089,19.104973,19.849433,20.0,19.416488,18.35756,17.888544,16.552945,16.155494,14.56022,12.369317,9.055385,6.082763,3.605551,4.123106,7.211103
sujin_pick_up_variation_04,168,56,5.600736842105263,29.9960531509012,10,0.4750876128673553,0.6491702198982239,-0.2684828639030456,0.9994970560073853,0.4710611999034881,0.6604933738708496,-0.2565231621265411,0.9984461665153505,0.4693066477775574,0.6604542136192322,-0.2565246820449829,0.9984208345413208,0.4676809012889862,0.6603204011917114,-0.2565427422523498,0.9977865219116212,0.4781883060932159,0.6614564657211304,-0.2651934325695038,0.9991862773895264,0.4808493554592132,0.6625961065292358,-0.2652537524700165,0.999419629573822,0.483267217874527,0.6637352705001831,-0.2653190195560455,0.9993770718574524,0.4677222967147827,0.6568312048912048,-0.1716824322938919,0.9971857070922852,0.488580584526062,0.6630988717079163,-0.2114273160696029,0.999639332294464,0.4732107520103454,0.6384098529815674,-0.2346944659948349,0.9991560578346252,0.4815407395362854,0.6407727599143982,-0.2461523711681366,0.9994351863861084,0.4682173132896423,0.5965214371681213,-0.0804902166128158,0.99850594997406,0.5143611431121826,0.6087218523025513,-0.1728911399841308,0.9998056292533876,0.4777922332286834,0.5250434279441833,-0.0423464104533195,0.5248088240623474,0.5262385606765747,0.516767144203186,-0.1561620980501175,0.983626663684845,0.4812377989292145,0.4668996334075928,-0.0942768901586532,0.5269672274589539,0.5367826223373413,0.4294367432594299,-0.1861319839954376,0.9672731161117554,0.4822929799556732,0.4482850432395935,-0.1062318533658981,0.5212556719779968,0.5382867455482483,0.3994048237800598,-0.2034472674131393,0.930724024772644,0.4798080027103424,0.4507076442241668,-0.1233042553067207,0.5330798029899597,0.5345677137374878,0.3976456224918365,-0.2184230238199234,0.9348780512809752,0.4803987443447113,0.4578755497932434,-0.1031017750501632,0.5422521829605103,0.5329089760780334,0.4058476388454437,-0.1918399333953857,0.9283873438835144,0.4884269833564758,0.4546756148338318,0.0217696074396371,0.9994750022888184,0.5168491005897522,0.4558930397033691,-0.0218588691204786,0.9994422793388368,0.4909704029560089,0.3537213504314422,-0.006635695695877,0.6616495251655579,0.5144366025924683,0.3482362031936645,-0.0321625545620918,0.5983824133872986,0.4926431477069855,0.2367067635059356,0.0979915484786033,0.7661392688751221,0.5153578519821167,0.2407996505498886,0.0698276907205581,0.7384672164916992,0.4948850274085998,0.2252007722854614,0.1036290824413299,0.6044942736625671,0.5188654661178589,0.2275149971246719,0.0752099975943565,0.5307255983352661,0.4911258816719055,0.2032742202281952,0.027605103328824,0.845629870891571,0.5149666666984558,0.2053994387388229,-0.0083738742396235,0.8102098107337952,sujin_pick_up_variation_04,21.931712,20.518285,19.849433,17.029386,15.0,12.206556,8.062258,5.385165,3.0,2.0,3.162278,6.403124,7.81025,10.630146,12.806248,15.0,16.401219,16.643317,17.888544,17.088007,15.524175,13.152946,11.0,8.246211,5.830952,4.123106,6.403124,2.236068,3.162278,6.708204,11.661904,15.0,17.804494,20.615528,21.260292,21.260292,20.518285,18.384776,16.278821,13.453624,11.401754,8.602325,5.385165,4.123106,4.472136,7.0,9.219544,12.649111,14.317821,17.492856,20.0,20.615528,24.698178,22.825424,19.235384,16.552945,11.661904,8.602325,5.830952,5.0,6.324555,8.944272,10.816654,13.038405,14.764823,15.652476,16.552945,17.088007,17.088007,16.155494,13.928388,12.083046,10.0,8.062258,8.0,9.486833,12.083046,13.416408,6.403124,5.0,4.123106,5.656854,9.433981,11.661904,14.764823,16.124515,17.204651,17.804494,16.278821,16.278821,15.0,13.038405,10.29563,8.944272,6.708204,4.472136,3.162278,5.0,8.485281,12.041595,15.556349,19.79899,23.430749,25.0,12.54,10.1239575,7.4479415,6.0299890000000005,5.85486,6.035534,6.9701640000000005,7.6366805,8.6221155,8.8524125,8.9109345,8.7481195,9.0475345,9.0990195,10.109772,11.1090875,12.665071,13.99613,14.940146,15.521822,15.633644,15.221168,13.678113,11.707339,8.3078865,6.269578,9.433981,13.691006,17.859780999999998,20.902574,23.6018015,24.4268605,24.516864,22.9489425,20.996543000000003,17.9154075,14.6755585,11.543478,8.881774,6.555664,5.751072000000001,6.203659,6.6978115,8.6055515,10.199942,11.9485505,13.973085,15.221168,16.530526000000002,17.0,17.029488,15.532258
sujin_pick_up_variation_04,171,57,5.70075,29.9960531509012,10,0.476678192615509,0.686173141002655,-0.2243514657020568,0.999539852142334,0.4724973142147064,0.6957433819770813,-0.2092749774456024,0.9985843300819396,0.4706330001354217,0.6952685117721558,-0.2093003839254379,0.9985508918762208,0.468983918428421,0.6947954297065735,-0.2093165665864944,0.997976779937744,0.4794373512268066,0.6973798871040344,-0.2190223187208175,0.999256193637848,0.4820140600204468,0.6982232332229614,-0.2190571129322052,0.9994657635688782,0.4844707548618316,0.6989223957061768,-0.2191158235073089,0.9994305968284608,0.4688095450401306,0.6886051893234253,-0.1201133802533149,0.9973739385604858,0.4895498156547546,0.695296049118042,-0.1634207665920257,0.9996654391288756,0.4750735163688659,0.6716128587722778,-0.1899542808532714,0.9992303848266602,0.4827372133731842,0.6755657196044922,-0.2025234252214431,0.9994880557060242,0.4685645699501037,0.6189095973968506,-0.0341406054794788,0.9985928535461426,0.5153071284294128,0.6316896677017212,-0.135389357805252,0.9998189210891724,0.475980669260025,0.5387570858001709,0.0056269993074238,0.5066007375717163,0.5278475880622864,0.5362209677696228,-0.1216927841305732,0.9845005869865416,0.4768983125686645,0.4751102030277252,-0.091073490679264,0.4945254027843475,0.5370941162109375,0.4529792964458465,-0.1622736901044845,0.967191517353058,0.4753423035144806,0.451479822397232,-0.0761489793658256,0.486763060092926,0.5387924909591675,0.4265861213207245,-0.1831167042255401,0.930102527141571,0.478082001209259,0.4533497989177704,-0.0937463566660881,0.4987929463386535,0.53525310754776,0.4254315793514251,-0.200442835688591,0.9343292713165284,0.4780574738979339,0.4601223468780517,-0.0776296555995941,0.5070227384567261,0.5332340002059937,0.4338763654232025,-0.1691814064979553,0.9267683625221252,0.4883832335472107,0.4659855663776397,0.0270257014781236,0.9994387626647948,0.517645537853241,0.4665674865245819,-0.0271130613982677,0.9993945360183716,0.4909018576145172,0.3524224758148193,0.0026133763603866,0.690133810043335,0.5152779817581177,0.3484365046024322,-0.0296676866710186,0.6284047365188599,0.4922766089439392,0.2383143901824951,0.1261090636253357,0.7841148972511292,0.515374481678009,0.2406808584928512,0.0888571813702583,0.7579659819602966,0.4941096007823944,0.2263028174638748,0.133231520652771,0.6111238598823547,0.51963210105896,0.2276117801666259,0.0957466512918472,0.5438830256462097,0.4912955462932586,0.2036215960979461,0.0506136827170848,0.8550158143043518,0.5146080851554871,0.2052431404590606,0.0055114892311394,0.8234853148460388,sujin_pick_up_variation_04,3.162278,5.656854,10.0,13.038405,16.124515,17.888544,18.788294,18.384776,18.384776,17.088007,16.155494,14.866069,13.0,11.18034,8.062258,5.656854,4.0,4.472136,8.062258,12.041595,15.132746,18.681542,20.248457,20.124612,20.248457,18.439089,17.029386,19.209373,19.849433,20.615528,19.209373,16.401219,13.601471,10.0,6.403124,2.236068,2.236068,5.385165,8.944272,10.816654,13.038405,14.422205,15.620499,16.278821,17.691806,17.804494,18.027756,18.35756,16.552945,14.866069,12.369317,9.055385,7.28011,10.29563,13.038405,15.264338,15.811388,16.643317,16.124515,16.124515,14.317821,13.0,11.7047,9.848858,8.062258,7.071068,6.708204,7.071068,9.219544,11.7047,13.928388,15.652476,17.464249,17.888544,17.888544,16.552945,14.317821,11.18034,14.56022,15.524175,17.464249,17.464249,17.262677,14.142136,12.165525,10.049876,6.082763,4.123106,2.236068,3.162278,5.0,7.211103,8.602325,10.816654,12.529964,13.928388,14.866069,16.492423,16.278821,16.124515,14.142136,12.165525,10.198039,6.708204,14.422205,15.264338,16.124515,16.124515,14.422205,13.601471,11.401754,10.630146,9.433981,9.486833,9.055385,10.0,11.18034,11.401754,12.083046,12.529964,12.206556,10.630146,9.848858,10.049876,11.7047,14.422205,17.691806,21.400935,23.323808,23.706539,23.600847,22.022716,18.439089,14.142136,8.062258,4.123106,6.082763,10.77033,15.264338,18.601075,20.518285,21.931712,21.400935,20.248457,20.124612,18.384776,16.492423,15.132746,13.0,10.049876,8.246211,4.472136,1.414214,1.414214,5.656854,8.485281
sujin_pick_up_variation_04,174,58,5.800763157894737,29.9960531509012,10,0.4775716066360473,0.7032659649848938,-0.2181806415319442,0.9995810985565186,0.4729619920253753,0.712368369102478,-0.2046897709369659,0.9987148642539978,0.4715228676795959,0.7116756439208984,-0.2047310769557953,0.9986807703971864,0.470071405172348,0.7108966112136841,-0.204772874712944,0.9981643557548524,0.4809466898441314,0.713634192943573,-0.2089514732360839,0.999319314956665,0.4843829572200775,0.7139430046081543,-0.2089734673500061,0.9995067119598388,0.4874567687511444,0.7139716744422913,-0.2090270817279815,0.9994775652885436,0.4696809351444244,0.7032222747802734,-0.1237440258264541,0.997608244419098,0.4925909042358398,0.707309901714325,-0.1428038328886032,0.9996830224990844,0.47585329413414,0.6877134442329407,-0.1873175799846649,0.9993035793304444,0.484063059091568,0.6905291080474854,-0.1930202096700668,0.9995366930961608,0.4676835834980011,0.6222554445266724,-0.0615863688290119,0.998705267906189,0.515700101852417,0.6413514018058777,-0.0957738235592842,0.9998276829719543,0.4727362990379333,0.5253391265869141,-0.0220735054463148,0.5275983810424805,0.5295584201812744,0.552792489528656,-0.0690021514892578,0.9817601442337036,0.4705311059951782,0.4616926908493042,-0.0794737562537193,0.4792059361934662,0.5378597974777222,0.4695393741130829,-0.1220190972089767,0.9569588899612428,0.4703666269779205,0.4439065754413605,-0.0930059179663658,0.4668098986148834,0.5391029715538025,0.4440437257289886,-0.1393416374921798,0.9152026772499084,0.4715441465377807,0.4441136717796325,-0.1124573945999145,0.4799473285675049,0.5353946685791016,0.4440397322177887,-0.1617358028888702,0.9208574891090392,0.4724624752998352,0.4487985968589782,-0.0859744325280189,0.4874996542930603,0.5332911610603333,0.4498030245304107,-0.1313258558511734,0.9127429127693176,0.4880227148532867,0.4695185124874115,0.0091167856007814,0.999428689479828,0.5178077220916748,0.4723391532897949,-0.0091866301372647,0.9993668794631958,0.4908391237258911,0.3504176139831543,-0.0146656092256307,0.7163926959037781,0.515649139881134,0.3465149104595184,-0.0109918322414159,0.6500377655029297,0.4919851124286651,0.2381384670734405,0.1206672713160514,0.8000272512435913,0.5153174996376038,0.2401932328939438,0.1267804503440857,0.7711490988731384,0.4924053847789764,0.2262995392084121,0.1300071477890014,0.6060764789581299,0.516343355178833,0.2281922250986099,0.1359241008758545,0.5465306043624878,0.4934039115905761,0.2035673111677169,0.0416311845183372,0.861219584941864,0.5148604512214661,0.2045722305774688,0.0442808754742145,0.8312680721282959,sujin_pick_up_variation_04,1.414214,2.236068,6.403124,10.0,12.806248,14.422205,15.811388,16.124515,16.552945,16.552945,15.231546,14.317821,13.416408,11.661904,8.602325,7.81025,6.082763,6.708204,9.219544,13.416408,15.811388,19.235384,20.024984,20.099751,19.235384,17.720045,17.492856,19.723083,20.248457,20.808652,18.601075,17.029386,13.453624,10.630146,7.211103,3.0,2.0,4.472136,6.403124,8.485281,10.630146,10.816654,12.083046,12.649111,13.152946,13.038405,14.142136,13.601471,13.928388,12.529964,10.816654,7.81025,27.784888,25.942244,22.36068,18.788294,13.892444,10.630146,8.062258,7.071068,8.246211,10.77033,13.0,15.231546,16.155494,18.027756,18.973666,19.646883,19.416488,17.464249,16.492423,13.928388,10.816654,9.219544,9.219544,11.045361,13.341664,14.866069,7.211103,4.242641,2.236068,5.830952,9.848858,12.649111,15.231546,17.0,18.35756,18.027756,17.804494,16.970563,14.21267,13.038405,11.18034,8.944272,6.708204,3.605551,3.162278,5.0,9.219544,12.727922,18.384776,21.931712,25.612497,27.202941,12.529964,12.529964,12.083046,11.18034,10.0,7.81025,7.615773,8.246211,10.0,11.045361,12.165525,13.341664,14.317821,14.56022,14.56022,13.0,11.661904,10.630146,10.440307,12.369317,17.0,22.472205,26.400758,30.479501,32.557641,32.526912,21.540659,19.235384,15.264338,10.630146,5.830952,2.828427,8.0,12.649111,16.552945,18.35756,20.0,19.849433,19.104973,17.804494,16.124515,13.928388,12.165525,11.045361,9.055385,6.324555,5.0,1.414214,2.0,4.472136,7.071068,10.0
sujin_pick_up_variation_04,177,59,5.900776315789473,29.9960531509012,10,0.4821207225322723,0.704792320728302,-0.1970697194337844,0.9996213912963868,0.4787465631961822,0.7153422832489014,-0.1846793591976165,0.9988386034965516,0.4770810902118683,0.7154737710952759,-0.1847176253795623,0.9988074898719788,0.4752935171127319,0.7154731750488281,-0.1847399175167083,0.9983428120613098,0.4871845245361328,0.7136613130569458,-0.1868209093809127,0.9993812441825868,0.4904200732707977,0.7128083109855652,-0.1868343204259872,0.999549150466919,0.4932579696178436,0.7121843099594116,-0.186873972415924,0.9995232820510864,0.4737481474876404,0.7087941765785217,-0.104289524257183,0.9978389739990234,0.4978894889354706,0.7063868045806885,-0.1138246357440948,0.9997044801712036,0.4780660569667816,0.6910039782524109,-0.1662411093711853,0.9993722438812256,0.4883945286273956,0.6911918520927429,-0.1691102534532547,0.9995819330215454,0.4662810266017914,0.6293936967849731,-0.0456140451133251,0.998832941055298,0.5172823071479797,0.6432135105133057,-0.0594829246401786,0.9998396635055542,0.4676892459392547,0.5397546887397766,-0.0067904526367783,0.5727582573890686,0.5321229100227356,0.563923180103302,-0.0324281007051467,0.981602668762207,0.4635256230831146,0.4709607660770416,-0.0817991718649864,0.5281915068626404,0.5406164526939392,0.4898244738578796,-0.1012872010469436,0.9576602578163148,0.461365282535553,0.4478887915611267,-0.1035476103425026,0.5143588781356812,0.541463315486908,0.4651791751384735,-0.1222795620560646,0.91670423746109,0.4632866680622101,0.446451723575592,-0.1267268508672714,0.5268392562866211,0.5374470353126526,0.4669082462787628,-0.1476607620716095,0.9225690364837646,0.4651962220668793,0.4527608752250671,-0.0923947840929031,0.5323123335838318,0.5358367562294006,0.4749898910522461,-0.1123993173241615,0.9143601059913636,0.4860371053218841,0.4732616543769836,0.0024072634987533,0.9994434118270874,0.5176255106925964,0.4759184122085571,-0.0024453632067888,0.9993667006492616,0.4906609654426574,0.3502567410469055,-0.0209272559732198,0.7415526509284973,0.5163612961769104,0.3449873328208923,-0.012067281641066,0.675525963306427,0.4916781187057495,0.2379981428384781,0.1079952493309974,0.8162874579429626,0.5155418515205383,0.2399792671203613,0.1111426129937172,0.7853073477745056,0.492279589176178,0.22641022503376,0.1152903065085411,0.6058408617973328,0.5158402919769287,0.2269866466522216,0.1182892695069313,0.5518635511398315,0.4937077760696411,0.2038359642028808,0.0207508541643619,0.8696846961975098,0.5157030820846558,0.203984797000885,0.0222528092563152,0.8402442336082458,sujin_pick_up_variation_04,19.924859,19.646883,19.416488,17.262677,15.132746,12.165525,8.062258,5.09902,2.236068,1.414214,4.472136,7.615773,9.848858,13.0,15.231546,17.464249,19.313208,21.18962,20.880613,20.396078,19.104973,17.029386,14.56022,11.661904,10.0,9.219544,7.81025,4.472136,1.414214,4.472136,7.81025,10.630146,13.601471,15.264338,16.124515,16.552945,15.811388,15.524175,13.152946,11.045361,10.049876,8.246211,6.708204,5.0,3.605551,2.0,2.236068,4.472136,7.071068,10.0,13.038405,16.552945,6.6814365,9.880463,12.506402,13.9070705,15.3102495,16.106303500000003,15.537863000000002,15.2881055,13.654426,12.306505,11.18034,9.6414195,8.062258,6.0299890000000005,5.1925825,5.54951,7.285383,9.619951,11.9275295,13.903124,15.012029,16.035359999999997,15.754693,14.632506,12.54,10.3580745,14.4534795,15.6286305,16.5622575,17.014693,16.2920825,14.1589105,11.541523,8.972135999999999,5.915476,3.3839145000000004,2.5811390000000003,3.924096,6.403124,8.2062875,10.315073,11.8517495,13.33605,14.815446,16.2783565,16.983853,16.7462115,16.6394105,14.541322,12.8928625,10.6284805,7.5106765,12.369317,12.369317,11.18034,10.049876,8.062258,6.708204,6.403124,8.246211,9.055385,11.18034,11.7047,13.0,13.416408,13.038405,12.806248,10.630146,8.062258,5.0,5.830952,11.0,16.492423,22.472205,28.231188,31.76476,34.132096,34.205263,21.633308,20.615528,18.384776,15.620499,13.928388,12.041595,12.649111,14.422205,15.620499,17.204651,17.888544,17.088007,16.763055,15.297059,14.035669,13.038405,11.18034,10.440307,8.944272,7.81025,6.403124,4.123106,3.162278,4.123106,6.082763,9.219544
sujin_pick_up_variation_04,180,60,6.00078947368421,29.9960531509012,10,0.4863350093364715,0.7128917574882507,-0.1981154084205627,0.9996550679206848,0.486059159040451,0.7221192717552185,-0.1858079433441162,0.9989413619041444,0.4846726357936859,0.7225001454353333,-0.1858375966548919,0.9989151358604432,0.4831789135932922,0.7228600382804871,-0.1858481615781784,0.9984979033470154,0.4918486475944519,0.7199320197105408,-0.187555119395256,0.9994216561317444,0.4944159686565399,0.7186431288719177,-0.1875668913125991,0.999570369720459,0.4968892335891723,0.7171622514724731,-0.1876108199357986,0.9995442032814026,0.4825539588928222,0.7158886194229126,-0.1069930344820022,0.9980353116989136,0.5016742944717407,0.7083826661109924,-0.1147867366671562,0.9996718764305116,0.4822121560573578,0.7004942893981934,-0.1681804060935974,0.9994315505027772,0.4909355938434601,0.69931960105896,-0.1705598086118698,0.9996174573898317,0.4664445221424103,0.633107602596283,-0.0521102212369442,0.9989475607872008,0.5191166996955872,0.6398950219154358,-0.0593258738517761,0.9998319745063782,0.4645480811595917,0.548761785030365,-0.0148674994707107,0.6145641803741455,0.5352081656455994,0.5677301287651062,-0.0269404519349336,0.9803670644760132,0.4592145979404449,0.4740617871284485,-0.0893506780266761,0.5745776295661926,0.544480562210083,0.5096011161804199,-0.0884941965341568,0.9580485820770264,0.4563517570495605,0.4512856006622314,-0.1113403663039207,0.5610378980636597,0.5471097826957703,0.4860513806343078,-0.1091096252202987,0.9181497693061828,0.4583160579204559,0.4495698809623718,-0.1371656060218811,0.5724793076515198,0.5422164797782898,0.4851875007152557,-0.1352257132530212,0.9240716099739076,0.4604510366916656,0.4560722708702087,-0.1010284125804901,0.5768183469772339,0.5401262044906616,0.4922671914100647,-0.1001976430416107,0.9154855012893676,0.4851073622703552,0.4786281883716583,0.0026255187112838,0.9994476437568665,0.5175747275352478,0.4803855121135711,-0.0026738869491964,0.9993545413017272,0.4900844693183899,0.3518418967723846,-0.0113126076757907,0.7651995420455933,0.5171950459480286,0.3459291160106659,-0.008555837906897,0.7031599879264832,0.4913256764411926,0.2379353493452072,0.1064013466238975,0.832189679145813,0.5155310034751892,0.2399006336927414,0.1030517742037773,0.8017029762268066,0.4925891458988189,0.2265553474426269,0.1123380810022354,0.6171409487724304,0.5150615572929382,0.2262414842844009,0.108571246266365,0.5581718683242798,0.4935898184776306,0.2036463022232055,0.0134655274450778,0.8796341419219971,0.515376091003418,0.20355886220932,0.0101723782718181,0.8510762453079224,sujin_pick_up_variation_04,2.828427,5.0,8.544004,11.661904,14.422205,16.401219,17.804494,18.439089,18.439089,17.029386,16.401219,15.0,13.601471,10.816654,8.944272,6.082763,3.605551,5.09902,7.615773,12.206556,14.866069,18.439089,20.248457,20.124612,19.313208,17.720045,18.027756,19.026298,21.023796,21.023796,19.026298,17.029386,14.142136,11.18034,7.28011,3.605551,1.0,3.162278,6.082763,7.071068,9.0,10.049876,11.18034,12.649111,13.928388,14.317821,15.264338,15.0,14.866069,12.727922,11.401754,8.062258,5.830952,8.485281,11.401754,14.21267,15.0,15.620499,15.556349,14.866069,13.453624,12.041595,11.401754,9.219544,7.071068,5.830952,5.09902,6.324555,7.211103,9.899495,12.041595,14.21267,15.620499,16.401219,15.620499,15.0,13.601471,10.816654,14.866069,17.088007,18.027756,18.027756,16.763055,15.524175,12.369317,9.219544,6.324555,3.605551,3.0,3.605551,5.656854,8.485281,9.899495,12.041595,13.601471,14.422205,16.124515,17.0,17.464249,16.155494,14.866069,12.649111,9.848858,7.211103,9.486833,11.401754,11.401754,12.083046,10.29563,9.219544,8.602325,7.28011,7.071068,8.062258,9.219544,9.433981,10.77033,11.401754,12.041595,11.045361,9.486833,7.071068,6.082763,8.062258,12.206556,16.155494,21.377558,25.019992,27.166155,26.925824,21.954498,21.470911,21.540659,19.646883,18.11077,16.124515,16.155494,16.643317,16.970563,17.804494,18.35756,17.888544,17.720045,16.278821,16.03122,16.0,15.132746,15.297059,14.56022,13.928388,12.529964,11.661904,9.219544,5.656854,4.0,4.242641
sujin_pick_up_variation_04,183,61,6.100802631578947,29.9960531509012,10,0.4961022436618805,0.7015269994735718,-0.1699756532907486,0.9996872544288636,0.4954231381416321,0.710723876953125,-0.1585486829280853,0.9990401268005372,0.4938018918037414,0.7110306024551392,-0.1585734337568283,0.9990174174308776,0.4920560419559479,0.711306631565094,-0.1585829257965088,0.9986423254013062,0.500902533531189,0.707992672920227,-0.1577813178300857,0.9994687438011168,0.5030138492584229,0.7060182690620422,-0.1577904820442199,0.9996014833450316,0.5055745840072632,0.7039883136749268,-0.1578090637922287,0.999576210975647,0.4897598028182983,0.7063530087471008,-0.0845855548977851,0.9982224106788636,0.5092344880104065,0.6947973966598511,-0.0806211158633232,0.9996727705001832,0.4909702837467193,0.690459668636322,-0.1420658230781555,0.9994863271713256,0.4993917644023895,0.6872171759605408,-0.1409966349601745,0.9996512532234192,0.4669059514999389,0.6317023634910583,-0.0339879542589187,0.9990509152412416,0.5213409662246704,0.6327961087226868,-0.0270678661763668,0.9998263716697692,0.4613240361213684,0.5550742745399475,0.0001488324196543,0.6524137854576111,0.5381210446357727,0.5650805830955505,-0.0042514386586844,0.977551519870758,0.4533309936523437,0.4842222929000854,-0.0734150037169456,0.6163098812103271,0.5469512343406677,0.5158578753471375,-0.0765641778707504,0.9562193155288696,0.449294239282608,0.4629652202129364,-0.0932434275746345,0.6028183102607727,0.5505003333091736,0.4937810897827148,-0.0967645943164825,0.9157965183258056,0.4509980082511902,0.4615856111049652,-0.1121694967150688,0.6133719086647034,0.5451303124427795,0.4933773577213287,-0.1198858544230461,0.921941101551056,0.4531540870666504,0.4681083261966705,-0.0929398983716964,0.6166579723358154,0.5428317189216614,0.4995129704475403,-0.0877851769328117,0.912912666797638,0.4848241806030273,0.4765906929969787,0.0011552623473107,0.999443769454956,0.5175803899765015,0.47833913564682,-0.0011966803576797,0.999344766139984,0.4895761609077453,0.3493679463863373,-0.0109492726624012,0.7867875099182129,0.5174980759620667,0.3460547029972076,-0.0121008846908807,0.729823112487793,0.4911892116069793,0.2365772128105163,0.1024141386151313,0.846874475479126,0.5156381130218506,0.2382873594760894,0.0943750068545341,0.8182435035705566,0.4928966462612152,0.2258785963058471,0.1080988720059394,0.6330835819244385,0.5148990750312805,0.2257037758827209,0.0994274765253067,0.5715641379356384,0.4931768774986267,0.2025365084409713,0.0112803112715482,0.8887523412704468,0.5155218243598938,0.2032786011695861,0.0032101119868457,0.8620478510856628,sujin_pick_up_variation_04,23.021729,23.600847,22.022716,19.209373,16.278821,12.727922,8.485281,4.242641,1.414214,2.828427,5.656854,9.219544,11.401754,14.21267,17.029386,19.104973,21.260292,21.931712,22.022716,20.808652,18.35756,14.866069,11.18034,8.246211,5.656854,6.0,6.0,2.0,1.0,5.0,9.055385,13.0,16.0,18.027756,19.026298,19.104973,18.027756,16.124515,14.317821,12.369317,9.486833,8.062258,5.656854,4.123106,3.162278,5.385165,8.062258,11.045361,13.341664,17.088007,20.124612,21.470911,7.81025,9.433981,13.416408,15.231546,16.155494,16.552945,16.552945,15.652476,15.264338,13.892444,11.661904,10.29563,8.944272,7.28011,7.0,7.615773,8.602325,11.313708,12.806248,15.0,15.811388,17.204651,15.811388,15.0,13.601471,10.816654,14.21267,16.278821,16.970563,17.691806,16.278821,14.866069,12.041595,9.219544,5.656854,2.236068,1.414214,4.123106,6.082763,8.062258,10.198039,12.649111,13.928388,15.652476,17.0,17.204651,17.804494,17.029386,14.866069,13.453624,10.816654,7.615773,11.18034,8.246211,6.0,5.0,5.385165,6.082763,6.082763,6.324555,5.830952,5.656854,4.472136,4.0,3.605551,5.830952,7.28011,10.0,13.152946,14.56022,16.552945,17.492856,17.204651,16.278821,13.453624,10.29563,6.324555,2.828427,10.630146,14.764823,18.788294,21.540659,24.698178,25.632011,25.632011,24.351591,23.086793,19.646883,17.262677,15.033296,12.041595,10.440307,9.433981,8.485281,8.062258,9.219544,9.0,10.198039,11.18034,12.529964,13.601471,15.0,15.0,13.601471
sujin_pick_up_variation_04,186,62,6.200815789473684,29.9960531509012,10,0.5046151876449585,0.6948720812797546,-0.168190449476242,0.9997177124023438,0.5035897493362427,0.7042093276977539,-0.1594438403844833,0.999133825302124,0.5018882155418396,0.7052218914031982,-0.159461110830307,0.99911367893219,0.4999733567237854,0.7064883708953857,-0.1594704091548919,0.9987761974334716,0.5091082453727722,0.6992636322975159,-0.1555613875389099,0.9995181560516356,0.5113205313682556,0.6968140602111816,-0.1555655747652053,0.999637007713318,0.5138853788375854,0.69488126039505,-0.1555609256029129,0.999613344669342,0.4953092634677887,0.7031288146972656,-0.0934882462024688,0.9983975291252136,0.5154386162757874,0.6874852180480957,-0.0754972547292709,0.9996936321258544,0.4988199770450592,0.6854544281959534,-0.1429194658994674,0.9995369911193848,0.506476640701294,0.6810075640678406,-0.1377513259649276,0.9996844530105592,0.4674144983291626,0.6303002834320068,-0.0425958447158336,0.999144971370697,0.5227839350700378,0.62837815284729,-0.0188413597643375,0.9998306035995485,0.4592571854591369,0.5536842346191406,-0.0136158624663949,0.6867795586585999,0.5394867658615112,0.5602623224258423,0.0004520608927123,0.9739887714385986,0.4512425363063812,0.4870806038379669,-0.0767700225114822,0.654224693775177,0.5462561249732971,0.5113971829414368,-0.081978403031826,0.9542068243026732,0.4473059475421905,0.4670096933841705,-0.0966485068202018,0.6412495374679565,0.5489175319671631,0.4902833700180053,-0.1028052046895027,0.913073718547821,0.4490477740764618,0.467127114534378,-0.1196068227291107,0.6509036421775818,0.5440319776535034,0.4912409484386444,-0.1231861189007759,0.9192659258842468,0.4510167837142944,0.473308265209198,-0.0890365913510322,0.6534156799316406,0.5419027805328369,0.4972162842750549,-0.0924035087227821,0.9098352193832396,0.4845553040504455,0.4774122536182403,-0.0019362500170245,0.9994508624076844,0.5176006555557251,0.4787203669548034,0.0019120491342619,0.9993431568145752,0.4890168011188507,0.3482936322689056,-0.0144000658765435,0.8058388829231262,0.5173994302749634,0.346190869808197,-0.0119643490761518,0.7539852857589722,0.491104245185852,0.2345441579818725,0.0917823240160942,0.8598705530166626,0.5154069662094116,0.2355653196573257,0.0861407667398452,0.8327656388282776,0.4929805099964142,0.2245813012123108,0.097068004310131,0.6457339525222778,0.5140705704689026,0.2242374867200851,0.0907733440399169,0.5825491547584534,0.4920746982097626,0.2008455842733383,0.0070210555568337,0.896521806716919,0.515417218208313,0.2032228112220764,-0.0023848435375839,0.8712595701217651,sujin_pick_up_variation_04,19.864437,20.2274975,19.702657,17.7264695,15.1685925,12.54,8.770333,5.701562,2.8027755,1.2071070000000002,3.5811390000000003,6.915476,9.8011625,12.315073,15.121945,16.919572000000002,19.848049000000003,21.0418815,20.982471,20.251414,18.958463,15.9679515,13.2460145,10.309594,7.7426405,6.841616999999999,4.561553,1.2071070000000002,2.5322475,6.117038,10.462888,13.435016,16.477082000000003,18.1638165,18.7448745,18.7448745,17.578027499999997,16.5630285,14.23377,11.993294,9.9360195,7.3078865,5.733964,4.6708305,4.081139,5.236068,6.468482,8.071092499999999,10.266626,13.0,15.076473,17.6109455,27.202941,25.612497,22.671568,17.691806,14.21267,10.816654,7.615773,7.0,7.615773,9.433981,11.401754,12.806248,14.21267,16.401219,16.643317,17.492856,17.0,16.124515,14.422205,12.041595,10.0,9.486833,10.049876,12.649111,15.231546,16.124515,8.062258,5.09902,3.605551,6.324555,10.049876,14.0,16.0,19.0,20.099751,20.396078,19.646883,18.384776,17.0,14.422205,12.806248,10.630146,7.81025,5.0,3.162278,4.242641,7.615773,12.649111,16.155494,21.023796,25.059928,26.925824,10.049876,11.045361,11.18034,11.401754,10.77033,9.433981,8.602325,7.28011,8.062258,8.544004,9.433981,10.630146,11.401754,11.18034,10.77033,9.219544,8.0,4.123106,3.0,5.830952,10.440307,16.124515,21.023796,25.079872,27.45906,27.856777,28.071338,29.017236,27.073973,24.083189,20.223748,16.763055,14.21267,13.038405,14.56022,17.0,17.029386,18.248288,19.646883,18.973666,19.313208,18.788294,18.35756,17.492856,16.643317,15.811388,13.453624,11.313708,9.219544,5.385165,3.162278,4.472136
sujin_pick_up_variation_04,189,63,6.300828947368421,29.9960531509012,10,0.5066910982131958,0.695990800857544,-0.1868332326412201,0.99974524974823,0.5049030780792236,0.705112099647522,-0.1769603341817855,0.9992182850837708,0.5029875040054321,0.7057727575302124,-0.1769684702157974,0.999200403690338,0.5008881092071533,0.7065713405609131,-0.1769713312387466,0.9988967180252076,0.5106860399246216,0.7006962299346924,-0.1743097752332687,0.9995632767677308,0.5129967331886292,0.6986368894577026,-0.1743216067552566,0.999669909477234,0.51557856798172,0.6971616148948669,-0.1743229478597641,0.9996480345726012,0.4957341253757477,0.7027239203453064,-0.1064142882823944,0.9985547065734864,0.5171103477478027,0.6894866228103638,-0.0938417762517929,0.999714732170105,0.5011736750602722,0.685501754283905,-0.1599281430244445,0.999582588672638,0.5087363719940186,0.6827932000160217,-0.1563742607831955,0.9997145533561708,0.4686036705970764,0.628262996673584,-0.0503314547240734,0.999229371547699,0.52586829662323,0.6259885430335999,-0.0375212170183658,0.999837338924408,0.4601767659187317,0.551379382610321,-0.0156630650162696,0.7176610231399536,0.5404872894287109,0.5563923120498657,-0.0179705638438463,0.9730226397514344,0.4530976414680481,0.485275000333786,-0.0790157541632652,0.6882344484329224,0.5451033115386963,0.5046142339706421,-0.097026839852333,0.9544736742973328,0.4494645893573761,0.4664559960365295,-0.0984594747424125,0.6755493879318237,0.5472518801689148,0.4828889667987823,-0.1187360286712646,0.9135451912879944,0.4515924453735351,0.4665904343128204,-0.1224899366497993,0.6844326853752136,0.5430561900138855,0.4861081838607788,-0.1384063065052032,0.919578492641449,0.4536291062831878,0.4726165533065796,-0.0899988859891891,0.6861790418624878,0.5413501262664795,0.4923684597015381,-0.1067691892385482,0.9096913933753968,0.4846170246601105,0.4773187637329101,-0.0018753713229671,0.9994588494300842,0.5177909135818481,0.4782171249389648,0.0018296519992873,0.9993496537208556,0.4890169501304626,0.348288893699646,-0.012236138805747,0.8230800628662109,0.5174834132194519,0.3463444113731384,-0.0092692719772458,0.7757346034049988,0.4910640716552734,0.2342988401651382,0.0917641147971153,0.8719919323921204,0.5151506066322327,0.2347405105829239,0.0888319537043571,0.8462828397750854,0.4929200410842895,0.2239742577075958,0.0966949835419654,0.6585307121276855,0.5134252905845642,0.2233522981405258,0.0932992026209831,0.594355046749115,0.4917691648006439,0.2004121541976928,0.0065161143429577,0.9042498469352722,0.5153068900108337,0.2030767351388931,-0.0016733646625652,0.8802940845489502,sujin_pick_up_variation_04,6.403124,5.09902,5.830952,7.211103,10.77033,12.369317,14.142136,15.132746,16.124515,16.124515,16.124515,15.132746,14.142136,13.341664,10.440307,7.615773,5.656854,4.123106,5.385165,10.049876,14.142136,17.720045,19.697716,21.095023,21.260292,19.849433,19.235384,21.470911,21.470911,21.470911,19.723083,17.0,13.416408,9.848858,6.082763,3.605551,4.0,6.708204,9.433981,11.401754,13.601471,14.21267,14.866069,14.866069,15.0,15.264338,15.231546,14.56022,14.035669,13.038405,13.341664,10.77033,8.246211,11.0,13.038405,14.142136,16.124515,16.124515,17.029386,15.0,15.0,13.038405,12.041595,10.0,8.062258,7.28011,7.211103,7.81025,8.944272,10.440307,13.152946,14.317821,16.278821,16.278821,16.278821,14.317821,12.165525,10.198039,13.341664,15.297059,16.124515,16.03122,16.03122,14.0,11.0,9.0,6.082763,3.162278,2.236068,4.123106,6.708204,8.062258,9.848858,11.7047,13.601471,14.317821,16.124515,17.029386,17.0,17.029386,15.033296,13.0,11.045361,8.246211,10.630146,11.401754,10.816654,10.29563,9.486833,7.071068,6.324555,4.242641,5.09902,7.071068,8.944272,10.0,11.313708,11.401754,11.661904,12.083046,9.486833,7.071068,3.162278,2.828427,7.28011,13.152946,17.0,21.377558,25.0,26.400758,31.016125,31.064449,30.066593,27.166155,24.0,19.104973,16.155494,15.620499,17.204651,18.788294,20.248457,20.880613,21.587033,21.587033,21.377558,21.213203,20.223748,20.099751,19.104973,17.029386,15.0,13.0,9.055385,5.09902,3.162278,5.385165
sujin_pick_up_variation_04,192,64,6.400842105263158,29.9960531509012,10,0.5051673650741577,0.7003785967826843,-0.2074834704399109,0.9997698068618774,0.5028738975524902,0.7077198028564453,-0.1968809813261032,0.999293327331543,0.5007663369178772,0.7081562280654907,-0.1968858987092971,0.9992775917053224,0.4986992180347442,0.7087265253067017,-0.1968947350978851,0.9990044236183168,0.5084368586540222,0.7061055302619934,-0.196050152182579,0.9996023774147034,0.5107326507568359,0.7048631906509399,-0.1960674971342086,0.9996979832649232,0.5128993391990662,0.7035048604011536,-0.1960823237895965,0.9996774792671204,0.493918627500534,0.7031949162483215,-0.121897853910923,0.9986943006515504,0.5154997706413269,0.6942988038063049,-0.1178754046559333,0.9997299909591676,0.5005099773406982,0.6888009905815125,-0.1790289729833603,0.9996234178543092,0.5080459713935852,0.6870582103729248,-0.1779998838901519,0.9997414350509644,0.4697281420230865,0.627550482749939,-0.0617828257381916,0.9993053674697876,0.5281368494033813,0.6308678984642029,-0.0619815178215503,0.9998449087142944,0.4614392220973968,0.5471662878990173,-0.0217307042330503,0.7454824447631836,0.5410206913948059,0.5576462149620056,-0.0403536818921566,0.9736390113830566,0.4560833573341369,0.4783787429332733,-0.0888653695583343,0.718869149684906,0.5450063347816467,0.4991189539432525,-0.1099735647439956,0.9556119441986084,0.4528363347053528,0.4582305550575256,-0.1092250272631645,0.7064834833145142,0.5434926748275757,0.4783414006233215,-0.131609171628952,0.915199100971222,0.4550528526306152,0.4579704701900482,-0.1346243768930435,0.7146650552749634,0.5395234823226929,0.4820025861263275,-0.1524320095777511,0.9210680723190308,0.4572210311889648,0.4637636542320251,-0.1001784428954124,0.7157527804374695,0.5392370820045471,0.4879079759120941,-0.1197816431522369,0.9107596278190612,0.4855178594589233,0.4800720810890198,-9.682865493232384e-05,0.9994791746139526,0.5190778970718384,0.480261355638504,4.370557144284248e-05,0.9993689060211182,0.4891567230224609,0.3489009737968445,-0.0137166958302259,0.8381375670433044,0.51811283826828,0.3468198478221893,-0.0113411666825413,0.7940265536308289,0.4909200966358185,0.2343008816242218,0.093480572104454,0.8823524117469788,0.5150267481803894,0.2343031018972396,0.0926859751343727,0.8571065068244934,0.4925273060798645,0.2239391058683395,0.0987266227602958,0.6666257381439209,0.5131991505622864,0.2232153415679931,0.0976407825946807,0.5989117622375488,0.4912876486778259,0.1995989829301834,0.0054889265447855,0.9106799364089966,0.5151945352554321,0.2030398696660995,-0.0003099396999459,0.8872330188751221,sujin_pick_up_variation_04,5.09902,3.162278,5.0,7.211103,11.18034,14.866069,16.763055,17.720045,18.681542,18.439089,18.681542,17.464249,16.763055,14.866069,13.416408,10.816654,8.602325,7.0,8.602325,11.18034,15.524175,19.026298,21.095023,21.587033,21.540659,19.723083,19.235384,21.213203,22.203603,21.095023,21.023796,18.0,15.033296,11.18034,7.28011,4.242641,3.162278,5.656854,6.708204,8.544004,10.198039,11.18034,12.0,12.165525,12.649111,13.416408,13.601471,13.453624,14.422205,14.317821,12.649111,11.18034,7.071068,10.29563,12.649111,14.56022,15.811388,15.811388,16.155494,14.317821,13.416408,11.661904,11.18034,8.944272,7.615773,6.082763,5.09902,6.403124,8.602325,11.661904,13.416408,15.231546,16.552945,16.552945,16.552945,15.652476,13.416408,10.77033,14.764823,15.652476,17.0,17.492856,15.811388,14.422205,12.206556,9.433981,5.830952,4.123106,3.605551,4.472136,6.082763,8.062258,10.198039,12.369317,13.601471,15.231546,16.552945,17.492856,16.643317,16.401219,15.811388,13.601471,10.29563,8.246211,13.038405,14.142136,14.142136,13.341664,10.440307,8.944272,6.403124,3.162278,2.828427,5.09902,7.0,9.219544,10.77033,11.661904,12.806248,11.313708,10.630146,8.602325,5.385165,4.472136,9.486833,15.297059,20.024984,23.086793,25.0,30.083218,30.870698,30.413813,27.294688,24.166092,19.924859,17.117243,16.124515,16.552945,18.027756,19.849433,20.518285,21.213203,21.260292,21.260292,22.022716,20.615528,20.615528,19.209373,17.804494,15.0,12.206556,8.944272,5.09902,5.0,7.071068,8.18825175
sujin_pick_up_variation_04,195,65,6.500855263157895,29.9960531509012,10,0.5031713843345642,0.7036868333816528,-0.1999554485082626,0.9997918009757996,0.5003519654273987,0.7103110551834106,-0.1878799349069595,0.99936044216156,0.4981546401977539,0.7103889584541321,-0.1878829300403595,0.9993466138839722,0.4959583580493927,0.7102552652359009,-0.1878901869058609,0.999100923538208,0.5062023401260376,0.7095290422439575,-0.188304454088211,0.9996373653411864,0.5083567500114441,0.708935022354126,-0.1883148699998855,0.9997230768203736,0.5107800364494324,0.7082123756408691,-0.1883213371038437,0.999704122543335,0.4919912219047546,0.7030903697013855,-0.1107081547379493,0.9988186359405518,0.51368248462677,0.6987873911857605,-0.1129584312438964,0.9997432231903076,0.4986238181591034,0.6907594203948975,-0.1708651334047317,0.9996598958969116,0.5066888928413391,0.6906101107597351,-0.1715908348560333,0.9997654557228088,0.4721828401088714,0.6278436183929443,-0.0543749369680881,0.9993732571601868,0.5292815566062927,0.6336321830749512,-0.0579996295273304,0.999851644039154,0.4633062183856964,0.5475382208824158,-0.0126034086570143,0.7703298926353455,0.5413604378700256,0.559633731842041,-0.0295452550053596,0.974448263645172,0.4565384984016418,0.4748088717460632,-0.0847478657960891,0.7461245656013489,0.5447656512260437,0.4980082809925079,-0.088484987616539,0.9566855430603028,0.4537999033927917,0.4538582265377044,-0.1006801053881645,0.7335814237594604,0.5418775081634521,0.4767504632472992,-0.1090041697025299,0.9167298674583436,0.4555681645870209,0.4534343481063843,-0.1224101036787033,0.7411929965019226,0.5376137495040894,0.4802942276000976,-0.1299580186605453,0.9224761128425598,0.4575239717960357,0.4593754708766937,-0.0971913412213325,0.7415058016777039,0.5377870798110962,0.4863525331020355,-0.0979911535978317,0.9116962552070618,0.4867240786552429,0.4818807542324066,0.0007095509790815,0.9994980692863464,0.5205997228622437,0.4821632206439972,-0.0007675064262002,0.9993905425071716,0.4895850718021393,0.3501002192497253,-0.0141965495422482,0.8521851301193237,0.5187464952468872,0.3470898866653442,-0.0137014035135507,0.8113411068916321,0.4908284842967987,0.2342866063117981,0.0908825397491455,0.8921323418617249,0.5149552226066589,0.2341748625040054,0.088089607656002,0.8681210875511169,0.4925166964530945,0.2239258289337158,0.0960039347410202,0.6753175854682922,0.5127807259559631,0.223102256655693,0.0928531885147094,0.6075645685195923,0.4910123944282532,0.1993305385112762,0.000640258018393,0.917018711566925,0.5151565670967102,0.2029691487550735,-0.0019473435822874,0.8946245908737183,sujin_pick_up_variation_04,3.0,1.414214,5.385165,8.246211,12.165525,15.132746,17.117243,18.027756,18.027756,18.0,18.0,17.0,16.0,14.035669,12.165525,9.848858,8.485281,9.219544,11.401754,13.892444,17.691806,20.518285,21.633308,22.825424,21.540659,19.646883,16.401219,17.804494,19.104973,19.104973,17.029386,15.811388,13.038405,9.848858,7.28011,4.0,2.236068,4.123106,5.656854,7.211103,8.944272,9.848858,10.440307,11.045361,12.041595,12.649111,12.529964,13.601471,12.727922,12.806248,11.661904,9.848858,8.0,10.440307,12.649111,14.866069,16.155494,16.155494,15.811388,15.524175,14.317821,12.165525,11.18034,9.219544,8.246211,6.708204,6.403124,7.28011,9.0,11.045361,14.142136,15.297059,17.262677,17.464249,17.262677,16.124515,14.142136,11.18034,14.317821,16.278821,17.262677,17.262677,16.124515,14.142136,11.045361,8.062258,5.09902,2.828427,3.0,4.472136,7.211103,8.602325,10.816654,12.529964,13.416408,15.231546,15.811388,16.492423,16.278821,16.278821,15.132746,13.152946,10.440307,7.211103,11.2422315,9.967247,8.826238,8.961686,9.486833,9.7087915,8.524937999999999,6.581139,6.024938,6.330468,7.285383,7.220274999999999,7.3027755,7.0207975,8.251971,10.0,10.199942,10.8011625,10.326238,9.246428,11.5366055,13.464440499999998,14.9330345,16.165584,15.5125865,14.158989,19.98635,21.7302495,23.632614500000003,24.2944635,23.4473905,22.790228,21.949722,20.5381715,19.94909,19.6979805,18.8372365,17.5498755,16.5316945,15.885165,14.531129,14.047432,13.366594,12.714711,13.8244885,13.5835595,13.071068,13.100597,11.838375,10.3948,10.566373,10.9913385
sujin_pick_up_variation_04,198,66,6.600868421052631,29.9960531509012,10,0.5025673508644104,0.7043294906616211,-0.2585816979408264,0.999811828136444,0.4991472661495209,0.711042582988739,-0.2469294816255569,0.9994218945503236,0.4968390166759491,0.7108252644538879,-0.2469221651554107,0.9994096159934998,0.4946375489234924,0.7104186415672302,-0.2469455450773239,0.9991886019706726,0.5053991079330444,0.7108010649681091,-0.2479142993688583,0.9996705055236816,0.5073658227920532,0.7105097770690918,-0.2479471713304519,0.9997475743293762,0.5098480582237244,0.7100991010665894,-0.2479616999626159,0.9997304677963256,0.4909924268722534,0.7027902603149414,-0.1644851863384246,0.998932123184204,0.5128309726715088,0.7012826800346375,-0.1697085946798324,0.999761700630188,0.4982995986938476,0.6906417608261108,-0.2270171195268631,0.999692678451538,0.506576418876648,0.6913226246833801,-0.2286789566278457,0.9997873902320862,0.4747376143932342,0.6266466379165649,-0.0943079367280006,0.9994325637817384,0.5294913053512573,0.6367529034614563,-0.1047494634985923,0.999858856201172,0.4676878154277801,0.5463486909866333,-0.0422946624457836,0.791680097579956,0.5414918065071106,0.560233473777771,-0.0679859369993209,0.9754106998443604,0.4602627158164978,0.4726331830024719,-0.1002515405416488,0.7681106328964233,0.5443308353424072,0.4959233701229095,-0.121883139014244,0.9572300910949708,0.4579640924930572,0.4517149031162262,-0.1164499297738075,0.7526279091835022,0.5417684316635132,0.4725510776042938,-0.1418460011482238,0.9171541333198548,0.4595499634742737,0.4512025415897369,-0.1425518095493316,0.7602152228355408,0.5373369455337524,0.4748404026031494,-0.1636738777160644,0.92282897233963,0.4611317217350006,0.4572053253650665,-0.111758217215538,0.7589309811592102,0.5376417636871338,0.4815348982810974,-0.1308546662330627,0.9112751483917236,0.4888194799423218,0.4862556159496307,0.0010163872502744,0.9995131492614746,0.522205114364624,0.4875593483448028,-0.0010888805845752,0.9994077682495116,0.4901417195796966,0.3562219738960266,-0.0218787416815757,0.8637599349021912,0.5191934704780579,0.3517598211765289,-0.0148069346323609,0.825509786605835,0.4907421171665191,0.2346227765083313,0.0773185491561889,0.9004116654396057,0.5149351358413696,0.2342901229858398,0.0878752321004867,0.877112865447998,0.4925519824028015,0.2238951623439788,0.0815440341830253,0.6782936453819275,0.5127555727958679,0.2230483591556549,0.0909431427717208,0.6115710139274597,0.4910426735877991,0.1994192153215408,-0.0208853967487812,0.9219998717308044,0.5150505900382996,0.2029249966144561,-0.0110541097819805,0.9002382755279541,sujin_pick_up_variation_04,2.236068,2.236068,6.0,9.219544,12.369317,15.297059,16.763055,18.027756,18.027756,17.464249,16.155494,15.231546,13.928388,11.401754,9.055385,7.28011,5.656854,8.062258,11.401754,14.764823,18.601075,21.260292,22.671568,22.803509,22.472205,20.124612,15.297059,17.262677,17.262677,18.027756,17.0,15.033296,13.152946,10.198039,7.28011,4.472136,1.414214,2.236068,5.0,6.082763,8.544004,9.848858,10.816654,12.041595,12.806248,13.038405,14.317821,14.866069,14.317821,14.035669,13.0,10.049876,26.41969,23.853721,21.633308,17.204651,13.892444,9.433981,6.082763,5.09902,6.403124,8.602325,10.816654,12.206556,14.422205,15.620499,17.029386,17.691806,16.970563,16.970563,14.142136,12.806248,8.944272,8.0,8.062258,10.630146,12.806248,14.422205,7.615773,5.0,4.242641,8.062258,11.0,15.0,17.0,19.026298,20.099751,20.223748,19.646883,18.973666,16.552945,14.764823,12.529964,10.816654,8.062258,5.385165,4.123106,4.472136,8.544004,12.369317,16.763055,20.880613,24.698178,26.400758,14.56022,16.492423,15.811388,13.928388,11.661904,9.219544,6.708204,5.0,5.656854,7.615773,10.198039,12.041595,13.038405,14.142136,14.56022,13.928388,12.529964,8.602325,5.0,2.828427,6.082763,12.083046,18.027756,22.671568,26.172505,27.202941,26.0,25.495098,25.079872,21.540659,18.681542,15.033296,12.649111,12.806248,13.892444,17.088007,18.439089,19.235384,21.095023,21.023796,20.0,20.024984,19.104973,18.11077,17.262677,15.297059,12.369317,9.486833,5.830952,2.0,4.472136,8.246211
sujin_pick_up_variation_04,201,67,6.700881578947368,29.9960531509012,10,0.5027343034744263,0.7040899395942688,-0.2558706402778625,0.9998297095298768,0.4988153278827667,0.7114274501800537,-0.2444757372140884,0.9994769096374512,0.4964267611503601,0.7111186385154724,-0.2444728910923004,0.9994660019874572,0.4941896200180053,0.7106587886810303,-0.2444937080144882,0.9992671012878418,0.5053994655609131,0.7116966247558594,-0.2455548346042633,0.999700129032135,0.5072034597396851,0.7115389108657837,-0.2455886006355285,0.9997695088386536,0.5096428394317627,0.7113277316093445,-0.2456095665693283,0.9997541904449464,0.4906724989414215,0.7034642696380615,-0.164412185549736,0.9990334510803224,0.512649655342102,0.7031137347221375,-0.1696333438158035,0.999778687953949,0.4986096024513244,0.6904910802841187,-0.2250808775424957,0.9997220039367676,0.5069261789321899,0.691508948802948,-0.2267530262470245,0.9998071193695068,0.4761370718479156,0.6275863647460938,-0.097038060426712,0.9994847178459167,0.5300769209861755,0.6367487907409668,-0.1080974265933036,0.9998657703399658,0.4707018733024597,0.5471290946006775,-0.0506712161004543,0.8097549676895142,0.5420573949813843,0.55675208568573,-0.0767925530672073,0.976101279258728,0.4655183553695678,0.4715013206005096,-0.1100922375917434,0.7845746278762817,0.5443555116653442,0.4858342409133911,-0.1300981342792511,0.9567333459854126,0.4627417325973511,0.451369434595108,-0.1272274553775787,0.7641957402229309,0.5428340435028076,0.4625988006591797,-0.1495815366506576,0.9156304001808168,0.4640235900878906,0.4502386748790741,-0.151741161942482,0.7721208333969116,0.5380351543426514,0.4645282626152038,-0.1704392731189727,0.9213172793388368,0.4657122492790222,0.4559580683708191,-0.1208958327770233,0.768696665763855,0.5378159284591675,0.4710944890975952,-0.1386656463146209,0.9090311527252196,0.4904549717903137,0.4869797229766845,0.0009640938369557,0.9995216131210328,0.5236944556236267,0.4884482622146606,-0.0010562783572822,0.9994197487831116,0.490943968296051,0.3604609072208404,-0.0251628775149583,0.8745277523994446,0.5193437337875366,0.3547044098377228,-0.0135155897587537,0.8381117582321167,0.4907300174236297,0.2358492314815521,0.076331503689289,0.9081790447235109,0.5148728489875793,0.2346384972333908,0.0864757224917411,0.8850507736206055,0.4926136136054992,0.2243931591510772,0.0808384120464325,0.6818349957466125,0.5125821232795715,0.2231836169958114,0.0904785320162773,0.6148870587348938,0.4910547137260437,0.19947549700737,-0.0203133132308721,0.9267977476119996,0.514907717704773,0.2028127312660217,-0.0097010824829339,0.9052436947822572,sujin_pick_up_variation_04,20.880613,20.248457,20.615528,18.384776,15.652476,12.083046,8.944272,5.385165,3.162278,3.162278,6.082763,8.544004,11.7047,14.317821,17.464249,18.788294,21.023796,21.470911,21.095023,20.0,18.439089,14.866069,11.18034,9.055385,7.28011,7.211103,5.09902,3.605551,2.0,4.472136,7.071068,10.049876,12.0,13.038405,14.317821,13.601471,13.601471,13.0,10.816654,10.0,8.485281,6.403124,5.385165,3.0,2.828427,3.0,4.472136,5.830952,8.544004,11.045361,14.0,17.117243,6.324555,9.433981,12.206556,13.601471,15.620499,16.401219,15.811388,15.264338,13.892444,12.529964,11.18034,9.433981,7.81025,6.403124,6.324555,7.0,9.219544,11.18034,13.892444,16.124515,17.492856,18.027756,17.492856,16.643317,14.422205,12.206556,16.124515,17.262677,19.104973,18.11077,18.027756,15.033296,13.0,10.0,7.0,4.0,1.414214,2.828427,5.656854,7.81025,9.219544,10.816654,12.206556,14.317821,15.231546,16.763055,16.492423,15.297059,14.317821,12.369317,9.486833,5.830952,8.062258,5.09902,4.242641,5.09902,7.28011,8.544004,9.433981,9.433981,9.219544,8.485281,7.211103,6.324555,6.0,5.830952,7.81025,9.848858,12.369317,15.132746,18.027756,19.026298,19.026298,18.248288,15.297059,12.649111,8.062258,3.605551,10.440307,14.142136,18.11077,21.023796,23.0,25.019992,25.019992,24.083189,21.213203,19.235384,15.524175,12.649111,8.944272,6.403124,4.472136,4.123106,5.0,6.324555,8.062258,10.049876,12.165525,13.601471,14.56022,14.866069,13.928388,12.649111
sujin_pick_up_variation_04,204,68,6.800894736842105,29.9960531509012,10,0.5032624006271362,0.704921543598175,-0.2501187026500702,0.9998456239700316,0.4989993870258331,0.7125533223152161,-0.2389794290065765,0.9995254278182985,0.496500164270401,0.7121192216873169,-0.2389812469482422,0.9995156526565552,0.4942085146903991,0.7116108536720276,-0.2389986515045166,0.99933660030365,0.5059288144111633,0.7129818201065063,-0.2399335205554962,0.999725878238678,0.5077000260353088,0.7127653956413269,-0.239964410662651,0.9997884035110474,0.5103055834770203,0.7124907970428467,-0.2399882674217224,0.9997747540473938,0.490793913602829,0.7044301629066467,-0.1611304730176925,0.9991219639778136,0.5134063959121704,0.703986406326294,-0.1656228899955749,0.9997921586036682,0.4990492463111877,0.6911945939064026,-0.2201253324747085,0.9997480511665344,0.5077052116394043,0.6924058198928833,-0.2215805202722549,0.9998246431350708,0.4771932363510132,0.628049910068512,-0.0958060398697853,0.9995302557945251,0.5313881635665894,0.6361403465270996,-0.1048334613442421,0.9998725056648254,0.4719330370426178,0.5455111861228943,-0.0511036626994609,0.8255578279495239,0.542091965675354,0.5539163947105408,-0.0746972486376762,0.976490557193756,0.4677645862102508,0.4709531664848327,-0.1103812381625175,0.7976958155632019,0.547289252281189,0.48157399892807,-0.1271937638521194,0.9565472602844238,0.4651240110397339,0.4510432183742523,-0.127300813794136,0.7720532417297363,0.5479984283447266,0.4585442543029785,-0.1462456434965133,0.9150018692016602,0.4662302136421203,0.4498183131217956,-0.1513054519891739,0.7804661989212036,0.5433136820793152,0.4609118700027466,-0.1679543554782867,0.920820951461792,0.468019425868988,0.455340713262558,-0.1210773289203643,0.7752355933189392,0.542074978351593,0.4670661389827728,-0.1363139152526855,0.9084453582763672,0.4910687208175659,0.485973447561264,0.0005555379902943,0.999516487121582,0.524319052696228,0.4871686697006225,-0.0006680596852675,0.99942147731781,0.4916514754295349,0.3601714670658111,-0.0250432156026363,0.8846795558929443,0.5193853974342346,0.3543499708175659,-0.011075654067099,0.8497852683067322,0.4907456934452057,0.2365359812974929,0.078726626932621,0.915236234664917,0.5150442123413086,0.2346309274435043,0.0892075523734092,0.8922861218452454,0.4925906062126159,0.2249948382377624,0.0831905528903007,0.6806507110595703,0.5126193761825562,0.2232092022895813,0.0936663597822189,0.6181026101112366,0.4911951422691345,0.1995110660791397,-0.0161772239953279,0.9310296177864076,0.5148422718048096,0.2020084410905838,-0.0047682183794677,0.9098845720291138,sujin_pick_up_variation_04,20.615528,20.248457,18.973666,17.720045,15.524175,12.369317,8.246211,5.385165,2.236068,2.828427,6.708204,9.486833,11.7047,14.866069,17.088007,19.313208,21.18962,22.135944,21.84033,20.396078,18.11077,16.03122,12.649111,10.0,8.944272,9.055385,5.0,2.236068,1.0,4.472136,7.211103,9.899495,12.041595,14.21267,15.0,15.264338,14.764823,13.928388,12.649111,10.198039,9.0,8.062258,6.324555,5.0,3.605551,3.0,3.162278,4.123106,7.211103,10.630146,14.21267,16.643317,15.3749175,15.890286,15.791006500000002,15.3172795,13.7510315,13.0638395,11.254081,10.195586,10.3362695,10.8245555,10.9078455,10.7912045,10.5533685,10.5413815,10.931086,11.551144,13.0307575,13.86796,14.2979445,14.2462115,13.959042,13.332158499999998,13.4697945,13.7666925,13.4647685,12.7611315,11.8856335,11.2321245,10.692388,11.894147,13.2454345,14.1655355,13.730305,13.7501405,12.200005,10.907456,9.632727,9.486833,10.3824115,10.5,10.2201535,10.266097,9.7387505,9.3949785,9.486833,10.313815,12.3076015,13.527115,14.851916,15.882674,15.890285,15.61858,9.055385,6.082763,6.708204,6.403124,6.708204,7.071068,8.0,8.0,7.071068,6.324555,5.830952,5.656854,6.324555,8.0,9.486833,12.083046,13.892444,16.401219,18.439089,19.104973,19.104973,17.029386,15.0,11.661904,7.615773,3.162278,9.433981,13.0,16.763055,20.396078,22.203603,24.186773,24.083189,23.021729,21.0,18.027756,15.132746,11.401754,8.544004,5.0,3.605551,3.162278,4.472136,6.082763,8.0,10.198039,11.401754,13.0,13.928388,14.317821,14.317821,12.083046
sujin_pick_up_variation_04,207,69,6.900907894736842,29.9960531509012,10,0.5040736794471741,0.7050567865371704,-0.2524741888046264,0.9998603463172911,0.4998323321342468,0.7131989598274231,-0.2413177192211151,0.999570369720459,0.4972622692584991,0.7128152251243591,-0.2413200587034225,0.9995617270469666,0.4949147999286651,0.712374210357666,-0.2413344830274582,0.9994006156921388,0.5069072842597961,0.7133277654647827,-0.2420916110277176,0.9997500777244568,0.5086520314216614,0.7129331827163696,-0.2421178519725799,0.9998063445091248,0.5113500952720642,0.7124329805374146,-0.2421313971281051,0.999793827533722,0.4917704164981842,0.7054290771484375,-0.1638535559177398,0.9992044568061828,0.5146187543869019,0.7040393352508545,-0.1677052974700927,0.9998043179512024,0.4997002780437469,0.6917887330055237,-0.2227398306131363,0.9997721314430236,0.5085614323616028,0.6927039623260498,-0.2239841669797897,0.9998408555984496,0.4782644808292389,0.6305358409881592,-0.0998447686433792,0.9995754957199096,0.5328566431999207,0.6352348923683167,-0.1044368520379066,0.9998776912689208,0.4726499617099762,0.5470696091651917,-0.0562766045331954,0.8422191143035889,0.5433300733566284,0.551574170589447,-0.072756640613079,0.977453589439392,0.4678037464618683,0.4730113446712494,-0.1173263490200042,0.816677451133728,0.5508021712303162,0.4810239970684051,-0.1252887398004531,0.9582083821296692,0.4647938311100006,0.4524880647659302,-0.1353269219398498,0.7916117906570435,0.55194491147995,0.456913411617279,-0.1441120356321334,0.917662501335144,0.4666106402873993,0.4511118233203888,-0.1598917990922927,0.7995343208312988,0.5472184419631958,0.4587141275405884,-0.1663794517517089,0.9233825206756592,0.4684465229511261,0.4565194845199585,-0.12807098031044,0.794049084186554,0.5457818508148193,0.4663576781749725,-0.134758323431015,0.9112269282341005,0.4921170175075531,0.4869678020477295,0.0007161007379181,0.9995303750038148,0.5257590413093567,0.4875666797161102,-0.0008296765154227,0.9994313716888428,0.4923059046268463,0.3607008457183838,-0.0245298035442829,0.893790066242218,0.5197109580039978,0.3606323301792145,-0.0126415444537997,0.860155463218689,0.4907616376876831,0.237366035580635,0.0752201154828071,0.92122483253479,0.5151457786560059,0.2356341630220413,0.0841979086399078,0.8978082537651062,0.4926040768623352,0.2264624685049057,0.0792736709117889,0.6788542866706848,0.5128339529037476,0.2250814288854599,0.087973341345787,0.6137458682060242,0.4911766946315765,0.1994408220052719,-0.0204370971769094,0.9344034790992736,0.5144693851470947,0.2016439884901046,-0.0102579835802316,0.9129757881164552,sujin_pick_up_variation_04,1.0,3.0,7.071068,11.045361,14.035669,16.03122,18.0,18.0,19.026298,18.027756,17.117243,15.033296,14.035669,12.0,10.049876,7.615773,5.0,6.082763,9.433981,12.727922,15.620499,18.027756,19.235384,19.313208,18.973666,17.262677,14.764823,16.552945,17.888544,17.464249,17.088007,15.811388,13.341664,10.198039,6.0,3.162278,1.0,3.605551,6.324555,7.28011,9.219544,11.0,11.045361,12.369317,12.649111,13.416408,13.601471,13.453624,13.453624,12.206556,11.18034,7.615773,7.211103,8.602325,11.18034,13.0,14.317821,15.231546,14.764823,14.764823,13.038405,12.206556,11.401754,9.219544,8.062258,6.324555,6.0,6.324555,7.211103,9.899495,11.401754,13.601471,15.0,15.0,15.0,13.601471,12.206556,9.433981,16.552945,17.888544,19.235384,19.235384,18.35756,16.643317,13.892444,10.29563,7.615773,4.123106,3.605551,4.472136,6.082763,8.062258,10.198039,12.369317,13.601471,14.866069,15.652476,17.492856,17.204651,16.401219,15.620499,13.601471,10.816654,7.615773,11.401754,10.049876,8.246211,8.062258,7.071068,7.211103,6.324555,6.082763,5.0,5.385165,5.0,5.0,5.09902,7.071068,9.486833,11.18034,13.892444,15.811388,17.029386,17.691806,17.691806,15.620499,13.601471,10.29563,6.082763,2.828427,8.544004,12.165525,16.03122,19.0,21.095023,22.203603,22.36068,21.377558,19.646883,16.763055,13.928388,11.18034,8.602325,6.403124,4.123106,4.472136,4.472136,7.071068,9.0,10.198039,12.649111,13.928388,15.231546,15.652476,15.231546,14.317821
sujin_pick_up_variation_04,210,70,7.000921052631579,29.9960531509012,10,0.5058242678642273,0.7053516507148743,-0.2221241295337677,0.9998701214790344,0.5014693737030029,0.7139714956283569,-0.2104134708642959,0.9996000528335572,0.4989068806171417,0.7135841846466064,-0.2104354798793792,0.9995922446250916,0.4964121878147125,0.7131518721580505,-0.2104553878307342,0.99944669008255,0.5084145665168762,0.7137036323547363,-0.2117502838373184,0.9997609853744508,0.510459840297699,0.7131592631340027,-0.2117683291435241,0.9998121857643129,0.5133198499679565,0.7124327421188354,-0.2117909491062164,0.9998018741607666,0.4933742582798004,0.7058629989624023,-0.1345279663801193,0.9992520809173584,0.5165002346038818,0.7041656374931335,-0.1402055323123932,0.9997988939285278,0.5013249516487122,0.6922012567520142,-0.1931739896535873,0.9997889399528505,0.510199248790741,0.6930133104324341,-0.1949535757303238,0.9998515844345092,0.4797784388065338,0.6300908327102661,-0.0730326697230339,0.9996028542518616,0.5348216891288757,0.6357694864273071,-0.0880668833851814,0.9998772144317628,0.4771871864795685,0.5457018613815308,-0.0317613072693347,0.8491324186325073,0.5452772974967957,0.5507091283798218,-0.0599849708378315,0.9773274064064026,0.4723508954048157,0.4723109304904938,-0.0910683423280716,0.8114652037620544,0.5528091192245483,0.4803845584392547,-0.1130768805742263,0.95503830909729,0.4697726666927337,0.4521210789680481,-0.1070096790790557,0.7775225043296814,0.554241955280304,0.4567242562770843,-0.1315366178750991,0.9119683504104614,0.4710393249988556,0.4506956040859222,-0.1281657218933105,0.7867788076400757,0.5488560199737549,0.457673579454422,-0.1505441516637802,0.917972445487976,0.4727734923362732,0.4560535848140716,-0.1010422185063362,0.7793744206428528,0.5472556948661804,0.4662058055400848,-0.121421068906784,0.905356228351593,0.4939404129981994,0.4859763383865356,0.0012248858110979,0.9995049834251404,0.5280173420906067,0.4866342544555664,-0.0013395077548921,0.9994053840637208,0.4926954507827759,0.3609063327312469,-0.0257722176611423,0.9006495475769043,0.5201500058174133,0.3625124096870422,-0.0179779008030891,0.8676528930664062,0.490777313709259,0.2373466789722442,0.0720503851771354,0.9257083535194396,0.5152589082717896,0.2365441024303436,0.0778247639536857,0.9010711908340454,0.4926048517227173,0.2263602763414383,0.0762701779603958,0.671543538570404,0.51301109790802,0.2256622910499572,0.0820930749177932,0.605746328830719,0.4911853373050689,0.1991416066884994,-0.0213267039507627,0.9360394477844238,0.5143882632255554,0.2009856253862381,-0.0142522752285003,0.9138177037239076,sujin_pick_up_variation_04,20.099751,20.396078,18.681542,17.720045,13.928388,10.77033,8.062258,4.472136,1.414214,2.236068,5.0,7.81025,10.0,12.806248,15.620499,17.691806,18.439089,20.0,20.248457,19.235384,17.464249,14.317821,12.0,9.486833,8.485281,8.544004,5.385165,2.0,2.236068,5.830952,10.29563,14.764823,17.888544,19.235384,20.59126,20.59126,19.723083,18.027756,15.811388,12.806248,10.630146,8.602325,5.830952,4.123106,2.236068,3.0,5.0,7.211103,10.77033,12.369317,15.132746,18.0,6.324555,8.602325,11.401754,13.453624,14.866069,14.866069,15.0,15.0,13.038405,12.529964,10.29563,8.602325,7.81025,6.403124,6.324555,7.0,9.219544,10.77033,13.0,15.231546,16.552945,16.552945,16.552945,15.231546,13.0,11.18034,15.620499,17.691806,19.104973,18.384776,17.691806,15.620499,13.601471,10.630146,7.81025,5.0,3.0,3.605551,5.0,7.211103,9.433981,11.401754,12.727922,14.21267,15.620499,15.811388,16.643317,17.0,15.652476,12.529964,10.816654,7.81025,13.038405,10.77033,9.055385,7.071068,7.211103,6.403124,6.708204,7.071068,7.0,6.324555,5.830952,6.403124,6.324555,8.0,9.219544,11.7047,13.892444,16.401219,17.691806,18.439089,18.601075,16.643317,14.317821,11.401754,7.0,4.242641,10.049876,14.317821,17.088007,20.615528,22.36068,24.186773,23.323808,22.203603,20.615528,17.691806,14.866069,12.206556,9.848858,8.062258,6.324555,6.403124,6.708204,7.071068,9.055385,10.77033,12.529964,14.422205,15.811388,17.029386,17.029386,16.401219
sujin_pick_up_variation_04,213,71,7.100934210526316,29.9960531509012,10,0.5080040097236633,0.7053886651992798,-0.2134956866502761,0.9998779296875,0.5036128163337708,0.7140411138534546,-0.2015553116798401,0.9996209144592284,0.501101553440094,0.7135812640190125,-0.2015760242938995,0.999613642692566,0.498503029346466,0.7130805850028992,-0.2015870511531829,0.9994817972183228,0.5102742314338684,0.7138060331344604,-0.2029809951782226,0.9997662305831908,0.5127253532409668,0.7133609652519226,-0.2030000239610672,0.9998128414154052,0.5153775215148926,0.7126193046569824,-0.2030316740274429,0.9998047947883606,0.4954459071159363,0.7053049206733704,-0.1262228637933731,0.999277651309967,0.5189202427864075,0.7042735815048218,-0.1326012313365936,0.9997824430465698,0.5037035346031189,0.69209885597229,-0.1848820298910141,0.9998027682304382,0.512424647808075,0.6928399801254272,-0.1868920922279358,0.9998605251312256,0.4810751378536224,0.6307840347290039,-0.0686177536845207,0.9996259212493896,0.5374341607093811,0.6356803774833679,-0.0805635899305343,0.9998782873153688,0.4790498614311218,0.5446761846542358,-0.0282695982605218,0.8584997653961182,0.546596348285675,0.550396203994751,-0.0515005216002464,0.9770775437355042,0.4741040170192718,0.4718202352523803,-0.087566390633583,0.8141065835952759,0.5534719824790955,0.4797578155994415,-0.1062921807169914,0.953185498714447,0.4721540808677673,0.4520156383514404,-0.1039555147290229,0.7738146185874939,0.5550298690795898,0.4553711116313934,-0.1249251589179039,0.9090943932533264,0.4738228917121887,0.450637012720108,-0.1252130270004272,0.783906102180481,0.5498011708259583,0.4556082785129547,-0.1447623074054718,0.9152995944023132,0.4753105342388153,0.4559506475925445,-0.0974343568086624,0.774756133556366,0.5482049584388733,0.4653591811656952,-0.1149894744157791,0.9023826718330384,0.4943994581699371,0.4847195148468017,0.0013317374978214,0.9994531869888306,0.5288652777671814,0.4834965467453003,-0.0014399036299437,0.9993696808815002,0.4930416047573089,0.3604282736778259,-0.0177851002663373,0.9079357385635376,0.5209111571311951,0.3606407642364502,-0.0174369178712368,0.8761613368988037,0.4907903671264648,0.2373626083135604,0.0825065225362777,0.9301531314849854,0.5153165459632874,0.2365101128816604,0.081100232899189,0.9055179953575134,0.492572009563446,0.2263112217187881,0.0870323628187179,0.6695820093154907,0.5130264163017273,0.2256398648023605,0.0856562778353691,0.6047950983047485,0.4912576377391815,0.1992562711238861,-0.0078822104260325,0.938139796257019,0.5143762826919556,0.200257658958435,-0.009829269722104,0.915775716304779,sujin_pick_up_variation_04,13.0047985,13.4721705,14.09481,13.62365,13.6144375,12.8928625,11.505517,9.693722,8.0,9.081139,10.1477165,11.012896,11.7836395,12.1589105,12.2773405,11.7690545,12.110539500000002,13.14432,14.893435,16.103828999999998,17.339675,17.110787000000002,15.600372,14.579766,12.6737385,11.444272,12.764334,12.298374,12.298374,14.008767,15.7354555,16.4184275,15.9679515,14.4332775,12.906089,10.7227205,10.020281,10.893192,11.240921,11.28839,11.167423,10.995323,9.9726925,9.6485295,9.865033,10.51561,10.87075,12.1589105,13.1646965,14.2421325,14.578532,14.2709895,25.96151,23.086793,21.18962,17.464249,13.928388,10.440307,8.0,7.28011,8.602325,9.219544,11.313708,13.453624,14.866069,16.278821,17.804494,17.804494,17.204651,16.643317,15.0,12.041595,10.0,9.219544,10.198039,12.083046,14.764823,16.643317,8.062258,6.403124,4.123106,6.324555,9.219544,12.041595,14.21267,17.204651,18.027756,18.35756,18.384776,17.720045,16.278821,15.132746,13.038405,11.0,9.0,7.071068,4.472136,5.385165,8.0,12.0,16.0,20.0,23.086793,26.305893,10.29563,11.18034,13.0,13.0,13.601471,12.369317,12.165525,11.045361,11.045361,11.401754,10.77033,10.29563,11.401754,11.313708,10.630146,10.29563,10.198039,9.219544,10.816654,12.806248,16.124515,20.248457,22.803509,26.305893,27.073973,26.0,19.849433,19.79899,17.804494,15.264338,11.401754,8.0,7.071068,8.246211,12.165525,13.601471,15.231546,16.643317,17.029386,16.970563,16.401219,15.264338,14.317821,13.601471,12.165525,11.0,10.049876,7.071068,5.385165,2.236068,1.0,4.472136
sujin_pick_up_variation_04,216,72,7.200947368421053,29.9960531509012,10,0.5085880756378174,0.7042868137359619,-0.1633214503526687,0.999888837337494,0.5044949650764465,0.7127084732055664,-0.1499068737030029,0.9996539950370787,0.5020963549613953,0.7122434377670288,-0.149940624833107,0.9996473789215088,0.4997544586658478,0.711650013923645,-0.1499343961477279,0.999528706073761,0.5116161704063416,0.7127623558044434,-0.1519176363945007,0.9997851848602296,0.5137420296669006,0.7122807502746582,-0.1519397944211959,0.9998267889022828,0.5162869691848755,0.7116926908493042,-0.1519795060157776,0.999819815158844,0.4970925152301788,0.7043781876564026,-0.0781148225069046,0.9993383288383484,0.5202398896217346,0.703804075717926,-0.0875962674617767,0.9997934699058532,0.5044519305229187,0.6910698413848877,-0.1371730864048004,0.9998194575309752,0.5134704113006592,0.6918776631355286,-0.1400446742773056,0.9998717308044434,0.4827365279197693,0.6301334500312805,-0.0298628266900777,0.999644696712494,0.5389137864112854,0.6350250244140625,-0.0534292124211788,0.999881625175476,0.4804860949516296,0.5441685318946838,0.0039396868087351,0.8650917410850525,0.5473934412002563,0.5502424240112305,-0.0369409173727035,0.9782615900039672,0.475817859172821,0.4691095948219299,-0.0473246537148952,0.8073042631149292,0.5529190301895142,0.479659229516983,-0.0784244611859321,0.9525973796844482,0.4743069112300873,0.4495989680290222,-0.0599264279007911,0.7599638104438782,0.5547872185707092,0.4543299078941345,-0.0913829877972602,0.9080544114112854,0.4762021005153656,0.4488124251365661,-0.0781842395663261,0.7703321576118469,0.5499163269996643,0.4537348747253418,-0.10663353651762,0.9139736890792848,0.4775556325912475,0.4545796811580658,-0.0555747263133525,0.7593875527381897,0.5480924844741821,0.4636076688766479,-0.0845746770501136,0.899959921836853,0.4952835142612457,0.4842737317085266,0.0044094682671129,0.999492883682251,0.5300113558769226,0.4825395345687866,-0.0044408002868294,0.9994105696678162,0.4932192862033844,0.3767583072185516,-0.1739247590303421,0.9151403307914734,0.5240142941474915,0.3686419129371643,-0.0643790066242218,0.8829396367073059,0.4909018576145172,0.2519880831241607,-0.1424862891435623,0.9338823556900024,0.5162228941917419,0.2375947386026382,-0.0017589938361197,0.9048345685005188,0.4927202463150024,0.234946072101593,-0.1433828622102737,0.6867788434028625,0.5133882761001587,0.2249019593000412,-0.0008845028351061,0.5989221334457397,0.4922174215316772,0.216745063662529,-0.2400027364492416,0.9414527416229248,0.5145323872566223,0.2047437578439712,-0.089666299521923,0.9106956124305724,sujin_pick_up_variation_04,23.086793,23.194827,22.203603,19.235384,16.278821,13.341664,9.486833,5.830952,2.236068,2.828427,5.385165,9.219544,11.18034,14.317821,16.278821,19.416488,20.880613,22.472205,21.931712,21.470911,19.416488,16.278821,12.806248,8.944272,5.0,2.828427,3.162278,1.414214,5.09902,9.0,12.041595,15.033296,17.117243,18.11077,18.11077,18.248288,17.262677,15.132746,13.038405,11.0,9.055385,7.28011,5.0,4.472136,5.0,5.830952,7.81025,10.29563,12.649111,16.278821,18.11077,20.0,24.083189,22.803509,20.248457,17.204651,13.601471,9.219544,7.211103,6.324555,7.071068,8.246211,10.77033,12.649111,13.601471,14.56022,16.278821,16.278821,16.124515,16.124515,14.142136,11.401754,8.944272,7.81025,8.246211,10.0,13.152946,14.317821,8.246211,6.0,5.0,7.28011,10.049876,13.0,16.03122,18.027756,19.104973,19.416488,18.681542,18.027756,16.552945,14.764823,12.206556,10.816654,8.602325,5.385165,4.0,5.0,8.602325,13.038405,16.643317,19.416488,22.803509,24.839485,10.0,12.206556,13.038405,13.038405,13.601471,12.806248,12.727922,12.041595,12.206556,11.661904,11.18034,11.7047,11.401754,11.18034,11.0,10.198039,9.848858,9.899495,11.7047,14.142136,17.029386,21.377558,24.738634,27.202941,27.856777,27.313001,19.849433,18.601075,16.643317,13.416408,9.055385,5.385165,6.082763,9.486833,13.038405,15.620499,16.278821,17.029386,16.643317,15.652476,15.811388,14.317821,13.038405,11.045361,10.198039,8.544004,7.211103,4.242641,2.236068,1.0,3.605551,5.656854
sujin_pick_up_variation_04,219,73,7.300960526315789,29.9960531509012,10,0.5095013380050659,0.7029410004615784,-0.1927960664033889,0.999897301197052,0.5057114958763123,0.7110709547996521,-0.1797709614038467,0.9996795654296876,0.50340336561203,0.7106214165687561,-0.179782286286354,0.9996734857559204,0.501200258731842,0.7100859880447388,-0.1797859072685241,0.9995660781860352,0.5129135847091675,0.7111401557922363,-0.181642860174179,0.9997974634170532,0.5151200294494629,0.7107058763504028,-0.1816726177930832,0.9998341798782348,0.5171414017677307,0.7102043032646179,-0.1817076057195663,0.999827802181244,0.4985806345939636,0.7031852006912231,-0.1043929830193519,0.999386429786682,0.5211254358291626,0.7028082609176636,-0.1135902106761932,0.9997810125350952,0.5056233406066895,0.6900672316551208,-0.1647688895463943,0.9998324513435364,0.5147022604942322,0.6906841397285461,-0.1674468964338302,0.9998795390129088,0.484127014875412,0.6292624473571777,-0.0491982288658618,0.9996584057807922,0.5396557450294495,0.6342604756355286,-0.0696819573640823,0.9998765587806702,0.4806180298328399,0.5437548756599426,-0.012953775934875,0.8735905885696411,0.5480669736862183,0.5497753620147705,-0.0407053157687187,0.9790740609169006,0.4751995503902435,0.4677300453186035,-0.0651274695992469,0.8146690130233765,0.5524693131446838,0.4792138636112213,-0.097176119685173,0.9526479244232178,0.4731937646865845,0.4487540125846863,-0.0800683051347732,0.7639899253845215,0.5544414520263672,0.453372597694397,-0.1130224168300628,0.9082579612731934,0.4751420319080353,0.4478555023670196,-0.1013039052486419,0.7746636271476746,0.5497921705245972,0.4524350762367248,-0.1293677240610122,0.91415137052536,0.476679652929306,0.4541254341602325,-0.0746786221861839,0.7629804611206055,0.5479654669761658,0.4621787965297699,-0.1043978556990623,0.8993566632270813,0.4959424138069153,0.4841081500053406,0.0078487629070878,0.9995002746582032,0.530046284198761,0.4808414578437805,-0.0078457035124301,0.9994029402732848,0.4927445650100708,0.3806741237640381,-0.1887287199497223,0.9208322763442992,0.5243315696716309,0.367707759141922,-0.0536671914160251,0.882565975189209,0.4968563616275787,0.2845727503299713,-0.0890125408768653,0.9307380318641664,0.5173832178115845,0.2411631792783737,0.0397752299904823,0.8990217447280884,0.5023066997528076,0.2743354439735412,-0.0818268209695816,0.6940426230430603,0.5148428082466125,0.2248521447181701,0.0436271280050277,0.5870590209960938,0.4976257383823395,0.2442456781864166,-0.1667111963033676,0.939771831035614,0.5151073932647705,0.2059595435857772,-0.048553742468357,0.8975505232810974,sujin_pick_up_variation_04,18.439089,19.416488,18.35756,17.0,15.231546,12.649111,9.219544,6.0,4.123106,3.162278,4.472136,7.81025,9.899495,12.806248,15.620499,17.029386,19.849433,21.213203,21.260292,20.615528,18.867962,15.652476,12.369317,9.0,5.830952,5.385165,4.123106,2.0,4.472136,8.544004,13.341664,16.278821,19.104973,20.099751,21.023796,20.024984,18.027756,16.03122,13.038405,10.049876,7.28011,5.385165,2.828427,2.236068,3.605551,6.324555,8.062258,10.049876,11.18034,13.0,15.264338,16.401219,7.28011,9.0,12.041595,14.142136,15.132746,16.124515,16.03122,15.0,14.0,13.0,11.045361,9.0,8.0,6.082763,5.830952,5.830952,8.246211,10.049876,12.0,14.0,15.033296,16.03122,16.03122,14.035669,12.041595,10.049876,16.03122,18.027756,19.026298,19.104973,18.11077,16.124515,13.152946,10.049876,7.0,4.123106,3.162278,5.0,7.28011,8.246211,10.440307,12.369317,14.142136,16.03122,16.0,17.029386,17.117243,16.278821,15.297059,13.341664,10.198039,8.062258,12.529964,14.317821,15.652476,14.764823,14.422205,13.601471,12.041595,10.630146,8.062258,7.28011,6.0,5.385165,6.403124,6.708204,7.071068,8.062258,8.944272,9.219544,10.77033,12.041595,14.317821,16.552945,19.416488,21.931712,23.021729,22.847319,19.849433,20.518285,19.104973,18.601075,15.652476,14.317821,14.035669,14.866069,15.264338,17.029386,17.691806,17.804494,17.492856,17.0,16.155494,15.811388,15.297059,14.035669,14.0,13.038405,11.18034,8.544004,7.211103,5.830952,5.09902,7.071068
sujin_pick_up_variation_04,222,74,7.400973684210526,29.9960531509012,10,0.5100791454315186,0.7013868689537048,-0.2336019575595855,0.9999064207077026,0.5064777731895447,0.7095125913619995,-0.2210730612277984,0.9997069835662842,0.5041072368621826,0.709125816822052,-0.221062496304512,0.999701201915741,0.5018837451934814,0.7086633443832397,-0.2210668623447418,0.9996036887168884,0.5137761831283569,0.7094861268997192,-0.2228848189115524,0.9998133778572084,0.5161724090576172,0.7090502381324768,-0.2229202389717102,0.999846339225769,0.5180349946022034,0.7085791826248169,-0.2229449450969696,0.9998404383659364,0.4993924796581268,0.7019559144973755,-0.1428085714578628,0.9994377493858336,0.5218688249588013,0.7014852166175842,-0.1532810479402542,0.999789834022522,0.5062294602394104,0.6886096596717834,-0.2040774226188659,0.9998471140861512,0.5156583189964294,0.6891758441925049,-0.2071117460727691,0.9998900294303894,0.4843897223472595,0.6286365389823914,-0.0830819830298423,0.999683916568756,0.5401973128318787,0.6336677074432373,-0.1006092652678489,0.9998838901519777,0.4794214963912964,0.5433348417282104,-0.0417231656610965,0.8843541741371155,0.5488346219062805,0.5494628548622131,-0.0728076994419097,0.980135977268219,0.474376231431961,0.4676946997642517,-0.0970928817987442,0.8292970657348633,0.5525079369544983,0.4766189157962799,-0.1217816025018692,0.954644739627838,0.4721665382385254,0.4488168060779571,-0.1125251948833465,0.7791635394096375,0.5539457201957703,0.4513394832611084,-0.1380316764116287,0.9117335081100464,0.4740573167800903,0.447795569896698,-0.1341284811496734,0.7893351912498474,0.5493367910385132,0.4514941871166229,-0.1535432636737823,0.9174053072929382,0.4757142066955566,0.4540185034275055,-0.1064814552664756,0.777930498123169,0.54765784740448,0.4611197710037231,-0.1282480061054229,0.9029312133789062,0.4961078464984894,0.4839376509189605,0.0075424406677484,0.9994966387748718,0.5295934081077576,0.4799556732177734,-0.0075620464049279,0.9994338750839232,0.4927455484867096,0.3759991228580475,-0.1210926324129104,0.922309935092926,0.5241829752922058,0.3660574853420257,-0.0443160682916641,0.8853513598442078,0.5003446340560913,0.3157408237457275,0.0910137146711349,0.9060871005058287,0.5173057913780212,0.2411775588989257,0.0476636923849582,0.8984976410865784,0.5031440258026123,0.3099359571933746,0.1071131005883216,0.6717718243598938,0.5148259401321411,0.2254454642534256,0.0463902316987514,0.5829544067382812,0.5024057626724243,0.2663891017436981,0.0477922447025775,0.9198569655418396,0.5152298808097839,0.2058345228433609,-0.0343234203755855,0.8920226693153381,sujin_pick_up_variation_04,20.024984,18.11077,17.262677,15.297059,13.601471,9.848858,7.211103,5.0,4.0,4.242641,6.708204,8.544004,11.401754,14.56022,16.492423,19.646883,20.880613,22.472205,21.931712,21.954498,19.416488,15.620499,12.041595,8.062258,4.123106,2.236068,4.123106,4.123106,8.062258,11.045361,15.033296,18.0,19.0,20.024984,19.026298,18.11077,17.117243,14.035669,11.045361,9.0,6.0,4.123106,2.236068,3.162278,5.656854,8.062258,10.77033,13.601471,15.132746,17.029386,19.026298,11.362887,26.400758,25.079872,21.540659,18.973666,14.317821,11.18034,8.602325,6.708204,7.28011,9.0,10.049876,12.165525,13.152946,15.033296,16.03122,16.0,17.0,15.0,14.035669,12.165525,9.486833,8.602325,8.944272,11.045361,13.0,14.035669,6.082763,3.605551,3.162278,5.656854,10.0,14.422205,16.401219,18.439089,19.79899,20.518285,19.209373,18.027756,16.124515,14.317821,12.649111,9.486833,7.28011,5.385165,3.162278,5.385165,8.602325,12.806248,17.804494,21.400935,25.238859,26.07681,13.7631345,13.2454345,12.0867295,9.944272,9.864462,9.7534895,9.604686,8.555299,7.8390155,7.3133835,7.220274999999999,7.328427,8.551303,8.7481195,9.9497475,11.421122,12.3660785,12.7187115,13.217525,13.4629645,13.4283745,13.6473935,13.8361585,13.5,13.4634965,12.24856,16.568309,17.934478,19.0087815,19.1166595,19.0991095,18.823472,18.2702295,18.339897,18.072191,17.7960145,16.6643345,15.590351,14.4669525,13.004126499999998,12.4491285,12.2773405,11.771635,12.541586,12.6080045,12.5827625,12.602565,12.2068565,12.103808999999998,12.2195445,12.4514545,13.829766
sujin_pick_up_variation_04,225,75,7.500986842105263,29.9960531509012,10,0.5100863575935364,0.6990716457366943,-0.2085008472204208,0.9999145865440368,0.5065813660621643,0.7084758281707764,-0.195328876376152,0.9997319579124452,0.50428307056427,0.70809406042099,-0.1953247189521789,0.9997267127037048,0.5020935535430908,0.7075716853141785,-0.1953265815973281,0.9996386170387268,0.51361483335495,0.708386242389679,-0.1977217197418213,0.9998272657394408,0.5160990953445435,0.7080620527267456,-0.1977369636297226,0.9998566508293152,0.518299400806427,0.7075406908988953,-0.1977481693029403,0.9998509287834167,0.4999028444290161,0.7004402279853821,-0.1176733672618866,0.999485731124878,0.5217722058296204,0.7005775570869446,-0.1300478130578994,0.9997956156730652,0.5060911774635315,0.6868705749511719,-0.1793318092823028,0.9998602867126464,0.5154362916946411,0.6868710517883301,-0.1829394251108169,0.9998988509178162,0.4844423830509186,0.6281954050064087,-0.0596155412495136,0.9997107982635498,0.540047824382782,0.6320411562919617,-0.0861032083630561,0.9998857378959656,0.4789242744445801,0.5438446998596191,-0.0186805352568626,0.8941457271575928,0.5487293601036072,0.5486626625061035,-0.0664142593741417,0.9812127351760864,0.4738511145114898,0.4713161885738373,-0.0777633488178253,0.8437739014625549,0.5527374744415283,0.4762873351573944,-0.1137418448925018,0.9565441608428956,0.47113698720932,0.4505333304405212,-0.0934097245335578,0.795494556427002,0.5538748502731323,0.4510740637779236,-0.129863753914833,0.9149122834205629,0.4737744033336639,0.4494722783565521,-0.1152087375521659,0.8051192760467529,0.5491159558296204,0.4513865411281585,-0.1450267434120178,0.9203851222991944,0.4754564166069031,0.4560560584068298,-0.087336890399456,0.7939438223838806,0.5474857091903687,0.4608773291110992,-0.1198555678129196,0.9060524702072144,0.4963213205337524,0.4833853244781494,0.0080018360167741,0.9995130896568298,0.5294870138168335,0.4797756671905517,-0.0080146854743361,0.9994416832923888,0.4930453896522522,0.3747958838939667,-0.1352029591798782,0.9253911375999452,0.5242636203765869,0.3645362555980682,-0.0466665588319301,0.8845609426498413,0.5028672814369202,0.2928318679332733,8.267339580925182e-05,0.8932979106903076,0.5176950097084045,0.2417719513177871,0.0447905734181404,0.8915720582008362,0.5080807209014893,0.2869590520858764,0.0115049956366419,0.657571017742157,0.5160127282142639,0.2254935353994369,0.0484926030039787,0.565905749797821,0.5051584839820862,0.2485382407903671,-0.0540941581130027,0.9095736742019652,0.5155933499336243,0.2055622190237045,-0.0382749438285827,0.8805913329124451,sujin_pick_up_variation_04,5.385165,9.055385,13.341664,15.524175,18.681542,19.924859,21.18962,21.18962,21.18962,19.924859,18.027756,15.811388,13.601471,10.440307,8.544004,5.09902,1.0,3.0,8.0,12.0,16.03122,18.248288,19.646883,20.248457,19.235384,18.027756,21.540659,22.472205,23.086793,20.880613,19.646883,16.492423,13.341664,9.219544,5.385165,2.236068,3.162278,5.09902,8.062258,10.0,11.0,12.0,13.038405,13.152946,13.601471,13.928388,13.416408,13.038405,12.806248,11.313708,9.433981,6.324555,6.324555,9.219544,11.313708,13.453624,15.620499,15.620499,16.278821,15.556349,14.21267,12.806248,11.401754,10.0,8.485281,6.403124,5.385165,6.0,6.324555,8.602325,10.630146,13.453624,14.21267,15.0,15.0,14.422205,12.206556,10.29563,16.155494,18.027756,18.973666,18.681542,18.681542,15.524175,13.341664,9.486833,6.324555,3.605551,2.0,4.242641,6.403124,8.602325,11.401754,12.806248,14.142136,15.620499,17.204651,17.492856,17.888544,17.888544,16.155494,13.416408,11.18034,7.071068,15.652476,17.0,17.0,17.464249,16.155494,14.56022,12.165525,9.0,7.28011,6.403124,6.324555,7.071068,8.544004,9.433981,10.630146,10.29563,10.440307,10.0,9.486833,9.219544,9.486833,12.0,14.866069,18.027756,19.79899,20.248457,22.671568,23.430749,21.931712,19.79899,16.401219,13.928388,13.0,13.928388,15.811388,18.439089,19.104973,21.260292,21.400935,20.808652,20.248457,19.723083,17.888544,17.464249,15.811388,14.317821,12.0,10.198039,8.062258,7.211103,8.062258,10.198039
sujin_pick_up_variation_04,228,76,7.601,29.9960531509012,10,0.5099064707756042,0.6896144151687622,-0.1934853643178939,0.9999219179153442,0.50621098279953,0.6978042721748352,-0.1811106353998184,0.9997544288635254,0.5038670301437378,0.6975178718566895,-0.1811172515153885,0.999749720096588,0.5019194483757019,0.6971853375434875,-0.1811208128929138,0.9996700286865234,0.5132268667221069,0.6981196999549866,-0.1824715733528137,0.9998394250869752,0.515652596950531,0.6980682611465454,-0.1824813783168792,0.9998656511306764,0.5179354548454285,0.6978070735931396,-0.1824791580438614,0.9998599886894226,0.4993809461593628,0.6911900639533997,-0.1065660268068313,0.9995281100273132,0.5212225317955017,0.6915439963340759,-0.1141431480646133,0.9998019337654114,0.5058079957962036,0.6780222058296204,-0.1655541509389877,0.9998719096183776,0.515110433101654,0.6784501075744629,-0.1677234321832656,0.999906361103058,0.4839719533920288,0.6228804588317871,-0.0529429800808429,0.9997349977493286,0.5392867922782898,0.6244429349899292,-0.0658438056707382,0.9998840093612672,0.4785244166851043,0.5426957011222839,-0.0174649413675069,0.9034379720687866,0.5483220219612122,0.5437116622924805,-0.0430946797132492,0.9819680452346802,0.4735047519207001,0.472728431224823,-0.0788245648145675,0.8576964735984802,0.5525813698768616,0.4761137664318084,-0.096315748989582,0.9579923748970032,0.4690839350223541,0.4518175721168518,-0.094736523926258,0.8118197917938232,0.5538687109947205,0.4507454037666321,-0.1139176860451698,0.9170129895210266,0.4726548194885254,0.4512248039245605,-0.1160148680210113,0.8208582997322083,0.5488986968994141,0.4512788653373718,-0.1302277892827987,0.9223542809486388,0.4749147295951843,0.4578626751899719,-0.0883552879095077,0.8099733591079712,0.5472047924995422,0.4607676863670349,-0.1035347878932952,0.908405601978302,0.4961339831352234,0.4796653985977173,0.0064172307029366,0.9995015859603882,0.5293244123458862,0.4768964350223541,-0.006425333674997,0.9994263648986816,0.4943249523639679,0.3694720864295959,-0.0797455310821533,0.927679717540741,0.5240495204925537,0.3602135777473449,-0.0437339320778846,0.8884536623954773,0.5044485330581665,0.2758834362030029,0.03337112814188,0.8939546346664429,0.5178114771842957,0.2417383044958114,0.0404210202395916,0.8921025395393372,0.5081526041030884,0.2704492807388305,0.0410639122128486,0.6543073654174805,0.5166456699371338,0.2255057096481323,0.0436621941626071,0.5591924786567688,0.5064734220504761,0.2382122725248336,-0.0371033549308776,0.9085164666175842,0.5170851945877075,0.2052914947271347,-0.04601726308465,0.8789591193199158,sujin_pick_up_variation_04,7.615773,8.0,10.440307,12.083046,14.764823,16.124515,16.643317,16.643317,16.124515,15.264338,13.892444,13.038405,11.661904,9.433981,7.211103,5.0,2.236068,2.828427,6.324555,9.219544,11.7047,14.866069,17.0,16.643317,16.401219,14.866069,18.973666,20.396078,20.223748,19.104973,18.027756,15.0,11.045361,7.0,3.0,2.236068,5.0,7.81025,10.816654,12.206556,13.601471,14.21267,14.21267,15.0,15.0,14.764823,14.317821,13.0,12.369317,11.045361,10.049876,7.615773,7.615773,11.18034,14.142136,16.124515,17.117243,17.262677,17.464249,16.763055,14.866069,13.928388,11.7047,9.486833,8.246211,7.0,6.324555,7.071068,9.433981,11.18034,13.928388,15.811388,17.088007,18.027756,18.027756,16.763055,14.866069,11.7047,13.0,14.317821,15.652476,15.652476,15.264338,13.892444,11.661904,8.602325,5.830952,3.162278,2.236068,3.0,5.0,7.0,9.0,11.045361,12.165525,14.56022,14.866069,15.231546,15.652476,14.764823,13.892444,11.18034,8.544004,6.0,15.132746,17.117243,18.11077,18.248288,17.464249,15.524175,13.928388,11.18034,8.602325,5.656854,3.162278,2.236068,3.0,4.123106,6.708204,7.81025,9.219544,9.433981,9.486833,9.0,8.544004,8.485281,8.246211,10.198039,12.206556,12.806248,23.769729,24.166092,24.596748,22.36068,21.023796,17.088007,14.142136,13.152946,13.416408,15.0,15.556349,17.029386,18.601075,19.416488,19.416488,20.248457,19.723083,19.723083,18.35756,17.888544,16.552945,13.928388,11.401754,8.0,7.211103,8.944272
sujin_pick_up_variation_04,231,77,7.701013157894737,29.9960531509012,10,0.5096650123596191,0.6793179512023926,-0.1807079166173935,0.9999254941940308,0.5059329867362976,0.6865434050559998,-0.1686356663703918,0.9997634291648864,0.5034931898117065,0.686298668384552,-0.1686568558216095,0.9997588396072388,0.5014912486076355,0.6857964992523193,-0.1686642467975616,0.9996864795684814,0.5130622982978821,0.6862726211547852,-0.1696124821901321,0.999838411808014,0.5152414441108704,0.6858199238777161,-0.1696269214153289,0.9998610019683838,0.517658531665802,0.6850293278694153,-0.1696381419897079,0.9998563528060912,0.4989457428455353,0.6802429556846619,-0.0962540879845619,0.9995402693748474,0.5210880041122437,0.679587185382843,-0.1017163842916488,0.9997748136520386,0.5057733058929443,0.6662357449531555,-0.1537095010280609,0.9998769164085388,0.5149972438812256,0.6652899384498596,-0.1552727967500686,0.9999077916145324,0.4835962355136871,0.6149564385414124,-0.0491876564919948,0.9997509717941284,0.5372818112373352,0.613481879234314,-0.0505889728665351,0.9998649954795836,0.4775269329547882,0.5423484444618225,-0.0176154896616935,0.9109348654747008,0.5478386282920837,0.5363855361938477,-0.0266014318913221,0.9818099737167358,0.4732064008712768,0.4800588488578796,-0.0932567864656448,0.8692210912704468,0.5525348782539368,0.4733883738517761,-0.0829955637454986,0.9577273726463318,0.4689964950084686,0.4591499269008636,-0.1127500236034393,0.8247884511947632,0.5536658763885498,0.4493823051452636,-0.101616770029068,0.9160719513893129,0.4723752439022064,0.4597974717617035,-0.1329680979251861,0.8334044814109802,0.5487031936645508,0.4492875933647156,-0.117308035492897,0.9214698076248168,0.4745931029319763,0.4651733338832855,-0.1028660535812377,0.8224326968193054,0.5471356511116028,0.4582569897174835,-0.0903589278459549,0.9079481959342957,0.4960686862468719,0.473671406507492,0.0026030640583485,0.9993929862976074,0.5276902914047241,0.4701767861843109,-0.0025951864663511,0.9993387460708618,0.496610939502716,0.3573848903179168,-0.0368924252688884,0.9285888075828552,0.5228196382522583,0.3545309007167816,-0.036344863474369,0.8920869827270508,0.5040369629859924,0.2708655595779419,0.0802179723978042,0.893500566482544,0.5177857279777527,0.2415221631526947,0.0548446588218212,0.8939509391784668,0.5073890089988708,0.2675809264183044,0.0878064632415771,0.6418164372444153,0.5166553258895874,0.2254770845174789,0.0593896657228469,0.5552053451538086,0.5060436129570007,0.2352900356054306,0.0083699543029069,0.9056383371353148,0.5169172286987305,0.2052325010299682,-0.0279218144714832,0.8791568279266357,sujin_pick_up_variation_04,21.18962,21.84033,20.615528,17.464249,15.132746,12.041595,8.0,5.09902,2.236068,3.605551,5.385165,8.544004,11.7047,14.56022,17.720045,18.681542,20.880613,21.540659,21.023796,19.723083,17.204651,13.453624,9.433981,7.071068,5.830952,6.324555,4.472136,3.605551,8.062258,12.083046,15.231546,18.384776,19.313208,20.248457,20.248457,18.973666,17.088007,13.928388,11.18034,8.944272,5.830952,3.605551,1.0,3.162278,5.09902,7.615773,9.433981,12.041595,14.866069,17.204651,19.235384,12.008496,6.889636,10.385165,13.072165,14.897306,16.2781745,17.083682500000002,16.932734,16.2783565,14.4912125,13.1900345,12.0156105,9.937144,8.5731645,6.555664,5.5210095,5.6925825,7.140055,9.460407,12.144801,13.814539,15.6364875,15.872507,16.6394105,14.815446,13.435016,11.146025,14.0808455,16.151905499999998,16.56787,16.92228,15.9679515,13.7469575,11.291047,8.5952415,5.464986,2.9208095,3.0811390000000003,4.6708305,7.0094485,9.044579,10.85235,12.821533,13.5228715,15.572445,16.464315499999998,17.3355365,17.0622575,16.840116000000002,15.1745205,12.7841845,9.7419285,6.3638395,9.219544,11.401754,12.369317,11.401754,10.77033,9.848858,8.602325,6.403124,4.242641,2.236068,1.0,1.0,2.236068,2.828427,3.605551,4.123106,4.123106,4.123106,2.828427,3.0,4.472136,6.403124,8.544004,11.045361,12.041595,12.649111,20.223748,20.099751,21.023796,20.024984,19.0,16.03122,14.142136,11.7047,10.816654,10.630146,11.661904,13.0,13.928388,14.866069,15.811388,15.811388,16.492423,16.763055,15.811388,15.811388,14.56022,12.369317,10.198039,8.0,6.324555,5.656854
sujin_pick_up_variation_04,234,78,7.801026315789474,29.9960531509012,10,0.5060170292854309,0.6663765907287598,-0.1213929429650306,0.9999253153800964,0.5031071305274963,0.6746813654899597,-0.1092500239610672,0.9997650384902954,0.5008394122123718,0.674491286277771,-0.1092916578054428,0.9997615218162536,0.4990290105342865,0.6742300391197205,-0.1092871129512786,0.9996952414512634,0.5094383358955383,0.6745609641075134,-0.1102085784077644,0.9998305439949036,0.511725127696991,0.6741247773170471,-0.1102084293961525,0.9998481273651124,0.5145453810691833,0.6736292243003845,-0.1102146580815315,0.999841570854187,0.4972201883792877,0.6678450703620911,-0.0429988242685794,0.999528706073761,0.5181138515472412,0.6674157977104187,-0.048978105187416,0.9997377395629884,0.5030950307846069,0.6537986993789673,-0.0974834114313125,0.9998742938041688,0.5110886693000793,0.6531708240509033,-0.0989948660135269,0.9999045729637146,0.4828055500984192,0.6067240238189697,-0.0134378615766763,0.9997689127922058,0.5328951478004456,0.6053479909896851,-0.0113055799156427,0.9998558759689332,0.4757534563541412,0.5421813130378723,-0.0191433411091566,0.9179731011390686,0.545426607131958,0.5326935648918152,0.0003107434313278,0.981619656085968,0.4734092056751251,0.4909736812114715,-0.1235686466097831,0.8813332915306091,0.5506786704063416,0.4697582125663757,-0.0601650364696979,0.9573198556900024,0.47015580534935,0.4713838100433349,-0.1507569104433059,0.8403053283691406,0.5523269772529602,0.4460816979408264,-0.0792453363537788,0.9156226515769958,0.4741965234279632,0.4741519391536712,-0.1659151017665863,0.8482277989387512,0.5470856428146362,0.4450374245643616,-0.0951441004872322,0.9209139347076416,0.4761242866516113,0.4798731505870819,-0.1321009546518325,0.8376356959342957,0.5450007319450378,0.4535169899463653,-0.0677090808749198,0.9079335331916808,0.4948514997959137,0.4693329930305481,0.004220847506076,0.9992879629135132,0.5242606997489929,0.4670201241970062,-0.0041471873410046,0.9992578625679016,0.4967237412929535,0.3581019043922424,-0.0110962288454175,0.9173398613929749,0.5200250744819641,0.3555616736412048,-0.0417188555002212,0.8903524279594421,0.5043209791183472,0.2597843110561371,0.0599590390920639,0.883501410484314,0.5177520513534546,0.2434446513652801,0.0174797549843788,0.8871724009513855,0.5086665749549866,0.2475493848323822,0.0713881477713584,0.6374123692512512,0.5175490975379944,0.2263093590736389,0.0187550131231546,0.5459082126617432,0.5046895742416382,0.2330653667449951,-0.0184008255600929,0.894238293170929,0.5163710713386536,0.2194063514471054,-0.0605420544743537,0.8698219656944275,sujin_pick_up_variation_04,18.384776,18.973666,17.464249,16.278821,14.142136,12.041595,8.0,5.0,2.236068,2.236068,5.385165,8.246211,11.18034,13.341664,16.492423,17.720045,20.880613,20.615528,20.124612,18.867962,16.401219,13.453624,9.219544,5.385165,3.162278,3.0,4.472136,1.414214,5.385165,10.816654,14.866069,19.104973,22.022716,23.600847,23.021729,23.021729,20.248457,18.027756,14.422205,11.401754,7.81025,5.385165,4.123106,5.0,6.324555,9.055385,11.045361,12.369317,13.0,14.422205,15.556349,16.401219,25.079872,23.021729,21.0,16.0,13.0,9.055385,6.708204,6.403124,7.28011,9.055385,11.18034,13.152946,14.317821,16.492423,16.763055,17.088007,17.088007,16.155494,14.866069,12.369317,11.0,9.219544,10.0,11.401754,13.416408,15.231546,7.28011,5.0,4.123106,5.830952,9.219544,12.727922,15.556349,16.278821,17.804494,18.027756,17.492856,16.552945,14.56022,12.369317,11.18034,8.062258,6.082763,4.123106,2.236068,5.09902,8.544004,12.649111,17.088007,20.880613,23.769729,25.495098,16.278821,12.041595,8.485281,4.472136,2.828427,5.830952,7.615773,8.544004,9.486833,9.219544,8.062258,7.071068,6.0,4.0,2.236068,1.0,3.0,5.09902,7.28011,8.944272,10.29563,10.816654,10.630146,9.219544,6.403124,9.219544,11.18034,14.21267,18.384776,21.931712,24.758837,26.870058,26.907248,26.248809,24.207437,22.203603,20.0,16.401219,13.453624,10.630146,8.062258,7.28011,6.082763,8.062258,10.630146,13.038405,16.124515,18.35756,20.59126,20.59126,21.095023,9.0130855
sujin_pick_up_variation_04,237,79,7.901039473684211,29.9960531509012,10,0.5040939450263977,0.66463303565979,-0.1218099817633628,0.9999293088912964,0.5012999773025513,0.6728519797325134,-0.1088417097926139,0.9997798204421996,0.4992098212242126,0.6726986765861511,-0.1088713556528091,0.9997766017913818,0.4974856078624725,0.6723554134368896,-0.1088746637105941,0.9997171759605408,0.5072977542877197,0.6723400354385376,-0.110418863594532,0.9998364448547364,0.5094777941703796,0.6716049909591675,-0.1104186102747917,0.999850869178772,0.5119178891181946,0.6707260608673096,-0.1104173511266708,0.9998435378074646,0.4953013658523559,0.6665267944335938,-0.0389543548226356,0.9995498061180116,0.5152221918106079,0.6652739644050598,-0.047824926674366,0.9997369647026062,0.5010484457015991,0.6523767709732056,-0.0964100435376167,0.999881386756897,0.508245050907135,0.6523011922836304,-0.0987981483340263,0.9999088048934937,0.4815312325954437,0.603339672088623,-0.0032209130004048,0.9997885823249816,0.5289673805236816,0.6053438186645508,-0.0099331187084317,0.99985533952713,0.4748757183551788,0.5401118993759155,-0.0087970849126577,0.9237810373306274,0.5416151881217957,0.5341284275054932,0.0055253854952752,0.9814086556434632,0.4737869501113891,0.4935981929302215,-0.1086091920733451,0.8923454284667969,0.5465984344482422,0.4690270721912384,-0.0531730465590953,0.9576273560523988,0.4719003140926361,0.4731504619121551,-0.1338796466588974,0.8545698523521423,0.5489988327026367,0.4459393322467804,-0.0724857077002525,0.9166972637176514,0.4758758842945099,0.4755566716194153,-0.1507776379585266,0.8618502616882324,0.5444049835205078,0.4443471133708954,-0.0871959775686264,0.9216973781585692,0.4773932099342346,0.481604129076004,-0.1175709590315818,0.8515893816947937,0.5418636798858643,0.4526719152927398,-0.0599674321711063,0.9087733030319214,0.4897297322750091,0.4691985845565796,0.0104057108983397,0.9992824196815492,0.5187876224517822,0.4683945178985595,-0.0103489272296428,0.9992516040802002,0.49505814909935,0.3570314049720764,-0.0111786192283034,0.9135034680366516,0.5155192613601685,0.3614402115345001,-0.0445371903479099,0.8940467834472656,0.5034372806549072,0.2598748207092285,0.0714081898331642,0.8817464113235474,0.5177019834518433,0.2501344680786133,0.0321203619241714,0.8879851698875427,0.508051335811615,0.2473647445440292,0.0764987468719482,0.6425526738166809,0.5187246799468994,0.2345474064350128,0.035320870578289,0.5408147573471069,0.5020954012870789,0.2347286939620971,0.0071165412664413,0.8909160494804382,0.5140733122825623,0.229359433054924,-0.0511356405913829,0.8688570261001587,sujin_pick_up_variation_04,6.708204,6.0,8.944272,12.041595,14.142136,16.278821,17.804494,17.804494,19.209373,17.804494,17.804494,16.278821,14.866069,12.041595,9.899495,7.071068,2.828427,2.236068,6.082763,10.198039,14.142136,16.0,18.11077,19.416488,18.681542,17.464249,20.024984,21.023796,22.203603,21.213203,19.416488,16.492423,12.369317,8.246211,5.0,2.236068,4.472136,7.211103,9.219544,11.401754,12.041595,13.453624,12.727922,13.453624,12.806248,12.529964,12.083046,12.369317,12.041595,12.041595,11.401754,9.848858,27.784888,25.553865,22.36068,17.888544,14.317821,10.816654,7.071068,6.082763,7.071068,8.544004,11.18034,13.416408,14.317821,16.155494,17.088007,18.027756,17.720045,16.763055,15.811388,13.0,10.816654,9.219544,8.246211,10.049876,11.7047,13.416408,6.708204,5.0,4.123106,7.071068,10.816654,13.892444,17.0,18.867962,19.416488,19.209373,18.384776,16.278821,15.0,13.038405,11.18034,8.062258,5.830952,3.605551,3.162278,6.403124,9.899495,14.866069,18.384776,21.931712,26.248809,27.202941,15.264338,16.643317,16.643317,16.643317,16.552945,13.928388,11.401754,9.055385,7.071068,4.472136,3.605551,2.236068,3.605551,5.09902,6.0,6.324555,7.211103,7.211103,7.071068,7.615773,8.485281,10.77033,13.0,15.524175,17.492856,17.691806,24.351591,25.632011,26.0,24.166092,22.472205,19.924859,18.11077,17.029386,16.763055,18.384776,20.124612,20.59126,21.095023,20.59126,20.248457,20.248457,19.416488,18.601075,17.804494,16.278821,14.866069,14.422205,12.529964,11.401754,11.0,12.369317
sujin_pick_up_variation_04,240,80,8.001052631578947,29.9960531509012,10,0.5031627416610718,0.6668151617050171,-0.1872902065515518,0.9999344944953918,0.500491201877594,0.6743403673171997,-0.1760057955980301,0.9997959733009338,0.498430848121643,0.6741613745689392,-0.1760160028934478,0.9997929930686952,0.4967661201953888,0.6738002896308899,-0.1760138124227523,0.9997391700744628,0.5061695575714111,0.6739442944526672,-0.1787892282009124,0.999846577644348,0.5083522796630859,0.6733702421188354,-0.1788205504417419,0.9998594522476196,0.510636568069458,0.6726933121681213,-0.1788329482078552,0.9998522996902466,0.4944998621940613,0.6681121587753296,-0.1043026074767112,0.9995752573013306,0.5140909552574158,0.6672277450561523,-0.1188308894634246,0.999749720096588,0.5002056956291199,0.6553325057029724,-0.1601981967687606,0.9998887181282043,0.5074058175086975,0.6554221510887146,-0.164423257112503,0.9999141097068788,0.4811964929103851,0.6063913106918335,-0.0477283485233783,0.999802827835083,0.527961254119873,0.6067935824394226,-0.0703295171260833,0.999857485294342,0.4747584760189056,0.5400964021682739,-0.0169688183814287,0.9298478960990906,0.5396339893341064,0.534500241279602,-0.0460259839892387,0.9824000000953674,0.4736897051334381,0.4902166724205017,-0.0902412384748458,0.9018899202346802,0.5436710119247437,0.4690311253070831,-0.0936507433652877,0.9594313502311708,0.4714149832725525,0.4711833298206329,-0.1085502132773399,0.8660562038421631,0.5463834404945374,0.4467944800853729,-0.110126294195652,0.9194380640983582,0.4755849242210388,0.4717666208744049,-0.1280083805322647,0.8729002475738525,0.5419997572898865,0.445288747549057,-0.1266297549009323,0.9242399334907532,0.4771682322025299,0.4791590273380279,-0.0992755219340324,0.8628338575363159,0.5396372079849243,0.4530061781406402,-0.1007055193185806,0.9117963910102844,0.4890425503253937,0.4734196364879608,0.0106255142018198,0.9992311000823976,0.517723560333252,0.4736379384994507,-0.0106131415814161,0.9992240071296692,0.4927264153957367,0.3677957057952881,-0.0095443995669484,0.9136754274368286,0.5133822560310364,0.3714282214641571,-0.0436110123991966,0.897380530834198,0.502303421497345,0.2674260139465332,0.0627276673913002,0.8837283253669739,0.517399787902832,0.2586619257926941,0.0259800553321838,0.8907743692398071,0.5078119039535522,0.2551157772541046,0.0661632940173149,0.6478530764579773,0.5184982419013977,0.2444016635417938,0.0280749443918466,0.5375915765762329,0.5003567337989807,0.23981674015522,-0.0073238960467278,0.8916799426078796,0.5128625631332397,0.2338333874940872,-0.0562592223286628,0.871874213218689,sujin_pick_up_variation_04,11.236586,11.444272,11.7878095,12.622821,13.200877,12.83009,12.810381500000002,11.803887499999998,11.236756499999998,9.67878,10.327567,11.2371345,12.6226845,12.6316875,12.9119795,12.1378595,11.769797,11.888903,13.8991975,15.5148865,17.2062315,17.307128,16.331023000000002,15.1018015,13.9016135,12.5414405,12.5498755,11.3137085,13.475393,14.601403,15.897934,15.405122,14.461131000000002,12.85523,10.975286,8.983579500000001,10.969055,11.18034,10.737984999999998,11.0093665,9.9873375,9.0141735,8.6943235,9.2204635,9.576473,10.1592575,10.4566605,10.307160499999998,10.971927,10.998497,11.7748285,11.609772,26.41969,24.596748,20.615528,17.464249,13.416408,9.433981,7.81025,7.071068,8.062258,10.440307,12.649111,14.56022,16.492423,17.464249,19.235384,19.235384,19.104973,18.027756,16.124515,14.56022,11.7047,9.899495,9.848858,12.041595,14.035669,16.124515,6.403124,4.123106,4.242641,7.615773,10.77033,13.601471,16.763055,18.027756,18.788294,18.35756,18.027756,16.401219,14.142136,12.806248,10.816654,8.062258,5.830952,3.605551,3.162278,5.656854,9.219544,13.453624,17.691806,21.931712,24.207437,26.400758,8.062258,8.0,6.082763,6.708204,5.830952,6.403124,5.656854,5.0,5.0,3.162278,2.0,2.236068,3.162278,5.830952,7.81025,10.0,12.529964,13.601471,14.317821,15.033296,14.035669,12.041595,9.219544,5.09902,2.0,3.605551,14.317821,16.03122,19.026298,22.090722,25.079872,26.019224,27.0,27.018512,26.07681,24.186773,21.213203,18.11077,16.03122,14.035669,13.152946,12.649111,12.083046,11.661904,12.206556,12.806248,12.727922,12.806248,12.206556,12.529964,12.083046,10.77033
sujin_pick_up_variation_04,243,81,8.101065789473685,29.9960531509012,10,0.5029529333114624,0.6672816872596741,-0.2454375177621841,0.9999405145645142,0.5002623796463013,0.6752259135246277,-0.2341592907905578,0.9998145699501038,0.498208075761795,0.6751049160957336,-0.2341427356004715,0.999811828136444,0.4964792430400848,0.6747596859931946,-0.2341442257165908,0.9997633099555968,0.5059414505958557,0.6748642921447754,-0.2367470860481262,0.9998598098754884,0.5080312490463257,0.674345076084137,-0.2367919832468032,0.9998714923858644,0.5103653073310852,0.6737791299819946,-0.2367988377809524,0.9998648166656494,0.494047075510025,0.6689409017562866,-0.1567599028348922,0.999610424041748,0.5135797262191772,0.6682484745979309,-0.1707136780023574,0.9997698664665222,0.499992161989212,0.6561241745948792,-0.2158483117818832,0.9998981356620787,0.5072058439254761,0.6563555002212524,-0.2198536098003387,0.9999210834503174,0.4803336858749389,0.6077919006347656,-0.087217316031456,0.9998195767402648,0.527509868144989,0.6079383492469788,-0.1135871633887291,0.9998642206192015,0.4738000631332397,0.539206862449646,-0.0412636846303939,0.9358430504798888,0.5386526584625244,0.5351411700248718,-0.08755374699831,0.983532965183258,0.4700937271118164,0.4822634756565094,-0.0932008773088455,0.9106761813163756,0.5422308444976807,0.4717913269996643,-0.135615736246109,0.9616039395332336,0.4676292538642883,0.4644332528114319,-0.1094034388661384,0.8765344023704529,0.544904887676239,0.4509618580341339,-0.1525591760873794,0.9227624535560608,0.4709397554397583,0.4634377658367157,-0.1300753951072693,0.8830407857894897,0.540277361869812,0.4505704939365387,-0.1706729978322982,0.9274084568023682,0.4726183116436004,0.4687454998493194,-0.1028713136911392,0.8733136653900146,0.5380975008010864,0.4568444490432739,-0.1431213319301605,0.915263295173645,0.48894202709198,0.4788763523101806,0.0111240474507212,0.999271273612976,0.5176109075546265,0.4798943400382995,-0.0111703928560018,0.999257504940033,0.4914125204086303,0.3706610798835754,-0.0101831872016191,0.917487859725952,0.512470543384552,0.375231385231018,-0.0368704386055469,0.9025987386703492,0.502115786075592,0.2743575274944305,0.0780715271830558,0.8908256888389587,0.517813503742218,0.2738785445690155,0.054225705564022,0.8958511352539062,0.5071142315864563,0.2649161517620086,0.0822387710213661,0.6617446541786194,0.5195813775062561,0.2636860609054565,0.0587886795401573,0.5382702350616455,0.5002259016036987,0.2421395480632782,0.0041527138091623,0.8970727920532227,0.5138644576072693,0.2411945164203643,-0.0239147413522005,0.8779564499855042,sujin_pick_up_variation_04,19.697716,19.235384,18.867962,17.492856,14.422205,11.401754,8.485281,5.830952,3.0,2.828427,5.0,8.062258,11.045361,14.142136,17.117243,19.104973,21.095023,22.0,22.090722,20.223748,18.439089,16.155494,12.529964,7.81025,5.830952,3.162278,2.236068,1.0,5.09902,9.055385,13.152946,16.124515,18.027756,20.024984,20.0,19.0,18.027756,16.0,13.0,10.0,8.062258,6.324555,4.242641,3.0,3.605551,5.656854,7.615773,9.219544,12.041595,13.038405,15.297059,17.720045,26.627054,25.612497,22.671568,17.691806,13.453624,10.0,6.324555,6.082763,7.211103,9.219544,11.401754,13.453624,15.556349,16.970563,18.439089,19.209373,18.601075,17.804494,16.401219,14.142136,12.206556,10.440307,10.198039,12.529964,15.0,16.970563,8.944272,6.082763,5.0,7.28011,11.045361,14.035669,17.0,19.026298,19.104973,19.416488,18.681542,17.088007,15.652476,13.892444,11.401754,9.219544,6.403124,3.605551,2.0,4.472136,8.246211,13.601471,17.720045,22.472205,25.495098,26.41969,8.062258,9.433981,11.18034,11.18034,10.29563,9.433981,7.211103,5.385165,4.123106,3.0,3.605551,3.605551,4.472136,5.385165,5.385165,4.472136,4.123106,4.123106,4.242641,7.211103,8.944272,12.083046,13.416408,15.652476,18.027756,18.439089,24.698178,27.730849,28.231188,28.460499,25.96151,23.537205,20.615528,17.088007,14.764823,13.601471,13.453624,13.601471,14.764823,15.231546,16.155494,17.088007,17.088007,18.027756,18.384776,18.384776,17.464249,16.552945,14.317821,11.7047,9.219544,7.071068
sujin_pick_up_variation_04,246,82,8.201078947368421,29.9960531509012,10,0.5030332207679749,0.6688076257705688,-0.1946820616722107,0.9999451637268066,0.5003368258476257,0.6768337488174438,-0.1841859072446823,0.9998282194137572,0.4982938170433044,0.6766650080680847,-0.1841671168804168,0.9998258352279664,0.4965284466743469,0.6763477921485901,-0.1841612756252288,0.9997820258140564,0.5060498714447021,0.6765809059143066,-0.186661884188652,0.9998676776885986,0.5081558227539062,0.6761444211006165,-0.1866711974143982,0.9998785853385924,0.5105118155479431,0.6755872368812561,-0.1866570115089416,0.9998721480369568,0.4940708577632904,0.6703066229820251,-0.1184688955545425,0.9996322393417358,0.5135867595672607,0.6695227026939392,-0.1347064226865768,0.9997767806053162,0.4999859631061554,0.6575016975402832,-0.169355884194374,0.9999053478240968,0.5072779059410095,0.6577733755111694,-0.1733709424734115,0.9999257922172546,0.4801182746887207,0.6086280941963196,-0.0656266883015632,0.99983549118042,0.5276166200637817,0.6089922785758972,-0.086172841489315,0.9998660087585448,0.4728668332099914,0.5403407216072083,-0.016587009653449,0.9410115480422974,0.5380776524543762,0.5363216996192932,-0.0571172125637531,0.9837129712104796,0.4650616943836212,0.4819511771202087,-0.0626421421766281,0.918391227722168,0.5412581562995911,0.4733833968639374,-0.0961499959230423,0.9618104100227356,0.4622365534305572,0.463603138923645,-0.0771699473261833,0.8857920169830322,0.5442562699317932,0.4533093571662903,-0.1113297268748283,0.9226993918418884,0.4645072519779205,0.4632551074028015,-0.0970531776547432,0.892007052898407,0.53983473777771,0.4535021185874939,-0.1286619454622268,0.9273720979690552,0.4662936627864837,0.4678598344326019,-0.071644477546215,0.882635235786438,0.5376876592636108,0.4590227305889129,-0.1036910787224769,0.915376842021942,0.4888153374195099,0.4813840091228485,0.0093888966366648,0.9993212819099426,0.5179396867752075,0.4806966781616211,-0.0094792954623699,0.99929279088974,0.4911043047904968,0.3705174922943115,-0.0039766654372215,0.9235391616821288,0.5134696960449219,0.3744607269763946,-0.023951519280672,0.9093459248542786,0.5005208849906921,0.2796254158020019,0.1053226962685585,0.8989505767822266,0.5177829265594482,0.2851989269256592,0.0950376093387603,0.9008023738861084,0.504716157913208,0.2722606956958771,0.1122924089431762,0.672266960144043,0.5193305611610413,0.2785476148128509,0.1031856462359428,0.5390071272850037,0.4999696016311645,0.2435250431299209,0.040002267807722,0.9036152362823486,0.5141505599021912,0.2478875368833542,0.0310418773442506,0.8840910792350769,sujin_pick_up_variation_04,21.84033,21.84033,21.18962,19.313208,16.155494,14.317821,11.18034,7.81025,5.0,4.0,4.242641,6.708204,8.944272,12.083046,14.866069,16.552945,19.235384,19.723083,20.0,19.104973,18.439089,15.264338,12.083046,9.219544,6.082763,2.828427,4.123106,1.0,5.656854,9.899495,13.453624,17.029386,19.209373,20.0,20.248457,19.723083,18.35756,16.124515,13.892444,10.816654,7.81025,6.403124,5.09902,4.472136,6.403124,8.062258,10.77033,12.165525,14.035669,17.0,19.104973,20.223748,8.602325,10.630146,12.806248,15.811388,17.204651,17.029386,16.278821,15.556349,14.866069,14.21267,12.806248,10.630146,8.485281,7.211103,6.324555,8.0,9.486833,12.083046,14.422205,16.643317,18.027756,18.027756,18.027756,16.643317,15.264338,12.206556,13.601471,15.0,16.401219,15.620499,14.866069,13.453624,10.630146,7.81025,5.0,3.162278,2.828427,4.472136,6.324555,8.246211,9.486833,11.18034,13.038405,14.422205,15.0,16.278821,15.556349,15.620499,14.21267,12.727922,10.0,7.615773,19.0,16.03122,12.165525,8.062258,4.0,2.236068,4.0,5.09902,6.324555,6.082763,6.082763,5.09902,3.162278,2.236068,2.0,4.472136,7.211103,8.944272,11.18034,12.649111,12.649111,12.369317,11.401754,9.219544,7.28011,5.0,12.649111,13.892444,17.029386,19.79899,23.345235,26.172505,28.319605,29.206164,28.600699,27.45906,25.059928,22.825424,20.59126,18.35756,15.264338,13.601471,11.401754,10.0,9.848858,10.049876,12.165525,15.524175,18.973666,20.880613,22.803509,22.203603
sujin_pick_up_variation_04,249,83,8.301092105263159,29.9960531509012,10,0.5031343698501587,0.6700509190559387,-0.1939408332109451,0.9999493956565856,0.5003820061683655,0.6780455708503723,-0.1834460794925689,0.9998401999473572,0.4984026551246643,0.6778647303581238,-0.1834354549646377,0.999838411808014,0.4965881109237671,0.6775490641593933,-0.1834343373775482,0.9997987747192384,0.5061853528022766,0.6778279542922974,-0.1852897256612777,0.9998746514320374,0.5083138942718506,0.6773905754089355,-0.1853045523166656,0.9998849630355836,0.5106702446937561,0.6768218278884888,-0.1852984726428985,0.9998785853385924,0.4940806031227112,0.6715134382247925,-0.117922194302082,0.9996543526649476,0.5137230753898621,0.6707033514976501,-0.1274476945400238,0.9997811913490297,0.5000360012054443,0.6585622429847717,-0.1686903685331344,0.9999113082885742,0.5073524117469788,0.6586505174636841,-0.1716347634792328,0.9999295473098756,0.4801231920719147,0.608810544013977,-0.0678405836224556,0.9998488426208496,0.5278903841972351,0.6095771193504333,-0.0780688747763633,0.9998658895492554,0.4722077250480652,0.5430938601493835,-0.0303910076618194,0.9460857510566713,0.5374371409416199,0.537922739982605,-0.0528183989226818,0.9838992357254028,0.4638295769691467,0.4817021787166595,-0.0749134346842765,0.925550937652588,0.5405770540237427,0.4744543433189392,-0.0932754427194595,0.9619712233543396,0.4605883657932281,0.4630174338817596,-0.0901265367865562,0.8943926692008972,0.5435286164283752,0.4543238282203674,-0.1076033860445022,0.9223864078521729,0.4624120891094208,0.4628550112247467,-0.1096320077776908,0.900327742099762,0.539440929889679,0.4543963074684143,-0.1239116564393043,0.9271579384803772,0.4642640054225921,0.4677805006504059,-0.0838834717869758,0.8913782238960266,0.5373901128768921,0.4600326716899872,-0.1004955619573593,0.9153828024864196,0.4888896942138672,0.4881250560283661,0.0056205047294497,0.9993455410003662,0.5185572504997253,0.48643758893013,-0.0056987800635397,0.9993035197257996,0.4915178716182709,0.376939982175827,-0.0181335806846618,0.9267309904098512,0.5142821073532104,0.3840294778347015,-0.0280273295938968,0.9133882522583008,0.5004890561103821,0.2811678349971771,0.0680127814412117,0.9045563340187072,0.5178181529045105,0.2805750668048858,0.0571861192584037,0.9053317904472352,0.5045602321624756,0.2726241052150726,0.0709913671016693,0.6750991940498352,0.519300103187561,0.2705963551998138,0.060769435018301,0.5404072403907776,0.4999644160270691,0.2449026256799698,-0.000748521531932,0.9078931212425232,0.515033483505249,0.2454485893249511,-0.0111167030408978,0.8893135786056519,sujin_pick_up_variation_04,16.763055,16.552945,15.652476,15.264338,13.601471,11.401754,9.899495,7.81025,5.830952,4.123106,4.123106,4.242641,6.708204,8.544004,11.7047,13.928388,16.155494,17.492856,18.601075,18.439089,16.970563,15.0,12.529964,9.486833,6.082763,3.162278,4.242641,3.162278,5.830952,9.848858,13.928388,17.0,19.723083,21.095023,21.633308,20.808652,19.849433,17.691806,14.866069,12.041595,8.602325,6.708204,5.09902,4.472136,5.830952,8.544004,10.198039,12.165525,15.033296,15.0,16.03122,17.117243,25.0,23.4094,21.540659,17.464249,14.317821,10.440307,7.071068,6.324555,6.403124,8.602325,10.816654,11.661904,13.601471,15.0,16.401219,17.029386,17.029386,16.278821,14.866069,12.206556,9.848858,8.062258,8.246211,10.0,12.041595,12.806248,7.071068,5.0,5.09902,7.615773,11.18034,13.892444,17.492856,17.888544,19.697716,18.973666,18.681542,17.262677,15.033296,14.0,11.045361,9.055385,7.071068,5.09902,3.605551,5.09902,9.0,13.0,17.029386,20.024984,23.194827,25.317978,9.183075,6.671325,3.701562,3.236068,3.561553,5.0,5.377937,5.8941445,5.8941445,5.328427,4.3027755,3.3027755,2.9208095,3.8106165,6.54951,8.560472,11.3245555,13.403209,14.576526,14.8392485,14.1809335,13.330952,10.1321145,7.187478,3.561553,13.537037,14.80744,17.873900499999998,20.709937,24.066976500000003,26.055339,27.7366285,27.2197285,25.812001,23.5344765,20.859684,18.1616955,15.435383000000002,13.2621885,11.274303,10.307160499999998,9.7434165,9.1374645,10.385165,11.693448,12.5877825,13.3956235,15.1036045,14.9852815,15.345903,13.991760500000002,15.818792
sujin_pick_up_variation_04,252,84,8.401105263157895,29.9960531509012,10,0.5037170052528381,0.6707568764686584,-0.2068573981523513,0.9999539256095886,0.5008549094200134,0.6787785291671753,-0.197702020406723,0.9998540878295898,0.4990423619747162,0.6785916686058044,-0.1976910084486007,0.9998526573181152,0.4973918199539184,0.6782754063606262,-0.1976955085992813,0.9998170137405396,0.5066388249397278,0.6785665154457092,-0.1983495354652404,0.999884307384491,0.5088242292404175,0.6781336665153503,-0.1983652412891388,0.9998936653137208,0.5108931660652161,0.677553653717041,-0.1983569264411926,0.9998875260353088,0.4945896863937378,0.6722396016120911,-0.1333630532026291,0.9996840953826904,0.5137779712677002,0.6714012026786804,-0.1378640532493591,0.9997943639755248,0.5004785656929016,0.659135103225708,-0.1822144836187362,0.9999189376831056,0.5080182552337646,0.6591136455535889,-0.1835591495037078,0.9999350309371948,0.4805105924606323,0.6092967391014099,-0.0802875831723213,0.9998623132705688,0.5281580090522766,0.6097012758255005,-0.0834958478808403,0.9998682737350464,0.4722992777824402,0.5432758927345276,-0.044131051748991,0.9509317278862,0.5372499823570251,0.5399696826934814,-0.0546212382614612,0.9842889308929444,0.4646946489810943,0.4798836708068847,-0.0896682068705558,0.9323394298553468,0.5400468111038208,0.4752134978771209,-0.0949360653758049,0.9626986384391784,0.4615978598594665,0.4617468118667602,-0.1035011783242225,0.9029840230941772,0.5429830551147461,0.4545189142227173,-0.108124628663063,0.92326021194458,0.463549256324768,0.460334300994873,-0.1239183768630027,0.9085571765899658,0.538998007774353,0.4544034302234649,-0.1244455128908157,0.9280632734298706,0.4654623866081238,0.4654289186000824,-0.0984583869576454,0.9000619053840637,0.5368689298629761,0.4604048132896423,-0.1023702323436737,0.9164921641349792,0.4908186793327331,0.490479975938797,0.0041728038340806,0.9993781447410583,0.5191804766654968,0.4886376857757568,-0.0042579257860779,0.999325692653656,0.4921066462993622,0.3772832155227661,-0.0203410163521766,0.9305558800697328,0.5150366425514221,0.3806503713130951,-0.0226260963827371,0.9181959629058838,0.5004087090492249,0.278867244720459,0.0610977858304977,0.9107438921928406,0.5180169939994812,0.2753688991069793,0.0569974072277545,0.9100183248519896,0.5039709806442261,0.2711759507656097,0.0635966882109642,0.67930668592453,0.5191341042518616,0.2654567062854767,0.059417400509119,0.5422167181968689,0.499600738286972,0.2440317720174789,-0.0135798165574669,0.912617325782776,0.5155227780342102,0.2430850565433502,-0.0142428884282708,0.894249677658081,sujin_pick_up_variation_04,11.045361,12.041595,13.341664,13.601471,13.928388,13.0,10.77033,9.486833,7.28011,4.123106,2.0,1.414214,3.605551,6.708204,9.486833,12.369317,16.124515,17.029386,18.027756,18.248288,18.027756,16.552945,14.422205,11.313708,8.602325,6.324555,4.472136,2.0,5.830952,9.848858,13.928388,17.088007,19.313208,21.18962,21.540659,21.540659,19.313208,18.027756,14.866069,12.369317,9.055385,7.071068,6.403124,6.708204,8.246211,10.0,12.165525,13.341664,12.649111,12.529964,12.206556,10.630146,7.071068,8.944272,12.083046,13.928388,15.231546,16.155494,15.652476,14.764823,13.892444,12.206556,10.816654,9.433981,8.062258,6.324555,7.0,6.708204,9.433981,10.630146,14.142136,16.278821,17.691806,17.691806,17.691806,16.278821,14.142136,12.041595,15.033296,17.029386,18.11077,18.248288,17.262677,15.297059,12.369317,10.440307,7.28011,4.0,2.236068,3.162278,5.0,7.0,8.0,10.049876,11.18034,12.649111,13.928388,15.231546,15.652476,15.264338,14.422205,12.206556,10.29563,8.246211,7.81025,7.211103,7.211103,5.830952,5.385165,3.605551,1.414214,1.0,2.236068,3.605551,5.656854,5.656854,6.403124,5.830952,5.385165,4.123106,2.236068,1.414214,4.472136,7.615773,12.529964,15.0,19.104973,21.260292,23.021729,23.259407,26.172505,28.319605,28.425341,28.600699,27.202941,25.806976,23.430749,20.518285,18.439089,18.601075,17.492856,16.552945,16.155494,15.811388,14.317821,14.142136,15.132746,14.035669,15.0,15.033296,15.132746,14.142136,13.341664,12.369317,10.77033,9.433981
sujin_pick_up_variation_04,255,85,8.501118421052631,29.9960531509012,10,0.5047785639762878,0.6710889339447021,-0.2228707671165466,0.9999580979347228,0.5015957355499268,0.679081380367279,-0.2144336253404617,0.999867022037506,0.4997506737709045,0.6788381338119507,-0.2144186198711395,0.9998658299446106,0.4983247220516205,0.6785848140716553,-0.2144275307655334,0.9998338222503662,0.5074918866157532,0.6788972020149231,-0.2152378410100937,0.9998935461044312,0.5096409320831299,0.6785127520561218,-0.2152577340602874,0.9999020099639891,0.5113271474838257,0.6780360341072083,-0.2152497917413711,0.9998962879180908,0.4952987730503082,0.6726115345954895,-0.149670660495758,0.9997119307518004,0.514144241809845,0.6719176173210144,-0.1547974497079849,0.9998086094856262,0.5012285113334656,0.6595455408096313,-0.1976823508739471,0.9999260306358336,0.5088974833488464,0.6596786379814148,-0.19919353723526,0.9999403357505798,0.4813280999660492,0.6108307242393494,-0.0930623039603233,0.9998747706413268,0.5282376408576965,0.6098660230636597,-0.0955378115177154,0.9998732805252076,0.4733189344406128,0.5441304445266724,-0.0550666004419326,0.955280303955078,0.5372699499130249,0.5411589741706848,-0.0635092630982399,0.9848477244377136,0.4664634466171264,0.4802251160144806,-0.102916195988655,0.9384009838104248,0.5393273830413818,0.4761331677436828,-0.1042388156056404,0.9637276530265808,0.4635500311851501,0.4619883000850677,-0.1180557981133461,0.91058087348938,0.5422623753547668,0.4553149938583374,-0.1183684542775154,0.9247732162475586,0.4661974310874939,0.4606741368770599,-0.1387184709310531,0.9158305525779724,0.5385107398033142,0.4547141194343567,-0.1364621222019195,0.9295709133148192,0.4682062566280365,0.4657049775123596,-0.1117850244045257,0.9076671004295348,0.5362491607666016,0.4608021676540375,-0.1119733080267906,0.9182557463645936,0.4924305379390716,0.4927045404911041,0.0032273193355649,0.9994112253189088,0.51996248960495,0.4908791482448578,-0.0033193209674209,0.9993525743484496,0.492575466632843,0.3780434727668762,-0.0187210012227296,0.9344657063484192,0.5157037377357483,0.3797157108783722,-0.0176802165806293,0.9223177433013916,0.5003173351287842,0.2781441807746887,0.0574402436614036,0.9166083335876464,0.5179983377456665,0.2741514444351196,0.0561950765550136,0.9137760400772096,0.503475546836853,0.2707944512367248,0.0598079897463321,0.6803430318832397,0.5191039443016052,0.2651699483394623,0.059052899479866,0.541053056716919,0.4995638132095337,0.2443144917488098,-0.0203581731766462,0.9170804023742676,0.5156978368759155,0.244069218635559,-0.01810740865767,0.8983115553855896,sujin_pick_up_variation_04,12.369317,9.219544,5.830952,2.236068,3.605551,7.28011,10.198039,13.152946,14.142136,15.132746,16.03122,16.03122,16.0,15.132746,14.317821,12.083046,10.630146,9.848858,10.049876,12.529964,14.866069,17.492856,19.313208,19.416488,19.026298,18.11077,23.021729,24.698178,25.942244,25.495098,23.769729,21.540659,17.720045,13.341664,9.0,4.472136,5.0,7.211103,9.899495,12.041595,14.422205,15.264338,14.764823,14.866069,14.142136,13.0,12.369317,13.038405,13.453624,14.422205,16.155494,15.811388,8.062258,11.045361,14.142136,16.278821,17.262677,17.262677,17.117243,17.029386,15.0,14.035669,12.041595,10.049876,9.0,7.071068,5.830952,6.403124,8.544004,10.198039,13.038405,15.0,17.0,17.0,17.0,16.0,14.0,11.0,14.035669,15.033296,17.029386,16.03122,16.0,13.0,11.0,8.0,5.09902,2.828427,3.0,4.472136,6.708204,8.544004,10.77033,11.7047,13.341664,14.142136,16.03122,16.0,16.03122,16.124515,14.142136,13.038405,10.0,6.324555,4.123106,5.830952,7.071068,7.81025,7.81025,7.81025,6.403124,5.830952,4.472136,4.0,3.0,3.162278,3.605551,4.242641,3.605551,3.162278,3.162278,4.123106,5.830952,8.602325,9.219544,11.401754,12.806248,15.0,16.643317,17.0,24.083189,26.0,28.017851,28.160256,27.294688,24.515301,22.561028,19.416488,17.117243,15.0,13.038405,12.369317,12.083046,11.661904,12.041595,13.453624,14.142136,15.620499,16.278821,17.691806,16.970563,16.970563,15.620499,12.806248,10.0,7.071068
sujin_pick_up_variation_04,258,86,8.601131578947369,29.9960531509012,10,0.5058593153953552,0.6711843013763428,-0.2131965607404709,0.9999619126319884,0.5024716258049011,0.679232656955719,-0.2043394744396209,0.999879002571106,0.5004687905311584,0.6789476871490479,-0.2043290585279464,0.9998779892921448,0.4991933703422546,0.678705096244812,-0.2043361514806747,0.9998492002487184,0.5084885954856873,0.6790825128555298,-0.2053125351667404,0.9999024868011476,0.5104819536209106,0.6787659525871277,-0.2053296715021133,0.9999101161956788,0.512111246585846,0.6783422231674194,-0.2053210735321045,0.9999048113822936,0.4960874617099762,0.6727497577667236,-0.1396630406379699,0.9997378587722778,0.5148066282272339,0.6722602844238281,-0.1452104300260543,0.999823272228241,0.502031147480011,0.6597696542739868,-0.1879594922065735,0.9999326467514038,0.509886622428894,0.6600141525268555,-0.1896414458751678,0.999945342540741,0.4814196527004242,0.6117041707038879,-0.0855865553021431,0.9998860359191896,0.5289594531059265,0.6099452972412109,-0.0885813385248184,0.9998794198036194,0.4749380350112915,0.544348955154419,-0.0507486686110496,0.959132194519043,0.5367127656936646,0.541090726852417,-0.0586871318519115,0.9852086901664734,0.472059428691864,0.480852872133255,-0.1002757176756858,0.9436956644058228,0.538268506526947,0.4757507741451263,-0.1018909588456153,0.9644832015037536,0.4694158136844635,0.4625066816806793,-0.1162706539034843,0.917107343673706,0.5408006906509399,0.4549086987972259,-0.1157057583332061,0.9259644150733948,0.4727283120155334,0.4614117443561554,-0.1362030804157257,0.922070324420929,0.5375713109970093,0.4543907046318054,-0.134475439786911,0.9307526350021362,0.4743714034557342,0.466619461774826,-0.1089886054396629,0.9140984416007996,0.5354905724525452,0.4605706632137298,-0.1099235787987709,0.9196825623512268,0.4933955371379852,0.4930425584316253,0.0019432447152212,0.9994405508041382,0.5207083821296692,0.4917040169239044,-0.0020196926780045,0.999379575252533,0.493551105260849,0.379889577627182,-0.0147402081638574,0.9382474422454834,0.5182192921638489,0.3803865015506744,-0.0128095839172601,0.9261135458946228,0.5003204345703125,0.2785452604293823,0.0543525218963623,0.9219775199890136,0.5181300044059753,0.2750223577022552,0.0557149872183799,0.9172663688659668,0.5034756064414978,0.2711574137210846,0.0562930069863796,0.6810340285301208,0.5189990401268005,0.2656543552875519,0.0588425509631633,0.5436537265777588,0.4997852742671966,0.244563803076744,-0.0227479469031095,0.9211649894714355,0.5164880156517029,0.2454002350568771,-0.0197226032614707,0.9020304679870604,sujin_pick_up_variation_04,15.297059,17.029386,18.0,18.0,16.03122,14.035669,12.041595,9.0,6.082763,5.0,5.09902,6.324555,9.848858,12.206556,15.0,17.029386,20.518285,20.518285,20.808652,19.723083,18.384776,16.492423,14.0,11.401754,10.816654,10.816654,3.605551,1.414214,4.472136,8.602325,12.041595,15.556349,18.439089,20.0,20.808652,20.59126,19.235384,17.464249,15.811388,13.341664,10.0,8.246211,5.830952,5.830952,5.0,5.385165,6.403124,6.708204,6.082763,7.28011,9.219544,10.29563,16.390494,16.7452285,16.5890345,15.5228155,14.192246,12.8862445,12.3076015,10.833731,10.8511575,11.328428,11.2235575,11.5192025,11.8675355,11.4163595,11.67272,12.2864215,12.6372495,13.681871999999998,13.969497,14.5178345,14.404421,13.5267545,13.9173985,14.170676,14.23377,14.0771635,11.4236595,10.397793,10.944272,11.328427,12.6720295,13.4856895,13.4760845,12.6727455,11.6769705,10.514693,10.003385000000002,10.2983255,10.200292,10.447661,10.198039,10.447661,10.0055755,9.851841,9.1802915,11.014241,12.6334545,14.719812,16.3102495,16.710888,16.8848645,16.2891655,20.396078,18.439089,14.56022,10.440307,7.28011,5.09902,4.242641,5.0,5.385165,6.324555,6.324555,6.324555,5.09902,5.0,5.09902,5.830952,7.211103,7.81025,8.485281,9.219544,9.899495,8.485281,8.485281,7.071068,5.830952,5.0,15.231546,15.264338,17.029386,19.104973,22.671568,24.758837,26.870058,28.319605,28.425341,27.202941,25.553865,23.323808,21.470911,19.235384,17.888544,15.652476,12.529964,11.401754,9.899495,9.486833,11.045361,13.038405,17.117243,20.099751,22.022716,23.0
sujin_pick_up_variation_04,261,87,8.701144736842105,29.9960531509012,10,0.5065035223960876,0.6703082323074341,-0.2094168066978454,0.9999653697013856,0.5030282735824585,0.67884761095047,-0.1993665844202041,0.9998897910118104,0.5009295344352722,0.6785982251167297,-0.1993612498044967,0.9998888969421388,0.499706357717514,0.6783614754676819,-0.1993679404258728,0.9998629689216614,0.5092459321022034,0.6787852048873901,-0.2005747258663177,0.9999106526374816,0.5111426711082458,0.6785984039306641,-0.2005921006202697,0.9999175071716307,0.5129726529121399,0.6782140731811523,-0.200589507818222,0.999912679195404,0.4966228604316711,0.6725815534591675,-0.1331634074449539,0.9997608661651612,0.5155337452888489,0.6723426580429077,-0.1392477005720138,0.9998371005058287,0.5026184320449829,0.6593263149261475,-0.1833448261022567,0.9999387264251708,0.5106126070022583,0.6598027944564819,-0.1854123026132583,0.9999500513076782,0.4815176129341125,0.6126717329025269,-0.0800848677754402,0.9998960494995116,0.5302268862724304,0.6103630065917969,-0.0848813503980636,0.9998856782913208,0.4764382541179657,0.5443205237388611,-0.0460486188530921,0.9625731110572816,0.5365740656852722,0.5398958921432495,-0.0554338358342647,0.985598921775818,0.4767054617404938,0.480826586484909,-0.0980255305767059,0.9483604431152344,0.5369882583618164,0.4749236404895782,-0.0993924364447593,0.965545117855072,0.4754725396633148,0.4623733758926391,-0.1144815012812614,0.922860026359558,0.53928142786026,0.4547788202762604,-0.1146327778697013,0.9280141592025756,0.4787203967571258,0.4614461064338684,-0.1342510432004928,0.9275275468826294,0.535851240158081,0.4542315304279327,-0.1330796927213668,0.9326540231704712,0.4800327122211456,0.4667329788208008,-0.1067944318056106,0.9196256399154664,0.5336672067642212,0.4604000449180603,-0.107146143913269,0.9217239022254944,0.4938028752803802,0.4916786551475525,0.001135533559136,0.9994669556617736,0.5211401581764221,0.4905080199241638,-0.0012096283026039,0.9994059205055236,0.4946116507053375,0.3789702653884887,-0.0070898178964853,0.942591667175293,0.5199492573738098,0.3794929981231689,-0.0075427368283271,0.9307541847229004,0.5003153085708618,0.2797482907772064,0.0651835352182388,0.9277642965316772,0.5183891654014587,0.2761056423187256,0.0650703534483909,0.92228364944458,0.5032682418823242,0.2724473476409912,0.0674684196710586,0.6883831024169922,0.518921971321106,0.2671429812908172,0.0678506195545196,0.5549337863922119,0.499848335981369,0.2440384179353714,-0.0095522822812199,0.926140308380127,0.5172439813613892,0.2439290434122085,-0.0082345437258481,0.9076741337776184,sujin_pick_up_variation_04,8.062258,5.09902,1.414214,3.605551,7.81025,11.313708,13.453624,15.620499,17.029386,17.029386,17.029386,16.278821,15.620499,13.601471,12.529964,10.198039,8.246211,8.485281,10.440307,14.0,16.492423,18.788294,20.248457,20.615528,19.79899,17.204651,21.931712,24.166092,25.079872,25.079872,23.769729,21.18962,16.763055,13.341664,8.0,5.385165,4.123106,6.324555,8.602325,11.313708,12.806248,13.601471,13.892444,13.928388,13.601471,13.152946,14.035669,13.601471,13.892444,14.21267,14.142136,12.806248,6.708204,9.899495,12.727922,14.866069,16.278821,16.278821,16.278821,15.620499,14.422205,13.038405,11.401754,10.0,7.81025,7.211103,7.28011,8.0,10.198039,13.0,15.231546,17.0,18.35756,19.235384,19.235384,17.888544,15.652476,12.529964,15.0,16.401219,17.204651,17.204651,16.643317,13.892444,11.661904,8.944272,5.830952,3.605551,2.0,2.828427,5.0,7.211103,8.602325,10.630146,12.041595,13.453624,15.0,15.264338,15.652476,15.231546,13.928388,12.083046,10.29563,5.656854,19.416488,17.492856,13.416408,9.848858,6.708204,4.242641,3.0,4.472136,5.0,5.656854,5.656854,5.656854,5.656854,6.403124,5.830952,6.324555,6.082763,7.071068,8.062258,9.0,8.0,8.062258,7.071068,7.071068,6.324555,6.403124,14.317821,14.56022,16.03122,19.0,21.023796,24.020824,26.0,27.018512,27.166155,26.305893,24.738634,22.803509,19.924859,18.384776,17.088007,13.928388,11.7047,9.219544,9.0,7.615773,9.219544,12.806248,15.811388,18.601075,21.260292,22.627417
sujin_pick_up_variation_04,264,88,8.801157894736843,29.9960531509012,10,0.5070124268531799,0.6698876619338989,-0.1878207474946975,0.9999684691429138,0.5035091042518616,0.6785120964050293,-0.1789101213216781,0.9998995661735536,0.5013569593429565,0.6782587766647339,-0.1789071410894394,0.9998987913131714,0.5001317262649536,0.6780118942260742,-0.1789071708917617,0.9998754858970642,0.5097747445106506,0.6785860061645508,-0.1798188686370849,0.9999179840087892,0.5116063356399536,0.6784865260124207,-0.1798289120197296,0.9999241232872008,0.5135599970817566,0.6781489849090576,-0.1798159033060073,0.9999197125434875,0.4971919953823089,0.6723869442939758,-0.1165917366743087,0.9997819066047668,0.5160637497901917,0.672406017780304,-0.1215458884835243,0.9998493194580078,0.5031717419624329,0.6591857671737671,-0.1635709851980209,0.999944269657135,0.511208713054657,0.6597968935966492,-0.1650969088077545,0.999954342842102,0.4819064140319824,0.6139526963233948,-0.0694683119654655,0.9999056458473206,0.5311862230300903,0.610621452331543,-0.0675427392125129,0.9998916983604432,0.4772078692913055,0.5452157258987427,-0.0393055826425552,0.965840220451355,0.5367843508720398,0.5399074554443359,-0.0372491665184497,0.9858551025390624,0.4782314002513885,0.4818516969680786,-0.0927621871232986,0.952919065952301,0.5373910665512085,0.4747994840145111,-0.0833134800195694,0.9665958285331726,0.477497786283493,0.462850272655487,-0.1107084080576896,0.9289077520370485,0.539772629737854,0.4546252787113189,-0.0996741876006126,0.9301031231880188,0.4810623824596405,0.4626635909080505,-0.1290035247802734,0.9332389831542968,0.5362842679023743,0.4540678262710571,-0.1173646077513694,0.934597671031952,0.4824033677577972,0.4680958688259125,-0.1007441729307174,0.925578773021698,0.5341054201126099,0.4604100286960602,-0.0908905267715454,0.9238585233688354,0.4943684041500091,0.4912014305591583,0.0005782684893347,0.999496042728424,0.5219971537590027,0.4903344511985779,-0.0006415759562514,0.9994321465492249,0.4953618347644806,0.3784979283809662,-0.008661588653922,0.9465340971946716,0.5210852026939392,0.3793909847736358,-0.0089376848191022,0.9347519874572754,0.5003029108047485,0.280169814825058,0.0612967200577259,0.933017373085022,0.5185030102729797,0.2774650752544403,0.0620080307126045,0.926408588886261,0.5032575130462646,0.2726674377918243,0.0626023411750793,0.6948411464691162,0.5188685655593872,0.2682186663150787,0.0652281194925308,0.5634576678276062,0.4998476803302765,0.2436091601848602,-0.0139784719794988,0.9305936694145204,0.5173124670982361,0.2438375055789947,-0.0122852036729455,0.9122877717018129,sujin_pick_up_variation_04,8.602325,5.385165,3.162278,4.123106,7.071068,10.198039,12.369317,13.928388,14.866069,14.866069,14.866069,14.56022,13.341664,12.165525,10.0,8.246211,6.403124,6.082763,8.062258,11.313708,15.264338,17.464249,18.681542,19.235384,19.0,18.11077,22.803509,24.041631,25.298221,24.351591,23.086793,19.924859,16.763055,11.401754,7.071068,3.162278,4.123106,7.81025,9.899495,12.041595,14.21267,15.620499,15.811388,16.124515,15.652476,14.866069,14.142136,14.0,14.142136,13.601471,13.416408,12.206556,27.892651,25.632011,22.472205,18.384776,14.866069,10.440307,8.0,6.708204,7.81025,10.29563,12.529964,14.764823,16.124515,18.601075,19.209373,19.849433,19.104973,18.439089,16.401219,14.422205,11.7047,11.0,10.77033,13.601471,16.278821,18.439089,8.062258,5.385165,4.472136,6.082763,9.848858,12.529964,15.652476,17.464249,18.027756,18.681542,17.464249,17.117243,15.0,14.142136,12.165525,9.486833,6.324555,5.0,3.605551,5.09902,9.0,14.0,18.0,23.021729,26.172505,27.45906,21.540659,19.235384,15.264338,11.661904,7.211103,5.385165,3.162278,3.605551,4.472136,5.385165,6.324555,6.324555,6.082763,6.082763,6.0,6.0,6.082763,6.324555,7.615773,6.708204,7.211103,7.211103,7.071068,6.403124,5.830952,6.082763,15.132746,14.56022,17.464249,18.867962,23.021729,25.238859,27.784888,28.178006,28.231188,27.513633,25.96151,23.769729,21.587033,19.235384,17.262677,15.297059,12.369317,10.77033,9.433981,8.602325,10.77033,13.152946,17.117243,20.099751,22.203603,23.537205
sujin_pick_up_variation_04,270,90,9.001184210526317,29.9960531509012,10,0.5077891945838928,0.6695786118507385,-0.203375294804573,0.9999738931655884,0.5042542219161987,0.6781662702560425,-0.1949279755353927,0.9999164938926696,0.5020270347595215,0.6778888702392578,-0.1949200183153152,0.9999159574508668,0.5007314085960388,0.6776507496833801,-0.1949205249547958,0.9998971223831176,0.5105865597724915,0.6783348321914673,-0.1961348801851272,0.9999309182167052,0.5123545527458191,0.6783045530319214,-0.196152776479721,0.9999359250068665,0.5144509673118591,0.6779594421386719,-0.1961417347192764,0.9999321103096008,0.4979103505611419,0.6721378564834595,-0.1322580426931381,0.9998183250427246,0.5167949795722961,0.6722935438156128,-0.1387669295072555,0.9998712539672852,0.5039180517196655,0.6590979695320129,-0.1790201961994171,0.9999537467956544,0.5120077133178711,0.659772515296936,-0.1809603571891784,0.999961793422699,0.4825984835624695,0.6144983172416687,-0.0793604031205177,0.9999216794967652,0.5319698452949524,0.6109706163406372,-0.0846209451556205,0.9999017715454102,0.4773650169372558,0.5451648831367493,-0.0436548590660095,0.9714272022247314,0.5370461940765381,0.5398597121238708,-0.0529325827956199,0.9866225123405457,0.4775996804237366,0.4816237986087799,-0.0923489406704902,0.9605393409729004,0.5376682877540588,0.4746866822242737,-0.0939886495471,0.9685420393943788,0.4763339161872864,0.4624770283699035,-0.1085458993911743,0.938623309135437,0.5399848818778992,0.4544817805290222,-0.1092600673437118,0.933684229850769,0.4795918762683868,0.4622633755207062,-0.1267639696598053,0.9424652457237244,0.5363425612449646,0.4540359675884247,-0.1270546615123748,0.937937557697296,0.4808074533939361,0.4679367542266845,-0.1001024469733238,0.9351621270179749,0.5342027544975281,0.4606143236160278,-0.1013289764523506,0.9275096654891968,0.4955123364925384,0.4906480610370636,0.0011570655042305,0.9995455145835876,0.5232755541801453,0.4900271892547607,-0.0012233412126079,0.9994761347770692,0.4956001937389374,0.3794645667076111,-0.0084491344168782,0.9524163007736206,0.5211919546127319,0.3797565996646881,-0.0089771533384919,0.9406258463859558,0.500127375125885,0.281290590763092,0.054272498935461,0.9415602087974548,0.5184399485588074,0.2787104547023773,0.0600719712674617,0.932672917842865,0.5029792189598083,0.2733735144138336,0.0553421378135681,0.7066133618354797,0.5188139081001282,0.2694062292575836,0.0616075806319713,0.5744773149490356,0.499654084444046,0.2432082891464233,-0.0214706938713789,0.9377795457839966,0.5172337889671326,0.244522213935852,-0.0122329629957675,0.9194127321243286,sujin_pick_up_variation_04,16.763055,17.464249,17.262677,16.124515,14.035669,12.0,9.0,6.0,3.162278,1.0,3.162278,6.082763,9.055385,12.041595,14.0,16.0,19.026298,19.235384,19.646883,19.313208,17.0,15.0,12.041595,8.944272,7.0,5.830952,5.09902,1.0,5.0,10.0,15.0,18.601075,21.400935,23.430749,24.207437,24.207437,22.022716,19.849433,17.204651,14.422205,11.18034,8.246211,6.082763,5.830952,6.708204,8.062258,10.049876,11.401754,12.083046,14.422205,14.866069,15.0,25.032179333333332,23.52162133333333,21.124263133333333,17.838227,14.9599992,11.329707466666669,9.0884634,7.9084632,8.748738866666667,10.513953333333331,12.372007,13.965469333333331,14.956582533333332,16.800954866666668,17.304984533333332,17.982162333333335,17.671259,17.369532799999998,15.952862733333331,14.414362,12.315142333333334,11.665714466666666,11.518669933333332,13.673624333333333,15.689270666666667,17.167537466666666,8.7180158,6.6350634,6.0703804,7.679871133333333,10.7042594,12.899291,15.1527662,16.26871673333333,16.451494133333334,16.5896936,15.512222333333332,15.232227866666666,13.7751554,13.1067914,11.544174266666667,9.583122466666667,7.264822733333333,5.9783066,5.2206364,6.703591066666667,10.079152466666669,14.1683672,17.54141733333333,21.416965,23.7261832,24.70248713333333,13.811711,13.617692,12.132169,10.830952,8.6055515,7.717520499999999,6.108831499999999,5.8339045,5.2774495,5.1925825,4.6622775,4.7434165,4.1594155,4.1594155,4.0,4.5,4.6225205,4.965053,5.610662,5.854102,6.4339785,6.8071135,7.1410855,7.232691,6.946605,7.5135175,17.628678999999998,18.5162125,20.133879,20.769765,22.117466,22.5189245,22.3777255,21.5220375,20.518718,19.5877685,18.36592,16.983884,16.316197000000003,15.1403725,14.714101,14.2250025,13.343569,13.0336945,12.779248,12.36342,13.400775,14.093121,15.5586215,15.5498755,15.629494,14.93088
sujin_pick_up_variation_04,276,92,9.201210526315789,29.9960531509012,10,0.5082570314407349,0.6695348620414734,-0.2131676226854324,0.999978482723236,0.504764974117279,0.6780087351799011,-0.2046259194612503,0.99993097782135,0.5025151371955872,0.6776676177978516,-0.2046168148517608,0.9999306201934814,0.5011505484580994,0.6774139404296875,-0.2046213746070861,0.9999153017997742,0.51105797290802,0.6782341599464417,-0.2059556692838668,0.9999422430992126,0.5128002166748047,0.6782261729240417,-0.2059749066829681,0.999946355819702,0.5149337649345398,0.6778674125671387,-0.2059634774923324,0.9999430775642396,0.4983768761157989,0.6719049215316772,-0.1408116221427917,0.9998493790626526,0.5172667503356934,0.6721356511116028,-0.1481718122959137,0.9998912811279296,0.5044019818305969,0.6590583920478821,-0.1883475482463836,0.9999617338180542,0.5124711990356445,0.6597892642021179,-0.1905052214860916,0.9999681115150452,0.4832045137882232,0.6143555045127869,-0.0856689885258674,0.999934732913971,0.5325719118118286,0.6107690930366516,-0.0931817814707756,0.9999113082885742,0.4775000810623169,0.5439997911453247,-0.0478035621345043,0.9759481549263,0.5371708273887634,0.5389013290405273,-0.061107974499464,0.9872684478759766,0.476616233587265,0.4811960756778717,-0.0952613577246666,0.966679871082306,0.5378078818321228,0.4740694463253021,-0.1012987345457077,0.9699931740760804,0.4749692678451538,0.4618787467479706,-0.110997587442398,0.9462903738021852,0.5400413870811462,0.4542748034000397,-0.1163094341754913,0.936215043067932,0.4780930280685425,0.4613394141197204,-0.1298091858625412,0.949801743030548,0.5363739132881165,0.4537874460220337,-0.1346165835857391,0.9403386116027832,0.4794665575027466,0.4675076305866241,-0.1033575609326362,0.9428516626358032,0.5342901349067688,0.4604271948337555,-0.1088881492614746,0.9302363395690918,0.495916873216629,0.4904254376888275,0.0013642486883327,0.9995903968811036,0.5236157178878784,0.4896700382232666,-0.0014194572577252,0.9995172023773192,0.4957011938095093,0.3789425194263458,-0.0076557551510632,0.9570394158363342,0.5211279988288879,0.3794269561767578,-0.0087369689717888,0.9452145099639891,0.5001908540725708,0.2809391319751739,0.0558370724320411,0.9486976861953736,0.5185304880142212,0.2783010303974151,0.0601899214088916,0.9381471276283264,0.5031576752662659,0.2726822197437286,0.0581006966531276,0.7216394543647766,0.5187311172485352,0.2683423459529876,0.062212411314249,0.584374725818634,0.4995962977409363,0.243025541305542,-0.0191980898380279,0.9440166354179382,0.5172550678253174,0.2447625398635864,-0.0132799092680215,0.925769865512848,sujin_pick_up_variation_04,13.9062509,14.186548299999998,14.0090239,13.6796869,12.740438,11.9640206,10.2495836,8.6608944,6.8653084,5.4013267,6.6674694,8.3320259,10.0748737,11.7002077,12.6341068,13.3555567,14.1088162,14.191371,15.279003799999998,16.2649489,15.8426607,15.2991183,13.870706299999998,12.1083945,10.631254899999998,9.4683342,11.5352505,9.502455800000002,12.5100088,15.5895862,18.4072933,19.8715025,20.7717841,20.360002100000003,19.411033,18.1506827,17.1327611,16.6443422,15.594935,14.3050494,12.6737658,11.0793571,9.5536549,9.1694828,9.7373167,10.5533724,11.6873127,12.3890263,12.7724521,13.7018198,13.8505484,13.4774495,22.171707666666663,21.41123166666667,19.776321266666667,17.291677999999997,15.0539294,12.219107933333332,10.1769268,9.1087224,9.687227733333334,10.732276666666666,12.21405,13.166115666666666,13.788650066666667,15.000834733333331,15.400596066666669,16.11489166666667,16.237545,16.2999766,15.504506466666667,14.406519,12.925584666666666,12.331428933333331,12.267009866666667,13.745777666666664,15.099720333333332,15.895985933333332,9.3737736,7.8849618,7.668624799999999,9.276979266666666,11.5596608,13.268617999999998,14.6530564,15.073184466666666,14.875232266666666,14.4978452,13.560195666666669,13.347212733333333,12.5503108,12.0714468,10.922823533333334,9.679411933333332,8.205090466666666,6.9566132000000005,6.8357218,8.308162133333333,11.158304933333334,14.3367344,17.082834666666667,19.812201,21.2798614,21.945914266666662,6.082763,8.0,9.0,10.0,10.0,10.049876,9.055385,8.062258,6.082763,5.0,3.0,3.162278,2.236068,2.236068,2.0,3.0,3.162278,3.605551,3.605551,5.0,5.656854,6.403124,7.211103,8.062258,8.062258,8.944272,20.124612,22.472205,22.803509,22.671568,21.213203,19.79899,16.970563,14.866069,12.806248,11.661904,10.77033,10.198039,11.045361,11.045361,12.165525,13.152946,14.317821,15.297059,16.124515,16.124515,16.03122,15.033296,14.0,11.0,9.055385,6.324555
sujin_pick_up_variation_04,279,93,9.301223684210528,29.9960531509012,10,0.5083640813827515,0.6694872379302979,-0.2162914127111435,0.9999804496765136,0.5048843026161194,0.6779099106788635,-0.2079492658376693,0.9999372959136964,0.5026481747627258,0.6775493621826172,-0.2079368084669113,0.9999369978904724,0.5012820959091187,0.6772859692573547,-0.2079409956932068,0.9999232292175292,0.5111614465713501,0.6781646013259888,-0.2093324065208435,0.9999473094940186,0.5129076242446899,0.6781723499298096,-0.2093525379896164,0.9999510645866394,0.5150467157363892,0.6778137683868408,-0.2093406617641449,0.999948024749756,0.4985323846340179,0.6717687249183655,-0.1445140093564987,0.9998630285263062,0.5174157023429871,0.6720823049545288,-0.1521672755479812,0.9999004602432252,0.5045310258865356,0.6590267419815063,-0.1915270239114761,0.999965250492096,0.5126023888587952,0.6597859263420105,-0.1937680840492248,0.9999709129333496,0.4834701716899872,0.614291787147522,-0.0885106697678566,0.9999403357505798,0.5327745079994202,0.6105750203132629,-0.0963319689035415,0.9999163150787354,0.4775007665157318,0.5438353419303894,-0.0492759197950363,0.9778850674629213,0.5372114777565002,0.5384564399719238,-0.0633541196584701,0.9876350164413452,0.4763852655887604,0.4811499714851379,-0.0956934243440628,0.969277024269104,0.5379238724708557,0.4739484786987304,-0.1027969196438789,0.9708847403526306,0.4746526777744293,0.4618317782878876,-0.1111640259623527,0.9494777321815492,0.5401686429977417,0.4541686475276947,-0.1175537109375,0.9378066658973694,0.4777462184429168,0.4613308310508728,-0.1301262229681015,0.9528627395629884,0.5364416837692261,0.4536675214767456,-0.1359805464744568,0.94185870885849,0.4791544079780578,0.4674454033374786,-0.1038503348827362,0.9460551738739014,0.5343320369720459,0.4603713750839233,-0.1104136779904365,0.9319855570793152,0.4959850013256073,0.490696370601654,0.0014847985003143,0.9996097683906556,0.5236590504646301,0.4896559119224548,-0.0015415683155879,0.9995370507240297,0.4958741366863251,0.3788025677204132,-0.0082720424979925,0.9589506387710572,0.5210700631141663,0.3796806037425995,-0.0090444246307015,0.9470958709716796,0.5002160668373108,0.2807594239711761,0.0521381944417953,0.9517931938171388,0.5185550451278687,0.2779828011989593,0.0573367401957511,0.9405080080032348,0.5032358765602112,0.2726530730724334,0.0534777380526065,0.7278679013252258,0.5187050700187683,0.2678660750389099,0.0588406361639499,0.5889036655426025,0.4995964169502258,0.2426142692565918,-0.0231737550348043,0.9467176795005798,0.5172886848449707,0.244632601737976,-0.0159509647637605,0.9285025596618652,sujin_pick_up_variation_04,11.0494468,10.9088476,10.7553708,11.2348588,11.445207,11.9280412,11.4991672,11.321788800000002,10.5683388,9.8026534,10.1726608,10.5812888,11.0943624,11.3588204,11.2682136,10.7111134,9.1913344,9.147358,10.9111246,13.2166898,14.685321399999998,15.598236600000002,15.6998176,15.272517,14.262509799999998,13.1057164,17.971481,18.004911600000003,20.0200176,21.1791724,21.8145866,21.14193,20.1426332,17.289255200000003,14.614629,12.0939284,12.2428062,13.4392514,13.985219,14.1878938,14.1671916,13.912503199999998,13.0245468,12.5080136,12.7664294,13.0444868,13.324749400000002,13.376298600000002,13.4618582,12.9814346,12.8350278,11.954899,19.311236,19.300842000000003,18.4283794,16.745129,15.1478596,13.1085084,11.2653902,10.3089816,10.6257166,10.9506,12.056093,12.366762,12.6207176,13.200714599999998,13.4962076,14.247621,14.803831,15.2304204,15.0561502,14.398676,13.536027,12.9971434,13.0153498,13.817930999999998,14.51017,14.624434399999998,10.0295314,9.1348602,9.2668692,10.8740874,12.4150622,13.637944999999998,14.1533466,13.8776522,13.298970399999998,12.4059968,11.608169,11.4621976,11.3254662,11.036102199999998,10.3014728,9.7757014,9.1453582,7.9349198,8.4508072,9.9127332,12.2374574,14.5051016,16.624252,18.207437,18.8335396,19.1893414,17.184434399999997,15.260165999999998,13.042118,10.310721999999998,7.6833952,5.7714602,5.0731014000000005,4.9507566,5.3086408,5.658887,5.952011000000001,5.5746034,5.5526918,5.302884,5.0606892000000006,4.9791422,5.3110506,5.605798399999999,6.1238482,6.451573000000001,6.8719802,6.8255928,6.8255442,6.443778399999999,6.1496828,5.4551964,14.1872412,14.9057368,16.6453,18.9902276,20.9694434,22.8827468,24.4184574,24.6361036,23.9242006,22.9764212,21.2854916,19.7001152,17.8626086,16.3877776,14.912935,13.083037399999998,11.437850999999998,10.1613688,9.5555366,10.384156999999998,11.7294508,14.071125599999998,16.198589,17.946518599999997,18.8808208,18.896770000000004
sujin_pick_up_variation_04,282,94,9.401236842105265,29.9960531509012,10,0.5084331631660461,0.6694782376289368,-0.2141817212104797,0.9999822378158568,0.5049611926078796,0.6778656244277954,-0.2058013826608657,0.99994295835495,0.502742350101471,0.6774930953979492,-0.2057888060808181,0.9999427199363708,0.5013836622238159,0.677217423915863,-0.2057930529117584,0.9999303221702576,0.5112308263778687,0.6781390309333801,-0.2072556465864181,0.9999518394470216,0.5129881501197815,0.6781554818153381,-0.2072738260030746,0.9999552369117736,0.5151287317276001,0.6778029203414917,-0.2072623074054718,0.9999524354934692,0.498665302991867,0.6716655492782593,-0.1423959583044052,0.9998752474784852,0.5175365805625916,0.6720648407936096,-0.1504110842943191,0.999908685684204,0.5046183466911316,0.6590207815170288,-0.1894149929285049,0.999968409538269,0.5126964449882507,0.6597940921783447,-0.1917402297258377,0.999973475933075,0.4836687743663788,0.6142935752868652,-0.0866216644644737,0.9999454617500304,0.5329903960227966,0.6103800535202026,-0.0948911011219024,0.9999208450317384,0.4775039255619049,0.5438480973243713,-0.0479431636631488,0.9796261191368104,0.5372211337089539,0.5381394624710083,-0.0622246749699115,0.9879854917526244,0.4762454330921173,0.4813016057014465,-0.095600850880146,0.9716475009918212,0.537945568561554,0.4737413823604584,-0.1018550023436546,0.9717541337013244,0.4744057655334472,0.4619044065475464,-0.1108304113149643,0.9524351954460144,0.540249764919281,0.4540296792984009,-0.1167607009410858,0.9393812417984008,0.4775280058383941,0.4613575041294098,-0.1297362595796585,0.9556960463523864,0.5364643335342407,0.4535249173641205,-0.1350861489772796,0.9433579444885254,0.4789667725563049,0.4674696922302246,-0.1037868931889534,0.9490267038345336,0.5344374179840088,0.4602563083171844,-0.1094498261809349,0.9337132573127748,0.4960789382457733,0.4909157156944275,0.0015075489645823,0.9996278285980223,0.5237464904785156,0.4896067380905151,-0.0015677724732086,0.9995555877685548,0.4959974288940429,0.3786780834197998,-0.0086386948823928,0.9608221650123596,0.5210230350494385,0.3797596991062164,-0.0097689386457204,0.9490285515785216,0.5002173781394958,0.2806329131126404,0.0505884811282157,0.9546627402305604,0.5185582041740417,0.2776868641376495,0.0546868070960044,0.9427834749221802,0.5032792687416077,0.2721647918224334,0.0517360568046569,0.7340438365936279,0.5186854600906372,0.2675640881061554,0.0561080053448677,0.5934332609176636,0.4995962381362915,0.2420530766248703,-0.0250705983489751,0.9491978883743286,0.5173356533050537,0.2444016635417938,-0.0189992450177669,0.931065022945404,sujin_pick_up_variation_04,17.117243,17.262677,16.492423,15.524175,12.649111,10.77033,8.544004,5.385165,3.162278,2.236068,4.123106,6.324555,9.486833,12.369317,13.341664,15.297059,17.029386,17.0,16.124515,14.317821,12.083046,9.433981,7.211103,5.0,4.242641,5.0,1.0,4.0,8.246211,13.341664,17.262677,20.396078,22.203603,22.203603,22.090722,20.024984,18.027756,15.033296,12.165525,9.219544,7.615773,5.0,5.09902,6.324555,7.81025,9.219544,11.661904,14.317821,14.866069,15.297059,17.117243,11.8084015,17.0219595,17.845036999999998,17.704061,16.4469125,15.0856325,14.231068,12.5164105,10.972527,11.8011625,11.750483,11.7216745,11.726812,11.675675,11.744962,12.3546655,12.7550785,13.962961,14.556216,15.350513,15.0484705,14.84483,14.8072635,14.458918999999998,14.6438485,14.8432715,14.008972,11.545749,10.3216585,11.670049,11.746428,13.7201535,13.706967,14.0270695,13.6565535,12.03962,10.8166535,10.0,9.865033,10.0743865,9.79021,9.994937,9.972879,9.5262385,9.106335,8.9142135,10.75484,12.43601,14.192246,16.378455,17.322037,17.366101,16.664474,21.470911,18.867962,14.422205,10.816654,7.615773,6.082763,5.385165,5.656854,6.403124,7.211103,8.062258,8.062258,8.062258,7.615773,7.28011,7.28011,7.071068,8.062258,8.062258,8.246211,8.544004,8.544004,8.544004,7.615773,5.830952,5.0,14.0,14.317821,16.155494,19.235384,22.825424,25.059928,26.832816,28.231188,28.460499,27.892651,25.317978,24.186773,21.095023,18.027756,16.03122,14.142136,11.18034,9.848858,9.219544,9.433981,11.401754,15.297059,19.235384,21.587033,24.041631,24.351591
sujin_pick_up_variation_04,285,95,9.50125,29.9960531509012,10,0.5084579586982727,0.6693524718284607,-0.2121016979217529,0.999983847141266,0.5049957036972046,0.6777524948120117,-0.2033930718898773,0.9999479651451112,0.5027981400489807,0.6773830652236938,-0.2033829241991043,0.9999477863311768,0.5014589428901672,0.6770936250686646,-0.2033866792917251,0.9999366402626038,0.5112645626068115,0.6780542135238647,-0.204770803451538,0.9999558329582214,0.513039231300354,0.6780816912651062,-0.2047889679670334,0.999958872795105,0.5151820778846741,0.6777446866035461,-0.2047789990901947,0.9999563097953796,0.4987408518791199,0.6715460419654846,-0.1395338177680969,0.9998860359191896,0.517629086971283,0.6720183491706848,-0.1472697108983993,0.9999158382415771,0.5046587586402893,0.6589440107345581,-0.1871645748615265,0.9999712109565736,0.5127379894256592,0.6597310304641724,-0.1893790364265442,0.9999757409095764,0.4837440848350525,0.6143021583557129,-0.08454430103302,0.9999500513076782,0.5331411957740784,0.6102839112281799,-0.0922792255878448,0.9999247789382936,0.477497786283493,0.5438511371612549,-0.0469492673873901,0.9811795949935912,0.5372505187988281,0.5378289222717285,-0.0604104027152061,0.9882920980453492,0.4761931002140045,0.4813400208950043,-0.0945099368691444,0.9737532734870912,0.5380030870437622,0.4735051393508911,-0.1015802919864654,0.9725363850593568,0.4742370247840881,0.4619125723838806,-0.1098052784800529,0.9550448656082152,0.54029381275177,0.4538601338863373,-0.116138182580471,0.940824031829834,0.4774287939071655,0.4613611102104187,-0.1285841912031173,0.958192765712738,0.5366097688674927,0.4532689452171325,-0.1348882317543029,0.9447295665740968,0.4788967072963714,0.4674747288227081,-0.1025988012552261,0.9516375064849854,0.5346440076828003,0.4600101411342621,-0.1092747002840042,0.9352989792823792,0.4961468279361725,0.4908942878246307,0.0015468039782717,0.9996435642242432,0.5238542556762695,0.4895476102828979,-0.0016068369150161,0.9995713829994202,0.4960399270057678,0.3786434233188629,-0.007656424306333,0.9626368284225464,0.5209868550300598,0.3798016905784607,-0.0096387676894664,0.9509414434432985,0.5001806020736694,0.2805297672748565,0.0519045814871788,0.95728200674057,0.5185564160346985,0.2776056230068207,0.0549526400864124,0.9449111819267272,0.503274142742157,0.2720886766910553,0.0534707345068454,0.7394121289253235,0.5186726450920105,0.2673993706703186,0.0566189363598823,0.5978217124938965,0.49960458278656,0.2416977733373642,-0.0233387742191553,0.9514591693878174,0.5173712372779846,0.2442716807126999,-0.0188956093043088,0.933472216129303,sujin_pick_up_variation_04,8.944272,7.071068,7.28011,8.485281,10.0,11.18034,13.0,13.601471,14.56022,14.56022,14.56022,13.601471,12.649111,11.18034,9.433981,7.071068,4.472136,3.605551,6.082763,10.198039,13.0,16.124515,17.804494,19.104973,18.601075,17.888544,24.596748,26.0,26.570661,27.202941,25.0,21.587033,17.262677,12.369317,7.615773,3.162278,5.0,8.602325,11.661904,13.892444,15.652476,17.888544,17.888544,18.384776,18.027756,17.720045,17.262677,16.03122,15.033296,13.341664,13.0,11.661904,6.403124,9.433981,12.083046,14.866069,16.155494,16.552945,17.0,16.124515,14.422205,13.601471,12.206556,10.0,8.062258,6.324555,6.0,6.708204,8.602325,10.630146,13.601471,15.264338,16.643317,18.027756,17.492856,15.264338,14.422205,11.661904,15.652476,17.0,17.888544,17.492856,16.643317,15.264338,11.661904,8.944272,6.324555,4.0,3.605551,4.472136,7.071068,9.219544,10.198039,12.649111,13.928388,15.652476,16.124515,17.204651,17.804494,17.029386,15.620499,12.806248,10.816654,7.28011,21.260292,18.384776,14.866069,11.313708,7.81025,5.09902,5.09902,5.830952,6.403124,7.81025,7.81025,7.81025,7.81025,7.211103,7.211103,7.615773,8.246211,8.062258,8.0,9.0,9.055385,9.055385,8.246211,7.28011,6.324555,5.656854,13.601471,14.142136,16.03122,19.235384,22.561028,25.317978,27.294688,28.071338,28.017851,27.018512,25.179357,23.345235,20.396078,18.439089,16.492423,13.341664,11.045361,9.055385,8.544004,9.899495,11.661904,15.652476,18.788294,21.470911,24.186773,24.413111
sujin_pick_up_variation_04,288,96,9.601263157894737,29.9960531509012,10,0.5085079073905945,0.6692097783088684,-0.2120061814785003,0.9999852776527404,0.5050323605537415,0.6776273846626282,-0.2035633623600006,0.999952495098114,0.5028510093688965,0.677262008190155,-0.2035526186227798,0.9999523162841796,0.501524031162262,0.6769523024559021,-0.2035563737154007,0.9999423027038574,0.5113122463226318,0.6779593825340271,-0.2048691660165786,0.999959409236908,0.5131041407585144,0.6779965162277222,-0.2048878371715545,0.9999621510505676,0.5152519345283508,0.6776729226112366,-0.2048773467540741,0.9999598264694214,0.4987902343273163,0.6714017987251282,-0.140431597828865,0.9998956322669984,0.5177236199378967,0.6719702482223511,-0.1476744562387466,0.9999222755432128,0.5047182440757751,0.6588325500488281,-0.1873227953910827,0.999973714351654,0.5127970576286316,0.6596487164497375,-0.189440056681633,0.9999777674674988,0.4837957918643951,0.6143036484718323,-0.0853713899850845,0.999954104423523,0.533221423625946,0.610260546207428,-0.0926634147763252,0.9999284148216248,0.4774733781814575,0.5438171029090881,-0.0478812418878078,0.9825700521469116,0.5372790098190308,0.5375545024871826,-0.0604081414639949,0.9886130690574646,0.4761614799499511,0.4813262522220611,-0.0951495394110679,0.9755978584289552,0.5380275845527649,0.4731938242912292,-0.101190336048603,0.9733076095581056,0.4741376638412475,0.4619034230709076,-0.1106466725468635,0.9572461247444152,0.5404214859008789,0.4536772072315216,-0.1160324662923812,0.9422465562820436,0.4773953557014465,0.4613599181175232,-0.1293755322694778,0.9603013396263124,0.5368039011955261,0.4528241455554962,-0.1344995945692062,0.946073055267334,0.4788782000541687,0.4674659669399261,-0.1032328233122825,0.953825294971466,0.5348067879676819,0.4595374763011932,-0.1088081523776054,0.9368402361869812,0.4962064921855926,0.4908476173877716,0.0015826821327209,0.9996572732925416,0.523946225643158,0.4895298779010772,-0.0016408215742558,0.9995851516723632,0.4960590004920959,0.3785523176193237,-0.0075148767791688,0.96427583694458,0.5209665894508362,0.3799014985561371,-0.0094987386837601,0.952768325805664,0.5000631213188171,0.2804628014564514,0.0526235476136207,0.9596499800682068,0.5185614228248596,0.2776498794555664,0.0550061352550983,0.9468791484832764,0.5032144784927368,0.2718870043754577,0.0543572306632995,0.7443467974662781,0.5186567306518555,0.2673724293708801,0.0567717440426349,0.6016688942909241,0.4995786845684051,0.2412124872207641,-0.0224524494260549,0.9535351991653442,0.5173916816711426,0.2442369014024734,-0.0183358266949653,0.9357033967971802,sujin_pick_up_variation_04,17.0,15.652476,14.866069,14.56022,12.369317,10.198039,8.062258,5.0,2.0,1.0,2.236068,5.385165,7.615773,10.77033,13.0,15.231546,16.552945,18.35756,18.601075,18.439089,16.278821,14.422205,10.77033,8.062258,6.324555,5.0,4.0,2.0,5.0,10.0,14.422205,18.867962,21.633308,23.600847,23.600847,22.803509,22.022716,19.209373,15.620499,13.601471,10.816654,7.615773,6.082763,4.472136,5.0,7.071068,9.055385,10.440307,12.083046,13.038405,14.21267,15.620499,6.324555,9.433981,12.206556,14.422205,15.811388,16.643317,16.124515,15.652476,14.317821,13.0,10.77033,9.848858,8.062258,7.071068,6.708204,7.071068,9.055385,11.401754,13.928388,16.155494,17.464249,18.384776,18.027756,17.088007,14.866069,12.083046,14.56022,15.811388,17.720045,17.464249,16.278821,14.317821,12.165525,9.055385,6.082763,3.605551,2.236068,3.605551,5.0,7.81025,8.602325,10.816654,12.529964,13.0,14.866069,15.524175,15.297059,15.132746,13.152946,12.165525,9.219544,5.830952,7.0,9.219544,10.440307,11.401754,11.401754,10.198039,9.219544,8.246211,7.071068,6.082763,5.09902,3.605551,2.828427,3.605551,3.162278,3.0,3.162278,3.605551,3.605551,5.0,5.830952,5.385165,6.324555,7.28011,8.246211,8.544004,20.396078,21.84033,22.472205,23.259407,21.954498,19.723083,17.492856,14.764823,12.649111,11.18034,10.0,10.049876,11.401754,11.7047,12.083046,13.416408,14.764823,15.652476,16.552945,16.552945,16.155494,15.811388,13.601471,11.7047,8.944272,6.403124
sujin_pick_up_variation_04,291,97,9.701276315789476,29.9960531509012,10,0.5086374878883362,0.6692184805870056,-0.2129383832216262,0.9999865889549256,0.5051409006118774,0.6776213049888611,-0.2045301645994186,0.9999565482139589,0.5029534697532654,0.6772517561912537,-0.204519435763359,0.9999564290046692,0.5016135573387146,0.676941454410553,-0.2045238614082336,0.999947428703308,0.5114166140556335,0.6779585480690002,-0.2057182788848877,0.9999626278877258,0.5132058262825012,0.6779972314834595,-0.2057377249002456,0.9999651312828064,0.5153525471687317,0.6776750087738037,-0.2057272493839264,0.9999629855155944,0.4988645315170288,0.6713777184486389,-0.1413855105638504,0.9999043345451356,0.5178102254867554,0.6719728708267212,-0.1480615139007568,0.999928057193756,0.5048195123672485,0.6588349938392639,-0.1883268356323242,0.9999759793281556,0.5129075050354004,0.6596567630767822,-0.1902875155210495,0.9999796152114868,0.4838146269321441,0.6142855882644653,-0.0864565819501876,0.9999576807022096,0.5332691073417664,0.6102800369262695,-0.0929731056094169,0.9999315142631532,0.4774559438228607,0.5436045527458191,-0.0494746565818786,0.9838058352470398,0.5373471975326538,0.5375458002090454,-0.0606759674847126,0.9888296127319336,0.4761417508125305,0.4812225997447967,-0.0970974639058113,0.9771525859832764,0.5380646586418152,0.473180890083313,-0.101539522409439,0.9737122654914856,0.4741041362285614,0.4618813991546631,-0.1128924041986465,0.9589443206787108,0.5404665470123291,0.4536337256431579,-0.1166044473648071,0.9429473876953124,0.4774208664894104,0.4613455832004547,-0.1316784173250198,0.9619393348693848,0.5369589924812317,0.4527084231376648,-0.134889543056488,0.9467384219169616,0.4788955450057983,0.4674569070339203,-0.1052043884992599,0.9554725289344788,0.5348986387252808,0.4593794047832489,-0.1091212332248687,0.9375943541526794,0.4962371587753296,0.4908529818058014,0.0016366447089239,0.99966961145401,0.5240039229393005,0.4894730150699615,-0.0016947319963946,0.9995976090431212,0.4960611462593078,0.3784857094287872,-0.0079826498404145,0.9656386375427246,0.5209426283836365,0.3802670240402221,-0.0095987534150481,0.9543637037277222,0.4999874830245971,0.2804174125194549,0.052908930927515,0.9617396593093872,0.5185578465461731,0.2777117490768432,0.0551085956394672,0.9486114978790284,0.50316321849823,0.2714416086673736,0.0546065382659435,0.7487659454345703,0.5186408162117004,0.267359584569931,0.0568319447338581,0.6052883863449097,0.4995061457157135,0.2408740818500518,-0.0222811866551637,0.9553691148757936,0.5173870921134949,0.2442564219236374,-0.0181518886238336,0.9376420974731444,sujin_pick_up_variation_04,16.552945,17.088007,16.763055,14.56022,13.341664,10.198039,8.062258,5.09902,3.0,3.0,5.09902,8.062258,10.198039,12.369317,14.56022,17.088007,17.464249,18.35756,17.204651,16.278821,13.453624,10.29563,7.28011,5.385165,4.472136,4.0,1.0,5.385165,9.848858,13.928388,17.888544,21.023796,22.36068,22.825424,22.825424,21.095023,18.867962,16.124515,13.416408,10.77033,8.246211,6.082763,4.242641,6.324555,8.0,10.198039,11.7047,12.529964,15.0,15.556349,15.620499,14.761373,26.683328,25.96151,21.18962,18.973666,13.601471,10.198039,7.0,5.830952,7.81025,9.848858,11.7047,14.317821,15.652476,16.124515,18.027756,18.027756,18.601075,17.204651,15.811388,13.416408,11.7047,10.0,10.77033,12.806248,14.866069,16.401219,8.062258,5.385165,4.472136,6.324555,9.848858,12.529964,16.124515,17.888544,18.384776,18.681542,18.439089,17.117243,15.0,13.038405,11.18034,9.219544,6.324555,4.123106,2.828427,5.0,9.055385,13.038405,18.027756,22.0,26.019224,27.166155,7.615773,9.219544,10.630146,12.806248,12.806248,11.401754,10.816654,10.0,7.81025,7.071068,5.0,4.472136,4.123106,5.0,5.09902,4.472136,5.0,5.656854,6.403124,7.615773,8.544004,9.219544,10.198039,11.045361,12.041595,12.165525,23.194827,25.019992,27.018512,26.172505,25.495098,22.561028,20.615528,17.464249,14.142136,13.0,11.401754,11.18034,11.661904,12.041595,13.453624,14.866069,15.556349,16.970563,17.691806,18.439089,17.804494,17.204651,14.422205,12.206556,9.219544,6.708204
sujin_pick_up_variation_04,294,98,9.80128947368421,29.9960531509012,10,0.5087608695030212,0.6692301034927368,-0.2134791761636734,0.999987781047821,0.5052582025527954,0.6776250600814819,-0.2050522118806839,0.9999602437019348,0.5030602812767029,0.6772534251213074,-0.2050409615039825,0.9999601244926452,0.5017022490501404,0.6769444942474365,-0.2050455063581466,0.9999520778656006,0.511523962020874,0.6779624223709106,-0.206190600991249,0.9999655485153198,0.5133112668991089,0.6780014634132385,-0.2062095701694488,0.9999678134918212,0.515459418296814,0.6776793599128723,-0.2061980813741684,0.9999658465385436,0.4989491999149322,0.671379566192627,-0.1417007595300674,0.9999123811721802,0.5179013013839722,0.6719782948493958,-0.148153007030487,0.9999333024024964,0.5049219727516174,0.6588411927223206,-0.1888071149587631,0.9999780654907228,0.5130130648612976,0.659663200378418,-0.1907076686620712,0.9999812841415404,0.4838338494300842,0.6142644286155701,-0.0868897140026092,0.999960958957672,0.5333096981048584,0.6103096604347229,-0.0925630256533622,0.999934196472168,0.4774495363235473,0.543448805809021,-0.0496349819004535,0.9849380254745485,0.5374128818511963,0.5376714468002319,-0.0601944886147975,0.988934338092804,0.4761137664318084,0.4811108708381653,-0.0972160398960113,0.9785570502281188,0.5381110310554504,0.4734094440937042,-0.1013111174106597,0.9738281965255736,0.474090039730072,0.4618710577487945,-0.1130776703357696,0.96049565076828,0.5404922366142273,0.454043835401535,-0.1164749711751937,0.9431297183036804,0.4774483442306518,0.4613392055034637,-0.1319945901632309,0.9634347558021544,0.5370372533798218,0.452829509973526,-0.134739339351654,0.9469203352928162,0.4789085686206817,0.4674474895000458,-0.1053674966096878,0.9569790959358216,0.5349287390708923,0.45955491065979,-0.1089140176773071,0.9377968907356262,0.4962116479873657,0.4909967482089996,0.0016659717075526,0.9996804594993592,0.5239984393119812,0.4894936382770538,-0.0017280190950259,0.999608278274536,0.4960539638996124,0.3784378468990326,-0.0082327257841825,0.9669649004936218,0.5209375619888306,0.3804334998130798,-0.0092908134683966,0.955956757068634,0.4999116063117981,0.280377984046936,0.053179744631052,0.9637044072151184,0.518558144569397,0.2778486013412475,0.0555153861641883,0.9503415822982788,0.5031198859214783,0.2712050974369049,0.0548863001167774,0.7524795532226562,0.5186320543289185,0.2674432098865509,0.057140614837408,0.6095139384269714,0.4994897842407226,0.2404659390449524,-0.0222008191049098,0.9571173191070556,0.5173898339271545,0.2442220002412796,-0.0179055873304605,0.939578652381897,sujin_pick_up_variation_04,12.8595995,12.7496255,12.635542999999998,12.779248,13.0112605,12.8422585,12.391946,10.7286505,10.0586215,8.7693645,9.476471,10.3948,11.3722305,11.7836395,12.020889,11.947297,11.340865,11.0427505,12.5,14.6541345,15.4403285,15.824345,15.240341999999998,14.509267,13.201562,12.7799695,15.520632,15.435855,17.269962,19.39618,20.557439,21.148083,20.352129,18.601159000000003,16.531129,14.0364915,14.1515785,14.7340005,14.4332775,14.052557,13.7631345,12.849397,11.6368545,11.253941,11.513878,12.5000775,12.6394105,13.106818,13.6886665,14.286605,13.9118285,13.902247,6.324555,9.433981,12.206556,14.422205,15.811388,16.124515,16.124515,15.231546,14.317821,13.0,10.77033,9.848858,8.062258,7.071068,6.708204,8.062258,9.055385,11.401754,13.601471,15.811388,17.088007,18.384776,18.384776,16.155494,14.866069,12.083046,14.56022,16.492423,17.464249,17.464249,16.278821,14.142136,11.045361,9.055385,6.082763,3.162278,2.0,3.605551,5.0,7.211103,8.602325,10.816654,12.529964,13.0,14.866069,15.524175,16.278821,15.132746,14.142136,12.165525,9.219544,5.830952,21.587033,18.248288,15.132746,10.198039,7.28011,5.0,4.472136,5.0,6.082763,7.071068,7.28011,8.544004,7.615773,8.944272,8.062258,8.602325,9.219544,9.219544,9.899495,9.219544,9.219544,9.433981,8.062258,7.615773,6.324555,6.082763,13.601471,13.453624,15.264338,18.384776,21.540659,24.166092,26.400758,27.294688,28.301943,27.202941,24.839485,23.345235,21.213203,19.104973,16.278821,13.453624,11.313708,8.602325,8.246211,8.062258,10.77033,13.892444,17.492856,20.59126,22.36068,23.4094
sujin_pick_up_variation_04,297,99,9.901302631578949,29.9960531509012,10,0.5088285803794861,0.6692294478416443,-0.2137909680604934,0.999988853931427,0.5053380727767944,0.6776204705238342,-0.2053441405296325,0.9999635219573976,0.5031387805938721,0.6772477030754089,-0.2053331881761551,0.9999634623527528,0.5017761588096619,0.676941454410553,-0.2053372859954834,0.99995619058609,0.5116091966629028,0.677958607673645,-0.2064445465803146,0.9999681115150452,0.5134013891220093,0.6779987812042236,-0.2064635306596756,0.9999701976776124,0.5155574083328247,0.6776760816574097,-0.206451877951622,0.9999683499336244,0.499028205871582,0.6713820695877075,-0.1418373882770538,0.9999194741249084,0.5180115699768066,0.671981155872345,-0.1480969935655594,0.999937891960144,0.5049903988838196,0.6588404178619385,-0.1890606582164764,0.9999799132347108,0.5130802392959595,0.6596680283546448,-0.1909072548151016,0.9999827146530152,0.4838432669639587,0.6142615079879761,-0.0870502218604087,0.999963879585266,0.5333623290061951,0.6103389859199524,-0.0922823697328567,0.9999365210533142,0.4773846864700317,0.543330729007721,-0.0497459210455417,0.9859657287597656,0.5375356078147888,0.537773847579956,-0.0598849169909954,0.9890181422233582,0.4760908186435699,0.4808292388916015,-0.0974906831979751,0.9798212647438048,0.5381391048431396,0.4737627804279327,-0.1013578996062278,0.9739055633544922,0.4740655124187469,0.4618254005908966,-0.1133899390697479,0.9618968963623048,0.5406001210212708,0.4543772935867309,-0.1166297197341919,0.9432576298713684,0.4774415194988251,0.4612646102905273,-0.1324030011892318,0.9647839069366456,0.5372474193572998,0.453001320362091,-0.1349266916513443,0.9470511078834534,0.4788915514945984,0.467382550239563,-0.1056705042719841,0.9583467841148376,0.5350068807601929,0.4598429501056671,-0.1090035587549209,0.9379337430000304,0.4961927831172943,0.4910244941711426,0.0016708888579159,0.9996899962425232,0.5239945650100708,0.4894656836986542,-0.0017362096114084,0.9996171593666076,0.4960526525974273,0.3784020543098449,-0.0080479867756366,0.9682292342185974,0.5209181904792786,0.3804700672626495,-0.0087271966040134,0.9575148224830629,0.4998568892478943,0.280335783958435,0.0536396168172359,0.9655475616455078,0.5185596346855164,0.2780709266662597,0.0570459924638271,0.9520232081413268,0.5030544400215149,0.2710689306259155,0.0551925115287303,0.7560946941375732,0.5186266303062439,0.2676347494125366,0.0587988309562206,0.613977313041687,0.4994941353797912,0.2402477711439132,-0.0220222603529691,0.958791971206665,0.5173913836479187,0.2442539632320404,-0.0166301149874925,0.9414947628974916,sujin_pick_up_variation_04,17.464249,17.720045,17.464249,16.278821,14.142136,11.045361,9.0,6.0,2.236068,1.0,3.162278,6.324555,9.486833,11.7047,14.56022,16.763055,19.313208,20.124612,20.248457,20.0,18.384776,15.0,12.083046,9.055385,6.324555,5.0,4.0,2.0,5.656854,10.816654,15.264338,19.723083,23.323808,25.238859,25.238859,25.0,22.803509,21.400935,17.804494,14.422205,11.661904,8.544004,6.0,4.472136,5.830952,7.071068,9.055385,10.77033,12.529964,14.21267,15.556349,16.643317,6.708204,9.219544,12.041595,14.21267,14.866069,16.278821,15.620499,14.21267,13.601471,12.206556,10.816654,10.0,7.071068,6.403124,6.324555,7.0,8.544004,11.18034,13.892444,15.264338,16.643317,17.492856,18.027756,15.811388,14.422205,11.401754,15.556349,16.278821,17.691806,17.029386,17.029386,15.0,12.206556,9.433981,6.403124,3.605551,3.0,4.242641,5.830952,8.062258,9.433981,11.401754,12.727922,14.866069,15.620499,16.643317,16.124515,15.652476,15.652476,12.529964,9.433981,7.071068,20.223748,18.11077,15.033296,11.0,7.071068,4.472136,4.472136,5.09902,6.0,7.071068,7.28011,7.28011,8.246211,8.544004,8.944272,8.944272,8.602325,9.219544,9.219544,9.219544,9.899495,9.219544,8.602325,8.062258,6.324555,6.0,13.601471,13.453624,15.264338,18.788294,21.931712,25.079872,26.832816,27.784888,28.017851,27.018512,24.758837,23.345235,21.260292,18.439089,16.401219,14.21267,12.041595,9.219544,7.615773,8.0,10.440307,14.317821,17.0,20.124612,22.847319,23.4094
sujin_pick_up_variation_04,300,100,10.001315789473685,29.9960531509012,10,0.5088685750961304,0.6692062616348267,-0.213275745511055,0.9999897480010986,0.5053814053535461,0.6775974035263062,-0.204828530550003,0.9999664425849916,0.5031894445419312,0.6772215962409973,-0.2048178166151046,0.9999663829803468,0.5018287897109985,0.6769113540649414,-0.2048215270042419,0.9999598860740662,0.5116613507270813,0.6779441237449646,-0.2059311270713806,0.9999704360961914,0.5134628415107727,0.6779851317405701,-0.2059499472379684,0.9999722838401794,0.5156258940696716,0.6776615977287292,-0.2059386670589447,0.999970555305481,0.4990818798542022,0.6713604927062988,-0.1414687931537628,0.99992573261261,0.5181021690368652,0.6719756722450256,-0.1476624011993408,0.999941885471344,0.5050458312034607,0.6588139533996582,-0.1885785162448883,0.9999815225601196,0.5131287574768066,0.6596576571464539,-0.1904255300760269,0.9999840259552002,0.4838658571243286,0.6142638921737671,-0.0867735296487808,0.999966561794281,0.5334342122077942,0.6103546619415283,-0.092024341225624,0.9999387860298156,0.4773010015487671,0.5433439016342163,-0.0496202372014522,0.9869068264961244,0.5376588106155396,0.5377658605575562,-0.0596713908016681,0.989151418209076,0.4760814905166626,0.4805370271205902,-0.0975016877055168,0.98100483417511,0.5382214188575745,0.4737813472747803,-0.1012259647250175,0.9741942286491394,0.4740375578403473,0.4617445468902588,-0.1134006306529045,0.963268220424652,0.5407596826553345,0.4543429911136627,-0.1165196374058723,0.9438170194625854,0.4774155020713806,0.4611549973487854,-0.1323893517255783,0.9660966396331788,0.5374828577041626,0.4529691338539123,-0.1347983032464981,0.9475806951522828,0.4788680076599121,0.4672822654247284,-0.1056634038686752,0.9596983194351196,0.5352137088775635,0.4598274827003479,-0.1088687181472778,0.9385181665420532,0.4962118566036224,0.4910203814506531,0.0016971831209957,0.9996995329856871,0.5240594744682312,0.4894480407238006,-0.0017642130842432,0.9996259212493896,0.4960495829582214,0.378369390964508,-0.0081902081146836,0.969330906867981,0.5209076404571533,0.3806741535663605,-0.0089103318750858,0.958845317363739,0.4998144805431366,0.2803139388561249,0.0536110736429691,0.9671486020088196,0.5185591578483582,0.278306096792221,0.0570814833045005,0.9534505009651184,0.5030171871185303,0.270943284034729,0.0551642812788486,0.759066104888916,0.5186221599578857,0.2679048180580139,0.0588436536490917,0.6173202991485596,0.4994960129261017,0.2397869229316711,-0.0220218002796173,0.9602360725402832,0.5173889398574829,0.2442618459463119,-0.0165135897696018,0.9431717991828918,sujin_pick_up_variation_04,7.615773,6.403124,7.071068,9.219544,11.7047,13.892444,15.264338,16.643317,18.027756,17.204651,16.643317,15.811388,15.264338,12.529964,10.77033,8.246211,4.123106,2.236068,5.656854,10.29563,13.601471,17.262677,19.104973,20.024984,20.396078,18.973666,26.400758,28.653098,29.154759,29.154759,27.45906,23.600847,18.601075,13.601471,7.615773,4.0,5.385165,9.0,11.18034,14.317821,15.297059,17.464249,17.720045,17.720045,17.088007,17.464249,16.124515,15.620499,14.866069,13.038405,12.649111,11.045361,6.082763,9.848858,12.529964,14.764823,15.652476,16.552945,16.155494,14.866069,13.601471,12.649111,11.401754,9.486833,7.615773,7.211103,6.403124,7.28011,9.0,12.041595,14.317821,16.492423,17.720045,18.681542,17.464249,16.492423,14.56022,11.7047,15.297059,16.278821,17.262677,17.117243,16.124515,14.035669,12.041595,9.055385,6.082763,4.123106,2.236068,3.162278,5.0,7.211103,9.433981,11.18034,12.083046,13.601471,14.56022,15.297059,16.124515,15.0,14.0,12.041595,9.055385,6.324555,6.403124,7.81025,9.219544,10.630146,10.630146,9.899495,9.219544,7.81025,6.403124,5.830952,4.472136,4.123106,4.0,4.123106,4.472136,4.472136,4.242641,5.0,5.385165,6.324555,7.071068,8.062258,8.0,9.055385,10.0,10.0,18.681542,20.396078,22.090722,22.0,21.023796,19.104973,16.124515,14.035669,12.0,10.049876,8.544004,9.433981,9.219544,9.899495,11.401754,12.206556,12.206556,13.601471,15.0,15.620499,14.866069,14.142136,12.727922,9.899495,7.81025,5.385165
sujin_pick_up_variation_04,303,101,10.10132894736842,29.9960531509012,10,0.5088728666305542,0.6691152453422546,-0.2148310095071792,0.9999905824661256,0.5053877234458923,0.6775356531143188,-0.2065770030021667,0.9999690651893616,0.5032041668891907,0.6771643161773682,-0.206566035747528,0.9999690055847168,0.5018537044525146,0.6768477559089661,-0.206569567322731,0.9999631643295288,0.5116794109344482,0.677892804145813,-0.2076164633035659,0.9999725222587584,0.5134881138801575,0.6779366731643677,-0.2076372653245926,0.9999741911888124,0.5156514644622803,0.677618145942688,-0.2076268792152404,0.9999725818634032,0.4991047084331512,0.6713188290596008,-0.1436572968959808,0.999931275844574,0.5181460976600647,0.671952486038208,-0.1495974212884903,0.99994558095932,0.5050607919692993,0.658737063407898,-0.1902634352445602,0.999983012676239,0.5131386518478394,0.659600555896759,-0.1920334249734878,0.9999852180480956,0.483891874551773,0.6142873167991638,-0.0884567275643348,0.9999688863754272,0.5334776639938354,0.6103675365447998,-0.094175212085247,0.9999407529830932,0.4771749377250671,0.5433880686759949,-0.0510204620659351,0.9877668023109436,0.537758469581604,0.537732720375061,-0.0617265775799751,0.989342212677002,0.4760672748088836,0.4802820980548858,-0.0982739850878715,0.9820932149887084,0.5383538007736206,0.4737501740455627,-0.103057861328125,0.9745107889175416,0.4740188419818878,0.4616450369358063,-0.1140071675181388,0.9645279049873352,0.5408973097801208,0.4542356133460998,-0.1182518377900123,0.944370687007904,0.4773980975151062,0.4610244035720825,-0.1329342573881149,0.9673014283180236,0.5376164317131042,0.4527501761913299,-0.1364322304725647,0.9480982422828674,0.4788521528244018,0.4671339988708496,-0.1063597574830055,0.960946559906006,0.5353590250015259,0.4596158266067505,-0.1106277853250503,0.9390905499458312,0.4962259829044342,0.4910434782505035,0.0017251016106456,0.99970680475235,0.5240908265113831,0.4894265532493591,-0.0017950074980035,0.9996328353881836,0.4960350096225738,0.3783445954322815,-0.0082856230437755,0.9702290892601012,0.5208824872970581,0.380859375,-0.0090524489060044,0.9599976539611816,0.4997879862785339,0.2802925407886505,0.0535064972937107,0.9684754610061646,0.5185620188713074,0.2785046398639679,0.0569003783166408,0.9546667337417604,0.5030053853988647,0.2707578241825104,0.055045124143362,0.762016773223877,0.5186113119125366,0.2680367231369018,0.0587010718882083,0.6196131706237793,0.4994954466819763,0.2395536601543426,-0.0219083409756422,0.9613954424858092,0.5173820853233337,0.2443040609359741,-0.0165737681090831,0.944534182548523,sujin_pick_up_variation_04,7.615773,6.0,5.830952,8.062258,9.486833,12.369317,13.152946,14.035669,15.033296,15.033296,15.132746,13.152946,12.165525,10.440307,8.544004,6.403124,4.472136,4.242641,7.28011,11.0,14.142136,16.763055,17.888544,18.601075,18.439089,17.029386,23.086793,24.738634,25.495098,25.317978,23.345235,20.223748,16.124515,11.18034,6.324555,3.162278,4.242641,8.062258,10.816654,12.529964,14.764823,15.652476,16.552945,17.088007,16.763055,16.492423,16.03122,15.0,14.142136,13.601471,12.529964,10.816654,7.81025,10.77033,12.649111,14.56022,16.492423,16.763055,17.088007,15.231546,14.764823,13.892444,12.529964,10.29563,8.944272,7.28011,7.0,7.615773,8.602325,11.313708,13.601471,15.811388,16.643317,17.204651,16.643317,15.811388,13.601471,10.816654,13.601471,14.866069,16.155494,16.155494,15.231546,13.416408,9.848858,7.615773,5.385165,3.0,2.236068,4.0,7.0,9.0,10.0,12.041595,13.341664,14.56022,15.811388,16.155494,17.0,16.124515,14.422205,12.529964,9.848858,7.071068,13.768879,13.2506735,12.28011,10.2201535,8.943861,7.957837,6.838310999999999,6.7237115,6.2429435,6.035534,6.1524495,5.8027755,5.581139,5.531129,5.612268,5.925881,6.3933225,7.424429,7.6170115,8.0867065,8.683349,8.7481195,9.109772,8.905125,8.701562,9.1622775,18.3819115,19.3928235,20.3202455,21.7820665,22.795671,23.3221085,23.2584705,22.891927,21.7790435,20.1014705,18.3671025,17.2384345,16.34285,15.759882,14.480871,14.070529,13.4745575,12.856401,12.419818,13.174249,14.1023255,15.3927265,15.842441,16.215152,15.655133,15.201562
sujin_pick_up_variation_04,306,102,10.20134210526316,29.9960531509012,10,0.5088680982589722,0.668904721736908,-0.2145510166883468,0.9999912977218628,0.505384624004364,0.6774290800094604,-0.2063623070716858,0.9999712705612184,0.5032046437263489,0.6770899295806885,-0.2063521891832351,0.9999712109565736,0.5018625259399414,0.6767843961715698,-0.2063569128513336,0.9999659657478333,0.511684238910675,0.6777413487434387,-0.2073931694030761,0.9999741911888124,0.5135010480880737,0.6777777075767517,-0.2074135392904281,0.9999756813049316,0.51566481590271,0.6774526834487915,-0.2074036747217178,0.9999741315841676,0.4991031885147095,0.671312153339386,-0.1435694098472595,0.9999359846115112,0.5181581974029541,0.6718609929084778,-0.149405375123024,0.9999483227729796,0.5050565600395203,0.6586204767227173,-0.1899896264076233,0.9999842643737792,0.5131341814994812,0.6594429612159729,-0.1917380541563034,0.999986171722412,0.48389333486557,0.6143743395805359,-0.0882665440440177,0.9999709129333496,0.5334530472755432,0.6104370951652527,-0.0943883284926414,0.999941885471344,0.4771590530872345,0.5433899760246277,-0.0510758347809314,0.9884845614433287,0.5377709269523621,0.5377371311187744,-0.0625544860959053,0.9894316792488098,0.4760547876358032,0.4801840186119079,-0.0981610491871833,0.983010470867157,0.5383695363998413,0.4736728370189667,-0.1035564169287681,0.9744744896888732,0.474000871181488,0.4616315960884094,-0.113866351544857,0.9655184745788574,0.5409153699874878,0.4540609717369079,-0.1186564266681671,0.9442123770713806,0.4773806035518646,0.4610184133052826,-0.1327945739030838,0.9682611227035522,0.5376253724098206,0.4524482190608978,-0.1367935389280319,0.947954535484314,0.4788356721401214,0.467111736536026,-0.1062532663345336,0.9619197845458984,0.535369873046875,0.4593498706817627,-0.1111124828457832,0.9389469623565674,0.4962566792964935,0.4911353290081024,0.0017795028397813,0.999710977077484,0.5241121053695679,0.4894621074199676,-0.0018513612449169,0.9996351003646852,0.4960271120071411,0.3784470558166504,-0.0085465880110859,0.9706836342811584,0.5208069682121277,0.3811811208724975,-0.0091408900916576,0.9605119824409484,0.4997756779193878,0.2802557051181793,0.0516689456999301,0.9693168997764589,0.5185617208480835,0.2786127924919128,0.0553195104002952,0.954993724822998,0.5030043721199036,0.2707446813583374,0.0530757121741771,0.7619946599006653,0.5186043977737427,0.2680786252021789,0.0571023263037204,0.617964506149292,0.4995036721229553,0.2394194453954696,-0.023759501054883,0.9619601368904114,0.5172774791717529,0.2443163245916366,-0.0183289535343647,0.9448642134666444,sujin_pick_up_variation_04,18.867962,20.124612,19.313208,17.464249,15.811388,12.649111,10.198039,6.082763,3.0,1.0,2.236068,5.830952,8.944272,11.7047,14.317821,17.0,19.235384,20.248457,20.615528,19.79899,17.804494,15.264338,11.401754,9.055385,7.211103,6.708204,5.09902,2.828427,5.385165,9.433981,14.422205,18.867962,22.203603,24.413111,23.853721,23.853721,22.472205,20.248457,17.204651,14.422205,10.630146,7.81025,5.385165,4.123106,5.0,7.28011,9.0,11.18034,12.649111,13.892444,16.401219,16.970563,26.07681,25.059928,21.470911,18.788294,13.416408,9.433981,6.403124,6.082763,7.071068,8.544004,11.18034,13.0,14.866069,15.811388,17.720045,17.464249,18.439089,16.492423,15.524175,13.0,10.816654,10.0,10.198039,13.038405,15.132746,16.492423,7.81025,5.385165,5.385165,6.403124,10.77033,13.928388,15.811388,17.464249,18.788294,18.867962,18.027756,17.029386,15.556349,13.601471,11.661904,9.433981,7.211103,5.0,3.162278,5.0,9.219544,13.453624,17.691806,22.627417,25.495098,27.018512,22.0,19.104973,16.124515,12.041595,8.0,6.324555,5.0,5.385165,6.082763,7.071068,7.071068,8.0,8.0,8.062258,7.071068,7.28011,7.615773,8.944272,9.433981,9.433981,8.602325,8.602325,7.81025,7.071068,5.830952,5.09902,14.764823,15.0,15.620499,19.416488,22.472205,26.07681,28.017851,29.206164,29.732137,28.284271,26.248809,25.0,22.203603,19.416488,17.492856,15.264338,12.206556,9.899495,9.433981,9.219544,11.18034,14.56022,18.973666,20.880613,23.769729,24.33105
sujin_pick_up_variation_04,309,103,10.301355263157896,29.9960531509012,10,0.5088657736778259,0.6685567498207092,-0.2158046662807464,0.9999919533729552,0.5053814053535461,0.6772527098655701,-0.2078878432512283,0.9999733567237854,0.5032028555870056,0.6769638657569885,-0.2078765779733657,0.9999732971191406,0.5018634796142578,0.6766656041145325,-0.2078827917575836,0.9999685883522034,0.5116862654685974,0.6774667501449585,-0.2087371945381164,0.9999758005142212,0.513511061668396,0.6774749755859375,-0.2087579071521759,0.9999771118164062,0.515674352645874,0.6771491765975952,-0.208749458193779,0.9999756813049316,0.4990982711315155,0.6712992787361145,-0.1452206224203109,0.9999403953552246,0.5181571245193481,0.6717048287391663,-0.150267943739891,0.9999511241912842,0.5050540566444397,0.6583829522132874,-0.1911837607622146,0.99998539686203,0.5131321549415588,0.6591801047325134,-0.1926985383033752,0.9999870657920836,0.4838623702526092,0.6143983602523804,-0.0891918465495109,0.9999728202819824,0.5332475900650024,0.6106033325195312,-0.0950361341238021,0.9999436140060424,0.4771454930305481,0.543390154838562,-0.0516325272619724,0.989125430583954,0.5377775430679321,0.5377551913261414,-0.0633482187986373,0.9895246624946594,0.476035863161087,0.4801444709300995,-0.098163716495037,0.9838587641716005,0.5383833646774292,0.4735850989818573,-0.1044719964265823,0.9746258854866028,0.474065363407135,0.4616222679615021,-0.1138091087341308,0.966488480567932,0.5409296154975891,0.4538526535034179,-0.1195521876215934,0.944442629814148,0.4774035215377807,0.4610109031200409,-0.1327312290668487,0.9691968560218812,0.5376437306404114,0.4521485865116119,-0.1377041190862655,0.9481713771820068,0.4788333475589752,0.4670990407466888,-0.1062371507287025,0.9628633856773376,0.5353863835334778,0.4590938687324524,-0.1120187118649482,0.9391857385635376,0.496253103017807,0.4911388158798218,0.0017974395304918,0.9997171759605408,0.5241115689277649,0.4894542992115021,-0.0018691612640395,0.9996405243873596,0.4960247576236725,0.3784338235855102,-0.0087629966437816,0.9711197018623352,0.5207778215408325,0.381331205368042,-0.0092042842879891,0.9609308242797852,0.4997540712356567,0.2801087498664856,0.0519370213150978,0.97019225358963,0.5185622572898865,0.2786374986171722,0.0560102984309196,0.9555131196975708,0.5030040144920349,0.2703671157360077,0.053389273583889,0.7633169293403625,0.5185983777046204,0.2680715918540954,0.0580012574791908,0.6183731555938721,0.4995115995407104,0.2392879873514175,-0.0236574672162532,0.9626086950302124,0.5172240734100342,0.24430613219738,-0.0170018076896667,0.9454445242881776,sujin_pick_up_variation_04,7.615773,5.830952,6.082763,8.062258,10.630146,12.806248,14.21267,15.811388,15.811388,15.811388,15.620499,14.21267,13.453624,11.313708,8.602325,6.324555,3.162278,4.0,7.615773,11.401754,15.620499,18.027756,19.697716,20.880613,20.223748,18.027756,23.194827,25.495098,26.683328,25.70992,23.769729,20.880613,16.763055,12.369317,7.0,4.242641,6.0,8.544004,12.529964,13.892444,16.643317,17.492856,18.027756,18.601075,18.439089,18.384776,17.804494,16.124515,15.231546,14.56022,13.152946,11.0,6.082763,8.944272,12.529964,13.892444,15.264338,15.652476,15.652476,15.231546,13.928388,11.401754,10.440307,9.486833,7.615773,6.403124,5.830952,7.28011,9.0,11.18034,13.341664,15.524175,16.492423,17.720045,17.464249,16.492423,14.56022,11.401754,14.317821,15.524175,16.492423,17.262677,15.132746,14.142136,11.045361,9.055385,6.082763,3.162278,2.236068,3.162278,5.0,7.211103,9.433981,10.29563,12.083046,12.649111,14.56022,15.297059,15.132746,15.033296,13.0,11.045361,9.219544,5.385165,6.082763,8.0,10.049876,10.049876,11.045361,10.049876,9.0,8.0,7.071068,6.082763,5.09902,4.472136,3.605551,4.242641,4.472136,4.123106,4.123106,4.0,5.09902,5.385165,5.830952,6.403124,7.071068,7.81025,8.602325,9.219544,18.788294,21.095023,21.400935,21.260292,19.79899,19.104973,16.278821,14.142136,12.041595,9.433981,9.486833,9.219544,10.0,10.049876,11.18034,12.369317,13.341664,13.341664,15.297059,15.297059,15.132746,14.035669,12.041595,10.049876,8.062258,5.830952
sujin_pick_up_variation_04,312,104,10.40136842105263,29.9960531509012,10,0.5088625550270081,0.6684166789054871,-0.2231826931238174,0.9999925494194032,0.5053797364234924,0.6772086024284363,-0.2156920731067657,0.9999752640724182,0.5032013654708862,0.676943838596344,-0.2156779170036316,0.9999752044677734,0.5018612742424011,0.6766542792320251,-0.2156851589679718,0.9999709725379944,0.5116841793060303,0.6773530840873718,-0.2162458300590515,0.9999772906303406,0.5135130882263184,0.677343487739563,-0.2162685096263885,0.999978482723236,0.5156747102737427,0.677011251449585,-0.216262862086296,0.999977171421051,0.4990546405315399,0.6713003516197205,-0.1533882319927215,0.9999444484710692,0.5181483030319214,0.6716148853302002,-0.1570173949003219,0.9999538064002992,0.5050362944602966,0.6582661271095276,-0.1985450088977813,0.999986469745636,0.5131133198738098,0.6590318083763123,-0.1996453404426574,0.9999879002571106,0.483628362417221,0.6144218444824219,-0.0955616682767868,0.9999744296073914,0.5329290628433228,0.6107558608055115,-0.1007413119077682,0.9999451637268066,0.4770888984203338,0.543380856513977,-0.0568775907158851,0.989676594734192,0.5377532243728638,0.5377663373947144,-0.068680502474308,0.9896684885025024,0.4760290682315826,0.4799679219722748,-0.101753331720829,0.9845380783081056,0.5384214520454407,0.4734819829463959,-0.1091092154383659,0.9748424887657166,0.4741019606590271,0.4615691304206848,-0.1169000938534736,0.9671337604522704,0.5409507751464844,0.4536092281341553,-0.1239729225635528,0.9447237849235536,0.4774050414562225,0.4609699249267578,-0.1358539909124374,0.9698328971862792,0.5376020669937134,0.4518430829048157,-0.1419940739870071,0.9484393000602722,0.4788236320018768,0.467046856880188,-0.1097375378012657,0.9634594321250916,0.5353647470474243,0.4588222205638885,-0.11652572453022,0.939478874206543,0.4962509572505951,0.4913572967052459,0.0017884552944451,0.9997206926345824,0.524108350276947,0.4896518290042877,-0.0018647151300683,0.999643325805664,0.4960220158100128,0.3785247504711151,-0.010050824843347,0.9711872935295104,0.5206888914108276,0.381761759519577,-0.0092307329177856,0.9609853625297546,0.4996836483478546,0.2799896597862243,0.049626424908638,0.9708024859428406,0.518564760684967,0.2786401808261871,0.055580124258995,0.955546259880066,0.5029796361923218,0.2702126502990722,0.0509945712983608,0.7624850869178772,0.5185955762863159,0.268082708120346,0.0575469844043254,0.6171753406524658,0.499529093503952,0.2389140874147415,-0.026294058188796,0.9628889560699464,0.517199695110321,0.244231104850769,-0.01754448749125,0.945432424545288,sujin_pick_up_variation_04,7.28011,5.0,5.09902,7.211103,10.630146,12.806248,14.422205,15.811388,15.811388,15.811388,15.811388,14.422205,13.601471,12.041595,9.219544,6.708204,4.123106,4.472136,8.246211,12.083046,16.401219,19.104973,20.615528,21.095023,20.615528,18.681542,23.021729,25.0,26.400758,26.248809,23.430749,21.260292,17.029386,11.401754,6.708204,3.162278,5.0,9.055385,11.401754,14.56022,15.811388,17.088007,18.027756,17.464249,18.35756,18.027756,17.029386,16.278821,15.264338,14.317821,13.341664,11.045361,17.255541,17.569177,17.256899999999998,16.285114999999998,14.7564715,13.1394105,12.0208155,10.972527,10.1477165,10.675126,11.086042,11.041523,10.869319,11.5112455,11.543805,11.8600225,12.518213499999998,13.3940265,13.383388,13.606335,13.2185765,12.8158555,12.810381500000002,13.33293,13.073956,13.220767,10.8789545,10.7781745,10.9852815,12.3225795,13.7295805,14.177403,14.3322155,13.462185,12.6518685,11.237743,10.975286,11.246428,11.259796,10.757941,11.4291245,11.0530255,10.9694525,9.9330345,10.1394105,11.34312,13.2120975,15.122394,16.534416,17.5305605,17.3794185,17.3986655,5.385165,7.071068,9.055385,10.049876,10.049876,9.219544,8.246211,7.071068,6.082763,5.0,4.0,3.162278,2.828427,3.605551,3.605551,4.123106,4.0,5.0,5.09902,5.385165,6.708204,7.211103,7.81025,8.485281,10.630146,10.630146,20.0,21.931712,23.345235,23.430749,22.203603,20.248457,18.35756,15.264338,12.806248,11.313708,10.0,9.848858,10.440307,10.198039,11.045361,13.038405,13.0,14.0,15.033296,15.132746,15.132746,14.317821,13.341664,11.18034,8.062258,6.082763
sujin_pick_up_variation_04,315,105,10.501381578947369,29.9960531509012,10,0.508812665939331,0.6684169173240662,-0.2219348698854446,0.9999931454658508,0.5053359866142273,0.6772145628929138,-0.2141065895557403,0.9999770522117616,0.5031718015670776,0.6769633889198303,-0.2140937596559524,0.9999769926071168,0.501840353012085,0.6766914129257202,-0.2141004055738449,0.9999731779098512,0.5116565227508545,0.6773500442504883,-0.2148086875677108,0.9999787211418152,0.5134952664375305,0.6773396730422974,-0.2148300856351852,0.9999797940254213,0.5156377553939819,0.6770083904266357,-0.2148236632347107,0.9999786019325256,0.4989469945430755,0.6713300943374634,-0.151331827044487,0.9999482035636902,0.5181160569190979,0.6715977787971497,-0.1556514799594879,0.9999564290046692,0.5049272775650024,0.6582543849945068,-0.1972640603780746,0.9999874234199524,0.513031542301178,0.6590064167976379,-0.1985467374324798,0.9999886751174928,0.4833591282367706,0.61441570520401,-0.0940837785601615,0.9999759197235109,0.5326240658760071,0.6107612252235413,-0.1004706919193267,0.9999464750289916,0.4769378006458282,0.5433115363121033,-0.0557694695889949,0.9901840090751648,0.5376788377761841,0.5377707481384277,-0.0690139979124069,0.989865779876709,0.4760223925113678,0.479625403881073,-0.1012426391243934,0.9851942658424376,0.5384525060653687,0.4733924269676208,-0.1095112413167953,0.9751476049423218,0.4741264879703522,0.4613868296146393,-0.1165186539292335,0.9678184390068054,0.5409724712371826,0.4533050060272217,-0.1245534941554069,0.9451609253883362,0.4773986041545868,0.4607649147510528,-0.1354233473539352,0.9705008268356324,0.537588357925415,0.4514829814434051,-0.1425215154886245,0.948845386505127,0.4788204133510589,0.4668891727924347,-0.1092430129647255,0.9641128778457642,0.5353549122810364,0.4584946930408478,-0.1169115975499153,0.9399295449256896,0.4962484240531921,0.4913183748722076,0.0018926709890365,0.9997259378433228,0.5241007208824158,0.4895811975002289,-0.0019749330822378,0.9996475577354432,0.4959664344787597,0.3785223960876465,-0.0100344121456146,0.9712764620780944,0.5205236673355103,0.3817829489707947,-0.0092615345492959,0.960997998714447,0.4996138215065002,0.2799476981163025,0.0508116595447063,0.9713528752326964,0.5185678005218506,0.2786652743816376,0.0568442307412624,0.95549076795578,0.5029541850090027,0.270058125257492,0.0524025447666645,0.7625958323478699,0.518598735332489,0.2681227624416351,0.0590768083930015,0.6152017712593079,0.4995070993900299,0.238746240735054,-0.0249995421618223,0.963159441947937,0.517083466053009,0.2441395223140716,-0.016371039673686,0.9453430771827698,sujin_pick_up_variation_04,18.027756,19.0,18.027756,17.117243,14.142136,12.165525,10.049876,6.082763,3.0,1.0,3.605551,5.830952,8.944272,11.7047,14.56022,16.763055,18.439089,20.223748,19.026298,19.026298,17.262677,13.601471,10.816654,7.81025,6.082763,5.830952,6.082763,1.0,3.605551,8.062258,12.529964,17.492856,20.248457,22.472205,22.472205,22.472205,21.633308,18.867962,15.264338,13.416408,9.486833,7.071068,5.09902,4.242641,5.09902,7.071068,9.848858,11.401754,12.727922,14.422205,15.652476,16.763055,7.071068,9.433981,12.529964,13.892444,15.264338,16.643317,15.811388,15.620499,14.21267,12.806248,10.630146,9.219544,8.602325,7.615773,7.071068,7.28011,9.848858,11.401754,13.453624,15.556349,17.691806,17.691806,18.384776,16.278821,14.866069,12.041595,14.142136,15.556349,16.278821,17.029386,15.620499,14.21267,11.401754,8.602325,5.656854,2.828427,1.414214,3.605551,5.385165,7.615773,8.944272,10.29563,12.206556,13.601471,14.142136,14.866069,15.0,15.0,13.601471,11.401754,9.219544,5.830952,19.313208,17.0,13.892444,10.29563,7.615773,5.0,4.472136,4.242641,5.830952,5.830952,6.708204,6.708204,6.708204,6.324555,6.082763,7.071068,7.0,7.071068,7.28011,8.246211,8.246211,7.28011,7.28011,6.324555,5.830952,4.242641,12.041595,12.649111,14.764823,16.643317,19.416488,22.203603,24.698178,25.059928,25.495098,24.698178,23.086793,21.587033,19.416488,16.278821,15.132746,12.369317,10.440307,8.544004,7.81025,8.602325,10.440307,13.152946,15.033296,18.11077,20.223748,21.587033
sujin_pick_up_variation_04,318,106,10.601394736842105,29.9960531509012,10,0.5086597800254822,0.6684219837188721,-0.220441535115242,0.999993622303009,0.5051836967468262,0.6772285103797913,-0.2124831825494766,0.9999786615371704,0.5030776858329773,0.6769909262657166,-0.21247099339962,0.9999786019325256,0.5017541646957397,0.6767327785491943,-0.2124769985675811,0.9999751448631288,0.5115184187889099,0.6773518919944763,-0.2132858335971832,0.9999799728393556,0.513397216796875,0.677341878414154,-0.2133067995309829,0.9999809861183168,0.5154715776443481,0.6770164370536804,-0.2132994085550308,0.999979853630066,0.4987677633762359,0.6713460087776184,-0.1495825499296188,0.9999514818191528,0.5180256366729736,0.6715948581695557,-0.1543782502412796,0.9999586939811708,0.5047465562820435,0.6582542061805725,-0.1957663595676422,0.9999882578849792,0.5128581523895264,0.6590004563331604,-0.1971874386072158,0.99998939037323,0.4831393659114837,0.6143972873687744,-0.0930161997675895,0.999977171421051,0.5323852300643921,0.6107643842697144,-0.0995911657810211,0.9999475479125975,0.4768007695674896,0.5431817770004272,-0.0551405884325504,0.9905943870544434,0.5375745892524719,0.5377742648124695,-0.0685266256332397,0.990057647228241,0.4760175347328186,0.4793367087841034,-0.1006856486201286,0.9857338666915894,0.5384717583656311,0.4733635187149048,-0.1088696718215942,0.9754580855369568,0.4741266965866089,0.4613051116466522,-0.1157387644052505,0.9683197736740112,0.540970504283905,0.4532023966312408,-0.123941034078598,0.9456365704536438,0.4773958325386047,0.4606173634529114,-0.1343840956687927,0.9709984064102172,0.5375675559043884,0.4513232707977295,-0.1418774276971817,0.94928377866745,0.4788092076778412,0.4667287766933441,-0.108583852648735,0.9645858407020568,0.5353467464447021,0.4582914710044861,-0.1162648200988769,0.9404214024543762,0.4962462186813354,0.4910534918308258,0.002132597612217,0.9997312426567078,0.5240996479988098,0.4892433881759643,-0.0022201535757631,0.9996519684791564,0.4959124028682709,0.3784962594509125,-0.0095609063282608,0.9714170098304749,0.5204598903656006,0.3817716836929321,-0.0092843789607286,0.9611473679542542,0.4996066987514496,0.2797531485557556,0.053027868270874,0.971911072731018,0.5185955166816711,0.2786602079868316,0.0582859329879283,0.9555659294128418,0.5029539465904236,0.269673615694046,0.0548110157251358,0.7637906670570374,0.5186293125152588,0.268121063709259,0.0607307702302932,0.61386638879776,0.4994783997535705,0.238682359457016,-0.0220435466617345,0.9634968638420104,0.5170711874961853,0.2441099733114242,-0.0147957624867558,0.9453902244567872,sujin_pick_up_variation_04,6.708204,5.0,5.0,6.708204,8.602325,11.313708,12.727922,13.453624,14.21267,14.21267,13.453624,12.727922,12.041595,10.630146,8.062258,6.082763,4.123106,4.472136,7.28011,10.29563,12.806248,15.620499,16.643317,16.552945,16.763055,15.297059,20.248457,21.633308,22.803509,22.022716,20.615528,18.439089,14.866069,10.630146,5.830952,3.0,3.162278,6.082763,9.219544,11.401754,12.649111,13.0,14.317821,14.764823,13.892444,14.21267,13.453624,12.806248,12.529964,12.083046,11.401754,10.049876,6.708204,10.0,12.727922,14.866069,16.278821,16.401219,16.401219,15.264338,13.892444,12.529964,11.18034,9.433981,8.602325,7.071068,6.708204,8.062258,9.055385,11.401754,13.928388,16.155494,17.464249,18.384776,17.464249,16.552945,15.231546,12.083046,14.422205,16.643317,16.643317,17.492856,16.124515,14.764823,12.083046,8.944272,5.830952,2.828427,2.0,2.828427,5.830952,7.211103,9.219544,10.630146,12.041595,13.601471,15.264338,15.652476,15.231546,14.866069,13.601471,11.7047,8.944272,5.656854,19.209373,17.691806,13.453624,10.630146,7.071068,5.0,3.0,3.605551,4.242641,5.0,5.0,5.830952,5.830952,5.385165,5.385165,5.09902,6.0,7.071068,7.071068,7.28011,7.28011,7.28011,7.615773,5.830952,5.0,4.472136,14.317821,14.035669,15.132746,17.464249,20.880613,23.086793,25.0,26.476405,26.305893,26.07681,24.0,23.021729,20.099751,18.11077,16.124515,14.035669,12.041595,10.049876,8.246211,8.602325,9.433981,12.083046,16.155494,18.384776,20.615528,20.59126
sujin_pick_up_variation_04,321,107,10.701407894736844,29.9960531509012,10,0.5083553791046143,0.6683939099311829,-0.2194501757621765,0.9999940395355223,0.5048854351043701,0.6772193908691406,-0.2114653289318084,0.9999800324440002,0.5029021501541138,0.6769906282424927,-0.2114534825086593,0.9999800324440002,0.5015618801116943,0.6767339110374451,-0.2114600241184234,0.9999768733978271,0.5112544894218445,0.6773196458816528,-0.2125263810157776,0.9999810457229614,0.5132078528404236,0.6773043870925903,-0.2125446945428848,0.9999819993972778,0.515194833278656,0.6769942045211792,-0.2125366777181625,0.999980926513672,0.4985455572605133,0.6713469624519348,-0.1478708535432815,0.9999544024467468,0.5178982615470886,0.671552836894989,-0.1537350863218307,0.9999606609344482,0.5044617056846619,0.6582196950912476,-0.1944437474012375,0.9999890327453612,0.5125370621681213,0.6589283347129822,-0.1961611062288284,0.9999899864196776,0.4829880893230438,0.6144074201583862,-0.0902044549584388,0.999978482723236,0.5322294235229492,0.6107701063156128,-0.099048264324665,0.9999486804008484,0.4766587018966675,0.5431863069534302,-0.0516443811357021,0.990997850894928,0.5374904870986938,0.5378668308258057,-0.0676073506474495,0.9902764558792114,0.4759971797466278,0.4792954623699188,-0.0977192223072052,0.9863024353981018,0.5384367108345032,0.4734101593494415,-0.1082456484436988,0.9758273959159852,0.4740957617759704,0.4613068401813507,-0.1129694804549217,0.9689830541610718,0.5409024953842163,0.4532216191291809,-0.1233438327908515,0.9462161064147948,0.477334976196289,0.4606139063835144,-0.1315555870532989,0.9716436266899108,0.537467896938324,0.4513377249240875,-0.1412970572710037,0.9498271346092224,0.4787676632404327,0.4667107462882995,-0.1056817024946212,0.9652507305145264,0.5352565050125122,0.4582970142364502,-0.1156826093792915,0.94102281332016,0.4962439835071563,0.4909777641296386,0.002380691235885,0.9997365474700928,0.5240986347198486,0.4891257882118225,-0.0024689622223377,0.9996557235717772,0.4957897961139679,0.3785136640071869,-0.0093708913773298,0.9715452790260316,0.5203219652175903,0.381901204586029,-0.0093487184494733,0.961096167564392,0.4995904266834259,0.2797326445579529,0.0541289411485195,0.9723723530769348,0.5186429619789124,0.2788286209106445,0.0588717125356197,0.9554072618484496,0.5029529333114624,0.2696579098701477,0.0559862703084945,0.7643699645996094,0.5186629295349121,0.2684112191200256,0.0613882131874561,0.611993134021759,0.499474823474884,0.2386490702629089,-0.0209686383605003,0.9637223482131958,0.5170706510543823,0.2440552562475204,-0.0143667729571461,0.9452084898948668,sujin_pick_up_variation_04,11.2970035,10.346779000000002,10.5125405,11.2875365,11.946222,12.095934,11.4135405,10.326238,9.3945065,8.7764725,9.865033,11.167703,11.1289745,12.1240755,12.0428065,11.806161,11.708244,12.0976095,13.59784,15.246773999999998,15.7462115,15.503116,14.4249275,14.089828,12.39395,11.901404,13.4236595,13.039936,14.359927,16.6530695,18.083544,18.5418415,18.099914,16.349287,15.043270500000002,13.156233,12.655012,13.3719,13.3522575,12.9010285,12.4579725,11.646902,10.969055,10.5622575,10.8711685,10.972527,11.734197,11.8208745,12.7490805,12.1769055,13.153830500000002,12.516648,7.211103,9.219544,11.401754,13.601471,15.0,16.401219,16.278821,15.556349,14.866069,13.453624,11.401754,9.219544,7.81025,6.403124,6.324555,6.082763,7.615773,10.0,12.806248,14.866069,16.278821,16.970563,16.278821,14.866069,13.453624,10.630146,14.866069,16.278821,16.970563,16.970563,16.278821,13.453624,11.313708,8.485281,5.656854,3.162278,3.605551,5.0,6.708204,8.944272,10.29563,11.661904,13.601471,14.866069,15.556349,16.278821,17.204651,16.401219,15.264338,12.206556,10.0,7.211103,5.09902,7.0,8.062258,9.055385,9.055385,9.0,8.0,7.0,6.0,4.0,3.0,2.236068,2.828427,2.236068,3.0,3.0,3.162278,3.605551,4.242641,4.242641,5.0,6.708204,6.708204,7.615773,8.544004,9.848858,20.248457,21.023796,23.323808,22.203603,22.022716,19.849433,17.691806,15.620499,12.806248,11.18034,10.440307,10.198039,10.0,11.045361,11.18034,12.369317,13.341664,14.56022,15.297059,16.278821,15.297059,15.132746,14.035669,11.045361,8.062258,5.385165
sujin_pick_up_variation_04,324,108,10.80142105263158,29.9960531509012,10,0.508138120174408,0.6683840751647949,-0.2184718549251556,0.999994456768036,0.5046485066413879,0.6772192120552063,-0.2106287330389022,0.9999812245368958,0.5027391910552979,0.676992654800415,-0.2106166630983352,0.9999812841415404,0.5013750195503235,0.6767396330833435,-0.2106246203184127,0.9999784231185912,0.5110504031181335,0.677309513092041,-0.2117779701948166,0.9999819993972778,0.5130593776702881,0.6772924065589905,-0.2117942720651626,0.9999828338623048,0.5149997472763062,0.6769896745681763,-0.2117851823568344,0.9999818205833436,0.4983400106430053,0.6713497042655945,-0.1471673548221588,0.9999569654464722,0.5177798867225647,0.6715320944786072,-0.1533109992742538,0.9999623894691468,0.5042577385902405,0.6582038402557373,-0.1934356838464737,0.999989688396454,0.512320876121521,0.658890962600708,-0.1952215731143951,0.9999905228614808,0.4828860461711883,0.6144336462020874,-0.0890100374817848,0.9999796152114868,0.5320822596549988,0.6108299493789673,-0.0986266061663627,0.999949872493744,0.4765366911888122,0.5432099103927612,-0.0498771071434021,0.9913339018821716,0.5374096632003784,0.5380439162254333,-0.0670806020498275,0.9904580116271972,0.4759496748447418,0.4792935848236084,-0.0951743498444557,0.9867385029792786,0.5383205413818359,0.4734260141849518,-0.1081935688853263,0.9760775566101074,0.4739941656589508,0.4613753259181976,-0.1103268414735794,0.9693943858146667,0.5407683849334717,0.4532172679901123,-0.1231308057904243,0.9465585350990297,0.4772402644157409,0.4606169760227203,-0.1289770156145095,0.9720548987388612,0.537305474281311,0.4513493180274963,-0.1411782056093216,0.95014625787735,0.4787163138389587,0.4667004644870758,-0.1031986773014068,0.9656621813774108,0.5351161956787109,0.4582972526550293,-0.1156216636300087,0.9414004683494568,0.4962324798107147,0.4909532964229584,0.0025153884198516,0.999740719795227,0.5240722298622131,0.4891160726547241,-0.0026032023597508,0.9996588230133056,0.495598167181015,0.3785918653011322,-0.0093351732939481,0.9716785550117492,0.5202925801277161,0.3820922970771789,-0.0093596996739506,0.9610985517501832,0.4995869100093841,0.2797174453735351,0.0541129224002361,0.9727654457092284,0.5187042951583862,0.2790180444717407,0.0587700940668582,0.9552434086799622,0.5029739737510681,0.2696491479873657,0.0559572353959083,0.7642344832420349,0.5186922550201416,0.2686234712600708,0.0612396113574504,0.6103415489196777,0.4994744956493377,0.2385976463556289,-0.0210029855370521,0.9638737440109252,0.5171168446540833,0.2439416050910949,-0.0145228300243616,0.9450206756591796,sujin_pick_up_variation_04,7.071068,4.123106,4.123106,7.28011,9.848858,12.529964,15.264338,16.643317,17.492856,16.643317,16.124515,15.264338,13.416408,12.083046,10.198039,7.071068,5.0,6.0,9.433981,13.453624,16.643317,19.235384,21.18962,21.587033,21.095023,19.026298,23.4094,25.298221,26.248809,26.248809,24.041631,20.880613,16.763055,12.649111,6.708204,3.162278,4.242641,8.544004,11.401754,13.341664,15.297059,17.262677,17.117243,18.027756,17.029386,17.117243,16.763055,16.552945,16.124515,14.866069,14.866069,12.206556,27.658633,25.317978,23.194827,18.11077,14.142136,10.440307,8.062258,7.211103,8.246211,10.0,12.041595,14.0,16.0,18.027756,18.027756,19.104973,19.235384,18.11077,16.03122,15.0,12.369317,10.816654,10.630146,13.0,14.56022,17.262677,7.615773,5.0,4.0,6.403124,9.899495,14.21267,16.401219,17.691806,19.104973,18.601075,18.027756,17.0,14.866069,13.601471,11.18034,9.055385,6.082763,4.472136,2.236068,5.385165,9.433981,13.892444,18.35756,22.847319,25.632011,27.513633,20.880613,18.248288,14.142136,11.045361,7.071068,4.472136,3.605551,4.0,5.09902,5.385165,6.324555,6.708204,6.708204,5.830952,6.403124,7.071068,6.403124,7.211103,8.062258,8.944272,8.544004,8.544004,8.246211,7.071068,6.0,5.385165,15.0,14.21267,16.124515,18.384776,21.18962,24.698178,26.925824,27.730849,27.784888,27.45906,25.0,23.430749,20.518285,19.79899,16.970563,14.866069,12.727922,10.0,8.544004,8.0,9.848858,12.529964,16.643317,20.248457,21.954498,23.259407
sujin_pick_up_variation_04,327,109,10.901434210526316,29.9960531509012,10,0.5079478621482849,0.6683890223503113,-0.2100537568330764,0.9999948143959044,0.5044692158699036,0.6772354245185852,-0.2017599940299987,0.9999822974205016,0.5026084184646606,0.6770221590995789,-0.2017497569322586,0.9999823570251464,0.5012383460998535,0.6767892837524414,-0.2017575651407241,0.9999797940254213,0.510867178440094,0.6773104071617126,-0.2030601650476455,0.99998277425766,0.5129200220108032,0.67729252576828,-0.2030738145112991,0.999983549118042,0.5148299932479858,0.6769927740097046,-0.2030628025531768,0.9999825358390808,0.4981959462165832,0.6713808178901672,-0.1379870325326919,0.9999591708183287,0.5176746249198914,0.671525776386261,-0.1449068039655685,0.9999637603759766,0.5040672421455383,0.658204197883606,-0.1850580424070358,0.9999902844429016,0.512118399143219,0.6588854789733887,-0.1870700269937515,0.9999909996986388,0.4828003942966461,0.6144360303878784,-0.081592671573162,0.9999807476997375,0.5319690108299255,0.6108779907226562,-0.092162862420082,0.9999505281448364,0.4764315783977508,0.5432930588722229,-0.0432520471513271,0.9916408658027648,0.5372487306594849,0.5382296442985535,-0.0623785182833671,0.9905437231063844,0.475922554731369,0.4793002605438232,-0.0892385616898536,0.987190306186676,0.5380083918571472,0.473524272441864,-0.1029610410332679,0.9761332273483276,0.473948985338211,0.461418479681015,-0.1047391816973686,0.9699418544769288,0.5405158996582031,0.4533069133758545,-0.1181818023324012,0.9465805292129515,0.4772168695926666,0.4606206715106964,-0.1232592612504959,0.9725860357284546,0.5369470119476318,0.451448380947113,-0.1362056285142898,0.9501630663871764,0.4787077009677887,0.4666914641857147,-0.0972842276096344,0.9662165641784668,0.5347499251365662,0.4583920240402221,-0.1104159206151962,0.9414204955101012,0.4961892962455749,0.4907536804676056,0.0026736855506896,0.9997460842132568,0.5239956378936768,0.489005297422409,-0.0027576109860092,0.999661922454834,0.4954723715782165,0.3786120414733886,-0.0095331529155373,0.9718836545944214,0.5202897191047668,0.3820786476135254,-0.010013067163527,0.9610193371772766,0.4995905756950378,0.279689222574234,0.055048368871212,0.97313392162323,0.5188280940055847,0.2791503071784973,0.0590538643300533,0.9551234245300292,0.5030415058135986,0.2696247398853302,0.0570727959275245,0.7644857168197632,0.5187771320343018,0.2687276899814605,0.0616114921867847,0.6090784072875977,0.4994913935661316,0.2385906875133514,-0.0197971817106008,0.964034616947174,0.5171998143196106,0.2438689023256302,-0.0141944307833909,0.9448994398117064,sujin_pick_up_variation_04,17.888544,18.027756,18.601075,17.204651,14.21267,12.041595,9.219544,6.403124,2.828427,3.605551,6.403124,9.219544,12.041595,14.866069,17.691806,19.104973,20.0,20.59126,19.697716,17.720045,15.132746,12.041595,8.944272,7.81025,8.246211,4.123106,2.0,5.0,8.544004,13.601471,16.763055,19.924859,22.135944,23.086793,22.803509,20.880613,18.681542,16.492423,13.152946,11.045361,8.062258,6.324555,5.0,5.09902,5.385165,7.071068,8.062258,10.440307,12.041595,14.035669,15.524175,14.008972,27.45906,26.305893,23.194827,19.026298,14.035669,10.198039,6.708204,6.403124,6.082763,9.0,11.045361,13.038405,14.035669,16.0,18.11077,18.11077,18.248288,17.117243,16.124515,13.0,11.18034,9.433981,10.816654,12.649111,14.317821,16.124515,8.062258,5.656854,5.0,7.81025,11.313708,14.21267,17.691806,19.104973,19.104973,19.209373,19.416488,17.888544,16.155494,14.56022,12.369317,10.049876,7.071068,5.385165,3.605551,5.09902,8.944272,13.892444,17.888544,22.36068,26.0,28.160256,21.18962,18.788294,14.764823,11.661904,7.615773,5.09902,4.123106,4.242641,5.0,5.830952,6.708204,6.324555,6.324555,6.324555,6.082763,6.082763,6.082763,6.324555,7.28011,7.615773,7.615773,7.211103,7.211103,6.403124,5.0,4.123106,15.132746,14.56022,17.0,18.027756,22.803509,24.413111,26.627054,27.784888,27.730849,27.313001,25.632011,24.041631,20.880613,19.416488,16.492423,15.297059,12.369317,11.18034,8.602325,9.433981,11.401754,13.152946,17.029386,20.024984,22.090722,22.36068
sujin_pick_up_variation_04,330,110,11.001447368421053,29.9960531509012,10,0.5078320503234863,0.6684346795082092,-0.2099605947732925,0.9999951124191284,0.5043715834617615,0.6772775053977966,-0.2016290128231048,0.9999833106994628,0.5025251507759094,0.6770734786987305,-0.2016189992427826,0.9999833703041076,0.5011560916900635,0.676862895488739,-0.2016268074512481,0.9999811053276062,0.5107575058937073,0.6773253679275513,-0.2028650492429733,0.999983549118042,0.5128320455551147,0.6773051619529724,-0.2028791159391403,0.9999842643737792,0.5147237777709961,0.6770116090774536,-0.2028679251670837,0.9999833106994628,0.49810791015625,0.6714164614677429,-0.1379261612892151,0.9999614357948304,0.5175918340682983,0.6715245842933655,-0.1445859968662262,0.9999651908874512,0.5039510130882263,0.6582263112068176,-0.1850375235080719,0.9999908804893494,0.5119982361793518,0.6588902473449707,-0.1869793683290481,0.9999914169311525,0.4827375113964081,0.6144348978996277,-0.0816870853304863,0.9999817609786988,0.5318865180015564,0.6108919382095337,-0.0918248072266578,0.9999510645866394,0.4763430655002594,0.5433184504508972,-0.0434017032384872,0.991945743560791,0.5371421575546265,0.5382826328277588,-0.0619181431829929,0.9906001091003418,0.4758848547935486,0.4792858064174652,-0.0894815176725387,0.9876129627227784,0.5377249121665955,0.473605215549469,-0.1022960171103477,0.9760928750038148,0.4738927483558655,0.4614163935184479,-0.1050600707530975,0.9704582691192628,0.5403009653091431,0.4533289074897766,-0.117535188794136,0.9464260339736938,0.4771960377693176,0.4606011807918548,-0.1236395761370658,0.9730844497680664,0.5366560220718384,0.4514889717102051,-0.135625809431076,0.9500144720077516,0.478702038526535,0.4666402637958526,-0.0975310951471328,0.9667410850524902,0.5344460010528564,0.4584493935108185,-0.1097847074270248,0.9412628412246704,0.4961705505847931,0.4906032383441925,0.0027948557399213,0.9997508525848388,0.5239596962928772,0.4889079928398132,-0.0028767557814717,0.9996647834777832,0.4953296482563019,0.3786303400993347,-0.0099708018824458,0.9719418883323668,0.5202824473381042,0.3820727169513702,-0.0104662030935287,0.9608311653137208,0.4996369481086731,0.2796738445758819,0.0550218932330608,0.9733562469482422,0.5188995003700256,0.2792080342769623,0.0589840672910213,0.9548771977424622,0.5031882524490356,0.2695711255073547,0.0570337623357772,0.7643932700157166,0.5188323855400085,0.2687495648860931,0.0615059733390808,0.6074428558349609,0.4995343387126922,0.2385197132825851,-0.0198165141046047,0.9640517234802246,0.5172566175460815,0.2438056617975235,-0.0142985051497817,0.9446272253990172,sujin_pick_up_variation_04,18.027756,18.681542,18.439089,16.278821,15.297059,12.165525,9.219544,6.082763,3.605551,2.0,3.605551,6.708204,8.246211,11.401754,14.317821,16.278821,18.11077,19.0,19.026298,18.248288,15.811388,13.416408,10.630146,8.062258,7.0,7.211103,5.0,2.236068,3.0,7.071068,11.401754,15.811388,18.027756,20.248457,20.248457,20.248457,18.973666,17.464249,14.317821,11.18034,8.602325,7.071068,4.472136,4.123106,5.0,6.324555,8.0,9.055385,10.77033,12.206556,13.453624,15.811388,26.832816,25.059928,21.095023,18.027756,13.038405,9.433981,7.28011,5.09902,6.403124,7.81025,10.0,12.206556,13.601471,15.620499,16.278821,16.970563,16.970563,16.278821,14.866069,12.806248,10.29563,9.055385,9.486833,10.816654,13.453624,14.866069,8.062258,6.324555,4.472136,7.0,11.18034,13.341664,16.492423,18.248288,19.104973,19.026298,19.0,17.117243,15.297059,13.601471,12.083046,9.848858,7.615773,5.09902,3.162278,4.472136,9.219544,13.152946,17.262677,21.377558,25.0,26.570661,19.767056,17.496238499999997,13.901614,10.09017,6.6055515,4.561553,3.179587,4.04951,4.977029,6.298133999999999,6.298133999999999,6.298133999999999,6.5977075,6.45101,6.363961,6.4339785,7.0094485,7.877553499999999,7.930992,8.4176585,8.4176585,8.167747499999999,8.167747499999999,6.5413815,6.0413815,4.9286505,13.730305,13.691006,14.859632,17.0761355,20.848858,22.965856,25.390256,26.919068,26.840892,25.5666305,23.984894500000003,22.670556,19.8602505,18.24005,16.086722,13.8857225,11.167423,9.219544,8.031129,7.807536,9.072853,12.696504999999998,15.548547499999998,18.5,21.39809,21.9803815
sujin_pick_up_variation_04,333,111,11.101460526315789,29.9960531509012,10,0.5077835321426392,0.6685884594917297,-0.2096251547336578,0.9999954104423524,0.5043215155601501,0.6773859858512878,-0.2012639939785003,0.999984323978424,0.5024710893630981,0.6771755814552307,-0.2012544125318527,0.9999843835830688,0.5011035203933716,0.6769904494285583,-0.2012622654438018,0.9999822974205016,0.510701060295105,0.677386462688446,-0.2024235874414444,0.999984323978424,0.5127802491188049,0.677359938621521,-0.2024370282888412,0.9999849796295166,0.5146609544754028,0.6770666241645813,-0.2024258077144622,0.999984085559845,0.4980463981628418,0.6714615821838379,-0.1379488408565521,0.9999635219573976,0.5175221562385559,0.6715256571769714,-0.1443069279193878,0.9999666213989258,0.5038859844207764,0.6582933068275452,-0.1849123388528823,0.9999914169311525,0.5119463205337524,0.6589257717132568,-0.1867696195840835,0.9999918341636658,0.4826959073543548,0.6143979430198669,-0.0821309834718704,0.9999826550483704,0.5318280458450317,0.6108945608139038,-0.0919463485479354,0.9999516010284424,0.4762618243694305,0.5433142185211182,-0.0440125428140163,0.99222993850708,0.5370656251907349,0.5382724404335022,-0.0620062723755836,0.9906315207481384,0.4758610427379608,0.4792390167713165,-0.0898949056863784,0.9880139827728271,0.5375937223434448,0.473603218793869,-0.102188728749752,0.9760581254959106,0.4738570153713226,0.4613984227180481,-0.1054322868585586,0.9709753394126892,0.5401908755302429,0.453271210193634,-0.1173599958419799,0.9463233351707458,0.4771887362003326,0.4605582654476166,-0.1239553540945053,0.9735769033432008,0.5364900827407837,0.4514480531215668,-0.1354527622461319,0.9498962163925172,0.4786952435970306,0.46657395362854,-0.0978997871279716,0.9672747850418092,0.5342956781387329,0.4584158062934875,-0.1096788421273231,0.9411431550979614,0.4961415529251098,0.4904696345329284,0.0028875484131276,0.9997565150260924,0.5239221453666687,0.4887643754482269,-0.0029691339004784,0.9996688961982728,0.495199054479599,0.3786294460296631,-0.0104000577703118,0.9720613360404968,0.52027428150177,0.3820202946662903,-0.0106287086382508,0.9608426094055176,0.4996915161609649,0.279618501663208,0.0543863102793693,0.9736725687980652,0.5189338326454163,0.2792643308639526,0.0589246749877929,0.9549015760421752,0.5033499002456665,0.2693171799182892,0.0563407093286514,0.7658575177192688,0.5188672542572021,0.2687502205371856,0.0614646896719932,0.6071330904960632,0.4994889497756958,0.2384518384933471,-0.0200509000569582,0.964236855506897,0.5173057317733765,0.2438045144081115,-0.0143732111901044,0.9446812868118286,sujin_pick_up_variation_04,18.35756,19.235384,18.788294,18.027756,16.155494,13.0,10.77033,7.615773,4.242641,2.0,3.605551,6.082763,9.055385,12.041595,15.0,17.029386,19.104973,20.396078,19.924859,18.384776,16.124515,14.21267,10.816654,8.246211,7.28011,7.81025,5.830952,2.236068,4.123106,8.0,12.041595,16.124515,18.11077,21.213203,21.213203,21.213203,20.396078,18.439089,14.317821,12.649111,9.848858,7.211103,5.0,4.0,5.0,5.830952,8.246211,9.0,10.198039,12.083046,13.601471,16.278821,7.211103,9.899495,12.206556,14.422205,16.401219,16.401219,17.029386,15.556349,14.866069,13.453624,12.041595,10.630146,8.485281,7.211103,6.324555,6.082763,7.615773,10.0,12.041595,14.866069,15.556349,16.970563,16.278821,14.866069,13.453624,10.630146,14.866069,16.278821,17.029386,17.029386,16.401219,14.21267,11.401754,8.602325,5.656854,3.162278,3.605551,5.0,7.211103,8.944272,10.816654,12.206556,14.21267,15.556349,16.278821,17.804494,17.204651,16.643317,15.811388,13.038405,10.630146,7.211103,20.615528,17.888544,15.264338,11.661904,8.062258,5.09902,4.123106,4.242641,5.0,5.830952,5.830952,5.830952,5.385165,5.385165,6.082763,6.0,6.082763,7.071068,7.28011,7.615773,7.615773,7.615773,7.211103,5.830952,5.0,4.472136,15.132746,14.56022,17.0,18.867962,22.203603,24.413111,26.627054,27.784888,28.178006,26.925824,25.298221,23.769729,21.587033,19.416488,17.262677,14.317821,12.369317,10.77033,9.433981,8.602325,10.440307,13.152946,16.03122,19.104973,22.203603,22.561028
sujin_pick_up_variation_04,336,112,11.201473684210526,29.9960531509012,10,0.5076878666877747,0.6688382625579834,-0.200344368815422,0.9999956488609314,0.5042377710342407,0.6775751113891602,-0.1915685683488845,0.9999850988388062,0.5023979544639587,0.6773532629013062,-0.1915636658668518,0.9999851584434508,0.5010260343551636,0.677208423614502,-0.1915706545114517,0.9999833106994628,0.510610818862915,0.677510142326355,-0.1927221864461898,0.9999849200248718,0.5127054452896118,0.6774632334709167,-0.1927300244569778,0.9999854564666748,0.5145530700683594,0.6771811246871948,-0.1927183419466018,0.999984622001648,0.4979773759841919,0.6715710163116455,-0.1284444034099578,0.9999651908874512,0.5174495577812195,0.6715345978736877,-0.1347704976797104,0.9999675750732422,0.5037873983383179,0.6583845615386963,-0.1759194284677505,0.9999918937683104,0.5118677616119385,0.6589703559875488,-0.1777591854333877,0.9999921917915344,0.4826722741127014,0.614379346370697,-0.0751743242144584,0.9999834895133972,0.5318018198013306,0.6108764410018921,-0.0846517533063888,0.9999516010284424,0.4762347042560577,0.5433130860328674,-0.0385333783924579,0.9924692511558532,0.5370376706123352,0.538247287273407,-0.0558523759245872,0.9905918836593628,0.4758549034595489,0.479168027639389,-0.0852023363113403,0.9884119629859924,0.537566602230072,0.4735854268074035,-0.0966832712292671,0.9760003089904784,0.4738468527793884,0.4613462388515472,-0.1010989844799041,0.9715896844863892,0.5401545763015747,0.4531084299087524,-0.1121167987585067,0.9462614059448242,0.477184385061264,0.4604671597480774,-0.1193059533834457,0.9741455912590028,0.5363722443580627,0.4513978362083435,-0.1300689876079559,0.9498018622398376,0.478689044713974,0.46646848320961,-0.0931340306997299,0.96791273355484,0.5341952443122864,0.4583800137042999,-0.1041904762387275,0.9410540461540222,0.496120423078537,0.4901089668273926,0.0029707648791372,0.9997631311416626,0.5239172577857971,0.488410621881485,-0.0030497959814965,0.9996730089187622,0.4950596988201141,0.3782137036323547,-0.0106191057711839,0.9723180532455444,0.5202680826187134,0.3817413449287414,-0.010898632928729,0.9610186219215392,0.4997747242450714,0.2796069681644439,0.0568699724972248,0.9739573001861572,0.5189687609672546,0.2793663442134857,0.0604169890284538,0.9550961256027222,0.5035437941551208,0.2692498862743377,0.0592309162020683,0.7678158283233643,0.5189290642738342,0.2687975466251373,0.063255175948143,0.6079398393630981,0.4993987083435058,0.2384224236011505,-0.0161693580448627,0.96440988779068,0.5173202157020569,0.2438002973794937,-0.0118860360234975,0.9449418187141418,sujin_pick_up_variation_04,7.28011,2.828427,3.605551,6.708204,10.77033,13.601471,15.524175,16.492423,17.464249,17.464249,16.763055,15.524175,14.866069,12.083046,10.0,7.81025,5.0,5.656854,9.219544,13.0,17.262677,19.924859,21.931712,22.472205,20.615528,19.104973,22.627417,24.758837,25.455844,25.455844,23.345235,20.518285,16.970563,12.041595,7.211103,3.162278,5.09902,8.0,11.18034,13.601471,15.811388,15.811388,16.155494,17.0,17.204651,17.029386,17.029386,16.643317,15.231546,15.524175,14.142136,13.0,27.202941,25.632011,22.847319,18.788294,14.317821,10.440307,8.062258,6.324555,7.071068,8.602325,10.29563,12.529964,13.892444,15.811388,17.204651,17.804494,17.691806,17.029386,15.0,13.038405,10.77033,9.055385,9.486833,10.630146,12.041595,14.422205,7.071068,4.472136,5.09902,7.28011,11.7047,14.317821,16.552945,18.384776,18.973666,19.416488,18.248288,17.029386,16.03122,14.142136,12.165525,9.219544,7.071068,5.0,4.242641,6.324555,10.049876,14.035669,18.027756,22.090722,26.172505,27.45906,6.403124,8.544004,10.77033,10.440307,11.7047,10.77033,9.848858,8.944272,6.708204,5.385165,4.123106,3.0,3.162278,2.828427,3.605551,3.162278,4.0,4.123106,5.385165,5.830952,7.211103,8.485281,9.219544,10.630146,12.041595,11.313708,24.413111,26.925824,27.730849,28.231188,26.570661,24.041631,20.880613,18.027756,16.155494,13.892444,12.041595,12.806248,12.529964,13.0,13.601471,15.524175,16.492423,17.464249,18.439089,19.646883,18.973666,18.027756,16.155494,13.928388,10.440307,8.062258
sujin_pick_up_variation_04,339,113,11.301486842105264,29.9960531509012,10,0.5076254606246948,0.6691415905952454,-0.1986987888813018,0.9999958872795104,0.5041857361793518,0.6777620911598206,-0.1897912770509719,0.9999857544898988,0.5023462176322937,0.677520215511322,-0.1897875368595123,0.9999858140945436,0.5009686350822449,0.6774054765701294,-0.1897944658994674,0.9999841451644896,0.5105445981025696,0.6776499152183533,-0.1910103112459182,0.99998539686203,0.5126426219940186,0.677578866481781,-0.1910189986228943,0.9999858140945436,0.5144445896148682,0.6773136258125305,-0.1910087317228317,0.9999849796295166,0.4979152977466583,0.671669065952301,-0.1266484558582306,0.9999665021896362,0.5173733830451965,0.6715465784072876,-0.1332893818616867,0.9999682307243348,0.5037092566490173,0.6585081815719604,-0.1743392050266266,0.999992311000824,0.5118021965026855,0.6590622067451477,-0.1762702614068985,0.9999924898147584,0.4826601445674896,0.6142913699150085,-0.0737776011228561,0.9999841451644896,0.5317761898040771,0.6108414530754089,-0.0836966782808303,0.9999510645866394,0.4762328565120697,0.5432465076446533,-0.0372034087777137,0.9926632046699524,0.5370151400566101,0.5381571650505066,-0.0550056025385856,0.9905138611793518,0.4758429527282715,0.4790927469730377,-0.0836076959967613,0.988745927810669,0.53753662109375,0.4734683334827423,-0.0956009700894355,0.9757747054100036,0.4738441109657287,0.4612788259983063,-0.0994350761175155,0.9720855951309204,0.5401491522789001,0.4527266025543213,-0.1110009476542472,0.9458836913108826,0.4771814048290252,0.4603805840015411,-0.1175998896360397,0.9746024012565612,0.5363053679466248,0.4512180089950561,-0.1289283484220504,0.9494048953056335,0.4786872565746307,0.4663809239864349,-0.0915140435099601,0.9684141278266908,0.5341058969497681,0.4581737518310547,-0.1031093746423721,0.9406362175941468,0.4960821270942688,0.489612728357315,0.0031445506028831,0.9997683763504028,0.5238943696022034,0.4880123436450958,-0.0032222112640738,0.9996755123138428,0.4949375689029693,0.3776613771915436,-0.0106104677543044,0.972631573677063,0.5202876925468445,0.381205677986145,-0.0110225565731525,0.9612598419189452,0.4998535513877868,0.2795436382293701,0.0593865998089313,0.9742695093154908,0.519009530544281,0.279373288154602,0.0618537701666355,0.9554284811019896,0.5036866068840027,0.2689946591854095,0.0619531013071537,0.7701118588447571,0.5189822912216187,0.2687941193580627,0.0648556277155876,0.6090081334114075,0.499341607093811,0.238357737660408,-0.0129309026524424,0.9646543860435486,0.5173195600509644,0.2437853515148162,-0.0100266272202134,0.945375919342041,sujin_pick_up_variation_04,6.403124,3.0,4.123106,8.062258,11.401754,13.601471,16.155494,17.088007,18.384776,18.384776,18.027756,16.763055,15.524175,13.152946,11.045361,8.246211,6.403124,6.0,8.602325,12.806248,15.652476,18.027756,19.416488,20.099751,19.026298,17.464249,22.803509,25.0,25.96151,25.96151,24.041631,21.84033,17.464249,13.152946,8.0,5.0,5.0,7.615773,10.816654,12.806248,14.142136,15.556349,15.620499,15.811388,15.652476,15.811388,15.297059,15.0,14.142136,13.601471,13.416408,11.661904,16.263455999999998,17.4267595,17.015968,16.682949,15.3007355,13.4497475,12.337675999999998,11.1191285,10.803469,10.701961,10.901649,11.0511055,11.6896385,11.190298,11.4780345,11.8981055,12.5751325,13.6004275,14.1038665,14.0270695,13.3815275,12.68269,12.90922,13.495864,13.125291,13.0112605,11.0730895,11.3815275,11.2099545,12.5000775,13.768892,14.176745,14.2594985,13.1784905,12.4008265,11.237655,10.986833,11.2321245,10.9179455,10.820365,11.109204,11.0530255,11.2875365,10.531249,10.0440035,11.6884495,13.8411345,15.150541,17.241037499999997,17.553722,17.9074325,16.8059305,6.0,8.246211,9.486833,10.440307,10.440307,10.440307,9.219544,8.246211,7.28011,5.385165,4.472136,3.605551,2.828427,3.162278,3.0,3.0,3.162278,3.605551,3.605551,4.472136,5.385165,6.082763,7.071068,9.0,10.049876,10.049876,20.880613,22.472205,23.706539,23.323808,23.021729,20.808652,17.804494,15.811388,13.416408,11.7047,10.198039,10.0,10.198039,11.401754,12.083046,13.0,14.317821,15.652476,16.552945,16.552945,17.088007,15.811388,14.56022,11.7047,9.848858,7.211103
sujin_pick_up_variation_04,342,114,11.4015,29.9960531509012,10,0.5075913667678833,0.6694156527519226,-0.1993124186992645,0.9999960660934448,0.5041577816009521,0.677919864654541,-0.1905470043420791,0.9999862909317015,0.5023102164268494,0.6776507496833801,-0.1905426383018493,0.9999863505363464,0.5009235143661499,0.6775506138801575,-0.1905502527952194,0.9999849200248718,0.5105037093162537,0.6777883172035217,-0.191760167479515,0.9999857544898988,0.51259845495224,0.6776957511901855,-0.1917687505483627,0.9999861121177672,0.5143581628799438,0.6774488687515259,-0.1917591840028762,0.9999852776527404,0.4978642165660858,0.6717411279678345,-0.1275675892829895,0.9999677538871764,0.5173044800758362,0.6715812683105469,-0.134085476398468,0.9999687075614928,0.503667414188385,0.6586278676986694,-0.1749316155910492,0.9999926686286926,0.5117645263671875,0.6591879725456238,-0.1768380105495453,0.9999927282333374,0.4826571047306061,0.6142851114273071,-0.0743474811315536,0.9999848008155824,0.5317413806915283,0.610817551612854,-0.0838679149746894,0.999950647354126,0.4762261211872101,0.5432813763618469,-0.036903440952301,0.9928500652313232,0.5369885563850403,0.5381070375442505,-0.0545047856867313,0.9903915524482728,0.4758391380310058,0.479067325592041,-0.0824223682284355,0.9890350103378296,0.5375450253486633,0.473319798707962,-0.0945877581834793,0.9754135012626648,0.4738389551639557,0.4612755179405212,-0.0979302451014518,0.9725143313407898,0.5401520133018494,0.4525198638439178,-0.1097482368350029,0.9452501535415648,0.4771777093410492,0.4603742659091949,-0.1161822602152824,0.9750015139579772,0.536305844783783,0.4512185156345367,-0.127888798713684,0.9487878680229188,0.4786848425865173,0.4663655757904053,-0.0903114080429077,0.968844473361969,0.5341041088104248,0.4581616818904876,-0.1021809726953506,0.939986288547516,0.495996356010437,0.4896019697189331,0.0031499427277594,0.9997721314430236,0.5238006711006165,0.4879857897758484,-0.0032272741664201,0.9996763467788696,0.4948179423809051,0.3775430023670196,-0.01164145860821,0.9728618264198304,0.5202816724777222,0.3810456693172455,-0.0114142354577779,0.9612013697624208,0.4998807609081268,0.2795249223709106,0.0587360262870788,0.9743840098381042,0.5190263390541077,0.2793963253498077,0.0616277493536472,0.9553084969520568,0.5037201642990112,0.268984705209732,0.0610952191054821,0.7694419622421265,0.5189865231513977,0.2688148021697998,0.0644822493195533,0.6081345677375793,0.4993342757225036,0.2382006347179412,-0.0142969749867916,0.9646035432815552,0.5173187851905823,0.2432770580053329,-0.0105980345979332,0.9452903866767884,sujin_pick_up_variation_04,17.492856,19.209373,18.439089,17.691806,15.556349,12.727922,9.899495,7.211103,4.472136,2.828427,4.123106,7.0,10.049876,13.341664,15.524175,18.027756,20.248457,21.023796,21.095023,20.0,17.691806,15.0,12.083046,9.055385,7.28011,7.071068,5.385165,2.0,2.236068,6.403124,10.816654,14.422205,17.492856,19.723083,20.59126,21.023796,19.235384,17.464249,14.866069,12.369317,10.049876,8.062258,5.830952,5.0,5.0,6.324555,7.81025,8.602325,9.848858,11.045361,12.165525,14.866069,7.81025,11.401754,13.601471,15.811388,17.204651,17.204651,17.029386,16.278821,15.556349,13.453624,12.041595,10.630146,9.219544,8.062258,7.28011,7.071068,9.486833,11.661904,13.601471,15.620499,17.691806,17.691806,17.691806,16.278821,14.866069,12.041595,14.422205,16.643317,16.643317,18.027756,15.264338,13.892444,11.18034,8.062258,5.0,2.236068,2.828427,4.472136,6.708204,8.944272,10.29563,12.206556,14.21267,14.866069,16.278821,17.029386,17.204651,16.643317,15.264338,12.206556,10.0,6.403124,5.385165,7.071068,9.0,10.0,10.049876,10.049876,9.055385,8.062258,7.0,5.0,5.0,3.162278,3.605551,2.828427,2.236068,3.162278,3.0,3.162278,3.605551,4.242641,5.830952,5.830952,7.615773,8.544004,8.944272,10.29563,20.615528,21.931712,22.671568,22.803509,21.633308,19.723083,17.492856,14.422205,12.806248,11.313708,9.433981,9.848858,10.198039,11.045361,12.0,13.038405,13.038405,15.033296,15.033296,16.03122,16.0,15.0,14.035669,11.0,9.0,6.324555
sujin_pick_up_variation_04,345,115,11.501513157894736,29.9960531509012,10,0.5075397491455078,0.6696423292160034,-0.1996450573205948,0.9999962449073792,0.5041155219078064,0.6780434250831604,-0.1910372823476791,0.99998676776886,0.5022664666175842,0.6777554154396057,-0.1910325586795807,0.9999868869781494,0.5008660554885864,0.6776602864265442,-0.1910409033298492,0.9999856352806092,0.510448694229126,0.6779142022132874,-0.1921376436948776,0.9999860525131226,0.5125488638877869,0.6778020262718201,-0.1921460628509521,0.9999863505363464,0.5142735838890076,0.6775815486907959,-0.1921372413635254,0.9999854564666748,0.497791588306427,0.6717948913574219,-0.1283225566148758,0.999968945980072,0.5172274708747864,0.6716428995132446,-0.134348377585411,0.9999688863754272,0.5036181211471558,0.6587209701538086,-0.1753213852643966,0.9999930262565612,0.5117149949073792,0.6592980027198792,-0.1770843863487243,0.9999929070472716,0.4826441407203674,0.6142724752426147,-0.0752728208899498,0.9999855160713196,0.5316844582557678,0.6108264327049255,-0.0836468860507011,0.9999500513076782,0.4762155413627624,0.5432945489883423,-0.0382823497056961,0.9930561184883118,0.5369822382926941,0.5382811427116394,-0.0540256313979625,0.9901980757713318,0.4758260548114776,0.4790455102920532,-0.0842188894748687,0.9893915057182312,0.5375517010688782,0.4733016788959503,-0.0937618538737297,0.9748860001564026,0.4738273024559021,0.4612723290920257,-0.0997932404279708,0.9731419682502748,0.5401468873023987,0.4525182843208313,-0.108751930296421,0.9443132877349854,0.477175235748291,0.4603697657585144,-0.1181475296616554,0.9755801558494568,0.536311686038971,0.4512652158737182,-0.1270444393157959,0.947892129421234,0.4786828458309173,0.4663425087928772,-0.0921431109309196,0.9694858193397522,0.5341100692749023,0.4581823945045471,-0.1014195010066032,0.9390442371368408,0.495932936668396,0.4896519482135772,0.0031508582178503,0.9997762441635132,0.5237093567848206,0.4880212247371673,-0.0032280785962939,0.9996783137321472,0.4947682023048401,0.3775170445442199,-0.0131774600595235,0.9730961322784424,0.5202871561050415,0.380756139755249,-0.0120126279070973,0.9612497687339784,0.4999684691429138,0.2795009016990661,0.0582868307828903,0.9745421409606934,0.5190538167953491,0.2793722748756408,0.0610860213637352,0.9553681015968324,0.5038138031959534,0.2689717710018158,0.0609517470002174,0.7694697976112366,0.5189902782440186,0.2687393724918365,0.0640065371990203,0.6076949834823608,0.4993351101875305,0.2381927520036697,-0.0146484524011611,0.9646471738815308,0.5174115896224976,0.2430466264486313,-0.0111239263787865,0.9453502297401428,sujin_pick_up_variation_04,17.088007,18.681542,18.439089,18.248288,16.278821,13.152946,10.198039,7.28011,4.472136,3.162278,4.472136,7.071068,9.433981,11.661904,15.652476,17.464249,19.313208,19.924859,20.615528,19.235384,17.029386,14.142136,11.7047,9.219544,7.615773,7.0,6.0,2.236068,2.828427,6.708204,10.77033,14.56022,17.464249,19.416488,20.223748,19.235384,19.104973,17.029386,14.0,11.045361,9.219544,6.708204,4.242641,4.123106,4.472136,5.656854,6.324555,8.062258,9.219544,10.29563,12.041595,13.601471,7.615773,10.198039,13.038405,15.033296,17.029386,17.117243,17.262677,16.278821,14.56022,13.601471,11.7047,10.440307,9.219544,8.062258,6.082763,6.403124,8.602325,10.29563,12.649111,14.56022,16.492423,17.720045,16.492423,15.524175,13.341664,11.18034,13.928388,15.811388,17.088007,16.155494,15.231546,13.416408,11.18034,7.615773,4.472136,2.236068,2.236068,5.0,7.071068,8.062258,11.0,12.0,13.038405,15.297059,16.492423,16.763055,17.088007,16.552945,14.317821,12.083046,9.486833,6.0,5.0,7.211103,8.944272,9.433981,10.29563,9.433981,8.602325,7.211103,6.708204,5.385165,4.123106,4.0,4.123106,3.605551,3.605551,4.242641,4.472136,4.123106,5.0,6.0,7.071068,7.28011,8.544004,9.848858,10.77033,10.440307,19.235384,21.095023,22.0,23.086793,21.213203,20.223748,17.262677,14.142136,12.041595,10.049876,9.219544,8.944272,8.602325,9.899495,10.0,10.816654,13.038405,13.038405,14.422205,15.0,15.0,14.21267,12.041595,10.630146,7.81025,5.385165
sujin_pick_up_variation_04,348,116,11.601526315789474,29.9960531509012,10,0.507466733455658,0.669853925704956,-0.2000531554222107,0.9999963641166688,0.5040602087974548,0.6781602501869202,-0.1914239525794983,0.9999871850013732,0.5022169351577759,0.6778557896614075,-0.1914187371730804,0.9999873638153076,0.5008023977279663,0.67775958776474,-0.1914263367652893,0.9999862313270568,0.5103833675384521,0.6780396103858948,-0.1925146877765655,0.9999862909317015,0.512498140335083,0.6779073476791382,-0.1925236284732818,0.9999865293502808,0.514194905757904,0.6777106523513794,-0.192514568567276,0.9999856352806092,0.4977244734764099,0.6718459129333496,-0.1284102946519851,0.999970018863678,0.5171661972999573,0.6716993451118469,-0.134406104683876,0.9999690651893616,0.5035590529441833,0.65882807970047,-0.1756096333265304,0.9999933242797852,0.5116614103317261,0.6594038009643555,-0.1773668080568313,0.999993085861206,0.4826414883136749,0.6142709255218506,-0.0753318518400192,0.9999861121177672,0.5316146016120911,0.6109315156936646,-0.0829119607806205,0.9999493956565856,0.4761976897716522,0.5433324575424194,-0.0383730791509151,0.9932070374488832,0.5369577407836914,0.539002001285553,-0.0526523999869823,0.9899367690086364,0.4757767617702484,0.4790411591529846,-0.0845969095826149,0.9896366000175476,0.5373931527137756,0.473439872264862,-0.0926405861973762,0.9742563366889954,0.4738057851791382,0.4612690210342407,-0.100263312458992,0.9735226035118104,0.5400890111923218,0.4534238874912262,-0.1076076924800872,0.9432259798049928,0.477171391248703,0.4603663086891174,-0.1187024042010307,0.975933313369751,0.5363532900810242,0.4519349634647369,-0.1261271834373474,0.9468725919723512,0.478676438331604,0.4663381576538086,-0.0925564393401146,0.9698641300201416,0.534113347530365,0.458601713180542,-0.1004090681672096,0.9379589557647704,0.495816022157669,0.4897281229496002,0.003148122690618,0.9997801184654236,0.5234859585762024,0.4881768822669983,-0.0032251216471195,0.9996803402900696,0.4946887791156769,0.3774500787258148,-0.0131368190050125,0.973367154598236,0.52028489112854,0.3804394900798797,-0.0120608871802687,0.9614496827125548,0.5000000596046448,0.2794621884822845,0.0579497627913951,0.9748542308807372,0.5190744400024414,0.2793644368648529,0.0609066002070903,0.955672025680542,0.503845751285553,0.2689614593982696,0.060477040708065,0.7700097560882568,0.5189914107322693,0.2687354385852813,0.0637625902891159,0.6082737445831299,0.4993336498737335,0.2381774336099624,-0.0151060530915856,0.9648982286453248,0.5174649953842163,0.242924153804779,-0.0112125491723418,0.9457114338874816,sujin_pick_up_variation_04,5.9568575,3.0811390000000003,3.561553,6.555531,10.199942,13.310183,15.1333255,16.8858385,17.528571,17.153288500000002,17.2317095,16.6394105,14.932573,13.4833965,10.514599,8.5588215,6.767829,7.245606499999999,10.0990195,12.8928625,16.728485,19.225254,19.9568125,20.340142,18.670482,17.008597,21.9355575,24.039936,25.210791,25.010412,24.0508005,20.770329500000003,17.513878,12.821533,8.154234500000001,4.1828735,3.162278,6.182529000000001,9.7169905,11.247024,12.768335,13.125291,13.8819345,14.4534795,14.450869,14.176745,14.3173835,13.779272,13.7649295,14.2299785,13.601471,11.8517495,7.81025,10.630146,13.601471,15.811388,17.204651,17.029386,17.691806,16.278821,15.620499,14.21267,12.041595,10.630146,9.219544,7.81025,6.324555,7.0,8.544004,10.816654,12.806248,15.620499,17.029386,17.691806,17.691806,16.278821,14.866069,11.313708,14.764823,17.0,17.0,17.0,15.652476,13.928388,10.77033,7.615773,4.472136,2.236068,2.236068,4.472136,6.708204,8.062258,10.816654,11.401754,13.453624,14.866069,15.620499,17.204651,16.643317,16.124515,14.764823,11.661904,9.433981,6.403124,21.931712,19.924859,15.524175,12.369317,8.544004,5.830952,3.605551,4.0,5.09902,6.324555,6.708204,6.708204,6.708204,6.403124,7.071068,7.81025,8.602325,8.062258,9.433981,8.944272,8.944272,7.615773,7.28011,6.082763,5.0,5.0,14.866069,15.0,16.552945,18.973666,22.561028,24.738634,27.202941,28.79236,29.546573,29.068884,26.41969,25.238859,22.203603,20.0,17.804494,15.620499,12.806248,10.29563,9.486833,8.062258,9.848858,13.601471,17.029386,19.849433,22.803509,23.853721
sujin_pick_up_variation_04,351,117,11.70153947368421,29.9960531509012,10,0.5074158906936646,0.6699439883232117,-0.191581517457962,0.9999964833259584,0.5040150880813599,0.67820805311203,-0.1826436519622802,0.9999876022338868,0.502178430557251,0.677894651889801,-0.182639867067337,0.999987781047821,0.5007531642913818,0.6777976751327515,-0.1826462745666504,0.99998676776886,0.5103328824043274,0.6781092286109924,-0.1838640123605728,0.999986469745636,0.5124555230140686,0.6779729723930359,-0.183870255947113,0.9999865889549256,0.5141347050666809,0.6777970790863037,-0.183857649564743,0.999985694885254,0.4976718127727508,0.6718684434890747,-0.1191769316792488,0.9999710321426392,0.5171211957931519,0.6717401146888733,-0.1258530765771865,0.9999690651893616,0.5035182237625122,0.6588776111602783,-0.1670679599046707,0.9999935626983644,0.5116242170333862,0.6594566702842712,-0.1690122038125991,0.9999932646751404,0.4826372861862182,0.6142768859863281,-0.0678757205605506,0.99998676776886,0.5315735340118408,0.6111270785331726,-0.0750178471207618,0.9999483823776244,0.4761753678321838,0.5434190630912781,-0.0327004045248031,0.9933843016624452,0.5369551181793213,0.5400016903877258,-0.045827567577362,0.9896495938301086,0.4757087528705597,0.4790585041046142,-0.0809325724840164,0.9899691343307496,0.5366412401199341,0.4748159348964691,-0.0869034826755523,0.9735455513000488,0.4737765491008758,0.4612745642662048,-0.0972531661391258,0.9741600751876832,0.5394588708877563,0.4554612040519714,-0.1021861582994461,0.9420289993286132,0.4771687090396881,0.4603752493858337,-0.1156063452363014,0.976515769958496,0.5360517501831055,0.4539015591144562,-0.1203744187951088,0.945726215839386,0.4786726832389831,0.4663330018520355,-0.0889269337058067,0.970518171787262,0.5336878299713135,0.4605692625045776,-0.0945688113570213,0.9366527199745178,0.4957346618175506,0.4897029101848602,0.0031628692522644,0.9997844696044922,0.5233681797981262,0.4881743192672729,-0.0032378828618675,0.9996824264526368,0.4946851730346679,0.377016544342041,-0.0129922796040773,0.9736974239349364,0.5203270316123962,0.3797588944435119,-0.0126211186870932,0.9618873596191406,0.5000256896018982,0.2793890237808227,0.0581365004181861,0.9752205610275269,0.5190908312797546,0.2793002426624298,0.060844175517559,0.95616352558136,0.5038752555847168,0.2688998878002167,0.0606543533504009,0.7715770602226257,0.518987238407135,0.2686130106449127,0.0637251660227775,0.6093097925186157,0.49932461977005,0.238174095749855,-0.0153748244047164,0.9652597904205322,0.5175057649612427,0.2428523004055023,-0.0116901146247982,0.9462062120437622,sujin_pick_up_variation_04,18.867962,19.849433,19.104973,17.691806,15.556349,13.453624,10.630146,7.211103,4.123106,2.828427,5.09902,8.062258,11.18034,14.317821,16.763055,18.973666,21.540659,21.470911,21.954498,20.0,17.691806,15.620499,12.083046,9.055385,8.246211,7.071068,5.385165,2.0,2.236068,7.071068,11.401754,15.0,18.601075,20.808652,21.633308,21.095023,19.723083,18.35756,15.231546,12.649111,10.198039,8.062258,5.385165,5.0,5.09902,6.324555,7.211103,8.602325,9.848858,11.045361,13.152946,14.866069,28.319605,26.172505,21.931712,19.104973,14.142136,10.630146,7.615773,6.0,7.615773,9.219544,12.041595,13.453624,15.620499,17.204651,18.027756,18.867962,19.235384,18.35756,16.124515,13.601471,12.041595,9.848858,10.049876,11.18034,13.928388,14.764823,7.211103,5.09902,4.242641,7.28011,11.045361,14.035669,17.117243,18.11077,19.416488,18.681542,18.027756,16.552945,14.422205,12.806248,10.630146,8.485281,6.403124,3.162278,2.236068,5.830952,9.486833,14.866069,18.788294,22.825424,26.07681,28.017851,20.880613,18.681542,15.297059,11.18034,8.246211,4.472136,3.605551,4.0,5.09902,5.385165,6.708204,7.211103,7.81025,7.81025,7.81025,8.602325,9.433981,9.433981,9.433981,9.433981,8.944272,8.544004,7.615773,7.071068,6.0,5.385165,13.892444,13.453624,14.422205,17.464249,20.248457,23.4094,26.0,27.313001,27.294688,26.925824,25.0,23.430749,21.931712,19.79899,16.970563,14.142136,12.041595,9.219544,7.615773,7.0,8.944272,12.206556,15.0,18.601075,21.633308,22.825424
sujin_pick_up_variation_04,354,118,11.801552631578948,29.9960531509012,10,0.5074037909507751,0.6699786186218262,-0.1874929070472717,0.9999966025352478,0.5039985775947571,0.6782318353652954,-0.178270012140274,0.9999880194664,0.5021598935127258,0.6779127717018127,-0.1782667934894561,0.9999881982803344,0.5007323026657104,0.6778149604797363,-0.1782737523317337,0.9999873042106628,0.5103216767311096,0.6781381964683533,-0.1797243803739547,0.9999865889549256,0.5124425292015076,0.6780009865760803,-0.1797300279140472,0.9999866485595704,0.5141201019287109,0.6778256297111511,-0.1797146648168563,0.999985694885254,0.4976508021354675,0.6718743443489075,-0.1134675368666648,0.99997216463089,0.5171080231666565,0.6717458367347717,-0.1211980730295181,0.9999691247940063,0.5035001635551453,0.6588966250419617,-0.1625066399574279,0.9999938011169434,0.5116119980812073,0.6594833731651306,-0.1647492498159408,0.9999934434890748,0.4826364517211914,0.6143209934234619,-0.0618555285036563,0.9999874234199524,0.5315574407577515,0.6113433241844177,-0.0702934339642524,0.9999467730522156,0.47613525390625,0.5438785552978516,-0.0264325477182865,0.9935766458511353,0.537004292011261,0.5416650772094727,-0.0416552238166332,0.9892693161964417,0.4755745828151703,0.479413628578186,-0.076861098408699,0.9902984499931335,0.5353842973709106,0.4799725711345672,-0.0840126723051071,0.972074806690216,0.4737159013748169,0.4616249501705169,-0.093755230307579,0.974808931350708,0.5374388098716736,0.4604377150535583,-0.0996739715337753,0.9394044876098632,0.4771698713302612,0.460794448852539,-0.1123977974057197,0.9771098494529724,0.534318745136261,0.4591694176197052,-0.1176505237817764,0.9432051181793212,0.4786695837974548,0.4665819406509399,-0.0850095972418785,0.9711642861366272,0.5321295261383057,0.4655036032199859,-0.0915844812989234,0.9337175488471984,0.4955711364746094,0.4896992444992065,0.0033825594000518,0.9997867941856384,0.5231580138206482,0.4882226884365082,-0.0034472865518182,0.9996806979179382,0.4946828782558441,0.3768087029457092,-0.0125808417797088,0.9737017750740052,0.5203602313995361,0.3791704177856445,-0.0137994736433029,0.962013840675354,0.5000515580177307,0.2793609499931335,0.0601520389318466,0.9753017425537108,0.5191265344619751,0.2792383134365082,0.0604849867522716,0.9561451077461244,0.5039038062095642,0.2688478529453277,0.0627520158886909,0.7713718414306641,0.5189878344535828,0.2685308754444122,0.0634217336773872,0.6077442169189453,0.4993242025375366,0.2382167428731918,-0.0146612115204334,0.9652588367462158,0.5176512002944946,0.2428488880395889,-0.0135984504595398,0.9460617303848268,sujin_pick_up_variation_04,17.029386,17.804494,18.027756,17.492856,15.264338,13.038405,10.29563,7.211103,3.605551,2.236068,4.123106,7.071068,10.0,13.038405,16.03122,18.11077,20.396078,21.587033,20.880613,19.697716,18.867962,16.278821,13.601471,10.77033,9.0,8.544004,5.385165,1.0,2.828427,7.211103,11.661904,14.317821,17.464249,19.313208,20.248457,20.248457,18.973666,17.720045,15.297059,13.152946,11.0,8.246211,6.708204,5.656854,5.09902,6.082763,6.708204,6.403124,7.28011,9.0,10.77033,12.206556,27.658633,25.455844,21.931712,19.104973,13.453624,9.899495,6.708204,5.0,6.708204,7.81025,10.630146,12.041595,14.21267,15.0,16.643317,17.492856,17.0,16.124515,15.264338,12.806248,10.630146,8.544004,9.0,10.77033,12.529964,14.422205,7.615773,6.0,5.656854,7.615773,11.18034,14.142136,17.117243,19.235384,19.416488,19.646883,19.313208,17.888544,16.124515,13.601471,11.401754,10.630146,7.81025,5.385165,4.123106,5.656854,8.944272,14.317821,17.888544,21.954498,26.07681,28.017851,4.242641,6.708204,7.615773,9.486833,9.848858,9.848858,8.544004,7.615773,6.324555,5.09902,5.09902,4.0,4.123106,3.605551,3.605551,3.605551,3.162278,4.0,4.123106,5.830952,6.708204,8.602325,9.219544,10.0,10.0,10.816654,19.0,21.023796,23.194827,23.537205,22.803509,19.924859,18.027756,15.811388,12.369317,11.045361,9.055385,8.544004,8.602325,8.485281,10.0,10.816654,12.206556,13.038405,14.422205,15.811388,15.0,14.21267,13.453624,11.313708,8.485281,5.830952
sujin_pick_up_variation_04,357,119,11.901565789473684,29.9960531509012,10,0.5073933005332947,0.6701014041900635,-0.1512942612171173,0.9999964833259584,0.5039829611778259,0.6783066391944885,-0.1403225213289261,0.9999879002571106,0.5021411776542664,0.6779748201370239,-0.1403293907642364,0.9999880790710448,0.5007133483886719,0.6778798699378967,-0.1403406709432602,0.9999874234199524,0.5103160738945007,0.678199052810669,-0.1421930342912674,0.9999860525131226,0.5124364495277405,0.678051233291626,-0.1421965062618255,0.9999858736991882,0.5141161680221558,0.6778668165206909,-0.1421788334846496,0.9999850392341614,0.4976362884044647,0.6719043850898743,-0.072619654238224,0.9999723434448242,0.5171067118644714,0.6717490553855896,-0.0819583907723426,0.999967873096466,0.5034725666046143,0.6589789986610413,-0.125712901353836,0.9999938011169434,0.511600911617279,0.6595614552497864,-0.1283976137638092,0.9999933242797852,0.4826348721981048,0.6143534183502197,-0.0259658712893724,0.9999879598617554,0.5315573811531067,0.611558198928833,-0.0354450903832912,0.9999430179595948,0.4759789407253265,0.5447338223457336,0.0014180375728756,0.9935060739517212,0.5375556945800781,0.5448535680770874,-0.0120944799855351,0.9884878396987916,0.4755753874778747,0.4804862737655639,-0.0618985295295715,0.9902973771095276,0.5331951975822449,0.4914103150367737,-0.0614585913717746,0.9697597026824952,0.4738893508911133,0.4625764489173889,-0.0820272862911224,0.9748743176460266,0.5335662364959717,0.4739321172237396,-0.0793363824486732,0.935563325881958,0.4775205254554748,0.4623562395572662,-0.1006157919764518,0.9771455526351928,0.5297837853431702,0.4748598933219909,-0.0957606211304664,0.939436972141266,0.4789122939109802,0.4677537083625793,-0.0705058500170707,0.9709832072257996,0.528754472732544,0.4802018404006958,-0.0684874132275581,0.928745985031128,0.495305985212326,0.4895952045917511,0.0036766396369785,0.999790906906128,0.5229519605636597,0.4882337749004364,-0.0037163603119552,0.999681830406189,0.4947195947170257,0.3767688274383545,-0.0162613969296216,0.9734560251235962,0.5206419229507446,0.3789723813533783,-0.0201165322214365,0.9613865613937378,0.500086784362793,0.2793454229831695,0.0603576377034187,0.9751508235931396,0.5192286372184753,0.2792365849018097,0.0591764934360981,0.9555916786193848,0.5039127469062805,0.2688444256782532,0.0633490458130836,0.7682418823242188,0.5190056562423706,0.2685496509075165,0.0624908879399299,0.6038437485694885,0.4994106888771057,0.2383868396282196,-0.0148512972518801,0.964878261089325,0.5178817510604858,0.2428502738475799,-0.0174603480845689,0.9451436400413512,sujin_pick_up_variation_04,17.492856,17.204651,17.804494,16.401219,14.866069,12.041595,9.219544,5.830952,3.162278,2.236068,4.0,7.28011,9.848858,12.529964,15.264338,16.643317,18.601075,19.104973,19.104973,18.601075,16.124515,13.928388,10.198039,8.062258,5.830952,5.830952,5.09902,2.0,2.828427,6.403124,10.29563,14.764823,17.0,19.235384,20.124612,18.788294,17.464249,16.155494,13.601471,11.18034,9.055385,6.082763,5.0,4.472136,5.0,6.324555,7.211103,7.81025,8.944272,10.049876,12.041595,13.341664,27.294688,23.853721,21.633308,18.027756,14.422205,10.29563,7.28011,6.082763,7.211103,8.485281,10.630146,12.727922,14.142136,16.278821,17.029386,17.804494,17.204651,17.204651,15.0,13.453624,11.401754,9.848858,9.0,10.440307,12.083046,13.892444,6.324555,4.123106,3.605551,6.0,9.219544,12.165525,14.317821,16.124515,17.029386,17.0,16.03122,15.297059,13.601471,11.7047,9.848858,8.062258,5.830952,4.123106,3.605551,5.385165,9.219544,13.341664,17.464249,21.84033,24.351591,26.400758,21.869119,19.390646500000003,16.405694,12.3715525,8.7996945,6.0413815,3.8643285,3.3839145000000004,4.5,4.7541355,5.2420925,5.915476,5.915476,6.2429435,7.54518,7.6586395,8.5146425,9.353188500000002,9.353188500000002,9.829925500000002,9.044579,8.303131,7.1619885,5.9568575,5.0,5.04951,16.3239585,15.247942,16.461069000000002,18.439089,21.78251,23.947676,26.3997795,27.838242,28.504521,28.263972000000003,26.644874,25.277513,22.8957145,21.0082315,18.900632,16.6800725,14.1752965,11.291047,9.609772,8.5731645,9.1374645,12.041523,15.7931205,19.130841,21.477754,23.2155645
sujin_pick_up_variation_04,360,120,12.00157894736842,29.9960531509012,10,0.5073667168617249,0.6703513264656067,-0.0685153901576995,0.9999948740005492,0.5039716362953186,0.6784166693687439,-0.0567466281354427,0.9999844431877136,0.5021289587020874,0.6780602335929871,-0.0567617490887641,0.9999844431877136,0.500699520111084,0.6779621243476868,-0.0567774064838886,0.9999845623970032,0.5103015303611755,0.6782830357551575,-0.0585486032068729,0.9999810457229614,0.5124284029006958,0.6781103610992432,-0.0585460215806961,0.999980092048645,0.5141134858131409,0.6779058575630188,-0.0585293844342231,0.999980330467224,0.4976293444633484,0.671942949295044,0.0060297204181551,0.9999664425849916,0.5171052813529968,0.6717550754547119,-0.0028257069643586,0.9999588131904602,0.503436803817749,0.659142792224884,-0.0452170968055725,0.9999917149543762,0.5115902423858643,0.6597220301628113,-0.0477301590144634,0.9999909996986388,0.4826386570930481,0.6146223545074463,0.0373850278556346,0.9999879002571106,0.5315467715263367,0.611720860004425,0.0299799926578998,0.999929428100586,0.475963294506073,0.5526517033576965,0.0498309843242168,0.992234468460083,0.5380308032035828,0.5496086478233337,0.0326240696012973,0.985724925994873,0.4755972027778625,0.494367241859436,-0.013286480680108,0.9895068407058716,0.5325578451156616,0.5129513144493103,-0.0313936658203601,0.9667273163795472,0.4740122258663177,0.4730736315250397,-0.033689834177494,0.9737647771835328,0.5314126014709473,0.4965361356735229,-0.0510742664337158,0.9316778182983398,0.4777013957500458,0.4741208553314209,-0.0481410101056098,0.976039707660675,0.527956485748291,0.5009317994117737,-0.0640341192483902,0.9357412457466124,0.4790974259376526,0.4790685474872589,-0.0206191837787628,0.969331681728363,0.5274779200553894,0.5060174465179443,-0.0377507545053958,0.9243003726005554,0.4942818880081177,0.4888797998428345,0.0035687955096364,0.9997931122779846,0.5219323039054871,0.4868485629558563,-0.0035861206706613,0.9996811151504515,0.494791179895401,0.3755474984645843,-0.0185698959976434,0.9735788702964784,0.5207138061523438,0.3776847422122955,-0.0258074346929788,0.9587690234184264,0.5000874996185303,0.2793376445770263,0.0600219592452049,0.9747853875160216,0.5192908644676208,0.2791224718093872,0.0542130917310714,0.9542249441146852,0.503831684589386,0.2688394784927368,0.0628918558359146,0.7549466490745544,0.5189973711967468,0.2684993743896484,0.0577921904623508,0.5954523086547852,0.4996725916862488,0.238478198647499,-0.0150515930727124,0.96386057138443,0.5182068347930908,0.2428357750177383,-0.0196802243590354,0.943486511707306,sujin_pick_up_variation_04,5.656854,2.236068,2.828427,6.403124,10.630146,13.453624,15.620499,17.029386,17.804494,17.804494,17.029386,15.620499,14.142136,12.041595,10.29563,7.071068,5.830952,7.615773,11.0,14.56022,18.384776,20.59126,21.633308,22.022716,21.213203,19.209373,20.0,22.203603,23.021729,22.472205,22.472205,19.723083,16.124515,12.529964,7.615773,4.0,3.0,5.830952,7.81025,9.899495,11.401754,13.601471,13.892444,13.928388,13.341664,14.035669,14.142136,14.56022,15.231546,15.264338,14.21267,12.041595,7.28011,11.18034,13.892444,15.811388,17.492856,18.35756,17.888544,16.552945,16.155494,13.928388,12.649111,10.77033,8.944272,7.81025,7.211103,7.615773,9.0,11.18034,13.341664,15.811388,16.763055,17.720045,17.720045,16.763055,14.56022,11.7047,15.132746,16.124515,17.117243,17.029386,16.03122,14.0,11.0,8.0,5.09902,2.236068,2.0,4.242641,6.403124,8.602325,10.0,13.038405,13.416408,14.866069,15.811388,16.492423,17.117243,16.124515,15.033296,12.041595,9.219544,5.830952,5.656854,7.211103,8.944272,10.29563,9.848858,9.848858,8.944272,7.615773,6.324555,6.082763,5.0,5.09902,5.09902,4.472136,5.0,4.242641,4.472136,4.123106,5.0,6.324555,7.615773,9.848858,10.29563,11.661904,13.416408,13.928388,22.847319,25.298221,26.683328,27.294688,25.079872,24.020824,21.023796,18.027756,15.132746,13.341664,11.7047,10.816654,11.313708,11.401754,12.529964,12.529964,14.317821,15.231546,16.552945,17.0,17.0,16.124515,14.422205,12.206556,9.433981,7.28011
sujin_pick_up_variation_04,363,121,12.101592105263158,29.9960531509012,10,0.5073570609092712,0.6703100800514221,-0.0663838908076286,0.9999894499778748,0.5039525032043457,0.6783714294433594,-0.0550763271749019,0.9999715089797974,0.5021154284477234,0.678020715713501,-0.055096436291933,0.9999699592590332,0.5006822943687439,0.6779115200042725,-0.0551150180399417,0.9999719262123108,0.51026850938797,0.678248941898346,-0.0570784620940685,0.9999638199806212,0.5123846530914307,0.6780782341957092,-0.05707897990942,0.999960958957672,0.5140576958656311,0.6778793931007385,-0.0570753216743469,0.9999645948410034,0.4975380301475525,0.6718682646751404,0.0077193207107484,0.9999433159828186,0.5170373320579529,0.6717042922973633,-0.0019588016439229,0.9999293684959412,0.5034177303314209,0.6591072082519531,-0.0428877472877502,0.9999815225601196,0.5115436911582947,0.6597174406051636,-0.0456556789577007,0.9999804496765136,0.4826297163963318,0.6144647002220154,0.0426585786044597,0.9999842047691344,0.5315149426460266,0.6123492121696472,0.0238795410841703,0.9999003410339355,0.4767853915691376,0.5579174757003784,0.0640861764550209,0.9867626428604126,0.538016140460968,0.5571674108505249,0.0092366589233279,0.9830790162086488,0.474313735961914,0.5148317813873291,0.0158908646553754,0.9858480095863342,0.5323128700256348,0.5337256789207458,-0.0585859641432762,0.964923083782196,0.4707027077674866,0.4994593262672424,0.0002725684316828,0.9682369232177734,0.5314517617225647,0.5206132531166077,-0.0759765282273292,0.9297764301300048,0.4720554053783417,0.5005744099617004,-0.0137338927015662,0.9709188938140868,0.5280965566635132,0.5252146124839783,-0.0908618420362472,0.9339410066604614,0.4744811356067657,0.505418598651886,0.0088909594342112,0.9633420705795288,0.5275090336799622,0.529827356338501,-0.0652818083763122,0.9221909046173096,0.4943029284477234,0.4853955805301666,0.0039544012397527,0.999782145023346,0.521956205368042,0.4840727746486664,-0.0039489087648689,0.9996570944786072,0.4948083162307739,0.3728924095630646,-0.0204306580126285,0.9732707142829896,0.5209332704544067,0.3734320104122162,-0.0274495389312505,0.9560497403144836,0.5000889897346497,0.2791367173194885,0.061695285141468,0.9738299250602722,0.5195137858390808,0.2786880731582641,0.0548375211656093,0.9526798129081726,0.5037974715232849,0.2685277163982391,0.0655971392989158,0.7450909614562988,0.5190680027008057,0.2679339945316314,0.0581923350691795,0.5905444622039795,0.4998617768287658,0.2385452538728714,-0.0100360475480556,0.9625417590141296,0.5184422135353088,0.2428453862667083,-0.018962325528264,0.9422868490219116,sujin_pick_up_variation_04,16.278821,17.691806,17.804494,17.804494,15.0,12.206556,9.219544,6.403124,3.605551,2.828427,5.385165,7.071068,10.049876,13.038405,16.0,18.0,20.0,20.099751,20.396078,18.681542,16.155494,13.892444,12.041595,9.848858,9.055385,9.486833,5.385165,1.414214,3.162278,7.28011,11.7047,15.231546,18.788294,20.124612,21.470911,21.095023,19.416488,18.601075,15.620499,13.453624,10.816654,8.062258,6.082763,5.09902,4.242641,4.123106,4.123106,5.656854,6.708204,8.0,10.440307,12.529964,6.324555,9.433981,12.206556,13.601471,15.811388,16.643317,16.124515,14.764823,14.317821,11.7047,10.77033,9.848858,8.062258,6.403124,5.830952,7.071068,9.055385,11.401754,13.928388,15.231546,16.552945,17.464249,17.464249,16.552945,14.317821,12.083046,15.033296,17.117243,18.027756,18.027756,16.03122,14.0,12.0,9.0,6.0,3.162278,2.0,3.605551,5.830952,7.211103,9.433981,11.18034,12.083046,13.601471,14.56022,15.297059,15.132746,15.033296,13.0,11.045361,9.055385,5.385165,19.416488,16.124515,13.038405,9.055385,6.082763,4.242641,4.123106,5.0,6.082763,6.324555,6.082763,6.324555,5.385165,5.830952,5.656854,6.403124,7.211103,7.615773,8.544004,9.848858,10.77033,9.848858,9.848858,8.544004,7.28011,6.0,14.142136,15.264338,17.464249,18.973666,23.086793,25.298221,26.925824,28.635642,27.294688,26.925824,25.0,22.803509,20.615528,18.439089,16.278821,14.866069,12.806248,10.29563,9.486833,9.0,11.401754,14.317821,17.0,19.235384,21.023796,21.540659
sujin_pick_up_variation_04,366,122,12.201605263157894,29.9960531509012,10,0.5073158144950867,0.6700848937034607,-0.0411603823304176,0.9999895095825196,0.5038806796073914,0.6781676411628723,-0.0302524957805871,0.9999729990959167,0.5020408034324646,0.6778393983840942,-0.0302884001284837,0.9999714493751526,0.5005178451538086,0.6777338981628418,-0.0303312111645936,0.9999734163284302,0.5102015137672424,0.6779735684394836,-0.0302647463977336,0.9999646544456482,0.5123055577278137,0.6777808666229248,-0.0302587747573852,0.9999610185623168,0.5139666199684143,0.67755126953125,-0.0302215255796909,0.9999648332595824,0.4971726238727569,0.6716662645339966,0.0316154062747955,0.9999470114707948,0.5168625712394714,0.6713984608650208,0.0305345766246318,0.9999313950538636,0.503282904624939,0.6589284539222717,-0.0181676261126995,0.9999822378158568,0.5114395022392273,0.6595203876495361,-0.0183965023607015,0.9999811053276062,0.4824547469615936,0.6126575469970703,0.059494636952877,0.999984860420227,0.5306496620178223,0.6132206320762634,0.0631911233067512,0.9999004602432252,0.4768247008323669,0.5528419613838196,0.0292101092636585,0.9821868538856506,0.5377026200294495,0.5552574396133423,0.0417229123413562,0.9759353399276732,0.4654963612556457,0.5492915511131287,-0.0786167308688163,0.985521137714386,0.5329505801200867,0.5507423281669617,-0.0540755242109298,0.9628713130950928,0.4588547646999359,0.5489070415496826,-0.1077136024832725,0.968849003314972,0.5318929553031921,0.5450548529624939,-0.0763845890760421,0.9286637902259828,0.4577215611934662,0.5538913607597351,-0.1177221983671188,0.971504807472229,0.5310665965080261,0.5498880743980408,-0.0871971398591995,0.9329555034637452,0.4604766964912414,0.554535984992981,-0.0865891724824905,0.9638037085533142,0.5305180549621582,0.5517398118972778,-0.0609356649219989,0.921256422996521,0.4943283498287201,0.4850190877914428,0.0025323566514998,0.999788463115692,0.5223034620285034,0.4832860827445984,-0.0024526747874915,0.9996618032455444,0.4949354231357574,0.3722406327724457,-0.0243758093565702,0.9733343124389648,0.521294116973877,0.3715457320213318,-0.027739142999053,0.9565452933311462,0.5001486539840698,0.2791279554367065,0.0681248977780342,0.972106158733368,0.5196457505226135,0.2782796323299408,0.0623167194426059,0.9518165588378906,0.5037820339202881,0.2685137391090393,0.0741177126765251,0.7323397397994995,0.5190983414649963,0.2673627734184265,0.0678545981645584,0.5902324914932251,0.500464141368866,0.2398677468299865,0.0016223875572904,0.9596571326255798,0.5185850262641907,0.2435008883476257,-0.005106926895678,0.940721035003662,sujin_pick_up_variation_04,16.492423,15.811388,15.231546,13.416408,14.764823,11.661904,7.81025,4.472136,2.0,2.236068,4.242641,7.071068,10.630146,12.806248,15.0,18.027756,19.723083,20.59126,20.615528,18.973666,17.262677,14.035669,11.045361,7.615773,5.656854,4.0,5.09902,1.0,3.162278,8.246211,13.601471,16.763055,19.924859,23.086793,23.086793,23.086793,21.18962,18.973666,16.763055,13.601471,11.18034,7.0,5.385165,3.605551,5.0,6.324555,8.062258,9.899495,10.29563,11.7047,13.341664,14.035669,6.8071135,10.1021555,12.0156105,14.226332,15.3942565,15.537863000000002,15.811388,14.722108,13.8857225,13.072165,10.905243,9.3904555,8.177126999999999,6.555531,6.0413815,6.324555,7.936254,10.2648205,12.467239,14.644137,15.7715795,15.7715795,15.7715795,15.192661,12.557764,10.848692,15.532761,16.919572000000002,18.3105695,17.6345905,16.9470375,15.1685925,11.8342755,9.018153,5.701562,3.3027755,2.9142135,4.6708305,6.737096,8.828855,10.0990195,12.5877825,13.5275475,15.0488075,16.340930999999998,16.664583,17.3355365,15.9679515,14.4887465,12.36826,9.433981,6.2429435,18.35756,15.264338,11.401754,8.602325,5.385165,3.0,4.242641,4.472136,5.385165,6.708204,6.708204,6.708204,6.324555,5.385165,5.09902,5.0,5.385165,5.830952,6.403124,7.81025,7.81025,8.485281,8.485281,7.81025,6.403124,5.0,12.165525,12.041595,14.56022,16.552945,19.697716,22.847319,24.698178,25.298221,24.738634,24.33105,23.086793,21.023796,18.0,16.0,14.0,12.041595,10.049876,8.544004,7.211103,8.602325,9.486833,13.341664,16.278821,18.439089,19.924859,21.540659
sujin_pick_up_variation_04,369,123,12.301618421052632,29.9960531509012,10,0.5069037079811096,0.6700380444526672,-0.0635493621230125,0.9999900460243224,0.5034950971603394,0.6781192421913147,-0.0532150641083717,0.9999749064445496,0.5016866326332092,0.6778172850608826,-0.0532476752996444,0.999973475933075,0.4999783635139465,0.6777220964431763,-0.0532836765050888,0.9999752640724182,0.509777843952179,0.6778520941734314,-0.0527604632079601,0.9999663829803468,0.5119222402572632,0.6776279807090759,-0.0527538992464542,0.9999624490737916,0.5135995745658875,0.6774260401725769,-0.0527171120047569,0.9999657869338988,0.4967794120311737,0.6716567873954773,0.0099897654727101,0.9999513030052184,0.5165641903877258,0.671283483505249,0.0107820024713873,0.9999344348907472,0.5029398202896118,0.6588485240936279,-0.0397270433604717,0.999983549118042,0.511127233505249,0.6594194769859314,-0.0394745022058486,0.9999822974205016,0.4819514155387878,0.6120826601982117,0.0431123934686183,0.999985933303833,0.5301712155342102,0.6135275959968567,0.05155660957098,0.99990314245224,0.4768058955669403,0.5437160730361938,0.0135758118703961,0.9825084805488586,0.5368870496749878,0.547737717628479,0.0201025512069463,0.9710434675216676,0.465958297252655,0.5705657601356506,-0.1117729991674423,0.9867265820503236,0.5336208343505859,0.5607123374938965,-0.0980411544442176,0.9649429321289062,0.4595828950405121,0.5812917947769165,-0.1380960196256637,0.97145813703537,0.5340319275856018,0.5631184577941895,-0.123267762362957,0.9331761002540588,0.4582858979701996,0.5887413620948792,-0.1441109031438827,0.9738712310791016,0.5347365140914917,0.569856584072113,-0.1300142407417297,0.937121331691742,0.4608398973941803,0.5865732431411743,-0.1172554045915603,0.9666531682014464,0.5333536267280579,0.5696194171905518,-0.1042957156896591,0.925815999507904,0.4942798912525177,0.4845107495784759,0.0016181096434593,0.9997995495796204,0.5224037766456604,0.4827950298786163,-0.0015391759807243,0.9996738433837892,0.4949450492858886,0.3720325231552124,-0.0227557010948658,0.9741634130477904,0.5214337110519409,0.3708650767803192,-0.0254419017583131,0.9575726389884948,0.5002928972244263,0.2790130972862243,0.0833760648965835,0.9715996980667114,0.5197151303291321,0.2779398262500763,0.0798967182636261,0.952374279499054,0.5037941336631775,0.2683662176132202,0.0907938554883003,0.7284589409828186,0.519097626209259,0.2668990790843963,0.0867925807833671,0.5982143878936768,0.5007786154747009,0.2398671507835388,0.0193187333643436,0.9591059684753418,0.5189003944396973,0.24374620616436,0.014421259984374,0.941408395767212,sujin_pick_up_variation_04,16.763055,16.552945,15.652476,15.264338,13.038405,11.401754,8.602325,5.830952,2.828427,2.828427,5.656854,8.485281,10.630146,14.21267,15.811388,18.027756,19.235384,18.788294,17.720045,16.278821,13.038405,10.049876,6.708204,5.0,4.123106,6.082763,2.0,3.0,8.062258,12.041595,16.03122,19.0,22.0,22.0,22.022716,20.099751,18.027756,16.03122,13.0,10.049876,7.28011,5.0,4.123106,5.385165,7.81025,9.219544,11.661904,13.0,13.341664,15.033296,15.033296,13.83682,6.403124,9.486833,12.369317,14.56022,15.524175,15.811388,15.231546,14.317821,13.892444,12.529964,10.816654,8.944272,7.615773,6.082763,6.082763,6.708204,8.485281,10.816654,13.892444,14.764823,17.0,17.0,17.0,15.652476,14.317821,12.083046,16.970563,18.384776,19.79899,19.104973,17.691806,16.278821,13.453624,9.899495,7.071068,4.472136,3.162278,4.472136,6.324555,8.544004,10.77033,12.529964,13.892444,15.811388,16.401219,17.691806,17.691806,16.970563,15.620499,12.727922,9.899495,6.708204,21.260292,18.384776,14.866069,10.630146,7.071068,4.472136,4.123106,5.0,5.656854,6.403124,7.81025,7.81025,7.211103,7.211103,6.708204,6.708204,6.324555,7.071068,7.0,7.071068,7.28011,8.246211,8.544004,7.615773,6.708204,5.0,13.341664,14.0,16.124515,18.681542,22.803509,24.738634,27.658633,28.284271,28.071338,27.018512,25.019992,23.021729,21.095023,19.104973,16.124515,14.142136,12.0,10.049876,9.486833,9.219544,11.661904,14.764823,17.464249,20.615528,23.259407,23.323808
sujin_pick_up_variation_04,372,124,12.401631578947368,29.9960531509012,10,0.5061240792274475,0.6691833734512329,-0.0359841473400592,0.9999901056289672,0.5028199553489685,0.6771765351295471,-0.0244657043367624,0.9999760985374452,0.5012604594230652,0.6768933534622192,-0.0244862902909517,0.9999745488166808,0.4994069933891296,0.676619827747345,-0.0245183985680341,0.9999763369560242,0.5088828802108765,0.6771988868713379,-0.0263460110872983,0.9999674558639526,0.5111424922943115,0.6771032214164734,-0.0263379830867052,0.999963104724884,0.5129649043083191,0.676989734172821,-0.0262966472655534,0.9999665021896362,0.4965814352035522,0.6703258156776428,0.0383018776774406,0.9999542832374572,0.516345202922821,0.6709742546081543,0.0282698143273592,0.9999372363090516,0.50270676612854,0.6578124165534973,-0.0125111453235149,0.9999842643737792,0.5106949210166931,0.6586334705352783,-0.015368222258985,0.9999831318855286,0.4835407435894012,0.6110773682594299,0.0633669570088386,0.9999867081642152,0.5304514169692993,0.6138327121734619,0.0603691227734088,0.9999039769172668,0.4768864214420318,0.5420657992362976,0.017632458359003,0.9828841090202332,0.5368412733078003,0.5463359355926514,0.0215873718261718,0.9695066809654236,0.4735229909420013,0.5861037373542786,-0.0883578360080719,0.987784743309021,0.5303154587745667,0.5630653500556946,-0.0909888297319412,0.967217206954956,0.4681693911552429,0.5967608094215393,-0.1128263846039772,0.973687469959259,0.5283541083335876,0.5701335072517395,-0.1092017441987991,0.9375627636909484,0.4651335775852203,0.6025877594947815,-0.1197725385427475,0.97585928440094,0.5298244953155518,0.5794865489006042,-0.1141024306416511,0.941107988357544,0.468443214893341,0.5993780493736267,-0.0934200212359428,0.9690090417861938,0.5294902920722961,0.5782480239868164,-0.0967614278197288,0.9300800561904908,0.4942883849143982,0.4846014976501465,0.0017111231572926,0.9998074769973756,0.5224249958992004,0.4827693700790405,-0.0016459950711578,0.9996798634529114,0.4949561655521393,0.3718822300434112,-0.0249969661235809,0.9746388792991638,0.5214278697967529,0.3706630766391754,-0.0293406024575233,0.9560049772262572,0.500433623790741,0.2788724601268768,0.0770304203033447,0.9692175388336182,0.5197740793228149,0.2778019607067108,0.0740198418498039,0.9494681358337402,0.503822922706604,0.2683655321598053,0.0837254598736763,0.7147438526153564,0.5191024541854858,0.2669015228748321,0.0804207399487495,0.593170702457428,0.5008541941642761,0.2396993339061737,0.0143633866682648,0.9555479288101196,0.5189339518547058,0.2437520921230316,0.0099257286638021,0.937501847743988,sujin_pick_up_variation_04,17.029386,17.204651,17.492856,16.124515,14.764823,12.083046,8.544004,6.324555,3.162278,2.236068,5.830952,8.944272,11.18034,13.892444,16.643317,18.867962,19.209373,19.79899,18.439089,16.643317,14.317821,11.18034,8.062258,6.403124,6.324555,5.0,2.0,4.0,8.544004,12.649111,17.088007,20.248457,21.18962,22.472205,22.472205,21.18962,18.973666,16.155494,13.928388,10.29563,8.062258,5.0,4.0,4.242641,5.830952,7.071068,9.0,11.18034,12.649111,13.892444,15.0,13.637971,6.403124,9.219544,11.661904,13.892444,15.264338,15.264338,15.0,14.21267,13.453624,12.041595,11.313708,9.219544,7.81025,5.830952,5.09902,6.082763,8.062258,9.219544,11.313708,13.453624,14.866069,15.620499,15.620499,14.21267,12.806248,10.0,15.620499,17.029386,18.439089,17.804494,17.204651,15.0,12.206556,9.219544,5.656854,3.162278,3.605551,4.472136,6.708204,8.944272,10.29563,12.529964,13.601471,15.620499,16.278821,17.029386,17.804494,17.204651,15.264338,13.601471,10.0,7.211103,20.0,18.027756,14.035669,11.045361,8.0,5.385165,4.242641,4.472136,5.09902,6.082763,6.082763,6.082763,6.0,6.0,5.09902,5.385165,5.830952,7.071068,7.071068,7.81025,8.602325,8.602325,8.602325,7.81025,5.830952,4.123106,14.21267,14.866069,17.204651,19.723083,22.825424,25.059928,26.925824,28.017851,27.802878,26.907248,25.455844,24.083189,20.615528,19.209373,17.029386,14.21267,12.727922,10.630146,9.848858,10.198039,11.045361,14.317821,16.763055,19.646883,21.587033,22.36068
sujin_pick_up_variation_04,375,125,12.501644736842104,29.9960531509012,10,0.5057797431945801,0.6691303849220276,-0.0601373054087162,0.9999842047691344,0.5025833249092102,0.6768959760665894,-0.0489075146615505,0.9999675750732422,0.5010797381401062,0.676598846912384,-0.0489303022623062,0.9999650716781616,0.4991835355758667,0.6762773394584656,-0.0489582270383834,0.999966561794281,0.5085172653198242,0.6770406365394592,-0.0494166240096092,0.9999542236328124,0.5107720494270325,0.6769486665725708,-0.0494112744927406,0.9999468326568604,0.5126867890357971,0.676846444606781,-0.0493797548115253,0.9999515414237976,0.4963411390781402,0.6700347065925598,0.0163088273257017,0.9999461770057678,0.5160564184188843,0.6708569526672363,0.0137412613257765,0.9999170899391174,0.5025516152381897,0.6576842069625854,-0.0354931391775608,0.9999811053276062,0.5104595422744751,0.6585505604743958,-0.0362551920115947,0.9999789595603944,0.4832151532173157,0.6115959286689758,0.0448629036545753,0.9999857544898988,0.5304657220840454,0.6140996217727661,0.0487636066973209,0.9998865723609924,0.476874977350235,0.5424849987030029,0.0049950466491281,0.9832682013511658,0.536953330039978,0.5462883710861206,0.0099822618067264,0.9677774310112,0.4935349225997925,0.5700775980949402,-0.0965003967285156,0.9878969788551332,0.5179339647293091,0.5665788650512695,-0.0999059751629829,0.9658455848693848,0.4989475309848785,0.5766070485115051,-0.1217178478837013,0.9733584523200988,0.5119057297706604,0.573623776435852,-0.123839646577835,0.9341965317726136,0.4988111853599548,0.5878328084945679,-0.1201391890645027,0.975214958190918,0.5124693512916565,0.5826208591461182,-0.1223036795854568,0.9366003274917604,0.4978615045547485,0.5861692428588867,-0.0977737009525299,0.9673372507095336,0.5135688185691833,0.5809375643730164,-0.1018114611506462,0.922774612903595,0.4942133724689483,0.4832333624362945,0.0017822127556428,0.9998051524162292,0.5226209759712219,0.4823412299156189,-0.0017242758767679,0.9996652603149414,0.4950152039527893,0.3715715110301971,-0.0288330875337123,0.9753443002700806,0.5214250683784485,0.3707550764083862,-0.0275876875966787,0.957092821598053,0.5005441308021545,0.2787842452526092,0.0869446173310279,0.96921968460083,0.5198484659194946,0.2778026461601257,0.0850226506590843,0.9498730301856996,0.5038996934890747,0.2683289051055908,0.0951952785253524,0.7182977199554443,0.5191242098808289,0.2669232487678528,0.0924324318766594,0.5972611904144287,0.5009059309959412,0.2396827489137649,0.0193586740642786,0.9549379348754884,0.518930196762085,0.2438813149929046,0.0159527845680713,0.93708473443985,sujin_pick_up_variation_04,12.357183,12.3165945,13.0003465,13.561729,13.0274945,13.367318,12.491499999999998,10.854102,9.7084695,8.905694,9.4471705,10.4407905,11.428062,11.8342755,13.124465,12.6622775,13.240094,14.0172775,15.321209,17.171283000000003,17.299841,16.444271999999998,15.365098,13.8766885,13.0880205,12.050227,12.409487,11.464089,11.961725,13.588893,15.0748135,16.124144,16.066373,15.103319,13.652547,11.852651000000002,10.6705205,10.8674065,10.7989655,10.7944305,9.949367,9.6055515,9.7207645,8.638026,8.9069,9.464194,10.348259,11.328428,12.456233,12.668106,13.2639865,13.439122,26.627054,23.600847,21.400935,18.439089,13.453624,10.0,6.324555,5.0,5.830952,8.485281,9.219544,10.630146,12.727922,14.142136,15.620499,16.401219,16.401219,15.811388,13.601471,12.041595,10.0,8.246211,9.219544,10.29563,12.206556,14.21267,8.246211,6.082763,4.242641,7.28011,11.0,14.0,17.029386,19.0,19.026298,19.104973,18.439089,17.720045,16.155494,14.317821,12.529964,10.0,7.211103,5.385165,3.162278,5.830952,8.544004,12.649111,18.027756,21.540659,24.166092,27.294688,7.615773,8.544004,9.219544,9.219544,9.486833,8.544004,6.708204,5.830952,3.605551,2.236068,1.0,1.0,2.0,3.0,4.123106,3.162278,3.162278,2.236068,2.0,1.414214,3.0,5.0,7.0,9.0,10.049876,11.401754,21.095023,22.203603,22.561028,23.086793,22.472205,20.248457,18.027756,15.811388,14.317821,14.142136,13.0,13.038405,13.152946,13.152946,13.341664,14.317821,13.601471,14.56022,15.524175,15.524175,15.524175,14.317821,12.369317,11.401754,8.544004,7.211103
sujin_pick_up_variation_04,378,126,12.601657894736842,29.9960531509012,10,0.5055381655693054,0.6692836880683899,-0.0692154914140701,0.9999772906303406,0.5023487210273743,0.676903486251831,-0.0581445917487144,0.9999565482139589,0.5008673667907715,0.676607072353363,-0.0581668093800544,0.999952495098114,0.4989467561244964,0.6762978434562683,-0.0581914521753788,0.999953031539917,0.5082396268844604,0.6770673990249634,-0.0585744194686412,0.9999384880065918,0.5104788541793823,0.67696213722229,-0.0585709102451801,0.9999281167984008,0.5124795436859131,0.6768492460250854,-0.05854457244277,0.9999344944953918,0.4960462152957916,0.6700637340545654,0.0076472861692309,0.9999334812164308,0.5157678127288818,0.6708976626396179,0.0056585208512842,0.9998950362205504,0.5023738741874695,0.6577614545822144,-0.0442258194088935,0.9999769926071168,0.5102823376655579,0.6586541533470154,-0.0448282919824123,0.9999741315841676,0.4825379252433777,0.6124475002288818,0.0388573482632637,0.9999822378158568,0.5304739475250244,0.6144787073135376,0.0416064523160457,0.9998688101768494,0.4766022861003876,0.5427671670913696,-0.0035942292306572,0.9830491542816162,0.5369555354118347,0.5463347434997559,0.0070304479449987,0.9667185544967652,0.4970379173755646,0.5728412866592407,-0.1000372171401977,0.987105667591095,0.5151641368865967,0.5725942850112915,-0.1012680232524871,0.9645714163780212,0.5036228895187378,0.5825982093811035,-0.1240852251648902,0.9708589315414428,0.5086172819137573,0.5829670429229736,-0.1245547756552696,0.930545687675476,0.5037955641746521,0.5935418009757996,-0.120507963001728,0.9723089933395386,0.5095608234405518,0.5916253328323364,-0.1225968971848487,0.9317387938499452,0.5022391676902771,0.5907942056655884,-0.1004648208618164,0.962639570236206,0.5105324387550354,0.5887174010276794,-0.1025048419833183,0.9151708483695984,0.4939416944980621,0.4824066758155823,0.0019794318359345,0.9997981786727904,0.5226414799690247,0.4819951951503753,-0.0019158960785716,0.9996448755264282,0.4950173795223236,0.3709588646888733,-0.0277476012706756,0.9759253263473512,0.5214195847511292,0.3706417083740234,-0.0266469195485115,0.9583370685577391,0.5006881356239319,0.2787184417247772,0.096784695982933,0.9692926406860352,0.5199798941612244,0.2777525782585144,0.0937517657876014,0.9504990577697754,0.5040630102157593,0.2683252394199371,0.1057240888476371,0.7227792143821716,0.5192568898200989,0.26692596077919,0.1017344892024993,0.6026832461357117,0.5010654330253601,0.2397813647985458,0.0287562925368547,0.9546506404876708,0.5189375877380371,0.2440676689147949,0.0237160213291645,0.9372757077217102,sujin_pick_up_variation_04,12.357183,12.3165945,13.0003465,13.561729,13.0274945,13.367318,12.491499999999998,10.854102,9.7084695,8.905694,9.4471705,10.4407905,11.428062,11.8342755,13.124465,12.6622775,13.240094,14.0172775,15.321209,17.171283000000003,17.299841,16.444271999999998,15.365098,13.8766885,13.0880205,12.050227,12.409487,11.464089,11.961725,13.588893,15.0748135,16.124144,16.066373,15.103319,13.652547,11.852651000000002,10.6705205,10.8674065,10.7989655,10.7944305,9.949367,9.6055515,9.7207645,8.638026,8.9069,9.464194,10.348259,11.328428,12.456233,12.668106,13.2639865,13.439122,26.627054,23.600847,21.400935,18.439089,13.453624,10.0,6.324555,5.0,5.830952,8.485281,9.219544,10.630146,12.727922,14.142136,15.620499,16.401219,16.401219,15.811388,13.601471,12.041595,10.0,8.246211,9.219544,10.29563,12.206556,14.21267,8.246211,6.082763,4.242641,7.28011,11.0,14.0,17.029386,19.0,19.026298,19.104973,18.439089,17.720045,16.155494,14.317821,12.529964,10.0,7.211103,5.385165,3.162278,5.830952,8.544004,12.649111,18.027756,21.540659,24.166092,27.294688,8.944272,10.77033,11.401754,11.7047,10.77033,8.944272,7.615773,4.472136,3.162278,2.0,2.236068,4.0,4.0,5.09902,6.324555,6.324555,5.385165,4.123106,3.162278,3.605551,5.09902,8.062258,10.049876,13.152946,15.811388,16.124515,24.515301,27.202941,27.856777,27.313001,26.832816,23.706539,22.36068,19.697716,18.027756,17.464249,16.278821,16.124515,16.0,16.0,16.03122,16.124515,16.124515,17.117243,17.117243,17.262677,17.117243,16.124515,15.132746,12.165525,10.440307,9.433981
