sample_id,frame_idx,pose_idx,time_sec,original_fps,target_fps,kp_0_x,kp_0_y,kp_0_z,kp_0_visibility,kp_1_x,kp_1_y,kp_1_z,kp_1_visibility,kp_2_x,kp_2_y,kp_2_z,kp_2_visibility,kp_3_x,kp_3_y,kp_3_z,kp_3_visibility,kp_4_x,kp_4_y,kp_4_z,kp_4_visibility,kp_5_x,kp_5_y,kp_5_z,kp_5_visibility,kp_6_x,kp_6_y,kp_6_z,kp_6_visibility,kp_7_x,kp_7_y,kp_7_z,kp_7_visibility,kp_8_x,kp_8_y,kp_8_z,kp_8_visibility,kp_9_x,kp_9_y,kp_9_z,kp_9_visibility,kp_10_x,kp_10_y,kp_10_z,kp_10_visibility,kp_11_x,kp_11_y,kp_11_z,kp_11_visibility,kp_12_x,kp_12_y,kp_12_z,kp_12_visibility,kp_13_x,kp_13_y,kp_13_z,kp_13_visibility,kp_14_x,kp_14_y,kp_14_z,kp_14_visibility,kp_15_x,kp_15_y,kp_15_z,kp_15_visibility,kp_16_x,kp_16_y,kp_16_z,kp_16_visibility,kp_17_x,kp_17_y,kp_17_z,kp_17_visibility,kp_18_x,kp_18_y,kp_18_z,kp_18_visibility,kp_19_x,kp_19_y,kp_19_z,kp_19_visibility,kp_20_x,kp_20_y,kp_20_z,kp_20_visibility,kp_21_x,kp_21_y,kp_21_z,kp_21_visibility,kp_22_x,kp_22_y,kp_22_z,kp_22_visibility,kp_23_x,kp_23_y,kp_23_z,kp_23_visibility,kp_24_x,kp_24_y,kp_24_z,kp_24_visibility,kp_25_x,kp_25_y,kp_25_z,kp_25_visibility,kp_26_x,kp_26_y,kp_26_z,kp_26_visibility,kp_27_x,kp_27_y,kp_27_z,kp_27_visibility,kp_28_x,kp_28_y,kp_28_z,kp_28_visibility,kp_29_x,kp_29_y,kp_29_z,kp_29_visibility,kp_30_x,kp_30_y,kp_30_z,kp_30_visibility,kp_31_x,kp_31_y,kp_31_z,kp_31_visibility,kp_32_x,kp_32_y,kp_32_z,kp_32_visibility
sujin_stand_normal_03,0,0,0.0,29.996164173379363,10,0.49560919404029846,0.26559925079345703,-0.07696361839771271,0.999171257019043,0.5002541542053223,0.2555631697177887,-0.06431678682565689,0.9984484910964966,0.5026375651359558,0.25584501028060913,-0.06435208022594452,0.9983407258987427,0.5043233633041382,0.2561100423336029,-0.06438831239938736,0.998387336730957,0.4921056032180786,0.25519633293151855,-0.06399444490671158,0.9979287385940552,0.4893990457057953,0.2551928460597992,-0.0639846920967102,0.9975180625915527,0.48720261454582214,0.2555786073207855,-0.0639706552028656,0.9978030323982239,0.508690595626831,0.2628847360610962,0.013761604204773903,0.9976394176483154,0.48415660858154297,0.2630733251571655,0.01568477228283882,0.9953931570053101,0.5002996325492859,0.2812332808971405,-0.04690345749258995,0.9986324906349182,0.4903515577316284,0.2804163098335266,-0.04646453633904457,0.9985241293907166,0.5259824991226196,0.33326441049575806,0.04803107678890228,0.9994695782661438,0.4679483473300934,0.3324509561061859,0.053707052022218704,0.9984298348426819,0.530886173248291,0.4199155867099762,-0.01651661843061447,0.9448317289352417,0.459031879901886,0.418185293674469,-0.012291857041418552,0.8837801814079285,0.4997733235359192,0.3619931936264038,-0.11022215336561203,0.9341216087341309,0.48843812942504883,0.35589268803596497,-0.12367017567157745,0.8955588340759277,0.4950030744075775,0.3408031463623047,-0.1356603056192398,0.8538656830787659,0.49267247319221497,0.33608919382095337,-0.15056757628917694,0.7976096868515015,0.4960279166698456,0.332378089427948,-0.1281116008758545,0.8459787964820862,0.490959107875824,0.3284086585044861,-0.14609664678573608,0.7781895399093628,0.4973313510417938,0.3404979109764099,-0.10956598818302155,0.7925812005996704,0.49024659395217896,0.33540135622024536,-0.12474744766950607,0.7188354134559631,0.511633574962616,0.49336519837379456,0.0023822819348424673,0.9991859793663025,0.47603923082351685,0.4925108850002289,-0.002285193419083953,0.9988234639167786,0.5118319392204285,0.6275200247764587,-0.012738288380205631,0.9830080270767212,0.4751508831977844,0.6277385950088501,-0.015152696520090103,0.9742929935455322,0.5085241794586182,0.7500017881393433,0.1140517070889473,0.9794660806655884,0.4736981689929962,0.7523515224456787,0.10993640124797821,0.9777700304985046,0.5042960047721863,0.7662798166275024,0.1220984235405922,0.8029454350471497,0.47540825605392456,0.7671154737472534,0.11728144437074661,0.7727020978927612,0.508267343044281,0.7864887714385986,0.027313832193613052,0.9666492342948914,0.47186073660850525,0.7880765199661255,0.021127045154571533,0.9649946689605713
sujin_stand_normal_03,3,1,0.10001278772378516,29.996164173379363,10,0.4955488443374634,0.26554039120674133,-0.08608195930719376,0.9992409944534302,0.5001975297927856,0.25559282302856445,-0.0728909820318222,0.9985809922218323,0.5025957822799683,0.255941778421402,-0.0729069858789444,0.9984813928604126,0.5043202042579651,0.25628530979156494,-0.07293493300676346,0.9985222220420837,0.49210911989212036,0.25519242882728577,-0.07301735132932663,0.9981071352958679,0.4894375503063202,0.2551942765712738,-0.0730169489979744,0.9977337121963501,0.4872027337551117,0.25556421279907227,-0.07299398630857468,0.9979941844940186,0.5086203217506409,0.2632749676704407,0.005978122353553772,0.9978466629981995,0.4842151999473572,0.2629883289337158,0.005341086070984602,0.9958077669143677,0.4999985992908478,0.28067705035209656,-0.0560758076608181,0.9987574815750122,0.4901203513145447,0.2797987759113312,-0.0563667006790638,0.9986599087715149,0.5258001089096069,0.3332614302635193,0.04271026328206062,0.9995126128196716,0.4675056040287018,0.3330290615558624,0.04956817626953125,0.9985490441322327,0.5324913859367371,0.4203037917613983,-0.022767964750528336,0.9485938549041748,0.45669490098953247,0.4186868965625763,-0.015862932428717613,0.8899073600769043,0.5044113993644714,0.36968159675598145,-0.13484954833984375,0.9388472437858582,0.48652172088623047,0.36768341064453125,-0.14322569966316223,0.9020137190818787,0.49911248683929443,0.35231494903564453,-0.1629154235124588,0.8634160757064819,0.492050439119339,0.3504084050655365,-0.1720326542854309,0.8088904023170471,0.49842339754104614,0.3434044122695923,-0.15550580620765686,0.8559807538986206,0.4909496605396271,0.3421345055103302,-0.16742047667503357,0.7904006838798523,0.499468058347702,0.3488490879535675,-0.13413287699222565,0.8050304055213928,0.49023494124412537,0.3470817506313324,-0.1440914124250412,0.7330023646354675,0.5116415619850159,0.4931901693344116,0.001991433557122946,0.9992250204086304,0.4759610891342163,0.4925113320350647,-0.0019152292516082525,0.998878002166748,0.5116244554519653,0.6275176405906677,-0.01969744637608528,0.983414351940155,0.4751511812210083,0.6278455257415771,-0.017381926998496056,0.9742003679275513,0.5085787177085876,0.749962329864502,0.11252660304307938,0.9795419573783875,0.4737374186515808,0.7516770958900452,0.10935577005147934,0.9774929285049438,0.5044358968734741,0.7659273147583008,0.12091933935880661,0.7983524799346924,0.4756695628166199,0.7655500769615173,0.11681509763002396,0.7698409557342529,0.5076749324798584,0.7866071462631226,0.02547755464911461,0.9666296243667603,0.47198501229286194,0.7879077196121216,0.02082778885960579,0.964718759059906
sujin_stand_normal_03,6,2,0.20002557544757033,29.996164173379363,10,0.49555519223213196,0.26515787839889526,-0.11421475559473038,0.9993137717247009,0.5002374649047852,0.2554502487182617,-0.09905178099870682,0.9987181425094604,0.5025988221168518,0.25587156414985657,-0.09907054156064987,0.9986276030540466,0.5043957233428955,0.25628137588500977,-0.09907861799001694,0.9986640810966492,0.492292582988739,0.2549936771392822,-0.10199780017137527,0.9982905387878418,0.48954716324806213,0.2550635039806366,-0.10199073702096939,0.9979535341262817,0.48730748891830444,0.25539374351501465,-0.10196485370397568,0.9981887936592102,0.5086096525192261,0.26339957118034363,-0.009885434061288834,0.9980534911155701,0.4842274487018585,0.2626765966415405,-0.02390380948781967,0.9962184429168701,0.49991339445114136,0.27962857484817505,-0.08074125647544861,0.998879611492157,0.4900960326194763,0.2784828245639801,-0.08474283665418625,0.9987921714782715,0.5253615975379944,0.3337394893169403,0.041202131658792496,0.9995594620704651,0.46572986245155334,0.3340211510658264,0.027223637327551842,0.9986836314201355,0.534581184387207,0.42197084426879883,-0.007781311869621277,0.9521617293357849,0.4514622986316681,0.4187098741531372,-0.02422233112156391,0.8985452651977539,0.5217217803001404,0.40851566195487976,-0.16330017149448395,0.9439694285392761,0.4733811020851135,0.40521177649497986,-0.17269709706306458,0.9101071953773499,0.5173503160476685,0.4031616449356079,-0.2000848799943924,0.8747166395187378,0.481300950050354,0.4036881923675537,-0.20625710487365723,0.8243473768234253,0.5171095132827759,0.3914034962654114,-0.20386871695518494,0.8680671453475952,0.48283651471138,0.39262035489082336,-0.2094295173883438,0.8075118660926819,0.5170459747314453,0.3920464515686035,-0.16829638183116913,0.8206669688224792,0.4816966652870178,0.39172104001045227,-0.17617934942245483,0.7537416219711304,0.5113245248794556,0.4918530583381653,0.004741542506963015,0.999262273311615,0.47586071491241455,0.4920201003551483,-0.004698415752500296,0.9989284873008728,0.5115081667900085,0.6265971064567566,-0.016479061916470528,0.9837401509284973,0.4751541316509247,0.6280196309089661,-0.021557170897722244,0.9739259481430054,0.5085718631744385,0.7497695088386536,0.1096070259809494,0.9799350500106812,0.4737063944339752,0.7493064999580383,0.09948447346687317,0.9771063327789307,0.5042810440063477,0.7649854421615601,0.11623752117156982,0.7995268106460571,0.47561267018318176,0.7625885009765625,0.10574038326740265,0.7681924104690552,0.5076598525047302,0.7866918444633484,0.015078369528055191,0.9673348665237427,0.47257205843925476,0.7868907451629639,0.004315001890063286,0.9648852944374084
sujin_stand_normal_03,9,3,0.3000383631713555,29.996164173379363,10,0.4955531656742096,0.26449844241142273,-0.13735070824623108,0.9993791580200195,0.5002375245094299,0.2551446855068207,-0.12383954972028732,0.9988389015197754,0.5025531053543091,0.2556300461292267,-0.12387553602457047,0.9987556338310242,0.5044960975646973,0.25615227222442627,-0.12388892471790314,0.9987882971763611,0.4923452138900757,0.25464046001434326,-0.12529267370700836,0.9984536170959473,0.4895387887954712,0.25475963950157166,-0.12529049813747406,0.9981492757797241,0.48722270131111145,0.25506463646888733,-0.1252981275320053,0.9983627796173096,0.5086395740509033,0.2634514570236206,-0.04144397750496864,0.998229444026947,0.4842202067375183,0.26226896047592163,-0.04852821305394173,0.9965864419937134,0.4999135434627533,0.2788829505443573,-0.10640987753868103,0.9989882111549377,0.49003565311431885,0.27761635184288025,-0.10838279873132706,0.9989107251167297,0.5250261425971985,0.3338223993778229,0.015470142476260662,0.9995959401130676,0.4657787084579468,0.3340056538581848,0.005592317786067724,0.998806893825531,0.5331009030342102,0.407958447933197,0.028335459530353546,0.9486733675003052,0.45031076669692993,0.4130781590938568,0.013937395997345448,0.906079113483429,0.5354775190353394,0.4427873492240906,-0.07991743087768555,0.9384775161743164,0.45860230922698975,0.44518065452575684,-0.07693085819482803,0.9150390625,0.5384404063224792,0.45767760276794434,-0.10815714299678802,0.871446430683136,0.46210387349128723,0.4642226994037628,-0.10189629346132278,0.834311306476593,0.5362340211868286,0.45503318309783936,-0.12978236377239227,0.8667553663253784,0.4675427973270416,0.45785945653915405,-0.12141667306423187,0.819650411605835,0.5342540144920349,0.45064765214920044,-0.09163516014814377,0.8210628032684326,0.46751725673675537,0.4517070949077606,-0.08605487644672394,0.7697375416755676,0.5107917785644531,0.49246498942375183,0.004112068563699722,0.9992929100990295,0.47581154108047485,0.4931412935256958,-0.004081413149833679,0.998982310295105,0.5114181637763977,0.6266881227493286,-0.025164058431982994,0.9836481213569641,0.47480344772338867,0.6291489005088806,-0.024288050830364227,0.9741299748420715,0.5084773898124695,0.7494832873344421,0.07172570377588272,0.9805079698562622,0.47369247674942017,0.7484560608863831,0.07520975172519684,0.976875901222229,0.5042990446090698,0.7651899456977844,0.07505562901496887,0.7995860576629639,0.4757133722305298,0.762718915939331,0.07902094721794128,0.7678652405738831,0.5077997446060181,0.7866774797439575,-0.02710624970495701,0.9680522084236145,0.47262313961982727,0.7862569093704224,-0.021443521603941917,0.9651476144790649
sujin_stand_normal_03,12,4,0.40005115089514065,29.996164173379363,10,0.4949999153614044,0.26431137323379517,-0.1928795874118805,0.9994405508041382,0.5000466108322144,0.2550807297229767,-0.18132749199867249,0.9989526867866516,0.5024847984313965,0.2555689513683319,-0.18134073913097382,0.9988776445388794,0.5042880773544312,0.25610873103141785,-0.18134331703186035,0.9989070296287537,0.4919669032096863,0.25444138050079346,-0.18242041766643524,0.9986054301261902,0.4892716705799103,0.25451749563217163,-0.18243221938610077,0.9983313083648682,0.48687469959259033,0.2546871602535248,-0.18244297802448273,0.998523473739624,0.5085468888282776,0.263456791639328,-0.10281344503164291,0.9984012246131897,0.4842163920402527,0.2615482211112976,-0.1087554544210434,0.9969224333763123,0.4992499351501465,0.27856454253196716,-0.16273702681064606,0.9990882873535156,0.4891929030418396,0.2771797478199005,-0.16444915533065796,0.9990186095237732,0.5249001383781433,0.3342400789260864,-0.04162118211388588,0.999634325504303,0.46580642461776733,0.33372676372528076,-0.049578774720430374,0.9989216327667236,0.531017005443573,0.41258278489112854,0.003232424845919013,0.9518356919288635,0.4508865773677826,0.41258472204208374,-0.018011773005127907,0.9132958054542542,0.5400735139846802,0.4797293245792389,-0.08013585209846497,0.9424950480461121,0.45224669575691223,0.4756627380847931,-0.08512968569993973,0.9198706746101379,0.5474855303764343,0.4969702959060669,-0.101512111723423,0.8799672722816467,0.450300395488739,0.5016419291496277,-0.10546111315488815,0.8435415029525757,0.5471982359886169,0.49741148948669434,-0.12743759155273438,0.8762074708938599,0.4545981287956238,0.5008911490440369,-0.12838850915431976,0.8308846354484558,0.5441822409629822,0.4932158291339874,-0.09246812760829926,0.834120512008667,0.4567641615867615,0.4936738610267639,-0.09532847255468369,0.7849395871162415,0.510795533657074,0.49268093705177307,0.0039021868724375963,0.9993351101875305,0.4757571518421173,0.49312517046928406,-0.003921910189092159,0.9990498423576355,0.5114467740058899,0.628446102142334,-0.019361890852451324,0.9839121699333191,0.47496408224105835,0.6302674412727356,-0.01853964477777481,0.9747253656387329,0.5085062384605408,0.7503688931465149,0.0801350548863411,0.9811645150184631,0.47374439239501953,0.7486183047294617,0.0800429955124855,0.9770330786705017,0.5042861700057983,0.7654222249984741,0.08379124104976654,0.8003741502761841,0.4760419726371765,0.7626699805259705,0.0838339552283287,0.7663690447807312,0.507466197013855,0.7875317335128784,-0.015273718163371086,0.9691956639289856,0.47279658913612366,0.786474883556366,-0.013464431278407574,0.9659173488616943
sujin_stand_normal_03,15,5,0.5000639386189258,29.996164173379363,10,0.49462881684303284,0.26398858428001404,-0.22915734350681305,0.9994953870773315,0.4996407926082611,0.2545466125011444,-0.2186327427625656,0.9990532994270325,0.5022637844085693,0.25491833686828613,-0.2186473160982132,0.9989861249923706,0.5040113925933838,0.2554302215576172,-0.21865691244602203,0.9990125298500061,0.491592675447464,0.25411850214004517,-0.21879234910011292,0.9987393021583557,0.4890289604663849,0.25427308678627014,-0.21880517899990082,0.9984922409057617,0.4865110516548157,0.2544809579849243,-0.21882247924804688,0.9986645579338074,0.508260190486908,0.2629212439060211,-0.14374011754989624,0.9985536336898804,0.48404979705810547,0.2614505887031555,-0.14482846856117249,0.9972159266471863,0.49913957715034485,0.2780177891254425,-0.20024171471595764,0.9991779327392578,0.4889221787452698,0.27687594294548035,-0.20062105357646942,0.9991146922111511,0.5251591205596924,0.3342871367931366,-0.08575740456581116,0.9996691942214966,0.46571585536003113,0.33490830659866333,-0.08033223450183868,0.9990213513374329,0.5315874218940735,0.41669121384620667,-0.0446937270462513,0.9556779265403748,0.45116308331489563,0.42066287994384766,-0.038217831403017044,0.9187904596328735,0.5377905964851379,0.4962605834007263,-0.10868987441062927,0.9466177821159363,0.4479975402355194,0.5003917217254639,-0.09067700803279877,0.9226105213165283,0.5436694622039795,0.5167225003242493,-0.12467928975820541,0.8883113861083984,0.4438636898994446,0.5243256688117981,-0.10815510153770447,0.8492082953453064,0.542763888835907,0.5174703598022461,-0.15449248254299164,0.885295033454895,0.4482510983943939,0.526458203792572,-0.13275648653507233,0.8385698795318604,0.539686381816864,0.5122961401939392,-0.1208229586482048,0.8467004895210266,0.4508037269115448,0.5185271501541138,-0.10125337541103363,0.7962405681610107,0.5103263854980469,0.4929690361022949,0.0022461176849901676,0.9993749856948853,0.4737142324447632,0.4932180345058441,-0.002341846702620387,0.9991044998168945,0.511336088180542,0.6283798217773438,-0.019175099208950996,0.9840307235717773,0.47496190667152405,0.6301670670509338,-0.010672650299966335,0.9747551679611206,0.5085019469261169,0.7503286004066467,0.08417388051748276,0.9815802574157715,0.47386154532432556,0.7484704852104187,0.09244664013385773,0.9765688180923462,0.5042906403541565,0.7648034691810608,0.08851813524961472,0.7976891398429871,0.4766569435596466,0.7613136768341064,0.09683015197515488,0.7613955140113831,0.5067442655563354,0.787585437297821,-0.010275943204760551,0.9699272513389587,0.4727770686149597,0.7866377234458923,0.002535634906962514,0.9661154747009277
sujin_stand_normal_03,18,6,0.600076726342711,29.996164173379363,10,0.49440035223960876,0.26362571120262146,-0.25151383876800537,0.9995448589324951,0.4994008243083954,0.2539295554161072,-0.24057617783546448,0.9991441369056702,0.502155601978302,0.25430911779403687,-0.24057725071907043,0.999083936214447,0.5040043592453003,0.2548210918903351,-0.24057844281196594,0.9991077780723572,0.49133503437042236,0.25330522656440735,-0.2407802790403366,0.9988604187965393,0.4887045621871948,0.25331878662109375,-0.2408057004213333,0.9986380934715271,0.4863065481185913,0.2535431981086731,-0.24081870913505554,0.9987928867340088,0.5081401467323303,0.262633740901947,-0.16443100571632385,0.9986906051635742,0.4839566946029663,0.26089927554130554,-0.16537293791770935,0.9974806904792786,0.4989120364189148,0.2775382399559021,-0.22242289781570435,0.9992586374282837,0.48865678906440735,0.2762226164340973,-0.22282324731349945,0.9992013573646545,0.5253170132637024,0.3346567153930664,-0.1040550097823143,0.9996998906135559,0.46544066071510315,0.33567869663238525,-0.10247769206762314,0.9991104006767273,0.5321650505065918,0.4225257337093353,-0.06341759860515594,0.9590929746627808,0.45255905389785767,0.4248543083667755,-0.06342672556638718,0.9246423840522766,0.5357664227485657,0.5039572715759277,-0.12330806255340576,0.9496973156929016,0.4482893943786621,0.5066485404968262,-0.11533898860216141,0.924995481967926,0.5403737425804138,0.5276892781257629,-0.1409045308828354,0.8941663503646851,0.44465798139572144,0.5323776006698608,-0.1335722655057907,0.8541089296340942,0.5401526689529419,0.5281824469566345,-0.16672705113887787,0.8919274806976318,0.4484206736087799,0.5341454744338989,-0.15869146585464478,0.8453119993209839,0.5367611050605774,0.5207030177116394,-0.13419368863105774,0.8561715483665466,0.4509565234184265,0.5257408618927002,-0.1261725127696991,0.8060175776481628,0.5098808407783508,0.49298298358917236,0.0022211873438209295,0.9994038939476013,0.4723298251628876,0.49321791529655457,-0.002323083346709609,0.9991488456726074,0.5111283659934998,0.6237167716026306,-0.01739666797220707,0.9844204783439636,0.4746370017528534,0.6274067163467407,-0.011706396006047726,0.9755188822746277,0.5084895491600037,0.7471104264259338,0.08545113354921341,0.982130229473114,0.47279486060142517,0.7483700513839722,0.09140703082084656,0.9765430092811584,0.5043314695358276,0.7588589191436768,0.08989875018596649,0.7944151759147644,0.47432878613471985,0.7594318389892578,0.09562372416257858,0.754154622554779,0.5062986612319946,0.7870818376541138,-0.01050588395446539,0.9708556532859802,0.4731939733028412,0.7869601845741272,-0.001706329989247024,0.96634840965271
sujin_stand_normal_03,21,7,0.7000895140664962,29.996164173379363,10,0.4941416382789612,0.2634849548339844,-0.26802438497543335,0.9995898604393005,0.49902528524398804,0.2536870539188385,-0.25720587372779846,0.9992278814315796,0.5018495321273804,0.2540668547153473,-0.25719985365867615,0.9991737604141235,0.5038148760795593,0.2545703947544098,-0.2572006285190582,0.9991952776908875,0.49102893471717834,0.2530285120010376,-0.2576959431171417,0.9989721179008484,0.48836222290992737,0.25301817059516907,-0.25772958993911743,0.9987720251083374,0.48595893383026123,0.2532643675804138,-0.25774067640304565,0.9989112019538879,0.5076910853385925,0.2624947726726532,-0.18010377883911133,0.9988176226615906,0.48356544971466064,0.2608157992362976,-0.18265360593795776,0.9977270364761353,0.4985831677913666,0.2773747444152832,-0.2384495586156845,0.9993320107460022,0.4883594810962677,0.2760319709777832,-0.2393052726984024,0.9992803335189819,0.5252693891525269,0.33456817269325256,-0.11583027988672256,0.9997280240058899,0.465175062417984,0.33635249733924866,-0.1184903159737587,0.9991926550865173,0.5321336388587952,0.42541706562042236,-0.07249375432729721,0.9624699950218201,0.4533076584339142,0.4269813597202301,-0.08060099929571152,0.9306914210319519,0.5350908637046814,0.5051950216293335,-0.1302342712879181,0.9532833099365234,0.4499247968196869,0.5092102289199829,-0.1326787918806076,0.9287015795707703,0.5394614934921265,0.5294848680496216,-0.14911988377571106,0.9010300040245056,0.44756367802619934,0.5355237722396851,-0.15199151635169983,0.8607966899871826,0.53489750623703,0.5300742387771606,-0.17401808500289917,0.8993313908576965,0.4512001872062683,0.5358085632324219,-0.17589855194091797,0.8534246683120728,0.5320974588394165,0.5217609405517578,-0.14081387221813202,0.8663411736488342,0.4533246159553528,0.5276207327842712,-0.14290396869182587,0.8171015977859497,0.5098492503166199,0.49168944358825684,0.002166947117075324,0.9994323253631592,0.4723960757255554,0.49270105361938477,-0.0022737160325050354,0.9991948008537292,0.5108538269996643,0.6238255500793457,-0.012450221925973892,0.984817624092102,0.47459760308265686,0.627514660358429,-0.008628051728010178,0.976132869720459,0.5080845952033997,0.7470341324806213,0.08751383423805237,0.982526957988739,0.47280779480934143,0.7481676340103149,0.09136585891246796,0.9764593839645386,0.5039352178573608,0.7588508725166321,0.09140931814908981,0.7926183938980103,0.47441360354423523,0.7593284249305725,0.0955895408987999,0.7487838864326477,0.5064705014228821,0.7873003482818604,-0.00853143259882927,0.971470057964325,0.47316986322402954,0.7870588302612305,-0.0017192935338243842,0.9663538932800293
sujin_stand_normal_03,24,8,0.8001023017902813,29.996164173379363,10,0.4933740496635437,0.26342955231666565,-0.2670072317123413,0.999630331993103,0.49820396304130554,0.2536531686782837,-0.2562800347805023,0.9993031024932861,0.5009918212890625,0.2540512681007385,-0.25627532601356506,0.9992545247077942,0.5031061172485352,0.25455647706985474,-0.2562776803970337,0.9992738962173462,0.4902961552143097,0.2530224323272705,-0.2568976581096649,0.9990726113319397,0.4877813756465912,0.2530984878540039,-0.25693318247795105,0.9988925457000732,0.48527464270591736,0.2533681392669678,-0.2569451630115509,0.9990177154541016,0.5069097876548767,0.2624830901622772,-0.17882294952869415,0.9989317059516907,0.4830338656902313,0.2608058452606201,-0.18207111954689026,0.9979490637779236,0.4980453848838806,0.27733516693115234,-0.23718294501304626,0.9993979334831238,0.4876721501350403,0.27602294087409973,-0.23824381828308105,0.9993513226509094,0.5250841379165649,0.33441299200057983,-0.11397310346364975,0.9997530579566956,0.46499189734458923,0.33644983172416687,-0.1172371581196785,0.9992675185203552,0.5321305394172668,0.4258657991886139,-0.0688718780875206,0.9654056429862976,0.4533318281173706,0.4266214370727539,-0.07891881465911865,0.9361410140991211,0.5346938371658325,0.5051401257514954,-0.12672314047813416,0.9560044407844543,0.4504249691963196,0.5084719657897949,-0.1307907998561859,0.9317554235458374,0.5390479564666748,0.5297704339027405,-0.14592428505420685,0.9061071276664734,0.44851863384246826,0.534968912601471,-0.14968369901180267,0.8661990165710449,0.5341701507568359,0.5298625826835632,-0.16982848942279816,0.904984176158905,0.4523064196109772,0.5354198813438416,-0.17321641743183136,0.8601348400115967,0.5316442847251892,0.5213356614112854,-0.13707709312438965,0.8742773532867432,0.4543065130710602,0.5266057252883911,-0.1408228874206543,0.8263458013534546,0.509682297706604,0.49145469069480896,0.002014357363805175,0.9994531273841858,0.4724210798740387,0.4925265908241272,-0.0021233914885669947,0.9992320537567139,0.5107559561729431,0.6226276159286499,-0.010763337835669518,0.9848940372467041,0.4747994840145111,0.62729811668396,-0.007294309325516224,0.9762395024299622,0.5081216096878052,0.7467554211616516,0.08204355835914612,0.9827619791030884,0.47298911213874817,0.7478082180023193,0.08803924918174744,0.975882887840271,0.5044512152671814,0.759015679359436,0.0850268080830574,0.7909099459648132,0.4744328558444977,0.7592326998710632,0.09154314547777176,0.7423918843269348,0.5058470964431763,0.787287712097168,-0.014268279075622559,0.971854031085968,0.47316959500312805,0.7862296104431152,-0.005207979120314121,0.965803861618042
sujin_stand_normal_03,27,9,0.9001150895140665,29.996164173379363,10,0.4926826059818268,0.26338109374046326,-0.2547992765903473,0.9996666312217712,0.49761608242988586,0.25354328751564026,-0.24385379254817963,0.9993703961372375,0.5004820227622986,0.2539284825325012,-0.2438538670539856,0.999326765537262,0.502558171749115,0.2544228136539459,-0.243857279419899,0.9993442296981812,0.4896030128002167,0.2528614401817322,-0.24440008401870728,0.9991624355316162,0.48697397112846375,0.25288698077201843,-0.24442879855632782,0.9990003108978271,0.4846147894859314,0.25312453508377075,-0.2444400042295456,0.9991127848625183,0.5065675973892212,0.2624734938144684,-0.1671670377254486,0.9990332722663879,0.4825375974178314,0.2607577443122864,-0.1698954850435257,0.998146653175354,0.49719810485839844,0.2772873342037201,-0.2253364771604538,0.999457061290741,0.4869503378868103,0.2759876847267151,-0.2262517511844635,0.9994149804115295,0.5246672034263611,0.33441242575645447,-0.10596731305122375,0.9997752904891968,0.4647773802280426,0.3366600573062897,-0.10750610381364822,0.9993329048156738,0.5315908789634705,0.4261620044708252,-0.06562107056379318,0.9678329825401306,0.45333102345466614,0.42671680450439453,-0.07222141325473785,0.9404908418655396,0.534285843372345,0.5050821900367737,-0.1254088282585144,0.9581598043441772,0.45069706439971924,0.5081008076667786,-0.12470647692680359,0.933451771736145,0.5387133955955505,0.5291481614112854,-0.1453588604927063,0.9102270007133484,0.44889646768569946,0.534624457359314,-0.14212283492088318,0.8694359660148621,0.5337569713592529,0.5300126075744629,-0.1684887558221817,0.9096723794937134,0.4524926245212555,0.5349813103675842,-0.16600044071674347,0.8646600842475891,0.5310049057006836,0.521632194519043,-0.13566304743289948,0.881041407585144,0.4545497000217438,0.5263153314590454,-0.1348223239183426,0.8331680297851562,0.5092421174049377,0.4911777675151825,0.0018705148249864578,0.9994742274284363,0.4721699357032776,0.49233800172805786,-0.001978823449462652,0.9992644190788269,0.5107211470603943,0.6218897700309753,-0.012754914350807667,0.9848647713661194,0.47487983107566833,0.6269736289978027,-0.007687895093113184,0.976080596446991,0.508165180683136,0.7454404234886169,0.07800395786762238,0.9828804731369019,0.47300058603286743,0.7467257380485535,0.08542411774396896,0.9751907587051392,0.5045081377029419,0.7582457661628723,0.08107473701238632,0.7881343960762024,0.4744391143321991,0.7582892775535583,0.08893176168203354,0.7357433438301086,0.5059136152267456,0.7866925001144409,-0.017126576974987984,0.9720298051834106,0.4731585681438446,0.7851321697235107,-0.006644750013947487,0.9651669859886169
sujin_stand_normal_03,30,10,1.0001278772378517,29.996164173379363,10,0.4922788441181183,0.26335448026657104,-0.2788093388080597,0.9996994733810425,0.49729016423225403,0.25350499153137207,-0.2676347494125366,0.9994316101074219,0.5001784563064575,0.2538953125476837,-0.2676347494125366,0.9993923306465149,0.5021867156028748,0.2543986439704895,-0.26764553785324097,0.9994081258773804,0.4892185926437378,0.25275057554244995,-0.2679186463356018,0.999244213104248,0.48657849431037903,0.2527240812778473,-0.2679589092731476,0.9990982413291931,0.484239399433136,0.2528988718986511,-0.26797187328338623,0.9991994500160217,0.5063086152076721,0.26251283288002014,-0.18982252478599548,0.9991257786750793,0.48223668336868286,0.2606453001499176,-0.19165104627609253,0.9983267784118652,0.49671411514282227,0.27727073431015015,-0.2491871416568756,0.9995105266571045,0.48649612069129944,0.2759512960910797,-0.24985149502754211,0.9994725584983826,0.5243792533874512,0.33456581830978394,-0.12802006304264069,0.9997944235801697,0.46446213126182556,0.33731451630592346,-0.12623125314712524,0.9993917942047119,0.5314391851425171,0.42650577425956726,-0.08970000594854355,0.9699299931526184,0.4533458948135376,0.42828235030174255,-0.09108570963144302,0.944818377494812,0.5337685346603394,0.5055081844329834,-0.14641888439655304,0.959237277507782,0.4508148729801178,0.5102889537811279,-0.14323878288269043,0.935626208782196,0.5380818843841553,0.5299174785614014,-0.165241077542305,0.9119834899902344,0.4489947557449341,0.5365143418312073,-0.16238529980182648,0.8732511401176453,0.5334843397140503,0.5306453704833984,-0.18944883346557617,0.9120606780052185,0.45272740721702576,0.536916196346283,-0.1854133903980255,0.8696267604827881,0.5308071374893188,0.5223627090454102,-0.15680071711540222,0.8850429058074951,0.45474758744239807,0.5288176536560059,-0.1531124860048294,0.8400293588638306,0.509175717830658,0.4911251366138458,-7.669218757655472e-05,0.9994912147521973,0.4721769392490387,0.49234092235565186,-3.705928611452691e-05,0.9992915987968445,0.5104892253875732,0.6205177307128906,-0.019009223207831383,0.984732449054718,0.4748745262622833,0.6259464621543884,-0.0064545669592916965,0.976010262966156,0.5078742504119873,0.744644045829773,0.07809392362833023,0.9829790592193604,0.47300809621810913,0.7467343807220459,0.08943113684654236,0.975009560585022,0.5042601227760315,0.757714033126831,0.08172305673360825,0.7852607369422913,0.47445347905158997,0.7583667039871216,0.09339644759893417,0.7341520190238953,0.5058977007865906,0.7863925695419312,-0.01667412556707859,0.9721890091896057,0.4728749096393585,0.7856022715568542,-0.001900921342894435,0.9650789499282837
sujin_stand_normal_03,33,11,1.1001406649616368,29.996164173379363,10,0.49208545684814453,0.2633645236492157,-0.2741997539997101,0.9997289776802063,0.4971584379673004,0.2535455524921417,-0.2631278336048126,0.9994864463806152,0.5000114440917969,0.2539326846599579,-0.26312583684921265,0.9994511604309082,0.5018966794013977,0.254454642534256,-0.26313379406929016,0.9994654059410095,0.48900657892227173,0.25279977917671204,-0.2638026177883148,0.999317467212677,0.4863998591899872,0.2527806758880615,-0.26383984088897705,0.9991860389709473,0.4839547574520111,0.2529338002204895,-0.2638532519340515,0.9992770552635193,0.506088137626648,0.2625616490840912,-0.18495945632457733,0.9992086291313171,0.4819042980670929,0.2606406509876251,-0.1886889636516571,0.9984884262084961,0.496540904045105,0.277276873588562,-0.2442665845155716,0.9995585083961487,0.4862651526927948,0.27598443627357483,-0.24546228349208832,0.9995242953300476,0.5241825580596924,0.334612637758255,-0.12155342847108841,0.9998124837875366,0.46412965655326843,0.33740347623825073,-0.12307051569223404,0.9994457364082336,0.5314253568649292,0.42650237679481506,-0.08083193004131317,0.9719708561897278,0.45321184396743774,0.42820602655410767,-0.08602634072303772,0.9486595392227173,0.5333483815193176,0.5048519968986511,-0.13992352783679962,0.9608911871910095,0.4508642256259918,0.5092949271202087,-0.138004869222641,0.9375791549682617,0.5369346141815186,0.5289609432220459,-0.15898336470127106,0.9150322675704956,0.44910505414009094,0.5354824066162109,-0.15701839327812195,0.8767154812812805,0.5326110124588013,0.5295849442481995,-0.18273422122001648,0.9155629277229309,0.4530647099018097,0.5357846021652222,-0.1801573932170868,0.8740434646606445,0.5300388336181641,0.521486759185791,-0.1502360701560974,0.8900677561759949,0.45520463585853577,0.5274561643600464,-0.14786873757839203,0.8461320996284485,0.5088911652565002,0.4907599687576294,-2.1947635104879737e-05,0.9995079636573792,0.47202175855636597,0.4922560453414917,-9.345138823846355e-05,0.9993174076080322,0.5102314352989197,0.6197569966316223,-0.015386566519737244,0.984404444694519,0.47488874197006226,0.6256858706474304,-0.0052223214879632,0.975405752658844,0.5079470872879028,0.7442164421081543,0.07865168154239655,0.9828707575798035,0.47311681509017944,0.7446622252464294,0.09230705350637436,0.9740844964981079,0.5043371319770813,0.7576206922531128,0.08186019957065582,0.7818617820739746,0.47447293996810913,0.7573720812797546,0.09635134041309357,0.7289548516273499,0.5060996413230896,0.7859006524085999,-0.016529584303498268,0.9720269441604614,0.4728309214115143,0.7848854660987854,0.0005324766389094293,0.9642210006713867
sujin_stand_normal_03,36,12,1.200153452685422,29.996164173379363,10,0.49177828431129456,0.2633056044578552,-0.282690167427063,0.9997556209564209,0.49688148498535156,0.25352782011032104,-0.27197393774986267,0.999536395072937,0.4996907114982605,0.25392070412635803,-0.2719692289829254,0.9995046257972717,0.5015388131141663,0.2544497549533844,-0.27198150753974915,0.9995175004005432,0.48880529403686523,0.2527749538421631,-0.272331178188324,0.9993840456008911,0.48622938990592957,0.2527543604373932,-0.27237191796302795,0.9992656707763672,0.48371750116348267,0.25289103388786316,-0.27238523960113525,0.9993476271629333,0.5057602524757385,0.2625890374183655,-0.19405841827392578,0.9992846250534058,0.48169127106666565,0.2605941891670227,-0.19630907475948334,0.998635470867157,0.49624064564704895,0.2772444784641266,-0.2527616024017334,0.9996019601821899,0.4859986901283264,0.2759510278701782,-0.2535325884819031,0.9995710849761963,0.5241156816482544,0.3345981240272522,-0.12868045270442963,0.9998289346694946,0.4640134871006012,0.33741554617881775,-0.12883178889751434,0.9994946122169495,0.5314223170280457,0.4264559745788574,-0.08647856116294861,0.9739876985549927,0.45303115248680115,0.42811858654022217,-0.09036624431610107,0.95232093334198,0.5328739881515503,0.5046592354774475,-0.14416447281837463,0.9628268480300903,0.45094195008277893,0.5088858008384705,-0.14178508520126343,0.9399226903915405,0.5347459316253662,0.5286914110183716,-0.1636640876531601,0.9186089634895325,0.44922009110450745,0.5350500345230103,-0.16092629730701447,0.8808820247650146,0.5304974317550659,0.5291434526443481,-0.18790645897388458,0.9194549322128296,0.45328885316848755,0.5353550910949707,-0.18454353511333466,0.8790228366851807,0.5285680890083313,0.5210988521575928,-0.15444184839725494,0.8954323530197144,0.4554128050804138,0.5270006656646729,-0.1517760157585144,0.8527428507804871,0.5084424614906311,0.4902695119380951,6.749286967533408e-06,0.999525785446167,0.47178077697753906,0.49156221747398376,-0.00011942746641580015,0.999345064163208,0.510049045085907,0.619722306728363,-0.015495236031711102,0.9844750761985779,0.47475215792655945,0.6256915330886841,-0.0050278399139642715,0.9755739569664001,0.5079243183135986,0.74403977394104,0.0773233100771904,0.9830583930015564,0.47312435507774353,0.7449029088020325,0.09008743613958359,0.9738522171974182,0.5043092370033264,0.7574908137321472,0.08045557886362076,0.7815139889717102,0.4744904339313507,0.7573782205581665,0.09369315952062607,0.726002037525177,0.5060680508613586,0.7856602668762207,-0.018564848229289055,0.9722592830657959,0.4728098213672638,0.7853886485099792,-0.002097171498462558,0.964032769203186
sujin_stand_normal_03,39,13,1.3001662404092071,29.996164173379363,10,0.49153605103492737,0.2632443904876709,-0.2893010377883911,0.9997797012329102,0.49662429094314575,0.25340989232063293,-0.27885979413986206,0.9995816349983215,0.4994659721851349,0.2538335919380188,-0.2788547873497009,0.9995530247688293,0.50141441822052,0.25437891483306885,-0.2788659930229187,0.9995647072792053,0.48860102891921997,0.25272074341773987,-0.2787521779537201,0.999444305896759,0.48599109053611755,0.25273922085762024,-0.27879440784454346,0.9993376731872559,0.48350417613983154,0.252882719039917,-0.2788042724132538,0.9994114637374878,0.505585253238678,0.26248908042907715,-0.20080412924289703,0.9993537664413452,0.4815742075443268,0.2605101764202118,-0.2008294016122818,0.9987684488296509,0.49610635638237,0.27718451619148254,-0.259222149848938,0.9996412396430969,0.4858132004737854,0.27593106031417847,-0.25935572385787964,0.9996134042739868,0.5241515040397644,0.33404892683029175,-0.13595643639564514,0.9998441934585571,0.46392661333084106,0.3373219668865204,-0.13118848204612732,0.999539315700531,0.5314452052116394,0.4259411692619324,-0.09692203253507614,0.9759282469749451,0.45298558473587036,0.4275504946708679,-0.09288085252046585,0.9557526707649231,0.5323014259338379,0.5045012831687927,-0.15678717195987701,0.9648942351341248,0.45076367259025574,0.5086711049079895,-0.1471669226884842,0.9422491192817688,0.5338208079338074,0.5283228754997253,-0.17712907493114471,0.9225088357925415,0.44928815960884094,0.5349308848381042,-0.16706213355064392,0.8849733471870422,0.5293043255805969,0.5288891196250916,-0.2017778754234314,0.9235908389091492,0.453546404838562,0.5352358222007751,-0.1905628889799118,0.8838430643081665,0.5274552702903748,0.5208859443664551,-0.16715413331985474,0.9009599685668945,0.45563793182373047,0.5269021987915039,-0.1571911722421646,0.8590134382247925,0.5084235668182373,0.48966342210769653,-0.00046025935444049537,0.9995418190956116,0.47178587317466736,0.49112668633461,0.0003513336123432964,0.9993699789047241,0.5099079608917236,0.6197977662086487,-0.015443602576851845,0.9845290780067444,0.47455114126205444,0.6257002949714661,-0.004074035212397575,0.9758666157722473,0.5073471665382385,0.7439670562744141,0.08105916529893875,0.9831485152244568,0.47305017709732056,0.7458032965660095,0.09181021898984909,0.9737650752067566,0.5041420459747314,0.7571051120758057,0.08477740734815598,0.7801833748817444,0.47436267137527466,0.7581757307052612,0.09565886855125427,0.7242932319641113,0.5055777430534363,0.7852776646614075,-0.015009489841759205,0.9724499583244324,0.4727367162704468,0.7856904864311218,-0.0005724170478060842,0.9639673233032227
sujin_stand_normal_03,42,14,1.4001790281329924,29.996164173379363,10,0.4915214776992798,0.2631262540817261,-0.27288806438446045,0.9998010993003845,0.4965950548648834,0.25326985120773315,-0.26253601908683777,0.9996212720870972,0.4994446039199829,0.2537306845188141,-0.2625330090522766,0.999595582485199,0.5013910531997681,0.2543107867240906,-0.26254191994667053,0.999606192111969,0.4885592758655548,0.25263863801956177,-0.26296183466911316,0.9994973540306091,0.4859379529953003,0.25270673632621765,-0.2630016505718231,0.999401330947876,0.48343437910079956,0.25287625193595886,-0.26301538944244385,0.9994677305221558,0.5055233836174011,0.2624317407608032,-0.18624401092529297,0.9994137287139893,0.4814871847629547,0.260495126247406,-0.18862341344356537,0.9988857507705688,0.4961099922657013,0.27712303400039673,-0.243401437997818,0.9996761083602905,0.4857983887195587,0.27591007947921753,-0.24422799050807953,0.9996508955955505,0.524177610874176,0.33404454588890076,-0.12189535796642303,0.9998566508293152,0.46387845277786255,0.3373169004917145,-0.12289901077747345,0.9995785355567932,0.5314405560493469,0.42593199014663696,-0.07639507204294205,0.9772929549217224,0.45296528935432434,0.4271256625652313,-0.08205541223287582,0.9584030508995056,0.5321619510650635,0.5042597055435181,-0.12967449426651,0.9655333161354065,0.45078882575035095,0.5086057186126709,-0.1312454491853714,0.9426324367523193,0.5336342453956604,0.5283758044242859,-0.1475289762020111,0.9235450029373169,0.4493398666381836,0.5350865125656128,-0.14937898516654968,0.8856512308120728,0.5293247699737549,0.5287417769432068,-0.17145270109176636,0.9250383377075195,0.45364776253700256,0.5356038808822632,-0.17295876145362854,0.8853087425231934,0.5274505019187927,0.5206058621406555,-0.139730766415596,0.9033543467521667,0.45575129985809326,0.5271775722503662,-0.14119993150234222,0.8616554737091064,0.5084229111671448,0.4901627004146576,-0.0001575520436745137,0.9995433688163757,0.471791535615921,0.4913567304611206,5.239597521722317e-05,0.9993811845779419,0.5096952319145203,0.6213976740837097,-0.008322346955537796,0.984224796295166,0.47450751066207886,0.6266905665397644,-0.0036821281537413597,0.9758923053741455,0.5073534250259399,0.7446208000183105,0.0815623551607132,0.9830553531646729,0.47300243377685547,0.7460030913352966,0.09095095843076706,0.9731751680374146,0.5041838884353638,0.7599683403968811,0.08482056111097336,0.7766174077987671,0.4741920828819275,0.7588045597076416,0.09451507776975632,0.7197879552841187,0.5046609044075012,0.7854761481285095,-0.014768249355256557,0.9722042083740234,0.47272056341171265,0.7858794331550598,-0.0017135565867647529,0.9632797241210938
sujin_stand_normal_03,45,15,1.5001918158567775,29.996164173379363,10,0.49141284823417664,0.26312169432640076,-0.2655390501022339,0.9998202919960022,0.4965181350708008,0.2532544434070587,-0.2548236548900604,0.9996566772460938,0.4993736445903778,0.25371450185775757,-0.25482311844825745,0.9996336102485657,0.5013312101364136,0.2542995810508728,-0.25483137369155884,0.9996432065963745,0.48850342631340027,0.2526332437992096,-0.2553523778915405,0.9995446801185608,0.4859027564525604,0.2527015209197998,-0.2553879916667938,0.9994582533836365,0.4833923578262329,0.2528703808784485,-0.25540417432785034,0.9995179176330566,0.5054976344108582,0.26243817806243896,-0.17842067778110504,0.9994668960571289,0.4814750850200653,0.26048314571380615,-0.18138647079467773,0.9989904761314392,0.4960010349750519,0.277140349149704,-0.2361031174659729,0.9997074007987976,0.4857550859451294,0.27592945098876953,-0.23708774149417877,0.9996845722198486,0.524168074131012,0.3348314166069031,-0.11489412188529968,0.9998680353164673,0.46389034390449524,0.33731764554977417,-0.11742562800645828,0.999613344669342,0.5313451886177063,0.42681798338890076,-0.06936824321746826,0.9784754514694214,0.45296964049339294,0.42709800601005554,-0.0783153623342514,0.9605343341827393,0.5319438576698303,0.5043168663978577,-0.12419293820858002,0.9662333130836487,0.4512179493904114,0.5085505843162537,-0.1280955672264099,0.9430402517318726,0.5335065126419067,0.5284650325775146,-0.14255458116531372,0.9249003529548645,0.44980815052986145,0.5350385308265686,-0.14637631177902222,0.8865433931350708,0.5293400287628174,0.5287172198295593,-0.1661994755268097,0.9267466068267822,0.4541778862476349,0.5355736613273621,-0.169534370303154,0.8868536353111267,0.527439534664154,0.5205411911010742,-0.13424666225910187,0.9059812426567078,0.4563804268836975,0.5271272659301758,-0.13788630068302155,0.8643195033073425,0.5084282159805298,0.4901612401008606,-1.3381340068008285e-05,0.9995501041412354,0.4719121754169464,0.4914528727531433,-9.139465691987425e-05,0.9993935227394104,0.5096803903579712,0.6215097904205322,-0.009140103124082088,0.9840009808540344,0.4747144281864166,0.626914918422699,-0.0036624136846512556,0.9752917885780334,0.5076975226402283,0.7448530197143555,0.08230800926685333,0.9829424023628235,0.47308650612831116,0.7447417974472046,0.09258438646793365,0.972271203994751,0.5045443773269653,0.7599146366119385,0.08554747700691223,0.7739400267601013,0.47439906001091003,0.7570149898529053,0.09647909551858902,0.7151984572410583,0.5044254064559937,0.7854894399642944,-0.012682770378887653,0.9719204306602478,0.4727688729763031,0.7853497862815857,0.0011528630275279284,0.962337851524353
sujin_stand_normal_03,48,16,1.6002046035805626,29.996164173379363,10,0.49143552780151367,0.26305630803108215,-0.2587825655937195,0.9998375177383423,0.49655526876449585,0.2532225549221039,-0.24791394174098969,0.9996882081031799,0.49940022826194763,0.2536708414554596,-0.24790959060192108,0.9996675252914429,0.501331090927124,0.2542596757411957,-0.2479122430086136,0.9996761679649353,0.4885207712650299,0.2525709569454193,-0.24875645339488983,0.9995870590209961,0.48593267798423767,0.252601683139801,-0.2487911581993103,0.9995093941688538,0.4834129214286804,0.25274041295051575,-0.2488088756799698,0.9995629787445068,0.5055336356163025,0.26243335008621216,-0.17199179530143738,0.9995137453079224,0.48147881031036377,0.26034441590309143,-0.17645373940467834,0.9990843534469604,0.4960029423236847,0.27710071206092834,-0.22960840165615082,0.999735414981842,0.4857620596885681,0.2758976221084595,-0.23102590441703796,0.9997147917747498,0.5241475701332092,0.3348756730556488,-0.10868270695209503,0.9998782277107239,0.4639444053173065,0.3372284770011902,-0.11499364674091339,0.9996448755264282,0.5313427448272705,0.42691782116889954,-0.0637432262301445,0.9795262217521667,0.4532163441181183,0.42708340287208557,-0.07859699428081512,0.9626036286354065,0.531950056552887,0.5042835474014282,-0.11794120818376541,0.967092752456665,0.451877236366272,0.5086058378219604,-0.1284097582101822,0.9436863660812378,0.5335490107536316,0.5284319519996643,-0.1359608918428421,0.9265553951263428,0.4505208134651184,0.5350291728973389,-0.14662304520606995,0.8877907395362854,0.5295117497444153,0.5286816358566284,-0.15906795859336853,0.9287124872207642,0.455320805311203,0.5355261564254761,-0.1694231480360031,0.8886697292327881,0.52753746509552,0.5205007195472717,-0.12785916030406952,0.9088596701622009,0.45760953426361084,0.52717125415802,-0.13804951310157776,0.8672191500663757,0.5087612867355347,0.48933669924736023,0.0004584701673593372,0.9995577931404114,0.47236397862434387,0.49107739329338074,-0.0005624683108180761,0.9994064569473267,0.5097038149833679,0.6210706830024719,-0.013123126700520515,0.9838950037956238,0.4748796224594116,0.62624591588974,-0.006580071058124304,0.9745800495147705,0.5079191327095032,0.7448539137840271,0.07304824888706207,0.9828842282295227,0.4731611907482147,0.7446975708007812,0.08346010744571686,0.9713749885559082,0.5047692656517029,0.7598053812980652,0.07567684352397919,0.7709589004516602,0.4744027256965637,0.7568772435188293,0.08670541644096375,0.7089253067970276,0.5045536160469055,0.7856391668319702,-0.021542608737945557,0.9718005061149597,0.4727746546268463,0.7853866815567017,-0.0077923936769366264,0.9613754153251648
sujin_stand_normal_03,51,17,1.700217391304348,29.996164173379363,10,0.4915100634098053,0.2629750967025757,-0.269982248544693,0.999853253364563,0.496576726436615,0.25318464636802673,-0.25995275378227234,0.9997174739837646,0.4994039833545685,0.2536473572254181,-0.2599433362483978,0.9996989369392395,0.5013321042060852,0.25424954295158386,-0.2599447965621948,0.9997067451477051,0.48862093687057495,0.25256064534187317,-0.26056990027427673,0.9996262788772583,0.48608604073524475,0.25260868668556213,-0.2606108486652374,0.9995564222335815,0.4835274815559387,0.25277113914489746,-0.26062721014022827,0.9996045827865601,0.505541205406189,0.26241159439086914,-0.18374605476856232,0.9995576739311218,0.48150312900543213,0.26033106446266174,-0.18758486211299896,0.9991711974143982,0.49614688754081726,0.27710235118865967,-0.24036474525928497,0.9997609853744507,0.4859064519405365,0.27589812874794006,-0.2415950447320938,0.9997423887252808,0.5244912505149841,0.3346714377403259,-0.11713092774152756,0.9998879432678223,0.46422502398490906,0.33722004294395447,-0.12239757180213928,0.9996753931045532,0.5321019887924194,0.4265512526035309,-0.06780406087636948,0.9807032346725464,0.4534432291984558,0.4270845055580139,-0.08386849611997604,0.9647983312606812,0.5327979922294617,0.5039359331130981,-0.11960344016551971,0.9682747721672058,0.45226162672042847,0.5089263319969177,-0.13293558359146118,0.9448006749153137,0.5345252156257629,0.5283215045928955,-0.13826371729373932,0.9287095069885254,0.45112845301628113,0.5353131294250488,-0.15092472732067108,0.8895533680915833,0.5304498076438904,0.5286382436752319,-0.161226287484169,0.9311239719390869,0.45583561062812805,0.5356793999671936,-0.17420384287834167,0.8909012079238892,0.5285389423370361,0.5203878283500671,-0.12960012257099152,0.9121562242507935,0.4579736590385437,0.5273739099502563,-0.1425989717245102,0.870408296585083,0.5097458362579346,0.4892887771129608,0.0006725635030306876,0.9995612502098083,0.47330334782600403,0.4911021590232849,-0.0007809160742908716,0.9994178414344788,0.5095826387405396,0.6225503087043762,-0.0013153912732377648,0.9835578203201294,0.47594907879829407,0.6269850134849548,-0.00147658318746835,0.9742603898048401,0.5079248547554016,0.7449162006378174,0.08639674633741379,0.9828448295593262,0.47384530305862427,0.7451384663581848,0.0933205708861351,0.9706493020057678,0.5048896074295044,0.7597666382789612,0.08906569331884384,0.7696015238761902,0.4751611351966858,0.7570703625679016,0.09708768874406815,0.7037937045097351,0.5046001672744751,0.7863327264785767,-0.008352799341082573,0.9717175364494324,0.4728803336620331,0.7863588929176331,0.0018078226130455732,0.9606717228889465
sujin_stand_normal_03,54,18,1.800230179028133,29.996164173379363,10,0.49169304966926575,0.26280608773231506,-0.2641436457633972,0.99986732006073,0.49679604172706604,0.25300729274749756,-0.25370320677757263,0.9997434020042419,0.4996195435523987,0.25347888469696045,-0.25369852781295776,0.9997268319129944,0.5015383958816528,0.25412124395370483,-0.253696084022522,0.9997338652610779,0.48884591460227966,0.25242117047309875,-0.2539900243282318,0.9996609091758728,0.48631301522254944,0.2524823248386383,-0.2540225386619568,0.9995980858802795,0.48372676968574524,0.2526445686817169,-0.25403788685798645,0.9996412992477417,0.5057240724563599,0.26233479380607605,-0.17834019660949707,0.9995968341827393,0.4817297160625458,0.2601955235004425,-0.18040896952152252,0.9992477297782898,0.4963190257549286,0.2769830524921417,-0.23510195314884186,0.9997839331626892,0.4860440194606781,0.27579373121261597,-0.23582696914672852,0.9997670650482178,0.52480548620224,0.3345499336719513,-0.115059994161129,0.9998968243598938,0.4643559455871582,0.3371320366859436,-0.11444226652383804,0.9997007846832275,0.5326061844825745,0.42627280950546265,-0.06742792576551437,0.9818208813667297,0.4536115825176239,0.4269789159297943,-0.07332303375005722,0.9662863612174988,0.5335638523101807,0.5022823810577393,-0.1213899478316307,0.9696288704872131,0.4525989592075348,0.5085484385490417,-0.12379540503025055,0.9455857872962952,0.5352653861045837,0.5272929072380066,-0.1399092972278595,0.9315043687820435,0.45129159092903137,0.5348272323608398,-0.14227727055549622,0.8911416530609131,0.5312607288360596,0.5275740027427673,-0.1635023057460785,0.9340218901634216,0.45605799555778503,0.5349372029304504,-0.16519060730934143,0.8928878307342529,0.5292301774024963,0.5191837549209595,-0.13145996630191803,0.9160246849060059,0.45818427205085754,0.5261195302009583,-0.13350573182106018,0.8733375072479248,0.5099614262580872,0.48922204971313477,0.0002314476587343961,0.9995694160461426,0.47331735491752625,0.49106186628341675,-0.00033569661900401115,0.9994312524795532,0.5097359418869019,0.623132586479187,-0.0006247100536711514,0.98382169008255,0.47588106989860535,0.6272427439689636,0.0014283736236393452,0.974796712398529,0.5086107850074768,0.7448583245277405,0.09203949570655823,0.9832326769828796,0.4741850793361664,0.7452456951141357,0.09803974628448486,0.9710948467254639,0.5055291056632996,0.7596167325973511,0.09515779465436935,0.7690975069999695,0.4765318036079407,0.7572858333587646,0.10198242217302322,0.7051886916160583,0.504783034324646,0.7863364815711975,-0.0023084485437721014,0.9722889065742493,0.4729226529598236,0.7864594459533691,0.007792169693857431,0.9613693356513977
sujin_stand_normal_03,57,19,1.9002429667519183,29.996164173379363,10,0.49184513092041016,0.2627875804901123,-0.2787260413169861,0.9998801350593567,0.49700185656547546,0.2529870867729187,-0.26877763867378235,0.9997674822807312,0.499807208776474,0.253459095954895,-0.2687695622444153,0.9997526407241821,0.501702070236206,0.25410816073417664,-0.26877593994140625,0.9997590184211731,0.4890099763870239,0.2524053752422333,-0.26865217089653015,0.999692976474762,0.4865002930164337,0.252449631690979,-0.26869022846221924,0.9996364116668701,0.48391154408454895,0.25255411863327026,-0.26870325207710266,0.9996752738952637,0.5059950351715088,0.2623484432697296,-0.19380100071430206,0.9996338486671448,0.4819127023220062,0.26012176275253296,-0.19407057762145996,0.9993184804916382,0.4965347349643707,0.27697381377220154,-0.24969099462032318,0.9998048543930054,0.4862106442451477,0.27578508853912354,-0.2499133199453354,0.9997895359992981,0.5253662467002869,0.33464109897613525,-0.1302962452173233,0.9999048113822937,0.46453148126602173,0.33724674582481384,-0.12428626418113708,0.9997246265411377,0.5327927470207214,0.42631617188453674,-0.08227789402008057,0.9828676581382751,0.45387130975723267,0.4269688129425049,-0.0821111649274826,0.9677590727806091,0.5336373448371887,0.5026682019233704,-0.13317497074604034,0.9706884622573853,0.4529365599155426,0.508478581905365,-0.1330779492855072,0.9463797211647034,0.5352582931518555,0.5277630090713501,-0.15101656317710876,0.9335867166519165,0.45150190591812134,0.5346830487251282,-0.1516025811433792,0.8926655650138855,0.5313190817832947,0.5282636880874634,-0.17547458410263062,0.936224102973938,0.4561530351638794,0.534783661365509,-0.1747259497642517,0.8947816491127014,0.5293311476707458,0.5197891592979431,-0.14318814873695374,0.9189889430999756,0.45825350284576416,0.5259676575660706,-0.14284592866897583,0.8759316802024841,0.5104638934135437,0.48902592062950134,-0.0013867263915017247,0.9995768070220947,0.4736873507499695,0.4908982515335083,0.0012725753476843238,0.9994440674781799,0.5096638798713684,0.6233237385749817,-0.0013626230647787452,0.9838597178459167,0.47624269127845764,0.6272428631782532,0.0050751883536577225,0.9752230644226074,0.5085610151290894,0.744882345199585,0.09106183797121048,0.9834693670272827,0.4749159514904022,0.7452647089958191,0.10078107565641403,0.9713992476463318,0.5055349469184875,0.7596409320831299,0.09413193166255951,0.7673529982566833,0.47718027234077454,0.7573040723800659,0.10472830384969711,0.7070344090461731,0.5047014951705933,0.786487340927124,-0.0034865373745560646,0.972576379776001,0.47281697392463684,0.7866101264953613,0.01116853766143322,0.9618386626243591
sujin_stand_normal_03,60,20,2.0002557544757034,29.996164173379363,10,0.49193111062049866,0.2627498507499695,-0.2713765501976013,0.9998915791511536,0.4971632659435272,0.25292691588401794,-0.26175233721733093,0.9997887015342712,0.49999305605888367,0.25340330600738525,-0.26174724102020264,0.9997754096984863,0.5019375085830688,0.2540542185306549,-0.26174792647361755,0.9997811913490295,0.489147812128067,0.2523307800292969,-0.2611691355705261,0.999721348285675,0.4866105020046234,0.25233426690101624,-0.26120254397392273,0.9996703863143921,0.4840688407421112,0.2524210512638092,-0.26121795177459717,0.9997053146362305,0.5062930583953857,0.2623240053653717,-0.18985901772975922,0.9996659159660339,0.48221221566200256,0.2599686086177826,-0.1872406303882599,0.9993809461593628,0.4965780973434448,0.2769327759742737,-0.24327807128429413,0.9998235106468201,0.48626434803009033,0.2757529616355896,-0.24283066391944885,0.9998095631599426,0.5257256031036377,0.33458107709884644,-0.12879270315170288,0.999911904335022,0.46488508582115173,0.3368184566497803,-0.11887354403734207,0.9997462630271912,0.532910168170929,0.42610299587249756,-0.0800037682056427,0.9837542772293091,0.4542151987552643,0.4266839027404785,-0.07664936035871506,0.9690223932266235,0.5337201356887817,0.5019915103912354,-0.13202278316020966,0.9716248512268066,0.4530353844165802,0.5083691477775574,-0.12693306803703308,0.9474859237670898,0.5353670120239258,0.5272533297538757,-0.15004441142082214,0.9355381727218628,0.4515196979045868,0.5345817804336548,-0.1449839472770691,0.894782543182373,0.5313393473625183,0.5278546214103699,-0.17429202795028687,0.938269853591919,0.4561671316623688,0.5345934629440308,-0.1681489199399948,0.8971902132034302,0.5293458700180054,0.5191908478736877,-0.14204354584217072,0.9217644333839417,0.45827516913414,0.5256912708282471,-0.136688694357872,0.879150390625,0.5105928778648376,0.4884856045246124,-0.001765836263075471,0.9995839595794678,0.4738933742046356,0.4903046786785126,0.0016483577201142907,0.9994559288024902,0.5096503496170044,0.6229924559593201,-0.001610493753105402,0.983925998210907,0.4762396812438965,0.62601238489151,0.005059358663856983,0.9753851294517517,0.5087225437164307,0.7448962330818176,0.0856362134218216,0.9837153553962708,0.4754815101623535,0.745172381401062,0.10064511001110077,0.9714640974998474,0.5057997703552246,0.760877788066864,0.08802847564220428,0.7657361030578613,0.47773921489715576,0.7575463056564331,0.1041238009929657,0.7083455324172974,0.5045100450515747,0.7864121198654175,-0.009477966465055943,0.9728521704673767,0.4728962481021881,0.7864653468132019,0.009833970107138157,0.9621834754943848
sujin_stand_normal_03,63,21,2.1002685421994887,29.996164173379363,10,0.49245211482048035,0.2626749873161316,-0.26849791407585144,0.9999018907546997,0.49757513403892517,0.2528654634952545,-0.2582050859928131,0.9998078346252441,0.5003818273544312,0.2533750534057617,-0.2582009434700012,0.9997958540916443,0.5023126006126404,0.25404277443885803,-0.2582034468650818,0.9998011589050293,0.4896208643913269,0.2522965967655182,-0.2583376169204712,0.9997469186782837,0.4871250092983246,0.2523195743560791,-0.25837233662605286,0.9997010231018066,0.48452502489089966,0.2524227201938629,-0.2583898901939392,0.999732494354248,0.5064675211906433,0.2623142898082733,-0.18293997645378113,0.9996948838233948,0.48254692554473877,0.25994545221328735,-0.18417242169380188,0.9994377493858337,0.49721014499664307,0.2769133746623993,-0.23937362432479858,0.9998403787612915,0.48681148886680603,0.2757423222064972,-0.2398703694343567,0.9998277425765991,0.525851309299469,0.3345217704772949,-0.1194159984588623,0.9999179840087891,0.4649549126625061,0.33667516708374023,-0.11660168319940567,0.9997652769088745,0.532911479473114,0.4260983467102051,-0.07278292626142502,0.984487771987915,0.4542483687400818,0.4265070855617523,-0.07482139021158218,0.9703713655471802,0.5333907604217529,0.5024657845497131,-0.12892644107341766,0.9722957015037537,0.4531131386756897,0.5081656575202942,-0.12638267874717712,0.9484380483627319,0.5349356532096863,0.5282238125801086,-0.14786002039909363,0.9369121789932251,0.45166975259780884,0.5344959497451782,-0.14496202766895294,0.8965986967086792,0.5310090184211731,0.5288826823234558,-0.17197591066360474,0.9397441148757935,0.4563908874988556,0.5345780253410339,-0.16807986795902252,0.899273693561554,0.5291268825531006,0.5199065208435059,-0.1390230655670166,0.9237774014472961,0.45858365297317505,0.5256533026695251,-0.13610593974590302,0.8818912506103516,0.5104280710220337,0.4892074465751648,-0.00128565460909158,0.9995871186256409,0.47389233112335205,0.49060606956481934,0.0011696615256369114,0.9994653463363647,0.5094367861747742,0.6255795955657959,0.0002906782319769263,0.9841603636741638,0.4761841595172882,0.6284166574478149,0.004982053302228451,0.9758802652359009,0.5086721777915955,0.745155930519104,0.0953526571393013,0.9839695692062378,0.4754268229007721,0.7457462549209595,0.10086330771446228,0.97173672914505,0.5058028697967529,0.7615036964416504,0.09862260520458221,0.7654005885124207,0.47767454385757446,0.7585177421569824,0.10474645346403122,0.7086356282234192,0.5041667819023132,0.7864624857902527,2.5849369194475003e-05,0.9731772541999817,0.47283458709716797,0.786674439907074,0.009791363961994648,0.962576150894165
sujin_stand_normal_03,66,22,2.2002813299232735,29.996164173379363,10,0.49259379506111145,0.26263171434402466,-0.26849934458732605,0.9999110698699951,0.4976745843887329,0.25279727578163147,-0.25819772481918335,0.9998248815536499,0.5004922747612,0.2533021569252014,-0.25819477438926697,0.9998142719268799,0.5024856925010681,0.25395455956459045,-0.25819918513298035,0.9998190999031067,0.489780455827713,0.2522745132446289,-0.2582732141017914,0.9997695684432983,0.4873143136501312,0.25230875611305237,-0.25830671191215515,0.9997282028198242,0.4847347140312195,0.25242024660110474,-0.25832074880599976,0.999756395816803,0.5066152811050415,0.26213836669921875,-0.18301068246364594,0.999721109867096,0.48285970091819763,0.25992581248283386,-0.18399585783481598,0.9994868636131287,0.4973834156990051,0.27680760622024536,-0.2393878847360611,0.9998552799224854,0.48702511191368103,0.27568793296813965,-0.23988524079322815,0.9998436570167542,0.5261096358299255,0.33421021699905396,-0.12186500430107117,0.9999237656593323,0.4651681184768677,0.33668243885040283,-0.11668083816766739,0.9997802376747131,0.5329578518867493,0.42607149481773376,-0.07962777465581894,0.9852747917175293,0.4543275535106659,0.42645004391670227,-0.07506416738033295,0.9711688160896301,0.5333885550498962,0.502473771572113,-0.13288238644599915,0.9730604290962219,0.45309796929359436,0.5079531669616699,-0.12619905173778534,0.9483544230461121,0.534845232963562,0.5282153487205505,-0.1512834131717682,0.938315749168396,0.4516502022743225,0.5343560576438904,-0.14429186284542084,0.8965860605239868,0.5309562087059021,0.5288668274879456,-0.1747659593820572,0.9412674903869629,0.45627540349960327,0.5342918038368225,-0.16736385226249695,0.8996626138687134,0.5291157960891724,0.5199066400527954,-0.14265227317810059,0.9258437156677246,0.45841386914253235,0.525413453578949,-0.13596241176128387,0.8826996088027954,0.5100864768028259,0.4874671697616577,-0.001753747696056962,0.9995927810668945,0.4737287163734436,0.48913687467575073,0.0016421363689005375,0.9994697570800781,0.50945645570755,0.6165768504142761,-0.015354146249592304,0.9834901094436646,0.47617900371551514,0.6243029832839966,-0.0002791084407363087,0.9748759269714355,0.508640468120575,0.7451351881027222,0.06135521084070206,0.9836806654930115,0.4750576913356781,0.744844377040863,0.08137904852628708,0.9707451462745667,0.5057940483093262,0.7606889009475708,0.0630035400390625,0.7617747783660889,0.4767523407936096,0.7578557729721069,0.08390707522630692,0.7046710848808289,0.5042166113853455,0.7860206365585327,-0.03448660299181938,0.972775936126709,0.47276297211647034,0.7859224081039429,-0.008967207744717598,0.9615159630775452
sujin_stand_normal_03,69,23,2.300294117647059,29.996164173379363,10,0.4931301772594452,0.26247432827949524,-0.26782405376434326,0.9999194145202637,0.49806147813796997,0.25251907110214233,-0.25704243779182434,0.9998403787612915,0.5008856058120728,0.2530629336833954,-0.2570413053035736,0.9998309016227722,0.5030249953269958,0.25372034311294556,-0.25704431533813477,0.9998353123664856,0.4901719391345978,0.25206002593040466,-0.2576763927936554,0.9997903108596802,0.48767974972724915,0.25215303897857666,-0.2577120065689087,0.9997530579566956,0.4851941466331482,0.2522887587547302,-0.25772565603256226,0.9997783899307251,0.5068901181221008,0.2618333101272583,-0.17979855835437775,0.9997446537017822,0.4831264913082123,0.25987017154693604,-0.18343639373779297,0.99953293800354,0.4980270564556122,0.27659207582473755,-0.23820756375789642,0.9998688697814941,0.4875135123729706,0.2754351794719696,-0.23932886123657227,0.9998583197593689,0.5261565446853638,0.3339571952819824,-0.11644179373979568,0.9999288320541382,0.46519842743873596,0.33665233850479126,-0.11787475645542145,0.9997954964637756,0.5328748822212219,0.42580991983413696,-0.07322438061237335,0.9858168363571167,0.454338014125824,0.4264291524887085,-0.0791679248213768,0.9725080728530884,0.5333735942840576,0.5025088787078857,-0.12935279309749603,0.9734021425247192,0.45306798815727234,0.5078124403953552,-0.1307353377342224,0.9490123987197876,0.534694254398346,0.5281630158424377,-0.1481037586927414,0.938835084438324,0.45156583189964294,0.5342099666595459,-0.14977985620498657,0.8976706266403198,0.5307546257972717,0.5288224816322327,-0.17197157442569733,0.9419466853141785,0.45624595880508423,0.5342466831207275,-0.17339985072612762,0.9010488986968994,0.5290197730064392,0.5198908448219299,-0.13956572115421295,0.9269539713859558,0.45840033888816833,0.5254330635070801,-0.14077870547771454,0.8846664428710938,0.509994387626648,0.48821863532066345,-3.7928508390905336e-05,0.9995919466018677,0.47364822030067444,0.48970404267311096,-5.2993607823736966e-05,0.9994726181030273,0.5094573497772217,0.6181442141532898,-0.006082696374505758,0.9836236834526062,0.4758293330669403,0.6244032382965088,-0.0015538836596533656,0.9751737713813782,0.5082444548606873,0.7445225715637207,0.08718276023864746,0.983689546585083,0.47479256987571716,0.7446310520172119,0.09026392549276352,0.9706674218177795,0.5052521228790283,0.7591761350631714,0.09037329256534576,0.7615543603897095,0.4760672450065613,0.7574368119239807,0.0942288413643837,0.7028576731681824,0.5045826435089111,0.7855713367462158,-0.008812906220555305,0.9727452397346497,0.47276735305786133,0.7856119871139526,-0.0036019296385347843,0.9613219499588013
sujin_stand_normal_03,72,24,2.400306905370844,29.996164173379363,10,0.49319905042648315,0.2624504864215851,-0.2451174259185791,0.9999268651008606,0.4981781542301178,0.25255775451660156,-0.23426219820976257,0.9998541474342346,0.5010279417037964,0.2530789077281952,-0.23426534235477448,0.9998457431793213,0.5030879378318787,0.2537083923816681,-0.23426862061023712,0.9998498558998108,0.49022266268730164,0.2520429491996765,-0.23479437828063965,0.9998087286949158,0.48770588636398315,0.25213927030563354,-0.23482146859169006,0.9997751712799072,0.48525041341781616,0.2522714138031006,-0.2348334640264511,0.9997978806495667,0.5070943832397461,0.26184791326522827,-0.1601267009973526,0.9997656345367432,0.4832250773906708,0.25985094904899597,-0.16294313967227936,0.9995733499526978,0.498027503490448,0.27658504247665405,-0.21679505705833435,0.9998810887336731,0.48753780126571655,0.2754209339618683,-0.21772775053977966,0.9998713731765747,0.5260830521583557,0.333941251039505,-0.10102572292089462,0.9999334812164307,0.46539899706840515,0.33691203594207764,-0.10079490393400192,0.9998081922531128,0.5328725576400757,0.42547377943992615,-0.057785514742136,0.9864007234573364,0.4546888768672943,0.4266105890274048,-0.0606180876493454,0.9730706214904785,0.5333569049835205,0.5024892091751099,-0.11156466603279114,0.9741618037223816,0.453154981136322,0.5077892541885376,-0.10902707278728485,0.9491302967071533,0.5346215963363647,0.5276508331298828,-0.12941573560237885,0.9404098391532898,0.4515959322452545,0.5341227054595947,-0.12643462419509888,0.8981763124465942,0.5306252241134644,0.5282876491546631,-0.15249960124492645,0.9435738921165466,0.45624300837516785,0.5342271327972412,-0.1498253494501114,0.9018538594245911,0.5289229154586792,0.5197161436080933,-0.12133021652698517,0.9290720820426941,0.4583994448184967,0.5254219770431519,-0.11893067508935928,0.8859978318214417,0.5098801851272583,0.48815301060676575,1.6542519006179646e-05,0.9995954632759094,0.47364702820777893,0.48967793583869934,-0.00011111154890386388,0.999478280544281,0.5094729661941528,0.6182485818862915,-0.009211122989654541,0.9836157560348511,0.4759257733821869,0.6243431568145752,-0.004577613435685635,0.9749127626419067,0.5082625150680542,0.744515597820282,0.06909068673849106,0.9837704300880432,0.47477519512176514,0.7446260452270508,0.0773078128695488,0.9702385067939758,0.5054252743721008,0.7590232491493225,0.0707186833024025,0.7594746351242065,0.47606033086776733,0.7573190927505493,0.07974989712238312,0.698456346988678,0.5038115382194519,0.7855900526046753,-0.027210446074604988,0.9727967977523804,0.4733008146286011,0.7856035828590393,-0.014381986111402512,0.9608855247497559
sujin_stand_normal_03,75,25,2.500319693094629,29.996164173379363,10,0.49328574538230896,0.26223087310791016,-0.2492542862892151,0.9999336004257202,0.4982629418373108,0.25248801708221436,-0.2384626567363739,0.9998667240142822,0.5010888576507568,0.253008633852005,-0.2384633719921112,0.9998592734336853,0.5030970573425293,0.25366130471229553,-0.23846741020679474,0.9998630285263062,0.4903205633163452,0.2518976628780365,-0.23911896347999573,0.9998255968093872,0.48784705996513367,0.25197485089302063,-0.23914846777915955,0.9997953772544861,0.485349178314209,0.25208064913749695,-0.2391589730978012,0.9998157024383545,0.5071061253547668,0.2618357241153717,-0.1641620695590973,0.9997846484184265,0.48327600955963135,0.2596636414527893,-0.16759467124938965,0.9996103644371033,0.4980410635471344,0.2764412760734558,-0.22083653509616852,0.9998920559883118,0.4875817894935608,0.27516573667526245,-0.2219816893339157,0.9998831152915955,0.5260273814201355,0.3340298533439636,-0.10428334772586823,0.9999374747276306,0.46541860699653625,0.336790531873703,-0.10479807108640671,0.9998199939727783,0.5328493118286133,0.4254746735095978,-0.060548219829797745,0.9868929982185364,0.45470526814460754,0.42622557282447815,-0.06488998979330063,0.9737474918365479,0.533352792263031,0.502195417881012,-0.11279568821191788,0.9747079610824585,0.4530700147151947,0.5072527527809143,-0.11328525841236115,0.9493629336357117,0.5346107482910156,0.5271247029304504,-0.13025641441345215,0.9414214491844177,0.45157286524772644,0.5339487791061401,-0.130649596452713,0.89874267578125,0.530616819858551,0.5277968645095825,-0.153219535946846,0.9446837306022644,0.45620283484458923,0.5340775847434998,-0.1538698375225067,0.9026833772659302,0.5289053320884705,0.519351601600647,-0.12250951677560806,0.9305936694145203,0.45835229754447937,0.5252553224563599,-0.12312235683202744,0.8872952461242676,0.5097315311431885,0.4874403774738312,7.787526556057855e-05,0.9996008276939392,0.4736350476741791,0.48915088176727295,-0.00017653727263677865,0.9994860291481018,0.5094245672225952,0.618419885635376,-0.010214516893029213,0.9834672212600708,0.47593340277671814,0.6229914426803589,-0.004784468095749617,0.9745298624038696,0.5082556009292603,0.744516134262085,0.06166093051433563,0.983833372592926,0.4747614860534668,0.7445897459983826,0.0742088332772255,0.9698947668075562,0.5053870677947998,0.7599915862083435,0.06271877139806747,0.7597723007202148,0.47604724764823914,0.7573147416114807,0.07629115879535675,0.6955559253692627,0.5037800669670105,0.785470187664032,-0.03436800092458725,0.972914457321167,0.47343775629997253,0.7853446006774902,-0.016884498298168182,0.960549533367157
sujin_stand_normal_03,78,26,2.6003324808184143,29.996164173379363,10,0.4933772683143616,0.2618491053581238,-0.2506256699562073,0.9999396800994873,0.49830204248428345,0.2521502673625946,-0.23973846435546875,0.9998780488967896,0.5011058449745178,0.25266337394714355,-0.23973813652992249,0.9998714327812195,0.5031106472015381,0.2533520758152008,-0.2397390902042389,0.9998748898506165,0.49047061800956726,0.2516785264015198,-0.24057349562644958,0.9998407363891602,0.48802635073661804,0.251867413520813,-0.24060413241386414,0.9998135566711426,0.48546940088272095,0.2520340383052826,-0.24061530828475952,0.9998317360877991,0.5071145296096802,0.26164868474006653,-0.16439510881900787,0.9998016357421875,0.48330914974212646,0.25959712266921997,-0.16878513991832733,0.9996439218521118,0.4980974495410919,0.2761830687522888,-0.22183845937252045,0.9999020099639893,0.48769423365592957,0.27492886781692505,-0.22321198880672455,0.999893844127655,0.5260547399520874,0.33354800939559937,-0.10326923429965973,0.9999415278434753,0.4654340147972107,0.33673095703125,-0.10587158799171448,0.9998317360877991,0.5330647826194763,0.42468932271003723,-0.05988317355513573,0.9874061942100525,0.4546947181224823,0.4262181520462036,-0.0651441439986229,0.9747099280357361,0.5333524942398071,0.5016845464706421,-0.11442878842353821,0.9754409193992615,0.45303910970687866,0.5073973536491394,-0.11345908790826797,0.9499366879463196,0.5346033573150635,0.5267699956893921,-0.13225701451301575,0.9428232908248901,0.4515627324581146,0.5340538024902344,-0.1317383199930191,0.8997803926467896,0.5305782556533813,0.5273786783218384,-0.15539847314357758,0.946128249168396,0.45620453357696533,0.5341989398002625,-0.15595778822898865,0.9039195775985718,0.5288795828819275,0.5188264846801758,-0.12426451593637466,0.9324579834938049,0.4583503007888794,0.5256022810935974,-0.12381274998188019,0.8890385031700134,0.509720504283905,0.4877331256866455,0.001232241396792233,0.999605119228363,0.4736327528953552,0.48940515518188477,-0.0013267825124785304,0.9994948506355286,0.5094272494316101,0.6193713545799255,-0.0028354236856102943,0.9836848378181458,0.47593438625335693,0.6230795383453369,-0.0046199713833630085,0.9748659133911133,0.5082002282142639,0.7440481781959534,0.07736919075250626,0.9840101599693298,0.47472867369651794,0.7443796992301941,0.08112924546003342,0.9699652791023254,0.505103349685669,0.759286105632782,0.07925567030906677,0.7618325352668762,0.4760458767414093,0.7572097778320312,0.08392582088708878,0.6936389803886414,0.5038527846336365,0.7853068113327026,-0.01851530931890011,0.9732452034950256,0.4735800623893738,0.7849998474121094,-0.010606866329908371,0.9606953263282776
sujin_stand_normal_03,81,27,2.7003452685421996,29.996164173379363,10,0.4934731125831604,0.2619471549987793,-0.2539948523044586,0.9999451637268066,0.4984290897846222,0.25224384665489197,-0.2433401495218277,0.9998883605003357,0.5011902451515198,0.25273552536964417,-0.24334293603897095,0.9998824000358582,0.503129780292511,0.2533671259880066,-0.2433493286371231,0.999885618686676,0.4904822111129761,0.25171005725860596,-0.24425168335437775,0.9998544454574585,0.48803967237472534,0.2518855035305023,-0.2442842572927475,0.9998299479484558,0.4854828119277954,0.2520381510257721,-0.24429713189601898,0.9998462796211243,0.5072169899940491,0.2616419196128845,-0.16842120885849,0.9998170733451843,0.4833205044269562,0.2595764100551605,-0.1733333170413971,0.9996744394302368,0.4981182813644409,0.27622178196907043,-0.2252437174320221,0.9999109506607056,0.48772919178009033,0.27504104375839233,-0.22677351534366608,0.9999035000801086,0.5259631276130676,0.33355966210365295,-0.10603067278862,0.9999447464942932,0.46554937958717346,0.33672764897346497,-0.11111705005168915,0.9998414516448975,0.5328026413917542,0.4248548150062561,-0.06001826748251915,0.9878066778182983,0.45486733317375183,0.4262414574623108,-0.0723058357834816,0.9754635691642761,0.5332647562026978,0.5017055869102478,-0.11481459438800812,0.975980818271637,0.45321130752563477,0.5073555111885071,-0.11995996534824371,0.950592041015625,0.5345221161842346,0.526746928691864,-0.1327483057975769,0.9438775181770325,0.45176658034324646,0.5340270400047302,-0.137860968708992,0.9009729623794556,0.5305415391921997,0.5273379683494568,-0.1558421403169632,0.947234034538269,0.4564274549484253,0.5341427326202393,-0.16119717061519623,0.9052445888519287,0.5288504958152771,0.5188107490539551,-0.12460710853338242,0.9339170455932617,0.4585581421852112,0.5254468321800232,-0.1297464519739151,0.890779972076416,0.5097141265869141,0.4876335859298706,0.0012191578280180693,0.9996051788330078,0.4736574590206146,0.4890435039997101,-0.001313279732130468,0.9994939565658569,0.5092882513999939,0.6194594502449036,-0.0032124423887580633,0.9832218885421753,0.47596654295921326,0.6228981018066406,-0.002534922445192933,0.9739508032798767,0.5082008838653564,0.7437112927436829,0.07565527409315109,0.9837037324905396,0.4750877320766449,0.7440040707588196,0.0816182866692543,0.9688296318054199,0.5051044225692749,0.7593764066696167,0.0771988183259964,0.7603661417961121,0.47655951976776123,0.7572014927864075,0.08436165004968643,0.6887755990028381,0.5038864016532898,0.7845688462257385,-0.018766803666949272,0.9727704524993896,0.4737073481082916,0.7841482162475586,-0.009147959761321545,0.9594849348068237
sujin_stand_normal_03,84,28,2.800358056265985,29.996164173379363,10,0.4934884011745453,0.26181355118751526,-0.24798814952373505,0.9999500513076782,0.4984438717365265,0.2520500421524048,-0.23671218752861023,0.9998974204063416,0.5012052059173584,0.252517431974411,-0.236717090010643,0.9998921751976013,0.5031384825706482,0.25313958525657654,-0.23671764135360718,0.9998950958251953,0.49049538373947144,0.2514860928058624,-0.237595334649086,0.9998665452003479,0.4880439043045044,0.25158095359802246,-0.23762460052967072,0.9998444318771362,0.485493540763855,0.2517615854740143,-0.23763726651668549,0.9998590350151062,0.5072250366210938,0.26144272089004517,-0.16064561903476715,0.9998304843902588,0.48333197832107544,0.25945109128952026,-0.16517814993858337,0.9997009038925171,0.4981127381324768,0.2760624587535858,-0.21902821958065033,0.9999189972877502,0.48774003982543945,0.2748587429523468,-0.22044727206230164,0.9999121427536011,0.5260112285614014,0.33343306183815,-0.1003904640674591,0.9999480247497559,0.46556541323661804,0.33651331067085266,-0.10514367371797562,0.9998504519462585,0.5327458381652832,0.42492371797561646,-0.058036550879478455,0.9882121682167053,0.4548678398132324,0.42632460594177246,-0.06647595018148422,0.9762266874313354,0.5332480669021606,0.5016772150993347,-0.11484401673078537,0.9765493869781494,0.45312878489494324,0.507469117641449,-0.11541653424501419,0.9511808156967163,0.5345138311386108,0.5266530513763428,-0.13305112719535828,0.9449942708015442,0.45170730352401733,0.5341676473617554,-0.13363368809223175,0.9020192623138428,0.5305303931236267,0.5272658467292786,-0.15615813434123993,0.9484037160873413,0.45637351274490356,0.5342591404914856,-0.1571500450372696,0.9064534902572632,0.5288390517234802,0.5187275409698486,-0.12469136714935303,0.9354363679885864,0.4584856331348419,0.5256175398826599,-0.1253705769777298,0.8923872113227844,0.5097097158432007,0.4877614378929138,0.00139595044311136,0.9996088743209839,0.4736446738243103,0.48920780420303345,-0.0014889051672071218,0.9994975924491882,0.5092820525169373,0.6194168925285339,-0.003436313709244132,0.9829084277153015,0.4759693741798401,0.622909426689148,-0.003109867451712489,0.9732744693756104,0.5081610083580017,0.7430509924888611,0.07907674461603165,0.98345547914505,0.4750962555408478,0.7437459230422974,0.08539009094238281,0.9678481817245483,0.5050646662712097,0.7579980492591858,0.08134016394615173,0.7593151330947876,0.4765264391899109,0.7566388845443726,0.08871226757764816,0.6833996772766113,0.5040556788444519,0.7845595479011536,-0.01581711694598198,0.9725103974342346,0.47380873560905457,0.784126877784729,-0.0059518711641430855,0.9585326313972473
sujin_stand_normal_03,87,29,2.9003708439897697,29.996164173379363,10,0.493498831987381,0.26182958483695984,-0.2521081268787384,0.9999545216560364,0.49845415353775024,0.25208422541618347,-0.2415447235107422,0.9999058842658997,0.5012173056602478,0.2525397837162018,-0.2415483444929123,0.9999012351036072,0.5031440258026123,0.253127783536911,-0.24155579507350922,0.9999039173126221,0.49046993255615234,0.25153160095214844,-0.2423887401819229,0.9998779296875,0.48794570565223694,0.2516532838344574,-0.2424229085445404,0.9998579621315002,0.4854574501514435,0.2518171966075897,-0.24243678152561188,0.9998710751533508,0.5072333216667175,0.26143068075180054,-0.16673286259174347,0.9998432993888855,0.4833032488822937,0.25951889157295227,-0.17119479179382324,0.999726414680481,0.49810734391212463,0.27607232332229614,-0.22334995865821838,0.9999263286590576,0.48775050044059753,0.27492907643318176,-0.22473789751529694,0.9999200701713562,0.5257813930511475,0.33346959948539734,-0.10388023406267166,0.999950647354126,0.4655441641807556,0.3364289700984955,-0.11077109724283218,0.9998595118522644,0.5324849486351013,0.4249444007873535,-0.059435732662677765,0.9884966015815735,0.45484617352485657,0.4263256788253784,-0.07329592853784561,0.9771651029586792,0.5331529378890991,0.5016791224479675,-0.11492584645748138,0.9769430160522461,0.4530782401561737,0.5075095891952515,-0.12132622301578522,0.9523665904998779,0.5344629287719727,0.5266035199165344,-0.13316567242145538,0.9457745552062988,0.4516611397266388,0.5341743230819702,-0.1394498199224472,0.9040030241012573,0.530480146408081,0.5271913409233093,-0.1562832146883011,0.9492267966270447,0.456365704536438,0.5342840552330017,-0.16274721920490265,0.9084954261779785,0.5287817716598511,0.5186861753463745,-0.12477605044841766,0.9365226030349731,0.458473265171051,0.5256277918815613,-0.13108618557453156,0.8948984742164612,0.5095303654670715,0.48771151900291443,0.0014258624287322164,0.9996086359024048,0.4735111892223358,0.48917508125305176,-0.001522958860732615,0.9994992017745972,0.5092059373855591,0.6201251745223999,-0.0029855971224606037,0.9824023842811584,0.4759621024131775,0.624971330165863,-0.0027938936837017536,0.9723743796348572,0.5081093907356262,0.7433363795280457,0.07658856362104416,0.9830240607261658,0.4750436544418335,0.7441224455833435,0.08320792764425278,0.9664885997772217,0.5050584673881531,0.7593957781791687,0.07823202759027481,0.7560734152793884,0.47642168402671814,0.7588119506835938,0.0860699787735939,0.6771479845046997,0.5039595365524292,0.7845614552497864,-0.018253805115818977,0.9718098044395447,0.47379738092422485,0.7841241955757141,-0.008043786510825157,0.9570835828781128
sujin_stand_normal_03,90,30,3.000383631713555,29.996164173379363,10,0.49348676204681396,0.261824369430542,-0.2572571635246277,0.9999586343765259,0.49839726090431213,0.2520717680454254,-0.2463468462228775,0.9999138116836548,0.5011807680130005,0.2525138258934021,-0.24634984135627747,0.9999096393585205,0.5031084418296814,0.2530983090400696,-0.24635544419288635,0.9999120831489563,0.49042394757270813,0.25151923298835754,-0.2471119463443756,0.9998883605003357,0.487886518239975,0.2516295313835144,-0.24714460968971252,0.9998704195022583,0.4853963255882263,0.251808762550354,-0.24715396761894226,0.999882161617279,0.5071824193000793,0.261395126581192,-0.17051304876804352,0.9998554587364197,0.4832213521003723,0.2595157027244568,-0.17447838187217712,0.9997496604919434,0.49808210134506226,0.2760568857192993,-0.2282053530216217,0.9999330639839172,0.48774197697639465,0.2749113440513611,-0.22945502400398254,0.9999273419380188,0.5257369875907898,0.333479106426239,-0.10886882990598679,0.9999534487724304,0.4654826819896698,0.3364166021347046,-0.11290064454078674,0.9998672604560852,0.5323083400726318,0.42544448375701904,-0.06624286621809006,0.988766610622406,0.4548433721065521,0.42729583382606506,-0.07590022683143616,0.9778725504875183,0.533014178276062,0.5018385648727417,-0.12098342925310135,0.9771357774734497,0.45307713747024536,0.5082910060882568,-0.12571057677268982,0.9529725313186646,0.5343419313430786,0.5267276167869568,-0.13959598541259766,0.9461010098457336,0.4516591429710388,0.534701406955719,-0.14434225857257843,0.9050156474113464,0.530261754989624,0.5272561311721802,-0.16274385154247284,0.949634313583374,0.4563905894756317,0.5347549319267273,-0.16755393147468567,0.9096254706382751,0.5285561680793762,0.5187438130378723,-0.13089938461780548,0.9371955394744873,0.45850181579589844,0.5264270901679993,-0.13555282354354858,0.8963579535484314,0.5095229148864746,0.487735778093338,0.0012336798245087266,0.9996165037155151,0.47351065278053284,0.48935315012931824,-0.0013318101409822702,0.9995067119598389,0.509201169013977,0.620198667049408,-0.00369022018276155,0.9826399087905884,0.4759560823440552,0.6230452656745911,-0.002289394848048687,0.9726118445396423,0.5078957080841064,0.7430111765861511,0.08337020128965378,0.9832978844642639,0.4751156270503998,0.7435319423675537,0.0915130078792572,0.9669039845466614,0.5045256614685059,0.7577360272407532,0.08618886023759842,0.759030282497406,0.4765181243419647,0.7569461464881897,0.0953282043337822,0.6791229844093323,0.5041722059249878,0.7845000624656677,-0.010315556079149246,0.9722303152084351,0.4738679826259613,0.7840731739997864,0.0018552466062828898,0.9576379656791687
sujin_stand_normal_03,93,31,3.1003964194373403,29.996164173379363,10,0.4934709370136261,0.261819988489151,-0.25298988819122314,0.9999622702598572,0.4983755648136139,0.2520899772644043,-0.24248285591602325,0.9999205470085144,0.5011699795722961,0.252538800239563,-0.24248716235160828,0.9999168515205383,0.5030730962753296,0.2530926465988159,-0.2424960434436798,0.9999191164970398,0.490321546792984,0.25152820348739624,-0.2432357370853424,0.9998973608016968,0.48771893978118896,0.2516658902168274,-0.24326705932617188,0.9998812079429626,0.4852756857872009,0.2518232464790344,-0.24327702820301056,0.9998916983604431,0.5071426630020142,0.26138752698898315,-0.16874456405639648,0.9998658299446106,0.4830722212791443,0.2595495581626892,-0.1726522594690323,0.9997699856758118,0.4980259835720062,0.27608269453048706,-0.22467540204524994,0.9999390244483948,0.4877075254917145,0.274983674287796,-0.22591038048267365,0.9999337196350098,0.5255188941955566,0.3335523307323456,-0.1075378879904747,0.9999556541442871,0.4652775824069977,0.33640724420547485,-0.11160547286272049,0.9998739957809448,0.5321864485740662,0.42552849650382996,-0.06222716346383095,0.9890213012695312,0.45477330684661865,0.4271431267261505,-0.07356909662485123,0.9783328175544739,0.5328603386878967,0.5018340945243835,-0.11353185027837753,0.9773967862129211,0.45303502678871155,0.5079512000083923,-0.120933897793293,0.9533078670501709,0.5342546701431274,0.5266826152801514,-0.131319060921669,0.9467043876647949,0.45157015323638916,0.534252405166626,-0.13870224356651306,0.9056118130683899,0.5302067399024963,0.5271859765052795,-0.15421409904956818,0.9502626657485962,0.4563515782356262,0.534511387348175,-0.16182827949523926,0.9103018045425415,0.5284799933433533,0.5186927914619446,-0.12325143069028854,0.9380679130554199,0.45848721265792847,0.5259272456169128,-0.1306970864534378,0.897401750087738,0.509336531162262,0.48771700263023376,0.0011010582093149424,0.9996154308319092,0.4733871519565582,0.4893220067024231,-0.0012029712088406086,0.999504804611206,0.5091079473495483,0.6205669641494751,-0.0031913986895233393,0.9824743270874023,0.47593584656715393,0.6247472167015076,-0.0016254198271781206,0.9721065163612366,0.5079033970832825,0.7430166602134705,0.07697589695453644,0.9831234812736511,0.47504276037216187,0.7435430884361267,0.08537942916154861,0.9660441279411316,0.5046632885932922,0.7591254711151123,0.07856927812099457,0.7551600933074951,0.4764605462551117,0.7569271326065063,0.08816086500883102,0.6749018430709839,0.5036648511886597,0.7846226096153259,-0.0170513354241848,0.9717692732810974,0.4737866520881653,0.7840953469276428,-0.004157034680247307,0.956737220287323
sujin_stand_normal_03,96,32,3.200409207161125,29.996164173379363,10,0.4932275712490082,0.2618442177772522,-0.2607630789279938,0.9999657273292542,0.4981335699558258,0.25208961963653564,-0.25001388788223267,0.999927282333374,0.5009586215019226,0.2525365948677063,-0.25001615285873413,0.9999240040779114,0.502893328666687,0.25308796763420105,-0.25002187490463257,0.9999260306358337,0.49006664752960205,0.25152575969696045,-0.25066301226615906,0.9999061226844788,0.4874343276023865,0.251646488904953,-0.2506948411464691,0.9998915791511536,0.4850301146507263,0.25181493163108826,-0.25070083141326904,0.9999009370803833,0.5069227814674377,0.2613833546638489,-0.17415253818035126,0.9998764991760254,0.4828144609928131,0.2595551311969757,-0.1775703877210617,0.9997894167900085,0.4977772533893585,0.27608180046081543,-0.2316552996635437,0.9999445676803589,0.4874434173107147,0.2749786972999573,-0.23274704813957214,0.9999397397041321,0.5254289507865906,0.33347776532173157,-0.112070232629776,0.9999584555625916,0.46504202485084534,0.3364063501358032,-0.11426656693220139,0.9998810291290283,0.5321263670921326,0.42553091049194336,-0.06777869164943695,0.9894084334373474,0.4546094536781311,0.42726296186447144,-0.07544610649347305,0.9790182709693909,0.5328388810157776,0.5018823146820068,-0.12191539257764816,0.9779748320579529,0.45289722084999084,0.5079348087310791,-0.12476138770580292,0.9541817307472229,0.5342143774032593,0.5266789197921753,-0.14053688943386078,0.9478069543838501,0.4514336884021759,0.5342708826065063,-0.1431361883878708,0.907068133354187,0.5300934314727783,0.5271840691566467,-0.1641206592321396,0.9513729810714722,0.45626839995384216,0.534514844417572,-0.16688577830791473,0.9118363261222839,0.5283669829368591,0.5186936855316162,-0.13193979859352112,0.9395137429237366,0.4584146738052368,0.5259456038475037,-0.13480335474014282,0.8992358446121216,0.509303629398346,0.4876860976219177,0.0009593977010808885,0.9996257424354553,0.4733659327030182,0.48938941955566406,-0.0010617446387186646,0.9995145201683044,0.5090613961219788,0.6205896735191345,-0.004436527844518423,0.9826028347015381,0.47592994570732117,0.6236745119094849,-0.0013425934594124556,0.972294807434082,0.5076619982719421,0.7430118918418884,0.07987527549266815,0.9833454489707947,0.47507554292678833,0.7431445121765137,0.0905785858631134,0.9663079977035522,0.5042257905006409,0.7589743137359619,0.08224411308765411,0.7574373483657837,0.4765208959579468,0.7561137080192566,0.09413319081068039,0.6766720414161682,0.5038125514984131,0.784695029258728,-0.014943258836865425,0.9721082448959351,0.47389107942581177,0.7840957045555115,0.0007058271439746022,0.957198977470398
sujin_stand_normal_03,99,33,3.3004219948849105,29.996164173379363,10,0.492908775806427,0.26186123490333557,-0.2509384751319885,0.9999687075614929,0.4978588819503784,0.2520999014377594,-0.24006056785583496,0.9999329447746277,0.5007010698318481,0.2525404691696167,-0.2400633692741394,0.9999300241470337,0.5026379823684692,0.25309669971466064,-0.24006493389606476,0.9999318718910217,0.4897686839103699,0.25153690576553345,-0.24072043597698212,0.9999135732650757,0.48714694380760193,0.25164595246315,-0.24074779450893402,0.9999004602432251,0.48474639654159546,0.2518136203289032,-0.24075497686862946,0.9999088048934937,0.5066782832145691,0.26139402389526367,-0.1648709774017334,0.999885082244873,0.4825594127178192,0.2595728933811188,-0.16851851344108582,0.9998058676719666,0.4973967671394348,0.2760825455188751,-0.22217534482479095,0.9999493956565857,0.48708102107048035,0.2749808132648468,-0.22332461178302765,0.9999449849128723,0.5252634286880493,0.33347994089126587,-0.10421694815158844,0.9999604821205139,0.46486419439315796,0.3364020884037018,-0.10686454176902771,0.9998865127563477,0.5318730473518372,0.4256232678890228,-0.06080516427755356,0.9896835088729858,0.45431119203567505,0.42713987827301025,-0.06785780936479568,0.9794626832008362,0.5327191948890686,0.5019612908363342,-0.11605284363031387,0.9785429835319519,0.45277783274650574,0.5078223943710327,-0.11663208901882172,0.9547531008720398,0.5341978073120117,0.5266762971878052,-0.1348593682050705,0.9490113854408264,0.45138585567474365,0.5342593193054199,-0.13478748500347137,0.9081242680549622,0.5300567150115967,0.5272563695907593,-0.15811340510845184,0.9525477290153503,0.45624488592147827,0.5345022678375244,-0.15779025852680206,0.9129199981689453,0.5282869935035706,0.5187622308731079,-0.12601646780967712,0.9409907460212708,0.45837754011154175,0.5258598923683167,-0.1263801008462906,0.900606632232666,0.5091602206230164,0.48778703808784485,0.0010593798942863941,0.9996281266212463,0.4732085168361664,0.489396333694458,-0.0011611393420025706,0.9995181560516357,0.5090748071670532,0.6206811666488647,-0.0017201404552906752,0.9826712608337402,0.47582775354385376,0.6238402724266052,-0.0013062675716355443,0.9724234938621521,0.507840096950531,0.7428557276725769,0.08255384862422943,0.9833897352218628,0.47507554292678833,0.7431577444076538,0.09009391814470291,0.966322660446167,0.5044742226600647,0.758253276348114,0.08496951311826706,0.7584516406059265,0.47655245661735535,0.756231427192688,0.09356705099344254,0.6755791902542114,0.5040155053138733,0.7843943238258362,-0.011137327179312706,0.9722586870193481,0.473891943693161,0.783782422542572,0.0001650754566071555,0.9572229981422424
sujin_stand_normal_03,102,34,3.400434782608696,29.996164173379363,10,0.4928150475025177,0.26186174154281616,-0.25863027572631836,0.9999714493751526,0.49770674109458923,0.2520979344844818,-0.24776247143745422,0.9999382495880127,0.5005293488502502,0.2525368630886078,-0.24776548147201538,0.9999356865882874,0.5024479627609253,0.2530948519706726,-0.24776911735534668,0.9999374151229858,0.4896624982357025,0.25153490900993347,-0.24853827059268951,0.9999205470085144,0.48706957697868347,0.25164318084716797,-0.24856820702552795,0.9999086856842041,0.48461592197418213,0.2518118917942047,-0.2485729157924652,0.9999160766601562,0.5064750909805298,0.261391818523407,-0.17161516845226288,0.9998935461044312,0.4823870360851288,0.25957342982292175,-0.17572030425071716,0.999821126461029,0.4972905218601227,0.27608177065849304,-0.2294631153345108,0.9999538064002991,0.48699888586997986,0.2749730348587036,-0.23075531423091888,0.9999496936798096,0.5249210596084595,0.3334631025791168,-0.10956354439258575,0.999962568283081,0.4647386968135834,0.33640244603157043,-0.11158155649900436,0.9998911619186401,0.5317851305007935,0.42550304532051086,-0.0657336413860321,0.9900368452072144,0.45414578914642334,0.4269629716873169,-0.07190622389316559,0.9798358082771301,0.5327030420303345,0.5018287897109985,-0.12130232155323029,0.9791937470436096,0.4525670111179352,0.5077229142189026,-0.1217251569032669,0.9549449682235718,0.5341538190841675,0.5265094637870789,-0.14010220766067505,0.9503003358840942,0.451243132352829,0.5342681407928467,-0.14000193774700165,0.9083963632583618,0.5300328135490417,0.5271391868591309,-0.16384829580783844,0.9538102746009827,0.4560573399066925,0.53451007604599,-0.16369421780109406,0.9133177399635315,0.5282718539237976,0.5186915993690491,-0.13141877949237823,0.9425446391105652,0.4581478238105774,0.5258550047874451,-0.13177576661109924,0.901212751865387,0.5089309215545654,0.4877198338508606,0.0008191129891201854,0.9996306300163269,0.47300830483436584,0.48935094475746155,-0.0009187826653942466,0.9995208382606506,0.5089460015296936,0.620697557926178,-0.0028692225459963083,0.9825891852378845,0.47581031918525696,0.6241810321807861,-0.0011224191403016448,0.972418487071991,0.5078256130218506,0.7432639598846436,0.07500031590461731,0.9833930730819702,0.474873811006546,0.7443144917488098,0.08528959006071091,0.9662421345710754,0.5045201778411865,0.7593849897384644,0.07653319090604782,0.7573803663253784,0.4763178825378418,0.7573696970939636,0.0879574716091156,0.675449788570404,0.5038432478904724,0.7845993638038635,-0.021522795781493187,0.9721941351890564,0.47358521819114685,0.7843607068061829,-0.006336771417409182,0.9571453928947449
sujin_stand_normal_03,105,35,3.5004475703324807,29.996164173379363,10,0.4926345944404602,0.261840283870697,-0.2584015429019928,0.9999739527702332,0.4974752962589264,0.2520733177661896,-0.24747706949710846,0.999943196773529,0.5002864003181458,0.2525279223918915,-0.2474796622991562,0.9999409317970276,0.5022295713424683,0.2530934512615204,-0.2474823147058487,0.9999425411224365,0.48952826857566833,0.25148114562034607,-0.24823206663131714,0.9999269843101501,0.486973375082016,0.25159916281700134,-0.24826166033744812,0.9999162554740906,0.48447245359420776,0.2517819404602051,-0.24826712906360626,0.9999228119850159,0.5062249898910522,0.2613886594772339,-0.17143866419792175,0.9999014139175415,0.4822499454021454,0.2595202922821045,-0.17555706202983856,0.999835193157196,0.49717435240745544,0.27607569098472595,-0.22922399640083313,0.9999579191207886,0.4868694245815277,0.2749500572681427,-0.23048780858516693,0.999954104423523,0.5248787999153137,0.3333207666873932,-0.10955129563808441,0.9999648332595825,0.4645383059978485,0.3364052176475525,-0.11081711947917938,0.9998964667320251,0.5317698121070862,0.42535892128944397,-0.06605438143014908,0.9904484152793884,0.4540315568447113,0.4270370900630951,-0.07073348015546799,0.9803315997123718,0.532692015171051,0.5018299221992493,-0.12320748716592789,0.9800428152084351,0.45241227746009827,0.5077213644981384,-0.12143050879240036,0.9557809233665466,0.5341441035270691,0.5264863967895508,-0.1424165666103363,0.9520747661590576,0.45106932520866394,0.5342566967010498,-0.13988013565540314,0.9098507761955261,0.5299401879310608,0.5271728038787842,-0.1664721518754959,0.9555137157440186,0.45592373609542847,0.5345081090927124,-0.16366046667099,0.9148092865943909,0.5282013416290283,0.5187551975250244,-0.13345935940742493,0.9446199536323547,0.458040326833725,0.5258959531784058,-0.13158465921878815,0.9029457569122314,0.5089166760444641,0.48787355422973633,0.0006371426861733198,0.9996392130851746,0.47299978137016296,0.48971235752105713,-0.0007354422705247998,0.9995318055152893,0.508886456489563,0.6213809251785278,-0.002379760378971696,0.9829138517379761,0.47578492760658264,0.6241890788078308,-0.00028314595692791045,0.9730120897293091,0.5075969696044922,0.7433571219444275,0.08134631812572479,0.9837429523468018,0.4748038053512573,0.7445746660232544,0.09002567827701569,0.9669885039329529,0.5042772889137268,0.7594184279441833,0.08352433145046234,0.7603380084037781,0.4761577248573303,0.7574947476387024,0.09322430938482285,0.6795652508735657,0.503843367099762,0.7850828170776367,-0.015109319239854813,0.9727669358253479,0.47350984811782837,0.7850011587142944,-0.0012343369890004396,0.9581195116043091
sujin_stand_normal_03,108,36,3.600460358056266,29.996164173379363,10,0.49217453598976135,0.2620786428451538,-0.2635968327522278,0.9999759793281555,0.497033953666687,0.25217530131340027,-0.25336092710494995,0.9999468326568604,0.4999307096004486,0.2525533139705658,-0.2533637285232544,0.999944806098938,0.5019422769546509,0.25308510661125183,-0.2533721625804901,0.9999463558197021,0.48883888125419617,0.25176796317100525,-0.25376689434051514,0.9999317526817322,0.48612263798713684,0.25194913148880005,-0.25380027294158936,0.9999220371246338,0.4838711619377136,0.2522223889827728,-0.2538135349750519,0.999927818775177,0.5060959458351135,0.261330783367157,-0.1785397231578827,0.9999067783355713,0.48178333044052124,0.259979784488678,-0.18090905249118805,0.9998456239700317,0.49693578481674194,0.2761695086956024,-0.23470832407474518,0.9999611973762512,0.4865226745605469,0.2752436101436615,-0.23548904061317444,0.9999576210975647,0.5245246291160583,0.33329254388809204,-0.11551275104284286,0.9999660849571228,0.46452757716178894,0.33640506863594055,-0.1162196546792984,0.9998992085456848,0.5316954851150513,0.4253118336200714,-0.07134325802326202,0.9906116127967834,0.45397913455963135,0.4270472526550293,-0.07720933854579926,0.9804678559303284,0.5325806140899658,0.5018302798271179,-0.12580989301204681,0.9803550243377686,0.4524209201335907,0.5079863667488098,-0.12662853300571442,0.9558034539222717,0.5340327024459839,0.5264763832092285,-0.1446409374475479,0.9527129530906677,0.4510821998119354,0.534473717212677,-0.14479994773864746,0.9098700284957886,0.5298773646354675,0.5271730422973633,-0.16847020387649536,0.9561585783958435,0.45595166087150574,0.5346967577934265,-0.16860704123973846,0.9149183630943298,0.528141438961029,0.5187676548957825,-0.13591642677783966,0.9454537034034729,0.45804616808891296,0.526128351688385,-0.1366722136735916,0.9032140970230103,0.5089046955108643,0.48771679401397705,0.0005740422639064491,0.9996348023414612,0.4729735553264618,0.48926639556884766,-0.0006742490804754198,0.9995242357254028,0.5088749527931213,0.6209362745285034,-0.003421282861381769,0.9827371835708618,0.47574907541275024,0.6241363883018494,-4.0972012357087806e-05,0.9726546406745911,0.5076978802680969,0.7430566549301147,0.08016346395015717,0.983564019203186,0.47482290863990784,0.744417130947113,0.08979226648807526,0.9663978815078735,0.5043079853057861,0.7586952447891235,0.08234153687953949,0.7583168745040894,0.47625860571861267,0.7574986219406128,0.09296780079603195,0.6773160099983215,0.5038817524909973,0.7849247455596924,-0.015784578397870064,0.9724119901657104,0.47355952858924866,0.7848673462867737,-0.0013932856963947415,0.9575299024581909
sujin_stand_normal_03,111,37,3.7004731457800513,29.996164173379363,10,0.4920457601547241,0.2618979215621948,-0.26300400495529175,0.9999779462814331,0.49685412645339966,0.25191906094551086,-0.2524799108505249,0.9999505877494812,0.4997619092464447,0.25224030017852783,-0.25248149037361145,0.9999488592147827,0.5018100738525391,0.25274085998535156,-0.2524876892566681,0.9999502897262573,0.4886583387851715,0.25154197216033936,-0.25306275486946106,0.9999367594718933,0.48590007424354553,0.25172343850135803,-0.2530960738658905,0.9999279379844666,0.48367026448249817,0.2520621716976166,-0.25310805439949036,0.9999330639839172,0.5058477520942688,0.2609591782093048,-0.17737513780593872,0.9999127388000488,0.4814838469028473,0.2599051296710968,-0.18011167645454407,0.99985671043396,0.4968583881855011,0.27599430084228516,-0.23392292857170105,0.9999644160270691,0.4864351451396942,0.2750716805458069,-0.23493872582912445,0.9999610781669617,0.5243009328842163,0.33303266763687134,-0.11429920792579651,0.999967634677887,0.4643790125846863,0.3363384008407593,-0.11629006266593933,0.9999033808708191,0.5316138863563538,0.42541804909706116,-0.0697462260723114,0.9908515214920044,0.45385152101516724,0.42704272270202637,-0.07733546197414398,0.9810000658035278,0.5324534773826599,0.5018588304519653,-0.12530139088630676,0.9808600544929504,0.4520214796066284,0.5079513788223267,-0.12688615918159485,0.9564820528030396,0.534022331237793,0.5265305638313293,-0.1441795378923416,0.9537164568901062,0.4507133364677429,0.5344700813293457,-0.1453307420015335,0.9109627604484558,0.5297794342041016,0.5273600816726685,-0.1680212765932083,0.9571511149406433,0.4556182622909546,0.5346761345863342,-0.1692044585943222,0.9160328507423401,0.5280455350875854,0.5188654065132141,-0.13541802763938904,0.9466801285743713,0.4577288031578064,0.5260623097419739,-0.13696718215942383,0.9045355319976807,0.5087835192680359,0.4876836836338043,0.0011521143605932593,0.9996375441551208,0.47276386618614197,0.4891986846923828,-0.0012516945134848356,0.9995294809341431,0.5088025331497192,0.6209450364112854,-0.002783692441880703,0.9827250838279724,0.4757077097892761,0.6241834759712219,-0.0008064762805588543,0.972646176815033,0.5076926350593567,0.7428877949714661,0.08347384631633759,0.9835020899772644,0.4748460054397583,0.744382917881012,0.08987285941839218,0.9661617279052734,0.5043279528617859,0.7580306529998779,0.08596314489841461,0.7583185434341431,0.47626256942749023,0.7574134469032288,0.09314712882041931,0.6747645735740662,0.504065752029419,0.7849193811416626,-0.012587634846568108,0.9723789691925049,0.47357502579689026,0.78486567735672,-0.0014811105793341994,0.9572983384132385
sujin_stand_normal_03,114,38,3.8004859335038366,29.996164173379363,10,0.49186065793037415,0.2617855370044708,-0.2535220980644226,0.9999796748161316,0.49661704897880554,0.2517968714237213,-0.24273629486560822,0.9999538064002991,0.49951979517936707,0.25214022397994995,-0.24273620545864105,0.9999523758888245,0.5015981793403625,0.25265660881996155,-0.24273553490638733,0.9999537467956543,0.48848000168800354,0.25143909454345703,-0.243323415517807,0.9999409317970276,0.4857242703437805,0.2516302168369293,-0.24335221946239471,0.9999330043792725,0.48344701528549194,0.2519950866699219,-0.2433626651763916,0.9999374747276306,0.5055686235427856,0.2608659863471985,-0.1671701818704605,0.99991774559021,0.4812922775745392,0.25986596941947937,-0.17016363143920898,0.9998656511306763,0.49672064185142517,0.2759038805961609,-0.22451908886432648,0.9999672770500183,0.4862903356552124,0.27496516704559326,-0.2255101054906845,0.9999641180038452,0.5242922902107239,0.3327588737010956,-0.10585559904575348,0.9999692440032959,0.464229941368103,0.33628320693969727,-0.10774058848619461,0.9999067783355713,0.5315760374069214,0.42515355348587036,-0.06342624872922897,0.9911335110664368,0.4538368284702301,0.4269280433654785,-0.0683787390589714,0.9812184572219849,0.532440185546875,0.5016688108444214,-0.12150366604328156,0.9815050363540649,0.4519869387149811,0.50776207447052,-0.11834553629159927,0.9565168619155884,0.5340595841407776,0.5262033343315125,-0.14071674644947052,0.9550822973251343,0.45066261291503906,0.5341793298721313,-0.13661183416843414,0.9110726714134216,0.5297490358352661,0.5272664427757263,-0.1645394116640091,0.9584773182868958,0.4555753171443939,0.5345069169998169,-0.16059578955173492,0.9162341356277466,0.5280163288116455,0.5188155174255371,-0.13171030580997467,0.9482715725898743,0.45767566561698914,0.5259647965431213,-0.1285373568534851,0.9048521518707275,0.5087915062904358,0.487681120634079,0.001300233881920576,0.9996421337127686,0.472751259803772,0.48926791548728943,-0.0013967850245535374,0.9995359778404236,0.5087649822235107,0.6209971308708191,-0.003424369962885976,0.9830542206764221,0.47569695115089417,0.6240893006324768,-0.0030705572571605444,0.9731909036636353,0.5075598955154419,0.7428701519966125,0.08324001729488373,0.9838294982910156,0.4745226502418518,0.7443749904632568,0.08782541006803513,0.9667163491249084,0.5040911436080933,0.7578665018081665,0.08560650795698166,0.7613720297813416,0.4758200943470001,0.7573713064193726,0.09104016423225403,0.6753506064414978,0.5040714740753174,0.7849180102348328,-0.012783861719071865,0.9729715585708618,0.4735926687717438,0.7849403619766235,-0.004263126291334629,0.9579769968986511
sujin_stand_normal_03,117,39,3.9004987212276214,29.996164173379363,10,0.49165427684783936,0.2617708742618561,-0.24826793372631073,0.9999811053276062,0.4963957369327545,0.2517622709274292,-0.2375693917274475,0.9999562501907349,0.49927452206611633,0.2520838975906372,-0.23757268488407135,0.9999549984931946,0.5013478994369507,0.25259435176849365,-0.2375759780406952,0.9999563097953796,0.488265722990036,0.25142958760261536,-0.23823316395282745,0.9999442100524902,0.4854971170425415,0.25162285566329956,-0.23826196789741516,0.9999369978904724,0.4832036793231964,0.2519887387752533,-0.23827622830867767,0.9999409317970276,0.505316436290741,0.2608000636100769,-0.16245345771312714,0.9999209046363831,0.4810689091682434,0.25986558198928833,-0.16606658697128296,0.9998729228973389,0.4964838922023773,0.2758883237838745,-0.2194337248802185,0.9999696612358093,0.4860530197620392,0.2749607563018799,-0.22057148814201355,0.9999666810035706,0.5239928364753723,0.33274146914482117,-0.10032152384519577,0.9999698996543884,0.46418654918670654,0.3362707495689392,-0.10519339889287949,0.9999087452888489,0.5313703417778015,0.4252866506576538,-0.05602775141596794,0.991148829460144,0.4537496566772461,0.42704904079437256,-0.06659647077322006,0.9812002182006836,0.5322105288505554,0.5019785761833191,-0.11132032424211502,0.981614887714386,0.4519757628440857,0.5082004070281982,-0.11629632115364075,0.956110417842865,0.5338533520698547,0.5268338322639465,-0.1301547884941101,0.9553525447845459,0.45065730810165405,0.5345944762229919,-0.13451814651489258,0.9105455279350281,0.5296366810798645,0.5276291966438293,-0.15344271063804626,0.9587721824645996,0.4555816948413849,0.5348656177520752,-0.1581522822380066,0.9157599210739136,0.5278732776641846,0.5190534591674805,-0.12132350355386734,0.9486539363861084,0.4576743543148041,0.5263371467590332,-0.12629368901252747,0.9044753313064575,0.5087498426437378,0.48801612854003906,0.001889722771011293,0.9996400475502014,0.4727352261543274,0.4893941283226013,-0.0019851340912282467,0.9995340704917908,0.5087642669677734,0.622984766960144,-0.0020653039682656527,0.983017086982727,0.4756185710430145,0.6253241300582886,-0.0037000724114477634,0.9732082486152649,0.5075955986976624,0.7432733178138733,0.08527813106775284,0.983746349811554,0.47446760535240173,0.7447426915168762,0.08777923136949539,0.9665000438690186,0.5040945410728455,0.7584887742996216,0.08786863833665848,0.7619786858558655,0.47571468353271484,0.758216142654419,0.09104058146476746,0.6720427870750427,0.5041022896766663,0.7849226593971252,-0.008826563134789467,0.9728432297706604,0.47359463572502136,0.7849453091621399,-0.0042278822511434555,0.9576317071914673
sujin_stand_normal_03,120,40,4.000511508951407,29.996164173379363,10,0.491523802280426,0.26184046268463135,-0.25652846693992615,0.9999822974205017,0.49627581238746643,0.25187423825263977,-0.24607914686203003,0.9999581575393677,0.49911510944366455,0.25221896171569824,-0.24608024954795837,0.9999571442604065,0.5011823177337646,0.2527552545070648,-0.2460833340883255,0.9999583959579468,0.4882294237613678,0.25157850980758667,-0.246791809797287,0.9999467730522156,0.48549050092697144,0.2518348693847656,-0.2468245029449463,0.9999402761459351,0.4831407964229584,0.25219300389289856,-0.2468389868736267,0.9999435544013977,0.5051445364952087,0.26088863611221313,-0.17064149677753448,0.9999232292175293,0.4810343384742737,0.2599394619464874,-0.17464923858642578,0.9998782277107239,0.4963163137435913,0.27594423294067383,-0.22742940485477448,0.9999716281890869,0.48595860600471497,0.27502334117889404,-0.22870676219463348,0.9999686479568481,0.5238913297653198,0.3329460024833679,-0.10744970291852951,0.9999704957008362,0.46416226029396057,0.33627328276634216,-0.11165603995323181,0.9999103546142578,0.5313333868980408,0.42530226707458496,-0.05982262268662453,0.9911985993385315,0.4537575840950012,0.4267120957374573,-0.0712822750210762,0.9809329509735107,0.5320857167243958,0.5021076798439026,-0.11325298994779587,0.9815359115600586,0.4519989788532257,0.5081694722175598,-0.11893930286169052,0.9549711346626282,0.5335965752601624,0.5270803570747375,-0.1321081668138504,0.9551277756690979,0.4506773352622986,0.5346375703811646,-0.13644473254680634,0.9086908102035522,0.5295400619506836,0.5277945399284363,-0.15549370646476746,0.9586217999458313,0.45554637908935547,0.5349036455154419,-0.1601681113243103,0.9140498638153076,0.5278151035308838,0.5191535949707031,-0.1233440414071083,0.9485145211219788,0.45758935809135437,0.5263354778289795,-0.1289040595293045,0.902728796005249,0.5087065696716309,0.48799648880958557,0.0017229490913450718,0.9996346831321716,0.4727238118648529,0.4893990457057953,-0.001819632132537663,0.999527096748352,0.5086607336997986,0.6225241422653198,-0.0020890594460070133,0.982465386390686,0.4756084680557251,0.6253493428230286,-0.002930019050836563,0.9724456071853638,0.5076443552970886,0.7438257336616516,0.08295465260744095,0.9833563566207886,0.474556028842926,0.7446610331535339,0.08844626694917679,0.9656249284744263,0.5046243071556091,0.75883549451828,0.08522012084722519,0.7584990859031677,0.4757160544395447,0.7579913139343262,0.09178801625967026,0.6686243414878845,0.5039583444595337,0.7853602170944214,-0.01138568390160799,0.9721512198448181,0.47355762124061584,0.7849098443984985,-0.0031292664352804422,0.9566142559051514
sujin_stand_normal_03,123,41,4.100524296675192,29.996164173379363,10,0.4915081858634949,0.2617349922657013,-0.24403682351112366,0.9999831914901733,0.4962623417377472,0.2518651783466339,-0.23301905393600464,0.9999591112136841,0.4990979731082916,0.25221967697143555,-0.23302315175533295,0.9999583959579468,0.5011480450630188,0.25277021527290344,-0.2330198884010315,0.9999595880508423,0.48822322487831116,0.25157180428504944,-0.2340172678232193,0.999948263168335,0.4855121672153473,0.2518431544303894,-0.23404408991336823,0.999942421913147,0.4831281006336212,0.25220993161201477,-0.23405949771404266,0.9999451041221619,0.5050649046897888,0.2609120309352875,-0.15751633048057556,0.9999235272407532,0.4810202717781067,0.2599371373653412,-0.16271519660949707,0.9998811483383179,0.49630191922187805,0.2759062945842743,-0.2151544839143753,0.9999731183052063,0.48594292998313904,0.27497780323028564,-0.21677318215370178,0.9999701976776123,0.523764431476593,0.3329024910926819,-0.09687522053718567,0.9999709725379944,0.46413809061050415,0.3361765146255493,-0.1020897775888443,0.9999116063117981,0.5313206315040588,0.4252260625362396,-0.051252126693725586,0.99125075340271,0.45371249318122864,0.4262741506099701,-0.06233767047524452,0.9807465076446533,0.5320420265197754,0.5021146535873413,-0.10601935535669327,0.9815720319747925,0.451999694108963,0.5079095959663391,-0.11047275364398956,0.9541904330253601,0.5335668921470642,0.527091383934021,-0.12432665377855301,0.955212414264679,0.45069053769111633,0.5345064401626587,-0.1280806064605713,0.9074745774269104,0.5294951796531677,0.5278045535087585,-0.14742432534694672,0.9587374925613403,0.4555443227291107,0.5348295569419861,-0.15177053213119507,0.9129332900047302,0.5277537703514099,0.5191637873649597,-0.11592867225408554,0.9486737847328186,0.4575846493244171,0.5262451171875,-0.12045474350452423,0.9016280770301819,0.5086693167686462,0.4881967008113861,0.001719812280498445,0.9996278882026672,0.47271573543548584,0.48958620429039,-0.001815997646190226,0.9995202422142029,0.5084449052810669,0.6225072741508484,-0.001524639781564474,0.9821755886077881,0.47559747099876404,0.6255572438240051,-0.002978042932227254,0.9719403386116028,0.5076845288276672,0.7441679835319519,0.08156614005565643,0.9830270409584045,0.47456416487693787,0.7446660995483398,0.0868641808629036,0.9647635817527771,0.504833996295929,0.7590917944908142,0.08355889469385147,0.7541908025741577,0.4757176637649536,0.7579861283302307,0.09002802520990372,0.664370059967041,0.5039297938346863,0.785548746585846,-0.013541653752326965,0.9715796113014221,0.47351348400115967,0.7848958969116211,-0.0047990246675908566,0.9556763768196106
sujin_stand_normal_03,126,42,4.200537084398977,29.996164173379363,10,0.4914298951625824,0.26187652349472046,-0.2534455955028534,0.9999843239784241,0.4962379038333893,0.25200754404067993,-0.24292947351932526,0.9999611377716064,0.499086856842041,0.2523595094680786,-0.2429313212633133,0.9999606013298035,0.5011078119277954,0.25292760133743286,-0.24293570220470428,0.9999617338180542,0.4881671965122223,0.2516169846057892,-0.24356742203235626,0.9999510049819946,0.4854736328125,0.25184762477874756,-0.24360139667987823,0.9999457001686096,0.4830847382545471,0.2521989047527313,-0.24361652135849,0.9999480247497559,0.5050472617149353,0.26114338636398315,-0.16808459162712097,0.9999265074729919,0.48098671436309814,0.25993889570236206,-0.17167668044567108,0.9998871684074402,0.49611690640449524,0.2760259807109833,-0.22465302050113678,0.9999749064445496,0.48579874634742737,0.2750605344772339,-0.225801482796669,0.9999721050262451,0.5237535834312439,0.3333355784416199,-0.10541407018899918,0.999971330165863,0.46408331394195557,0.3364564776420593,-0.10999878495931625,0.999913215637207,0.531329333782196,0.4254778027534485,-0.05991588160395622,0.991310179233551,0.45372772216796875,0.42678797245025635,-0.07066041976213455,0.980695903301239,0.5320309996604919,0.5025526881217957,-0.11223020404577255,0.9815670847892761,0.451992392539978,0.5083245038986206,-0.11862137168645859,0.9539125561714172,0.5335010886192322,0.5273659229278564,-0.13011832535266876,0.9551576375961304,0.45069074630737305,0.5349794626235962,-0.13621334731578827,0.9071130156517029,0.5294693112373352,0.5281046032905579,-0.15307272970676422,0.9587227702140808,0.4554510712623596,0.5351807475090027,-0.1598978191614151,0.9126459956169128,0.5277307629585266,0.5195285081863403,-0.1219397559762001,0.9486908912658691,0.4574515223503113,0.5265634655952454,-0.1285594403743744,0.9013786315917969,0.5086607933044434,0.4882543385028839,0.0016569684958085418,0.9996248483657837,0.4726386070251465,0.4895842969417572,-0.001755781820975244,0.9995161890983582,0.5083277821540833,0.6224045157432556,-0.0038608151953667402,0.9819341897964478,0.4755992591381073,0.6255504488945007,-0.0030698878690600395,0.971526026725769,0.5076600313186646,0.7444023489952087,0.0761638656258583,0.9828804731369019,0.4746159017086029,0.7450342774391174,0.08418886363506317,0.9642890691757202,0.5047339200973511,0.7603340148925781,0.07801485806703568,0.7537862658500671,0.4758439362049103,0.7589884400367737,0.08710182458162308,0.6620154976844788,0.503855288028717,0.7855575680732727,-0.018525592982769012,0.9713469743728638,0.473508358001709,0.7848994731903076,-0.007116896566003561,0.955113410949707
sujin_stand_normal_03,129,43,4.300549872122763,29.996164173379363,10,0.49145665764808655,0.26179906725883484,-0.25176870822906494,0.9999853372573853,0.4962690770626068,0.2519646883010864,-0.2410968840122223,0.9999628663063049,0.4991034269332886,0.2523292303085327,-0.24109938740730286,0.9999625086784363,0.5011127591133118,0.2529040575027466,-0.24110224843025208,0.9999635815620422,0.4882463812828064,0.2515851557254791,-0.24186690151691437,0.9999533295631409,0.4855808913707733,0.25182726979255676,-0.24189694225788116,0.9999485611915588,0.4831344783306122,0.2521810233592987,-0.2419082522392273,0.9999504089355469,0.5050441026687622,0.2611219584941864,-0.16591081023216248,0.9999291896820068,0.48101702332496643,0.25986629724502563,-0.16991254687309265,0.9998922944068909,0.49613434076309204,0.27595093846321106,-0.22284115850925446,0.9999765157699585,0.4858230948448181,0.2749960720539093,-0.22411447763442993,0.9999737739562988,0.5237442255020142,0.3332454562187195,-0.10373795032501221,0.9999721646308899,0.46406471729278564,0.3364284336566925,-0.1082211583852768,0.9999151229858398,0.5313411355018616,0.42528900504112244,-0.058436017483472824,0.9914304614067078,0.45372170209884644,0.4267135560512543,-0.06872151792049408,0.9806472659111023,0.5320540070533752,0.5025527477264404,-0.11179365962743759,0.9817079305648804,0.4520520567893982,0.5083194375038147,-0.11707447469234467,0.9536394476890564,0.5334911942481995,0.5272921919822693,-0.1298542618751526,0.9554316997528076,0.4507765471935272,0.5349361896514893,-0.13482269644737244,0.9067027568817139,0.5294544100761414,0.5280999541282654,-0.1529269963502884,0.9590054750442505,0.4554828107357025,0.5351754426956177,-0.15858837962150574,0.9123044013977051,0.5277137160301208,0.5195393562316895,-0.12158622592687607,0.9490479230880737,0.4574897587299347,0.5266011953353882,-0.12709230184555054,0.9010841250419617,0.5086244940757751,0.4882252514362335,0.0015567821683362126,0.9996262192726135,0.47263309359550476,0.48959481716156006,-0.0016564015531912446,0.9995167851448059,0.5083279609680176,0.6223219037055969,-0.0048539345152676105,0.9820381999015808,0.47560182213783264,0.6255307793617249,-0.0030752483289688826,0.9714670777320862,0.5076848268508911,0.7444162964820862,0.07530590891838074,0.9829835295677185,0.4746725857257843,0.7450270056724548,0.08416502177715302,0.9642913937568665,0.5047770738601685,0.7599018216133118,0.07715222239494324,0.7533990144729614,0.4759773313999176,0.7583152651786804,0.08709397912025452,0.662158727645874,0.5038579106330872,0.7859221696853638,-0.020175861194729805,0.9714207649230957,0.47352564334869385,0.7852739691734314,-0.007104603108018637,0.9551606178283691
sujin_stand_normal_03,132,44,4.400562659846547,29.996164173379363,10,0.49150019884109497,0.26155775785446167,-0.25187742710113525,0.9999861121177673,0.49629372358322144,0.25182244181632996,-0.2411414086818695,0.9999639391899109,0.49911749362945557,0.25223955512046814,-0.2411428540945053,0.9999638199806213,0.5011215209960938,0.2528476119041443,-0.2411440908908844,0.9999648332595825,0.4883251190185547,0.2514800429344177,-0.2419312447309494,0.9999549388885498,0.4856950044631958,0.251783162355423,-0.2419614940881729,0.9999507069587708,0.48320114612579346,0.25215157866477966,-0.2419731169939041,0.9999521374702454,0.5050601363182068,0.26110655069351196,-0.16595973074436188,0.9999303221702576,0.4810582101345062,0.2598465383052826,-0.17010392248630524,0.9998955726623535,0.496187686920166,0.2758359909057617,-0.22300764918327332,0.999977707862854,0.48588183522224426,0.274862140417099,-0.22433944046497345,0.9999750256538391,0.5238623023033142,0.33324000239372253,-0.10410203784704208,0.9999725222587585,0.4640743136405945,0.33644112944602966,-0.10858850926160812,0.9999163150787354,0.531345009803772,0.4253036379814148,-0.058489058166742325,0.9914730787277222,0.45374631881713867,0.42671987414360046,-0.06879241019487381,0.9806228876113892,0.5320382118225098,0.5026146173477173,-0.11125621199607849,0.9816335439682007,0.4521143138408661,0.5083131194114685,-0.11662246286869049,0.9532877802848816,0.5334419012069702,0.527420163154602,-0.12891560792922974,0.95522540807724,0.45085781812667847,0.5348907709121704,-0.13419507443904877,0.9061994552612305,0.529382050037384,0.5282425284385681,-0.15190951526165009,0.9588317275047302,0.45553767681121826,0.5351587533950806,-0.15777865052223206,0.9118404984474182,0.5276570320129395,0.5196395516395569,-0.12097655981779099,0.9488793015480042,0.4575515687465668,0.5266138315200806,-0.12656626105308533,0.9006091356277466,0.508634626865387,0.4882121980190277,0.0015578358434140682,0.9996267557144165,0.4726984202861786,0.48962968587875366,-0.0016576163470745087,0.9995192289352417,0.5083463191986084,0.6216713190078735,-0.002925483975559473,0.9821191430091858,0.4756445288658142,0.6250386238098145,-0.002929308917373419,0.9716267585754395,0.5077050924301147,0.7444259524345398,0.07732370495796204,0.9831157922744751,0.47466543316841125,0.7447249293327332,0.08519872277975082,0.9645084142684937,0.5047808885574341,0.7593508958816528,0.07918930798768997,0.7540741562843323,0.4758833348751068,0.7567611336708069,0.08824053406715393,0.6621675491333008,0.5038542151451111,0.7863101363182068,-0.018208788707852364,0.971627950668335,0.47353628277778625,0.7854109406471252,-0.005744199734181166,0.9553857445716858
sujin_stand_normal_03,135,45,4.500575447570332,29.996164173379363,10,0.49153879284858704,0.26155391335487366,-0.25250446796417236,0.9999867081642151,0.4963117837905884,0.25182902812957764,-0.2419254034757614,0.9999645948410034,0.49912694096565247,0.252256840467453,-0.24192629754543304,0.9999646544456482,0.5011337995529175,0.2528747618198395,-0.24192829430103302,0.9999656081199646,0.4883951246738434,0.2515205144882202,-0.24267202615737915,0.9999560713768005,0.4858110845088959,0.25187602639198303,-0.24270330369472504,0.9999522566795349,0.48328790068626404,0.25227001309394836,-0.24271635711193085,0.9999533295631409,0.5050723552703857,0.26113590598106384,-0.16707420349121094,0.9999305605888367,0.4811429977416992,0.259896844625473,-0.17110247910022736,0.999897837638855,0.4962233304977417,0.27584293484687805,-0.22372134029865265,0.9999786019325256,0.4859101176261902,0.2748742997646332,-0.2250116765499115,0.9999759793281555,0.5239089727401733,0.33323588967323303,-0.10511475056409836,0.9999723434448242,0.4641071856021881,0.3364197015762329,-0.109603151679039,0.999917209148407,0.531342089176178,0.4253042936325073,-0.05943707376718521,0.9914094805717468,0.4537549912929535,0.42654499411582947,-0.06982196122407913,0.9805096983909607,0.5320449471473694,0.5026169419288635,-0.11159004271030426,0.9812740087509155,0.4521158039569855,0.5081935524940491,-0.11663439124822617,0.9526237845420837,0.5334650278091431,0.5274073481559753,-0.12912218272686005,0.954425036907196,0.4508363604545593,0.5348666906356812,-0.1341680884361267,0.9050707817077637,0.5294049978256226,0.528230607509613,-0.15202073752880096,0.9581161737442017,0.4555090367794037,0.5351241230964661,-0.15769846737384796,0.9107867479324341,0.5276839137077332,0.5196356773376465,-0.12128806859254837,0.948081910610199,0.45753705501556396,0.5264879465103149,-0.12656855583190918,0.8995441794395447,0.5085904598236084,0.48820632696151733,0.0015616745222359896,0.9996206760406494,0.47268804907798767,0.4895869493484497,-0.0016620411770418286,0.9995147585868835,0.5083298087120056,0.6213129162788391,-0.0029080018866807222,0.9817982316017151,0.47562071681022644,0.625210165977478,-0.0029171903152018785,0.9712044596672058,0.5077186822891235,0.7446120381355286,0.07552123814821243,0.982923686504364,0.4746842384338379,0.7447616457939148,0.0840761736035347,0.9640147686004639,0.5048791170120239,0.7596336007118225,0.07718738913536072,0.752678632736206,0.47589224576950073,0.757244884967804,0.0869351476430893,0.6596076488494873,0.5037243366241455,0.7863249182701111,-0.019763151183724403,0.9713501334190369,0.4735105335712433,0.7853276133537292,-0.007220600266009569,0.9548022747039795
sujin_stand_normal_03,138,46,4.600588235294118,29.996164173379363,10,0.4917425215244293,0.26162734627723694,-0.26447156071662903,0.9999877214431763,0.4964912235736847,0.25190919637680054,-0.25381743907928467,0.9999669194221497,0.4992862343788147,0.2523547112941742,-0.2538125813007355,0.9999670386314392,0.5012964606285095,0.25297993421554565,-0.25381723046302795,0.9999679327011108,0.48861756920814514,0.25162068009376526,-0.25459015369415283,0.9999591112136841,0.48608365654945374,0.25202497839927673,-0.2546258866786957,0.9999556541442871,0.4835303723812103,0.25241580605506897,-0.2546325623989105,0.9999566078186035,0.505154550075531,0.2612076699733734,-0.17718958854675293,0.9999348521232605,0.48133420944213867,0.2599799633026123,-0.1811811625957489,0.9999048709869385,0.4964370131492615,0.27590256929397583,-0.23492960631847382,0.9999802112579346,0.4861420691013336,0.2749291658401489,-0.23620708286762238,0.9999777674674988,0.5239848494529724,0.3333229124546051,-0.11315180361270905,0.9999731779098511,0.46410083770751953,0.3366192877292633,-0.11599747091531754,0.9999204874038696,0.5313271284103394,0.4252885580062866,-0.06865037232637405,0.9915639162063599,0.45376062393188477,0.42692697048187256,-0.07698352634906769,0.9810947179794312,0.5320417881011963,0.5025998950004578,-0.12441734969615936,0.9814680218696594,0.45208075642585754,0.5081502199172974,-0.1276054084300995,0.9537473320960999,0.533410370349884,0.5273850560188293,-0.14310869574546814,0.954721212387085,0.45082226395606995,0.5347574353218079,-0.14632682502269745,0.9068849682807922,0.5293821692466736,0.5282118916511536,-0.1670706570148468,0.958405613899231,0.455525279045105,0.5350288152694702,-0.16987824440002441,0.9125565886497498,0.5276724696159363,0.5196415781974792,-0.1346024125814438,0.9483966827392578,0.4575638771057129,0.526482105255127,-0.1375889927148819,0.9014071822166443,0.5085718631744385,0.4881204068660736,0.0013087335973978043,0.9996267557144165,0.4726967215538025,0.48958447575569153,-0.0014126936439424753,0.999526858329773,0.5083603858947754,0.621543824672699,-0.003664553165435791,0.9823602437973022,0.4755460321903229,0.6249715685844421,-0.00261494773440063,0.972139835357666,0.5077221989631653,0.7445743680000305,0.07544916123151779,0.9834587574005127,0.4744943380355835,0.7452817559242249,0.08351632952690125,0.9652698040008545,0.5048827528953552,0.7593215107917786,0.0771692618727684,0.7578371167182922,0.4758213758468628,0.7578058242797852,0.08616871386766434,0.6653395891189575,0.5037195682525635,0.7863355875015259,-0.020907260477542877,0.9722476601600647,0.4734162390232086,0.7857896685600281,-0.008574855513870716,0.9561705589294434
sujin_stand_normal_03,141,47,4.700601023017903,29.996164173379363,10,0.4918203055858612,0.2617845833301544,-0.2694314122200012,0.9999885559082031,0.4965747594833374,0.2520750164985657,-0.25903835892677307,0.9999687671661377,0.4993540942668915,0.2525358200073242,-0.2590334117412567,0.999968945980072,0.5013569593429565,0.25316938757896423,-0.25904327630996704,0.9999697804450989,0.48873022198677063,0.2518300414085388,-0.25975602865219116,0.9999614953994751,0.48621541261672974,0.25230181217193604,-0.2597930431365967,0.9999583959579468,0.483652263879776,0.252689927816391,-0.25979799032211304,0.9999592304229736,0.5052011013031006,0.2613450586795807,-0.18308979272842407,0.9999382495880127,0.4814348518848419,0.2600758671760559,-0.18691788613796234,0.9999104142189026,0.4965397119522095,0.27610185742378235,-0.2400408834218979,0.9999814629554749,0.4862282872200012,0.2751171588897705,-0.24128493666648865,0.9999791383743286,0.5240467190742493,0.3333258032798767,-0.11920339614152908,0.9999735951423645,0.4641057848930359,0.3367748260498047,-0.12043602019548416,0.9999224543571472,0.5313184857368469,0.42524829506874084,-0.07319975644350052,0.9916398525238037,0.4537636339664459,0.42704132199287415,-0.08106549084186554,0.9813799262046814,0.5320317149162292,0.5025165677070618,-0.12488357722759247,0.9812743067741394,0.45205622911453247,0.5080500841140747,-0.12974558770656586,0.9538785815238953,0.5334036946296692,0.5273449420928955,-0.14273537695407867,0.9541661143302917,0.45081037282943726,0.5346753597259521,-0.14786286652088165,0.9068812727928162,0.5293744206428528,0.5281732082366943,-0.1663946658372879,0.9579075574874878,0.4555239677429199,0.5349661111831665,-0.1711421012878418,0.9125944972038269,0.5276615619659424,0.5196014642715454,-0.134822279214859,0.9478267431259155,0.4575640559196472,0.5264528393745422,-0.1395825743675232,0.9013974666595459,0.5085640549659729,0.4876331388950348,0.0003365870506968349,0.9996268153190613,0.4727059006690979,0.48920372128486633,-0.00044832585263065994,0.9995283484458923,0.5083410143852234,0.6208176016807556,-0.0071117873303592205,0.9824800491333008,0.47553321719169617,0.6243962645530701,-0.002104584826156497,0.9723396301269531,0.5077406764030457,0.744576632976532,0.06782746315002441,0.983670711517334,0.4744803309440613,0.745367705821991,0.08055157959461212,0.965764045715332,0.5050845742225647,0.759888231754303,0.06912814825773239,0.7583434581756592,0.47587764263153076,0.7581966519355774,0.08278562873601913,0.6681180596351624,0.5033759474754333,0.7863444089889526,-0.029216507449746132,0.9725807905197144,0.47343161702156067,0.7857902646064758,-0.011462364345788956,0.9566800594329834
sujin_stand_normal_03,144,48,4.800613810741688,29.996164173379363,10,0.49183401465415955,0.2620250880718231,-0.27306249737739563,0.9999893307685852,0.4965824782848358,0.2523044943809509,-0.2628033459186554,0.999970555305481,0.49936169385910034,0.2527899146080017,-0.26280009746551514,0.9999707937240601,0.5013815760612488,0.2534033954143524,-0.2628072500228882,0.9999716281890869,0.4887376129627228,0.2520699203014374,-0.26335299015045166,0.9999638199806213,0.4862229526042938,0.25253111124038696,-0.2633885443210602,0.9999609589576721,0.4836629331111908,0.25289854407310486,-0.2633938789367676,0.9999616146087646,0.505232036113739,0.26143673062324524,-0.18667179346084595,0.9999417066574097,0.4814421832561493,0.26026037335395813,-0.18972961604595184,0.9999155402183533,0.49660101532936096,0.276292085647583,-0.24358169734477997,0.9999827146530151,0.48624131083488464,0.275317907333374,-0.24458259344100952,0.9999805092811584,0.5241217017173767,0.3331592381000519,-0.12232480943202972,0.9999746680259705,0.4641049802303314,0.3368433117866516,-0.12210942804813385,0.9999247789382935,0.5314628481864929,0.4250841438770294,-0.0782068744301796,0.9919254183769226,0.45371198654174805,0.4274376928806305,-0.0813983678817749,0.9818142652511597,0.5321105122566223,0.5022988319396973,-0.13491936028003693,0.9818732142448425,0.4520025849342346,0.5080395936965942,-0.13130809366703033,0.9548933506011963,0.5335426926612854,0.5270898342132568,-0.15421229600906372,0.9553436636924744,0.4506469964981079,0.5346617698669434,-0.14984886348247528,0.9085662961006165,0.529384970664978,0.5280274748802185,-0.1784585565328598,0.958999752998352,0.4554029405117035,0.5349498987197876,-0.1738961637020111,0.9142325520515442,0.5276671648025513,0.5194541215896606,-0.14518360793590546,0.9491484761238098,0.4574761390686035,0.5264487266540527,-0.1414688229560852,0.9031946659088135,0.5085570812225342,0.4875354766845703,0.00019399564189370722,0.9996320009231567,0.47265180945396423,0.4891706109046936,-0.00030337489442899823,0.9995354413986206,0.5083314776420593,0.6207776069641113,-0.004736626986414194,0.982729434967041,0.4755193591117859,0.6242780685424805,0.000867628725245595,0.9728118777275085,0.5077449083328247,0.7443020939826965,0.07302670925855637,0.9838511943817139,0.4745626151561737,0.7451859712600708,0.0854155570268631,0.9662179946899414,0.5050459504127502,0.7598775625228882,0.07460637390613556,0.760457456111908,0.47610291838645935,0.7579888105392456,0.0879688709974289,0.6709290742874146,0.5038036704063416,0.7862498760223389,-0.024434588849544525,0.9729258418083191,0.47341516613960266,0.7857890725135803,-0.006652063690125942,0.9572056531906128
sujin_stand_normal_03,147,49,4.9006265984654735,29.996164173379363,10,0.4919162392616272,0.26218417286872864,-0.26679202914237976,0.9999899864196777,0.4966295063495636,0.2524588704109192,-0.2563822865486145,0.9999719858169556,0.4993973672389984,0.2529258131980896,-0.25637930631637573,0.9999722838401794,0.5014187693595886,0.2535064220428467,-0.2563805878162384,0.9999730587005615,0.4887865483760834,0.25227096676826477,-0.25699952244758606,0.9999656677246094,0.4862745702266693,0.2527463436126709,-0.2570318281650543,0.9999631643295288,0.4837171733379364,0.2531143128871918,-0.25703734159469604,0.999963641166687,0.505257785320282,0.26145365834236145,-0.18042580783367157,0.9999443888664246,0.4814580976963043,0.2604403495788574,-0.18360260128974915,0.9999198317527771,0.4967372715473175,0.2764241695404053,-0.2374066263437271,0.9999837875366211,0.4863627851009369,0.27547934651374817,-0.23844046890735626,0.999981701374054,0.5242562890052795,0.33309948444366455,-0.11747337877750397,0.9999755620956421,0.46409860253334045,0.3369008004665375,-0.11664683371782303,0.9999269247055054,0.5314913392066956,0.42492029070854187,-0.07472213357686996,0.9921185970306396,0.4536934196949005,0.42749255895614624,-0.07649040222167969,0.982269287109375,0.5321670770645142,0.5019925832748413,-0.13240580260753632,0.9823196530342102,0.4520072042942047,0.5079848170280457,-0.12735359370708466,0.9560069441795349,0.5336278676986694,0.5268803834915161,-0.1509958803653717,0.9562691450119019,0.4506334662437439,0.5344743132591248,-0.1458844691514969,0.9104515314102173,0.52940833568573,0.5279256105422974,-0.17488834261894226,0.9598668217658997,0.4554033875465393,0.5347018837928772,-0.16964180767536163,0.9160535335540771,0.5276745557785034,0.519394040107727,-0.14243611693382263,0.9502018690109253,0.45749160647392273,0.526305079460144,-0.13739413022994995,0.905161440372467,0.5086379051208496,0.4875127077102661,0.00012595464067999274,0.9996371865272522,0.4727039635181427,0.4891921877861023,-0.0002328868577023968,0.9995428919792175,0.5083445906639099,0.6207908987998962,-0.005414390005171299,0.9831636548042297,0.47551625967025757,0.6237627267837524,2.860922359104734e-05,0.9734652638435364,0.5077614188194275,0.7440767288208008,0.073579341173172,0.9842054843902588,0.47450536489486694,0.7450065612792969,0.08537331968545914,0.967022716999054,0.5050815939903259,0.7586097717285156,0.07538481801748276,0.763459324836731,0.47602832317352295,0.757617712020874,0.08788831532001495,0.6748124361038208,0.5037489533424377,0.7860609292984009,-0.023479191586375237,0.9735373258590698,0.47351038455963135,0.7856802344322205,-0.0067550139501690865,0.9581148624420166
sujin_stand_normal_03,150,50,5.000639386189258,29.996164173379363,10,0.49196669459342957,0.26206713914871216,-0.25057336688041687,0.9999904632568359,0.496675044298172,0.2523936927318573,-0.23992300033569336,0.9999728202819824,0.49943238496780396,0.25286757946014404,-0.23992358148097992,0.9999731779098511,0.5014355182647705,0.2534637153148651,-0.239927276968956,0.9999739527702332,0.48888513445854187,0.252212256193161,-0.24068918824195862,0.9999668002128601,0.4863779842853546,0.2527172863483429,-0.24071741104125977,0.9999645352363586,0.4837983250617981,0.2531037926673889,-0.24072816967964172,0.9999648332595825,0.5052854418754578,0.2614607810974121,-0.16516700387001038,0.9999454617500305,0.48154857754707336,0.2604110836982727,-0.16935493052005768,0.9999224543571472,0.49675923585891724,0.2763637602329254,-0.2218712419271469,0.9999845623970032,0.48639944195747375,0.27543899416923523,-0.2231716364622116,0.9999825358390808,0.5242820382118225,0.333056777715683,-0.10365812480449677,0.999975860118866,0.46417495608329773,0.3368770182132721,-0.10725544393062592,0.999927818775177,0.5315082669258118,0.4248812198638916,-0.06011313199996948,0.9921507239341736,0.4536987543106079,0.4274510145187378,-0.06770789623260498,0.9824675917625427,0.5322009325027466,0.5017882585525513,-0.1168166846036911,0.9825644493103027,0.4519425630569458,0.5079195499420166,-0.11573264002799988,0.9564406275749207,0.5337064266204834,0.5266874432563782,-0.13569402694702148,0.9568213224411011,0.45060673356056213,0.5344430208206177,-0.13358129560947418,0.9112365245819092,0.5294267535209656,0.5276333093643188,-0.15889553725719452,0.9603755474090576,0.4553943872451782,0.5346770286560059,-0.15688173472881317,0.9167664051055908,0.5276756882667542,0.5190837979316711,-0.12678222358226776,0.9508084654808044,0.45747652649879456,0.5261954069137573,-0.12555208802223206,0.9059873819351196,0.5086560845375061,0.48772740364074707,0.001101792324334383,0.9996376037597656,0.4727153778076172,0.4891936779022217,-0.001206505810841918,0.9995436668395996,0.5083886981010437,0.6215572357177734,-0.004103622864931822,0.9831148982048035,0.47551313042640686,0.6241617798805237,-0.0021467034239321947,0.9734008312225342,0.5077627301216125,0.7440638542175293,0.07574116438627243,0.9840444922447205,0.4742947816848755,0.7450442910194397,0.08383304625749588,0.9665750861167908,0.5047470331192017,0.758604109287262,0.07771812379360199,0.7633394598960876,0.4756562411785126,0.7576678395271301,0.0865824893116951,0.6705848574638367,0.5038650631904602,0.7855793833732605,-0.019100844860076904,0.9733671545982361,0.47350913286209106,0.7855785489082336,-0.0077084931544959545,0.957594096660614
sujin_stand_normal_03,153,51,5.100652173913043,29.996164173379363,10,0.49197712540626526,0.2620571553707123,-0.258116215467453,0.9999908804893494,0.4966849386692047,0.2523926794528961,-0.24818506836891174,0.9999735355377197,0.4994407296180725,0.25287121534347534,-0.24818278849124908,0.9999739527702332,0.5014441013336182,0.25346988439559937,-0.2481972724199295,0.9999747276306152,0.4888964593410492,0.2522091567516327,-0.24857646226882935,0.9999678134918213,0.4863870441913605,0.2527123987674713,-0.24861177802085876,0.9999657869338989,0.48381131887435913,0.2531019151210785,-0.24862436950206757,0.9999659657478333,0.5052937865257263,0.2614687383174896,-0.17380401492118835,0.9999467134475708,0.48162731528282166,0.26040011644363403,-0.1763065606355667,0.999924898147583,0.49676036834716797,0.2763429284095764,-0.22928720712661743,0.9999852180480957,0.48640626668930054,0.27542659640312195,-0.2300988733768463,0.9999832510948181,0.5243405699729919,0.3332430124282837,-0.10986434668302536,0.9999754428863525,0.4642549157142639,0.3368343710899353,-0.11298897117376328,0.9999285340309143,0.5314344763755798,0.4250434935092926,-0.06393667310476303,0.9919864535331726,0.45377740263938904,0.42711418867111206,-0.07354056090116501,0.9824063181877136,0.532179594039917,0.5018283128738403,-0.11843433976173401,0.9819924235343933,0.45196524262428284,0.5077834725379944,-0.12091460078954697,0.9557963013648987,0.5336280465126038,0.5267579555511475,-0.13715292513370514,0.9555855989456177,0.450650155544281,0.5344268679618835,-0.1384858638048172,0.9101343154907227,0.5294193029403687,0.5276385545730591,-0.16054831445217133,0.9592455625534058,0.45539966225624084,0.5346630215644836,-0.1614169478416443,0.9157246947288513,0.5276744961738586,0.5190759301185608,-0.12845447659492493,0.9494652152061462,0.4574764668941498,0.5261763334274292,-0.1306115686893463,0.9047996997833252,0.5085652470588684,0.487771213054657,0.001196343102492392,0.9996325969696045,0.47268107533454895,0.4891856014728546,-0.001303965924307704,0.9995411038398743,0.5083489418029785,0.6215553879737854,-0.005625156685709953,0.9829701781272888,0.4754941761493683,0.6242299675941467,-0.003610671265050769,0.9734601974487305,0.507765531539917,0.7445703744888306,0.07339531928300858,0.9839760661125183,0.4742153286933899,0.745650053024292,0.08073344826698303,0.9665758013725281,0.5047396421432495,0.7605636119842529,0.0752987340092659,0.7638160586357117,0.4756377935409546,0.7591050863265991,0.0833364799618721,0.6690415143966675,0.5038020610809326,0.7857511043548584,-0.02192044071853161,0.9733114242553711,0.4733571410179138,0.7855834364891052,-0.011651519685983658,0.9573885202407837
sujin_stand_normal_03,156,52,5.200664961636829,29.996164173379363,10,0.49231722950935364,0.2617279291152954,-0.2752898633480072,0.9999914765357971,0.4969707429409027,0.25219079852104187,-0.2644961476325989,0.9999750852584839,0.4997408092021942,0.25270193815231323,-0.26449015736579895,0.9999755024909973,0.501743495464325,0.2533550262451172,-0.2644970118999481,0.9999762773513794,0.4891832172870636,0.2519223988056183,-0.26521968841552734,0.9999697804450989,0.486625999212265,0.25238096714019775,-0.2652589976787567,0.9999679327011108,0.48403093218803406,0.2528052031993866,-0.26526564359664917,0.9999680519104004,0.505429744720459,0.2614160180091858,-0.18688036501407623,0.9999496936798096,0.48176810145378113,0.26032164692878723,-0.19076821208000183,0.9999293684959412,0.4970359802246094,0.27603182196617126,-0.2454805225133896,0.9999861717224121,0.4866470992565155,0.27513471245765686,-0.24671873450279236,0.9999843239784241,0.5243757367134094,0.33326011896133423,-0.12245208770036697,0.9999762177467346,0.46424999833106995,0.3368358612060547,-0.124486543238163,0.9999303817749023,0.5314319729804993,0.4250965416431427,-0.07874932885169983,0.9921663403511047,0.45387396216392517,0.4272029399871826,-0.08551762998104095,0.9829567670822144,0.53215491771698,0.5019544959068298,-0.13556888699531555,0.9823793172836304,0.4519917368888855,0.50776606798172,-0.13635438680648804,0.9568902850151062,0.5334932208061218,0.5269643664360046,-0.15491826832294464,0.9562908411026001,0.4506484568119049,0.534301221370697,-0.15544778108596802,0.9119393825531006,0.5293616652488708,0.5277589559555054,-0.17929984629154205,0.9598971009254456,0.4554439187049866,0.53450608253479,-0.17932291328907013,0.9174584150314331,0.5276364088058472,0.5192015767097473,-0.1459224820137024,0.9502549767494202,0.4575257897377014,0.5261425375938416,-0.14648199081420898,0.9066470265388489,0.5087310075759888,0.4877832531929016,0.0011308875400573015,0.9996405243873596,0.4727284014225006,0.4893966019153595,-0.001237800344824791,0.9995518326759338,0.5084584355354309,0.6219491362571716,-0.005610133986920118,0.9832264184951782,0.4751593768596649,0.6242038011550903,-0.0025755218230187893,0.9740118384361267,0.5074474215507507,0.7446365356445312,0.08252132683992386,0.9840965867042542,0.4741326868534088,0.7456755042076111,0.08889411389827728,0.9672073721885681,0.5043992400169373,0.7600378394126892,0.0853763297200203,0.7665408253669739,0.4754500091075897,0.7590200901031494,0.09228437393903732,0.671658456325531,0.5039908289909363,0.7862263321876526,-0.013190539553761482,0.9736236333847046,0.4732992351055145,0.785896360874176,-0.003292317967861891,0.9580512046813965
sujin_stand_normal_03,159,53,5.300677749360614,29.996164173379363,10,0.4923190772533417,0.26171576976776123,-0.2566927969455719,0.9999917149543762,0.49697941541671753,0.252185583114624,-0.24611665308475494,0.9999752640724182,0.4997480809688568,0.25269997119903564,-0.24611631035804749,0.9999757409095764,0.5017509460449219,0.25335487723350525,-0.2461245208978653,0.9999765157699585,0.48919421434402466,0.25190332531929016,-0.24696442484855652,0.9999701380729675,0.48663604259490967,0.25234195590019226,-0.24699564278125763,0.9999684691429138,0.4840417802333832,0.25275710225105286,-0.2470051646232605,0.9999684691429138,0.5054366588592529,0.2614220678806305,-0.1709926575422287,0.9999496936798096,0.4817901849746704,0.2602725923061371,-0.17552027106285095,0.999930202960968,0.4969901144504547,0.27601125836372375,-0.2278067171573639,0.9999865293502808,0.48663586378097534,0.27510854601860046,-0.22921966016292572,0.9999847412109375,0.5243655443191528,0.33329442143440247,-0.10855383425951004,0.9999759793281555,0.464260458946228,0.3368021249771118,-0.11305835843086243,0.9999304413795471,0.5314807295799255,0.4250843822956085,-0.06257905066013336,0.9920757412910461,0.4539182782173157,0.4270227551460266,-0.07304348796606064,0.982806921005249,0.5321652293205261,0.5018281936645508,-0.11556471139192581,0.9821144342422485,0.4521041512489319,0.5077131390571594,-0.11970653384923935,0.9561784267425537,0.5334956049919128,0.526752233505249,-0.1336667388677597,0.9557229280471802,0.4507843255996704,0.534288227558136,-0.1374451220035553,0.9107436537742615,0.5293721556663513,0.5274304151535034,-0.1568886637687683,0.9593781232833862,0.4555109739303589,0.5345057845115662,-0.16056400537490845,0.9162867069244385,0.5276541113853455,0.518891453742981,-0.12540821731090546,0.9496023058891296,0.457588255405426,0.526105523109436,-0.1294829398393631,0.9053783416748047,0.5086463689804077,0.48778843879699707,0.0015063004102557898,0.9996370673179626,0.4727126359939575,0.4893442690372467,-0.0016135625774040818,0.9995498657226562,0.5084474682807922,0.6217998266220093,-0.0032294748816639185,0.9830522537231445,0.4752252995967865,0.6246036291122437,-0.0028073543217033148,0.9738743901252747,0.507520854473114,0.744997501373291,0.07847940176725388,0.9839875102043152,0.47412464022636414,0.7457217574119568,0.08404562622308731,0.9669456481933594,0.5044243335723877,0.7604197859764099,0.08031363040208817,0.7660104036331177,0.47544723749160767,0.7590199112892151,0.08682575821876526,0.6685705184936523,0.5038295388221741,0.7861719131469727,-0.016487877815961838,0.9734938144683838,0.4732484221458435,0.7857053875923157,-0.00783123355358839,0.9576656818389893
sujin_stand_normal_03,162,54,5.400690537084399,29.996164173379363,10,0.4923880398273468,0.2614995539188385,-0.25702428817749023,0.9999921321868896,0.49703851342201233,0.2520487606525421,-0.2471112757921219,0.9999762773513794,0.49979889392852783,0.25256502628326416,-0.2471136897802353,0.9999767541885376,0.5017803311347961,0.2532300353050232,-0.24712291359901428,0.9999775290489197,0.48927414417266846,0.2517518997192383,-0.24740014970302582,0.9999715089797974,0.4867582619190216,0.2521948218345642,-0.24742816388607025,0.999970018863678,0.4841422736644745,0.25261393189430237,-0.24743571877479553,0.9999699592590332,0.5054746270179749,0.2613602578639984,-0.17229530215263367,0.9999516606330872,0.48182594776153564,0.2601877450942993,-0.17604868113994598,0.9999334812164307,0.4970353841781616,0.2758195102214813,-0.228761225938797,0.9999872446060181,0.4866938591003418,0.27492108941078186,-0.22950412333011627,0.9999855160713196,0.5244453549385071,0.3333337604999542,-0.10941832512617111,0.9999762773513794,0.46424514055252075,0.33691704273223877,-0.11313826590776443,0.9999318718910217,0.5314773917198181,0.4250921905040741,-0.06390360742807388,0.9920697808265686,0.4539337456226349,0.4270619750022888,-0.074006587266922,0.983116090297699,0.5321705341339111,0.5018234252929688,-0.11736545711755753,0.9820369482040405,0.45210617780685425,0.5075650811195374,-0.12249880284070969,0.956627607345581,0.5334880948066711,0.5267802476882935,-0.13555726408958435,0.9555309414863586,0.4507858455181122,0.5340465903282166,-0.14104586839675903,0.9114171266555786,0.529363751411438,0.5274737477302551,-0.158371239900589,0.9592107534408569,0.45555412769317627,0.5342473387718201,-0.1643386036157608,0.9169401526451111,0.5276515483856201,0.5189452767372131,-0.1270376592874527,0.9493645429611206,0.457621306180954,0.5259609818458557,-0.13236255943775177,0.9060168266296387,0.5086987018585205,0.4879007339477539,0.001510562258772552,0.9996396899223328,0.472753643989563,0.4895114004611969,-0.0016174776246771216,0.9995566606521606,0.5085179209709167,0.62233966588974,-0.003335994202643633,0.9832404851913452,0.4752158224582672,0.6248571276664734,-0.003047011559829116,0.9742312431335449,0.5075113773345947,0.7449917197227478,0.08009614795446396,0.9841198325157166,0.4740851819515228,0.7460397481918335,0.08454155921936035,0.9674597382545471,0.5044226050376892,0.7601128220558167,0.08233588188886642,0.7673816680908203,0.47540929913520813,0.7592072486877441,0.08743584156036377,0.6703588366508484,0.5038473606109619,0.786178708076477,-0.01590459607541561,0.9737945199012756,0.47311294078826904,0.7859490513801575,-0.007769155316054821,0.9582418203353882
sujin_stand_normal_03,165,55,5.5007033248081845,29.996164173379363,10,0.4923064410686493,0.26154452562332153,-0.24682584404945374,0.9999921917915344,0.4970126748085022,0.25205785036087036,-0.23641973733901978,0.9999760389328003,0.49977433681488037,0.2525750398635864,-0.23642267286777496,0.999976634979248,0.5017675757408142,0.2532406449317932,-0.23642902076244354,0.9999774098396301,0.48925745487213135,0.2517470419406891,-0.23677664995193481,0.9999713897705078,0.4867556691169739,0.2521842122077942,-0.23680348694324493,0.999970018863678,0.4841475188732147,0.2525903880596161,-0.23681221902370453,0.9999697804450989,0.505479097366333,0.2613626718521118,-0.16302981972694397,0.9999507665634155,0.4818357229232788,0.2601065933704376,-0.16544532775878906,0.9999324679374695,0.4968748092651367,0.27582037448883057,-0.2187245935201645,0.9999873042106628,0.4865969121456146,0.2749212980270386,-0.219487726688385,0.9999855756759644,0.5244542360305786,0.33330902457237244,-0.10378145426511765,0.9999756217002869,0.46428000926971436,0.33690953254699707,-0.1041838675737381,0.9999303817749023,0.5314791202545166,0.4250945746898651,-0.06034643203020096,0.9919280409812927,0.4540275037288666,0.4267653524875641,-0.06447026133537292,0.9825620651245117,0.5321716666221619,0.5018221139907837,-0.11145557463169098,0.9815245270729065,0.4522310495376587,0.5075265765190125,-0.10992848873138428,0.9552608132362366,0.5335010290145874,0.5267103314399719,-0.12892529368400574,0.9544994831085205,0.45090535283088684,0.5340438485145569,-0.1269194781780243,0.9092802405357361,0.5293785929679871,0.5273815393447876,-0.15136894583702087,0.9582529664039612,0.45556020736694336,0.5342544913291931,-0.14946772158145905,0.9148994088172913,0.527665913105011,0.5188779234886169,-0.1208953931927681,0.9482516646385193,0.45762699842453003,0.5259347558021545,-0.11947134882211685,0.9038339257240295,0.50864177942276,0.4878233075141907,0.0013484525261446834,0.9996345043182373,0.47274652123451233,0.48920339345932007,-0.0014551837230101228,0.9995510578155518,0.5085089206695557,0.6201193928718567,-0.006343928165733814,0.9828178882598877,0.47526565194129944,0.6238070130348206,-0.004674842115491629,0.9737108945846558,0.5076347589492798,0.7449873089790344,0.06716542690992355,0.9838768243789673,0.4740803837776184,0.7457029223442078,0.07614987343549728,0.9670431017875671,0.5047053098678589,0.7601214647293091,0.06856948882341385,0.7658635377883911,0.47541487216949463,0.7591498494148254,0.07847530394792557,0.6677749752998352,0.5037775039672852,0.7859653830528259,-0.026950860396027565,0.9734628200531006,0.47303512692451477,0.7851666212081909,-0.014513357542455196,0.9576462507247925
sujin_stand_normal_03,168,56,5.60071611253197,29.996164173379363,10,0.49246615171432495,0.2615394592285156,-0.2540428936481476,0.9999924898147583,0.49714183807373047,0.25205278396606445,-0.24330249428749084,0.9999767541885376,0.49992334842681885,0.2525728940963745,-0.24330154061317444,0.9999773502349854,0.5019056797027588,0.25324133038520813,-0.24330124258995056,0.9999781250953674,0.489334374666214,0.25172191858291626,-0.24396832287311554,0.9999723434448242,0.4867943227291107,0.25215038657188416,-0.2440018504858017,0.9999711513519287,0.48419225215911865,0.25256526470184326,-0.24401190876960754,0.9999708533287048,0.5055570006370544,0.26136651635169983,-0.16784343123435974,0.9999520182609558,0.48187321424484253,0.2600969672203064,-0.17124517261981964,0.9999349117279053,0.49708718061447144,0.27581509947776794,-0.22514459490776062,0.9999878406524658,0.48674091696739197,0.27491575479507446,-0.22624190151691437,0.9999861717224121,0.5245310068130493,0.33331072330474854,-0.10626710206270218,0.9999757409095764,0.4642672836780548,0.33672192692756653,-0.10939561575651169,0.9999318718910217,0.5314329862594604,0.42515528202056885,-0.0626286044716835,0.9919129014015198,0.4540563225746155,0.42676475644111633,-0.07102081924676895,0.9829297661781311,0.5321505069732666,0.5018736124038696,-0.11717435717582703,0.9813792109489441,0.4522370398044586,0.5074909925460815,-0.12063741683959961,0.9559685587882996,0.5334833264350891,0.5267059206962585,-0.13544054329395294,0.9541535377502441,0.45089462399482727,0.5337029695510864,-0.13901925086975098,0.9104044437408447,0.5293756127357483,0.5273908972740173,-0.1590680330991745,0.9579355120658875,0.45556890964508057,0.5339377522468567,-0.16252566874027252,0.9159941077232361,0.5276566743850708,0.5189146995544434,-0.12729032337665558,0.947938084602356,0.45764508843421936,0.5257979035377502,-0.1306087225675583,0.9050461053848267,0.5087443590164185,0.48782116174697876,0.0013215143699198961,0.9996357560157776,0.4727834463119507,0.4893503785133362,-0.0014259896706789732,0.9995551705360413,0.5086199045181274,0.6203278303146362,-0.006276750937104225,0.9829263091087341,0.4751994013786316,0.6238218545913696,-0.004510428290814161,0.9739890098571777,0.507583498954773,0.7446726560592651,0.07381387054920197,0.9838613867759705,0.4741068482398987,0.7454872131347656,0.08025038987398148,0.9672372937202454,0.504608690738678,0.7595082521438599,0.07589108496904373,0.765623152256012,0.47541478276252747,0.7585964798927307,0.08306380361318588,0.6688446402549744,0.5038796067237854,0.7859492301940918,-0.021876579150557518,0.9734798669815063,0.47302356362342834,0.7852655649185181,-0.011112673208117485,0.9578415155410767
sujin_stand_normal_03,171,57,5.700728900255754,29.996164173379363,10,0.4923144280910492,0.26167547702789307,-0.2545434534549713,0.9999926686286926,0.4971010088920593,0.2520904839038849,-0.24389199912548065,0.9999770522117615,0.4998933970928192,0.2525971531867981,-0.24389077723026276,0.9999776482582092,0.5018847584724426,0.25325995683670044,-0.24389198422431946,0.9999784231185913,0.48928120732307434,0.25173598527908325,-0.24448125064373016,0.9999727606773376,0.4867485761642456,0.2521402835845947,-0.24451373517513275,0.9999716281890869,0.48417091369628906,0.2525293827056885,-0.24452272057533264,0.9999712705612183,0.5055643320083618,0.26138144731521606,-0.16933439671993256,0.9999523758888245,0.4818830192089081,0.2600288987159729,-0.1719023883342743,0.9999354481697083,0.49685603380203247,0.2758699655532837,-0.22566178441047668,0.9999881386756897,0.4865962564945221,0.2749670743942261,-0.22674407064914703,0.999986469745636,0.5245839953422546,0.3333399295806885,-0.10912565141916275,0.9999752640724182,0.46431764960289,0.3367220163345337,-0.10932206362485886,0.9999311566352844,0.531414270401001,0.42525380849838257,-0.06551548838615417,0.9918572902679443,0.4540986120700836,0.4264843165874481,-0.07002134621143341,0.9825685620307922,0.5321841239929199,0.5018640756607056,-0.1173342689871788,0.9810581803321838,0.4524054527282715,0.5069370865821838,-0.11767074465751648,0.9551100134849548,0.5336369872093201,0.5265414118766785,-0.13538570702075958,0.9534772038459778,0.45107734203338623,0.5334780216217041,-0.1351526379585266,0.9089975953102112,0.5294961929321289,0.5272314548492432,-0.15870876610279083,0.9572970867156982,0.4557224214076996,0.5337330102920532,-0.15789784491062164,0.9146315455436707,0.5277354717254639,0.5187627673149109,-0.12730439007282257,0.947227418422699,0.4578191339969635,0.5252963900566101,-0.12731392681598663,0.9035412073135376,0.5087223649024963,0.4877575933933258,0.000859669002238661,0.9996315240859985,0.47278735041618347,0.4890284240245819,-0.0009674598695710301,0.9995492696762085,0.5085700154304504,0.6197865605354309,-0.006886801682412624,0.9824855327606201,0.4753541350364685,0.6232054233551025,-0.004214300308376551,0.9736564755439758,0.5076108574867249,0.7443729043006897,0.06853504478931427,0.9835986495018005,0.47413957118988037,0.7453567981719971,0.0786636620759964,0.9668617248535156,0.5045690536499023,0.7595012784004211,0.07004956901073456,0.7639506459236145,0.47553151845932007,0.7586289644241333,0.08116551488637924,0.6676561236381531,0.5038710236549377,0.7851274609565735,-0.026026573032140732,0.9730800986289978,0.4730905294418335,0.7849968671798706,-0.011986820958554745,0.9573556780815125
sujin_stand_normal_03,174,58,5.8007416879795395,29.996164173379363,10,0.49246928095817566,0.2616746723651886,-0.2558266818523407,0.9999929666519165,0.49724289774894714,0.25209492444992065,-0.2449934333562851,0.9999777674674988,0.5000563263893127,0.252617746591568,-0.24499234557151794,0.9999783635139465,0.5020325183868408,0.25330039858818054,-0.2449938803911209,0.9999791383743286,0.4893752336502075,0.2517107129096985,-0.24575570225715637,0.999973714351654,0.48679405450820923,0.25208595395088196,-0.24578876793384552,0.9999727010726929,0.4842302203178406,0.25247466564178467,-0.2457965463399887,0.9999722838401794,0.5056557059288025,0.2614467740058899,-0.16950856149196625,0.9999536871910095,0.4819163978099823,0.26001429557800293,-0.17299066483974457,0.9999377727508545,0.49703139066696167,0.27588436007499695,-0.22673536837100983,0.9999886155128479,0.4866809844970703,0.2749685049057007,-0.22799843549728394,0.9999870657920837,0.5246070623397827,0.3333572745323181,-0.10913635790348053,0.9999755620956421,0.46429768204689026,0.3366410732269287,-0.11073589324951172,0.999932587146759,0.5314070582389832,0.4252816140651703,-0.0655796006321907,0.9918633103370667,0.4541115164756775,0.4265313148498535,-0.0729154646396637,0.9828921556472778,0.532196581363678,0.501910924911499,-0.11961814761161804,0.9810197949409485,0.45234957337379456,0.5068618059158325,-0.12285443395376205,0.9557221531867981,0.5336657762527466,0.526524543762207,-0.1381618231534958,0.9533490538597107,0.45099887251853943,0.533327579498291,-0.14122965931892395,0.9099732041358948,0.5295172929763794,0.5272510647773743,-0.1618277132511139,0.9571973085403442,0.45565634965896606,0.5335367321968079,-0.16460540890693665,0.9155922532081604,0.5277502536773682,0.5188214778900146,-0.12981034815311432,0.9471652507781982,0.45776233077049255,0.5251749157905579,-0.1327970325946808,0.9045952558517456,0.5088189244270325,0.48773810267448425,0.0009550463291816413,0.9996345639228821,0.47280797362327576,0.48912349343299866,-0.0010593875776976347,0.9995539784431458,0.508577823638916,0.6198156476020813,-0.006900518201291561,0.98272305727005,0.47535452246665955,0.6229773759841919,-0.004488776903599501,0.974052369594574,0.507581353187561,0.7440988421440125,0.07265663892030716,0.9837439060211182,0.4741390347480774,0.7449299693107605,0.07990045100450516,0.9672496914863586,0.5044012665748596,0.7594915628433228,0.07467753440141678,0.7653785347938538,0.4755196273326874,0.7581746578216553,0.08264346420764923,0.6691504120826721,0.504140317440033,0.7851042747497559,-0.022880608215928078,0.9733219146728516,0.4730899930000305,0.7847338914871216,-0.011497133411467075,0.9577791690826416
sujin_stand_normal_03,177,59,5.900754475703325,29.996164173379363,10,0.4923173487186432,0.26175934076309204,-0.2519683837890625,0.999993085861206,0.49719372391700745,0.2521311342716217,-0.24162015318870544,0.9999777674674988,0.5000137686729431,0.25264739990234375,-0.24162067472934723,0.9999784231185913,0.501998245716095,0.253328800201416,-0.24162499606609344,0.9999791979789734,0.4893187880516052,0.25171738862991333,-0.24192211031913757,0.999973714351654,0.48675021529197693,0.2520744502544403,-0.24195148050785065,0.9999728202819824,0.4842037856578827,0.252420037984848,-0.24195879697799683,0.9999722838401794,0.5056645274162292,0.2614787817001343,-0.16813014447689056,0.9999534487724304,0.48193082213401794,0.2599320411682129,-0.17015260457992554,0.9999375939369202,0.49682262539863586,0.2759336829185486,-0.2237538844347,0.9999887943267822,0.48653215169906616,0.27499744296073914,-0.2244531512260437,0.9999872446060181,0.5246200561523438,0.3333221971988678,-0.10829511284828186,0.9999755024909973,0.46432027220726013,0.33663490414619446,-0.10772465914487839,0.9999318718910217,0.5314041972160339,0.4252571165561676,-0.06417190283536911,0.9919135570526123,0.4541211724281311,0.426507830619812,-0.06758127361536026,0.9826710224151611,0.5322808623313904,0.5017665028572083,-0.11531557887792587,0.9811376929283142,0.45242348313331604,0.5064073204994202,-0.11377281695604324,0.9554161429405212,0.533854067325592,0.5263205170631409,-0.1331901103258133,0.9536378979682922,0.4510824382305145,0.5330425500869751,-0.13103733956813812,0.9095105528831482,0.5295900702476501,0.5270577073097229,-0.1561337411403656,0.95745450258255,0.4557850956916809,0.5332393050193787,-0.15369126200675964,0.9151180386543274,0.5277951955795288,0.5186376571655273,-0.12499674409627914,0.9475127458572388,0.45788705348968506,0.5245503187179565,-0.12334737926721573,0.90412837266922,0.5088189840316772,0.48753225803375244,0.0008788947598077357,0.9996310472488403,0.4728195071220398,0.4886723756790161,-0.0009848293848335743,0.9995471835136414,0.5085771083831787,0.6198114156723022,-0.005206921137869358,0.9823726415634155,0.4753636419773102,0.622917652130127,-0.003340739058330655,0.973596453666687,0.5076911449432373,0.7433330416679382,0.07269036769866943,0.9834622740745544,0.4742187559604645,0.7438100576400757,0.08026424795389175,0.9665751457214355,0.5044350028038025,0.7581814527511597,0.07466840744018555,0.7624735832214355,0.4757668673992157,0.7569860219955444,0.08299674093723297,0.665822446346283,0.5041375756263733,0.7846131920814514,-0.022076338529586792,0.9728786945343018,0.4733971655368805,0.7839342951774597,-0.009925752878189087,0.9570196270942688
sujin_stand_normal_03,180,60,6.00076726342711,29.996164173379363,10,0.49232593178749084,0.26179128885269165,-0.2454504668712616,0.9999931454658508,0.4972049593925476,0.252153605222702,-0.2349880188703537,0.999977707862854,0.5000270009040833,0.2526792585849762,-0.23499469459056854,0.9999783635139465,0.5020153522491455,0.25335943698883057,-0.23500023782253265,0.9999791979789734,0.48931971192359924,0.2517172396183014,-0.23555129766464233,0.9999736547470093,0.486745148897171,0.25206419825553894,-0.2355784773826599,0.9999727606773376,0.48420557379722595,0.2524043321609497,-0.23558855056762695,0.9999721050262451,0.5056748986244202,0.2614856958389282,-0.16109174489974976,0.9999533295631409,0.48194143176078796,0.259917289018631,-0.16404493153095245,0.9999372959136963,0.4968456029891968,0.2759624719619751,-0.21703043580055237,0.9999889731407166,0.4865383803844452,0.2750057876110077,-0.21799175441265106,0.9999873638153076,0.5246592164039612,0.3331957459449768,-0.10089520364999771,0.9999756813049316,0.46433666348457336,0.3365408480167389,-0.10273167490959167,0.9999313354492188,0.531446099281311,0.4249837398529053,-0.05809761583805084,0.9919578433036804,0.45416709780693054,0.42650917172431946,-0.0628344789147377,0.9823700785636902,0.5323386788368225,0.5015613436698914,-0.11289359629154205,0.9812803268432617,0.45238009095191956,0.5065645575523376,-0.11128167062997818,0.9548653364181519,0.5338788628578186,0.526160717010498,-0.131418839097023,0.953986644744873,0.4509860575199127,0.5331995487213135,-0.12901391088962555,0.9087709784507751,0.5295918583869934,0.5269148945808411,-0.15448644757270813,0.9577807188034058,0.45560234785079956,0.5334300994873047,-0.15265482664108276,0.9144629240036011,0.527800440788269,0.5184252858161926,-0.12274429202079773,0.9479153156280518,0.4577263295650482,0.5248247385025024,-0.12133363634347916,0.9035404324531555,0.5088277459144592,0.4875430166721344,0.000917704775929451,0.9996269941329956,0.4728144407272339,0.4887317717075348,-0.0010200474644079804,0.999540388584137,0.5085650086402893,0.6204457879066467,-0.005017387215048075,0.9822213053703308,0.47531816363334656,0.6241611242294312,-0.003353234613314271,0.9732814431190491,0.5076975226402283,0.7433370351791382,0.07230067253112793,0.983171284198761,0.47410568594932556,0.7439032196998596,0.07922681421041489,0.9658222198486328,0.504574179649353,0.7590873837471008,0.07403776794672012,0.7595404982566833,0.4756888449192047,0.7570255398750305,0.08174999803304672,0.6622381806373596,0.503979504108429,0.7849453687667847,-0.022769665345549583,0.972369909286499,0.4733443856239319,0.7841434478759766,-0.011652404442429543,0.9561482667922974
sujin_stand_normal_03,183,61,6.100780051150895,29.996164173379363,10,0.492326557636261,0.26179155707359314,-0.26262006163597107,0.9999933242797852,0.4972001314163208,0.2521574795246124,-0.25239109992980957,0.9999780654907227,0.5000165700912476,0.2526860535144806,-0.2523883283138275,0.9999787211418152,0.5020113587379456,0.25336703658103943,-0.25239789485931396,0.999979555606842,0.4893193542957306,0.25171253085136414,-0.2528727054595947,0.9999741315841675,0.48674529790878296,0.25205284357070923,-0.2529073655605316,0.9999733567237854,0.48420512676239014,0.25238853693008423,-0.2529144883155823,0.9999727010726929,0.5056744813919067,0.26149556040763855,-0.17787601053714752,0.9999539852142334,0.4819513261318207,0.2599048912525177,-0.18060968816280365,0.9999384880065918,0.4968467652797699,0.2759723663330078,-0.23383091390132904,0.9999892115592957,0.4865420460700989,0.2750096917152405,-0.23475483059883118,0.9999876022338867,0.5246697664260864,0.33330702781677246,-0.11532606184482574,0.9999757409095764,0.4643131494522095,0.33657392859458923,-0.11562082916498184,0.9999321103096008,0.531409502029419,0.42507579922676086,-0.06957421451807022,0.9919772148132324,0.4541652500629425,0.42649540305137634,-0.07589221000671387,0.9824457168579102,0.5323294401168823,0.5015602111816406,-0.12051218003034592,0.9810338020324707,0.4523411989212036,0.5065478086471558,-0.12321393936872482,0.954836368560791,0.5338799357414246,0.5261421203613281,-0.13807106018066406,0.9533796906471252,0.4509676396846771,0.5332004427909851,-0.14087024331092834,0.9085612893104553,0.529599130153656,0.5269412994384766,-0.16147667169570923,0.9572271108627319,0.455597460269928,0.5334200859069824,-0.16407205164432526,0.9142745137214661,0.5278047323226929,0.5185052156448364,-0.13033494353294373,0.9473056793212891,0.45772090554237366,0.5248170495033264,-0.1330183893442154,0.9032935500144958,0.5088186860084534,0.4867192506790161,0.00033562578028067946,0.9996275901794434,0.4728241264820099,0.48844361305236816,-0.00044498028000816703,0.9995405673980713,0.508504331111908,0.6198301315307617,-0.008531150408089161,0.9820790886878967,0.4754299521446228,0.6238576173782349,-0.0032209844794124365,0.9730287194252014,0.5077532529830933,0.7434574365615845,0.06553453952074051,0.9831395149230957,0.47418054938316345,0.7439645528793335,0.07834100723266602,0.965734601020813,0.5048204064369202,0.7591971158981323,0.06683362275362015,0.7575986981391907,0.47578126192092896,0.7570080757141113,0.08069074898958206,0.6628478169441223,0.5038244128227234,0.7850717902183533,-0.030836479738354683,0.9722623825073242,0.4734935462474823,0.7841578722000122,-0.012737726792693138,0.9560493230819702
sujin_stand_normal_03,186,62,6.200792838874681,29.996164173379363,10,0.4923112094402313,0.2618069350719452,-0.2534152865409851,0.9999933242797852,0.49716514348983765,0.2522231638431549,-0.24277424812316895,0.9999778866767883,0.49995720386505127,0.2527559995651245,-0.24277497828006744,0.9999786019325256,0.5019857287406921,0.2534281611442566,-0.24277469515800476,0.9999794960021973,0.48931246995925903,0.2518358528614044,-0.2435290664434433,0.9999739527702332,0.4867597818374634,0.2522423565387726,-0.24356012046337128,0.9999732375144958,0.4842192530632019,0.25258389115333557,-0.24356931447982788,0.9999724626541138,0.505656898021698,0.2615019679069519,-0.16828446090221405,0.9999536871910095,0.48195943236351013,0.26004335284233093,-0.17202897369861603,0.999937891960144,0.49687710404396057,0.27598100900650024,-0.22482982277870178,0.9999893307685852,0.48655495047569275,0.27501606941223145,-0.2260381132364273,0.9999876618385315,0.524799108505249,0.33322855830192566,-0.10814123600721359,0.9999760389328003,0.4643097519874573,0.33687594532966614,-0.10983750224113464,0.9999318718910217,0.5315952897071838,0.4249354600906372,-0.06466370075941086,0.9921203255653381,0.45416733622550964,0.4267914891242981,-0.06896282732486725,0.9824631810188293,0.5324187874794006,0.5016096234321594,-0.11861281096935272,0.9813345074653625,0.45230424404144287,0.5067030787467957,-0.11592333763837814,0.9547846913337708,0.5338836312294006,0.5262539386749268,-0.13683423399925232,0.954006552696228,0.4509168565273285,0.5333341360092163,-0.13357432186603546,0.9084933996200562,0.5295974016189575,0.5269967317581177,-0.15992340445518494,0.9578068852424622,0.4555512070655823,0.5335163474082947,-0.15731221437454224,0.9142399430274963,0.5278106331825256,0.5185250043869019,-0.12838388979434967,0.9479929804801941,0.4576820433139801,0.5250501036643982,-0.12600217759609222,0.9033361673355103,0.5088492035865784,0.4868164658546448,0.00041402436909265816,0.9996228218078613,0.47282737493515015,0.4885864853858948,-0.0005174954421818256,0.9995351433753967,0.5085676312446594,0.6197534799575806,-0.005949592683464289,0.9821245074272156,0.47542089223861694,0.623957097530365,-0.003143348963931203,0.9729862213134766,0.5079376697540283,0.7431439161300659,0.07028795033693314,0.9830479025840759,0.47420328855514526,0.7436779737472534,0.07929214090108871,0.9654094576835632,0.5050479769706726,0.7591429948806763,0.07179947942495346,0.7556509375572205,0.4758264422416687,0.7566461563110352,0.08174046128988266,0.661210834980011,0.5038289427757263,0.7850639224052429,-0.025695238262414932,0.972064733505249,0.473548024892807,0.7839922904968262,-0.012070408090949059,0.9556460976600647
sujin_stand_normal_03,189,63,6.300805626598466,29.996164173379363,10,0.4922407865524292,0.2619597613811493,-0.24579483270645142,0.9999933838844299,0.49713101983070374,0.2523306906223297,-0.23526449501514435,0.9999780654907227,0.4999538064002991,0.25282490253448486,-0.2352733612060547,0.99997878074646,0.5019754767417908,0.25345852971076965,-0.23528218269348145,0.9999796748161316,0.48918256163597107,0.25186729431152344,-0.2357882857322693,0.9999741315841675,0.4865381121635437,0.2522377371788025,-0.23581422865390778,0.9999733567237854,0.4841303825378418,0.252552330493927,-0.23582381010055542,0.9999725222587585,0.505699872970581,0.26159346103668213,-0.16155506670475006,0.9999541640281677,0.4818826913833618,0.26007014513015747,-0.16435088217258453,0.9999382495880127,0.49676334857940674,0.27604976296424866,-0.21748870611190796,0.9999896287918091,0.4864721894264221,0.2750870883464813,-0.21840429306030273,0.9999879002571106,0.5246981382369995,0.33314821124076843,-0.10208621621131897,0.999976396560669,0.46434053778648376,0.3368387520313263,-0.10247865319252014,0.9999313354492188,0.5315845608711243,0.42484110593795776,-0.058466874063014984,0.9922571778297424,0.45414435863494873,0.42672964930534363,-0.06307952851057053,0.9822494387626648,0.532427966594696,0.5015547871589661,-0.11313622444868088,0.9818325638771057,0.45231693983078003,0.5067017078399658,-0.11255957931280136,0.9547854065895081,0.5338945984840393,0.5261351466178894,-0.13196586072444916,0.9551894664764404,0.4509334862232208,0.5333437919616699,-0.13049426674842834,0.9086742401123047,0.5295774936676025,0.5269308090209961,-0.15515883266925812,0.9588821530342102,0.45558780431747437,0.5335217714309692,-0.15429940819740295,0.91439288854599,0.5278063416481018,0.5184610486030579,-0.12296085804700851,0.9492244720458984,0.45770713686943054,0.525037944316864,-0.12264750152826309,0.9035600423812866,0.5088342428207397,0.48716023564338684,0.00026402337243780494,0.9996199607849121,0.4728298485279083,0.4888082444667816,-0.00036486415774561465,0.999527096748352,0.5085660219192505,0.6217342019081116,-0.0051080030389130116,0.9820311069488525,0.4753716289997101,0.6255355477333069,-0.0017589248018339276,0.9725983738899231,0.5079666972160339,0.7438868880271912,0.07213591784238815,0.9827587604522705,0.47420933842658997,0.7437072992324829,0.08137116581201553,0.9645312428474426,0.5051770806312561,0.7610836625099182,0.0737084448337555,0.7518653869628906,0.47596296668052673,0.7580727934837341,0.08399316668510437,0.6586993932723999,0.5038698315620422,0.7851405143737793,-0.022985337302088737,0.9713971018791199,0.4732776880264282,0.783990740776062,-0.009443208575248718,0.9545974731445312
sujin_stand_normal_03,192,64,6.40081841432225,29.996164173379363,10,0.49216145277023315,0.2619856297969818,-0.2590063512325287,0.9999934434890747,0.4971087872982025,0.2523414194583893,-0.24891607463359833,0.9999781847000122,0.499929279088974,0.2528374493122101,-0.24891731142997742,0.9999788999557495,0.5019357204437256,0.2534683644771576,-0.248929962515831,0.9999797940254211,0.48916196823120117,0.2518719732761383,-0.24936403334140778,0.9999743103981018,0.48653045296669006,0.25223514437675476,-0.24939727783203125,0.9999735951423645,0.4840916395187378,0.2525458335876465,-0.24940668046474457,0.9999727010726929,0.5056973695755005,0.2616082429885864,-0.17444491386413574,0.9999544024467468,0.48188188672065735,0.25998950004577637,-0.1771497130393982,0.9999386668205261,0.4966921806335449,0.27606603503227234,-0.2301359921693802,0.9999896883964539,0.48641344904899597,0.2751092314720154,-0.23104234039783478,0.9999879598617554,0.5246894955635071,0.3332188129425049,-0.11173676699399948,0.9999760389328003,0.46434274315834045,0.33687037229537964,-0.1122736856341362,0.9999313354492188,0.5314733982086182,0.42499709129333496,-0.06568600982427597,0.9921257495880127,0.4541607201099396,0.42662614583969116,-0.07193630188703537,0.9819986820220947,0.5323635339736938,0.5015559196472168,-0.1167084202170372,0.9813418984413147,0.45233726501464844,0.5067320466041565,-0.1194232776761055,0.9540414214134216,0.5338554978370667,0.5261396169662476,-0.13439470529556274,0.9541667699813843,0.4509788155555725,0.5335157513618469,-0.13689783215522766,0.9073724746704102,0.5295857191085815,0.5269561409950256,-0.15788143873214722,0.9579505324363708,0.45559656620025635,0.53377765417099,-0.1603052020072937,0.913171112537384,0.5278107523918152,0.5185190439224243,-0.12656304240226746,0.9481402039527893,0.45771360397338867,0.5252829790115356,-0.1292767971754074,0.9022189378738403,0.5088050365447998,0.48696690797805786,0.0001290101936319843,0.9996153712272644,0.4728368818759918,0.4885633587837219,-0.0002334065648028627,0.999521791934967,0.508558988571167,0.6211907267570496,-0.007793599274009466,0.9814445376396179,0.47541582584381104,0.6254527568817139,-0.002169729210436344,0.9718796610832214,0.5079564452171326,0.7442023158073425,0.06735051423311234,0.9823733568191528,0.47420981526374817,0.7449716329574585,0.07932036370038986,0.9639706611633301,0.5051380395889282,0.7615391612052917,0.06874334067106247,0.7481832504272461,0.475969523191452,0.7595546245574951,0.08171896636486053,0.6576492190361023,0.5038042664527893,0.785423994064331,-0.02829081378877163,0.9707775115966797,0.4732023775577545,0.7849219441413879,-0.012068444862961769,0.9539498686790466
sujin_stand_normal_03,195,65,6.500831202046036,29.996164173379363,10,0.49215641617774963,0.2620733678340912,-0.2579842805862427,0.9999936819076538,0.49710139632225037,0.2524552345275879,-0.24760420620441437,0.9999788999557495,0.4999198317527771,0.25299084186553955,-0.24760554730892181,0.9999796152114868,0.501934289932251,0.25363123416900635,-0.24761486053466797,0.9999805092811584,0.48915594816207886,0.2520613372325897,-0.24825125932693481,0.9999750852584839,0.4865300953388214,0.2524609863758087,-0.24828244745731354,0.9999744296073914,0.48408886790275574,0.2527710199356079,-0.24829043447971344,0.999973475933075,0.5056551694869995,0.26162704825401306,-0.17351385951042175,0.9999558925628662,0.48187094926834106,0.260122686624527,-0.17606888711452484,0.9999405145645142,0.4967891573905945,0.2761799097061157,-0.22901152074337006,0.9999901056289673,0.4864265024662018,0.2751748561859131,-0.23013736307621002,0.9999884366989136,0.5246683955192566,0.33323779702186584,-0.10947851091623306,0.9999769330024719,0.46421611309051514,0.3368730843067169,-0.11165247112512589,0.9999326467514038,0.531494140625,0.4249407947063446,-0.06434202939271927,0.9923251271247864,0.4541240930557251,0.4268546402454376,-0.0714658871293068,0.9822728037834167,0.5323684215545654,0.5014856457710266,-0.11965881288051605,0.9819395542144775,0.45233187079429626,0.5067031979560852,-0.1192152351140976,0.9547274708747864,0.5338849425315857,0.5260017514228821,-0.13889756798744202,0.9554250240325928,0.4509696066379547,0.5333410501480103,-0.13719439506530762,0.9085582494735718,0.5295838117599487,0.5268782377243042,-0.1629248559474945,0.9591172933578491,0.455595999956131,0.5336417555809021,-0.16117802262306213,0.9143184423446655,0.5278119444847107,0.518477737903595,-0.12990804016590118,0.949474036693573,0.4577106833457947,0.5252560377120972,-0.12925095856189728,0.9034507870674133,0.5088522434234619,0.48699843883514404,0.0006905004265718162,0.9996206760406494,0.4728502035140991,0.48883044719696045,-0.0007870544795878232,0.9995296597480774,0.5085642337799072,0.6213610172271729,-0.001756507670506835,0.9818556904792786,0.4754742681980133,0.6249048113822937,-0.0015257882187142968,0.9724159836769104,0.507959246635437,0.7439302206039429,0.07827429473400116,0.9826717376708984,0.4743448495864868,0.7449592351913452,0.08412837237119675,0.964531421661377,0.505137026309967,0.7596287727355957,0.08003479987382889,0.750547468662262,0.47598597407341003,0.7590780258178711,0.08680297434329987,0.6597316861152649,0.5038602352142334,0.7854017019271851,-0.019055170938372612,0.9712798595428467,0.4732493758201599,0.7850566506385803,-0.008561598137021065,0.9546903371810913
sujin_stand_normal_03,198,66,6.600843989769821,29.996164173379363,10,0.4918135702610016,0.2621311545372009,-0.24842463433742523,0.999993622303009,0.4968893229961395,0.252506822347641,-0.23804637789726257,0.9999786019325256,0.49974873661994934,0.25301340222358704,-0.2380504459142685,0.9999793767929077,0.5017293095588684,0.25365355610847473,-0.23805950582027435,0.9999803304672241,0.48887720704078674,0.25207075476646423,-0.23819184303283691,0.9999746680259705,0.48624947667121887,0.2524409890174866,-0.23821809887886047,0.9999739527702332,0.4838395118713379,0.2527044117450714,-0.23822909593582153,0.9999729990959167,0.505641520023346,0.2617782652378082,-0.16518622636795044,0.9999552965164185,0.48178890347480774,0.2600873112678528,-0.16618400812149048,0.9999392032623291,0.4963015019893646,0.27619683742523193,-0.22036212682724,0.9999902248382568,0.4860996901988983,0.2751912474632263,-0.22083576023578644,0.9999884366989136,0.5245376229286194,0.3333513140678406,-0.10565614700317383,0.9999771118164062,0.46426457166671753,0.3368713855743408,-0.10292422026395798,0.9999316334724426,0.5314694046974182,0.4249645173549652,-0.061223842203617096,0.9924231767654419,0.4541197717189789,0.4266567528247833,-0.06270533055067062,0.9818891286849976,0.5323391556739807,0.501477837562561,-0.1146637424826622,0.9823377728462219,0.45239734649658203,0.5066865086555481,-0.11197777092456818,0.9544587731361389,0.5338964462280273,0.5259873867034912,-0.1334775984287262,0.956398606300354,0.4510519802570343,0.5333181023597717,-0.12983423471450806,0.9083040952682495,0.5295848846435547,0.5268716812133789,-0.15682657063007355,0.9599973559379578,0.4557943642139435,0.5335748195648193,-0.15345624089241028,0.9140450954437256,0.527813732624054,0.5184710621833801,-0.12453902512788773,0.9504768252372742,0.457916796207428,0.5250325798988342,-0.12198854237794876,0.9032266139984131,0.508853018283844,0.4870298504829407,-7.25038189557381e-05,0.9996187090873718,0.47287291288375854,0.48883479833602905,-2.9851576982764527e-05,0.9995219111442566,0.5085604786872864,0.6234440803527832,-0.0022393621038645506,0.981634795665741,0.4754360318183899,0.6261201500892639,0.00019477268506307155,0.9717570543289185,0.5079762935638428,0.7437900900840759,0.0788741409778595,0.9821985363960266,0.4746073782444,0.7444792985916138,0.08789800852537155,0.9631732702255249,0.5055444240570068,0.7598288059234619,0.0809219554066658,0.7430398464202881,0.4760807454586029,0.7584669589996338,0.09105948358774185,0.6544935703277588,0.5036540627479553,0.7849396467208862,-0.01658053882420063,0.9703433513641357,0.4732915759086609,0.7850477695465088,-0.002442474476993084,0.953265905380249
sujin_stand_normal_03,201,67,6.700856777493606,29.996164173379363,10,0.49175870418548584,0.26214733719825745,-0.23793013393878937,0.9999936819076538,0.4968295097351074,0.25250816345214844,-0.2270287722349167,0.9999786019325256,0.49971088767051697,0.2530154287815094,-0.22703629732131958,0.9999793767929077,0.5017082691192627,0.25365573167800903,-0.22703789174556732,0.9999803304672241,0.48877575993537903,0.25205302238464355,-0.22759947180747986,0.9999746084213257,0.4861011803150177,0.25236302614212036,-0.2276231348514557,0.9999738931655884,0.4837358891963959,0.2526291310787201,-0.22763501107692719,0.999972939491272,0.5056186318397522,0.2617831230163574,-0.15282677114009857,0.9999550580978394,0.4816700518131256,0.26006999611854553,-0.15594299137592316,0.9999392032623291,0.49628469347953796,0.2762116491794586,-0.2096080780029297,0.9999904036521912,0.48605218529701233,0.27520304918289185,-0.2106083333492279,0.9999886155128479,0.5243428349494934,0.3333175480365753,-0.09388885647058487,0.9999774098396301,0.4642429053783417,0.33676254749298096,-0.0955268070101738,0.9999316334724426,0.5313975214958191,0.42495086789131165,-0.05059657618403435,0.9924847483634949,0.45392516255378723,0.42630520462989807,-0.05664030835032463,0.9819263219833374,0.5323275327682495,0.5014705061912537,-0.10722773522138596,0.982769250869751,0.4523929953575134,0.5063298940658569,-0.10675803571939468,0.9548673033714294,0.5338990092277527,0.5259791016578674,-0.12625925242900848,0.9574582576751709,0.4510361850261688,0.5331563353538513,-0.12488150596618652,0.9090595841407776,0.5295883417129517,0.5268695950508118,-0.1496071219444275,0.9609628319740295,0.4557930827140808,0.5334110260009766,-0.14829304814338684,0.9147330522537231,0.5278156995773315,0.5184720158576965,-0.1172424927353859,0.9515979886054993,0.4579175114631653,0.5246706604957581,-0.1166861355304718,0.9040328860282898,0.5088174939155579,0.48811036348342896,0.0005389360012486577,0.999616801738739,0.4728644788265228,0.4894952178001404,-0.0006339611718431115,0.9995191097259521,0.5085746049880981,0.6242910027503967,-0.0008383712847717106,0.9816758036613464,0.47543296217918396,0.6268066167831421,-0.0012602168135344982,0.9717768430709839,0.5079920887947083,0.7437041401863098,0.08415940403938293,0.982011616230011,0.4746721684932709,0.7443030476570129,0.08740333467721939,0.9628071784973145,0.5055498480796814,0.7598292231559753,0.0865568295121193,0.7407414317131042,0.47612157464027405,0.758196234703064,0.09059356898069382,0.6526162028312683,0.5038132071495056,0.7848878502845764,-0.009992102161049843,0.969929575920105,0.47334665060043335,0.7847040891647339,-0.003203521715477109,0.9528676867485046
sujin_stand_normal_03,204,68,6.800869565217392,29.996164173379363,10,0.4915398061275482,0.2626708149909973,-0.24313515424728394,0.9999937415122986,0.4966457486152649,0.2528758645057678,-0.2327832728624344,0.9999786615371704,0.49958211183547974,0.2532886862754822,-0.23278655111789703,0.9999794363975525,0.5015862584114075,0.2538464367389679,-0.23278577625751495,0.9999803900718689,0.48846426606178284,0.25239208340644836,-0.23279167711734772,0.9999747276306152,0.48568812012672424,0.2526325285434723,-0.23282018303871155,0.9999740123748779,0.4834451377391815,0.25288188457489014,-0.23283492028713226,0.9999730587005615,0.505575954914093,0.2618838846683502,-0.1595371812582016,0.9999549984931946,0.48149383068084717,0.2602996230125427,-0.1601097732782364,0.9999394416809082,0.4961449205875397,0.27653032541275024,-0.21506553888320923,0.9999904632568359,0.48587700724601746,0.2755110263824463,-0.21532650291919708,0.9999886751174927,0.5243387818336487,0.33341342210769653,-0.09958318620920181,0.9999772906303406,0.46418020129203796,0.33699464797973633,-0.09806479513645172,0.999932050704956,0.5314086079597473,0.4251059591770172,-0.05483352765440941,0.9924832582473755,0.4539230167865753,0.4264943599700928,-0.05770260468125343,0.9818341732025146,0.5323131084442139,0.5020572543144226,-0.10776546597480774,0.9827916622161865,0.4524042308330536,0.5064353942871094,-0.10735700279474258,0.9550116658210754,0.533769428730011,0.5264439582824707,-0.12747414410114288,0.9575687646865845,0.45102688670158386,0.5331516861915588,-0.12598301470279694,0.9093301892280579,0.5294770002365112,0.5272298455238342,-0.15088897943496704,0.9610565304756165,0.45577049255371094,0.5334089994430542,-0.14949391782283783,0.9149724245071411,0.5277434587478638,0.5188943147659302,-0.1179913580417633,0.9516987800598145,0.45788508653640747,0.52467942237854,-0.1174507662653923,0.9042407870292664,0.5088396668434143,0.4883090555667877,0.00031932423007674515,0.9996151328086853,0.4728650748729706,0.48956382274627686,-0.0004173641209490597,0.9995177984237671,0.5085176229476929,0.6233959197998047,-0.002270443132147193,0.9816616177558899,0.4754316210746765,0.6266435384750366,-0.0008767509134486318,0.9718645215034485,0.5079018473625183,0.7438316345214844,0.07721536606550217,0.9821162223815918,0.4746798574924469,0.7444252967834473,0.08649325370788574,0.9628835320472717,0.5050996541976929,0.760271430015564,0.07888980209827423,0.7411075234413147,0.4761275053024292,0.758409857749939,0.08936905115842819,0.6542724967002869,0.5038160681724548,0.7848820090293884,-0.01827855221927166,0.9700255990028381,0.4733057916164398,0.7848057150840759,-0.004115533549338579,0.9530702829360962
sujin_stand_normal_03,207,69,6.900882352941177,29.996164173379363,10,0.49149224162101746,0.2626757323741913,-0.23959772288799286,0.9999937415122986,0.49660778045654297,0.25288668274879456,-0.22860552370548248,0.9999784827232361,0.4995489716529846,0.25330108404159546,-0.22861255705356598,0.9999792575836182,0.5015321969985962,0.2538594603538513,-0.22861500084400177,0.9999802708625793,0.4884311258792877,0.2523614168167114,-0.2290096879005432,0.9999743700027466,0.4856730103492737,0.2525302469730377,-0.22903448343276978,0.9999736547470093,0.48341625928878784,0.2527119815349579,-0.2290487140417099,0.9999727010726929,0.5055581331253052,0.26197007298469543,-0.1543964296579361,0.9999542832374573,0.48146435618400574,0.2601907551288605,-0.15686291456222534,0.9999382495880127,0.49599286913871765,0.2765345871448517,-0.21138466894626617,0.9999904632568359,0.48579877614974976,0.27547940611839294,-0.21218280494213104,0.9999886751174927,0.5240657329559326,0.3336120545864105,-0.09572003781795502,0.9999770522117615,0.46414515376091003,0.33707553148269653,-0.09589910507202148,0.9999303221702576,0.5313138365745544,0.425216406583786,-0.05292034521698952,0.9924566745758057,0.45393648743629456,0.4265373647212982,-0.05593260005116463,0.9815036654472351,0.5323092937469482,0.5021905303001404,-0.10853710025548935,0.9829363822937012,0.4524044990539551,0.5065197944641113,-0.10552088916301727,0.9546501040458679,0.5337526202201843,0.5266441106796265,-0.12778432667255402,0.957955002784729,0.4510125517845154,0.533166229724884,-0.12366216629743576,0.9088801145553589,0.5294686555862427,0.5274031758308411,-0.15113595128059387,0.9614081978797913,0.45576027035713196,0.5334165096282959,-0.1471596509218216,0.9145506620407104,0.5277344584465027,0.5190674662590027,-0.11861908435821533,0.9521031379699707,0.4578665792942047,0.524693489074707,-0.11552223563194275,0.9038311839103699,0.5085934400558472,0.4886782169342041,0.0007048947736620903,0.9996147155761719,0.4726439118385315,0.48971420526504517,-0.0008046823786571622,0.9995158314704895,0.5083960890769958,0.623699426651001,-0.0026440045330673456,0.9815354347229004,0.4754020571708679,0.627693235874176,-0.002704017795622349,0.9716720581054688,0.5078826546669006,0.7441296577453613,0.08038105815649033,0.9819301962852478,0.4745609164237976,0.7452666759490967,0.08639398962259293,0.9624630212783813,0.5050375461578369,0.7601404190063477,0.08274819701910019,0.7389326691627502,0.4758511185646057,0.7595329880714417,0.08924654871225357,0.6508511900901794,0.5038193464279175,0.784997284412384,-0.01455436460673809,0.9697149395942688,0.47323864698410034,0.7851899862289429,-0.004899787716567516,0.9526017308235168
sujin_stand_normal_03,210,70,7.000895140664961,29.996164173379363,10,0.4914703965187073,0.2626522183418274,-0.2586711347103119,0.9999940395355225,0.49658456444740295,0.25287240743637085,-0.24778172373771667,0.9999794363975525,0.49952569603919983,0.2532939314842224,-0.2477826625108719,0.9999801516532898,0.5015013217926025,0.2538621723651886,-0.24778984487056732,0.999981164932251,0.4884169399738312,0.252290278673172,-0.24827837944030762,0.9999754428863525,0.4856671094894409,0.25239700078964233,-0.24830955266952515,0.9999747276306152,0.48340433835983276,0.2525368630886078,-0.248318150639534,0.9999738335609436,0.5055403113365173,0.26198476552963257,-0.17142753303050995,0.9999563694000244,0.48145514726638794,0.2600397765636444,-0.174246147274971,0.9999406933784485,0.49596279859542847,0.2765083611011505,-0.22941140830516815,0.9999908804893494,0.4857838749885559,0.275409996509552,-0.23034362494945526,0.9999891519546509,0.524053692817688,0.33362454175949097,-0.10944046825170517,0.999977707862854,0.4641132950782776,0.33724015951156616,-0.10931523144245148,0.9999307990074158,0.5312901735305786,0.42514970898628235,-0.06528521329164505,0.9925623536109924,0.45391833782196045,0.4265862703323364,-0.06945817172527313,0.9814678430557251,0.5322238802909851,0.5022801756858826,-0.1214788407087326,0.9831935167312622,0.4524306058883667,0.5065810084342957,-0.12056372314691544,0.9547157287597656,0.5334689021110535,0.526664674282074,-0.1406259536743164,0.9584874510765076,0.45100533962249756,0.5331549644470215,-0.13913555443286896,0.9089704155921936,0.529100239276886,0.5274204611778259,-0.16451866924762726,0.9619055986404419,0.4557047188282013,0.5334300398826599,-0.16309480369091034,0.9146764874458313,0.5274925827980042,0.5191309452056885,-0.13158398866653442,0.952643632888794,0.45781442523002625,0.524752676486969,-0.13071408867835999,0.9039271473884583,0.5085638165473938,0.48839208483695984,0.0003461417800281197,0.9996239542961121,0.4726160764694214,0.4897037744522095,-0.0004519194189924747,0.9995240569114685,0.5083926916122437,0.623444139957428,-0.008451608940958977,0.9816727638244629,0.4753550887107849,0.6273619532585144,-0.0025804827455431223,0.9717078804969788,0.5078486204147339,0.744176983833313,0.07723839581012726,0.9821714162826538,0.47455209493637085,0.7454127073287964,0.08666645735502243,0.9629443883895874,0.5050463080406189,0.7600546479225159,0.07964621484279633,0.7406200766563416,0.4758577346801758,0.7592090964317322,0.08965831249952316,0.6541671752929688,0.5038233399391174,0.7855632901191711,-0.019224120303988457,0.9700780510902405,0.4730572998523712,0.7858096361160278,-0.004760933108627796,0.9532576203346252
sujin_stand_normal_03,213,71,7.100907928388747,29.996164173379363,10,0.4913555979728699,0.2626570761203766,-0.2454535961151123,0.9999939203262329,0.49650830030441284,0.2528717517852783,-0.23489226400852203,0.9999788403511047,0.4994109570980072,0.2532978057861328,-0.23489968478679657,0.9999796748161316,0.5014362931251526,0.2538685202598572,-0.23490126430988312,0.9999806880950928,0.4883861541748047,0.25229063630104065,-0.234935462474823,0.9999746084213257,0.4856584370136261,0.2523936629295349,-0.23495908081531525,0.9999737739562988,0.4833664000034332,0.2525307238101959,-0.23496954143047333,0.9999727606773376,0.5054834485054016,0.2619651257991791,-0.16092632710933685,0.9999553561210632,0.4814475178718567,0.25992172956466675,-0.1614924818277359,0.999937891960144,0.49588167667388916,0.27651068568229675,-0.21706987917423248,0.999990701675415,0.48570165038108826,0.2754094898700714,-0.21736957132816315,0.9999887943267822,0.5240902900695801,0.3335639536380768,-0.10267523676156998,0.9999776482582092,0.4641084671020508,0.336679607629776,-0.09834371507167816,0.9999293684959412,0.5312173962593079,0.42501866817474365,-0.060332175344228745,0.9925950169563293,0.45391130447387695,0.4257950782775879,-0.05627826601266861,0.980953574180603,0.5322226285934448,0.5022482872009277,-0.11464101821184158,0.9832626581192017,0.4523828327655792,0.5060039758682251,-0.10506360232830048,0.954037070274353,0.5334485769271851,0.5266686081886292,-0.13282394409179688,0.9587390422821045,0.4509775936603546,0.5328078866004944,-0.12244196981191635,0.9080791473388672,0.5290869474411011,0.5274282097816467,-0.15616819262504578,0.962129533290863,0.4556533098220825,0.5331555604934692,-0.14597241580486298,0.9138491749763489,0.5274888873100281,0.5191379189491272,-0.12441906332969666,0.9528964757919312,0.4577597975730896,0.5242506265640259,-0.11502688378095627,0.9029374122619629,0.5084430575370789,0.48840421438217163,-0.00017283768102061003,0.9996214509010315,0.4724291265010834,0.4896809458732605,7.560810627182946e-05,0.9995176196098328,0.5082012414932251,0.6220066547393799,-0.009177704341709614,0.9813879728317261,0.47531598806381226,0.626406729221344,-0.0026076992508023977,0.971520721912384,0.5078449249267578,0.7440810203552246,0.07012877613306046,0.9820364713668823,0.4745524227619171,0.7453547716140747,0.08298777788877487,0.9626927971839905,0.5050939321517944,0.7600473761558533,0.0718536227941513,0.7380015254020691,0.4758630692958832,0.7590584754943848,0.08571215718984604,0.6550238132476807,0.5037399530410767,0.7852975726127625,-0.02608521096408367,0.969815194606781,0.47309455275535583,0.7854977250099182,-0.007751026656478643,0.9530712962150574
sujin_stand_normal_03,216,72,7.200920716112532,29.996164173379363,10,0.49140504002571106,0.2626316547393799,-0.2716863751411438,0.9999942183494568,0.4965144991874695,0.2528148889541626,-0.2608625590801239,0.9999799728393555,0.4994235038757324,0.2532506585121155,-0.26086175441741943,0.9999807476997375,0.5014970898628235,0.2538209855556488,-0.2608727514743805,0.999981701374054,0.4883946478366852,0.25225555896759033,-0.2615088224411011,0.999975860118866,0.4856589734554291,0.25236067175865173,-0.2615438997745514,0.9999750256538391,0.483376681804657,0.25251904129981995,-0.26154986023902893,0.9999740719795227,0.5054738521575928,0.2618606686592102,-0.18261970579624176,0.9999578595161438,0.481441468000412,0.25991836190223694,-0.18598458170890808,0.9999409914016724,0.4959849417209625,0.27650266885757446,-0.24151930212974548,0.9999911785125732,0.4857790768146515,0.2754008173942566,-0.24263253808021545,0.99998939037323,0.5240181088447571,0.3335914611816406,-0.11747384816408157,0.9999784231185913,0.4640837013721466,0.33618736267089844,-0.11878550797700882,0.999930739402771,0.5310050249099731,0.42494165897369385,-0.07242215424776077,0.992743968963623,0.4538821280002594,0.4253549575805664,-0.07855185121297836,0.9813808798789978,0.5319573283195496,0.5021243691444397,-0.1308356374502182,0.9835918545722961,0.45194607973098755,0.5055556297302246,-0.13213564455509186,0.9549484848976135,0.533004879951477,0.5266541838645935,-0.15045279264450073,0.9593690037727356,0.45036137104034424,0.5320738554000854,-0.15181377530097961,0.9095717668533325,0.5288023948669434,0.5273016691207886,-0.1752728819847107,0.9627172350883484,0.4550767242908478,0.5323778986930847,-0.17600545287132263,0.9153081774711609,0.5272032022476196,0.5190296769142151,-0.14135496318340302,0.9535648822784424,0.45718735456466675,0.5235431790351868,-0.14242784678936005,0.9044017791748047,0.5078296065330505,0.4879106283187866,-8.820641232887283e-05,0.9996296763420105,0.4717859625816345,0.4894302487373352,-1.1758439541154075e-05,0.9995249509811401,0.50801682472229,0.621918261051178,-0.009929792024195194,0.9815652966499329,0.47443583607673645,0.6260688304901123,-0.0026222679298371077,0.9717984795570374,0.507689356803894,0.7440761923789978,0.08024509251117706,0.9821152687072754,0.4742492735385895,0.7456474304199219,0.08925029635429382,0.9630914926528931,0.5050959587097168,0.7581952214241028,0.0833502933382988,0.7379297018051147,0.4758263826370239,0.7590828537940979,0.09283160418272018,0.6571850776672363,0.5036723017692566,0.7859684228897095,-0.017681511119008064,0.9699485301971436,0.47309377789497375,0.7864251732826233,-0.004040271043777466,0.9534745216369629
sujin_stand_normal_03,219,73,7.300933503836317,29.996164173379363,10,0.49140065908432007,0.2623245120048523,-0.2909259498119354,0.9999945163726807,0.4965077042579651,0.252559095621109,-0.28056880831718445,0.9999809861183167,0.4994167983531952,0.25309041142463684,-0.28056320548057556,0.999981701374054,0.5014896988868713,0.253724604845047,-0.2805793583393097,0.9999825954437256,0.48839157819747925,0.2519911229610443,-0.28065207600593567,0.9999771118164062,0.4856717884540558,0.25217336416244507,-0.28069594502449036,0.9999763369560242,0.48337215185165405,0.25236931443214417,-0.2807002365589142,0.9999754428863525,0.5054503083229065,0.2618415355682373,-0.20316343009471893,0.9999599456787109,0.4814359247684479,0.2598116397857666,-0.20408190786838531,0.9999440312385559,0.4960118532180786,0.27645325660705566,-0.26106396317481995,0.9999915957450867,0.4857751131057739,0.27529969811439514,-0.26147687435150146,0.999989926815033,0.5241075158119202,0.33403152227401733,-0.13836009800434113,0.9999786615371704,0.46380946040153503,0.33634153008461,-0.13471418619155884,0.9999327063560486,0.5309968590736389,0.42532095313072205,-0.09503444284200668,0.9927548766136169,0.4536409378051758,0.4258615970611572,-0.09447374939918518,0.981785237789154,0.5314790606498718,0.5021270513534546,-0.14965718984603882,0.983067512512207,0.45177873969078064,0.5059354901313782,-0.1465766727924347,0.9554983973503113,0.5325722098350525,0.5268535017967224,-0.16892240941524506,0.9580335021018982,0.4501120150089264,0.5320845246315002,-0.1660977154970169,0.9103889465332031,0.528214156627655,0.5273008346557617,-0.19325493276119232,0.9614438414573669,0.45469650626182556,0.5323995351791382,-0.18995541334152222,0.9160879850387573,0.5265152454376221,0.5189568996429443,-0.1598091572523117,0.9520461559295654,0.4568976163864136,0.5239546298980713,-0.15673550963401794,0.9050610661506653,0.5078334808349609,0.4878663122653961,-0.000898545200470835,0.9996352791786194,0.4717772901058197,0.4895818531513214,0.0007839507889002562,0.999530017375946,0.5079173445701599,0.6221247315406799,-0.010483120568096638,0.981881856918335,0.4741668105125427,0.6256202459335327,0.0005579190910793841,0.9722521901130676,0.5072399973869324,0.7449861168861389,0.08149673044681549,0.9823747277259827,0.47381657361984253,0.7456555962562561,0.09768158942461014,0.9637753367424011,0.5047863721847534,0.7599948644638062,0.08469437807798386,0.7398934364318848,0.4757208526134491,0.7590749859809875,0.10175822675228119,0.6620577573776245,0.5038100481033325,0.7868641018867493,-0.015496731735765934,0.9702627062797546,0.4729521572589874,0.786474883556366,0.006351500283926725,0.9541787505149841
sujin_stand_normal_03,222,74,7.4009462915601025,29.996164173379363,10,0.49131667613983154,0.26232242584228516,-0.24755258858203888,0.999994158744812,0.4964997470378876,0.25255367159843445,-0.23669196665287018,0.9999797344207764,0.49940189719200134,0.25308704376220703,-0.23669926822185516,0.9999805092811584,0.5014528632164001,0.2537330389022827,-0.23670288920402527,0.9999814629554749,0.48838454484939575,0.2519747018814087,-0.23703213036060333,0.9999755024909973,0.48567163944244385,0.25210875272750854,-0.23705706000328064,0.9999746084213257,0.4833589494228363,0.2522566318511963,-0.2370695173740387,0.999973714351654,0.5054420232772827,0.26186999678611755,-0.16192878782749176,0.9999575614929199,0.48143112659454346,0.2595793604850769,-0.16380701959133148,0.9999397397041321,0.49579185247421265,0.276439905166626,-0.2189132273197174,0.9999911189079285,0.48562467098236084,0.2752766013145447,-0.21961456537246704,0.9999892711639404,0.5240715742111206,0.3340291678905487,-0.10247492045164108,0.999977707862854,0.4638213515281677,0.336281418800354,-0.10038401186466217,0.9999298453330994,0.5309360027313232,0.4253477454185486,-0.057372085750103,0.9925474524497986,0.4536467492580414,0.42535269260406494,-0.05777214094996452,0.9809538125991821,0.5308634042739868,0.5023859739303589,-0.10961057245731354,0.9823524355888367,0.45179176330566406,0.5057164430618286,-0.10728620737791061,0.9538689851760864,0.5319188237190247,0.5274372100830078,-0.12720227241516113,0.9567421078681946,0.45017242431640625,0.5320627689361572,-0.125141441822052,0.9080905914306641,0.5278480648994446,0.5280405282974243,-0.15050986409187317,0.9602053761482239,0.45472288131713867,0.5324041247367859,-0.14861726760864258,0.9139101505279541,0.5261760354042053,0.5194940567016602,-0.11934245377779007,0.9505915641784668,0.4569006860256195,0.5239134430885315,-0.11726608872413635,0.9026269912719727,0.5076416730880737,0.4880061447620392,-0.0008921999833546579,0.9996276497840881,0.4716331362724304,0.4895856976509094,0.0007776638958603144,0.9995194673538208,0.5077688097953796,0.6208770275115967,-0.010429099202156067,0.9815610647201538,0.4741475284099579,0.6257427930831909,-0.002075257245451212,0.9721164703369141,0.5072656869888306,0.7444901466369629,0.0756031945347786,0.9821075797080994,0.4735632836818695,0.7456507086753845,0.08544645458459854,0.9636062979698181,0.5048120617866516,0.7586999535560608,0.07781081646680832,0.7337984442710876,0.47488173842430115,0.75905841588974,0.08845888078212738,0.6621657013893127,0.5035310983657837,0.786540687084198,-0.020722754299640656,0.9696780443191528,0.47274306416511536,0.7861942052841187,-0.005826327484101057,0.9539506435394287
sujin_stand_normal_03,225,75,7.500959079283888,29.996164173379363,10,0.4913414418697357,0.26227253675460815,-0.2791958451271057,0.9999944567680359,0.4964985251426697,0.2525098919868469,-0.2682994306087494,0.9999808073043823,0.49940064549446106,0.25303319096565247,-0.268297016620636,0.9999815225601196,0.5014510154724121,0.2536684572696686,-0.26831144094467163,0.999982476234436,0.4883860945701599,0.2519207298755646,-0.26865383982658386,0.9999767541885376,0.48567214608192444,0.25203564763069153,-0.2686905264854431,0.9999759197235107,0.48335519433021545,0.252209335565567,-0.26869145035743713,0.9999750256538391,0.505430281162262,0.2618310749530792,-0.19051752984523773,0.9999599456787109,0.4814126193523407,0.2595714330673218,-0.1926831156015396,0.9999426603317261,0.4958154857158661,0.27638450264930725,-0.2494135946035385,0.9999915957450867,0.48564085364341736,0.27522048354148865,-0.25016850233078003,0.9999897480010986,0.5240051746368408,0.33389022946357727,-0.1273307502269745,0.9999786615371704,0.4638175964355469,0.3363015353679657,-0.1245061382651329,0.9999309182167053,0.5309283137321472,0.4251709580421448,-0.08534420281648636,0.9928006529808044,0.45364394783973694,0.42562419176101685,-0.08504348248243332,0.9814205169677734,0.5308547616004944,0.5022531151771545,-0.1424548327922821,0.9829221367835999,0.4513120651245117,0.5058371424674988,-0.13667596876621246,0.9548339247703552,0.5319092869758606,0.5270595550537109,-0.16214077174663544,0.9578302502632141,0.4497482478618622,0.5320584177970886,-0.155924454331398,0.9095743298530579,0.5276839733123779,0.5275976657867432,-0.18653443455696106,0.9612141251564026,0.4545177221298218,0.5323997139930725,-0.180088609457016,0.9153535962104797,0.5260223150253296,0.5191895961761475,-0.15271851420402527,0.9517815113067627,0.45662692189216614,0.5240185260772705,-0.1470167487859726,0.9041180610656738,0.5075734853744507,0.4863525927066803,-0.0011953645152971148,0.9996391534805298,0.4716118276119232,0.4887866675853729,0.0010799553710967302,0.9995290040969849,0.5075405836105347,0.619997501373291,-0.017997510731220245,0.9814661145210266,0.47389012575149536,0.624829888343811,-0.00234234263189137,0.9717314839363098,0.5066773891448975,0.7445191740989685,0.06579720973968506,0.9819619059562683,0.47339046001434326,0.745827853679657,0.08416350930929184,0.963350772857666,0.5042434334754944,0.7585862874984741,0.06802704930305481,0.7324586510658264,0.47486352920532227,0.7590378522872925,0.08710256963968277,0.6621193885803223,0.503288984298706,0.786456823348999,-0.031869709491729736,0.969543993473053,0.47270071506500244,0.786191463470459,-0.007835057564079762,0.9537463784217834
sujin_stand_normal_03,228,76,7.600971867007673,29.996164173379363,10,0.49132004380226135,0.26234036684036255,-0.27537399530410767,0.9999946355819702,0.4964381754398346,0.25263166427612305,-0.2648520767688751,0.9999814629554749,0.4992980360984802,0.25319990515708923,-0.26485010981559753,0.9999821186065674,0.5013781785964966,0.2538382411003113,-0.2648600935935974,0.9999830722808838,0.48837774991989136,0.2520591914653778,-0.2650832533836365,0.9999775290489197,0.48567861318588257,0.2522657513618469,-0.26511886715888977,0.9999766945838928,0.4833521842956543,0.2524377107620239,-0.2651233375072479,0.9999758005142212,0.5053495764732361,0.2618934214115143,-0.1884678304195404,0.9999615550041199,0.4813900589942932,0.2597174048423767,-0.1897975504398346,0.9999445080757141,0.4958288371562958,0.27648037672042847,-0.24591729044914246,0.9999918937683105,0.48563432693481445,0.27530649304389954,-0.24649326503276825,0.9999900460243225,0.5241175889968872,0.33399200439453125,-0.12541083991527557,0.9999790191650391,0.4638146758079529,0.33631432056427,-0.12195756286382675,0.9999321103096008,0.5310285687446594,0.4254213869571686,-0.08201489597558975,0.9929400682449341,0.4535914361476898,0.42566031217575073,-0.08273284882307053,0.9814547896385193,0.5304063558578491,0.5028100609779358,-0.13788177073001862,0.983006477355957,0.451103538274765,0.5058562755584717,-0.13331949710845947,0.95479416847229,0.5314228534698486,0.5277560949325562,-0.15706706047058105,0.9579149484634399,0.44937780499458313,0.5321796536445618,-0.15231743454933167,0.9095416069030762,0.5273361206054688,0.5280971527099609,-0.1812799572944641,0.9612608551979065,0.4541698694229126,0.5324450135231018,-0.1761176735162735,0.915351152420044,0.5256979465484619,0.5195394158363342,-0.14801998436450958,0.9517931938171387,0.4563347101211548,0.5240961313247681,-0.14345695078372955,0.9040848612785339,0.5075605511665344,0.4867691099643707,-0.0012975247809663415,0.9996387958526611,0.47145456075668335,0.48887062072753906,0.0011871232418343425,0.9995316863059998,0.5076522827148438,0.6200014352798462,-0.0072895740158855915,0.9818689823150635,0.4736950993537903,0.6248608827590942,0.0010287021286785603,0.9724776148796082,0.5067577958106995,0.7439501881599426,0.07472263276576996,0.9822592735290527,0.4733845591545105,0.7452783584594727,0.08751904219388962,0.9640992879867554,0.5043706297874451,0.7585857510566711,0.07656293362379074,0.733025312423706,0.47496846318244934,0.7588203549385071,0.09032230824232101,0.6664779782295227,0.5032639503479004,0.7864485383033752,-0.023561762645840645,0.9699064493179321,0.47219982743263245,0.7861006259918213,-0.004680794198065996,0.954486072063446
sujin_stand_normal_03,231,77,7.7009846547314575,29.996164173379363,10,0.4913911521434784,0.2622738480567932,-0.28366702795028687,0.9999948740005493,0.4964696168899536,0.2525755763053894,-0.27292686700820923,0.9999824166297913,0.49932581186294556,0.2531510591506958,-0.2729203999042511,0.999983012676239,0.5013800859451294,0.25380799174308777,-0.27293306589126587,0.9999839067459106,0.48843494057655334,0.25201234221458435,-0.2734924256801605,0.9999786615371704,0.48575887084007263,0.25225207209587097,-0.2735320031642914,0.9999778866767883,0.4833756685256958,0.25243332982063293,-0.27353402972221375,0.9999769926071167,0.5053399205207825,0.2618934214115143,-0.19445832073688507,0.9999635815620422,0.48138418793678284,0.2597339153289795,-0.19753572344779968,0.9999473094940186,0.4959679841995239,0.2764693796634674,-0.25341925024986267,0.9999922513961792,0.4856964647769928,0.27530479431152344,-0.2544562816619873,0.9999905228614807,0.5240800380706787,0.33405420184135437,-0.12868864834308624,0.9999796152114868,0.46379539370536804,0.3363168239593506,-0.12837441265583038,0.9999337792396545,0.5310518145561218,0.425385057926178,-0.08418357372283936,0.993096113204956,0.45351293683052063,0.42569035291671753,-0.08778656274080276,0.9819820523262024,0.5304093956947327,0.5025883913040161,-0.14132457971572876,0.9832974076271057,0.4508281946182251,0.5058588981628418,-0.13977362215518951,0.9557147026062012,0.5314286351203918,0.5276277661323547,-0.16093389689922333,0.9583678841590881,0.44925233721733093,0.5321212410926819,-0.15928281843662262,0.9109086394309998,0.5273311138153076,0.5279887914657593,-0.18558256328105927,0.961675763130188,0.454079806804657,0.532317578792572,-0.1834346354007721,0.9166524410247803,0.5256922245025635,0.5194056034088135,-0.15168918669223785,0.952228307723999,0.456182599067688,0.5240405797958374,-0.15002992749214172,0.9053677320480347,0.5074722170829773,0.48677486181259155,-0.0009535951539874077,0.9996451735496521,0.47142690420150757,0.4889100193977356,0.0008398159989155829,0.9995399713516235,0.5075206756591797,0.6201730966567993,-0.007827256806194782,0.9819788336753845,0.4736885130405426,0.6247432231903076,0.0008224413613788784,0.9726811051368713,0.5065972208976746,0.7441555261611938,0.07651443779468536,0.9823080897331238,0.473402202129364,0.7458109259605408,0.08886516839265823,0.9643430113792419,0.504230797290802,0.7585127949714661,0.07875335961580276,0.7335975766181946,0.47505518794059753,0.7589858174324036,0.09189925342798233,0.6673991084098816,0.5032585263252258,0.7864415645599365,-0.022328732535243034,0.9700544476509094,0.47239360213279724,0.7860995531082153,-0.0042328122071921825,0.9547701478004456
sujin_stand_normal_03,234,78,7.800997442455243,29.996164173379363,10,0.49139249324798584,0.2621426582336426,-0.27346983551979065,0.9999949932098389,0.4964591860771179,0.2524489462375641,-0.2628594636917114,0.9999828338623047,0.49931538105010986,0.25302383303642273,-0.2628578245639801,0.9999834299087524,0.501357913017273,0.25369125604629517,-0.26286816596984863,0.9999842643737793,0.48842766880989075,0.2519243061542511,-0.2634267508983612,0.9999791383743286,0.4857553541660309,0.25220203399658203,-0.2634640038013458,0.9999783635139465,0.4833540618419647,0.2524147629737854,-0.26347169280052185,0.9999775290489197,0.5053144693374634,0.26184070110321045,-0.18572507798671722,0.9999645948410034,0.48134711384773254,0.2597341239452362,-0.18852080404758453,0.9999487400054932,0.4960075318813324,0.2764105498790741,-0.24369989335536957,0.9999924302101135,0.4856943190097809,0.2752896249294281,-0.2446451485157013,0.9999907612800598,0.5241348147392273,0.3340591490268707,-0.12126218527555466,0.9999797940254211,0.4637674391269684,0.33632028102874756,-0.12279491126537323,0.9999347925186157,0.5310601592063904,0.4253934323787689,-0.07730670273303986,0.9930608868598938,0.45343896746635437,0.4256976246833801,-0.08225706964731216,0.9821642637252808,0.5303584337234497,0.5025702118873596,-0.13482259213924408,0.9829664826393127,0.4505930244922638,0.5058900117874146,-0.1334494799375534,0.9557212591171265,0.5313617587089539,0.5276340842247009,-0.15418390929698944,0.9575966596603394,0.4490329921245575,0.5321161150932312,-0.15266887843608856,0.9107978343963623,0.52729332447052,0.5279794931411743,-0.17830650508403778,0.9609559178352356,0.4538189470767975,0.532305121421814,-0.17694970965385437,0.9165693521499634,0.525648295879364,0.5193926095962524,-0.14509259164333344,0.9513762593269348,0.4558905065059662,0.5240298509597778,-0.1437891572713852,0.9052602648735046,0.5073774456977844,0.4874652326107025,-0.0005620814627036452,0.9996480345726013,0.47123613953590393,0.4892784357070923,0.0004526865086518228,0.9995437264442444,0.5074887275695801,0.6205199956893921,-0.007468592841178179,0.9822251200675964,0.4736311137676239,0.624797523021698,0.0005688386736437678,0.9731295108795166,0.5066232085227966,0.7446945309638977,0.07962408661842346,0.9825599193572998,0.4733688235282898,0.7458207011222839,0.09059059619903564,0.9648408889770508,0.504237949848175,0.7599310874938965,0.08211270719766617,0.7354421615600586,0.47506090998649597,0.7589858174324036,0.09393445402383804,0.6696475148200989,0.5032975673675537,0.7870518565177917,-0.018649660050868988,0.970423698425293,0.47239771485328674,0.7863742113113403,-0.002179877134039998,0.955350935459137
sujin_stand_normal_03,237,79,7.901010230179028,29.996164173379363,10,0.49137502908706665,0.2621307969093323,-0.2859245538711548,0.9999951720237732,0.49640941619873047,0.2524223327636719,-0.27515581250190735,0.999983549118042,0.4992689788341522,0.2529608905315399,-0.27515536546707153,0.9999841451644897,0.5013474225997925,0.253598153591156,-0.27517297863960266,0.9999849796295166,0.4883703589439392,0.25190824270248413,-0.2754182815551758,0.9999799728393555,0.4856454133987427,0.25215813517570496,-0.2754574418067932,0.9999792575836182,0.4833129048347473,0.25239402055740356,-0.275459885597229,0.9999784231185913,0.5052362680435181,0.2617727518081665,-0.1973089873790741,0.9999661445617676,0.4812857508659363,0.25976452231407166,-0.19903318583965302,0.9999505877494812,0.49598428606987,0.2763936221599579,-0.25609251856803894,0.9999927282333374,0.48567625880241394,0.2752791941165924,-0.2567167282104492,0.9999910593032837,0.5239778757095337,0.3340243101119995,-0.13376697897911072,0.9999804496765137,0.4637492597103119,0.3363902270793915,-0.1308690458536148,0.9999352693557739,0.5308545827865601,0.4253861606121063,-0.09230080246925354,0.9931945204734802,0.45344409346580505,0.42586836218833923,-0.09222874790430069,0.9824299812316895,0.5303654074668884,0.5024866461753845,-0.14883825182914734,0.9832122325897217,0.4506158232688904,0.5060750842094421,-0.14354650676250458,0.9561440944671631,0.5313711762428284,0.5271299481391907,-0.16860301792621613,0.9579784274101257,0.4490411877632141,0.5322242975234985,-0.16273604333400726,0.911341667175293,0.5272150635719299,0.5276759266853333,-0.19274798035621643,0.9613098502159119,0.45381054282188416,0.5324566960334778,-0.18697668612003326,0.9171022176742554,0.525588870048523,0.519249439239502,-0.159000962972641,0.9517857432365417,0.4558822214603424,0.5243426561355591,-0.15389853715896606,0.9057627320289612,0.5073358416557312,0.486391544342041,-0.0014268849045038223,0.999656617641449,0.47125083208084106,0.48887526988983154,0.0013122701784595847,0.9995477199554443,0.5074602961540222,0.6204802393913269,-0.018737422302365303,0.9817703366279602,0.4736083447933197,0.6252087354660034,-6.885439506731927e-05,0.9720608592033386,0.5062808990478516,0.7453645467758179,0.06428282707929611,0.9821627736091614,0.47334739565849304,0.7460960745811462,0.08785825222730637,0.9637550115585327,0.503913164138794,0.7609790563583374,0.06646623462438583,0.7321622967720032,0.4751279950141907,0.7590947151184082,0.09106474369764328,0.6669782400131226,0.5033239126205444,0.7870355248451233,-0.03377262502908707,0.9698383212089539,0.4724193215370178,0.7864074110984802,-0.004149583633989096,0.9543185830116272
sujin_stand_normal_03,240,80,8.001023017902813,29.996164173379363,10,0.4910496473312378,0.26271793246269226,-0.2769868075847626,0.9999951720237732,0.49606066942214966,0.25316864252090454,-0.266835480928421,0.9999836683273315,0.4989354908466339,0.2537558078765869,-0.26683366298675537,0.9999842643737793,0.5011542439460754,0.2543935477733612,-0.2668403387069702,0.9999850988388062,0.48804643750190735,0.2525211572647095,-0.2672537863254547,0.9999801516532898,0.4854606091976166,0.25270935893058777,-0.2672913372516632,0.9999794363975525,0.4831339716911316,0.2528977394104004,-0.267301082611084,0.9999786019325256,0.5050332546234131,0.2620285451412201,-0.18948563933372498,0.9999666810035706,0.4811508357524872,0.26005542278289795,-0.19162613153457642,0.9999513030052185,0.4958609938621521,0.27681034803390503,-0.2468910962343216,0.999992847442627,0.4854554831981659,0.2755744457244873,-0.24766221642494202,0.9999911785125732,0.5239853262901306,0.3340218663215637,-0.12273509055376053,0.9999805688858032,0.46370741724967957,0.3364039957523346,-0.1236904188990593,0.9999362230300903,0.5308972001075745,0.4254898130893707,-0.07537557184696198,0.9931601285934448,0.4533638656139374,0.4260382354259491,-0.0807032659649849,0.9824168682098389,0.5301545262336731,0.5028433799743652,-0.13137058913707733,0.9829283356666565,0.45041829347610474,0.506272554397583,-0.1336662471294403,0.9559128284454346,0.5310654640197754,0.527778148651123,-0.15015867352485657,0.957331657409668,0.4489068388938904,0.5324943661689758,-0.15286210179328918,0.9110631942749023,0.5270388722419739,0.528171718120575,-0.17465949058532715,0.9606989026069641,0.45344415307044983,0.5327802896499634,-0.1776518076658249,0.916854977607727,0.5254570245742798,0.519626259803772,-0.14163751900196075,0.9510721564292908,0.45542603731155396,0.5246739983558655,-0.14419889450073242,0.9054763317108154,0.5073350071907043,0.4881642758846283,-0.0007097680936567485,0.9996538162231445,0.47110986709594727,0.489433616399765,0.0006097914883866906,0.9995446801185608,0.5074678063392639,0.6217438578605652,-0.006065126974135637,0.9819197654724121,0.4734264314174652,0.6253963708877563,-2.7646026865113527e-05,0.9725596904754639,0.5064368844032288,0.745124101638794,0.08491352945566177,0.9821495413780212,0.4734504520893097,0.7455959320068359,0.09323827922344208,0.9639272093772888,0.5039179921150208,0.7608386278152466,0.08776091784238815,0.7318713068962097,0.47535356879234314,0.758524477481842,0.09696736186742783,0.6675795912742615,0.5036619901657104,0.7869125604629517,-0.012555626221001148,0.9698073267936707,0.47246283292770386,0.7860936522483826,0.000985381193459034,0.9544113874435425
sujin_stand_normal_03,243,81,8.101035805626598,29.996164173379363,10,0.4905351400375366,0.2626488506793976,-0.2661823630332947,0.999995231628418,0.4957357943058014,0.2530626058578491,-0.2555423974990845,0.9999840259552002,0.4986809492111206,0.25359827280044556,-0.2555479407310486,0.999984622001648,0.5009331107139587,0.2541569471359253,-0.25556251406669617,0.9999855160713196,0.4875359833240509,0.2523709833621979,-0.2555536925792694,0.9999804496765137,0.48486456274986267,0.25249165296554565,-0.25558367371559143,0.9999796748161316,0.48278144001960754,0.2526044547557831,-0.2555886507034302,0.9999788403511047,0.5049420595169067,0.26193302869796753,-0.18008175492286682,0.9999677538871765,0.48094528913497925,0.2599833011627197,-0.18033383786678314,0.9999517202377319,0.4952734112739563,0.2766888439655304,-0.23725628852844238,0.9999930262565613,0.4850223660469055,0.2754784822463989,-0.23746900260448456,0.9999912977218628,0.523978054523468,0.33401986956596375,-0.11935368925333023,0.9999808669090271,0.4636906087398529,0.3367198705673218,-0.11419308185577393,0.9999350309371948,0.5308928489685059,0.4255504608154297,-0.07614406943321228,0.9932384490966797,0.4533572793006897,0.4262041747570038,-0.07206711918115616,0.9821224808692932,0.5301606059074402,0.5029182434082031,-0.1323138028383255,0.9831121563911438,0.450493723154068,0.5062447786331177,-0.12327498942613602,0.9555834531784058,0.5311101675033569,0.5277632474899292,-0.1513928771018982,0.9577750563621521,0.44894465804100037,0.5323454141616821,-0.14188283681869507,0.9106097221374512,0.5270151495933533,0.5281699299812317,-0.17565087974071503,0.9611036777496338,0.45343896746635437,0.5326352715492249,-0.16622871160507202,0.9164552092552185,0.5254221558570862,0.5196571350097656,-0.1424746960401535,0.9515163898468018,0.4554235339164734,0.5244621634483337,-0.13367922604084015,0.9049931168556213,0.5071595311164856,0.488166481256485,-0.0011743351351469755,0.9996579885482788,0.47100943326950073,0.48943737149238586,0.0010707067558541894,0.9995450973510742,0.5074372291564941,0.6213909983634949,-0.011618993245065212,0.9817814826965332,0.4733997881412506,0.6254956126213074,-0.00020765417139045894,0.9725286364555359,0.5064443945884705,0.7451692819595337,0.07374260574579239,0.982218325138092,0.47347593307495117,0.745743989944458,0.08910948783159256,0.9639613032341003,0.5039727687835693,0.760822057723999,0.07594387978315353,0.7309644818305969,0.47542011737823486,0.7586526274681091,0.09230008721351624,0.6685507893562317,0.503422200679779,0.7869704961776733,-0.024549372494220734,0.9698340892791748,0.4725485146045685,0.7861672639846802,-0.0027149522211402655,0.9545432329177856
sujin_stand_normal_03,246,82,8.201048593350384,29.996164173379363,10,0.4904952943325043,0.26247888803482056,-0.2769381105899811,0.9999953508377075,0.4956696331501007,0.2527587413787842,-0.2666797935962677,0.9999843835830688,0.49860817193984985,0.2532458007335663,-0.26668012142181396,0.9999849200248718,0.50091153383255,0.2537992596626282,-0.26669394969940186,0.9999858140945435,0.4874562919139862,0.25214582681655884,-0.26665517687797546,0.9999808669090271,0.4847089946269989,0.2522648870944977,-0.2666935920715332,0.999980092048645,0.48271432518959045,0.2524377405643463,-0.26669934391975403,0.9999792575836182,0.5048913955688477,0.26181644201278687,-0.19091114401817322,0.999968409538269,0.48082971572875977,0.2599499225616455,-0.19116589426994324,0.9999527335166931,0.495247483253479,0.2765786051750183,-0.24773333966732025,0.9999932050704956,0.48497235774993896,0.2754211723804474,-0.24793492257595062,0.9999914765357971,0.5239698886871338,0.33401769399642944,-0.12747082114219666,0.9999811053276062,0.4636147618293762,0.33669203519821167,-0.12387026101350784,0.9999357461929321,0.5308054089546204,0.42557284235954285,-0.08433143049478531,0.9933337569236755,0.4533139169216156,0.4265386164188385,-0.08332988619804382,0.9823936223983765,0.5301419496536255,0.5027427673339844,-0.13975004851818085,0.9832930564880371,0.4505159556865692,0.5065361261367798,-0.13499341905117035,0.9561190009117126,0.531106173992157,0.5276792645454407,-0.15944071114063263,0.9580321311950684,0.448944628238678,0.5323647260665894,-0.15411292016506195,0.9113953113555908,0.5269290208816528,0.5280686616897583,-0.18337063491344452,0.9613422751426697,0.45354291796684265,0.5326377153396606,-0.17839385569095612,0.9171909689903259,0.5253175497055054,0.5195363759994507,-0.1498091220855713,0.9518043398857117,0.4555482566356659,0.5245285034179688,-0.14530277252197266,0.9058433175086975,0.5072241425514221,0.4877997934818268,-0.0013019974576309323,0.9996597170829773,0.4712349772453308,0.48945605754852295,0.0011965002631768584,0.9995447993278503,0.5074281096458435,0.6226213574409485,-0.010293377563357353,0.981675922870636,0.47335460782051086,0.625775933265686,0.0021353354677557945,0.9721823334693909,0.5064491629600525,0.745791494846344,0.0762568935751915,0.9819859266281128,0.4735172688961029,0.7457460165023804,0.09394856542348862,0.9632661938667297,0.5045040249824524,0.7615615725517273,0.0786951407790184,0.729249119758606,0.4754312336444855,0.7586416602134705,0.09755759686231613,0.6669081449508667,0.5034227967262268,0.7871686816215515,-0.021061744540929794,0.9693511128425598,0.4733298718929291,0.7859903573989868,0.002776366425678134,0.9537124037742615
sujin_stand_normal_03,249,83,8.301061381074168,29.996164173379363,10,0.4904441833496094,0.2624674141407013,-0.26785072684288025,0.999995231628418,0.4955853223800659,0.25274428725242615,-0.2576676309108734,0.9999839663505554,0.4985271096229553,0.2532351315021515,-0.25766685605049133,0.9999845623970032,0.5007961392402649,0.25380828976631165,-0.2576739192008972,0.9999854564666748,0.4874024987220764,0.25213930010795593,-0.2578641474246979,0.9999803304672241,0.4846636950969696,0.2522684931755066,-0.25789907574653625,0.999979555606842,0.48258963227272034,0.25245505571365356,-0.25791221857070923,0.9999787211418152,0.5047355890274048,0.261808305978775,-0.18253348767757416,0.9999675750732422,0.48071253299713135,0.259955495595932,-0.18382422626018524,0.9999514818191528,0.49524539709091187,0.2765694558620453,-0.23881594836711884,0.9999930262565613,0.4849010407924652,0.27542179822921753,-0.23931649327278137,0.9999912977218628,0.5239502787590027,0.33396339416503906,-0.11914271861314774,0.9999809265136719,0.4634994864463806,0.33639970421791077,-0.11784398555755615,0.9999352097511292,0.5304978489875793,0.42558884620666504,-0.07574628293514252,0.9933497905731201,0.4531441628932953,0.4263209402561188,-0.07706467062234879,0.9824408292770386,0.5300320386886597,0.502740740776062,-0.13272036612033844,0.9835049510002136,0.45049601793289185,0.5064608454704285,-0.12767943739891052,0.9562762379646301,0.5310519933700562,0.5278609395027161,-0.1522073894739151,0.958511233329773,0.4489457905292511,0.532512366771698,-0.14644142985343933,0.9116084575653076,0.5268869996070862,0.5283092260360718,-0.1763051599264145,0.9617893099784851,0.45360633730888367,0.5328519344329834,-0.1703062504529953,0.9173905253410339,0.5252654552459717,0.5196805000305176,-0.14288409054279327,0.9523218274116516,0.4556333124637604,0.5245346426963806,-0.13775919377803802,0.9061023592948914,0.5070475339889526,0.487802118062973,-0.0002902924898080528,0.9996558427810669,0.4710156321525574,0.4893888831138611,0.0001839140895754099,0.9995438456535339,0.5073193311691284,0.622633159160614,-0.004594463389366865,0.9816920757293701,0.47345486283302307,0.6259945034980774,0.0009024484897963703,0.9724282622337341,0.5066199898719788,0.7452324628829956,0.07966363430023193,0.9819974303245544,0.47349658608436584,0.7457733750343323,0.0894419252872467,0.9633435010910034,0.5045427083969116,0.7606762647628784,0.08186791092157364,0.7290962338447571,0.4749191701412201,0.7586602568626404,0.0925494134426117,0.6654581427574158,0.5032479763031006,0.7869767546653748,-0.01791026070713997,0.9693535566329956,0.47324565052986145,0.7861689925193787,-0.0030719307251274586,0.953713059425354
sujin_stand_normal_03,252,84,8.401074168797955,29.996164173379363,10,0.4903140068054199,0.26242607831954956,-0.28589490056037903,0.9999953508377075,0.4953461289405823,0.25260552763938904,-0.2756064534187317,0.9999843835830688,0.49829381704330444,0.2530910074710846,-0.2756023406982422,0.9999849200248718,0.5006769299507141,0.2536698281764984,-0.2756139039993286,0.9999858140945435,0.4871881604194641,0.2521275579929352,-0.27577880024909973,0.9999808669090271,0.48444029688835144,0.2522616386413574,-0.2758232653141022,0.999980092048645,0.48242485523223877,0.2524491548538208,-0.27583467960357666,0.9999792575836182,0.5046226382255554,0.2616826295852661,-0.19809213280677795,0.9999682903289795,0.48057377338409424,0.25994646549224854,-0.1993793398141861,0.9999528527259827,0.49520957469940186,0.2765001952648163,-0.2559419870376587,0.9999931454658508,0.48479360342025757,0.27537330985069275,-0.25642669200897217,0.9999914765357971,0.5239536166191101,0.33396977186203003,-0.13120786845684052,0.9999810457229614,0.46336886286735535,0.33640357851982117,-0.13152462244033813,0.9999359846115112,0.5305054187774658,0.42573025822639465,-0.08864572644233704,0.993416428565979,0.4528712034225464,0.4263756275177002,-0.09249448031187057,0.9828357696533203,0.5299928784370422,0.5026086568832397,-0.14744968712329865,0.9836599230766296,0.4503263235092163,0.5065513253211975,-0.14478132128715515,0.9568887948989868,0.5309913158416748,0.5277552604675293,-0.1678614765405655,0.9586968421936035,0.4486995339393616,0.5325118899345398,-0.16423335671424866,0.9124454855918884,0.5267727375030518,0.5280492901802063,-0.19198718667030334,0.961954653263092,0.4535678029060364,0.5328062176704407,-0.1884646862745285,0.9181559681892395,0.5251151919364929,0.5194553136825562,-0.15767042338848114,0.9524880051612854,0.4556104838848114,0.5245392918586731,-0.15500803291797638,0.9069051146507263,0.5070420503616333,0.48768261075019836,-0.0002530084166210145,0.9996546506881714,0.47101691365242004,0.48938897252082825,0.0001453685836168006,0.9995416402816772,0.507310688495636,0.6229140758514404,-0.0063181351870298386,0.9814505577087402,0.4733771085739136,0.6261155605316162,0.0010542606469243765,0.9718105792999268,0.5064418911933899,0.7460565567016602,0.07744626700878143,0.9816248416900635,0.47324955463409424,0.7464699745178223,0.08984900265932083,0.9621949195861816,0.5043437480926514,0.7615808844566345,0.07963986694812775,0.7288034558296204,0.4749152958393097,0.7593444585800171,0.09299276024103165,0.6612854599952698,0.5035080909729004,0.7869780659675598,-0.021069787442684174,0.9687771201133728,0.473187655210495,0.7862277030944824,-0.0029837770853191614,0.9523586630821228
sujin_stand_normal_03,255,85,8.501086956521739,29.996164173379363,10,0.49018579721450806,0.2624143958091736,-0.2878713011741638,0.9999955296516418,0.49517810344696045,0.2525845468044281,-0.27752017974853516,0.9999849796295166,0.498147189617157,0.2530711591243744,-0.2775155007839203,0.9999855160713196,0.5005826354026794,0.25365036725997925,-0.2775282859802246,0.9999863505363464,0.487008273601532,0.252140074968338,-0.27740177512168884,0.9999815821647644,0.4842758774757385,0.252285897731781,-0.27744486927986145,0.9999808669090271,0.4822791516780853,0.25247853994369507,-0.277453750371933,0.999980092048645,0.5045287013053894,0.2616058886051178,-0.1999896615743637,0.9999695420265198,0.48045673966407776,0.2599639296531677,-0.19984488189220428,0.9999546408653259,0.49519068002700806,0.2764739692211151,-0.2579748332500458,0.9999933838844299,0.484686017036438,0.27536526322364807,-0.25804635882377625,0.999991774559021,0.5239853262901306,0.3339371085166931,-0.13353681564331055,0.999981164932251,0.4632752537727356,0.33634263277053833,-0.13118089735507965,0.999937117099762,0.5304754376411438,0.42574334144592285,-0.09216287732124329,0.9934550523757935,0.45271775126457214,0.4263853132724762,-0.09185705333948135,0.9832329154014587,0.5299500226974487,0.5026029348373413,-0.15176232159137726,0.9836822152137756,0.4498344659805298,0.5065510869026184,-0.14526966214179993,0.9576783180236816,0.5309861898422241,0.5277699828147888,-0.1720460057258606,0.9586248397827148,0.44835445284843445,0.5325019359588623,-0.1650993525981903,0.9136905670166016,0.5267573595046997,0.5280492305755615,-0.19658520817756653,0.9618620276451111,0.4530982971191406,0.5326749682426453,-0.18908391892910004,0.9193121790885925,0.5251002907752991,0.5194670557975769,-0.16212958097457886,0.9523428678512573,0.4551324248313904,0.5243410468101501,-0.15550260245800018,0.9080266356468201,0.50669264793396,0.48766931891441345,-0.0002548932970967144,0.9996594190597534,0.47054269909858704,0.4891344904899597,0.00014657808060292155,0.9995504021644592,0.5073527693748474,0.6217947006225586,-0.007738783489912748,0.9817480444908142,0.47310367226600647,0.6243966221809387,0.0008536008535884321,0.9724584817886353,0.50652676820755,0.7457880973815918,0.07787508517503738,0.9819516539573669,0.47324809432029724,0.7465500235557556,0.08994238823652267,0.9629783630371094,0.504345715045929,0.7603102326393127,0.08033159375190735,0.7330242991447449,0.4750232696533203,0.7594825625419617,0.09310553967952728,0.6636407375335693,0.5035082697868347,0.7869281768798828,-0.020998142659664154,0.9693646430969238,0.4731127917766571,0.7862340807914734,-0.0031312776263803244,0.9531233310699463
sujin_stand_normal_03,258,86,8.601099744245525,29.996164173379363,10,0.489904522895813,0.2624207139015198,-0.305368036031723,0.9999955892562866,0.49463778734207153,0.25256338715553284,-0.29498451948165894,0.9999852776527405,0.49770382046699524,0.25299739837646484,-0.2949829399585724,0.9999857544898987,0.5003681778907776,0.25353649258613586,-0.29500070214271545,0.9999865889549255,0.48657235503196716,0.25226014852523804,-0.29483065009117126,0.9999819397926331,0.48394277691841125,0.2524416744709015,-0.29487961530685425,0.999981164932251,0.48217064142227173,0.2527080774307251,-0.2948891818523407,0.9999804496765137,0.5043081641197205,0.26133623719215393,-0.21607589721679688,0.9999701380729675,0.4802398383617401,0.26039406657218933,-0.2155504673719406,0.9999552965164185,0.49505794048309326,0.2764657437801361,-0.2749215364456177,0.9999935030937195,0.48460739850997925,0.27539852261543274,-0.2749328911304474,0.9999918937683105,0.5239651799201965,0.33393359184265137,-0.14841310679912567,0.9999813437461853,0.4630526900291443,0.33650803565979004,-0.14543236792087555,0.9999369382858276,0.5304621458053589,0.4257504642009735,-0.10693381726741791,0.993560791015625,0.45264869928359985,0.42681360244750977,-0.10729202628135681,0.9835083484649658,0.5298501253128052,0.5024768114089966,-0.16319628059864044,0.983734130859375,0.449881374835968,0.5071356892585754,-0.16105875372886658,0.9580106139183044,0.5309581160545349,0.5277654528617859,-0.1834588199853897,0.9585461020469666,0.4484165608882904,0.5327561497688293,-0.18161065876483917,0.9141688346862793,0.5266457796096802,0.5279894471168518,-0.2078976184129715,0.9617599248886108,0.4531062841415405,0.5330037474632263,-0.20537970960140228,0.9197378158569336,0.5249091982841492,0.5193634033203125,-0.1733553260564804,0.9522241353988647,0.45515844225883484,0.5249947905540466,-0.17124907672405243,0.9082426428794861,0.5067256689071655,0.4872014820575714,-0.0006690642912872136,0.999657928943634,0.47057226300239563,0.48912936449050903,0.0005589931970462203,0.9995429515838623,0.5073648691177368,0.6229549050331116,-0.010886418633162975,0.9816898703575134,0.47296592593193054,0.6247850656509399,0.0018343712436035275,0.9722219109535217,0.5065620541572571,0.745800256729126,0.08556888997554779,0.9815536141395569,0.47389090061187744,0.7446449995040894,0.1006251871585846,0.9622584581375122,0.5055258274078369,0.7601297497749329,0.08953544497489929,0.7300114631652832,0.4760047197341919,0.7566577196121216,0.10526081919670105,0.6612650752067566,0.5044326186180115,0.7869246602058411,-0.011617694981396198,0.9685651063919067,0.4750165045261383,0.785079836845398,0.008774733170866966,0.9520672559738159
sujin_stand_normal_03,261,87,8.70111253196931,29.996164173379363,10,0.48977646231651306,0.2624272406101227,-0.2782432436943054,0.9999956488609314,0.494523823261261,0.25254297256469727,-0.26841676235198975,0.9999855160713196,0.4975711703300476,0.25294873118400574,-0.2684169113636017,0.9999859929084778,0.500242292881012,0.25345340371131897,-0.26842746138572693,0.9999868273735046,0.48640719056129456,0.25230690836906433,-0.2679001986980438,0.9999821186065674,0.4837642312049866,0.2525021433830261,-0.26793748140335083,0.9999813437461853,0.48200723528862,0.2527768611907959,-0.2679463326931,0.999980628490448,0.5041799545288086,0.2612067461013794,-0.19366435706615448,0.9999708533287048,0.4801812767982483,0.2604052424430847,-0.19136910140514374,0.9999557137489319,0.49503186345100403,0.2764556407928467,-0.24929793179035187,0.999993622303009,0.484508216381073,0.2754252851009369,-0.24877303838729858,0.9999920129776001,0.5240715742111206,0.3338851034641266,-0.13029010593891144,0.9999816417694092,0.4630551338195801,0.33633553981781006,-0.12432726472616196,0.9999372959136963,0.5305039286613464,0.42586538195610046,-0.08936069905757904,0.9936018586158752,0.4526355564594269,0.4266546964645386,-0.08370085060596466,0.9834522604942322,0.5298998355865479,0.5024932026863098,-0.14728212356567383,0.9838225245475769,0.44973453879356384,0.5067592859268188,-0.13695526123046875,0.9580022692680359,0.5309522151947021,0.527775228023529,-0.16708822548389435,0.9587522745132446,0.4482209384441376,0.5325066447257996,-0.15618030726909637,0.9141623973846436,0.5266286730766296,0.5279339551925659,-0.1913403421640396,0.9619601368904114,0.45277494192123413,0.5327184796333313,-0.1804153025150299,0.9197648763656616,0.5248991847038269,0.5193142890930176,-0.15748721361160278,0.9524953365325928,0.4548344314098358,0.5245168209075928,-0.14735014736652374,0.9083489179611206,0.5066892504692078,0.48725223541259766,-0.000806243740953505,0.9996603727340698,0.4704512059688568,0.4891257882118225,0.0006985252257436514,0.9995444416999817,0.5073562860488892,0.6219826936721802,-0.011282945051789284,0.9818634986877441,0.47291654348373413,0.6240956783294678,0.0009132176055572927,0.9725880026817322,0.5065796971321106,0.7454093098640442,0.07964480668306351,0.9817812442779541,0.4738657772541046,0.7446433901786804,0.09466984122991562,0.9626123309135437,0.5051334500312805,0.7600748538970947,0.08252550661563873,0.731444776058197,0.47600188851356506,0.7567344903945923,0.09842362254858017,0.6630657315254211,0.5041562914848328,0.7867650985717773,-0.018009891733527184,0.9688835144042969,0.4742184281349182,0.7852826118469238,0.0033936994150280952,0.9525007605552673
sujin_stand_normal_03,264,88,8.801125319693094,29.996164173379363,10,0.4897231459617615,0.26241815090179443,-0.28332850337028503,0.9999956488609314,0.4943895936012268,0.25252649188041687,-0.2732224464416504,0.9999856948852539,0.49744072556495667,0.2529119849205017,-0.2732197940349579,0.9999861121177673,0.500188946723938,0.2534034252166748,-0.2732313871383667,0.9999869465827942,0.4862935245037079,0.25233379006385803,-0.27324897050857544,0.9999822974205017,0.4836946129798889,0.25253215432167053,-0.27329355478286743,0.9999815225601196,0.481990247964859,0.2528236508369446,-0.27330800890922546,0.9999808073043823,0.504088819026947,0.2611265778541565,-0.19649237394332886,0.9999712109565735,0.48010289669036865,0.26056379079818726,-0.19656047224998474,0.9999562501907349,0.49498051404953003,0.27640870213508606,-0.2535708546638489,0.9999937415122986,0.4844966232776642,0.27540549635887146,-0.2537592947483063,0.9999921321868896,0.5240582227706909,0.3334295153617859,-0.1305413842201233,0.9999818801879883,0.46298232674598694,0.33632877469062805,-0.12980492413043976,0.9999376535415649,0.5305044651031494,0.42510759830474854,-0.08975007385015488,0.9937143325805664,0.45255210995674133,0.4266164302825928,-0.09130894392728806,0.9838522672653198,0.5299030542373657,0.5020043253898621,-0.14767926931381226,0.9841609597206116,0.4497440457344055,0.5067534446716309,-0.1440030038356781,0.9588372707366943,0.5309574604034424,0.5274471044540405,-0.16791914403438568,0.959402322769165,0.44815924763679504,0.5324991345405579,-0.16383570432662964,0.9154744148254395,0.5266057848930359,0.5274774432182312,-0.19205424189567566,0.9625612497329712,0.4527750611305237,0.5327174663543701,-0.1879279762506485,0.9209900498390198,0.5248591899871826,0.5188793540000916,-0.1578703373670578,0.9531851410865784,0.4548536241054535,0.5245286822319031,-0.15424299240112305,0.9096687436103821,0.506735622882843,0.4868539869785309,-0.000580746156629175,0.9996579885482788,0.4705544710159302,0.4890855550765991,0.000469862949103117,0.9995397925376892,0.5073809027671814,0.6225821375846863,-0.01114883553236723,0.9818187355995178,0.47292330861091614,0.6256928443908691,0.0007303511956706643,0.9721431732177734,0.5065919756889343,0.7454370260238647,0.08042924106121063,0.9814944267272949,0.4739246666431427,0.7446699142456055,0.09450273215770721,0.9616060853004456,0.505541980266571,0.7599695920944214,0.08348467200994492,0.7293503284454346,0.4760087728500366,0.7567785382270813,0.09832322597503662,0.6580796837806702,0.5041698813438416,0.7865013480186462,-0.01748032309114933,0.9684032201766968,0.4746794104576111,0.7852669954299927,0.0023880349472165108,0.9512667059898376
sujin_stand_normal_03,267,89,8.90113810741688,29.996164173379363,10,0.48967888951301575,0.2625705599784851,-0.26945337653160095,0.9999957084655762,0.49436578154563904,0.2527705132961273,-0.2595387101173401,0.9999856948852539,0.49742767214775085,0.2532416880130768,-0.2595381438732147,0.9999861717224121,0.5001516938209534,0.25379887223243713,-0.2595425844192505,0.999987006187439,0.4862620532512665,0.25248363614082336,-0.25925204157829285,0.9999822974205017,0.4836711883544922,0.25265222787857056,-0.2592869699001312,0.9999815225601196,0.4819081425666809,0.2528960108757019,-0.2592962384223938,0.9999808073043823,0.5040643215179443,0.26134324073791504,-0.18506337702274323,0.9999713897705078,0.4800627827644348,0.26057329773902893,-0.18398594856262207,0.9999561905860901,0.49495190382003784,0.27652713656425476,-0.24064341187477112,0.9999938011169434,0.4844159781932831,0.2754913866519928,-0.24046187102794647,0.9999921321868896,0.5240629315376282,0.3335179388523102,-0.1220586821436882,0.9999820590019226,0.4629829525947571,0.3362642526626587,-0.11828238517045975,0.9999381899833679,0.5305072069168091,0.42544135451316833,-0.08025981485843658,0.9937282800674438,0.452543169260025,0.4264965057373047,-0.07745257019996643,0.9837601780891418,0.529913067817688,0.5021076202392578,-0.13754834234714508,0.9842164516448975,0.4496263861656189,0.5066490173339844,-0.12969359755516052,0.9588868021965027,0.5309540033340454,0.5275546908378601,-0.1570606231689453,0.9595609307289124,0.44808343052864075,0.5324450731277466,-0.14860078692436218,0.9156515002250671,0.5265971422195435,0.5275135040283203,-0.18096677958965302,0.962702214717865,0.452628493309021,0.5325936079025269,-0.17266005277633667,0.9211575984954834,0.5248484015464783,0.5189046263694763,-0.14762909710407257,0.9534074068069458,0.4546644389629364,0.5243390798568726,-0.1399543732404709,0.9099583029747009,0.5067155361175537,0.487213134765625,-0.0005920110270380974,0.9996602535247803,0.47047069668769836,0.48916178941726685,0.0004824409552384168,0.9995424151420593,0.5074223875999451,0.6221057772636414,-0.00897581409662962,0.9819232225418091,0.47290706634521484,0.6250709891319275,0.0007220709230750799,0.9724599719047546,0.506598711013794,0.7450937628746033,0.07989060878753662,0.9816298484802246,0.473842054605484,0.7443188428878784,0.09311454743146896,0.9618952870368958,0.5049383044242859,0.7599601149559021,0.08256164193153381,0.7307793498039246,0.4759151339530945,0.7562392354011536,0.09667637199163437,0.6598778963088989,0.5041221380233765,0.7864890098571777,-0.017488865181803703,0.968633770942688,0.4738774001598358,0.7852742671966553,0.002308445516973734,0.9516469836235046
sujin_stand_normal_03,270,90,9.001150895140665,29.996164173379363,10,0.4895005524158478,0.26266273856163025,-0.27339932322502136,0.999995768070221,0.4943070411682129,0.2527780532836914,-0.2633737623691559,0.999985933303833,0.49730440974235535,0.2532427906990051,-0.2633727788925171,0.9999864101409912,0.5000847578048706,0.25378671288490295,-0.26337960362434387,0.9999872446060181,0.48613399267196655,0.2524898648262024,-0.26316243410110474,0.9999825954437256,0.4835701286792755,0.2526622712612152,-0.26319998502731323,0.9999818205833435,0.48188355565071106,0.25290676951408386,-0.26320967078208923,0.9999811053276062,0.5039889216423035,0.2613418698310852,-0.1871344894170761,0.9999718070030212,0.480024129152298,0.26072365045547485,-0.18718388676643372,0.9999567270278931,0.4946421682834625,0.2766030728816986,-0.24423342943191528,0.9999939203262329,0.4842972159385681,0.27562201023101807,-0.24417619407176971,0.9999922513961792,0.5238287448883057,0.33332744240760803,-0.12291178852319717,0.9999823570251465,0.4629775881767273,0.3364526331424713,-0.12062661349773407,0.9999384880065918,0.5303729176521301,0.42532843351364136,-0.0833413377404213,0.9938263297080994,0.45254620909690857,0.42665401101112366,-0.07784271985292435,0.9838100671768188,0.5298260450363159,0.5018578767776489,-0.13880854845046997,0.984573245048523,0.44981783628463745,0.5067815780639648,-0.13282835483551025,0.959269106388092,0.5309538245201111,0.5271176099777222,-0.15880519151687622,0.9602853059768677,0.44818612933158875,0.5324491858482361,-0.1521754115819931,0.9162638187408447,0.5265751481056213,0.5271803736686707,-0.18335790932178497,0.9633939862251282,0.45290231704711914,0.5326051712036133,-0.17622753977775574,0.9217402935028076,0.5247957706451416,0.5186554789543152,-0.14936646819114685,0.9542108178138733,0.45499804615974426,0.5244520306587219,-0.1431620866060257,0.9106490612030029,0.5067448019981384,0.48582831025123596,-0.0008576121763326228,0.9996641278266907,0.470773309469223,0.4885830879211426,0.0007425516960211098,0.9995457530021667,0.5073632597923279,0.6218337416648865,-0.012969129718840122,0.9818087220191956,0.4729577898979187,0.6250702738761902,0.0003852664667647332,0.9718805551528931,0.5065850615501404,0.7446190714836121,0.06698502600193024,0.9816139340400696,0.4736003875732422,0.7443668842315674,0.0862405002117157,0.961449921131134,0.5049481391906738,0.7599377036094666,0.06894402205944061,0.7331642508506775,0.4758754372596741,0.7566899061203003,0.08924677968025208,0.6584604978561401,0.5043556094169617,0.785313606262207,-0.029336167499423027,0.9685935974121094,0.47382086515426636,0.7845884561538696,-0.004010077100247145,0.9510550498962402
sujin_stand_normal_03,273,91,9.10116368286445,29.996164173379363,10,0.48948654532432556,0.262765496969223,-0.2796245515346527,0.9999958276748657,0.49428653717041016,0.2529571056365967,-0.27019137144088745,0.9999860525131226,0.49728748202323914,0.25345394015312195,-0.27018609642982483,0.9999865293502808,0.5000655055046082,0.2540378272533417,-0.2701965570449829,0.9999873638153076,0.4861200749874115,0.25266551971435547,-0.26964375376701355,0.9999827742576599,0.48355260491371155,0.2528248727321625,-0.26968494057655334,0.9999819993972778,0.48185524344444275,0.25304168462753296,-0.2696923017501831,0.9999813437461853,0.503966748714447,0.2615013122558594,-0.19587227702140808,0.9999722838401794,0.4800010323524475,0.26073986291885376,-0.19386468827724457,0.9999571442604065,0.49464166164398193,0.27671122550964355,-0.25080588459968567,0.9999939799308777,0.48428118228912354,0.27567481994628906,-0.25031453371047974,0.999992311000824,0.5239088535308838,0.33340707421302795,-0.13117505609989166,0.9999823570251465,0.46297487616539,0.3364318609237671,-0.12526005506515503,0.9999391436576843,0.5305160880088806,0.42550256848335266,-0.08846898376941681,0.9938967823982239,0.4524965286254883,0.4266572892665863,-0.0796908438205719,0.9838253855705261,0.5298367738723755,0.5024808645248413,-0.14172597229480743,0.9845442771911621,0.44983145594596863,0.506804883480072,-0.13342832028865814,0.9592517018318176,0.5309431552886963,0.527866780757904,-0.1607491374015808,0.9601277112960815,0.4481864869594574,0.5325782299041748,-0.15239015221595764,0.9162434935569763,0.526561975479126,0.5276422500610352,-0.18513081967830658,0.9632359147071838,0.45290592312812805,0.5326720476150513,-0.17664407193660736,0.9217232465744019,0.5248000621795654,0.5189981460571289,-0.1518261879682541,0.9540303945541382,0.4550064206123352,0.5244842767715454,-0.14379216730594635,0.9106065034866333,0.5067459940910339,0.4859798848628998,-0.0009134970605373383,0.9996631741523743,0.47072917222976685,0.48856914043426514,0.0007994147599674761,0.9995461702346802,0.5075045824050903,0.6214184165000916,-0.009851513430476189,0.98175448179245,0.47292250394821167,0.6249718070030212,0.0006357922102324665,0.9721510410308838,0.5067277550697327,0.7439541220664978,0.06970998644828796,0.981585681438446,0.47352609038352966,0.743439257144928,0.08692478388547897,0.9615763425827026,0.5048937201499939,0.7599202394485474,0.07111682742834091,0.7328730225563049,0.47542956471443176,0.7560276985168457,0.09013831615447998,0.6590054035186768,0.5041956305503845,0.7853575348854065,-0.02678334154188633,0.9685040712356567,0.4728713631629944,0.7846976518630981,-0.0036561337765306234,0.9510690569877625
sujin_stand_normal_03,276,92,9.201176470588235,29.996164173379363,10,0.4894367456436157,0.26266786456108093,-0.28390535712242126,0.9999959468841553,0.49421659111976624,0.2527099549770355,-0.27442044019699097,0.9999864101409912,0.49721816182136536,0.2531178295612335,-0.2744157910346985,0.9999868869781494,0.5000215768814087,0.25364741683006287,-0.2744269371032715,0.9999876618385315,0.4860897660255432,0.252643883228302,-0.2735501527786255,0.9999831914901733,0.4835154712200165,0.25280874967575073,-0.2735903859138489,0.9999824166297913,0.48184141516685486,0.2530391812324524,-0.2735961377620697,0.9999818205833435,0.5039511919021606,0.26117461919784546,-0.19997109472751617,0.9999730587005615,0.47998788952827454,0.2607133388519287,-0.1962912380695343,0.9999580383300781,0.4946335256099701,0.27652934193611145,-0.25503572821617126,0.999994158744812,0.48426681756973267,0.2756063938140869,-0.2540826201438904,0.9999924898147583,0.5240752696990967,0.3333938717842102,-0.13625803589820862,0.9999825954437256,0.462966650724411,0.3362344205379486,-0.1270882487297058,0.9999402761459351,0.5305536389350891,0.4254377782344818,-0.09527640789747238,0.9939589500427246,0.4524920582771301,0.42654210329055786,-0.08432010561227798,0.9840309619903564,0.5298488736152649,0.5024473071098328,-0.1510404795408249,0.9845742583274841,0.4498537480831146,0.5068153142929077,-0.13891004025936127,0.9598115682601929,0.5309507250785828,0.527701735496521,-0.17094439268112183,0.9601300954818726,0.4482201933860779,0.5325607061386108,-0.15845392644405365,0.9171804785728455,0.5265522599220276,0.527475893497467,-0.1950749009847641,0.9632286429405212,0.4529948830604553,0.5326172709465027,-0.1823827475309372,0.9225966334342957,0.524795651435852,0.5188778638839722,-0.16107292473316193,0.9540323615074158,0.4550992548465729,0.5244767665863037,-0.14917707443237305,0.9115321636199951,0.5067466497421265,0.48601865768432617,-0.0018295417539775372,0.9996690154075623,0.47071316838264465,0.4886142909526825,0.001715257647447288,0.9995533227920532,0.5074743628501892,0.6214532256126404,-0.011085129342973232,0.9819706678390503,0.47291654348373413,0.6249740719795227,0.0027049207128584385,0.9726769328117371,0.5066632628440857,0.7440369129180908,0.07598980516195297,0.9818608164787292,0.4734891653060913,0.7436562776565552,0.09564215689897537,0.962323784828186,0.5048069357872009,0.7591184377670288,0.07884398102760315,0.7355477809906006,0.47536954283714294,0.7560185790061951,0.09956129640340805,0.6634838581085205,0.5041508674621582,0.7855042815208435,-0.020089412108063698,0.9689747095108032,0.472775399684906,0.7850369215011597,0.005891424138098955,0.9519209265708923
sujin_stand_normal_03,279,93,9.301189258312021,29.996164173379363,10,0.4893256723880768,0.26228663325309753,-0.280242383480072,0.9999960064888,0.49416249990463257,0.25225940346717834,-0.27080681920051575,0.9999865889549255,0.4971359670162201,0.25267142057418823,-0.27080485224723816,0.9999870657920837,0.4999760389328003,0.25318464636802673,-0.2708197236061096,0.9999878406524658,0.4860127866268158,0.2521606683731079,-0.2698173522949219,0.9999834299087524,0.48344045877456665,0.2523549199104309,-0.2698569595813751,0.9999826550483704,0.4817989468574524,0.2526235282421112,-0.2698623239994049,0.9999820590019226,0.5039128661155701,0.2610091269016266,-0.1976443976163864,0.999973475933075,0.4798958897590637,0.2606102526187897,-0.1931818425655365,0.9999583959579468,0.4944569766521454,0.27625200152397156,-0.25192466378211975,0.9999942183494568,0.4841788709163666,0.27538150548934937,-0.2507633864879608,0.9999925494194031,0.5241382718086243,0.3333352208137512,-0.1358969807624817,0.9999827742576599,0.4629487097263336,0.3362290859222412,-0.12569426000118256,0.9999409914016724,0.5305932760238647,0.4254341721534729,-0.0949961468577385,0.9940006732940674,0.45261460542678833,0.4265652894973755,-0.08478245139122009,0.9839672446250916,0.5298807621002197,0.5021648406982422,-0.1507338434457779,0.984474241733551,0.44994449615478516,0.5068787932395935,-0.1386905163526535,0.9599868059158325,0.5309609770774841,0.5275606513023376,-0.17048870027065277,0.9598503708839417,0.44825220108032227,0.5325602889060974,-0.15795834362506866,0.9175282120704651,0.5265452265739441,0.5273661017417908,-0.1943405121564865,0.9629736542701721,0.4530073404312134,0.5326161980628967,-0.18202562630176544,0.9229472279548645,0.5247973799705505,0.5187865495681763,-0.1606532484292984,0.953741192817688,0.4551160931587219,0.524513304233551,-0.1490047574043274,0.9119277596473694,0.5068305730819702,0.4858958423137665,-0.002820159075781703,0.9996712803840637,0.4707508385181427,0.4883342683315277,0.002703396137803793,0.9995543360710144,0.5074135661125183,0.6203851699829102,-0.016534892842173576,0.9816555380821228,0.4729136824607849,0.6234445571899414,0.0023489089217036963,0.9720264673233032,0.506584107875824,0.7443026900291443,0.06025112420320511,0.9817709922790527,0.47350507974624634,0.7435252666473389,0.08733812719583511,0.9618322253227234,0.5045074820518494,0.759990394115448,0.06175456568598747,0.7349421381950378,0.47544097900390625,0.7560876607894897,0.09026605635881424,0.664330244064331,0.5041956305503845,0.7855446338653564,-0.03733525052666664,0.9687742590904236,0.4727270305156708,0.7846347093582153,-0.0017878732178360224,0.9515063762664795
sujin_stand_normal_03,282,94,9.401202046035806,29.996164173379363,10,0.48929980397224426,0.26229122281074524,-0.26152580976486206,0.999995768070221,0.49409979581832886,0.2522538900375366,-0.2521851658821106,0.9999857544898987,0.4971156120300293,0.25266504287719727,-0.2521877586841583,0.9999862909317017,0.4999515116214752,0.253176748752594,-0.25219669938087463,0.9999871850013733,0.48596981167793274,0.2521904706954956,-0.25121891498565674,0.9999822974205017,0.4834079146385193,0.2523702085018158,-0.25125059485435486,0.9999814629554749,0.4817746579647064,0.2526382803916931,-0.25125956535339355,0.9999807476997375,0.503896176815033,0.26098108291625977,-0.18104879558086395,0.9999724626541138,0.47988638281822205,0.2606111168861389,-0.17650523781776428,0.9999549388885498,0.4944487512111664,0.2762472927570343,-0.23390831053256989,0.9999939799308777,0.48415935039520264,0.27538782358169556,-0.23275500535964966,0.9999920725822449,0.524232029914856,0.3331362009048462,-0.12186823785305023,0.9999826550483704,0.4629528224468231,0.3361055850982666,-0.110242560505867,0.9999392032623291,0.5308107137680054,0.42521756887435913,-0.08099755644798279,0.9941113591194153,0.45281898975372314,0.426485151052475,-0.06704354286193848,0.9831883907318115,0.5300593972206116,0.5021846294403076,-0.13476909697055817,0.9847210645675659,0.45005694031715393,0.5068027377128601,-0.11777124553918839,0.9589654207229614,0.531045138835907,0.5275714993476868,-0.15367917716503143,0.960491418838501,0.44830530881881714,0.5325589179992676,-0.13575536012649536,0.9161874651908875,0.5265617966651917,0.5273579955101013,-0.17699949443340302,0.9635496735572815,0.4530441164970398,0.5326151847839355,-0.159837007522583,0.9216663837432861,0.5248597264289856,0.5187767744064331,-0.14434973895549774,0.9544469118118286,0.45518189668655396,0.5244985818862915,-0.12808732688426971,0.9106372594833374,0.5069530010223389,0.48591890931129456,-0.003203905653208494,0.9996633529663086,0.4707430303096771,0.4882681965827942,0.0031004766933619976,0.9995452761650085,0.5074719786643982,0.6203722357749939,-0.015355998650193214,0.9815535545349121,0.4728212356567383,0.6236967444419861,0.0023271054960787296,0.9719988107681274,0.5070167183876038,0.7438753843307495,0.0623011440038681,0.9815449118614197,0.4733563959598541,0.7436190843582153,0.0822063460946083,0.961465060710907,0.5048964619636536,0.759889543056488,0.06379225850105286,0.7304551601409912,0.47540462017059326,0.7566725015640259,0.08458732068538666,0.6634414196014404,0.5040667057037354,0.7856460213661194,-0.03454984351992607,0.9683061838150024,0.47219082713127136,0.7846354842185974,-0.007423290051519871,0.9508956670761108
sujin_stand_normal_03,285,95,9.50121483375959,29.996164173379363,10,0.4892854690551758,0.26249074935913086,-0.26437869668006897,0.9999957084655762,0.49408093094825745,0.25254034996032715,-0.25528189539909363,0.9999855160713196,0.49709799885749817,0.2529447376728058,-0.2552722990512848,0.9999861121177673,0.4999334514141083,0.25348445773124695,-0.2552585005760193,0.999987006187439,0.4859514832496643,0.25245341658592224,-0.25512224435806274,0.9999819993972778,0.48339423537254333,0.2526068687438965,-0.25515681505203247,0.999981164932251,0.48175689578056335,0.252829909324646,-0.25517651438713074,0.9999804496765137,0.5038817524909973,0.2610633969306946,-0.182753786444664,0.9999721646308899,0.47987744212150574,0.26064902544021606,-0.17912372946739197,0.9999542236328125,0.49444252252578735,0.276371031999588,-0.2342555969953537,0.9999939203262329,0.48414745926856995,0.2754681706428528,-0.23445846140384674,0.9999920129776001,0.5242404341697693,0.332914799451828,-0.12379495054483414,0.9999827146530151,0.4628590941429138,0.3360598385334015,-0.11206687986850739,0.9999397397041321,0.5308398604393005,0.4250611662864685,-0.0823526456952095,0.9941532611846924,0.45281222462654114,0.42643895745277405,-0.06917839497327805,0.9831910133361816,0.5301544070243835,0.5021971464157104,-0.13762184977531433,0.9848548173904419,0.4499930143356323,0.5068052411079407,-0.11829014122486115,0.9591385126113892,0.5311414003372192,0.5275754928588867,-0.15667276084423065,0.9607812762260437,0.44824841618537903,0.532545268535614,-0.13812856376171112,0.9165407419204712,0.526626467704773,0.5273581147193909,-0.17943696677684784,0.9638123512268066,0.45296525955200195,0.5325950980186462,-0.16356702148914337,0.9220024943351746,0.5249365568161011,0.5187697410583496,-0.14709003269672394,0.9547779560089111,0.4551083743572235,0.5244748592376709,-0.12913066148757935,0.9110062122344971,0.5069172978401184,0.48638227581977844,-0.0020043286494910717,0.9996619820594788,0.4706486165523529,0.488422691822052,0.0019000218017026782,0.9995467066764832,0.5074447393417358,0.6211526989936829,-0.009573510847985744,0.981856644153595,0.4728240668773651,0.6240968108177185,0.0019669816829264164,0.9727004170417786,0.5070320963859558,0.7442237734794617,0.07849829643964767,0.9817861318588257,0.47341427206993103,0.744287371635437,0.08913744240999222,0.9621506333351135,0.504838228225708,0.7597216367721558,0.0811593309044838,0.7322888970375061,0.4755357503890991,0.7569392323493958,0.09247466921806335,0.6657108068466187,0.504062294960022,0.7859246730804443,-0.01913205161690712,0.9687777161598206,0.4724200665950775,0.7853841781616211,-0.0025815328117460012,0.9516737461090088
sujin_stand_normal_03,288,96,9.601227621483376,29.996164173379363,10,0.4892722964286804,0.26254141330718994,-0.29220789670944214,0.999995768070221,0.49406081438064575,0.25258609652519226,-0.2830105721950531,0.9999856948852539,0.4970844089984894,0.2529904246330261,-0.2830048203468323,0.9999862313270569,0.49991798400878906,0.2535364329814911,-0.2830207049846649,0.9999871253967285,0.4859391152858734,0.2525198757648468,-0.2822830080986023,0.9999822974205017,0.4833851754665375,0.25265729427337646,-0.2823267877101898,0.9999814033508301,0.4817335307598114,0.252860426902771,-0.2823348045349121,0.9999807476997375,0.5038639307022095,0.2610926628112793,-0.2074260264635086,0.999972403049469,0.4798661470413208,0.2606254518032074,-0.20404745638370514,0.9999548196792603,0.4944378435611725,0.27639421820640564,-0.26245811581611633,0.9999939799308777,0.4841167628765106,0.2754715383052826,-0.26171138882637024,0.9999920725822449,0.5242737531661987,0.3329003155231476,-0.14172859489917755,0.9999827146530151,0.4627836346626282,0.33602282404899597,-0.13223955035209656,0.9999406933784485,0.5308480262756348,0.4250361919403076,-0.1013321802020073,0.9942142367362976,0.45281001925468445,0.4265076518058777,-0.09174100309610367,0.983424186706543,0.5301762819290161,0.5021393299102783,-0.1583264023065567,0.9849124550819397,0.4500895142555237,0.5068492293357849,-0.14566023647785187,0.959710419178009,0.5311899781227112,0.5274971723556519,-0.17889663577079773,0.9608019590377808,0.44839295744895935,0.5325442552566528,-0.16549529135227203,0.9174507260322571,0.5266318917274475,0.5273095965385437,-0.20309901237487793,0.9638194441795349,0.4532829523086548,0.5325884819030762,-0.1900765299797058,0.9228453636169434,0.5249397158622742,0.5187393426895142,-0.16842439770698547,0.9547577500343323,0.4553832709789276,0.5244976282119751,-0.15611505508422852,0.9118393063545227,0.5070201754570007,0.4863675832748413,-0.0026714897248893976,0.9996609091758728,0.4708068072795868,0.4884272813796997,0.0025641031097620726,0.9995478391647339,0.5074442028999329,0.6215645670890808,-0.009728517383337021,0.9817282557487488,0.4727807343006134,0.6250553727149963,0.005613339599221945,0.972558319568634,0.5066832900047302,0.7445416450500488,0.07647596299648285,0.9816660284996033,0.47338324785232544,0.7463018298149109,0.09482967108488083,0.9621527194976807,0.5044946074485779,0.7600677609443665,0.07889873534440994,0.7329272627830505,0.4755640923976898,0.759430468082428,0.09821510314941406,0.6682331562042236,0.5041132569313049,0.785984456539154,-0.020937493070960045,0.9686945080757141,0.4721930921077728,0.7858567833900452,0.003916546236723661,0.9516885876655579
sujin_stand_normal_03,291,97,9.701240409207161,29.996164173379363,10,0.48925694823265076,0.26254838705062866,-0.27284324169158936,0.9999957084655762,0.49404728412628174,0.2525905966758728,-0.2631467878818512,0.9999854564666748,0.4970795810222626,0.2529974579811096,-0.2631431818008423,0.9999860525131226,0.49990159273147583,0.2535479664802551,-0.26314908266067505,0.9999869465827942,0.4859338104724884,0.252536416053772,-0.262830525636673,0.9999819993972778,0.48337575793266296,0.252674400806427,-0.2628677487373352,0.999981164932251,0.4817202389240265,0.25287604331970215,-0.26287758350372314,0.9999805092811584,0.5038520097732544,0.26109421253204346,-0.18889717757701874,0.9999720454216003,0.4798588454723358,0.26062533259391785,-0.18753021955490112,0.9999542832374573,0.49443715810775757,0.27639254927635193,-0.24398238956928253,0.9999939203262329,0.484106183052063,0.2754632234573364,-0.24373336136341095,0.9999920129776001,0.5242435932159424,0.3328537046909332,-0.12517601251602173,0.9999826550483704,0.4627591669559479,0.3359614312648773,-0.12080473452806473,0.9999406933784485,0.5308430790901184,0.42504942417144775,-0.08261511474847794,0.9942436814308167,0.4528307020664215,0.42650675773620605,-0.0793643444776535,0.98357093334198,0.5301966667175293,0.5022158026695251,-0.13928012549877167,0.9850994348526001,0.4501422941684723,0.5068216323852539,-0.13083425164222717,0.9601448774337769,0.5313058495521545,0.5276078581809998,-0.15869492292404175,0.9612602591514587,0.44843852519989014,0.5325515866279602,-0.14985719323158264,0.9181894659996033,0.5266546010971069,0.52767014503479,-0.18299224972724915,0.9642509818077087,0.4533514976501465,0.532578706741333,-0.1736932396888733,0.9235482215881348,0.5249790549278259,0.5191047787666321,-0.14948639273643494,0.9553303718566895,0.4554707407951355,0.5244067311286926,-0.14094047248363495,0.9126468896865845,0.5070294737815857,0.4865013360977173,-0.0017943326383829117,0.9996595978736877,0.4707919657230377,0.48841604590415955,0.0016915316227823496,0.9995482563972473,0.5074270963668823,0.6217845678329468,-0.009443930350244045,0.9817531704902649,0.4727413058280945,0.6248833537101746,0.0009961148025467992,0.9729049205780029,0.5067225694656372,0.7442657947540283,0.07932305335998535,0.9815635085105896,0.47337988018989563,0.7451831698417664,0.09151510894298553,0.9622955322265625,0.504506528377533,0.7584540247917175,0.0821051299571991,0.7313336730003357,0.47509968280792236,0.7576567530632019,0.09506461024284363,0.6675569415092468,0.5038750767707825,0.7860090732574463,-0.017090147361159325,0.9685609340667725,0.4724421799182892,0.7858542203903198,0.00046896195271983743,0.9517757296562195
sujin_stand_normal_03,294,98,9.801253196930947,29.996164173379363,10,0.4892478585243225,0.2619389593601227,-0.27857083082199097,0.9999958276748657,0.4940546452999115,0.2519892752170563,-0.26869645714759827,0.9999858736991882,0.49707919359207153,0.2524726390838623,-0.2686924636363983,0.9999864101409912,0.49989041686058044,0.2530626654624939,-0.26870444416999817,0.9999873042106628,0.48594945669174194,0.25192737579345703,-0.26808804273605347,0.9999824166297913,0.48336952924728394,0.25210461020469666,-0.2681258022785187,0.9999815821647644,0.48171234130859375,0.25242090225219727,-0.26812997460365295,0.9999809861183167,0.503865659236908,0.2610235810279846,-0.19415195286273956,0.999972939491272,0.47985342144966125,0.26050543785095215,-0.1916063129901886,0.9999552965164185,0.4944342076778412,0.2759518623352051,-0.24976466596126556,0.9999940991401672,0.4840923249721527,0.2750318646430969,-0.2491721659898758,0.9999921917915344,0.5243547558784485,0.3328690230846405,-0.13162489235401154,0.9999828934669495,0.4627560079097748,0.33594855666160583,-0.1229950413107872,0.9999409317970276,0.530951976776123,0.4251684546470642,-0.08953588455915451,0.9943329095840454,0.4528336226940155,0.4262952208518982,-0.08072426915168762,0.9835504293441772,0.5302071571350098,0.5022785663604736,-0.14423897862434387,0.985231339931488,0.45014485716819763,0.5064696669578552,-0.13279761373996735,0.9600775241851807,0.5313118696212769,0.5276474952697754,-0.16330964863300323,0.9615303874015808,0.44843345880508423,0.5322356820106506,-0.1520533412694931,0.918076753616333,0.5266473293304443,0.5277070999145508,-0.18781158328056335,0.9644848108291626,0.4532789885997772,0.5322373509407043,-0.17574948072433472,0.9234426021575928,0.5249821543693542,0.5191482305526733,-0.15430456399917603,0.955625593662262,0.4554120898246765,0.5239371061325073,-0.14293718338012695,0.9124851226806641,0.5068918466567993,0.48650965094566345,-0.001958998152986169,0.9996635913848877,0.4706900417804718,0.4883243143558502,0.0018521492602303624,0.9995518922805786,0.5073775053024292,0.6217864155769348,-0.010121959261596203,0.9819961786270142,0.4725528061389923,0.6242334246635437,0.0010454569710418582,0.9735732674598694,0.506732165813446,0.7442629933357239,0.07953455299139023,0.9818477630615234,0.47340336441993713,0.7451357841491699,0.09274221956729889,0.9631282687187195,0.5045254826545715,0.7581595182418823,0.08244491368532181,0.7325594425201416,0.47531071305274963,0.7576239705085754,0.09636666625738144,0.671038031578064,0.5038400888442993,0.7861990332603455,-0.01738334260880947,0.9690066576004028,0.4725480377674103,0.7859814167022705,0.0016852164408192039,0.9526786804199219
sujin_stand_normal_03,297,99,9.901265984654732,29.996164173379363,10,0.4892016649246216,0.26180973649024963,-0.28495872020721436,0.999995768070221,0.49399659037590027,0.2518353760242462,-0.27545270323753357,0.9999857544898987,0.49704408645629883,0.25232061743736267,-0.2754497230052948,0.9999862909317017,0.4998813271522522,0.25293949246406555,-0.27546873688697815,0.9999871850013733,0.4859115481376648,0.25184109807014465,-0.2746967673301697,0.9999823570251465,0.48335206508636475,0.25201109051704407,-0.2747403681278229,0.9999815225601196,0.4817032217979431,0.2523382902145386,-0.27474847435951233,0.9999808669090271,0.5038645267486572,0.26094576716423035,-0.20154322683811188,0.9999727010726929,0.47984927892684937,0.2604800760746002,-0.19831885397434235,0.9999550580978394,0.4943980872631073,0.27588126063346863,-0.25630560517311096,0.9999940395355225,0.48408326506614685,0.27496030926704407,-0.25551649928092957,0.9999920725822449,0.5244432091712952,0.3329909145832062,-0.1382216513156891,0.9999825954437256,0.4627417027950287,0.3359317481517792,-0.12999802827835083,0.9999408721923828,0.5309457182884216,0.42524364590644836,-0.09741595387458801,0.9943390488624573,0.4528373181819916,0.42624351382255554,-0.08996527642011642,0.9834616780281067,0.5301319360733032,0.5022590756416321,-0.15147872269153595,0.9850459694862366,0.4502531588077545,0.5064278841018677,-0.14130502939224243,0.9600138068199158,0.5311627388000488,0.5276292562484741,-0.17103448510169983,0.961023211479187,0.4484714865684509,0.5321050882339478,-0.16020579636096954,0.9179890751838684,0.5265036821365356,0.5275532603263855,-0.19454655051231384,0.9640028476715088,0.45330244302749634,0.5321406126022339,-0.1842001974582672,0.9233495593070984,0.5248525142669678,0.5189963579177856,-0.1612149178981781,0.9550304412841797,0.45544007420539856,0.5239487886428833,-0.15154463052749634,0.9123910665512085,0.5069490671157837,0.48598700761795044,-0.0026780751068145037,0.9996576309204102,0.47078099846839905,0.48786869645118713,0.0025621247477829456,0.9995425343513489,0.5073818564414978,0.6217381954193115,-0.013738442212343216,0.9813940525054932,0.472737193107605,0.6242822408676147,0.0024525076150894165,0.9721664786338806,0.5068133473396301,0.7447319626808167,0.062121447175741196,0.9812188744544983,0.47365719079971313,0.7447400689125061,0.08840911090373993,0.9611870646476746,0.5052431225776672,0.7604644298553467,0.06355959922075272,0.7281922698020935,0.4755568504333496,0.7575427293777466,0.0912926197052002,0.666353166103363,0.5039035081863403,0.7857577204704285,-0.035596780478954315,0.9678512811660767,0.4735693633556366,0.7823748588562012,-0.0016086247051134706,0.950498640537262
sujin_stand_normal_03,300,100,10.001278772378516,29.996164173379363,10,0.4891943633556366,0.26180893182754517,-0.26983708143234253,0.9999955892562866,0.4939919710159302,0.2518375515937805,-0.2600136995315552,0.9999851584434509,0.49705031514167786,0.2523266673088074,-0.2600148916244507,0.9999857544898987,0.4998772442340851,0.25294947624206543,-0.26002439856529236,0.9999867081642151,0.4859078824520111,0.2518482208251953,-0.25949740409851074,0.9999816417694092,0.48334643244743347,0.252013623714447,-0.2595342695713043,0.9999807476997375,0.48169657588005066,0.2523367404937744,-0.2595459222793579,0.999980092048645,0.5038636922836304,0.26093921065330505,-0.1867467612028122,0.9999717473983765,0.47984543442726135,0.26042959094047546,-0.18431203067302704,0.9999532103538513,0.4944106340408325,0.2758762538433075,-0.24154382944107056,0.9999938607215881,0.48407208919525146,0.2749534249305725,-0.24098867177963257,0.9999918341636658,0.5244200825691223,0.33298996090888977,-0.12553514540195465,0.9999821186065674,0.4627304673194885,0.33584702014923096,-0.11871736496686935,0.9999394416809082,0.5309937596321106,0.42525091767311096,-0.08492790162563324,0.9943556189537048,0.45278725028038025,0.42629867792129517,-0.07722952961921692,0.9832831025123596,0.5301333665847778,0.502490222454071,-0.14077168703079224,0.9850541949272156,0.45025834441185,0.5064857006072998,-0.1286257654428482,0.959806501865387,0.5311537384986877,0.5280485153198242,-0.1603698432445526,0.9610942006111145,0.4484740197658539,0.5322909355163574,-0.14750687777996063,0.9177709817886353,0.5265018343925476,0.5280216932296753,-0.183889701962471,0.9640412926673889,0.45338085293769836,0.5322985053062439,-0.1715586632490158,0.9231254458427429,0.5248600840568542,0.5192775726318359,-0.1505773812532425,0.9550873637199402,0.45552438497543335,0.524051308631897,-0.13888157904148102,0.9121909737586975,0.5069114565849304,0.48662251234054565,-0.002568761585280299,0.9996490478515625,0.4705458879470825,0.48810747265815735,0.0024595893919467926,0.9995343685150146,0.5077987313270569,0.6217204928398132,-0.008019042201340199,0.9814862608909607,0.47257691621780396,0.6248893141746521,0.0026102440897375345,0.9724670052528381,0.506962239742279,0.7438604831695557,0.07415265589952469,0.9811528325080872,0.4736567437648773,0.7443116903305054,0.08905526250600815,0.9612175822257996,0.5051577091217041,0.7596871852874756,0.07616115361452103,0.7266169786453247,0.475636750459671,0.7573621273040771,0.09202102571725845,0.6662026643753052,0.504014253616333,0.7861332297325134,-0.022457117214798927,0.9676348567008972,0.4729522168636322,0.7832835912704468,-0.0010849590180441737,0.9503499269485474
sujin_stand_normal_03,303,101,10.101291560102302,29.996164173379363,10,0.4891781806945801,0.261710524559021,-0.28563234210014343,0.9999957084655762,0.4939919412136078,0.25173935294151306,-0.27577635645866394,0.9999855756759644,0.49704185128211975,0.25221049785614014,-0.2757740914821625,0.9999861121177673,0.49985864758491516,0.25272685289382935,-0.2757905125617981,0.9999870657920837,0.4858854413032532,0.25158512592315674,-0.27517926692962646,0.9999821782112122,0.48330217599868774,0.25176694989204407,-0.27522149682044983,0.9999812841415405,0.48163315653800964,0.25207585096359253,-0.2752265930175781,0.999980628490448,0.5038554072380066,0.26089388132095337,-0.20126651227474213,0.9999723434448242,0.47970113158226013,0.2604333758354187,-0.198891744017601,0.999954342842102,0.4942995607852936,0.27583831548690796,-0.25693437457084656,0.9999940395355225,0.4840143024921417,0.2749406099319458,-0.25637537240982056,0.9999920129776001,0.5243117809295654,0.3329295814037323,-0.1386982649564743,0.9999824166297913,0.4627247750759125,0.3359445631504059,-0.13105745613574982,0.9999397993087769,0.5307736396789551,0.4252488315105438,-0.09837744385004044,0.9944543838500977,0.4527829587459564,0.4264485239982605,-0.09287728369235992,0.983426570892334,0.5300114154815674,0.5023791790008545,-0.1510951668024063,0.9852752089500427,0.4502878189086914,0.5067811012268066,-0.14428572356700897,0.9601713418960571,0.5310928821563721,0.5280085802078247,-0.17071004211902618,0.9614973068237305,0.4485113322734833,0.5323423743247986,-0.1632326990365982,0.9183132648468018,0.5264726281166077,0.5278822183609009,-0.19403688609600067,0.9644200801849365,0.4534568786621094,0.5323588848114014,-0.18734391033649445,0.9236278533935547,0.5247997641563416,0.5191947221755981,-0.16074024140834808,0.9555324912071228,0.4555833637714386,0.5242746472358704,-0.15455059707164764,0.9127321243286133,0.5068973898887634,0.4858105182647705,-0.0029682812746614218,0.9996550679206848,0.47070828080177307,0.48798561096191406,0.0028507320675998926,0.9995373487472534,0.5075315237045288,0.6208953857421875,-0.011663337238132954,0.9812859296798706,0.47258394956588745,0.6237946152687073,0.004167237319052219,0.9717876315116882,0.5066820979118347,0.743859589099884,0.06587287038564682,0.9811545610427856,0.4736785888671875,0.7438675165176392,0.08985371142625809,0.9608057141304016,0.5046604871749878,0.7597904205322266,0.06747467070817947,0.7277182340621948,0.475717157125473,0.7570875883102417,0.09283122420310974,0.6665462851524353,0.5040262341499329,0.7856513261795044,-0.030970165506005287,0.9675846695899963,0.4727760851383209,0.7832959294319153,0.0005958637921139598,0.9500302672386169
sujin_stand_normal_03,306,102,10.201304347826087,29.996164173379363,10,0.48917973041534424,0.2613743245601654,-0.2682519555091858,0.9999957084655762,0.4940483272075653,0.2514181137084961,-0.2582080364227295,0.9999854564666748,0.49708330631256104,0.25191009044647217,-0.25820690393447876,0.9999859929084778,0.4998571574687958,0.2524729371070862,-0.25821414589881897,0.9999869465827942,0.4859124720096588,0.2511764168739319,-0.25751033425331116,0.9999821186065674,0.48330041766166687,0.2513623833656311,-0.257546067237854,0.9999812245368958,0.48162543773651123,0.2516966760158539,-0.2575545907020569,0.9999805688858032,0.503869891166687,0.2608608603477478,-0.185628741979599,0.9999721050262451,0.4797094762325287,0.2601586580276489,-0.18264709413051605,0.999954104423523,0.4943014979362488,0.2756480872631073,-0.2404169887304306,0.9999940395355225,0.48400384187698364,0.27474474906921387,-0.23970453441143036,0.9999920129776001,0.5243293046951294,0.3332652747631073,-0.12575003504753113,0.9999817609786987,0.46276557445526123,0.33593669533729553,-0.1178046464920044,0.9999389052391052,0.530859649181366,0.4258130192756653,-0.08417437225580215,0.9944256544113159,0.45277830958366394,0.4264759123325348,-0.07665707916021347,0.9829452633857727,0.5299587249755859,0.503165066242218,-0.13548259437084198,0.9849845767021179,0.45026475191116333,0.5068066716194153,-0.12779363989830017,0.9591434001922607,0.5309275388717651,0.5289022326469421,-0.1541626751422882,0.9608994722366333,0.44847068190574646,0.5325398445129395,-0.1463564783334732,0.9167954921722412,0.5264004468917847,0.52851802110672,-0.17717604339122772,0.9638300538063049,0.453423410654068,0.5325647592544556,-0.1697421818971634,0.922143280506134,0.5247581601142883,0.5196362137794495,-0.14493010938167572,0.9548789858818054,0.45556989312171936,0.5244460701942444,-0.13782936334609985,0.9111624956130981,0.5069254636764526,0.4867347478866577,-0.002580257598310709,0.9996498227119446,0.4706582725048065,0.48870307207107544,0.0024706325493752956,0.9995344877243042,0.5078501105308533,0.6209356188774109,-0.006874738726764917,0.9817416071891785,0.47251829504966736,0.6248036026954651,0.003671211190521717,0.9726482629776001,0.5067735910415649,0.7433550953865051,0.07717230916023254,0.9815346598625183,0.47365543246269226,0.7438217401504517,0.08988901227712631,0.961807906627655,0.5046473741531372,0.7595944404602051,0.0794467180967331,0.7303920984268188,0.4757550358772278,0.7570210695266724,0.0928778350353241,0.6696575284004211,0.5037546753883362,0.7857257723808289,-0.01760256662964821,0.9681463837623596,0.4725320637226105,0.7845754027366638,0.0005958162946626544,0.9510138630867004
sujin_stand_normal_03,309,103,10.301317135549873,29.996164173379363,10,0.48909953236579895,0.261364221572876,-0.270602285861969,0.9999958276748657,0.49404630064964294,0.25139757990837097,-0.26064154505729675,0.999985933303833,0.4970674514770508,0.2518696188926697,-0.26064056158065796,0.999986469745636,0.4998439848423004,0.25239014625549316,-0.26065099239349365,0.9999874234199524,0.4858884811401367,0.2511034607887268,-0.2599795162677765,0.9999826550483704,0.48326900601387024,0.25127965211868286,-0.2600157856941223,0.9999817609786987,0.48160016536712646,0.2515799105167389,-0.2600233256816864,0.9999811053276062,0.5038629770278931,0.2607477903366089,-0.1870284229516983,0.9999731183052063,0.47970786690711975,0.25994110107421875,-0.18433193862438202,0.9999552369117737,0.49417975544929504,0.27562186121940613,-0.24237489700317383,0.9999942183494568,0.483920693397522,0.2747081220149994,-0.24171631038188934,0.9999921917915344,0.5240808129310608,0.3330318331718445,-0.12582607567310333,0.9999821782112122,0.4627785086631775,0.3359206020832062,-0.11717429012060165,0.9999386072158813,0.5306667685508728,0.4252091944217682,-0.08513666689395905,0.9944802522659302,0.4527748227119446,0.4263380169868469,-0.07659360021352768,0.9827437996864319,0.529991090297699,0.50288325548172,-0.1384526789188385,0.9852859973907471,0.4502694010734558,0.5064602494239807,-0.12868362665176392,0.9591264128684998,0.531103789806366,0.528015673160553,-0.15875345468521118,0.9616143107414246,0.4485594630241394,0.5322765111923218,-0.1475590616464615,0.9167888164520264,0.5264274477958679,0.5281457901000977,-0.18314558267593384,0.9645025134086609,0.4534587860107422,0.5325072407722473,-0.17120280861854553,0.9221418499946594,0.5247713327407837,0.5195044279098511,-0.14873209595680237,0.9556357264518738,0.4555930197238922,0.524414598941803,-0.13883407413959503,0.9111219048500061,0.5067192316055298,0.48598000407218933,-0.0025618798099458218,0.9996581077575684,0.47065672278404236,0.48791244626045227,0.0024499844294041395,0.9995436668395996,0.5077288746833801,0.6208702921867371,-0.011800512671470642,0.981947124004364,0.4725908935070038,0.6247669458389282,0.0019793978426605463,0.9728670120239258,0.5067371129989624,0.7443293929100037,0.06936417520046234,0.9819071292877197,0.4736478626728058,0.7454977035522461,0.08641480654478073,0.9625782370567322,0.5046423077583313,0.7595831155776978,0.07133310288190842,0.7344763278961182,0.475810706615448,0.758607029914856,0.08917184174060822,0.6724343299865723,0.5035351514816284,0.7860531806945801,-0.02837369777262211,0.9688393473625183,0.47250649333000183,0.7850831151008606,-0.005047485698014498,0.9519567489624023
sujin_stand_normal_03,312,104,10.401329923273657,29.996164173379363,10,0.48911377787590027,0.26155102252960205,-0.2678399980068207,0.9999956488609314,0.4940333664417267,0.2517668306827545,-0.25813034176826477,0.9999851584434509,0.4970681965351105,0.2523006200790405,-0.25813189148902893,0.9999857544898987,0.4998411536216736,0.2529144287109375,-0.2581396698951721,0.9999866485595703,0.4858914315700531,0.2513831853866577,-0.25764065980911255,0.9999817609786987,0.48328477144241333,0.25152233242988586,-0.2576768696308136,0.9999809265136719,0.4816029667854309,0.2517707943916321,-0.2576843500137329,0.9999801516532898,0.5038551688194275,0.2608908712863922,-0.1850253790616989,0.9999716281890869,0.4797060191631317,0.2599673271179199,-0.18278779089450836,0.9999532103538513,0.49423640966415405,0.27574941515922546,-0.23951929807662964,0.9999939203262329,0.483912855386734,0.2747321128845215,-0.2390299141407013,0.9999918341636658,0.5240936875343323,0.33295539021492004,-0.12439052760601044,0.9999819397926331,0.4627346098423004,0.3359864056110382,-0.11582966148853302,0.9999380707740784,0.5306861400604248,0.42508184909820557,-0.08249399811029434,0.9944393038749695,0.4527547061443329,0.4267116189002991,-0.07410719990730286,0.9826782941818237,0.5302678346633911,0.5019941329956055,-0.1357605755329132,0.9851427674293518,0.45031648874282837,0.5065567493438721,-0.12545083463191986,0.9592492580413818,0.5312149524688721,0.5273009538650513,-0.15493103861808777,0.9613620042800903,0.44858109951019287,0.5322908759117126,-0.143750861287117,0.9170995354652405,0.5264573693275452,0.5274897217750549,-0.17808693647384644,0.9642506241798401,0.45349499583244324,0.532451868057251,-0.16763973236083984,0.9224048852920532,0.5248263478279114,0.5187177062034607,-0.14544257521629333,0.9553717374801636,0.45572152733802795,0.5244179368019104,-0.13560156524181366,0.911541759967804,0.5071913003921509,0.4865386486053467,-0.0038315618876367807,0.9996495246887207,0.4710221588611603,0.4884248971939087,0.0037370517384260893,0.999529242515564,0.507736325263977,0.621813952922821,-0.010724814608693123,0.9817925095558167,0.4726051688194275,0.6263991594314575,0.007295198272913694,0.9722280502319336,0.506860613822937,0.7443302273750305,0.07058592885732651,0.9814979434013367,0.47400566935539246,0.744353711605072,0.09781105816364288,0.9614683389663696,0.505280077457428,0.7597278952598572,0.07255546003580093,0.729691743850708,0.476309210062027,0.757165253162384,0.10145547240972519,0.6711512804031372,0.503987193107605,0.7859047651290894,-0.025493184104561806,0.9680352210998535,0.47290897369384766,0.7843198776245117,0.009986945427954197,0.9506656527519226
sujin_stand_normal_03,315,105,10.501342710997443,29.996164173379363,10,0.4889724850654602,0.26155394315719604,-0.2681155502796173,0.9999955892562866,0.49401289224624634,0.25175681710243225,-0.25814610719680786,0.999984860420227,0.49702486395835876,0.25225603580474854,-0.2581484913825989,0.9999854564666748,0.49973422288894653,0.25279733538627625,-0.2581576704978943,0.9999864101409912,0.48580867052078247,0.25137728452682495,-0.25763657689094543,0.9999813437461853,0.4831547439098358,0.25151702761650085,-0.25767117738723755,0.9999804496765137,0.4814348518848419,0.2517668306827545,-0.2576809823513031,0.9999796748161316,0.5038037896156311,0.26088690757751465,-0.18499866127967834,0.9999707937240601,0.47960442304611206,0.26000314950942993,-0.18292610347270966,0.9999516606330872,0.49393489956855774,0.2757367193698883,-0.23994621634483337,0.9999937415122986,0.48375409841537476,0.27475884556770325,-0.23948101699352264,0.9999915957450867,0.5239705443382263,0.33324798941612244,-0.12481026351451874,0.9999814033508301,0.46274879574775696,0.3360694944858551,-0.11631537973880768,0.9999361634254456,0.5305005311965942,0.4255155026912689,-0.08258506655693054,0.9942740201950073,0.45275646448135376,0.4266161620616913,-0.0742097720503807,0.9822660088539124,0.5300097465515137,0.5020801424980164,-0.1368221938610077,0.9847983717918396,0.45055773854255676,0.5066907405853271,-0.126203715801239,0.9583941698074341,0.5310485363006592,0.5275489091873169,-0.15590624511241913,0.9607018232345581,0.4491748511791229,0.5329264998435974,-0.14450925588607788,0.9157103896141052,0.5264598727226257,0.52777099609375,-0.17917872965335846,0.963640034198761,0.45377084612846375,0.5332089066505432,-0.1682521551847458,0.9210910797119141,0.5248349905014038,0.5190195441246033,-0.14651471376419067,0.954645037651062,0.45590144395828247,0.5246772170066833,-0.13632304966449738,0.9101094007492065,0.5071515440940857,0.48668715357780457,-0.003192294156178832,0.999650776386261,0.4710172116756439,0.48842766880989075,0.0030856525991111994,0.9995298981666565,0.5075893998146057,0.6206937432289124,-0.00923149660229683,0.9816997051239014,0.47334763407707214,0.6247192025184631,0.005452286917716265,0.9723649024963379,0.5069538354873657,0.7436354756355286,0.0715741217136383,0.9817681908607483,0.4742037057876587,0.7439607381820679,0.09444301575422287,0.9619549512863159,0.5051866173744202,0.7595503926277161,0.07348260283470154,0.7322390079498291,0.4763871133327484,0.7569668292999268,0.09781699627637863,0.673006534576416,0.5036391019821167,0.7849727869033813,-0.024517500773072243,0.9684668779373169,0.47324851155281067,0.7839695811271667,0.005601453594863415,0.9513517618179321
sujin_stand_normal_03,318,106,10.601355498721228,29.996164173379363,10,0.488832026720047,0.26149415969848633,-0.26061171293258667,0.9999955296516418,0.49391868710517883,0.25168460607528687,-0.25081074237823486,0.9999845623970032,0.49686044454574585,0.252165287733078,-0.25081291794776917,0.9999851584434509,0.4995982050895691,0.25264495611190796,-0.2508210241794586,0.9999861121177673,0.4857529103755951,0.25131428241729736,-0.24992364645004272,0.9999810457229614,0.48312100768089294,0.25147488713264465,-0.24995706975460052,0.9999801516532898,0.48141413927078247,0.2517332434654236,-0.24996913969516754,0.9999793767929077,0.5036888718605042,0.2608104646205902,-0.17932169139385223,0.9999700784683228,0.47960010170936584,0.2600221335887909,-0.17551162838935852,0.9999507665634155,0.4937867224216461,0.27566760778427124,-0.23314467072486877,0.999993622303009,0.48367536067962646,0.27472126483917236,-0.2321745604276657,0.9999914765357971,0.5239683985710144,0.3333783447742462,-0.12024758011102676,0.9999808669090271,0.4627721607685089,0.33607205748558044,-0.11202527582645416,0.9999354481697083,0.5305001735687256,0.4257236421108246,-0.08079595863819122,0.9940978288650513,0.4528082013130188,0.42680445313453674,-0.07201626151800156,0.9818815588951111,0.5299919843673706,0.50208580493927,-0.13497617840766907,0.9843117594718933,0.4504574239253998,0.5070227980613708,-0.12256411463022232,0.9577167630195618,0.5310117602348328,0.527530312538147,-0.1538097858428955,0.9597287178039551,0.4489646852016449,0.5330870151519775,-0.14065545797348022,0.914691150188446,0.5264352560043335,0.5276769399642944,-0.1766824871301651,0.9627462029457092,0.4535967707633972,0.5333699584007263,-0.16387248039245605,0.9201288819313049,0.5247930884361267,0.519009530544281,-0.14457330107688904,0.9536572098731995,0.4557333290576935,0.5250779986381531,-0.1325535923242569,0.9091985821723938,0.50711590051651,0.48669129610061646,-0.002857205690816045,0.9996513724327087,0.4709480106830597,0.4884979724884033,0.002747581573203206,0.9995318651199341,0.5075938701629639,0.6206973791122437,-0.01204017736017704,0.9818196892738342,0.4732755720615387,0.6247216463088989,0.0008867705473676324,0.9725227952003479,0.5069512128829956,0.7436709403991699,0.06883098930120468,0.981979489326477,0.473786324262619,0.744229793548584,0.08618920296430588,0.9623680114746094,0.505128026008606,0.7595474123954773,0.07085735350847244,0.7348731160163879,0.47594577074050903,0.7571696639060974,0.0892021581530571,0.6734287142753601,0.5036710500717163,0.785569429397583,-0.026149112731218338,0.9688007831573486,0.47277864813804626,0.7844091653823853,-0.002870050724595785,0.9517218470573425
sujin_stand_normal_03,321,107,10.701368286445012,29.996164173379363,10,0.4888431429862976,0.2614254653453827,-0.2738074064254761,0.9999955892562866,0.4939417839050293,0.25157982110977173,-0.26405689120292664,0.999984860420227,0.49687767028808594,0.2520553469657898,-0.2640530467033386,0.99998539686203,0.4996004104614258,0.2525571882724762,-0.26406535506248474,0.9999863505363464,0.4857669770717621,0.2511986792087555,-0.2634405493736267,0.9999814033508301,0.4831222593784332,0.25135117769241333,-0.2634809911251068,0.9999805688858032,0.4814108610153198,0.2516254186630249,-0.263492614030838,0.9999798536300659,0.5036866664886475,0.26079022884368896,-0.19038747251033783,0.9999704360961914,0.4796115458011627,0.25994405150413513,-0.18798239529132843,0.999951958656311,0.4938044846057892,0.2756029963493347,-0.24533995985984802,0.9999937415122986,0.4836686849594116,0.27467942237854004,-0.2447744756937027,0.9999916553497314,0.5239911675453186,0.3335215449333191,-0.12714442610740662,0.9999806880950928,0.46277257800102234,0.33605334162712097,-0.12241058051586151,0.9999362230300903,0.530569851398468,0.4259706139564514,-0.08568565547466278,0.993982195854187,0.4527556300163269,0.42684340476989746,-0.08301141858100891,0.9819021224975586,0.5300002694129944,0.5022749304771423,-0.14091624319553375,0.9838993549346924,0.4503326416015625,0.5074048638343811,-0.13499815762043,0.9575180411338806,0.5310073494911194,0.5276840925216675,-0.16027209162712097,0.9587929844856262,0.4488801658153534,0.5332576036453247,-0.15408559143543243,0.9143068194389343,0.5264319777488708,0.5277196168899536,-0.18376825749874115,0.9618949294090271,0.45349088311195374,0.5335346460342407,-0.17754682898521423,0.919766902923584,0.5247926115989685,0.5190657377243042,-0.1507669985294342,0.9526772499084473,0.4555865526199341,0.5254483222961426,-0.1450207531452179,0.9088212847709656,0.5070774555206299,0.48682358860969543,-0.0018853857181966305,0.9996554255485535,0.47082316875457764,0.4887724816799164,0.0017665930790826678,0.9995375275611877,0.5075463056564331,0.6219958662986755,-0.01122345682233572,0.9820352792739868,0.4732227623462677,0.6263193488121033,0.000600686704274267,0.9729030728340149,0.5069056153297424,0.7448238730430603,0.0781945288181305,0.9822266697883606,0.4734419584274292,0.744339108467102,0.0913933664560318,0.9629560112953186,0.5048447847366333,0.760671854019165,0.08108925074338913,0.7381014823913574,0.47497817873954773,0.7571513652801514,0.09517119079828262,0.674177885055542,0.5036046504974365,0.7866858243942261,-0.01713242195546627,0.9691783785820007,0.47277429699897766,0.7849322557449341,0.0014618885470554233,0.952314019203186
sujin_stand_normal_03,324,108,10.801381074168798,29.996164173379363,10,0.4888841211795807,0.26135560870170593,-0.28582513332366943,0.999995768070221,0.4939771592617035,0.25146257877349854,-0.27616599202156067,0.9999854564666748,0.4969102740287781,0.2519231140613556,-0.2761603891849518,0.9999859929084778,0.49962034821510315,0.2524263858795166,-0.27617406845092773,0.9999868869781494,0.4857862889766693,0.25108134746551514,-0.27549511194229126,0.9999821782112122,0.4831274747848511,0.2512374818325043,-0.27553635835647583,0.9999814033508301,0.4814125895500183,0.2515285611152649,-0.275540292263031,0.9999806880950928,0.5036901235580444,0.260699987411499,-0.20134703814983368,0.9999716281890869,0.4796139895915985,0.25986501574516296,-0.1986389011144638,0.9999540448188782,0.49385276436805725,0.2755500376224518,-0.25683799386024475,0.9999939799308777,0.48367875814437866,0.27464720606803894,-0.2561894953250885,0.9999919533729553,0.5240069627761841,0.33351144194602966,-0.13680903613567352,0.9999809861183167,0.46274247765541077,0.3359161913394928,-0.12982019782066345,0.9999377727508545,0.5306257605552673,0.42594432830810547,-0.09516362100839615,0.9940510988235474,0.452720046043396,0.42678967118263245,-0.08980634063482285,0.9822065234184265,0.5300590991973877,0.502281904220581,-0.15067441761493683,0.9840324521064758,0.4503094255924225,0.5076044797897339,-0.1427684873342514,0.9579669833183289,0.5310962796211243,0.5275981426239014,-0.1704099029302597,0.9589887857437134,0.44884106516838074,0.5333603024482727,-0.1621769368648529,0.9148967862129211,0.526448667049408,0.5276967883110046,-0.1945960968732834,0.9620736241340637,0.4535069167613983,0.5335848331451416,-0.18605180084705353,0.9203322529792786,0.5247946381568909,0.5190666913986206,-0.16074053943157196,0.9528637528419495,0.45559659600257874,0.5255832076072693,-0.15298303961753845,0.9094241261482239,0.5070742964744568,0.48667606711387634,-0.002060542581602931,0.9996593594551086,0.4708176255226135,0.4887763559818268,0.0019405888160690665,0.999544084072113,0.5075424313545227,0.6220130920410156,-0.011228594928979874,0.9822393655776978,0.47304585576057434,0.6263958811759949,0.0026387448888272047,0.9733024835586548,0.5068110823631287,0.7449145913124084,0.0749409943819046,0.9824060201644897,0.47340884804725647,0.7452542781829834,0.09134992957115173,0.9634879231452942,0.5048311948776245,0.7606750130653381,0.07726645469665527,0.739494800567627,0.47503751516342163,0.7580909729003906,0.09508219361305237,0.6767846345901489,0.5036054849624634,0.7870363593101501,-0.022636426612734795,0.9694581627845764,0.4725261330604553,0.7855309247970581,0.0009686067351140082,0.9528716802597046
sujin_stand_normal_03,327,109,10.901393861892583,29.996164173379363,10,0.48897185921669006,0.26136672496795654,-0.28948694467544556,0.9999958872795105,0.49399757385253906,0.2514512240886688,-0.2799248695373535,0.9999858140945435,0.49694186449050903,0.25190815329551697,-0.2799175977706909,0.9999863505363464,0.4996364712715149,0.25241097807884216,-0.2799318730831146,0.9999871850013733,0.4858226776123047,0.2512127757072449,-0.27936413884162903,0.9999826550483704,0.4831540286540985,0.251396507024765,-0.27940741181373596,0.9999819397926331,0.48142221570014954,0.25170189142227173,-0.2794157862663269,0.9999812245368958,0.5036922693252563,0.2606739103794098,-0.2048535794019699,0.9999723434448242,0.47963058948516846,0.2598824203014374,-0.2026301473379135,0.999955415725708,0.4940951466560364,0.27553990483283997,-0.26031285524368286,0.9999940991401672,0.48373445868492126,0.2746509909629822,-0.25980982184410095,0.9999921917915344,0.5240181088447571,0.33338111639022827,-0.13916535675525665,0.999981164932251,0.46273940801620483,0.3359116017818451,-0.1333947330713272,0.9999391436576843,0.5306810736656189,0.4258975386619568,-0.0969310849905014,0.9940578937530518,0.45265570282936096,0.42685940861701965,-0.09336018562316895,0.9824461936950684,0.530106246471405,0.5023784637451172,-0.1528678983449936,0.9839694499969482,0.4501102864742279,0.5078069567680359,-0.1462036818265915,0.9583174586296082,0.5310947895050049,0.527779757976532,-0.17250438034534454,0.9587399959564209,0.44868287444114685,0.5335166454315186,-0.1656927913427353,0.9154006242752075,0.5264512896537781,0.5277718901634216,-0.1967778503894806,0.9618450403213501,0.4532587230205536,0.5337162017822266,-0.1897897869348526,0.920817494392395,0.5248094201087952,0.5191179513931274,-0.16297075152397156,0.9525881409645081,0.4553033113479614,0.5257910490036011,-0.15650294721126556,0.9099079966545105,0.5070702433586121,0.48643583059310913,-0.0019740520510822535,0.9996631145477295,0.4707537293434143,0.48856908082962036,0.0018516884883865714,0.9995500445365906,0.5075457096099854,0.6218373775482178,-0.011419186368584633,0.9825814366340637,0.472983717918396,0.6259554028511047,0.0023960841353982687,0.9737613797187805,0.5068346858024597,0.7451313138008118,0.07479941099882126,0.9827467203140259,0.4733928143978119,0.7454054951667786,0.09133204817771912,0.9641642570495605,0.5048054456710815,0.7609516382217407,0.07707478106021881,0.7425456643104553,0.4750930666923523,0.7582690715789795,0.09505346417427063,0.678679347038269,0.5036052465438843,0.7872210741043091,-0.023408178240060806,0.9700416326522827,0.47248485684394836,0.7860909104347229,-1.9582337699830532e-05,0.953622579574585
sujin_stand_normal_03,330,110,11.001406649616369,29.996164173379363,10,0.48898568749427795,0.2615774869918823,-0.3021143078804016,0.9999959468841553,0.49398496747016907,0.25182726979255676,-0.29239022731781006,0.9999860525131226,0.496942937374115,0.25231990218162537,-0.2923823595046997,0.9999865293502808,0.4996371567249298,0.2529074251651764,-0.29240208864212036,0.9999873638153076,0.4858349561691284,0.25144654512405396,-0.29189321398735046,0.9999829530715942,0.4831865131855011,0.25161921977996826,-0.291941374540329,0.9999822378158569,0.4814280867576599,0.2518804371356964,-0.29194900393486023,0.9999815821647644,0.503693163394928,0.260814368724823,-0.21512269973754883,0.9999727606773376,0.4796305298805237,0.2599058449268341,-0.21316443383693695,0.9999563694000244,0.4941491484642029,0.2757168710231781,-0.2720239758491516,0.9999942183494568,0.4837421476840973,0.2746948301792145,-0.2716180086135864,0.999992311000824,0.5240191221237183,0.33341559767723083,-0.14741499722003937,0.999981164932251,0.46269556879997253,0.33590781688690186,-0.1405496895313263,0.9999400973320007,0.5307096242904663,0.42579513788223267,-0.104133240878582,0.9940919280052185,0.45254114270210266,0.42688238620758057,-0.09829726815223694,0.9827296733856201,0.5301015377044678,0.5024976134300232,-0.15925274789333344,0.9837931990623474,0.4501080811023712,0.5078209042549133,-0.15114325284957886,0.9585468173027039,0.5310516357421875,0.5279662609100342,-0.17907032370567322,0.9581754207611084,0.4486818015575409,0.5335379242897034,-0.17096924781799316,0.9156321883201599,0.526401698589325,0.5278785228729248,-0.20356228947639465,0.9613041281700134,0.45326852798461914,0.533731997013092,-0.1952320635318756,0.92103111743927,0.5247796177864075,0.5191709399223328,-0.1693844497203827,0.9519106149673462,0.455304354429245,0.525810956954956,-0.16148574650287628,0.9099935293197632,0.5070685744285583,0.48644155263900757,-0.0021078826393932104,0.9996616840362549,0.47071921825408936,0.48849397897720337,0.0019867296796292067,0.9995490312576294,0.5073918104171753,0.6227450370788574,-0.010476628318428993,0.9825195670127869,0.4728389382362366,0.6260412335395813,0.00372149795293808,0.9737640023231506,0.5068648457527161,0.7453012466430664,0.08211544156074524,0.982562780380249,0.47338196635246277,0.7455771565437317,0.09848689287900925,0.9640024304389954,0.5049006342887878,0.76066654920578,0.08529181033372879,0.740013837814331,0.47510814666748047,0.7584390044212341,0.10249359905719757,0.6774237155914307,0.5038034915924072,0.7873373627662659,-0.015976930037140846,0.969753086566925,0.4724797308444977,0.786228358745575,0.006066054571419954,0.9533273577690125
sujin_stand_normal_03,333,111,11.101419437340153,29.996164173379363,10,0.4890184998512268,0.2618091106414795,-0.3065475523471832,0.9999960064888,0.4940028190612793,0.25219157338142395,-0.2968135178089142,0.9999864101409912,0.49695926904678345,0.25272271037101746,-0.2968023717403412,0.9999868273735046,0.49964091181755066,0.25335732102394104,-0.29681938886642456,0.9999876618385315,0.4859011769294739,0.2516886293888092,-0.29649725556373596,0.9999834299087524,0.48331815004348755,0.25185489654541016,-0.2965458035469055,0.9999827146530151,0.48144108057022095,0.25209224224090576,-0.29655134677886963,0.9999821186065674,0.5036961436271667,0.26099318265914917,-0.2190869152545929,0.9999733567237854,0.4796369671821594,0.2599281072616577,-0.21808239817619324,0.9999577403068542,0.4942069351673126,0.27595657110214233,-0.27628421783447266,0.9999943375587463,0.48375362157821655,0.27485159039497375,-0.27614039182662964,0.9999924898147583,0.5240147113800049,0.3334255814552307,-0.15036693215370178,0.9999812245368958,0.4626462161540985,0.3359218239784241,-0.14512062072753906,0.9999415874481201,0.5307512879371643,0.42578986287117004,-0.1066097840666771,0.9941504597663879,0.45244771242141724,0.42701008915901184,-0.1027975082397461,0.9831331968307495,0.5301015973091125,0.5025120377540588,-0.16171392798423767,0.9838169813156128,0.45010480284690857,0.5079240202903748,-0.15473870933055878,0.9590488076210022,0.5310469269752502,0.5280154943466187,-0.18148046731948853,0.9580875039100647,0.4486795663833618,0.5335566401481628,-0.17467626929283142,0.9162853360176086,0.5264026522636414,0.5278847813606262,-0.20635853707790375,0.9611889123916626,0.4532826840877533,0.5337366461753845,-0.19883015751838684,0.9216038584709167,0.524779736995697,0.5191783905029297,-0.1719883382320404,0.9517031908035278,0.45530644059181213,0.525833010673523,-0.16503576934337616,0.9104580283164978,0.5070667862892151,0.4865611791610718,-0.0018386233132332563,0.9996611475944519,0.4707040786743164,0.48857060074806213,0.0017184040043503046,0.9995551109313965,0.507419228553772,0.6227650046348572,-0.002730715787038207,0.9828166365623474,0.47269222140312195,0.6259869933128357,0.006154729053378105,0.974483072757721,0.5068665742874146,0.7452951669692993,0.08882904052734375,0.9827638864517212,0.4733844995498657,0.746070921421051,0.10081375390291214,0.964908242225647,0.5048190355300903,0.7602459788322449,0.0918433740735054,0.7421266436576843,0.475403368473053,0.7590599656105042,0.10456971824169159,0.6812161207199097,0.5041210651397705,0.7872636914253235,-0.00878872536122799,0.9701502919197083,0.472258061170578,0.7863134145736694,0.008305164985358715,0.9543136954307556
sujin_stand_normal_03,336,112,11.20143222506394,29.996164173379363,10,0.4890534281730652,0.2620280385017395,-0.3025859296321869,0.9999961853027344,0.4940355718135834,0.25255635380744934,-0.29287418723106384,0.999987006187439,0.496982604265213,0.2531493902206421,-0.29286623001098633,0.9999873638153076,0.49964359402656555,0.25383421778678894,-0.2928837239742279,0.9999881982803345,0.4859485328197479,0.25193196535110474,-0.2923959791660309,0.9999842047691345,0.4833930730819702,0.2520683705806732,-0.2924429178237915,0.999983549118042,0.4814479947090149,0.2522573471069336,-0.29245007038116455,0.9999829530715942,0.503692090511322,0.2612767815589905,-0.2163134664297104,0.9999744296073914,0.4796394407749176,0.2599536180496216,-0.21443577110767365,0.9999598264694214,0.494221568107605,0.276178777217865,-0.27280187606811523,0.9999945759773254,0.48376700282096863,0.2749783992767334,-0.2723648250102997,0.999992847442627,0.5238957405090332,0.3333401381969452,-0.14836129546165466,0.999981701374054,0.462620347738266,0.3359465003013611,-0.14267335832118988,0.999943733215332,0.5306237936019897,0.4257489740848541,-0.10145638138055801,0.9942356944084167,0.45238980650901794,0.42702069878578186,-0.10072257369756699,0.9837382435798645,0.5301320552825928,0.5023914575576782,-0.15730595588684082,0.9841476082801819,0.4500332772731781,0.5077922940254211,-0.15289655327796936,0.9603728652000427,0.5311190485954285,0.5279226303100586,-0.17688176035881042,0.9587570428848267,0.4486212134361267,0.5333462953567505,-0.1726720929145813,0.9185140132904053,0.5264865756034851,0.5278728604316711,-0.2022501677274704,0.9618055820465088,0.45332056283950806,0.5333482027053833,-0.19673819839954376,0.9236910343170166,0.5248488187789917,0.5191803574562073,-0.16783401370048523,0.9524215459823608,0.4553403854370117,0.5254729986190796,-0.1631515622138977,0.9126818180084229,0.5070457458496094,0.48622509837150574,-0.001711352844722569,0.9996691942214966,0.470706045627594,0.48826637864112854,0.0015882495790719986,0.9995682239532471,0.5074300169944763,0.6223464608192444,-0.004896505270153284,0.983208179473877,0.472674161195755,0.6252925395965576,0.0049146926030516624,0.9751003384590149,0.5068022608757019,0.7453336119651794,0.07971517741680145,0.9831222295761108,0.4733915328979492,0.7463375329971313,0.09343444555997849,0.9658542275428772,0.5045791864395142,0.7601892948150635,0.08202847093343735,0.7464717626571655,0.47553378343582153,0.7593015432357788,0.09648001194000244,0.6851032376289368,0.5040946006774902,0.7872675657272339,-0.01795194111764431,0.9708535671234131,0.47214144468307495,0.7865340113639832,0.0011242963373661041,0.9554433822631836
sujin_stand_normal_03,339,113,11.301445012787724,29.996164173379363,10,0.48906049132347107,0.26215896010398865,-0.27180278301239014,0.9999960064888,0.49403879046440125,0.25270670652389526,-0.26159197092056274,0.9999862909317017,0.4969860017299652,0.25327223539352417,-0.26158663630485535,0.9999867081642151,0.49963220953941345,0.2539230287075043,-0.2615896463394165,0.9999875426292419,0.48596301674842834,0.2520558536052704,-0.2617739140987396,0.9999834299087524,0.4834364354610443,0.2522056996822357,-0.2618129551410675,0.9999828338623047,0.4814501702785492,0.2524237334728241,-0.26182711124420166,0.9999822378158569,0.5036828517913818,0.2612868845462799,-0.18579727411270142,0.9999729990959167,0.4796409606933594,0.2599751055240631,-0.18690276145935059,0.999958336353302,0.49422958493232727,0.27628010511398315,-0.24250228703022003,0.9999942779541016,0.4837683439254761,0.2750907242298126,-0.2429555058479309,0.9999926090240479,0.5238986611366272,0.3335050642490387,-0.12117376178503036,0.9999812245368958,0.46261340379714966,0.33592936396598816,-0.12132856249809265,0.9999433159828186,0.5306085348129272,0.42582279443740845,-0.07616562396287918,0.9941474199295044,0.45237669348716736,0.42702969908714294,-0.07966886460781097,0.9837396144866943,0.5300551056861877,0.5027920007705688,-0.13199463486671448,0.9840872883796692,0.45007190108299255,0.5077977776527405,-0.13106456398963928,0.9602508544921875,0.531050443649292,0.5284238457679749,-0.15105098485946655,0.958713173866272,0.44862106442451477,0.5334721803665161,-0.15040475130081177,0.9183323979377747,0.5264931321144104,0.5283756256103516,-0.17542092502117157,0.9617742896080017,0.45334064960479736,0.5333779454231262,-0.17439047992229462,0.9235178232192993,0.5248587727546692,0.5195808410644531,-0.1422499120235443,0.9523971080780029,0.4553861916065216,0.525481104850769,-0.14128287136554718,0.9125449061393738,0.5070425868034363,0.4872855246067047,-0.00013608523295260966,0.9996630549430847,0.47064974904060364,0.48916178941726685,3.649306017905474e-05,0.9995675086975098,0.5075740218162537,0.6231198906898499,-0.00021954481780994684,0.9834439754486084,0.4726448953151703,0.6263002753257751,0.001766816945746541,0.9757698774337769,0.5068691372871399,0.7444464564323425,0.09377889335155487,0.9832041263580322,0.4733208119869232,0.7458862662315369,0.09491094201803207,0.9665305614471436,0.5045717358589172,0.7583481669425964,0.09705321490764618,0.7468788027763367,0.47500118613243103,0.7584713697433472,0.09861572086811066,0.6859058141708374,0.5039374232292175,0.7867444157600403,-0.0020687184296548367,0.9710216522216797,0.4721532464027405,0.786421537399292,0.0027815194334834814,0.9560813307762146
sujin_stand_normal_03,342,114,11.401457800511508,29.996164173379363,10,0.48906049132347107,0.2621740400791168,-0.269272118806839,0.9999960064888,0.4940752387046814,0.2526714503765106,-0.25908762216567993,0.999986469745636,0.4970629811286926,0.25320181250572205,-0.2590877115726471,0.9999868869781494,0.4996407628059387,0.2537839114665985,-0.2590988278388977,0.9999877214431763,0.48593419790267944,0.25198525190353394,-0.25893786549568176,0.999983549118042,0.4833254814147949,0.2520863711833954,-0.25897300243377686,0.9999828934669495,0.4814015030860901,0.2522384226322174,-0.2589811682701111,0.9999822974205017,0.5037815570831299,0.26130396127700806,-0.18414810299873352,0.9999734163284302,0.47954174876213074,0.2599810063838959,-0.18374846875667572,0.9999584555625916,0.49415111541748047,0.2762915790081024,-0.24039149284362793,0.9999943375587463,0.4837426543235779,0.2751111388206482,-0.2404077798128128,0.9999926686286926,0.5238734483718872,0.33346498012542725,-0.12203285098075867,0.9999815821647644,0.4626627564430237,0.33608442544937134,-0.11735938489437103,0.9999424815177917,0.5304117798805237,0.4258064031600952,-0.07947076857089996,0.9941824078559875,0.4523831903934479,0.42692330479621887,-0.07679013162851334,0.983494758605957,0.529918372631073,0.5028427839279175,-0.1350756585597992,0.9843285083770752,0.45008668303489685,0.5074039101600647,-0.1289810836315155,0.9597958922386169,0.53091961145401,0.5283747911453247,-0.15440431237220764,0.9593406319618225,0.4486331343650818,0.5332033038139343,-0.14787425100803375,0.9176306128501892,0.5263749361038208,0.5282674431800842,-0.17848433554172516,0.9623764157295227,0.45332929491996765,0.5332123637199402,-0.1721065193414688,0.9228982329368591,0.5247000455856323,0.519570529460907,-0.14511598646640778,0.9530883431434631,0.45538321137428284,0.5251577496528625,-0.13930316269397736,0.9118775725364685,0.507006824016571,0.487293541431427,-0.0005981983849778771,0.999667227268219,0.47064581513404846,0.48914089798927307,0.0004972622264176607,0.9995688796043396,0.5075615644454956,0.6229310035705566,-0.010441330261528492,0.9833818674087524,0.4726262092590332,0.6255895495414734,-0.00011989731865469366,0.9757173657417297,0.5068752765655518,0.7447112798690796,0.07459203898906708,0.9832985997200012,0.4733116924762726,0.7458216547966003,0.08849514275789261,0.9666357040405273,0.5045745968818665,0.7599448561668396,0.07679818570613861,0.7471632361412048,0.4750150740146637,0.758468508720398,0.09167274087667465,0.6863441467285156,0.5038780570030212,0.7868133187294006,-0.022883480414748192,0.9711301922798157,0.4722038209438324,0.7863928079605103,-0.0028203546535223722,0.9563082456588745
sujin_stand_normal_03,345,115,11.501470588235295,29.996164173379363,10,0.4890490472316742,0.2619343101978302,-0.27090734243392944,0.9999960660934448,0.49407756328582764,0.2522258162498474,-0.2615005671977997,0.9999867081642151,0.49705770611763,0.25266849994659424,-0.2614957094192505,0.9999871253967285,0.4996398091316223,0.25317174196243286,-0.2615017294883728,0.9999879598617554,0.4859228730201721,0.25164392590522766,-0.26153022050857544,0.9999839067459106,0.48328790068626404,0.25175610184669495,-0.261563241481781,0.9999832510948181,0.48139774799346924,0.25197845697402954,-0.2615678012371063,0.9999826550483704,0.5037684440612793,0.2610921859741211,-0.18631812930107117,0.9999738335609436,0.47954145073890686,0.25991731882095337,-0.18649853765964508,0.999959409236908,0.4941108822822571,0.2760123610496521,-0.24136170744895935,0.9999944567680359,0.48373255133628845,0.27496880292892456,-0.24168649315834045,0.999992847442627,0.5238673090934753,0.33353903889656067,-0.12279710918664932,0.9999815821647644,0.4626579284667969,0.33608001470565796,-0.12080821394920349,0.9999428987503052,0.5304334163665771,0.42596951127052307,-0.0834469273686409,0.9941098690032959,0.4523676633834839,0.42699459195137024,-0.08320171386003494,0.9836422801017761,0.5299280881881714,0.5027720332145691,-0.1408805549144745,0.984103798866272,0.4499899744987488,0.5074564218521118,-0.13616560399532318,0.9599188566207886,0.5309414267539978,0.5281113982200623,-0.16080079972743988,0.9588411450386047,0.44855207204818726,0.5332039594650269,-0.15571068227291107,0.9177833795547485,0.5264003276824951,0.52802973985672,-0.18445178866386414,0.9619344472885132,0.45331689715385437,0.5332162380218506,-0.17928501963615417,0.9230541586875916,0.5247191190719604,0.5194574594497681,-0.15088793635368347,0.952582836151123,0.45537424087524414,0.5251942276954651,-0.1462443619966507,0.9120469093322754,0.5069960951805115,0.4873447120189667,-0.000553271675016731,0.999671220779419,0.47063931822776794,0.48933592438697815,0.00044808455277234316,0.9995718002319336,0.5075651407241821,0.6229835152626038,-0.010125312022864819,0.9835149645805359,0.4726320207118988,0.625743567943573,-0.00015818529936950654,0.9758136868476868,0.506837010383606,0.7447226643562317,0.08145882934331894,0.9834251999855042,0.4732879400253296,0.7454398274421692,0.09439539909362793,0.9668126106262207,0.5045040249824524,0.7599709033966064,0.08484000712633133,0.7495317459106445,0.4750204384326935,0.757757842540741,0.09852555394172668,0.6858124732971191,0.5040304064750671,0.7866663336753845,-0.01414578314870596,0.9713202714920044,0.472434937953949,0.7862423062324524,0.0036488473415374756,0.9564827084541321
sujin_stand_normal_03,348,116,11.601483375959079,29.996164173379363,10,0.4890204071998596,0.26185762882232666,-0.2736477553844452,0.9999961853027344,0.4940777122974396,0.2520598769187927,-0.2635420858860016,0.9999870657920837,0.497048020362854,0.25245100259780884,-0.2635381817817688,0.9999874830245972,0.49962714314460754,0.2529013454914093,-0.26354745030403137,0.999988317489624,0.48590975999832153,0.2515255808830261,-0.26342087984085083,0.9999843239784241,0.4832514226436615,0.25164082646369934,-0.2634575664997101,0.9999836683273315,0.48137709498405457,0.2518876791000366,-0.2634648382663727,0.9999831318855286,0.5037567019462585,0.2610398828983307,-0.18792535364627838,0.9999745488166809,0.47951826453208923,0.2599177062511444,-0.1876453459262848,0.9999604821205139,0.4940204918384552,0.27592960000038147,-0.2443946897983551,0.9999946355819702,0.48370376229286194,0.2749411463737488,-0.24449148774147034,0.9999930262565613,0.5238268971443176,0.3336397707462311,-0.12471678107976913,0.9999818205833435,0.46263161301612854,0.3360840082168579,-0.12132798135280609,0.999943196773529,0.5304244756698608,0.42615461349487305,-0.08386047184467316,0.9941097497940063,0.4522686302661896,0.42683520913124084,-0.08245743811130524,0.9836964011192322,0.529944121837616,0.5027634501457214,-0.14112898707389832,0.9841942191123962,0.4498862028121948,0.5072062611579895,-0.13545997440814972,0.9599589109420776,0.5309762954711914,0.5280518531799316,-0.1609581559896469,0.9590848088264465,0.44844967126846313,0.5330057740211487,-0.15485481917858124,0.917806088924408,0.5264196395874023,0.5279414057731628,-0.18480582535266876,0.9621774554252625,0.4532914161682129,0.5329192280769348,-0.17861804366111755,0.9230982065200806,0.5247317552566528,0.5193779468536377,-0.1511957049369812,0.9528524875640869,0.45536109805107117,0.5247920751571655,-0.14563028514385223,0.9121007919311523,0.5069251656532288,0.48753002285957336,-0.0005605699843727052,0.9996760487556458,0.4705972373485565,0.48942792415618896,0.00045494435471482575,0.9995775818824768,0.5074863433837891,0.6229227781295776,-0.009910250082612038,0.983806848526001,0.47262510657310486,0.6256901621818542,-0.00013402331387624145,0.9762089252471924,0.5068401098251343,0.7447327375411987,0.0814163014292717,0.9837844967842102,0.47328346967697144,0.7455105781555176,0.09398475289344788,0.9674520492553711,0.504513680934906,0.7600415945053101,0.0846400111913681,0.7531466484069824,0.4750767648220062,0.7579085230827332,0.09791501611471176,0.6879222393035889,0.5039864182472229,0.7867423295974731,-0.0148999048396945,0.9719087481498718,0.4724421203136444,0.7864251732826233,0.002712890040129423,0.9572802186012268
sujin_stand_normal_03,351,117,11.701496163682865,29.996164173379363,10,0.4889913499355316,0.2617359161376953,-0.2744579613208771,0.9999963045120239,0.49406698346138,0.2519199848175049,-0.2643057405948639,0.9999873638153076,0.4970210790634155,0.25228047370910645,-0.2643013596534729,0.999987781047821,0.49958762526512146,0.2527027726173401,-0.26431265473365784,0.9999886155128479,0.48589593172073364,0.2513990104198456,-0.26413866877555847,0.9999847412109375,0.48322078585624695,0.2515016496181488,-0.26417624950408936,0.999984085559845,0.48134592175483704,0.2517589032649994,-0.26418277621269226,0.999983549118042,0.5037114024162292,0.26096370816230774,-0.1888555884361267,0.9999752044677734,0.47949376702308655,0.25984176993370056,-0.18846556544303894,0.9999614953994751,0.49392789602279663,0.27580225467681885,-0.2453509122133255,0.9999947547912598,0.48365890979766846,0.2748486399650574,-0.24538654088974,0.9999932050704956,0.5237383842468262,0.33365195989608765,-0.12554319202899933,0.9999820590019226,0.46263089776039124,0.3360814154148102,-0.12198241055011749,0.9999436736106873,0.530383288860321,0.4261617958545685,-0.08406759798526764,0.994117259979248,0.452268123626709,0.42653459310531616,-0.08276650309562683,0.9837180376052856,0.5299273729324341,0.5027632713317871,-0.13996879756450653,0.9842754602432251,0.44987767934799194,0.5071937441825867,-0.13556042313575745,0.9598626494407654,0.5309669971466064,0.5280370116233826,-0.15942205488681793,0.9592565298080444,0.4484441578388214,0.5330005884170532,-0.15483063459396362,0.9175906777381897,0.5264005064964294,0.5278909802436829,-0.18334011733531952,0.9623609781265259,0.45329800248146057,0.5329169631004333,-0.1786292940378189,0.922923743724823,0.5247005820274353,0.5193474888801575,-0.15001626312732697,0.9530676007270813,0.45536673069000244,0.5248298645019531,-0.14574912190437317,0.9119634628295898,0.506924033164978,0.4871731698513031,-0.000583988381549716,0.9996805191040039,0.4706901013851166,0.4891981780529022,0.0004772772081196308,0.9995821714401245,0.5074946284294128,0.6229177117347717,-0.012915721163153648,0.9839485287666321,0.47260525822639465,0.6256040930747986,-0.0010704235173761845,0.9763104319572449,0.506837010383606,0.7448738217353821,0.07382114976644516,0.9839322566986084,0.4732789397239685,0.7457449436187744,0.08847237378358841,0.9677034020423889,0.5045662522315979,0.7600951790809631,0.07638175040483475,0.7549901604652405,0.47508499026298523,0.758134663105011,0.09174613654613495,0.6881651282310486,0.5040321946144104,0.7867573499679565,-0.022881310433149338,0.9721547365188599,0.47245946526527405,0.7865808010101318,-0.0027908224146813154,0.957534670829773
sujin_stand_normal_03,354,118,11.80150895140665,29.996164173379363,10,0.4891364276409149,0.2615595757961273,-0.2742709815502167,0.9999962449073792,0.4941585659980774,0.25174468755722046,-0.26391491293907166,0.9999870657920837,0.49711349606513977,0.25213587284088135,-0.2639118432998657,0.9999874830245972,0.4995972216129303,0.2526191473007202,-0.2639210820198059,0.9999883770942688,0.4859861731529236,0.25128650665283203,-0.2639608085155487,0.9999843835830688,0.483273446559906,0.25141313672065735,-0.2639991044998169,0.9999837279319763,0.48134705424308777,0.2517131268978119,-0.26400914788246155,0.9999831914901733,0.503706693649292,0.26094546914100647,-0.18824371695518494,0.9999745488166809,0.4794905483722687,0.2597956657409668,-0.1886952966451645,0.9999607801437378,0.49407246708869934,0.2757297158241272,-0.24515551328659058,0.9999946355819702,0.48372307419776917,0.2748125493526459,-0.24543224275112152,0.999993085861206,0.5237308144569397,0.3337325155735016,-0.12499992549419403,0.999981701374054,0.46266087889671326,0.33608731627464294,-0.12218515574932098,0.9999428391456604,0.5304133892059326,0.42639145255088806,-0.08215045928955078,0.994030773639679,0.45226413011550903,0.42684367299079895,-0.08290671557188034,0.9834992289543152,0.5296951532363892,0.5033920407295227,-0.1369975507259369,0.984019935131073,0.4498576521873474,0.5075260400772095,-0.1355961263179779,0.9590979218482971,0.5306652784347534,0.5289132595062256,-0.15629296004772186,0.958741307258606,0.44837725162506104,0.5335829854011536,-0.15486033260822296,0.9163824915885925,0.5262226462364197,0.5289028882980347,-0.17997701466083527,0.9618805646896362,0.4531809091567993,0.5336527228355408,-0.17872540652751923,0.9217939376831055,0.5246253609657288,0.5201634168624878,-0.14692743122577667,0.9524958729743958,0.4552566111087799,0.5254995822906494,-0.14582841098308563,0.9108006954193115,0.5069325566291809,0.48763054609298706,-0.00039003751589916646,0.9996777176856995,0.4706484377384186,0.4893946945667267,0.00028524364461191,0.9995787143707275,0.5075705647468567,0.6228947639465332,-0.004947395995259285,0.9840519428253174,0.4725976288318634,0.6257296800613403,0.0008982185972854495,0.9764161109924316,0.5068468451499939,0.7441366314888,0.0853959396481514,0.9839818477630615,0.4734435975551605,0.7447957992553711,0.09533596783876419,0.9677369594573975,0.5045173764228821,0.7594770193099976,0.08818381279706955,0.7552621960639954,0.4750821888446808,0.7572885155677795,0.0991169661283493,0.6875439882278442,0.5040450096130371,0.7862101793289185,-0.010809564031660557,0.9721700549125671,0.4724518358707428,0.7864552140235901,0.0044438778422772884,0.9575926661491394
sujin_stand_normal_03,357,119,11.901521739130436,29.996164173379363,10,0.489131361246109,0.26149797439575195,-0.27131107449531555,0.9999963045120239,0.49416106939315796,0.2517203092575073,-0.26093336939811707,0.9999873042106628,0.49711504578590393,0.25210392475128174,-0.2609301507472992,0.9999877214431763,0.4995921552181244,0.25256896018981934,-0.26094263792037964,0.9999886155128479,0.48597484827041626,0.251217782497406,-0.2609442472457886,0.999984622001648,0.4832570254802704,0.2513118386268616,-0.2609805762767792,0.9999839663505554,0.4813348650932312,0.2515585720539093,-0.26098868250846863,0.9999834299087524,0.5037032961845398,0.2609224319458008,-0.1852026879787445,0.9999750852584839,0.4794612228870392,0.2597399652004242,-0.18561813235282898,0.999961256980896,0.4940285384654999,0.2756299674510956,-0.24216768145561218,0.9999947547912598,0.48369818925857544,0.2747298777103424,-0.24242450296878815,0.9999932050704956,0.5236726403236389,0.3337385654449463,-0.12211062759160995,0.9999819397926331,0.4626612961292267,0.3360757827758789,-0.11941195279359818,0.9999424815177917,0.5304097533226013,0.42630258202552795,-0.07968012243509293,0.9940639734268188,0.4522365927696228,0.4263722896575928,-0.0796225517988205,0.9833397269248962,0.5297626852989197,0.5033019781112671,-0.13590183854103088,0.9842814803123474,0.4498516619205475,0.5068456530570984,-0.1318245679140091,0.9587234854698181,0.5308200716972351,0.5286489129066467,-0.1553163230419159,0.9593583345413208,0.44837456941604614,0.5330249667167664,-0.1509406864643097,0.9157627820968628,0.5263184905052185,0.5285705327987671,-0.1793908327817917,0.9624769687652588,0.453143447637558,0.5332978367805481,-0.17490972578525543,0.9212393164634705,0.5246776342391968,0.5199203491210938,-0.14600077271461487,0.9531548619270325,0.45522865653038025,0.5249826908111572,-0.14208288490772247,0.9101629853248596,0.5067457556724548,0.487632691860199,-0.00029306739452295005,0.9996814131736755,0.4705863893032074,0.4893598258495331,0.00018484477186575532,0.9995826482772827,0.5074191689491272,0.6228079795837402,-0.00734164472669363,0.9840937852859497,0.4725802540779114,0.6254847049713135,-0.0008723974460735917,0.9765253067016602,0.5068539977073669,0.7443429827690125,0.07909102737903595,0.9841381907463074,0.4730989634990692,0.7454338073730469,0.08871158957481384,0.9680072069168091,0.504538357257843,0.7596133947372437,0.08157727867364883,0.756542980670929,0.47461938858032227,0.7581192255020142,0.09189556539058685,0.6866135001182556,0.5035879015922546,0.7864226698875427,-0.018871504813432693,0.9724960327148438,0.472441703081131,0.7866068482398987,-0.0039317915216088295,0.9579077959060669
sujin_stand_normal_03,360,120,12.00153452685422,29.996164173379363,10,0.48924699425697327,0.26141563057899475,-0.2782745659351349,0.9999963045120239,0.4942702651023865,0.2516018748283386,-0.2676760256290436,0.9999873042106628,0.49721619486808777,0.2520124316215515,-0.26767444610595703,0.9999876618385315,0.4996618628501892,0.2525136470794678,-0.2676831781864166,0.9999885559082031,0.48610398173332214,0.25110724568367004,-0.2679857909679413,0.999984622001648,0.48335546255111694,0.2511938214302063,-0.2680259943008423,0.9999839663505554,0.48139145970344543,0.2514698803424835,-0.2680342495441437,0.9999834299087524,0.5037148594856262,0.26087716221809387,-0.1909208744764328,0.9999747276306152,0.47951042652130127,0.2596099376678467,-0.19274990260601044,0.9999614357948303,0.49410638213157654,0.2755742073059082,-0.24879218637943268,0.999994695186615,0.4837563931941986,0.2746566832065582,-0.24945098161697388,0.9999932050704956,0.5235319137573242,0.33374279737472534,-0.12638719379901886,0.999981701374054,0.46265795826911926,0.3361017405986786,-0.12643633782863617,0.9999422430992126,0.5303856730461121,0.4262147843837738,-0.08407355844974518,0.9940029978752136,0.4522467255592346,0.42678093910217285,-0.08702197670936584,0.9835357666015625,0.5297619104385376,0.5030004978179932,-0.14093942940235138,0.9841303825378418,0.4499574303627014,0.5070717334747314,-0.1391243189573288,0.9590672254562378,0.5308374166488647,0.5283263325691223,-0.16062337160110474,0.9589658975601196,0.44837772846221924,0.5330222845077515,-0.15856952965259552,0.9162762761116028,0.52632075548172,0.5284402966499329,-0.18448767066001892,0.9621061682701111,0.4532136917114258,0.5332921147346497,-0.18257419764995575,0.9217380285263062,0.5246722102165222,0.5198354125022888,-0.15105128288269043,0.9527307748794556,0.45533984899520874,0.5250940322875977,-0.1493355929851532,0.910761833190918,0.5067417025566101,0.4875890612602234,-0.00032844985253177583,0.9996767044067383,0.4706801772117615,0.48938706517219543,0.0002197383000748232,0.999576210975647,0.5074382424354553,0.622809648513794,-0.006549169309437275,0.9840494394302368,0.47259435057640076,0.6255868077278137,0.0010130347218364477,0.9761872887611389,0.5068331956863403,0.744967520236969,0.07970573008060455,0.9839365482330322,0.47309771180152893,0.7454468607902527,0.0916915014386177,0.9674323797225952,0.5048162937164307,0.7601600885391235,0.08210743963718414,0.7542121410369873,0.4748653173446655,0.7580410838127136,0.09508372098207474,0.6842790842056274,0.5035780072212219,0.7865190505981445,-0.01822681911289692,0.9720479249954224,0.47334718704223633,0.7864742875099182,-0.0006061414605937898,0.9572188258171082
sujin_stand_normal_03,363,121,12.101547314578005,29.996164173379363,10,0.4892503321170807,0.2612658739089966,-0.2653754651546478,0.9999961853027344,0.49427366256713867,0.2514968514442444,-0.25510069727897644,0.9999868273735046,0.4972156286239624,0.2519097924232483,-0.25509896874427795,0.9999872446060181,0.49963709712028503,0.2524222135543823,-0.2551048696041107,0.9999881982803345,0.4861219525337219,0.25103136897087097,-0.2549173831939697,0.9999840259552002,0.4834010899066925,0.2511141002178192,-0.25495201349258423,0.9999834299087524,0.4813987910747528,0.2513963580131531,-0.25496333837509155,0.9999828338623047,0.5037093758583069,0.2608279585838318,-0.18065929412841797,0.9999738931655884,0.47956526279449463,0.259484201669693,-0.18008111417293549,0.9999598860740662,0.49410706758499146,0.27539384365081787,-0.23676697909832,0.9999945163726807,0.4837588369846344,0.2745259702205658,-0.23673486709594727,0.9999929666519165,0.5235992074012756,0.3336709141731262,-0.11905571073293686,0.9999816417694092,0.462679386138916,0.33600080013275146,-0.11553625017404556,0.9999415278434753,0.5304887294769287,0.4261188507080078,-0.07698387652635574,0.9940003752708435,0.4522504508495331,0.42652761936187744,-0.07551205158233643,0.9833551645278931,0.5297704339027405,0.5030255913734436,-0.13212846219539642,0.9842097163200378,0.4498575031757355,0.5070414543151855,-0.12631815671920776,0.9587586522102356,0.5308343172073364,0.5285683870315552,-0.1510353535413742,0.9592175483703613,0.4483485519886017,0.5330249071121216,-0.1449686884880066,0.9158040881156921,0.5263185501098633,0.5285022854804993,-0.17474906146526337,0.962346076965332,0.45319995284080505,0.5332869291305542,-0.16873961687088013,0.921292245388031,0.524672269821167,0.5198579430580139,-0.14204652607440948,0.9530211091041565,0.4553249776363373,0.5250179171562195,-0.1364535242319107,0.9102612733840942,0.5067026019096375,0.4875941574573517,-0.00032874304451979697,0.9996779561042786,0.4705124795436859,0.4892858862876892,0.0002199764276156202,0.9995776414871216,0.5072677135467529,0.6222498416900635,-0.007763533387333155,0.9840900301933289,0.47259771823883057,0.6249556541442871,-0.0004504538082983345,0.9763428568840027,0.5068404078483582,0.7443892359733582,0.07697411626577377,0.9840455651283264,0.47310003638267517,0.7452713251113892,0.08844876289367676,0.967583954334259,0.5047587156295776,0.7583849430084229,0.07929658144712448,0.7544057369232178,0.47461381554603577,0.7576156854629517,0.0916585624217987,0.6836550831794739,0.5034703016281128,0.7863937616348267,-0.020375320687890053,0.9722815155982971,0.4731663465499878,0.7864388227462769,-0.0029756813310086727,0.9574779868125916
sujin_stand_normal_03,366,122,12.20156010230179,29.996164173379363,10,0.48924070596694946,0.26124438643455505,-0.2605392038822174,0.9999958276748657,0.49429118633270264,0.2514512836933136,-0.24996227025985718,0.9999856948852539,0.49724265933036804,0.2518768608570099,-0.24996672570705414,0.9999861121177673,0.4997326731681824,0.2523972988128662,-0.24997477233409882,0.9999871253967285,0.4861210286617279,0.25093692541122437,-0.25005632638931274,0.9999826550483704,0.48339778184890747,0.25100159645080566,-0.250090628862381,0.9999820590019226,0.481422483921051,0.2512635588645935,-0.2501032054424286,0.9999814033508301,0.5037873387336731,0.2608146369457245,-0.17531415820121765,0.9999712705612183,0.4795890748500824,0.2594156563282013,-0.1759573072195053,0.9999566674232483,0.4940955340862274,0.2753710448741913,-0.23193587362766266,0.9999940991401672,0.483755499124527,0.2744888663291931,-0.23225654661655426,0.9999924898147583,0.5235909223556519,0.3337351977825165,-0.11451390385627747,0.9999810457229614,0.4626818299293518,0.3359304368495941,-0.11342405527830124,0.9999396800994873,0.5302774310112,0.42615047097206116,-0.07300162315368652,0.9938409328460693,0.45221182703971863,0.42657631635665894,-0.07415645569562912,0.9832238554954529,0.529608428478241,0.5029628872871399,-0.1285586655139923,0.983880877494812,0.4498472511768341,0.5070184469223022,-0.12484227865934372,0.9586572647094727,0.5307759642601013,0.5285378098487854,-0.1476634442806244,0.958563506603241,0.44828614592552185,0.5328869223594666,-0.14353349804878235,0.915697455406189,0.5263059139251709,0.5284185409545898,-0.17064997553825378,0.9617364406585693,0.45319828391075134,0.5331016182899475,-0.16729800403118134,0.9212020635604858,0.5246368646621704,0.5198087692260742,-0.13833634555339813,0.9523572325706482,0.4553200900554657,0.5249627828598022,-0.1349644809961319,0.9103171229362488,0.5066890716552734,0.48763179779052734,-0.00044668043847195804,0.9996674656867981,0.47050875425338745,0.4894147515296936,0.0003401140565983951,0.9995588660240173,0.5072102546691895,0.6230424642562866,-0.00763812055811286,0.9832768440246582,0.4725986421108246,0.6254299879074097,6.630030839005485e-05,0.9746131300926208,0.506801962852478,0.7445822358131409,0.07924389094114304,0.9829528331756592,0.47377148270606995,0.7445827722549438,0.0931457057595253,0.9648717045783997,0.5048766732215881,0.7584293484687805,0.08190826326608658,0.7457399368286133,0.47558754682540894,0.7570884227752686,0.09707999974489212,0.6753096580505371,0.5038926005363464,0.7863883376121521,-0.016291385516524315,0.9704468250274658,0.4741238057613373,0.7853780388832092,0.0034689544700086117,0.954612135887146
sujin_stand_normal_03,369,123,12.301572890025575,29.996164173379363,10,0.48920586705207825,0.2614389955997467,-0.2562667727470398,0.999995768070221,0.4942939579486847,0.251544326543808,-0.24602822959423065,0.9999854564666748,0.4972628355026245,0.25196290016174316,-0.2460358738899231,0.999985933303833,0.4997401535511017,0.2524281442165375,-0.24604366719722748,0.9999869465827942,0.4860513508319855,0.25107866525650024,-0.24558167159557343,0.9999822378158569,0.4833248257637024,0.25117671489715576,-0.24561233818531036,0.9999815821647644,0.4813993275165558,0.25136303901672363,-0.24562303721904755,0.9999808669090271,0.5038636922836304,0.2608095705509186,-0.17319737374782562,0.9999709725379944,0.4795571267604828,0.2594720125198364,-0.17137697339057922,0.999955415725708,0.494093120098114,0.2754530906677246,-0.22840233147144318,0.9999940395355225,0.4837336540222168,0.27460142970085144,-0.22798623144626617,0.999992311000824,0.5234951972961426,0.3337380290031433,-0.11424748599529266,0.9999809861183167,0.4627346694469452,0.3359276056289673,-0.10804978758096695,0.9999378323554993,0.5299971103668213,0.4261760711669922,-0.07404425740242004,0.9938510060310364,0.4522194564342499,0.42645999789237976,-0.06807993352413177,0.9828702211380005,0.5293515920639038,0.5031216740608215,-0.1297171711921692,0.9840940237045288,0.4497376084327698,0.5070043206214905,-0.11912817507982254,0.958419919013977,0.5305936932563782,0.5285969972610474,-0.1488378942012787,0.9591646194458008,0.4481413960456848,0.5328788757324219,-0.13741329312324524,0.9154446125030518,0.5261572003364563,0.5284148454666138,-0.17208532989025116,0.9622761011123657,0.4530479609966278,0.533044695854187,-0.16121356189250946,0.920962929725647,0.5244490504264832,0.5198374390602112,-0.1395660936832428,0.9530313611030579,0.4551406800746918,0.5247572660446167,-0.1293039470911026,0.9102005958557129,0.5064387917518616,0.4876481890678406,-0.001174893113784492,0.9996662735939026,0.47022831439971924,0.4894103407859802,0.0010725189931690693,0.9995550513267517,0.5071939826011658,0.6229392886161804,-0.009031878784298897,0.98308926820755,0.47232574224472046,0.6254531741142273,0.0004810530517715961,0.9743709564208984,0.5067614316940308,0.7445138692855835,0.07312875241041183,0.9827872514724731,0.47367459535598755,0.744629442691803,0.088627390563488,0.9644116163253784,0.5046218633651733,0.7587345242500305,0.0751722976565361,0.7437395453453064,0.4755856692790985,0.7574440240859985,0.09175308048725128,0.6740649342536926,0.5038010478019714,0.7863531112670898,-0.022468606010079384,0.9701164364814758,0.4729517698287964,0.7853521108627319,-0.000999550218693912,0.9540755748748779
sujin_stand_normal_03,372,124,12.401585677749361,29.996164173379363,10,0.489194393157959,0.2613336741924286,-0.2756158709526062,0.999995768070221,0.49429839849472046,0.2514818608760834,-0.26489830017089844,0.9999854564666748,0.49726784229278564,0.2519024610519409,-0.2649012506008148,0.999985933303833,0.4997563660144806,0.25236040353775024,-0.264911025762558,0.9999869465827942,0.4860452115535736,0.2509743869304657,-0.2649722993373871,0.9999822974205017,0.4833213984966278,0.2510637938976288,-0.2650114595890045,0.9999816417694092,0.4814014434814453,0.25125354528427124,-0.26502296328544617,0.9999809265136719,0.5038672089576721,0.26075270771980286,-0.188493549823761,0.9999707341194153,0.47954803705215454,0.2594515383243561,-0.1890869438648224,0.9999555945396423,0.49407780170440674,0.27537474036216736,-0.24639548361301422,0.9999940395355225,0.4837228059768677,0.2744276821613312,-0.24669556319713593,0.9999923706054688,0.5233224034309387,0.33363163471221924,-0.12552376091480255,0.9999809265136719,0.4627249836921692,0.3359386622905731,-0.12383630871772766,0.9999372363090515,0.5298931002616882,0.42611002922058105,-0.08473513275384903,0.9939256310462952,0.45194950699806213,0.4269496202468872,-0.08598823100328445,0.9831212759017944,0.5293300151824951,0.5028805732727051,-0.14152498543262482,0.9843628406524658,0.449534147977829,0.5084996223449707,-0.13850395381450653,0.958990216255188,0.5304741263389587,0.5281692743301392,-0.16163270175457,0.9596832394599915,0.44813162088394165,0.5334638357162476,-0.15791836380958557,0.9162882566452026,0.5260258913040161,0.5279567241668701,-0.1849462389945984,0.9627516865730286,0.45309868454933167,0.5334066152572632,-0.18175075948238373,0.9217580556869507,0.5243273377418518,0.5194388628005981,-0.15135458111763,0.9535893201828003,0.4551387131214142,0.5255999565124512,-0.1485990732908249,0.9111140370368958,0.5064392685890198,0.4875543713569641,-0.0011558948317542672,0.9996602535247803,0.4702795147895813,0.4896596372127533,0.001051788916811347,0.9995450973510742,0.5072106719017029,0.6236886978149414,-0.008009913377463818,0.9829508066177368,0.4723831117153168,0.6269329190254211,0.0022195654455572367,0.9736379981040955,0.5067813992500305,0.7448148131370544,0.08347466588020325,0.9823940992355347,0.4740506410598755,0.7444056868553162,0.09755583107471466,0.9633280634880066,0.5052498579025269,0.7595167756080627,0.08656375110149384,0.7410910129547119,0.4758989214897156,0.7571763396263123,0.10167563706636429,0.6714411973953247,0.5040786862373352,0.7863019108772278,-0.01188790425658226,0.9693089127540588,0.47393566370010376,0.7842925190925598,0.007250871974974871,0.9528738260269165
sujin_stand_normal_03,375,125,12.501598465473146,29.996164173379363,10,0.48937398195266724,0.26132476329803467,-0.15849240124225616,0.9999952912330627,0.49455609917640686,0.2514771819114685,-0.14540936052799225,0.9999839663505554,0.49746838212013245,0.2519044578075409,-0.1454373002052307,0.9999844431877136,0.49976417422294617,0.25238218903541565,-0.14544622600078583,0.9999855756759644,0.48637041449546814,0.25091230869293213,-0.14631564915180206,0.9999800324440002,0.4837554097175598,0.25095176696777344,-0.14631237089633942,0.9999788999557495,0.48161450028419495,0.25102758407592773,-0.14630769193172455,0.9999781847000122,0.5039746165275574,0.26092153787612915,-0.0689302310347557,0.9999683499336243,0.4797554314136505,0.2590509355068207,-0.07291248440742493,0.9999504089355469,0.4941035509109497,0.27536600828170776,-0.13007943332195282,0.9999935626983643,0.4837999641895294,0.27434664964675903,-0.13124161958694458,0.9999917149543762,0.5228365063667297,0.3335843086242676,-0.020218469202518463,0.999981701374054,0.46275684237480164,0.33536937832832336,-0.02436005137860775,0.999934732913971,0.5311391949653625,0.41577786207199097,0.005509922280907631,0.9936500191688538,0.4510769248008728,0.4184398949146271,0.000270410964731127,0.9822506308555603,0.535114049911499,0.4883732497692108,-0.07247577607631683,0.9846775531768799,0.44716745615005493,0.48906317353248596,-0.062368981540203094,0.9582805633544922,0.5371020436286926,0.5118824243545532,-0.09532157331705093,0.9607965350151062,0.4439083933830261,0.5117828845977783,-0.08369714766740799,0.915378212928772,0.5341808795928955,0.5121486186981201,-0.11859206855297089,0.9638177156448364,0.4494401812553406,0.5124539136886597,-0.10762962698936462,0.9209957718849182,0.5320984721183777,0.5069288015365601,-0.08370629698038101,0.9547733664512634,0.45170167088508606,0.5064865946769714,-0.07339619845151901,0.9103429317474365,0.5059931874275208,0.4918918311595917,0.0011764817172661424,0.99966961145401,0.4699952304363251,0.49148818850517273,-0.0012091194512322545,0.9995504021644592,0.5072402358055115,0.625285267829895,-0.018837945535779,0.9829677939414978,0.47240588068962097,0.6291037201881409,-0.017809759825468063,0.9733678102493286,0.5068067908287048,0.7452399730682373,0.07219920307397842,0.982342004776001,0.47374680638313293,0.7452754378318787,0.07576422393321991,0.9633384943008423,0.5049545168876648,0.7605684399604797,0.07513361424207687,0.7387440204620361,0.475620836019516,0.7589738965034485,0.07905153930187225,0.6711280345916748,0.5042358040809631,0.7866275906562805,-0.02621339075267315,0.9693225622177124,0.47363516688346863,0.7854909896850586,-0.017963500693440437,0.9532293677330017
sujin_stand_normal_03,378,126,12.601611253196932,29.996164173379363,10,0.4897821545600891,0.26193997263908386,-0.11330945044755936,0.9999945759773254,0.49506717920303345,0.2518385648727417,-0.09902549535036087,0.9999834895133972,0.49804916977882385,0.2523100674152374,-0.0990990698337555,0.9999840259552002,0.5003594756126404,0.2527061402797699,-0.09915291517972946,0.9999852180480957,0.48668524622917175,0.2513347268104553,-0.09955644607543945,0.9999776482582092,0.4838969111442566,0.25136929750442505,-0.09953407198190689,0.9999752640724182,0.48185738921165466,0.25130048394203186,-0.09948708117008209,0.9999736547470093,0.5041700005531311,0.2609736919403076,-0.018340637907385826,0.9999694228172302,0.47981780767440796,0.25931063294410706,-0.020433375611901283,0.9999432563781738,0.49447065591812134,0.27613529562950134,-0.08371991664171219,0.9999932646751404,0.484188050031662,0.2750445604324341,-0.08422822505235672,0.9999906420707703,0.5220982432365417,0.3356906473636627,0.02049175649881363,0.9999828338623047,0.46276000142097473,0.3356458246707916,0.03140595555305481,0.9999201893806458,0.5312371253967285,0.41649219393730164,-0.008648024871945381,0.9919652342796326,0.4529111087322235,0.4187321066856384,0.016470132395625114,0.9665223360061646,0.5550256967544556,0.436092346906662,-0.14217227697372437,0.985196053981781,0.4323338568210602,0.44276002049446106,-0.10370931774377823,0.9564968943595886,0.5650581121444702,0.438193142414093,-0.17643409967422485,0.9629948735237122,0.42466649413108826,0.45124492049217224,-0.13624827563762665,0.9166537523269653,0.5654079914093018,0.4320388436317444,-0.19564656913280487,0.9659959077835083,0.4247940480709076,0.44587117433547974,-0.16070710122585297,0.9227131605148315,0.5617848038673401,0.4313553273677826,-0.1545322686433792,0.9573996067047119,0.4276428818702698,0.4430212378501892,-0.11998286843299866,0.9125068783760071,0.5058351755142212,0.4921375513076782,0.0006686361157335341,0.9996767640113831,0.470777302980423,0.4917711615562439,-0.0005926312878727913,0.9995356202125549,0.5073663592338562,0.6270648241043091,-0.025120437145233154,0.9834585189819336,0.4725278615951538,0.6305021643638611,-0.017873087897896767,0.9729883670806885,0.5067673325538635,0.7473217248916626,0.08098605275154114,0.9822871088981628,0.4737403094768524,0.7468485832214355,0.08694452792406082,0.9636868238449097,0.5048297047615051,0.7615424990653992,0.08651236444711685,0.7388995885848999,0.4757552444934845,0.7591849565505981,0.09224117547273636,0.6744516491889954,0.5048457980155945,0.7863805294036865,-0.011426370590925217,0.9690992832183838,0.47362643480300903,0.7854467034339905,-0.0036905694287270308,0.9534327387809753
sujin_stand_normal_03,381,127,12.701624040920716,29.996164173379363,10,0.4898242652416229,0.2623254656791687,-0.10866425931453705,0.9999945759773254,0.49513235688209534,0.25260260701179504,-0.0957815945148468,0.9999839067459106,0.4980870485305786,0.25306153297424316,-0.0958315059542656,0.9999845623970032,0.5003529191017151,0.2535359263420105,-0.09587506949901581,0.9999855160713196,0.48690417408943176,0.25187233090400696,-0.09551011770963669,0.999977171421051,0.4842332899570465,0.25177887082099915,-0.09550530463457108,0.9999744296073914,0.4819502532482147,0.25163668394088745,-0.09545739740133286,0.9999721050262451,0.5043323040008545,0.2613859474658966,-0.01993849314749241,0.9999714493751526,0.48007088899612427,0.2593268156051636,-0.019283641129732132,0.9999444484710693,0.49443256855010986,0.27629125118255615,-0.08060409873723984,0.9999933838844299,0.4841974675655365,0.27524593472480774,-0.0803617611527443,0.9999905824661255,0.522881269454956,0.3356165885925293,0.024406511336565018,0.9999839067459106,0.46357807517051697,0.3348166048526764,0.038181375712156296,0.9999181032180786,0.5331441760063171,0.4169006943702698,-0.014492780901491642,0.9920476675033569,0.4528898596763611,0.41893529891967773,0.033002354204654694,0.9647531509399414,0.5635702013969421,0.37345683574676514,-0.1456880122423172,0.9863913655281067,0.4201677143573761,0.3863947093486786,-0.07857363671064377,0.9599311947822571,0.5747471451759338,0.3665785789489746,-0.17355726659297943,0.9659465551376343,0.40984103083610535,0.37909194827079773,-0.10002769529819489,0.9233281016349792,0.574415385723114,0.3582213521003723,-0.18544381856918335,0.9687179327011108,0.4098438620567322,0.36926746368408203,-0.11917433142662048,0.9289857149124146,0.5703981518745422,0.3591867983341217,-0.15431895852088928,0.9607822895050049,0.41320571303367615,0.3698281943798065,-0.09056714177131653,0.9195693731307983,0.5058549046516418,0.49339717626571655,-0.0003504833148326725,0.9996846914291382,0.4708659052848816,0.49199268221855164,0.00045584922190755606,0.9995356798171997,0.5074135661125183,0.6270153522491455,-0.023403607308864594,0.9840385317802429,0.4725530743598938,0.6310909986495972,-0.015601561404764652,0.9739536046981812,0.5070430040359497,0.74787437915802,0.09274061769247055,0.9825234413146973,0.4735293686389923,0.7479602694511414,0.09235358238220215,0.9652834534645081,0.5046504735946655,0.7622327208518982,0.0991106703877449,0.7444612979888916,0.4753405749797821,0.7605283260345459,0.09795904159545898,0.6856523156166077,0.50472491979599,0.786386251449585,0.007412686012685299,0.9697961211204529,0.47348499298095703,0.7855618000030518,0.0056396066211164,0.9554035663604736
sujin_stand_normal_03,384,128,12.8016368286445,29.996164173379363,10,0.4903988242149353,0.26232820749282837,-0.12469999492168427,0.9999933242797852,0.4955703318119049,0.2526834309101105,-0.11166021227836609,0.9999827146530151,0.4985564947128296,0.25323450565338135,-0.11169513314962387,0.999983012676239,0.5006998777389526,0.25380080938339233,-0.11171964555978775,0.9999838471412659,0.4873937964439392,0.25184470415115356,-0.1109410896897316,0.9999749660491943,0.48468905687332153,0.2516908347606659,-0.11093247681856155,0.9999715685844421,0.48234987258911133,0.2514694929122925,-0.11092075705528259,0.9999693036079407,0.5045621991157532,0.26210662722587585,-0.03367307409644127,0.9999698996543884,0.4803076386451721,0.2593241035938263,-0.03065747208893299,0.9999387860298157,0.4947386682033539,0.2764725387096405,-0.0959509089589119,0.9999918341636658,0.4846027195453644,0.2752484083175659,-0.09525259584188461,0.9999882578849792,0.5226758718490601,0.33556249737739563,0.005081855226308107,0.9999699592590332,0.4637337327003479,0.33504652976989746,0.013680306263267994,0.9998619556427002,0.5326693058013916,0.4174658954143524,-0.09405962377786636,0.9899623394012451,0.45490095019340515,0.41969752311706543,-0.07291467487812042,0.9590295553207397,0.5409687757492065,0.3382800817489624,-0.24888624250888824,0.98664391040802,0.4398091435432434,0.34735995531082153,-0.2476545125246048,0.9614885449409485,0.5432661175727844,0.3217753767967224,-0.2779380679130554,0.9669041037559509,0.4311564564704895,0.3348230719566345,-0.27931246161460876,0.9267299771308899,0.5445037484169006,0.31437328457832336,-0.2740129232406616,0.9693036079406738,0.4288480877876282,0.3286442458629608,-0.2818140983581543,0.9318002462387085,0.5423284769058228,0.32183247804641724,-0.25122156739234924,0.9610111713409424,0.43283864855766296,0.33236706256866455,-0.2538180947303772,0.9220461249351501,0.5071060061454773,0.4949033260345459,-0.00027221240452490747,0.9996575117111206,0.4713328182697296,0.4931761622428894,0.0003221381630282849,0.9994665384292603,0.5075905323028564,0.6269876956939697,-0.022876398637890816,0.9842377305030823,0.4724782407283783,0.632781982421875,-0.012400963343679905,0.973084568977356,0.5068100690841675,0.7478806972503662,0.09707686305046082,0.9814860820770264,0.47268402576446533,0.7492027282714844,0.1043170690536499,0.9647461771965027,0.5041607618331909,0.7605934143066406,0.10407964885234833,0.736263632774353,0.47415798902511597,0.7607648372650146,0.11119487136602402,0.6843133568763733,0.5043829083442688,0.7869571447372437,0.010730307549238205,0.9691775441169739,0.47231337428092957,0.7874698042869568,0.019707072526216507,0.9553031325340271
sujin_stand_normal_03,387,129,12.901649616368287,29.996164173379363,10,0.4917052686214447,0.26363760232925415,-0.07435180991888046,0.9998765587806702,0.49684157967567444,0.2531903386116028,-0.06243420019745827,0.9997578263282776,0.4993498623371124,0.2536551058292389,-0.062473539263010025,0.9997467398643494,0.5012187361717224,0.2541888356208801,-0.0625181570649147,0.9997478127479553,0.488477885723114,0.25236520171165466,-0.06101393327116966,0.9996675252914429,0.4856680631637573,0.2522253394126892,-0.06101555749773979,0.9996110796928406,0.48306453227996826,0.2520166337490082,-0.061001889407634735,0.9996410012245178,0.5055640935897827,0.26219862699508667,0.010848046280443668,0.9997144341468811,0.4806317389011383,0.25934335589408875,0.018523210659623146,0.9993462562561035,0.496235191822052,0.2777102291584015,-0.046063683927059174,0.9998389482498169,0.48601967096328735,0.2765223979949951,-0.04403833672404289,0.9997919201850891,0.5239481329917908,0.3315834105014801,0.039294205605983734,0.9998962879180908,0.46429452300071716,0.33257657289505005,0.05402097851037979,0.9996903538703918,0.5264608860015869,0.4161401391029358,-0.03345572203397751,0.9860171675682068,0.46283775568008423,0.4197708070278168,-0.014807198196649551,0.9491605162620544,0.4979189336299896,0.3556382656097412,-0.11447636038064957,0.9807224273681641,0.4811599552631378,0.34810665249824524,-0.12334838509559631,0.9542939066886902,0.49351614713668823,0.335256963968277,-0.1368483453989029,0.9545905590057373,0.4856153130531311,0.32922637462615967,-0.14992672204971313,0.9137271642684937,0.49424731731414795,0.32794541120529175,-0.12757059931755066,0.9556369185447693,0.4833963215351105,0.3219672739505768,-0.14340129494667053,0.9164544343948364,0.49510157108306885,0.3335748314857483,-0.11272009462118149,0.9435338973999023,0.48263853788375854,0.3262781500816345,-0.12394983321428299,0.9025938510894775,0.5079656839370728,0.4956621527671814,-0.0003341919800732285,0.9996063113212585,0.4715181887149811,0.4942616820335388,0.0004051972064189613,0.9993886947631836,0.5076133608818054,0.6273385286331177,-0.02113295905292034,0.9839606881141663,0.4729476571083069,0.6327239274978638,-0.012983057647943497,0.9727622866630554,0.5074775218963623,0.7478371858596802,0.11156449466943741,0.980069100856781,0.47309643030166626,0.7494190335273743,0.11041536182165146,0.9646168947219849,0.5047038793563843,0.7607156038284302,0.12046005576848984,0.7280720472335815,0.4748510420322418,0.7609553337097168,0.11806004494428635,0.6838850378990173,0.504487156867981,0.7872083783149719,0.027576392516493797,0.9668788313865662,0.47236472368240356,0.788135290145874,0.025254113599658012,0.9541698694229126
sujin_stand_normal_03,390,130,13.001662404092071,29.996164173379363,10,0.4934018850326538,0.26387766003608704,-0.08690600097179413,0.9997658729553223,0.49824148416519165,0.2532886266708374,-0.07475855946540833,0.9995509386062622,0.5007864236831665,0.2537229359149933,-0.07480061054229736,0.9995272755622864,0.5023723244667053,0.25421497225761414,-0.07484427094459534,0.9995308518409729,0.48988327383995056,0.2524047791957855,-0.07388672232627869,0.9993811249732971,0.48712417483329773,0.25225967168807983,-0.07388601452112198,0.9992724061012268,0.48431164026260376,0.25206464529037476,-0.07387620955705643,0.9993292093276978,0.5065842270851135,0.2621517479419708,0.000388980726711452,0.9994674324989319,0.4816626012325287,0.2593284547328949,0.005709427408874035,0.9987658262252808,0.49789750576019287,0.27797845005989075,-0.0579710528254509,0.9996981620788574,0.4876723885536194,0.27664661407470703,-0.056621257215738297,0.9996102452278137,0.5250634551048279,0.330840528011322,0.032513782382011414,0.9998152852058411,0.4648587107658386,0.3318297266960144,0.0421164445579052,0.9994909167289734,0.5269080400466919,0.4162139296531677,-0.0358206070959568,0.9818103313446045,0.4637310206890106,0.4195454716682434,-0.020183829590678215,0.9409679770469666,0.4996638000011444,0.3551360070705414,-0.12435681372880936,0.9751065969467163,0.4850528836250305,0.3473944664001465,-0.13094975054264069,0.948618471622467,0.4951775372028351,0.33363839983940125,-0.1475399136543274,0.9429881572723389,0.48868510127067566,0.3271579146385193,-0.1573026031255722,0.9032033681869507,0.495917946100235,0.3271673619747162,-0.13971346616744995,0.9428678750991821,0.4863244295120239,0.3204331398010254,-0.1543104648590088,0.9039533734321594,0.49700048565864563,0.3328556418418884,-0.12347816675901413,0.9271928071975708,0.4858749210834503,0.32563114166259766,-0.13326971232891083,0.886327862739563,0.5092204809188843,0.49626675248146057,8.231256651924923e-05,0.9995348453521729,0.4723135232925415,0.49452733993530273,2.2901729153090855e-06,0.999287486076355,0.5087714791297913,0.6274601221084595,-0.016729112714529037,0.9834849238395691,0.473079651594162,0.6324871182441711,-0.012294293381273746,0.9721177220344543,0.5076290369033813,0.7478315830230713,0.11713197082281113,0.978483259677887,0.4730583429336548,0.7494468092918396,0.11356358975172043,0.9642612934112549,0.5048685073852539,0.7603875398635864,0.1260811686515808,0.7210513949394226,0.4746934473514557,0.7609575986862183,0.12127862125635147,0.6828879117965698,0.5045265555381775,0.7872374653816223,0.032840512692928314,0.9646965861320496,0.4723706841468811,0.7882356643676758,0.027792664244771004,0.9530752301216125
