sample_id,frame_idx,pose_idx,time_sec,original_fps,target_fps,kp_0_x,kp_0_y,kp_0_z,kp_0_visibility,kp_1_x,kp_1_y,kp_1_z,kp_1_visibility,kp_2_x,kp_2_y,kp_2_z,kp_2_visibility,kp_3_x,kp_3_y,kp_3_z,kp_3_visibility,kp_4_x,kp_4_y,kp_4_z,kp_4_visibility,kp_5_x,kp_5_y,kp_5_z,kp_5_visibility,kp_6_x,kp_6_y,kp_6_z,kp_6_visibility,kp_7_x,kp_7_y,kp_7_z,kp_7_visibility,kp_8_x,kp_8_y,kp_8_z,kp_8_visibility,kp_9_x,kp_9_y,kp_9_z,kp_9_visibility,kp_10_x,kp_10_y,kp_10_z,kp_10_visibility,kp_11_x,kp_11_y,kp_11_z,kp_11_visibility,kp_12_x,kp_12_y,kp_12_z,kp_12_visibility,kp_13_x,kp_13_y,kp_13_z,kp_13_visibility,kp_14_x,kp_14_y,kp_14_z,kp_14_visibility,kp_15_x,kp_15_y,kp_15_z,kp_15_visibility,kp_16_x,kp_16_y,kp_16_z,kp_16_visibility,kp_17_x,kp_17_y,kp_17_z,kp_17_visibility,kp_18_x,kp_18_y,kp_18_z,kp_18_visibility,kp_19_x,kp_19_y,kp_19_z,kp_19_visibility,kp_20_x,kp_20_y,kp_20_z,kp_20_visibility,kp_21_x,kp_21_y,kp_21_z,kp_21_visibility,kp_22_x,kp_22_y,kp_22_z,kp_22_visibility,kp_23_x,kp_23_y,kp_23_z,kp_23_visibility,kp_24_x,kp_24_y,kp_24_z,kp_24_visibility,kp_25_x,kp_25_y,kp_25_z,kp_25_visibility,kp_26_x,kp_26_y,kp_26_z,kp_26_visibility,kp_27_x,kp_27_y,kp_27_z,kp_27_visibility,kp_28_x,kp_28_y,kp_28_z,kp_28_visibility,kp_29_x,kp_29_y,kp_29_z,kp_29_visibility,kp_30_x,kp_30_y,kp_30_z,kp_30_visibility,kp_31_x,kp_31_y,kp_31_z,kp_31_visibility,kp_32_x,kp_32_y,kp_32_z,kp_32_visibility
sujin_fall_normal_10,0,0,0.0,29.9961444544403,10,0.6649743318557739,0.3534329831600189,-0.10456950217485428,0.9993879795074463,0.6686655282974243,0.344771146774292,-0.09110376238822937,0.9990494847297668,0.6713855862617493,0.34548500180244446,-0.09115077555179596,0.9989089965820312,0.6733362674713135,0.3466580808162689,-0.09118978679180145,0.9989389777183533,0.6608675122261047,0.34405773878097534,-0.09247233718633652,0.9986742734909058,0.6581943035125732,0.3440770208835602,-0.09245853871107101,0.998399555683136,0.6552914381027222,0.34440818428993225,-0.09245788305997849,0.9986281394958496,0.6764564514160156,0.35510534048080444,-0.005341620184481144,0.9986217021942139,0.6514992117881775,0.3537420332431793,-0.011792747303843498,0.9979614019393921,0.6692513823509216,0.36925408244132996,-0.07133923470973969,0.9993082284927368,0.6593285799026489,0.36714330315589905,-0.07324083894491196,0.9992690682411194,0.6928194761276245,0.424467533826828,0.038936201483011246,0.9997579455375671,0.6324452757835388,0.42542755603790283,0.02912190370261669,0.9991662502288818,0.7004146575927734,0.5189313888549805,-0.0210842564702034,0.9433234930038452,0.6286059617996216,0.5140087604522705,-0.03965559974312782,0.934779167175293,0.6745262145996094,0.4633733034133911,-0.14231941103935242,0.9496205449104309,0.6603460311889648,0.45122671127319336,-0.16261403262615204,0.9356472492218018,0.6715012192726135,0.44255104660987854,-0.1719363033771515,0.8932203054428101,0.6672567129135132,0.43144136667251587,-0.1909801959991455,0.8654175996780396,0.6725847125053406,0.43219447135925293,-0.16640211641788483,0.8885042071342468,0.6657721400260925,0.4217418432235718,-0.18639837205410004,0.8501341938972473,0.6725128293037415,0.43991619348526,-0.14317986369132996,0.8458517789840698,0.6634346842765808,0.42932409048080444,-0.16311827301979065,0.7923764586448669,0.6820002794265747,0.5863001942634583,0.0030913902446627617,0.9989036321640015,0.6446638107299805,0.5881505012512207,-0.002971451263874769,0.9978785514831543,0.676069438457489,0.7342702746391296,-0.03390428051352501,0.8988202214241028,0.642731249332428,0.7308557033538818,-0.02843560092151165,0.8751278519630432,0.6666145324707031,0.8612216114997864,0.08832065761089325,0.8627433180809021,0.6402037143707275,0.8487424850463867,0.0956549197435379,0.8344635963439941,0.6635896563529968,0.8715956211090088,0.09591343253850937,0.5296257138252258,0.6408175230026245,0.8668738603591919,0.10329557210206985,0.48846301436424255,0.6672853827476501,0.9058071374893188,0.0004992863396182656,0.849281907081604,0.6416457295417786,0.8929893374443054,0.00691205682232976,0.8197428584098816
sujin_fall_normal_10,3,1,0.10001285347043702,29.9961444544403,10,0.6652516722679138,0.35435017943382263,-0.11236970871686935,0.9994232654571533,0.668710470199585,0.34537386894226074,-0.09835220873355865,0.9991042613983154,0.6713716983795166,0.34595778584480286,-0.09839317947626114,0.9989699125289917,0.6733531355857849,0.3469415307044983,-0.098420150578022,0.9989926815032959,0.6611069440841675,0.34478822350502014,-0.10061264038085938,0.9987586736679077,0.6583153009414673,0.34487125277519226,-0.10060913115739822,0.9985016584396362,0.6554162502288818,0.34513431787490845,-0.10061225295066833,0.9987151026725769,0.6764565110206604,0.35511019825935364,-0.009136640466749668,0.9986938834190369,0.6514047980308533,0.3538281321525574,-0.01979375258088112,0.998112142086029,0.6693007946014404,0.3693009316921234,-0.07782314717769623,0.999351441860199,0.6594517827033997,0.36766353249549866,-0.08092217892408371,0.9993219375610352,0.6939115524291992,0.42470332980155945,0.0387178510427475,0.9997571706771851,0.6324406862258911,0.4253924787044525,0.027638455852866173,0.9992135167121887,0.7008141279220581,0.518757164478302,-0.02117770165205002,0.9434751272201538,0.6275205016136169,0.5147148966789246,-0.03377513587474823,0.9382871389389038,0.6763489246368408,0.47220921516418457,-0.1612398773431778,0.9502211213111877,0.6602269411087036,0.4638512134552002,-0.1559738963842392,0.9390637278556824,0.6737209558486938,0.45640069246292114,-0.19436416029930115,0.8945842385292053,0.6677541732788086,0.44839003682136536,-0.18375639617443085,0.8716561794281006,0.674399197101593,0.4452185034751892,-0.19108520448207855,0.8900842070579529,0.6663089990615845,0.4374259412288666,-0.18198272585868835,0.8571576476097107,0.6741045713424683,0.45025089383125305,-0.1635417342185974,0.8479031920433044,0.6638315916061401,0.442412793636322,-0.15704654157161713,0.8016364574432373,0.6830351948738098,0.5862998962402344,0.0031342192087322474,0.998844563961029,0.6453776955604553,0.5881685018539429,-0.0030136466957628727,0.997892439365387,0.6774139404296875,0.7349392175674438,-0.02799760177731514,0.9009237885475159,0.6429746747016907,0.7308711409568787,-0.029700925573706627,0.8792898058891296,0.6682550311088562,0.8612679839134216,0.09657115489244461,0.8656065464019775,0.6434361338615417,0.8507663607597351,0.09303689748048782,0.839933454990387,0.6658840775489807,0.8755702376365662,0.10386964678764343,0.5438944101333618,0.646757960319519,0.8703561425209045,0.10006638616323471,0.49985387921333313,0.6704806685447693,0.9056181907653809,0.0073407799936831,0.8512102961540222,0.6458645462989807,0.8978367447853088,-0.0008879558881744742,0.823466420173645
sujin_fall_normal_10,6,2,0.20002570694087404,29.9961444544403,10,0.6658374071121216,0.35570961236953735,-0.12933555245399475,0.9994165897369385,0.6689263582229614,0.3460254669189453,-0.11603774130344391,0.9990895986557007,0.6714898943901062,0.3465209901332855,-0.11607858538627625,0.9989460706710815,0.6736410856246948,0.34732282161712646,-0.1160982996225357,0.9989551901817322,0.6616588830947876,0.34538033604621887,-0.11793837696313858,0.9987730979919434,0.6587400436401367,0.34555351734161377,-0.11794155091047287,0.9985297918319702,0.6558511257171631,0.3458930253982544,-0.11796927452087402,0.9987422823905945,0.6767517924308777,0.35511648654937744,-0.029389388859272003,0.9986134767532349,0.6517122387886047,0.35393011569976807,-0.03848818317055702,0.9981884360313416,0.6696268916130066,0.36964184045791626,-0.09588224440813065,0.9993588328361511,0.6600834727287292,0.36849552392959595,-0.09846727550029755,0.9993489980697632,0.6963432431221008,0.4250508248806,0.021570291370153427,0.999733567237854,0.6334109902381897,0.425407350063324,0.007594394497573376,0.9992529153823853,0.7012068033218384,0.5146042704582214,-0.02496022917330265,0.933770477771759,0.6237786412239075,0.5151106119155884,-0.04734243452548981,0.941240131855011,0.683451771736145,0.5018190145492554,-0.17300190031528473,0.9413860440254211,0.6589121222496033,0.48735734820365906,-0.17546914517879486,0.940789520740509,0.6783732175827026,0.4952666163444519,-0.2068757265806198,0.8851602077484131,0.6685227155685425,0.48311254382133484,-0.20469658076763153,0.8755436539649963,0.6786368489265442,0.48361507058143616,-0.20992174744606018,0.8812342286109924,0.6695290803909302,0.47265827655792236,-0.20618166029453278,0.8617968559265137,0.6794769167900085,0.4843761920928955,-0.17788290977478027,0.8377642631530762,0.6671043634414673,0.4720960259437561,-0.17762865126132965,0.8079548478126526,0.6843503713607788,0.5886663198471069,0.00323990685865283,0.9988137483596802,0.6472698450088501,0.5903254747390747,-0.0031379866413772106,0.9979100823402405,0.6807188391685486,0.7403833866119385,-0.023961057886481285,0.9049340486526489,0.6435348987579346,0.7320866584777832,-0.010889364406466484,0.8845926523208618,0.6722193956375122,0.8662810325622559,0.0992589145898819,0.8716937899589539,0.6431615352630615,0.854277491569519,0.1175919845700264,0.8468844890594482,0.6677874326705933,0.8821688890457153,0.10600893199443817,0.5599250793457031,0.6455950140953064,0.8710698485374451,0.12515650689601898,0.5104196071624756,0.6758206486701965,0.9085170030593872,0.008454102091491222,0.8564901947975159,0.6463416218757629,0.9031035900115967,0.02572375349700451,0.8302755355834961
sujin_fall_normal_10,9,3,0.30003856041131105,29.9961444544403,10,0.6664615869522095,0.35515403747558594,-0.1485595852136612,0.9994071125984192,0.6694601774215698,0.3455180823802948,-0.13405939936637878,0.999051570892334,0.67168790102005,0.34591540694236755,-0.13411357998847961,0.9988918304443359,0.6738511919975281,0.34633105993270874,-0.1341397911310196,0.9988835453987122,0.6621703505516052,0.34525370597839355,-0.13603179156780243,0.9987898468971252,0.6592292785644531,0.34548667073249817,-0.13604560494422913,0.9985664486885071,0.6564849019050598,0.34584447741508484,-0.13609057664871216,0.998779296875,0.6770613193511963,0.35370370745658875,-0.05011403560638428,0.9984470009803772,0.6521404385566711,0.3539363443851471,-0.0603947751224041,0.9982745051383972,0.6704830527305603,0.3690893054008484,-0.11694513261318207,0.99933922290802,0.6607115268707275,0.36843186616897583,-0.1198921948671341,0.9993684887886047,0.6974617838859558,0.42530357837677,-0.006306083407253027,0.9996676445007324,0.6347535848617554,0.42632052302360535,-0.020293045789003372,0.9992882013320923,0.7040894031524658,0.5074610710144043,-0.033332958817481995,0.9207143187522888,0.6228734254837036,0.5150138139724731,-0.05837142467498779,0.944514274597168,0.6870177388191223,0.5195156931877136,-0.1675673872232437,0.9149654507637024,0.6599732041358948,0.5185307264328003,-0.1625218689441681,0.9400099515914917,0.6830726861953735,0.5252641439437866,-0.19965355098247528,0.8590568900108337,0.6726523041725159,0.5274418592453003,-0.1893766224384308,0.8756148815155029,0.6802355647087097,0.5138847827911377,-0.19820424914360046,0.856318473815918,0.6757094264030457,0.5160332918167114,-0.19416113197803497,0.8626658320426941,0.6806830167770386,0.5108535289764404,-0.1695515364408493,0.8133426308631897,0.672807514667511,0.5121392011642456,-0.16469675302505493,0.8099834322929382,0.6853152513504028,0.5902477502822876,-0.000842178356833756,0.9986732006072998,0.6483625173568726,0.5904883146286011,0.0009688208228908479,0.9978041052818298,0.6814908981323242,0.7369142174720764,-0.030475953593850136,0.8792029023170471,0.6455293297767639,0.731683611869812,-0.008693072013556957,0.8616601824760437,0.6744750142097473,0.8645159602165222,0.06658990681171417,0.8425624370574951,0.6487399339675903,0.8570650815963745,0.1006169468164444,0.8229119181632996,0.6711299419403076,0.8812967538833618,0.07142463326454163,0.5427846908569336,0.651081919670105,0.873376727104187,0.10630067437887192,0.4971800148487091,0.6765517592430115,0.9038506746292114,-0.013944610022008419,0.8282814621925354,0.6460052728652954,0.9026581048965454,0.02346193604171276,0.8035804033279419
sujin_fall_normal_10,12,4,0.4000514138817481,29.9961444544403,10,0.667234480381012,0.35401296615600586,-0.1680794060230255,0.999450147151947,0.6704725027084351,0.344864159822464,-0.15313933789730072,0.9991142153739929,0.6726697683334351,0.34521618485450745,-0.1531762033700943,0.9989631175994873,0.6751338243484497,0.34556078910827637,-0.15318754315376282,0.9989513158798218,0.6631289720535278,0.34470900893211365,-0.1554025113582611,0.9988850951194763,0.6601340174674988,0.34507736563682556,-0.1554269939661026,0.9986844658851624,0.6573151350021362,0.34555912017822266,-0.15546321868896484,0.9988803267478943,0.678453803062439,0.3531431257724762,-0.06682632863521576,0.9985154867172241,0.6531136631965637,0.353769451379776,-0.0784178152680397,0.9984230995178223,0.6715505123138428,0.368338942527771,-0.13554969429969788,0.9993824362754822,0.6614611148834229,0.367613822221756,-0.1388532668352127,0.9994189143180847,0.6984492540359497,0.42526835203170776,-0.014571906067430973,0.9996642470359802,0.635525643825531,0.42734336853027344,-0.030574023723602295,0.9993376731872559,0.7069312334060669,0.5082923173904419,-0.025529859587550163,0.9221020340919495,0.6234665513038635,0.5152456760406494,-0.04330025985836983,0.9479846358299255,0.689655601978302,0.5508674383163452,-0.1382954716682434,0.910595715045929,0.6588337421417236,0.5496128797531128,-0.1311110556125641,0.9417631030082703,0.6841312050819397,0.5645903944969177,-0.16965650022029877,0.8541045784950256,0.6721367239952087,0.5641117691993713,-0.1575070172548294,0.880178689956665,0.6802777647972107,0.5566120743751526,-0.18182215094566345,0.8521499633789062,0.6745983958244324,0.5563958883285522,-0.1677647978067398,0.8684115409851074,0.6807117462158203,0.5514165163040161,-0.14562389254570007,0.8100074529647827,0.6718327403068542,0.5508356690406799,-0.13538208603858948,0.8181175589561462,0.6863182187080383,0.5909157991409302,-0.0019075946183875203,0.9985824823379517,0.6496403813362122,0.5914949178695679,0.002017711754888296,0.9977916479110718,0.6825060248374939,0.7368422150611877,-0.030799098312854767,0.8669233918190002,0.6465938091278076,0.731242299079895,-0.019851313903927803,0.8517698645591736,0.6754292249679565,0.870598554611206,0.03212396427989006,0.8313892483711243,0.6492049694061279,0.858151912689209,0.047434139996767044,0.8135536313056946,0.6719399690628052,0.8891716599464417,0.032576367259025574,0.5351977348327637,0.6543949246406555,0.8795073628425598,0.04886056110262871,0.4932762682437897,0.6787235736846924,0.9069426655769348,-0.05709848552942276,0.8151176571846008,0.6465769410133362,0.9024110436439514,-0.0412282794713974,0.7913374304771423
sujin_fall_normal_10,15,5,0.5000642673521851,29.9961444544403,10,0.6679827570915222,0.3539911210536957,-0.21587875485420227,0.999498188495636,0.6712864637374878,0.3447832465171814,-0.20225337147712708,0.9991856813430786,0.6732977032661438,0.34510597586631775,-0.20229116082191467,0.9990480542182922,0.6757901310920715,0.3454282581806183,-0.20232349634170532,0.9990361332893372,0.6638062000274658,0.3446626365184784,-0.20599311590194702,0.9989814162254333,0.6607289910316467,0.34500935673713684,-0.2060375064611435,0.9988017678260803,0.6579555869102478,0.3454360067844391,-0.2060675472021103,0.9989792704582214,0.6787658333778381,0.35304778814315796,-0.11898397654294968,0.9986228942871094,0.6533771753311157,0.3536754548549652,-0.1373441368341446,0.998564600944519,0.6721653342247009,0.36833319067955017,-0.18368153274059296,0.999431312084198,0.6619833707809448,0.36761951446533203,-0.1889972984790802,0.9994668364524841,0.6982454061508179,0.4248504638671875,-0.0557258240878582,0.9996712803840637,0.6356303095817566,0.42777732014656067,-0.07860289514064789,0.9993767142295837,0.7057833075523376,0.5087384581565857,-0.024976126849651337,0.9254778027534485,0.6312587261199951,0.5191751718521118,-0.05268031731247902,0.9511964917182922,0.6887280941009521,0.5739793181419373,-0.10179789364337921,0.9096255302429199,0.6567338109016418,0.5760685205459595,-0.12102818489074707,0.9435238242149353,0.6835625171661377,0.5923793315887451,-0.12568889558315277,0.8511911630630493,0.6647046804428101,0.595829963684082,-0.14489266276359558,0.8844907283782959,0.6801468133926392,0.5834998488426208,-0.14235134422779083,0.8499603867530823,0.6709150075912476,0.5846008062362671,-0.15827985107898712,0.8739441633224487,0.6804958581924438,0.5763189792633057,-0.10986331105232239,0.8088410496711731,0.6692861318588257,0.5776903629302979,-0.1264760047197342,0.8264920711517334,0.686263382434845,0.5827456116676331,-0.003111850703135133,0.9985323548316956,0.6495568156242371,0.5866985321044922,0.0031811113003641367,0.9978218674659729,0.6860416531562805,0.7239412665367126,-0.058704838156700134,0.8594578504562378,0.646204948425293,0.7262997627258301,-0.06428983807563782,0.8425585627555847,0.6796920895576477,0.8666549921035767,-0.012081396766006947,0.8210256099700928,0.6483020186424255,0.8559693098068237,-0.00575090991333127,0.8057577013969421,0.6761522889137268,0.8877481818199158,-0.0131457494571805,0.5258884429931641,0.6547242403030396,0.8780965805053711,-0.005150339100509882,0.48964035511016846,0.6793672442436218,0.9060124158859253,-0.1051454246044159,0.8007887005805969,0.646514356136322,0.8978257775306702,-0.09941722452640533,0.7804588079452515
sujin_fall_normal_10,18,6,0.6000771208226221,29.9961444544403,10,0.6681291460990906,0.3539116382598877,-0.2778150737285614,0.9995436668395996,0.6714488863945007,0.34465253353118896,-0.2650734782218933,0.9992557168006897,0.6736949682235718,0.345036119222641,-0.26508060097694397,0.9991298913955688,0.6761344075202942,0.3454200029373169,-0.26511362195014954,0.9991179704666138,0.6639736890792847,0.34435606002807617,-0.26903632283210754,0.9990736842155457,0.6608731150627136,0.3447129428386688,-0.2691091299057007,0.9989128708839417,0.6579856276512146,0.34521347284317017,-0.26915961503982544,0.999073326587677,0.6792212128639221,0.3531692922115326,-0.17796507477760315,0.9987289905548096,0.6534479856491089,0.3536701798439026,-0.19730645418167114,0.9986981749534607,0.6722586154937744,0.368151992559433,-0.24359485507011414,0.9994802474975586,0.6620040535926819,0.3674864172935486,-0.24923747777938843,0.9995139241218567,0.6989381909370422,0.4250631332397461,-0.09672261029481888,0.9996625781059265,0.6356820464134216,0.4277597963809967,-0.14162077009677887,0.9994194507598877,0.7049381732940674,0.5147682428359985,-0.053429797291755676,0.9277007579803467,0.6338098645210266,0.5208520293235779,-0.12191512435674667,0.9546934366226196,0.6905980706214905,0.5847874283790588,-0.11786004155874252,0.9082553386688232,0.6559261083602905,0.5821767449378967,-0.18269547820091248,0.9461365342140198,0.6851421594619751,0.6009262204170227,-0.14205142855644226,0.8463555574417114,0.6634806394577026,0.6008502244949341,-0.20727233588695526,0.8896802067756653,0.6805852055549622,0.5958305597305298,-0.1564117819070816,0.8458863496780396,0.6702977418899536,0.593754768371582,-0.22106710076332092,0.8802152276039124,0.6811923980712891,0.5907576084136963,-0.12383011728525162,0.8058773875236511,0.6691324710845947,0.5877596735954285,-0.1880408078432083,0.8355135917663574,0.6866991519927979,0.5822944641113281,0.0006496428977698088,0.9984977841377258,0.6497575640678406,0.5855957865715027,-0.0006567226955667138,0.997903048992157,0.6856598258018494,0.724746584892273,-0.035782232880592346,0.849647045135498,0.6466709971427917,0.7264822721481323,-0.04905122518539429,0.8316506743431091,0.6804868578910828,0.8633828163146973,-0.010065961629152298,0.8100654482841492,0.6481657028198242,0.8571606874465942,0.023522835224866867,0.7996299266815186,0.6785838603973389,0.8800520896911621,0.005670510232448578,0.5205650925636292,0.6544784307479858,0.879092276096344,0.025328628718852997,0.48164644837379456,0.6822362542152405,0.9036925435066223,-0.08544787019491196,0.7887604832649231,0.6480759978294373,0.9005126953125,-0.0724463239312172,0.7742320895195007
sujin_fall_normal_10,21,7,0.7000899742930592,29.9961444544403,10,0.6678420305252075,0.3537888526916504,-0.26403456926345825,0.9995851516723633,0.6714494824409485,0.34443968534469604,-0.25055450201034546,0.9993202686309814,0.6736580729484558,0.34494590759277344,-0.2505698800086975,0.9992048144340515,0.6760963201522827,0.34540531039237976,-0.2506053149700165,0.9991933703422546,0.663913369178772,0.3440380096435547,-0.2538411617279053,0.9991580247879028,0.660744309425354,0.34443676471710205,-0.25390389561653137,0.9990134239196777,0.6579412817955017,0.3449806571006775,-0.25395411252975464,0.9991584420204163,0.6792418360710144,0.35316938161849976,-0.16374798119068146,0.998827338218689,0.6534271836280823,0.3535797595977783,-0.18046948313713074,0.9988188743591309,0.6721428036689758,0.3680080473423004,-0.23037028312683105,0.9995254874229431,0.6617256999015808,0.3673706352710724,-0.23521216213703156,0.9995572566986084,0.6986494660377502,0.42582082748413086,-0.08733871579170227,0.9996643662452698,0.635697603225708,0.42762458324432373,-0.12564389407634735,0.9994592070579529,0.7038485407829285,0.5176154375076294,-0.05313153937458992,0.9314814209938049,0.6334742307662964,0.5207338929176331,-0.10848475992679596,0.9578179121017456,0.6902192234992981,0.5819440484046936,-0.11875873059034348,0.9109400510787964,0.6559993624687195,0.5836454033851624,-0.17161883413791656,0.9484850764274597,0.6848639845848083,0.598905086517334,-0.14653262495994568,0.8477547764778137,0.6636556386947632,0.6018187999725342,-0.19619131088256836,0.8941923975944519,0.6803498864173889,0.5921246409416199,-0.15963108837604523,0.8477573394775391,0.6703278422355652,0.5946898460388184,-0.20813533663749695,0.8856474161148071,0.6809692978858948,0.5860324501991272,-0.1267315149307251,0.8088986277580261,0.6693629622459412,0.5885106325149536,-0.17627233266830444,0.8434851765632629,0.6859102249145508,0.5801912546157837,0.0009238661732524633,0.99845290184021,0.6494824290275574,0.5847759246826172,-0.0009293868788518012,0.9979703426361084,0.6858693361282349,0.7231151461601257,-0.042762018740177155,0.8296091556549072,0.6465782523155212,0.7274665832519531,-0.059319958090782166,0.8105359673500061,0.6802423000335693,0.8613783121109009,0.010612289421260357,0.7842381596565247,0.648115873336792,0.8587642908096313,0.006363223772495985,0.7804649472236633,0.6781125664710999,0.879778265953064,0.012556391768157482,0.50785893201828,0.6512069702148438,0.8816379904747009,0.0077498480677604675,0.4668186604976654,0.6826500296592712,0.8988716006278992,-0.07699518650770187,0.7626469731330872,0.6471876502037048,0.9035741090774536,-0.09059678018093109,0.7539405226707458
sujin_fall_normal_10,24,8,0.8001028277634962,29.9961444544403,10,0.6674163937568665,0.35378360748291016,-0.27487999200820923,0.9996243715286255,0.6713926792144775,0.3448892831802368,-0.26079705357551575,0.9993830323219299,0.6735308766365051,0.34530559182167053,-0.26080524921417236,0.9992777109146118,0.6760454773902893,0.345773309469223,-0.2608376145362854,0.9992668628692627,0.6635757684707642,0.34462299942970276,-0.26474714279174805,0.9992377161979675,0.6601834893226624,0.34499669075012207,-0.2648128867149353,0.9991076588630676,0.6574859619140625,0.34564152359962463,-0.2648513913154602,0.9992385506629944,0.679240345954895,0.3531779944896698,-0.17008553445339203,0.9989269971847534,0.6532750725746155,0.35366231203079224,-0.19010567665100098,0.998931884765625,0.6720196604728699,0.36799758672714233,-0.23978513479232788,0.9995690584182739,0.6614128351211548,0.3673681616783142,-0.24558402597904205,0.999598503112793,0.6984161138534546,0.4258355498313904,-0.08793993294239044,0.9996743202209473,0.6356417536735535,0.4276011288166046,-0.13601937890052795,0.9994986653327942,0.7031553387641907,0.5180604457855225,-0.04940200597047806,0.9341695308685303,0.632922887802124,0.5204498171806335,-0.12058065831661224,0.9610865116119385,0.6901171803474426,0.5827293992042542,-0.1197013333439827,0.912990391254425,0.6552029252052307,0.5819787383079529,-0.18445192277431488,0.9513558149337769,0.6845479607582092,0.5992649793624878,-0.14284327626228333,0.8485244512557983,0.6626713871955872,0.6008613705635071,-0.21042534708976746,0.8996482491493225,0.6797568798065186,0.5931220054626465,-0.1604669690132141,0.8489133715629578,0.6698617935180664,0.5935804843902588,-0.22113439440727234,0.8918921947479248,0.6804031133651733,0.5879499316215515,-0.12816159427165985,0.8111037611961365,0.6690891981124878,0.5873324275016785,-0.18860481679439545,0.8521696925163269,0.6861046552658081,0.5790824294090271,0.0032685829792171717,0.9984645247459412,0.6495563983917236,0.5833754539489746,-0.0032704772893339396,0.9980587363243103,0.6874122023582458,0.7202606797218323,-0.04264746606349945,0.8109555244445801,0.6463016271591187,0.7269943952560425,-0.06226709112524986,0.7947706580162048,0.6812183856964111,0.8545896410942078,0.023985743522644043,0.761115550994873,0.647979199886322,0.8565323352813721,0.01297178864479065,0.7672854661941528,0.6777333617210388,0.8733325004577637,0.026504777371883392,0.5010241270065308,0.6526108384132385,0.8757383823394775,0.015502667054533958,0.4560069739818573,0.6835058331489563,0.8949173092842102,-0.06068764999508858,0.7409728169441223,0.6471341252326965,0.9033369421958923,-0.08273368328809738,0.7384166717529297
sujin_fall_normal_10,27,9,0.9001156812339333,29.9961444544403,10,0.6671382188796997,0.3539634048938751,-0.2725420892238617,0.9996598958969116,0.6712172627449036,0.3452499806880951,-0.25821545720100403,0.9994400143623352,0.6733749508857727,0.3457891345024109,-0.2582235634326935,0.999343752861023,0.6759771704673767,0.3463345170021057,-0.2582556903362274,0.9993336796760559,0.6633310914039612,0.3448730707168579,-0.261739045381546,0.9993100166320801,0.6599099040031433,0.34526222944259644,-0.26181039214134216,0.999193012714386,0.6572337746620178,0.3459323048591614,-0.2618502080440521,0.9993113279342651,0.6791957020759583,0.35363468527793884,-0.16827335953712463,0.9990190267562866,0.6530121564865112,0.3539961874485016,-0.1860714554786682,0.999034583568573,0.671792209148407,0.36813241243362427,-0.23785212635993958,0.9996086955070496,0.6610488295555115,0.3675307035446167,-0.24299167096614838,0.9996362328529358,0.6981881260871887,0.4258464276790619,-0.0873393714427948,0.9996826648712158,0.635642409324646,0.42797529697418213,-0.13345874845981598,0.9995380640029907,0.7025980353355408,0.5177104473114014,-0.050654564052820206,0.9370174407958984,0.6326960921287537,0.5203382968902588,-0.1191929429769516,0.9640825390815735,0.6897585988044739,0.5835661888122559,-0.12066880613565445,0.9149094223976135,0.6551312804222107,0.5825883746147156,-0.18325917422771454,0.9538753628730774,0.6841947436332703,0.5999773144721985,-0.14290882647037506,0.8492580652236938,0.6618449091911316,0.6017121076583862,-0.20947496592998505,0.9042560458183289,0.6791217923164368,0.5942332148551941,-0.16079974174499512,0.8498812913894653,0.6690712571144104,0.5938926339149475,-0.219603031873703,0.8971869349479675,0.6796263456344604,0.5888400077819824,-0.12898989021778107,0.8128593564033508,0.6682586073875427,0.5877557992935181,-0.1872774213552475,0.8596439957618713,0.6856829524040222,0.5778696537017822,0.0056789168156683445,0.9985013604164124,0.6494981050491333,0.5821871757507324,-0.0056755091063678265,0.9981770515441895,0.6885676980018616,0.716746985912323,-0.05734577029943466,0.7916533350944519,0.6462456583976746,0.7218623161315918,-0.1013362780213356,0.7873060703277588,0.6813079714775085,0.850609302520752,0.006457485258579254,0.7358168959617615,0.6479045748710632,0.8561199903488159,-0.030063388869166374,0.7601127624511719,0.6775292754173279,0.8696522116661072,0.007696852087974548,0.49075016379356384,0.6508030295372009,0.8744949102401733,-0.02769341878592968,0.4499419629573822,0.6836429238319397,0.8908786177635193,-0.08058778941631317,0.7167598009109497,0.6453759670257568,0.899441659450531,-0.12895247340202332,0.7294115424156189
sujin_fall_normal_10,30,10,1.0001285347043702,29.9961444544403,10,0.6666892766952515,0.3540124297142029,-0.281456857919693,0.9996902346611023,0.6708927750587463,0.34547922015190125,-0.2676379382610321,0.9994877576828003,0.6730974316596985,0.3459405303001404,-0.2676449120044708,0.9993990063667297,0.675800621509552,0.3464605510234833,-0.2676803767681122,0.9993889927864075,0.6629611849784851,0.34526151418685913,-0.2711596190929413,0.9993725419044495,0.6595187783241272,0.345738023519516,-0.2712303698062897,0.9992675185203552,0.6567384600639343,0.34641170501708984,-0.2712799608707428,0.9993746280670166,0.6791038513183594,0.3537288308143616,-0.17777122557163239,0.9990929961204529,0.6528605818748474,0.3545492887496948,-0.19541257619857788,0.9991243481636047,0.6715238690376282,0.36824968457221985,-0.24659986793994904,0.9996411800384521,0.66086345911026,0.36765018105506897,-0.25173187255859375,0.9996677041053772,0.6976888179779053,0.42614230513572693,-0.09660153090953827,0.999659538269043,0.6355229020118713,0.4282223880290985,-0.13978347182273865,0.9995655417442322,0.7025175094604492,0.5186155438423157,-0.056761499494314194,0.9369604587554932,0.632513701915741,0.5208668112754822,-0.12474378943443298,0.9664605855941772,0.6896539926528931,0.5836464762687683,-0.1248670145869255,0.9112811088562012,0.6554520726203918,0.5840997099876404,-0.18779975175857544,0.955703854560852,0.684109091758728,0.5995200276374817,-0.1459205597639084,0.8421472311019897,0.6619383692741394,0.6012012958526611,-0.21309532225131989,0.907752513885498,0.679134726524353,0.594116747379303,-0.1662289947271347,0.8431462645530701,0.6690807938575745,0.593673586845398,-0.2248253971338272,0.9013579487800598,0.6797009706497192,0.5887936353683472,-0.13408873975276947,0.8066808581352234,0.6682372689247131,0.5881919860839844,-0.19242066144943237,0.8656580448150635,0.685892641544342,0.5784032344818115,0.0028899176977574825,0.9984466433525085,0.6497692465782166,0.5834978222846985,-0.002883416134864092,0.9982298016548157,0.6884450316429138,0.7192017436027527,-0.04106924682855606,0.7875098586082458,0.6464042067527771,0.7299484610557556,-0.04835812747478485,0.7819475531578064,0.6814254522323608,0.8540298342704773,0.023509493097662926,0.7283451557159424,0.6480716466903687,0.8623062372207642,0.01615035906434059,0.7577530145645142,0.6784819960594177,0.8712353110313416,0.02438065968453884,0.4877750873565674,0.6512327790260315,0.8781348466873169,0.017189444974064827,0.44659581780433655,0.6833318471908569,0.8961485624313354,-0.06523151695728302,0.7090613842010498,0.6469550728797913,0.9068959355354309,-0.08159862458705902,0.7249466180801392
sujin_fall_normal_10,33,11,1.1001413881748072,29.9961444544403,10,0.6665224432945251,0.35458484292030334,-0.28576532006263733,0.9997187852859497,0.6707896590232849,0.34630507230758667,-0.2720240354537964,0.9995332956314087,0.6730636358261108,0.3468691110610962,-0.2720262408256531,0.9994521737098694,0.6757882833480835,0.3474184274673462,-0.2720603346824646,0.9994426965713501,0.6628438234329224,0.34577465057373047,-0.2753515839576721,0.9994301795959473,0.6593887209892273,0.3461785614490509,-0.27542605996131897,0.9993360638618469,0.6565797924995422,0.3468256890773773,-0.27546995878219604,0.9994331002235413,0.6790887713432312,0.3544597923755646,-0.18256047368049622,0.9991666078567505,0.6526497006416321,0.35486382246017456,-0.19945888221263885,0.9992066621780396,0.6713373064994812,0.36900225281715393,-0.25101763010025024,0.9996730089187622,0.6605609059333801,0.36809709668159485,-0.2559305429458618,0.9996978640556335,0.69769686460495,0.4264436662197113,-0.099555604159832,0.9996700286865234,0.6353788375854492,0.42851558327674866,-0.14083418250083923,0.999596357345581,0.702409029006958,0.5191640257835388,-0.06093122810125351,0.9395466446876526,0.6324177980422974,0.5208212733268738,-0.12392106652259827,0.9688423275947571,0.6898047924041748,0.5830420255661011,-0.13442763686180115,0.9139251112937927,0.6550367474555969,0.5832834839820862,-0.1923416703939438,0.9579591155052185,0.6841745972633362,0.599351167678833,-0.15609997510910034,0.8447954058647156,0.6615448594093323,0.6015914082527161,-0.2193661630153656,0.9120876789093018,0.6793919205665588,0.5934118628501892,-0.17580680549144745,0.8459622263908386,0.6689449548721313,0.5941085815429688,-0.23012582957744598,0.9062787890434265,0.6799955368041992,0.5878472328186035,-0.14335030317306519,0.8099988102912903,0.6680391430854797,0.5878804922103882,-0.196786567568779,0.8723856806755066,0.6860620975494385,0.5765513181686401,0.003128822660073638,0.9984886050224304,0.6497885584831238,0.5815377235412598,-0.0031292359344661236,0.998324990272522,0.6884890198707581,0.7172132134437561,-0.06154991313815117,0.7860627174377441,0.6464091539382935,0.719726026058197,-0.09504816681146622,0.7833921909332275,0.6792320609092712,0.8542561531066895,0.002696530194953084,0.7242234349250793,0.6472265124320984,0.8601439595222473,-0.025071842595934868,0.7602861523628235,0.677625298500061,0.8683021664619446,0.0035785390064120293,0.4829447567462921,0.6501768827438354,0.8737817406654358,-0.023112522438168526,0.4448218047618866,0.6809271574020386,0.8985149264335632,-0.09111349284648895,0.7042022943496704,0.6494115591049194,0.9064078330993652,-0.12690317630767822,0.7273172736167908
sujin_fall_normal_10,36,12,1.2001542416452442,29.9961444544403,10,0.6663365960121155,0.35516655445098877,-0.2897133529186249,0.9997448325157166,0.6706339120864868,0.3463841676712036,-0.2752825915813446,0.9995757341384888,0.6729730367660522,0.3468860387802124,-0.27528658509254456,0.9995013475418091,0.6757028698921204,0.34742307662963867,-0.2753283381462097,0.9994925856590271,0.6626576781272888,0.346260666847229,-0.27914246916770935,0.9994836449623108,0.6592592597007751,0.34683528542518616,-0.27922773361206055,0.999398946762085,0.656460702419281,0.34757962822914124,-0.2792659103870392,0.9994868636131287,0.6789807081222534,0.35446757078170776,-0.1837887316942215,0.999237060546875,0.6526385545730591,0.35593605041503906,-0.20290221273899078,0.9992825984954834,0.671237587928772,0.36917126178741455,-0.2543084919452667,0.9997021555900574,0.6605761647224426,0.3687063455581665,-0.2598635256290436,0.9997256398200989,0.6976760029792786,0.4264431595802307,-0.09800325334072113,0.999671995639801,0.6353499293327332,0.4285673201084137,-0.1513342708349228,0.9996274709701538,0.7024275660514832,0.5190552473068237,-0.059736885130405426,0.9411673545837402,0.6321807503700256,0.5207588076591492,-0.13937833905220032,0.971294641494751,0.6896070837974548,0.5843653082847595,-0.13324613869190216,0.9136440753936768,0.6557607054710388,0.5839806795120239,-0.20290085673332214,0.9600119590759277,0.6841490864753723,0.5996130704879761,-0.15371781587600708,0.8419317603111267,0.6621447801589966,0.6017794609069824,-0.23045393824577332,0.9156751036643982,0.6793088912963867,0.5940811038017273,-0.1737876832485199,0.8431665897369385,0.6692250370979309,0.5939194560050964,-0.23901493847370148,0.9102984666824341,0.679906964302063,0.5889409780502319,-0.14244325459003448,0.8073217868804932,0.668219268321991,0.5880423784255981,-0.20642204582691193,0.8779230117797852,0.6860520243644714,0.5757798552513123,0.008878114633262157,0.9985104203224182,0.6499411463737488,0.5809525847434998,-0.00886104628443718,0.9984185695648193,0.6953748464584351,0.7100423574447632,-0.07108725607395172,0.769052267074585,0.6463622450828552,0.720210075378418,-0.12259789556264877,0.780610978603363,0.6866180300712585,0.8467010855674744,-0.005957112181931734,0.6960686445236206,0.6472402811050415,0.8590309023857117,-0.0536746047437191,0.7526350617408752,0.6806420087814331,0.8650621175765991,-0.004440789110958576,0.4723370671272278,0.6500474214553833,0.8738976716995239,-0.05132973566651344,0.4372517764568329,0.6885660290718079,0.8886383771896362,-0.09371630847454071,0.6766734719276428,0.6471589803695679,0.9033551216125488,-0.15593324601650238,0.7149168252944946
sujin_fall_normal_10,39,13,1.3001670951156814,29.9961444544403,10,0.6660632491111755,0.35529884696006775,-0.29176875948905945,0.9997684955596924,0.6704519391059875,0.3466859757900238,-0.2770879566669464,0.9996140599250793,0.6727136969566345,0.3471199572086334,-0.2770857810974121,0.999545693397522,0.675406813621521,0.3476330637931824,-0.27712106704711914,0.999537467956543,0.6624168753623962,0.3465881943702698,-0.28100839257240295,0.9995321035385132,0.6589925289154053,0.34712621569633484,-0.28109756112098694,0.9994560480117798,0.656213104724884,0.3478359282016754,-0.2811395823955536,0.9995357990264893,0.6787758469581604,0.3547300696372986,-0.1849941462278366,0.9992985725402832,0.6525183916091919,0.355962872505188,-0.20447465777397156,0.9993513822555542,0.6709305644035339,0.36935096979141235,-0.2561705410480499,0.9997283220291138,0.6601960062980652,0.3688487708568573,-0.2618444561958313,0.9997508525848389,0.6972917318344116,0.42641890048980713,-0.09887506812810898,0.9996711015701294,0.6353418827056885,0.42862221598625183,-0.15230363607406616,0.9996559619903564,0.7024430632591248,0.5186096429824829,-0.06071927025914192,0.9413670301437378,0.6321572065353394,0.52073073387146,-0.1430249959230423,0.9735041856765747,0.689581573009491,0.5843093395233154,-0.13245588541030884,0.9106916189193726,0.6563729643821716,0.5844109058380127,-0.20625443756580353,0.9621161818504333,0.6841272711753845,0.5994839072227478,-0.1526649296283722,0.8354255557060242,0.6627278923988342,0.6016952395439148,-0.23346666991710663,0.9194387793540955,0.6793220639228821,0.5939669013023376,-0.17210176587104797,0.8367472290992737,0.6695898175239563,0.5937309265136719,-0.24143175780773163,0.9144734740257263,0.6799790859222412,0.5887961387634277,-0.14163175225257874,0.8003934025764465,0.6684361696243286,0.5879656672477722,-0.2094268500804901,0.8834378719329834,0.6864004135131836,0.5754064321517944,0.008276045322418213,0.9985561966896057,0.6504513025283813,0.579843282699585,-0.008260192349553108,0.9985132217407227,0.6945651769638062,0.7072127461433411,-0.0855579599738121,0.7647767066955566,0.6463715434074402,0.7104487419128418,-0.12749813497066498,0.7828787565231323,0.6858481168746948,0.8415646553039551,-0.01513790711760521,0.6864883899688721,0.647233247756958,0.8493934273719788,-0.054744940251111984,0.7551528811454773,0.6795145869255066,0.8599581122398376,-0.013199505396187305,0.4703899323940277,0.6499840617179871,0.8662052154541016,-0.051934074610471725,0.4383949339389801,0.6872265338897705,0.8867167830467224,-0.10417813807725906,0.6678348183631897,0.6466363668441772,0.8959522247314453,-0.1554594784975052,0.716887354850769
sujin_fall_normal_10,42,14,1.4001799485861184,29.9961444544403,10,0.6656939387321472,0.35566648840904236,-0.28616175055503845,0.9997884631156921,0.6700503826141357,0.34729063510894775,-0.2710331082344055,0.999645471572876,0.672282874584198,0.3476938307285309,-0.2710433006286621,0.9995813369750977,0.6750428080558777,0.3481746315956116,-0.271079957485199,0.9995728731155396,0.6619628071784973,0.34715238213539124,-0.27443447709083557,0.9995735883712769,0.6584984064102173,0.34765005111694336,-0.2745135724544525,0.9995051622390747,0.655804455280304,0.3483736515045166,-0.2745686173439026,0.9995777010917664,0.6785039901733398,0.35514751076698303,-0.1774698942899704,0.9993425011634827,0.6522537469863892,0.3562566041946411,-0.19483402371406555,0.999410092830658,0.670661211013794,0.3698108196258545,-0.2500928044319153,0.9997497797012329,0.659877359867096,0.36931630969047546,-0.2551391124725342,0.9997721314430237,0.6970553994178772,0.42668524384498596,-0.09396586567163467,0.9996535778045654,0.6353485584259033,0.42888426780700684,-0.14323021471500397,0.9996766448020935,0.702562689781189,0.5177090764045715,-0.0607709102332592,0.9419746398925781,0.6321688890457153,0.521934449672699,-0.13343438506126404,0.9752071499824524,0.6896175146102905,0.5840126276016235,-0.13589368760585785,0.9069604277610779,0.6588576436042786,0.5865089297294617,-0.19563452899456024,0.9631419777870178,0.684145987033844,0.599416196346283,-0.15859904885292053,0.8278362154960632,0.6651841402053833,0.6026087403297424,-0.2214353233575821,0.9211326241493225,0.679419755935669,0.5938913226127625,-0.1755935549736023,0.8294223546981812,0.670971155166626,0.5944869518280029,-0.23188641667366028,0.916613757610321,0.6801062822341919,0.5886825323104858,-0.14420337975025177,0.7934457659721375,0.6700862646102905,0.5889593362808228,-0.19953900575637817,0.8865886926651001,0.686396598815918,0.5760021209716797,0.007192122284322977,0.9984919428825378,0.6504858136177063,0.5825396776199341,-0.007176192943006754,0.9985145926475525,0.694068193435669,0.7110625505447388,-0.05022741109132767,0.7455135583877563,0.6475203037261963,0.7274059653282166,-0.0649629458785057,0.760004460811615,0.6902590394020081,0.8426802754402161,0.027402294799685478,0.6615642309188843,0.649359405040741,0.8586399555206299,0.00646910909563303,0.7394011616706848,0.6861075758934021,0.8604872226715088,0.03008377179503441,0.46001946926116943,0.6516525149345398,0.8768959045410156,0.008779671974480152,0.4273149073123932,0.6920562386512756,0.8873511552810669,-0.0560150183737278,0.6443624496459961,0.6472471356391907,0.9020636677742004,-0.09333009272813797,0.6993592977523804
sujin_fall_normal_10,45,15,1.5001928020565554,29.9961444544403,10,0.6656971573829651,0.35624951124191284,-0.3023054897785187,0.9998064041137695,0.6699509024620056,0.3473399579524994,-0.29005166888237,0.999673068523407,0.6721780896186829,0.3477650284767151,-0.2900436222553253,0.9996134638786316,0.6749034523963928,0.348265677690506,-0.2900718152523041,0.9996047616004944,0.6619523763656616,0.3471658229827881,-0.29320448637008667,0.9996099472045898,0.658494770526886,0.3476657569408417,-0.2932872474193573,0.9995489120483398,0.6557958126068115,0.34838834404945374,-0.29334038496017456,0.9996150135993958,0.6783360838890076,0.3553437888622284,-0.20072348415851593,0.9993813633918762,0.6520588994026184,0.35641130805015564,-0.2170144021511078,0.9994625449180603,0.6706423163414001,0.3701118230819702,-0.26692816615104675,0.9997689127922058,0.6598724126815796,0.36977753043174744,-0.27169716358184814,0.9997910261154175,0.6971644759178162,0.4264802932739258,-0.11160234361886978,0.9996530413627625,0.6353667974472046,0.428905725479126,-0.15842309594154358,0.9996979832649231,0.702646017074585,0.517472505569458,-0.06955662369728088,0.9428295493125916,0.6321898102760315,0.5216107368469238,-0.1419035941362381,0.9767791628837585,0.6897028684616089,0.5842231512069702,-0.1378137767314911,0.9059359431266785,0.6578819155693054,0.5850239992141724,-0.20335917174816132,0.9644787907600403,0.6842036843299866,0.5996357798576355,-0.15869811177253723,0.8247886896133423,0.6650065183639526,0.6022886633872986,-0.22853270173072815,0.9234681725502014,0.6795918941497803,0.5942474603652954,-0.1769769787788391,0.8266566395759583,0.6709559559822083,0.594447910785675,-0.2390027493238449,0.919347882270813,0.6802977919578552,0.5889373421669006,-0.1461678445339203,0.7909730672836304,0.6699497103691101,0.5888283252716064,-0.20709292590618134,0.8903241157531738,0.6863500475883484,0.5760264992713928,0.006155629176646471,0.9985058903694153,0.6505151391029358,0.5817513465881348,-0.00616780761629343,0.9985653758049011,0.6873587965965271,0.7138398885726929,-0.03111942671239376,0.7429108023643494,0.6476141214370728,0.7264540791511536,-0.051454607397317886,0.7551149725914001,0.681322455406189,0.8436311483383179,0.04299251735210419,0.6639805436134338,0.6470137238502502,0.8526014685630798,0.02433006651699543,0.7429085969924927,0.6794446110725403,0.862034797668457,0.04501181095838547,0.46170035004615784,0.6517673134803772,0.872222900390625,0.026930414140224457,0.4266372621059418,0.6827894449234009,0.8876325488090515,-0.044628214091062546,0.6475870013237,0.6467177271842957,0.8976823687553406,-0.07421740144491196,0.7046312093734741
sujin_fall_normal_10,48,16,1.6002056555269923,29.9961444544403,10,0.6655412912368774,0.3563365638256073,-0.29928022623062134,0.9998232126235962,0.6698691248893738,0.34757786989212036,-0.2879686653614044,0.999700129032135,0.6720311045646667,0.3479502499103546,-0.28797444701194763,0.9996449947357178,0.6747362613677979,0.34841543436050415,-0.288003534078598,0.999636709690094,0.6618331074714661,0.34748855233192444,-0.29074224829673767,0.9996442794799805,0.6583601236343384,0.3479864001274109,-0.2908402383327484,0.9995895624160767,0.6556850671768188,0.34872370958328247,-0.2909085154533386,0.9996496438980103,0.6782557964324951,0.3553779721260071,-0.19879865646362305,0.9994259476661682,0.6520383954048157,0.3565410375595093,-0.21410807967185974,0.9995113015174866,0.6705463528633118,0.37033602595329285,-0.2635520100593567,0.9997875094413757,0.6597846150398254,0.37003380060195923,-0.2683050334453583,0.9998087286949158,0.6971029043197632,0.42648014426231384,-0.10785038024187088,0.9996593594551086,0.6353541612625122,0.42921069264411926,-0.15643249452114105,0.9997131824493408,0.7030011415481567,0.5172526836395264,-0.06786120682954788,0.944341778755188,0.6322368383407593,0.5217936635017395,-0.14020581543445587,0.978072464466095,0.6898479461669922,0.5835989117622375,-0.1348465234041214,0.9066068530082703,0.6585214734077454,0.5853883624076843,-0.2021140605211258,0.9650611281394958,0.6844016909599304,0.599031388759613,-0.15509314835071564,0.824558436870575,0.665149450302124,0.6022385358810425,-0.22711630165576935,0.9242717027664185,0.6797848343849182,0.5938364863395691,-0.1734641045331955,0.8264050483703613,0.6713073253631592,0.5944125652313232,-0.23701004683971405,0.9204102754592896,0.6805083751678467,0.5886107087135315,-0.14311645925045013,0.7908679246902466,0.6705782413482666,0.5889266133308411,-0.20582659542560577,0.8919270038604736,0.6863197684288025,0.5756698250770569,0.0058296979404985905,0.9985552430152893,0.6505016684532166,0.5811775922775269,-0.0058404807932674885,0.9986348748207092,0.6890233755111694,0.713215172290802,-0.05659095570445061,0.7499833106994629,0.6476190090179443,0.7233205437660217,-0.07562693953514099,0.7608750462532043,0.6803532242774963,0.8440342545509338,0.013952868059277534,0.6711283922195435,0.6466098427772522,0.8513681292533875,-0.006327140145003796,0.7517642974853516,0.6789515018463135,0.8623088002204895,0.015470203012228012,0.46644946932792664,0.6525686979293823,0.8718761205673218,-0.004481776151806116,0.43269017338752747,0.6829933524131775,0.8912254571914673,-0.07730169594287872,0.6533475518226624,0.6466876268386841,0.8977962136268616,-0.10637915879487991,0.7136004567146301
sujin_fall_normal_10,51,17,1.7002185089974293,29.9961444544403,10,0.665534257888794,0.3563968539237976,-0.301769882440567,0.9998383522033691,0.6698551177978516,0.3476000726222992,-0.28774479031562805,0.9997240304946899,0.6720157265663147,0.34796643257141113,-0.28774282336235046,0.9996722936630249,0.6747196316719055,0.34842202067375183,-0.2877706289291382,0.9996640682220459,0.6618066430091858,0.3475620448589325,-0.2915804982185364,0.9996750354766846,0.6583316326141357,0.34817230701446533,-0.29166918992996216,0.9996261596679688,0.6556059122085571,0.348903089761734,-0.29172036051750183,0.9996809363365173,0.6782128810882568,0.3553999662399292,-0.1954527348279953,0.9994577765464783,0.651958167552948,0.3570213317871094,-0.21503299474716187,0.9995548725128174,0.6705332398414612,0.37036019563674927,-0.2658592760562897,0.9998037815093994,0.659784197807312,0.3701249361038208,-0.27172139286994934,0.9998247027397156,0.6966745853424072,0.4262741506099701,-0.10734237730503082,0.9996572136878967,0.6352167725563049,0.42923253774642944,-0.1634189784526825,0.9997299313545227,0.7027824521064758,0.5167796611785889,-0.06785561889410019,0.9439996480941772,0.6322423815727234,0.5219166874885559,-0.1530904471874237,0.9794962406158447,0.6898720860481262,0.5835766792297363,-0.13474807143211365,0.9046350121498108,0.6590344905853271,0.5864508748054504,-0.21235844492912292,0.9661962389945984,0.6843991875648499,0.5990951061248779,-0.15490195155143738,0.8202769756317139,0.6653159856796265,0.6025123596191406,-0.23888005316257477,0.9263123273849487,0.6797807812690735,0.5938705205917358,-0.17311502993106842,0.8221402764320374,0.6713966727256775,0.5946288704872131,-0.2480216771364212,0.922714114189148,0.680516242980957,0.5886332988739014,-0.14303246140480042,0.7870354056358337,0.6707464456558228,0.5892695188522339,-0.2159046083688736,0.8952388763427734,0.686278760433197,0.5755671858787537,0.008095873519778252,0.998567521572113,0.6504921317100525,0.5811617970466614,-0.008101972751319408,0.9986748099327087,0.6891676187515259,0.7118023037910461,-0.04343734681606293,0.7319819927215576,0.6477164030075073,0.7231850028038025,-0.0793934091925621,0.7507439851760864,0.6807249188423157,0.840556800365448,0.036741018295288086,0.6508346199989319,0.6465271711349487,0.8498561382293701,-0.0012748829321935773,0.7444807887077332,0.6781614422798157,0.8583626747131348,0.03982064500451088,0.45872044563293457,0.6514215469360352,0.865942656993866,0.0022936142049729824,0.4254744052886963,0.6836278438568115,0.8877643942832947,-0.04491756111383438,0.6362122297286987,0.6487525105476379,0.8915306329727173,-0.09802819788455963,0.7060884833335876
sujin_fall_normal_10,54,18,1.8002313624678665,29.9961444544403,10,0.6653656363487244,0.35641923546791077,-0.2980819344520569,0.9998510479927063,0.669672429561615,0.34785404801368713,-0.2836422324180603,0.9997439384460449,0.6718911528587341,0.348219633102417,-0.28364235162734985,0.9996950626373291,0.6746546626091003,0.34865108132362366,-0.28367406129837036,0.9996866583824158,0.6615055203437805,0.34781742095947266,-0.28698912262916565,0.9997012615203857,0.6580063700675964,0.3483824133872986,-0.2870684862136841,0.9996575117111206,0.65534508228302,0.34913209080696106,-0.2871309220790863,0.9997076392173767,0.6781958937644958,0.355531245470047,-0.18985742330551147,0.9994856715202332,0.6517569422721863,0.3570542335510254,-0.20705679059028625,0.9995927214622498,0.6704365015029907,0.3704167306423187,-0.2616426646709442,0.9998176693916321,0.6596342325210571,0.3701678514480591,-0.26670822501182556,0.9998382329940796,0.6968414783477783,0.42676544189453125,-0.10227348655462265,0.9996528625488281,0.6352267861366272,0.42926928400993347,-0.15426386892795563,0.9997414350509644,0.7026322484016418,0.5172985196113586,-0.06764016300439835,0.9441418647766113,0.6322056651115417,0.5219165086746216,-0.14444418251514435,0.9804971218109131,0.6898118257522583,0.5833531618118286,-0.1370529681444168,0.9031674265861511,0.6589027047157288,0.5863702297210693,-0.20441538095474243,0.9666314721107483,0.6843662261962891,0.5989105105400085,-0.15798331797122955,0.8166989684104919,0.665198028087616,0.6025092601776123,-0.22960752248764038,0.9268215298652649,0.6797787547111511,0.5935536026954651,-0.17496129870414734,0.8185651302337646,0.67127925157547,0.5946135520935059,-0.23934538662433624,0.9234516024589539,0.6805059313774109,0.5882331728935242,-0.14496064186096191,0.7835337519645691,0.6706244945526123,0.5892206430435181,-0.20800749957561493,0.8965003490447998,0.6862668991088867,0.5765799880027771,0.007281821686774492,0.9985594153404236,0.6504499316215515,0.5821215510368347,-0.007285190746188164,0.9986937046051025,0.6890402436256409,0.7154074907302856,-0.04153143987059593,0.7245919704437256,0.6477790474891663,0.727627158164978,-0.06331485509872437,0.7406373620033264,0.6822946071624756,0.84398353099823,0.04101692885160446,0.6438434720039368,0.6469496488571167,0.8520452976226807,0.018086476251482964,0.7399279475212097,0.6790112257003784,0.8611268997192383,0.04397350549697876,0.45413386821746826,0.6540268659591675,0.8693079352378845,0.02136848308146,0.42029744386672974,0.6837072372436523,0.8897081613540649,-0.04493537172675133,0.6298695206642151,0.650320827960968,0.899950385093689,-0.08042747527360916,0.7026519775390625
sujin_fall_normal_10,57,19,1.9002442159383035,29.9961444544403,10,0.6653293371200562,0.35663166642189026,-0.29197466373443604,0.9998642206192017,0.6696580648422241,0.34815460443496704,-0.2772834002971649,0.999765932559967,0.671880304813385,0.348499059677124,-0.2772890627384186,0.9997208118438721,0.6746410131454468,0.3489251136779785,-0.27733081579208374,0.9997131824493408,0.6614921689033508,0.34806349873542786,-0.28074994683265686,0.9997280836105347,0.6579967141151428,0.348551481962204,-0.2808403968811035,0.9996887445449829,0.6553336977958679,0.3492804765701294,-0.28088468313217163,0.9997345209121704,0.6781827211380005,0.3556622564792633,-0.1848791092634201,0.9995256066322327,0.6517391204833984,0.35707634687423706,-0.20253244042396545,0.9996306300163269,0.6704124808311462,0.37066850066185,-0.25608623027801514,0.9998330473899841,0.6595751643180847,0.3702932298183441,-0.26122480630874634,0.9998524785041809,0.6968416571617126,0.4268607497215271,-0.09894148260354996,0.9996657967567444,0.6350595355033875,0.4294160306453705,-0.1477605551481247,0.999759316444397,0.7024020552635193,0.5191360712051392,-0.06478072702884674,0.9455922245979309,0.6321775913238525,0.5219985842704773,-0.1353733390569687,0.9816491603851318,0.6893497109413147,0.5839287638664246,-0.13694971799850464,0.9039742350578308,0.6579228639602661,0.585781455039978,-0.19952377676963806,0.967319130897522,0.6839877367019653,0.5993258953094482,-0.15784430503845215,0.8166719675064087,0.6650087833404541,0.6024981737136841,-0.2270723432302475,0.9278779029846191,0.6794717907905579,0.5937994718551636,-0.17516286671161652,0.8185327649116516,0.6712633371353149,0.5946270227432251,-0.2346663773059845,0.9246630668640137,0.6800630688667297,0.5884254574775696,-0.14483574032783508,0.7831072211265564,0.6705752015113831,0.589209794998169,-0.20252399146556854,0.898123025894165,0.6864935159683228,0.5753622651100159,0.007622822653502226,0.9985883831977844,0.6503998637199402,0.5812748074531555,-0.007610337808728218,0.9987555146217346,0.6909633278846741,0.7071951627731323,-0.10173626244068146,0.7135428786277771,0.6469106674194336,0.7140466570854187,-0.15763209760189056,0.7422215938568115,0.6826848983764648,0.8439846038818359,-0.04014608636498451,0.6242656111717224,0.6479737162590027,0.8525511026382446,-0.09092628955841064,0.735445499420166,0.6786635518074036,0.8614414930343628,-0.03904847055673599,0.44418323040008545,0.6533034443855286,0.8700135946273804,-0.08863751590251923,0.41575995087623596,0.6838366985321045,0.8896299600601196,-0.1323244273662567,0.6135936975479126,0.6501175165176392,0.9002794027328491,-0.1957276314496994,0.6978893876075745
sujin_fall_normal_10,60,20,2.0002570694087405,29.9961444544403,10,0.6652364134788513,0.356490820646286,-0.28464239835739136,0.9998762011528015,0.6695106029510498,0.3474509119987488,-0.2694765031337738,0.9997857809066772,0.6717685461044312,0.347730815410614,-0.269487589597702,0.9997440576553345,0.6744855642318726,0.34808894991874695,-0.2695315182209015,0.999737024307251,0.6614435315132141,0.34783488512039185,-0.2734088897705078,0.9997523427009583,0.6579897403717041,0.348457396030426,-0.27349236607551575,0.9997168183326721,0.6553224921226501,0.3492395281791687,-0.2735283076763153,0.9997584223747253,0.6778475046157837,0.3551163375377655,-0.1770741194486618,0.9995616674423218,0.6517347693443298,0.35714003443717957,-0.19713695347309113,0.9996640086174011,0.6703366637229919,0.370415598154068,-0.24918968975543976,0.9998467564582825,0.6596090197563171,0.37027689814567566,-0.2550080120563507,0.9998650550842285,0.6963756084442139,0.4265807569026947,-0.09483756124973297,0.9996758699417114,0.6349161267280579,0.4296480715274811,-0.14388170838356018,0.9997727274894714,0.7023933529853821,0.5182529091835022,-0.06000874564051628,0.9476675987243652,0.6319529414176941,0.5224255323410034,-0.13080793619155884,0.9826353192329407,0.6888557076454163,0.5839211344718933,-0.1323210746049881,0.9060700535774231,0.6593292355537415,0.5875320434570312,-0.19392774999141693,0.9678417444229126,0.6835739016532898,0.5993258953094482,-0.15453845262527466,0.8189039826393127,0.6655486822128296,0.6026157736778259,-0.22082556784152985,0.9288122653961182,0.6789877414703369,0.5936328172683716,-0.17104466259479523,0.8207756876945496,0.6712885499000549,0.5946649312973022,-0.2294040024280548,0.9257871508598328,0.6796534657478333,0.588394284248352,-0.14003334939479828,0.7856602668762207,0.6705955862998962,0.5893963575363159,-0.19740328192710876,0.8998121619224548,0.6861737370491028,0.5735751986503601,0.007409315090626478,0.9985905885696411,0.6504554152488708,0.5809328556060791,-0.007387329824268818,0.9987837076187134,0.6966629028320312,0.702021062374115,-0.0875631719827652,0.6912124156951904,0.6466280817985535,0.7181329727172852,-0.12538644671440125,0.7226214408874512,0.6885597705841064,0.8383193016052246,-0.0186199638992548,0.5938202142715454,0.6491603255271912,0.8534950017929077,-0.05543616786599159,0.714937150478363,0.6832550168037415,0.8565086722373962,-0.01642625778913498,0.4321995973587036,0.653289258480072,0.8714136481285095,-0.05288921669125557,0.4037395715713501,0.6900975108146667,0.8804275393486023,-0.10388997942209244,0.5847958922386169,0.6486914753913879,0.9004744291305542,-0.15625855326652527,0.6742561459541321
sujin_fall_normal_10,63,21,2.1002699228791775,29.9961444544403,10,0.6649224758148193,0.3565951883792877,-0.28380802273750305,0.9998864531517029,0.6692737340927124,0.34766989946365356,-0.26937299966812134,0.9998020529747009,0.6715338826179504,0.347956120967865,-0.26937541365623474,0.9997631907463074,0.674229085445404,0.3483862578868866,-0.26940828561782837,0.9997562170028687,0.6611829400062561,0.3479119837284088,-0.27349191904067993,0.9997726082801819,0.6577319502830505,0.3484865128993988,-0.27356818318367004,0.9997408986091614,0.6549785137176514,0.3492516577243805,-0.2736089825630188,0.9997788071632385,0.6774354577064514,0.3554692268371582,-0.17828184366226196,0.999588131904602,0.6513445377349854,0.35709279775619507,-0.19802027940750122,0.9996923804283142,0.6697520017623901,0.3705469071865082,-0.24883347749710083,0.999858558177948,0.6589817404747009,0.37029051780700684,-0.254894882440567,0.9998760223388672,0.6954162120819092,0.42658731341362,-0.0960746705532074,0.9996872544288635,0.6340326070785522,0.4300785958766937,-0.14474129676818848,0.9997820854187012,0.701501190662384,0.5183644890785217,-0.06031280383467674,0.9486136436462402,0.6316006779670715,0.5236254334449768,-0.1316463202238083,0.9833200573921204,0.688128650188446,0.5837100148200989,-0.1313469111919403,0.9068384170532227,0.6585143208503723,0.5875606536865234,-0.19338668882846832,0.9683442711830139,0.6826196312904358,0.5991732478141785,-0.1531321108341217,0.8196422457695007,0.6648139953613281,0.6033262014389038,-0.21910026669502258,0.9299032688140869,0.6780890226364136,0.5932415723800659,-0.16986776888370514,0.8215926885604858,0.6699028015136719,0.5948466062545776,-0.22933311760425568,0.9271246790885925,0.6788679361343384,0.5876625180244446,-0.1391388326883316,0.7868343591690063,0.6691904664039612,0.5894631743431091,-0.1973199099302292,0.9017895460128784,0.6855625510215759,0.574422299861908,0.005641287658363581,0.9986211061477661,0.6499959826469421,0.5817515254020691,-0.005652271676808596,0.9988044500350952,0.6911085247993469,0.7094458937644958,-0.05730024352669716,0.6933252215385437,0.6472599506378174,0.719213604927063,-0.07215110957622528,0.7142057418823242,0.6862137913703918,0.8414897918701172,0.023656312376260757,0.5976763367652893,0.6492063999176025,0.8492551445960999,0.00949469767510891,0.7126449942588806,0.6823667287826538,0.8583208918571472,0.02651299722492695,0.43163299560546875,0.6551456451416016,0.870134711265564,0.012803295627236366,0.4001808762550354,0.682653546333313,0.8890591859817505,-0.0629432201385498,0.5881531834602356,0.6504150032997131,0.8996168375015259,-0.08746826648712158,0.674034595489502
sujin_fall_normal_10,66,22,2.2002827763496144,29.9961444544403,10,0.6645853519439697,0.3569018542766571,-0.2700077295303345,0.9998959898948669,0.6687434911727905,0.34856972098350525,-0.25522705912590027,0.9998176693916321,0.6711409091949463,0.3490065634250641,-0.255229115486145,0.9997817277908325,0.6737616658210754,0.34950757026672363,-0.2552544176578522,0.9997749328613281,0.6606972217559814,0.34811514616012573,-0.2593061327934265,0.9997915029525757,0.6572532653808594,0.3485545217990875,-0.25936639308929443,0.9997631311416626,0.6543648838996887,0.34926655888557434,-0.2594021260738373,0.9997975826263428,0.6766040325164795,0.3562999665737152,-0.16457568109035492,0.9996157884597778,0.6501228213310242,0.35713449120521545,-0.1846681535243988,0.9997186064720154,0.6690015196800232,0.3710828423500061,-0.23531101644039154,0.9998698830604553,0.6581246852874756,0.3704337477684021,-0.2411988377571106,0.9998862743377686,0.693659245967865,0.4283622205257416,-0.08570133149623871,0.9997003674507141,0.6330899000167847,0.43060266971588135,-0.13234397768974304,0.9997884035110474,0.6995537281036377,0.5208483338356018,-0.05132897198200226,0.9501237869262695,0.6285557150840759,0.5227552056312561,-0.12010427564382553,0.9837853908538818,0.6858876943588257,0.584197998046875,-0.1259879767894745,0.9098668098449707,0.6540795564651489,0.5864500403404236,-0.18711897730827332,0.9685278534889221,0.6808658242225647,0.599385678768158,-0.14792309701442719,0.8245071768760681,0.6608206629753113,0.6035030484199524,-0.21404407918453217,0.9304240345954895,0.676003098487854,0.5932314991950989,-0.16579875349998474,0.8264932632446289,0.6665667295455933,0.5949196219444275,-0.22441206872463226,0.927843451499939,0.67662513256073,0.5876437425613403,-0.13429667055606842,0.7922123074531555,0.6656453013420105,0.5894644260406494,-0.19141514599323273,0.9029080867767334,0.6831556558609009,0.5772714018821716,0.005858049262315035,0.9986560940742493,0.6468538641929626,0.5819727778434753,-0.005871569737792015,0.9988323450088501,0.6875457167625427,0.714267909526825,-0.04429493471980095,0.7067341208457947,0.6473087668418884,0.7193462252616882,-0.06947831809520721,0.7248545289039612,0.6803383231163025,0.8417248725891113,0.04117901995778084,0.6150514483451843,0.6509832143783569,0.849449634552002,0.015376398339867592,0.7253321409225464,0.6788856387138367,0.8594766855239868,0.04415561258792877,0.43799012899398804,0.655073881149292,0.8675295114517212,0.018773308023810387,0.4086405634880066,0.6805136799812317,0.8914295434951782,-0.04716735705733299,0.6032302975654602,0.6508563756942749,0.8995404839515686,-0.08173108845949173,0.68763267993927
sujin_fall_normal_10,69,23,2.3002956298200514,29.9961444544403,10,0.6626441478729248,0.3576345443725586,-0.2737400233745575,0.9999042749404907,0.6671960949897766,0.3492463529109955,-0.25928738713264465,0.9998299479484558,0.6694676280021667,0.34996718168258667,-0.25928977131843567,0.999796450138092,0.6720507144927979,0.35062089562416077,-0.25931665301322937,0.999789297580719,0.6590029001235962,0.348212867975235,-0.26326146721839905,0.9998070597648621,0.6556280255317688,0.3485691249370575,-0.26332613825798035,0.9997818470001221,0.6529223322868347,0.3492279350757599,-0.26336467266082764,0.9998131990432739,0.6750729084014893,0.357166588306427,-0.16812337934970856,0.9996318221092224,0.648531973361969,0.3571351170539856,-0.1882401555776596,0.9997403621673584,0.6668466925621033,0.3716791272163391,-0.23895972967147827,0.9998791217803955,0.6559378504753113,0.3706449866294861,-0.24478445947170258,0.9998950362205505,0.6908629536628723,0.42935338616371155,-0.09122729301452637,0.9997141361236572,0.6304544806480408,0.43062785267829895,-0.13445475697517395,0.9997965693473816,0.6966895461082458,0.5213584303855896,-0.05398784577846527,0.9512885808944702,0.6234554052352905,0.5216645002365112,-0.11858431249856949,0.9841247200965881,0.6805745959281921,0.5862706303596497,-0.12656733393669128,0.9109907746315002,0.6477644443511963,0.5860785841941833,-0.18238386511802673,0.9684715270996094,0.6741662621498108,0.6007927060127258,-0.1484021693468094,0.8260822892189026,0.6549543142318726,0.6038761138916016,-0.2074534147977829,0.9305544495582581,0.6698099970817566,0.5940901041030884,-0.16630785167217255,0.8282082676887512,0.6601549386978149,0.5957918167114258,-0.21907733380794525,0.928181529045105,0.6708572506904602,0.5886644721031189,-0.1350345015525818,0.7944427728652954,0.6591331958770752,0.5902612209320068,-0.18677428364753723,0.9036320447921753,0.6800448298454285,0.5828375816345215,0.004506156779825687,0.9987025856971741,0.6427475810050964,0.5861990451812744,-0.004545530304312706,0.9988502264022827,0.6784228086471558,0.7223706841468811,-0.029530929401516914,0.7070742845535278,0.6463420987129211,0.7248115539550781,-0.04418890178203583,0.7163318395614624,0.6758096814155579,0.8501138091087341,0.05526049807667732,0.6243863701820374,0.6527031660079956,0.8492099046707153,0.050953663885593414,0.7236663699150085,0.6736536026000977,0.8673011660575867,0.05823436751961708,0.4426228702068329,0.6554896831512451,0.8650708794593811,0.05563219264149666,0.4078379273414612,0.6766558289527893,0.8936777710914612,-0.03118506260216236,0.6128519177436829,0.6511107087135315,0.8981934785842896,-0.04005583003163338,0.6909002661705017
sujin_fall_normal_10,72,24,2.4003084832904884,29.9961444544403,10,0.6588966250419617,0.3590308427810669,-0.2953714430332184,0.999912679195404,0.6638166308403015,0.3503515124320984,-0.2820792496204376,0.9998435378074646,0.6659860610961914,0.35136932134628296,-0.28207460045814514,0.999812662601471,0.6682615280151367,0.3522713780403137,-0.2820969521999359,0.9998056292533875,0.6557734608650208,0.3487350344657898,-0.2855413854122162,0.9998236298561096,0.6525964736938477,0.3488331139087677,-0.28561216592788696,0.9998010396957397,0.6499383449554443,0.3492596745491028,-0.28565147519111633,0.9998294115066528,0.6714075803756714,0.3591136634349823,-0.19378168880939484,0.9996576905250549,0.6456255316734314,0.35719093680381775,-0.21300891041755676,0.9997631311416626,0.6628568172454834,0.3731656074523926,-0.2611634135246277,0.9998889565467834,0.6520215272903442,0.3715400993824005,-0.26681262254714966,0.9999039173126221,0.6849607825279236,0.430388867855072,-0.12092755734920502,0.9997270107269287,0.6250714659690857,0.43051332235336304,-0.1452840119600296,0.9998078346252441,0.6910029053688049,0.5215252041816711,-0.08525757491588593,0.954714298248291,0.6164101958274841,0.5206772685050964,-0.12047933042049408,0.9846990704536438,0.6730316281318665,0.5907674431800842,-0.15436066687107086,0.9164115190505981,0.6387776732444763,0.5859987735748291,-0.18810874223709106,0.969262421131134,0.6640527248382568,0.6049376130104065,-0.17710965871810913,0.8347383737564087,0.646194577217102,0.6050211191177368,-0.21180793642997742,0.9321423172950745,0.6606799960136414,0.5968857407569885,-0.19176118075847626,0.836778998374939,0.6508453488349915,0.5981780290603638,-0.2252437323331833,0.9299584627151489,0.6624664068222046,0.5918971300125122,-0.16077043116092682,0.8042622208595276,0.6495792269706726,0.5919293761253357,-0.19302481412887573,0.9062978029251099,0.6728399991989136,0.5824117064476013,-0.0026824166998267174,0.9986885190010071,0.6360633373260498,0.5854399800300598,0.002643895335495472,0.9988577961921692,0.6668259501457214,0.7223215699195862,-0.028427613899111748,0.6986688375473022,0.6374353170394897,0.7233524322509766,-0.04052797704935074,0.7034263610839844,0.6636855006217957,0.8505537509918213,0.04689067602157593,0.6210987567901611,0.6429110765457153,0.8490877151489258,0.046191517263650894,0.7151715755462646,0.6613966226577759,0.8686398863792419,0.04926600679755211,0.43987295031547546,0.6518572568893433,0.8654314875602722,0.04998493567109108,0.4071936011314392,0.6675335764884949,0.8939683437347412,-0.037315484136343,0.6121563911437988,0.6415612101554871,0.8968543410301208,-0.04307631775736809,0.6836678981781006
sujin_fall_normal_10,75,25,2.5003213367609254,29.9961444544403,10,0.6539046764373779,0.3641568124294281,-0.25352445244789124,0.999920666217804,0.6591204404830933,0.35649406909942627,-0.23916776478290558,0.9998567700386047,0.661216676235199,0.3577433228492737,-0.23917371034622192,0.9998286366462708,0.6636053323745728,0.35879141092300415,-0.2391778826713562,0.9998218417167664,0.65126633644104,0.35415706038475037,-0.24312783777713776,0.999839186668396,0.6479982733726501,0.3539603054523468,-0.2431681603193283,0.9998189806938171,0.645348846912384,0.35382238030433655,-0.24318523705005646,0.9998445510864258,0.6663761734962463,0.36531516909599304,-0.1555524468421936,0.9996830821037292,0.6412203311920166,0.36141353845596313,-0.17650140821933746,0.9997841715812683,0.657486617565155,0.37961116433143616,-0.22185949981212616,0.9998985528945923,0.6471074819564819,0.3766482174396515,-0.2279834896326065,0.999912440776825,0.6786020398139954,0.43956857919692993,-0.09833765774965286,0.9997467994689941,0.6187807321548462,0.43445536494255066,-0.11922518908977509,0.9998172521591187,0.6835883259773254,0.5293982028961182,-0.07115404307842255,0.9576730728149414,0.6093201041221619,0.5268051624298096,-0.10127895325422287,0.9848604202270508,0.6646855473518372,0.5988353490829468,-0.13377614319324493,0.921617329120636,0.6313930749893188,0.597778856754303,-0.162626713514328,0.9694067239761353,0.6559448838233948,0.617465615272522,-0.1556723266839981,0.8440232872962952,0.637172520160675,0.6192346215248108,-0.18645955622196198,0.932898223400116,0.652859628200531,0.6104103326797485,-0.16838482022285461,0.8459171652793884,0.642741858959198,0.6122910380363464,-0.19891847670078278,0.9308930039405823,0.6544273495674133,0.6043084263801575,-0.13944727182388306,0.8148764967918396,0.641309916973114,0.6046341061592102,-0.1676742136478424,0.9081474542617798,0.6608210802078247,0.5958171486854553,-0.00414683623239398,0.998756468296051,0.6264904141426086,0.5957378149032593,0.004082717467099428,0.9988986253738403,0.6552857756614685,0.7306193709373474,-0.012824813835322857,0.7154512405395508,0.6269804835319519,0.7230472564697266,-0.029792865738272667,0.7155513167381287,0.6581922769546509,0.8579119443893433,0.05110914632678032,0.6471072435379028,0.6347458958625793,0.8493865132331848,0.05606022849678993,0.7284594178199768,0.6571309566497803,0.876361608505249,0.05209219455718994,0.4576851725578308,0.6418331861495972,0.8651351928710938,0.059976257383823395,0.4243967831134796,0.66013103723526,0.9008499383926392,-0.031826574355363846,0.6366665959358215,0.6326344013214111,0.8963710069656372,-0.02379009872674942,0.6997605562210083
sujin_fall_normal_10,78,26,2.600334190231363,29.9961444544403,10,0.6495141386985779,0.39382755756378174,-0.22345823049545288,0.9999272227287292,0.6545370817184448,0.38509294390678406,-0.20959536731243134,0.9998672008514404,0.6568063497543335,0.3861132562160492,-0.20962084829807281,0.9998414516448975,0.6594781875610352,0.38715213537216187,-0.20964060723781586,0.9998351335525513,0.6462755799293518,0.3831242620944977,-0.2117931991815567,0.999851405620575,0.642812967300415,0.3829159438610077,-0.21182866394519806,0.9998327493667603,0.6401669979095459,0.3827594816684723,-0.2118525505065918,0.9998558759689331,0.6623163223266602,0.3961437940597534,-0.13010963797569275,0.9997049570083618,0.6360653638839722,0.3912457823753357,-0.1420901119709015,0.9997983574867249,0.6532737612724304,0.40987643599510193,-0.19357138872146606,0.9999068379402161,0.6426694989204407,0.40829014778137207,-0.1971491277217865,0.9999194145202637,0.6741562485694885,0.4722306728363037,-0.08120500296354294,0.9997686743736267,0.6126889586448669,0.4595760405063629,-0.08783143013715744,0.9998255968093872,0.6781607866287231,0.5567659735679626,-0.06753958761692047,0.96132892370224,0.6012179851531982,0.5525416135787964,-0.06927647441625595,0.9846858978271484,0.6595894694328308,0.6108437180519104,-0.13578592240810394,0.9282464385032654,0.6184451580047607,0.6213461756706238,-0.13083547353744507,0.9695747494697571,0.6511382460594177,0.6340484023094177,-0.15917706489562988,0.8564609289169312,0.6232014894485474,0.6454684734344482,-0.15207210183143616,0.9339104890823364,0.6478575468063354,0.6259955763816833,-0.16952607035636902,0.8581796288490295,0.6290547251701355,0.6386210918426514,-0.16543766856193542,0.9321643710136414,0.6490690112113953,0.6188441514968872,-0.14002381265163422,0.8291774988174438,0.6284827589988708,0.6300836801528931,-0.13619573414325714,0.9103277921676636,0.6468575596809387,0.629294216632843,-0.006846292410045862,0.9988165497779846,0.6135549545288086,0.6268022656440735,0.006799051072448492,0.9989123940467834,0.6414092183113098,0.7583650946617126,-0.06406086683273315,0.7165126204490662,0.6147239208221436,0.754778265953064,-0.034926995635032654,0.7023772597312927,0.6461769342422485,0.8779878616333008,-0.01264989748597145,0.6550204157829285,0.6339461803436279,0.8757386207580566,0.05141957104206085,0.7157302498817444,0.6455792784690857,0.8947678804397583,-0.012135966680943966,0.461305171251297,0.6387437582015991,0.8913397789001465,0.057326022535562515,0.4243328273296356,0.6515082716941833,0.910074770450592,-0.09366817772388458,0.6466866135597229,0.6293091177940369,0.9159943461418152,-0.0346076637506485,0.6948563456535339
sujin_fall_normal_10,81,27,2.7003470437018,29.9961444544403,10,0.6434592008590698,0.4524056613445282,-0.23816333711147308,0.9999321103096008,0.6490713953971863,0.4446117877960205,-0.2303597331047058,0.9998741149902344,0.6514100432395935,0.4458087384700775,-0.23039627075195312,0.9998494386672974,0.6535199880599976,0.4474523663520813,-0.2304413914680481,0.9998438358306885,0.6409865021705627,0.44216611981391907,-0.2214229553937912,0.9998594522476196,0.6382052898406982,0.4416194260120392,-0.22145836055278778,0.9998416304588318,0.6355718374252319,0.44125160574913025,-0.2214730829000473,0.9998639822006226,0.65675950050354,0.45743367075920105,-0.16230791807174683,0.9997146725654602,0.6312798857688904,0.44908803701400757,-0.1571071445941925,0.9998053908348083,0.6471648812294006,0.4674781262874603,-0.2170293778181076,0.9999142289161682,0.6366410851478577,0.4636167883872986,-0.2060762345790863,0.9999258518218994,0.6675755381584167,0.5398439168930054,-0.130659282207489,0.9997891187667847,0.6061307191848755,0.5179183483123779,-0.09491215646266937,0.9998379945755005,0.6689622402191162,0.6350308656692505,-0.1304243505001068,0.9639869332313538,0.5880880355834961,0.6043164134025574,-0.07869930565357208,0.9821633696556091,0.6401885151863098,0.6841713786125183,-0.19762089848518372,0.9290500283241272,0.598251223564148,0.6810377836227417,-0.14635351300239563,0.9635676145553589,0.6329526901245117,0.7027472853660583,-0.22493457794189453,0.8585553169250488,0.5996049642562866,0.7056015729904175,-0.16907364130020142,0.9257236123085022,0.6291096806526184,0.6946885585784912,-0.2300301045179367,0.8600977063179016,0.6062307357788086,0.7023168206214905,-0.18203331530094147,0.9242962002754211,0.6298381686210632,0.6899041533470154,-0.20047050714492798,0.8317793607711792,0.6069763898849487,0.6945105791091919,-0.15171700716018677,0.903765857219696,0.6404889822006226,0.6929915547370911,-0.022235533222556114,0.9989287257194519,0.6050798892974854,0.6853412389755249,0.022157130762934685,0.9990113973617554,0.6289052367210388,0.808298647403717,-0.07134821265935898,0.7341858744621277,0.5966061949729919,0.8038343787193298,-0.011200886219739914,0.7023531794548035,0.6472697854042053,0.8879401683807373,0.096900574862957,0.6652711629867554,0.6301165223121643,0.8814560770988464,0.17435169219970703,0.6940277218818665,0.6501681804656982,0.8924785256385803,0.11282417923212051,0.46353116631507874,0.6362219452857971,0.8885042071342468,0.19233417510986328,0.4254155457019806,0.6547577977180481,0.9229874610900879,0.06574049592018127,0.6570609211921692,0.6283004879951477,0.9290505051612854,0.14808683097362518,0.6821295022964478
sujin_fall_normal_10,84,28,2.8003598971722368,29.9961444544403,10,0.6314197778701782,0.5275057554244995,-0.1762382835149765,0.9999379515647888,0.6370051503181458,0.5200290083885193,-0.16342872381210327,0.999885618686676,0.6399632096290588,0.5211432576179504,-0.1634490191936493,0.9998631477355957,0.6424158215522766,0.5223087668418884,-0.16348163783550262,0.9998583197593689,0.6285785436630249,0.5178133249282837,-0.16098809242248535,0.9998719096183777,0.6258400678634644,0.5174023509025574,-0.16102463006973267,0.9998554587364197,0.6239059567451477,0.5173618793487549,-0.1610657274723053,0.9998761415481567,0.6455161571502686,0.5310452580451965,-0.09833206236362457,0.9997407793998718,0.620418131351471,0.5249999761581421,-0.08958883583545685,0.9998213648796082,0.6356229186058044,0.5427541136741638,-0.1530175358057022,0.9999222159385681,0.6250622272491455,0.53910231590271,-0.1503964364528656,0.9999324083328247,0.6546546220779419,0.617469072341919,-0.09256214648485184,0.9998056292533875,0.5947255492210388,0.5957627892494202,-0.045024674385786057,0.9998385906219482,0.6484702229499817,0.714141309261322,-0.11155254393815994,0.9642793536186218,0.5719339847564697,0.6796157360076904,-0.03711691126227379,0.9740272760391235,0.6188306212425232,0.7685908079147339,-0.16086679697036743,0.9264804720878601,0.5628988146781921,0.7612220048904419,-0.10212282836437225,0.9420336484909058,0.6109883189201355,0.7872099280357361,-0.17854616045951843,0.8583729863166809,0.5579210519790649,0.7834968566894531,-0.11954689770936966,0.899211049079895,0.6082242131233215,0.7758961319923401,-0.18347764015197754,0.8602475523948669,0.5615388751029968,0.7848576307296753,-0.13345076143741608,0.899589478969574,0.6091817617416382,0.7704391479492188,-0.1619993895292282,0.8319836854934692,0.5650720000267029,0.7790066599845886,-0.10932300239801407,0.8831143379211426,0.6321623921394348,0.7723066806793213,-0.022069236263632774,0.9990302324295044,0.5955573916435242,0.7661669850349426,0.021937770769000053,0.9991007447242737,0.6204235553741455,0.8497847318649292,-0.12608547508716583,0.7527349591255188,0.5639841556549072,0.8607361316680908,-0.08373067528009415,0.717318058013916,0.6234801411628723,0.8840376138687134,0.08676023036241531,0.650185763835907,0.6286762356758118,0.879758894443512,0.1178029254078865,0.6453206539154053,0.6275553107261658,0.8742387294769287,0.07683300226926804,0.4533883333206177,0.6370283365249634,0.860597550868988,0.1378832757472992,0.41373997926712036,0.6129817366600037,0.9194251894950867,0.058249589055776596,0.6410205364227295,0.6344776749610901,0.9126376509666443,0.13691438734531403,0.6374676823616028
sujin_fall_normal_10,87,29,2.9003727506426737,29.9961444544403,10,0.6063202023506165,0.5998277068138123,-0.1805809885263443,0.9999436736106873,0.6100557446479797,0.5897732377052307,-0.17099431157112122,0.9998965859413147,0.6125679612159729,0.5897995829582214,-0.1710060089826584,0.9998763799667358,0.6151103973388672,0.5901387929916382,-0.17105084657669067,0.999872088432312,0.6027342081069946,0.590131402015686,-0.16964851319789886,0.9998841285705566,0.599953830242157,0.5900423526763916,-0.16970229148864746,0.9998692274093628,0.5972069501876831,0.5900160074234009,-0.16973291337490082,0.9998878240585327,0.620315432548523,0.5980021357536316,-0.11412981152534485,0.9997660517692566,0.5936485528945923,0.5958547592163086,-0.11045023798942566,0.9998379945755005,0.6108052134513855,0.6134185194969177,-0.16002173721790314,0.9999299049377441,0.6024652719497681,0.6131322383880615,-0.15884332358837128,0.99993896484375,0.6364858150482178,0.6717879176139832,-0.11448735743761063,0.9998242855072021,0.571462869644165,0.6703957319259644,-0.06833849847316742,0.9998447895050049,0.6299231052398682,0.771330714225769,-0.1448161005973816,0.9675019979476929,0.5491322875022888,0.7450599670410156,-0.08847597986459732,0.9740157127380371,0.5963783860206604,0.8237834572792053,-0.19188271462917328,0.9333467483520508,0.526481568813324,0.8262845873832703,-0.14186698198318481,0.9388278722763062,0.586043655872345,0.8462921977043152,-0.20958814024925232,0.8713529706001282,0.5157985687255859,0.8438705801963806,-0.15402884781360626,0.8955948948860168,0.5801371335983276,0.8344112634658813,-0.20936822891235352,0.8731037378311157,0.5182310938835144,0.8502819538116455,-0.16886074841022491,0.8972513675689697,0.581724226474762,0.8284637331962585,-0.1906631737947464,0.8472400903701782,0.5228687524795532,0.8457481265068054,-0.1491701751947403,0.8839443922042847,0.6260643601417542,0.8223505616188049,-0.010856284759938717,0.9991119503974915,0.5873076319694519,0.8219945430755615,0.010802554897964,0.9991601705551147,0.6209006905555725,0.8751728534698486,-0.16260792315006256,0.7717124819755554,0.550865113735199,0.8732317090034485,-0.15746399760246277,0.7312548756599426,0.5931224822998047,0.8921899795532227,-0.026073569431900978,0.6303758025169373,0.6114199161529541,0.8764839768409729,0.01917770877480507,0.5937399864196777,0.591005265712738,0.8836748003959656,-0.009556607343256474,0.4486321210861206,0.6198326349258423,0.8603989481925964,0.04129015654325485,0.39030522108078003,0.5731393694877625,0.9176715016365051,-0.014940219931304455,0.6241245865821838,0.6255347728729248,0.8991983532905579,0.055963993072509766,0.5896725058555603
sujin_fall_normal_10,90,30,3.0003856041131107,29.9961444544403,10,0.5603187680244446,0.6459708213806152,-0.15632367134094238,0.9999426603317261,0.5629637837409973,0.6360644102096558,-0.14688605070114136,0.9999021291732788,0.5652897357940674,0.6356128454208374,-0.14692513644695282,0.9998834133148193,0.5676297545433044,0.6351324915885925,-0.1469893753528595,0.9998816251754761,0.5548976063728333,0.6376816034317017,-0.14491458237171173,0.9998902082443237,0.5515350699424744,0.6388033032417297,-0.14495496451854706,0.9998745918273926,0.5485426187515259,0.6401045918464661,-0.1449967473745346,0.9998932480812073,0.5719206929206848,0.6400392055511475,-0.09971707314252853,0.9997836351394653,0.54471355676651,0.6496689319610596,-0.09182079881429672,0.999835193157196,0.5655423998832703,0.6593400835990906,-0.13968291878700256,0.9999349117279053,0.5556860566139221,0.6609653830528259,-0.1373881995677948,0.9999426603317261,0.5954687595367432,0.7138728499412537,-0.09950172156095505,0.999835193157196,0.5317782759666443,0.723717987537384,-0.06766549497842789,0.9998237490653992,0.5895776152610779,0.8207924962043762,-0.12705200910568237,0.9701365232467651,0.5200273990631104,0.8099473118782043,-0.06346531957387924,0.9620219469070435,0.5484909415245056,0.8771946430206299,-0.16684021055698395,0.9389055967330933,0.5049200057983398,0.8776828050613403,-0.10151827335357666,0.927750289440155,0.5382184386253357,0.8954199552536011,-0.17961525917053223,0.8815094232559204,0.49485957622528076,0.8854351043701172,-0.11232396215200424,0.8812074065208435,0.531964123249054,0.8866931796073914,-0.1741611212491989,0.8830317854881287,0.4973304867744446,0.8882877826690674,-0.12376639246940613,0.8850414156913757,0.5334539413452148,0.880889356136322,-0.16274777054786682,0.8583238124847412,0.5014876127243042,0.8873418569564819,-0.10721912235021591,0.873620331287384,0.595706582069397,0.8488190174102783,0.003177464008331299,0.9991843700408936,0.5598281025886536,0.8552343249320984,-0.0033121779561042786,0.999218761920929,0.6268669366836548,0.8756762742996216,-0.0608978308737278,0.7784961462020874,0.5589985251426697,0.8590325713157654,-0.1150878518819809,0.7119166254997253,0.5918681025505066,0.8844168782234192,0.031123023480176926,0.5881856083869934,0.6238291263580322,0.8648697733879089,-0.02241422049701214,0.5454763174057007,0.5882116556167603,0.8694966435432434,0.04355945065617561,0.4175497591495514,0.621234118938446,0.8567332029342651,-0.01039348915219307,0.3628041744232178,0.5752936005592346,0.9008495807647705,0.032776400446891785,0.5820751786231995,0.6550822854042053,0.8652488589286804,-0.027907032519578934,0.5453872084617615
sujin_fall_normal_10,93,31,3.1003984575835477,29.9961444544403,10,0.5075878500938416,0.6942534446716309,-0.16978412866592407,0.999914288520813,0.508985161781311,0.6821743249893188,-0.1620817333459854,0.9999059438705444,0.5116938948631287,0.6807206273078918,-0.16212569177150726,0.9998879432678223,0.5143001079559326,0.6796063780784607,-0.16222001612186432,0.9998900294303894,0.5017710328102112,0.6878252625465393,-0.158639594912529,0.9998926520347595,0.4991755783557892,0.6905899047851562,-0.15865297615528107,0.9998701810836792,0.4965988099575043,0.6936075687408447,-0.15865828096866608,0.9998851418495178,0.5184703469276428,0.6870855689048767,-0.11931289732456207,0.9998011589050293,0.49323368072509766,0.7085137963294983,-0.10049693286418915,0.9998196959495544,0.5170628428459167,0.7069309949874878,-0.1528846174478531,0.9999329447746277,0.506284773349762,0.7127344012260437,-0.14833562076091766,0.9999363422393799,0.5468936562538147,0.7539231777191162,-0.10059691965579987,0.9996544122695923,0.49995991587638855,0.7771252989768982,-0.07079243659973145,0.9960479140281677,0.5893167853355408,0.8262364268302917,-0.10092780739068985,0.935698390007019,0.5292877554893494,0.8246535062789917,-0.0274649765342474,0.8732450604438782,0.6175683736801147,0.8593279719352722,-0.1194365993142128,0.8654330372810364,0.55757737159729,0.8432239294052124,-0.006972943898290396,0.8393113017082214,0.628657341003418,0.8628864288330078,-0.12614241242408752,0.8151805996894836,0.5689868927001953,0.8516905307769775,-0.0036252408754080534,0.7987493276596069,0.6274695992469788,0.8588804602622986,-0.136818066239357,0.8164798021316528,0.5665920376777649,0.8456737399101257,-0.006775423884391785,0.8023009896278381,0.6221373081207275,0.8577476739883423,-0.12384925782680511,0.795970618724823,0.5635557770729065,0.8426938652992249,-0.007314605638384819,0.7935969829559326,0.5614380240440369,0.8646045923233032,-0.0018820319091901183,0.9992172718048096,0.5306881070137024,0.8765360713005066,0.0019240515539422631,0.999232292175293,0.6230777502059937,0.8926459550857544,-0.13121460378170013,0.7949183583259583,0.5150379538536072,0.8814857006072998,-0.11269039660692215,0.7265806794166565,0.5284731388092041,0.9123780131340027,-0.060382116585969925,0.5801287293434143,0.5941507816314697,0.8854835629463196,-0.07593495398759842,0.533507764339447,0.5171496868133545,0.8895159959793091,-0.047345198690891266,0.4140564203262329,0.5986915826797485,0.8712979555130005,-0.06641686707735062,0.37290626764297485,0.49072393774986267,0.9342689514160156,-0.05805383622646332,0.5582322478294373,0.6300235986709595,0.8675684332847595,-0.0755385309457779,0.5253523588180542
sujin_fall_normal_10,96,32,3.2004113110539847,29.9961444544403,10,0.4640154540538788,0.7550394535064697,-0.09194307029247284,0.9990110397338867,0.4622594118118286,0.743048369884491,-0.09263917058706284,0.9996660947799683,0.46399033069610596,0.7391601800918579,-0.09267711639404297,0.9996635913848877,0.4657228887081146,0.735061764717102,-0.09279240667819977,0.9997066855430603,0.45624619722366333,0.7537387609481812,-0.0843975618481636,0.9995557069778442,0.453837126493454,0.7579435110092163,-0.08436372131109238,0.9993370771408081,0.45158907771110535,0.7623660564422607,-0.08436127752065659,0.9993159174919128,0.4709051549434662,0.7343729138374329,-0.07225359976291656,0.99969482421875,0.451309472322464,0.7700452208518982,-0.03456288203597069,0.9992691278457642,0.47315043210983276,0.7598330974578857,-0.08114133030176163,0.9997783899307251,0.4660407602787018,0.772746205329895,-0.07040344178676605,0.9997479319572449,0.5057458877563477,0.7739536166191101,-0.07051260769367218,0.9996642470359802,0.47475430369377136,0.7979046702384949,0.0007199171814136207,0.9959675669670105,0.49965134263038635,0.8695781230926514,-0.09959552437067032,0.936881422996521,0.4907834827899933,0.8696722388267517,0.022991949692368507,0.7907363176345825,0.4441501498222351,0.9123802185058594,-0.1198311522603035,0.8713573813438416,0.5067792534828186,0.8691987991333008,0.014121049083769321,0.7604851126670837,0.43152955174446106,0.9191170930862427,-0.13496586680412292,0.8210969567298889,0.5141609311103821,0.8740476965904236,0.01041704136878252,0.7269008755683899,0.42604386806488037,0.9095491170883179,-0.12467914074659348,0.8212761878967285,0.5105626583099365,0.8636953234672546,0.008988793939352036,0.7298413515090942,0.4317987561225891,0.9084069132804871,-0.1143203154206276,0.7973122000694275,0.5084157586097717,0.8607513308525085,0.013627634383738041,0.7233039736747742,0.5261560082435608,0.8515400886535645,-0.0017013991018757224,0.9992824792861938,0.5017179250717163,0.8727084398269653,0.0016280359122902155,0.9992874264717102,0.6060382723808289,0.8880112767219543,-0.0767165869474411,0.8010048866271973,0.5146523118019104,0.9028865694999695,-0.12704968452453613,0.7252886891365051,0.562411367893219,0.9052034616470337,-0.039472851902246475,0.5469421148300171,0.5951234698295593,0.8822335600852966,-0.10805191099643707,0.5074617266654968,0.556273341178894,0.8834446668624878,-0.02042359858751297,0.39713162183761597,0.6009283065795898,0.87054443359375,-0.09926474094390869,0.36581259965896606,0.5285803079605103,0.919606626033783,-0.02139916829764843,0.5168985724449158,0.6309003233909607,0.8708258271217346,-0.119600310921669,0.49732279777526855
sujin_fall_normal_10,99,33,3.3004241645244217,29.9961444544403,10,0.4366566240787506,0.8039231896400452,-0.19183114171028137,0.9638593792915344,0.43408718705177307,0.795963704586029,-0.1973433941602707,0.9811848402023315,0.43539175391197205,0.79243004322052,-0.19742140173912048,0.9832886457443237,0.4366859793663025,0.7886087894439697,-0.19752328097820282,0.9831914305686951,0.43012702465057373,0.806185245513916,-0.18543535470962524,0.9727060198783875,0.428515762090683,0.8102037906646729,-0.18540246784687042,0.9650350213050842,0.4266599416732788,0.8141471743583679,-0.18546023964881897,0.9650942087173462,0.4395257532596588,0.7843480706214905,-0.19069772958755493,0.9879986643791199,0.4257277250289917,0.8192942142486572,-0.13839782774448395,0.9575833678245544,0.4445628523826599,0.8035102486610413,-0.18610340356826782,0.9744259715080261,0.4393497407436371,0.816817581653595,-0.1705438643693924,0.9748449921607971,0.48139068484306335,0.801361620426178,-0.17014160752296448,0.9990620613098145,0.4559134840965271,0.8124061226844788,-0.0959404930472374,0.99529629945755,0.4720357656478882,0.8797285556793213,-0.2055782526731491,0.926815390586853,0.4753071069717407,0.8742266893386841,-0.09614188224077225,0.7169190645217896,0.4272906184196472,0.9113408923149109,-0.209721639752388,0.8652937412261963,0.5021460056304932,0.8731217980384827,-0.1271355003118515,0.6870534420013428,0.4143899083137512,0.9427635073661804,-0.22828295826911926,0.8148283958435059,0.5195454955101013,0.8864859938621521,-0.13494762778282166,0.657930850982666,0.4086071848869324,0.9115399122238159,-0.21755419671535492,0.8126562237739563,0.5100032091140747,0.8680553436279297,-0.13932891190052032,0.6607881784439087,0.4134696424007416,0.9077094197273254,-0.20403137803077698,0.781365692615509,0.5092674493789673,0.8665512204170227,-0.12980875372886658,0.6554128527641296,0.5070086717605591,0.8328512907028198,7.635771908098832e-05,0.9990248680114746,0.49273496866226196,0.8572418689727783,-0.00022866128711029887,0.9988424777984619,0.5601955652236938,0.7874032855033875,-0.06381531059741974,0.7483950257301331,0.5273218750953674,0.833148717880249,-0.07328774780035019,0.6688023209571838,0.5876084566116333,0.8447967767715454,-0.06881064921617508,0.510787308216095,0.6001063585281372,0.833371102809906,-0.06776564568281174,0.467599093914032,0.5871694684028625,0.8557097911834717,-0.06839878857135773,0.3888002932071686,0.6055840849876404,0.8349507451057434,-0.053113676607608795,0.35087648034095764,0.6136204600334167,0.8517946600914001,-0.11044733226299286,0.4826325476169586,0.6311889886856079,0.8201818466186523,-0.08267185837030411,0.4600265324115753
sujin_fall_normal_10,102,34,3.4004370179948586,29.9961444544403,10,0.4194563925266266,0.8462525606155396,-0.17850437760353088,0.967460572719574,0.41720861196517944,0.8438443541526794,-0.19183634221553802,0.9830650687217712,0.418947696685791,0.8410444855690002,-0.19187839329242706,0.9849579930305481,0.4203075170516968,0.8399995565414429,-0.19201375544071198,0.9848707318305969,0.41392946243286133,0.8448755145072937,-0.1788928508758545,0.9754334092140198,0.4124351739883423,0.8488398194313049,-0.17889279127120972,0.968528687953949,0.41163963079452515,0.8526480793952942,-0.1789236217737198,0.9685818552970886,0.4242421090602875,0.8308922052383423,-0.2066340297460556,0.9891979694366455,0.41224321722984314,0.8544135093688965,-0.1480698585510254,0.9618227481842041,0.4254068434238434,0.8420629501342773,-0.1764214038848877,0.9769821763038635,0.4220719635486603,0.8495995998382568,-0.15988506376743317,0.9773596525192261,0.47781792283058167,0.8173421621322632,-0.1761070340871811,0.9991499781608582,0.4339609444141388,0.8355129957199097,-0.11734963953495026,0.9957554340362549,0.5037124752998352,0.8734866976737976,-0.23212800920009613,0.9234020709991455,0.4566161334514618,0.8681839108467102,-0.146715447306633,0.6644413471221924,0.4654354751110077,0.8978442549705505,-0.2969154119491577,0.8667856454849243,0.48489150404930115,0.8830327391624451,-0.23339791595935822,0.6343756318092346,0.45746394991874695,0.915198564529419,-0.32506224513053894,0.8161309957504272,0.49110230803489685,0.8829163908958435,-0.2501669228076935,0.6143139004707336,0.4491002857685089,0.8958073258399963,-0.3130480945110321,0.8124707937240601,0.4926393926143646,0.87937992811203,-0.2559043765068054,0.619231641292572,0.4521902799606323,0.8937627673149109,-0.2925375699996948,0.776294469833374,0.4913163483142853,0.8780727982521057,-0.23707368969917297,0.6159027814865112,0.5058944225311279,0.8332754969596863,-0.008068577386438847,0.9991201758384705,0.4713524281978607,0.851975679397583,0.007955962792038918,0.9989563226699829,0.5635805726051331,0.8145151138305664,-0.06412097066640854,0.7624253034591675,0.46319860219955444,0.8357100486755371,-0.10879524052143097,0.6784219145774841,0.5127992630004883,0.8735342025756836,-0.06380549818277359,0.5137501955032349,0.49605366587638855,0.8059577941894531,-0.2027076631784439,0.4948844611644745,0.5042468905448914,0.8730734586715698,-0.060534339398145676,0.39160069823265076,0.49925416707992554,0.8084753155708313,-0.20665550231933594,0.4003206789493561,0.49124017357826233,0.9085971117019653,-0.08374100178480148,0.47962382435798645,0.5034081935882568,0.7673435807228088,-0.24397975206375122,0.4934691786766052
sujin_fall_normal_10,105,35,3.5004498714652956,29.9961444544403,10,0.4192386567592621,0.858420193195343,-0.17274361848831177,0.9707138538360596,0.4145602583885193,0.8501842617988586,-0.1839536726474762,0.9847584366798401,0.4161171615123749,0.8465479016304016,-0.1840049773454666,0.9864619970321655,0.4252473711967468,0.8632044196128845,-0.18413430452346802,0.9863834977149963,0.41176143288612366,0.8591910600662231,-0.17262856662273407,0.977889895439148,0.4107409119606018,0.8630780577659607,-0.17258983850479126,0.971675455570221,0.41000494360923767,0.8668037056922913,-0.1726013720035553,0.9717232584953308,0.4311312437057495,0.8473178148269653,-0.1991300731897354,0.9902780652046204,0.40784603357315063,0.8690310716629028,-0.14736567437648773,0.965640127658844,0.4267343580722809,0.8518567681312561,-0.169883593916893,0.9792838096618652,0.422372043132782,0.8631468415260315,-0.15543562173843384,0.979623556137085,0.45780616998672485,0.8163803219795227,-0.17988242208957672,0.9992348551750183,0.43927624821662903,0.8204841613769531,-0.1166849210858345,0.9961788654327393,0.4741705358028412,0.8839868903160095,-0.22940205037593842,0.9301928877830505,0.463111937046051,0.8575698137283325,-0.14575481414794922,0.641748309135437,0.4260683059692383,0.9118627905845642,-0.2988283038139343,0.877888023853302,0.5322974324226379,0.8737196922302246,-0.20789140462875366,0.6121413707733154,0.4245210289955139,0.9207533597946167,-0.3276068866252899,0.829475462436676,0.5435856580734253,0.8775008320808411,-0.22222256660461426,0.5940960645675659,0.4062260091304779,0.9064876437187195,-0.314910888671875,0.8258748054504395,0.545383095741272,0.8719469308853149,-0.22589175403118134,0.6002567410469055,0.4123319685459137,0.9063200950622559,-0.2936026453971863,0.791046142578125,0.5425124764442444,0.8704162240028381,-0.2098473459482193,0.5974273085594177,0.4915579855442047,0.8327632546424866,-0.012379639782011509,0.9992078542709351,0.4700494706630707,0.8449397683143616,0.012166202999651432,0.9990602731704712,0.5607083439826965,0.8111293911933899,0.01033977884799242,0.762512743473053,0.47117310762405396,0.8248699307441711,-0.06833422183990479,0.6775979399681091,0.5359383821487427,0.7796097993850708,0.05039748176932335,0.47945860028266907,0.47943317890167236,0.7635310888290405,-0.13665102422237396,0.5045840740203857,0.5306689143180847,0.7721782326698303,0.05842762440443039,0.36286279559135437,0.4800185263156891,0.7617042660713196,-0.1374155730009079,0.42680296301841736,0.525503933429718,0.7715926766395569,0.061289962381124496,0.44585418701171875,0.47928789258003235,0.7199660539627075,-0.15733835101127625,0.5045831799507141
sujin_fall_normal_10,108,36,3.600462724935733,29.9961444544403,10,0.41555091738700867,0.8605794906616211,-0.2883776128292084,0.9736411571502686,0.4107390344142914,0.8542638421058655,-0.3011988401412964,0.986282467842102,0.4113367199897766,0.8497615456581116,-0.30119788646698,0.9878156185150146,0.41267138719558716,0.8458809852600098,-0.301396906375885,0.9877449870109558,0.4085141122341156,0.8668141961097717,-0.2919284701347351,0.980100691318512,0.4075840711593628,0.8712065815925598,-0.29193952679634094,0.9745075702667236,0.4062875509262085,0.8758049011230469,-0.29190149903297424,0.9745506048202515,0.41520145535469055,0.8346390128135681,-0.29944536089897156,0.9912501573562622,0.40441641211509705,0.881153404712677,-0.2573928236961365,0.9690759778022766,0.4224925637245178,0.8551839590072632,-0.28125184774398804,0.9813552498817444,0.4199516177177429,0.8714953660964966,-0.2689472436904907,0.9816610217094421,0.47038593888282776,0.8305343389511108,-0.22998876869678497,0.9993090033531189,0.4234499931335449,0.8587601780891418,-0.19889730215072632,0.996557354927063,0.4916461408138275,0.881804347038269,-0.18771551549434662,0.9166440367698669,0.42410287261009216,0.8928472995758057,-0.1483113020658493,0.6381556987762451,0.4483679234981537,0.9107739329338074,-0.14186380803585052,0.8578124046325684,0.4630306661128998,0.8850353956222534,-0.14454074203968048,0.5801239609718323,0.4407339096069336,0.9199516177177429,-0.14835116267204285,0.800897479057312,0.4722399413585663,0.8822357654571533,-0.14843975007534027,0.5611969828605652,0.4294261038303375,0.9068139791488647,-0.14550064504146576,0.8001144528388977,0.4734695851802826,0.8743382096290588,-0.15043160319328308,0.5717898607254028,0.43336203694343567,0.9037565588951111,-0.1374443620443344,0.7648833990097046,0.4718146324157715,0.8755610585212708,-0.14329150319099426,0.5711913108825684,0.47990575432777405,0.8376823663711548,-0.01107726339250803,0.9992861747741699,0.4547847807407379,0.8562794923782349,0.011269429698586464,0.9991539716720581,0.5043027400970459,0.8103558421134949,0.02227025106549263,0.7595598697662354,0.45254507660865784,0.8643821477890015,-0.03280455246567726,0.700279712677002,0.46057745814323425,0.8090317845344543,0.07868663966655731,0.47932010889053345,0.46369415521621704,0.797503650188446,-0.006723628845065832,0.518629252910614,0.45300957560539246,0.806675910949707,0.08921539783477783,0.3603227138519287,0.46565017104148865,0.7874390482902527,0.0028330821078270674,0.44286012649536133,0.44389793276786804,0.809292197227478,0.08981167525053024,0.44719091057777405,0.46380841732025146,0.7419278025627136,0.01129417959600687,0.5183810591697693
sujin_fall_normal_10,111,37,3.70047557840617,29.9961444544403,10,0.4143272042274475,0.8780770301818848,-0.24089999496936798,0.9762605428695679,0.4093189239501953,0.8702270984649658,-0.25386932492256165,0.9876512289047241,0.4100412130355835,0.8670239448547363,-0.253906786441803,0.9890304207801819,0.4113420844078064,0.8629482984542847,-0.25406956672668457,0.9889670610427856,0.40678805112838745,0.879744291305542,-0.24090932309627533,0.9820855855941772,0.4062184691429138,0.8824666142463684,-0.24087844789028168,0.9770505428314209,0.4044385850429535,0.8868544697761536,-0.24086423218250275,0.977088212966919,0.4124041795730591,0.8496643900871277,-0.26883360743522644,0.9921234846115112,0.40446457266807556,0.8887098431587219,-0.2067178338766098,0.9721645712852478,0.4209917187690735,0.8706648945808411,-0.24081841111183167,0.9832141995429993,0.41824668645858765,0.8820621967315674,-0.22300465404987335,0.9834871888160706,0.4726407825946808,0.8231954574584961,-0.22158119082450867,0.9993743896484375,0.4244767725467682,0.8631689548492432,-0.17024965584278107,0.9968414306640625,0.5165135860443115,0.8357560634613037,-0.2055535763502121,0.8962822556495667,0.43336376547813416,0.8852235078811646,-0.13898037374019623,0.5879282355308533,0.5313640832901001,0.8762122988700867,-0.21088872849941254,0.826205849647522,0.5117805004119873,0.8810348510742188,-0.10182779282331467,0.531585693359375,0.5387519598007202,0.8770692944526672,-0.2263840138912201,0.7662855386734009,0.5253530144691467,0.8804337382316589,-0.10456398874521255,0.516217052936554,0.52973473072052,0.8780982494354248,-0.23700042068958282,0.7655423283576965,0.5245701670646667,0.8726646900177002,-0.10759937763214111,0.5263356566429138,0.5273004770278931,0.8784336447715759,-0.21597525477409363,0.7299203276634216,0.5209285020828247,0.8734025955200195,-0.10158640891313553,0.5263502597808838,0.48726150393486023,0.840052604675293,-0.021353954449295998,0.999356746673584,0.4478859007358551,0.859229564666748,0.021355871111154556,0.9992353916168213,0.5201728940010071,0.8559569716453552,-0.06572156399488449,0.7586994767189026,0.3844115436077118,0.9216408729553223,0.04284493252635002,0.7079528570175171,0.49784988164901733,0.8587520718574524,0.014913281425833702,0.4570988714694977,0.3468910753726959,0.9051682949066162,0.04219000041484833,0.5220820307731628,0.4911298453807831,0.8560212850570679,0.02811533771455288,0.3419996201992035,0.3456244468688965,0.9037392735481262,0.047823432832956314,0.4576844274997711,0.463562548160553,0.8586380481719971,0.0812847912311554,0.43051111698150635,0.32853537797927856,0.8969582915306091,0.06510921567678452,0.5215314626693726
sujin_fall_normal_10,114,38,3.800488431876607,29.9961444544403,10,0.41409775614738464,0.8803231716156006,0.0482185035943985,0.978630006313324,0.4095195531845093,0.8726746439933777,0.05294293165206909,0.988884449005127,0.4104068875312805,0.8675051927566528,0.052886173129081726,0.9901258945465088,0.4110482931137085,0.8627687692642212,0.052751194685697556,0.9900676608085632,0.4074053466320038,0.8833893537521362,0.0644589439034462,0.9838743805885315,0.40645530819892883,0.886340320110321,0.06458459049463272,0.9793432950973511,0.4055834710597992,0.8888442516326904,0.06460870802402496,0.9793753623962402,0.41136109828948975,0.8500980138778687,0.06475451588630676,0.9929103255271912,0.40342336893081665,0.885344386100769,0.1180652379989624,0.974946916103363,0.42088133096694946,0.8719349503517151,0.050316210836172104,0.9848899841308594,0.4193124771118164,0.8834506273269653,0.06568954139947891,0.9851353168487549,0.45573312044143677,0.8285819888114929,0.06253271549940109,0.9994357824325562,0.42142871022224426,0.8661390542984009,0.10923217982053757,0.9971542954444885,0.49898767471313477,0.8433423042297363,0.013600667007267475,0.8728294968605042,0.43812209367752075,0.8883039951324463,0.07093724608421326,0.5393365621566772,0.5106696486473083,0.8929508328437805,-0.033976733684539795,0.7808478474617004,0.47858983278274536,0.9210109114646912,0.03334403783082962,0.48717617988586426,0.5077018737792969,0.884246289730072,-0.043636925518512726,0.7264685034751892,0.4881102442741394,0.9253250360488892,0.03622227534651756,0.4771881401538849,0.4969487488269806,0.8951080441474915,-0.03359560668468475,0.7250851392745972,0.4891005754470825,0.9273272156715393,0.03483472019433975,0.48622196912765503,0.509147584438324,0.8944732546806335,-0.030025174841284752,0.6913619041442871,0.486471563577652,0.9270861744880676,0.032531388103961945,0.4871017634868622,0.48472148180007935,0.844300389289856,-0.01941980980336666,0.9994210600852966,0.44776347279548645,0.8737437725067139,0.01934724859893322,0.9993116855621338,0.528896152973175,0.8206894993782043,-0.08830977976322174,0.7818214297294617,0.3845070004463196,0.9037493467330933,-0.0023673451505601406,0.7348397374153137,0.5795008540153503,0.8107547760009766,-0.18323859572410583,0.5048695206642151,0.3485233187675476,0.9174444675445557,-0.1731182485818863,0.5674234628677368,0.5881080031394958,0.8200225830078125,-0.1916474997997284,0.4018605053424835,0.3514767587184906,0.9329253435134888,-0.18601717054843903,0.5106337666511536,0.5958030819892883,0.7922418713569641,-0.2139551192522049,0.47912105917930603,0.32746970653533936,0.9003983736038208,-0.21359975636005402,0.5660154223442078
sujin_fall_normal_10,117,39,3.900501285347044,29.9961444544403,10,0.4132041931152344,0.8865646719932556,-0.19849033653736115,0.9807507991790771,0.4104887545108795,0.8771198987960815,-0.21327799558639526,0.989991307258606,0.41120442748069763,0.8736175298690796,-0.21329036355018616,0.99111008644104,0.4125681519508362,0.8690760135650635,-0.21342673897743225,0.9910545349121094,0.4077012240886688,0.8885030746459961,-0.19950589537620544,0.9854788184165955,0.4069659113883972,0.891333281993866,-0.19944599270820618,0.9814033508300781,0.40615513920783997,0.8939789533615112,-0.1994609385728836,0.9814223647117615,0.4131264388561249,0.8551747798919678,-0.2255450338125229,0.9936180710792542,0.4045551121234894,0.8925697207450867,-0.1617535948753357,0.977445662021637,0.42237207293510437,0.8769721984863281,-0.19801558554172516,0.9863948822021484,0.42042267322540283,0.8881869316101074,-0.17943637073040009,0.9866142868995667,0.4540538489818573,0.8272237777709961,-0.19591596722602844,0.9994899034500122,0.41822999715805054,0.8731110692024231,-0.12772276997566223,0.9974175691604614,0.495027095079422,0.8747857213020325,-0.21818524599075317,0.8787104487419128,0.44559139013290405,0.8879378437995911,-0.12808911502361298,0.50501549243927,0.43795737624168396,0.9199369549751282,-0.2461334615945816,0.790550708770752,0.5021079778671265,0.9022217392921448,-0.16177457571029663,0.4683798849582672,0.4505145847797394,0.9515575170516968,-0.26078709959983826,0.7378250956535339,0.5161513090133667,0.9049717783927917,-0.17121891677379608,0.46338385343551636,0.43890178203582764,0.9406917691230774,-0.2542852759361267,0.7351973652839661,0.5157269239425659,0.8962706327438354,-0.17409111559391022,0.47208818793296814,0.44292518496513367,0.934721052646637,-0.24172542989253998,0.6997821927070618,0.5113164782524109,0.8963891267776489,-0.16314645111560822,0.47000446915626526,0.4834757149219513,0.8498761057853699,-0.01874942146241665,0.9994787573814392,0.4439382255077362,0.8861465454101562,0.018667403608560562,0.9993780255317688,0.5426656007766724,0.8108597993850708,-0.10478004068136215,0.802891731262207,0.3659873902797699,0.9120798707008362,0.03332898020744324,0.7555031180381775,0.5560218095779419,0.878860592842102,-0.11252359300851822,0.5460233688354492,0.33728188276290894,0.9215765595436096,-0.007541838102042675,0.6048900485038757,0.5821345448493958,0.8870171308517456,-0.10887757688760757,0.45053550601005554,0.3410853445529938,0.9348614811897278,-0.006573158781975508,0.5559043288230896,0.5598304867744446,0.9030522108078003,-0.12093991786241531,0.5220406651496887,0.31521913409233093,0.9041236042976379,-0.009028232656419277,0.6046240329742432
sujin_fall_normal_10,120,40,4.000514138817481,29.9961444544403,10,0.4146466553211212,0.8821845054626465,-0.05525968223810196,0.9826655983924866,0.4111313223838806,0.8751441836357117,-0.06561019271612167,0.9909894466400146,0.4118209779262543,0.8719969987869263,-0.06560351699590683,0.9919959306716919,0.4134550988674164,0.8676242828369141,-0.06572755426168442,0.9919448494911194,0.4084422290325165,0.8856900930404663,-0.054101165384054184,0.9869266152381897,0.4076981842517853,0.8888240456581116,-0.05405839905142784,0.9832589030265808,0.4067135751247406,0.891782283782959,-0.05406653508543968,0.9832749366760254,0.41439542174339294,0.8549705147743225,-0.08578533679246902,0.9942547678947449,0.40573233366012573,0.8918071389198303,-0.03291025385260582,0.9796996116638184,0.4220755994319916,0.8747451305389404,-0.06013336405158043,0.9877530932426453,0.41973742842674255,0.8875030875205994,-0.0448184497654438,0.9879508018493652,0.4583786129951477,0.832658052444458,-0.06405753642320633,0.9995378255844116,0.41486218571662903,0.8774499297142029,-0.021198071539402008,0.9976670145988464,0.5016728639602661,0.8562109470367432,-0.07968385517597198,0.8684546947479248,0.41666385531425476,0.9146265387535095,-0.0267927348613739,0.47754818201065063,0.4905300438404083,0.9141726493835449,-0.12174654752016068,0.7739717364311218,0.4423810541629791,0.9134552478790283,-0.0685228556394577,0.45788660645484924,0.49131420254707336,0.9341855645179749,-0.13833236694335938,0.717917799949646,0.4504629075527191,0.9126327037811279,-0.07293979823589325,0.4555521011352539,0.48094800114631653,0.9314585328102112,-0.12857578694820404,0.7131344676017761,0.44979390501976013,0.9037512540817261,-0.07553420960903168,0.46375998854637146,0.4801626205444336,0.9256726503372192,-0.1184142604470253,0.6797146797180176,0.44835615158081055,0.9050089120864868,-0.06937284767627716,0.4605024755001068,0.4694897532463074,0.8480873703956604,-0.0180328618735075,0.9995307922363281,0.43163761496543884,0.8779648542404175,0.01796916127204895,0.9994398355484009,0.5028442740440369,0.8249151110649109,-0.06716545671224594,0.8115177750587463,0.37556836009025574,0.906823456287384,0.04912304878234863,0.7672182321548462,0.5105642676353455,0.897489070892334,-0.07702624797821045,0.5652415752410889,0.34283387660980225,0.9158480167388916,-0.008790293708443642,0.63359534740448,0.5111048221588135,0.910476565361023,-0.07587780058383942,0.47866347432136536,0.3447737991809845,0.9249800443649292,-0.010108688846230507,0.5942628979682922,0.5216967463493347,0.909273087978363,-0.09484019875526428,0.532619833946228,0.32480841875076294,0.9106241464614868,-0.011801903136074543,0.6287880539894104
sujin_fall_normal_10,123,41,4.100526992287918,29.9961444544403,10,0.4141145944595337,0.8838325142860413,-0.04238858073949814,0.9843907356262207,0.40959852933883667,0.874535083770752,-0.04895543307065964,0.9918890595436096,0.41110581159591675,0.8694260716438293,-0.048977773636579514,0.9927946925163269,0.411832720041275,0.8653087019920349,-0.04912819713354111,0.9927481412887573,0.4079543650150299,0.8854567408561707,-0.03844456002116203,0.9882317185401917,0.4064928889274597,0.8892343044281006,-0.03840785473585129,0.9849305748939514,0.4056784212589264,0.8918942213058472,-0.03842699155211449,0.9849444031715393,0.41276487708091736,0.8527180552482605,-0.057384345680475235,0.9948287606239319,0.4045201241970062,0.8915653824806213,-0.009960719384253025,0.9817289710044861,0.4211532175540924,0.8763421177864075,-0.04454848915338516,0.9889768958091736,0.41842958331108093,0.8912784457206726,-0.030753282830119133,0.9891549944877625,0.45392292737960815,0.8314735889434814,-0.04942227154970169,0.9995818138122559,0.40256449580192566,0.8747406005859375,-0.00448519317433238,0.9978914856910706,0.4979073107242584,0.8456211686134338,-0.09769904613494873,0.8414357900619507,0.3960156738758087,0.9081834554672241,-0.06381194293498993,0.4397267699241638,0.49103960394859314,0.9016929864883423,-0.1747218519449234,0.7411866784095764,0.4204210042953491,0.9091386795043945,-0.18913234770298004,0.42995911836624146,0.4941323399543762,0.9178546667098999,-0.19755810499191284,0.6896003484725952,0.4275812804698944,0.909377932548523,-0.2031134068965912,0.43409377336502075,0.48233509063720703,0.9165680408477783,-0.18893426656723022,0.6851598024368286,0.4290425479412079,0.8994607925415039,-0.20367863774299622,0.443165123462677,0.48052453994750977,0.9137915968894958,-0.17277704179286957,0.6518484950065613,0.42904338240623474,0.8984472155570984,-0.19113202393054962,0.4399738609790802,0.46850377321243286,0.8469454646110535,-0.013937477953732014,0.9995774626731873,0.42784664034843445,0.8764797449111938,0.013875884935259819,0.9994950890541077,0.5104687809944153,0.818207859992981,-0.06221611797809601,0.8240500688552856,0.36929386854171753,0.9054276347160339,0.04793470352888107,0.7832293510437012,0.5169142484664917,0.8920849561691284,-0.09863080829381943,0.585498571395874,0.32674920558929443,0.9107469320297241,-0.020149940624833107,0.6583570241928101,0.5153183937072754,0.9068253040313721,-0.09935464709997177,0.5098137259483337,0.3482873737812042,0.920710027217865,-0.021910501644015312,0.6284471154212952,0.5265329480171204,0.9005886316299438,-0.11565719544887543,0.5366510152816772,0.32911622524261475,0.9053176045417786,-0.025017956271767616,0.6425368785858154
sujin_fall_normal_10,126,42,4.200539845758355,29.9961444544403,10,0.4121234118938446,0.8839588761329651,-0.08915314823389053,0.985802173614502,0.4087733328342438,0.8735983967781067,-0.09290866553783417,0.9926446080207825,0.4095807373523712,0.8686653971672058,-0.09295699745416641,0.9934714436531067,0.4099135100841522,0.8645056486129761,-0.09298480302095413,0.9933865070343018,0.40622442960739136,0.8845078945159912,-0.08575233817100525,0.9893065690994263,0.40511295199394226,0.8879749178886414,-0.08574497699737549,0.9863624572753906,0.4040766954421997,0.8906611800193787,-0.08587487787008286,0.9862874150276184,0.410759836435318,0.8518598079681396,-0.06466906517744064,0.9953138828277588,0.40271785855293274,0.890475332736969,-0.055453553795814514,0.983483076095581,0.418864905834198,0.8764925003051758,-0.08532170951366425,0.9900175333023071,0.417367547750473,0.8896909356117249,-0.07632904499769211,0.9901517033576965,0.44660452008247375,0.8309046030044556,-0.07831145823001862,0.9996126294136047,0.4039177894592285,0.8738282918930054,-0.024420490488409996,0.998046875,0.48110541701316833,0.8588752150535583,-0.1540726125240326,0.8401529788970947,0.40253061056137085,0.9074943661689758,-0.08118927478790283,0.4139455258846283,0.44314706325531006,0.9056836366653442,-0.2391941100358963,0.7441583275794983,0.4228731095790863,0.9047937989234924,-0.16803792119026184,0.39908984303474426,0.43502122163772583,0.9225655198097229,-0.26002630591392517,0.694640040397644,0.42940008640289307,0.9035770893096924,-0.1786889135837555,0.40605616569519043,0.4164975881576538,0.9104580283164978,-0.24428893625736237,0.6901476979255676,0.4287819266319275,0.8947263956069946,-0.17874883115291595,0.41483306884765625,0.4216877818107605,0.9090473651885986,-0.23290160298347473,0.6554052829742432,0.42807063460350037,0.8961278796195984,-0.16913725435733795,0.41314932703971863,0.4643162488937378,0.8580738306045532,-0.014181547798216343,0.9996170401573181,0.42693477869033813,0.8814120292663574,0.014064544811844826,0.9995271563529968,0.5135589838027954,0.7965060472488403,-0.06682334095239639,0.8327121138572693,0.3466322720050812,0.9045942425727844,0.007542644627392292,0.7798692584037781,0.5671045184135437,0.8899054527282715,-0.14191360771656036,0.617285966873169,0.3034130334854126,0.9121739864349365,-0.10059887915849686,0.6771795749664307,0.571240246295929,0.9103632569313049,-0.14780716598033905,0.5518611073493958,0.2968369424343109,0.9486861824989319,-0.1079476848244667,0.6609615683555603,0.5970220565795898,0.8999621272087097,-0.17540767788887024,0.5711063742637634,0.26974305510520935,0.917261004447937,-0.12102439254522324,0.6623535752296448
sujin_fall_normal_10,129,43,4.300552699228792,29.9961444544403,10,0.4124388098716736,0.8854048848152161,-0.033539872616529465,0.9870280027389526,0.40916359424591064,0.8757979869842529,-0.03889566659927368,0.9933293461799622,0.409749299287796,0.8708335161209106,-0.038941025733947754,0.9940699934959412,0.41019877791404724,0.8660392761230469,-0.039056405425071716,0.9939690232276917,0.40662437677383423,0.8863860964775085,-0.026821494102478027,0.9902929067611694,0.4059884250164032,0.888960063457489,-0.0267578586935997,0.9876498579978943,0.4050317108631134,0.8909645080566406,-0.02683776617050171,0.9875509738922119,0.4110827147960663,0.8529524207115173,-0.043979085981845856,0.9957538843154907,0.4044702649116516,0.889920711517334,0.010026921518146992,0.9850882291793823,0.41920843720436096,0.8771677613258362,-0.03530160337686539,0.9909648299217224,0.41808873414993286,0.8889723420143127,-0.01935769058763981,0.9910919666290283,0.45122674107551575,0.8309437036514282,-0.044769879430532455,0.999625027179718,0.40530285239219666,0.8620913028717041,0.02225510962307453,0.9981855154037476,0.4809897243976593,0.8715053200721741,-0.08232871443033218,0.8019171953201294,0.42110875248908997,0.895290195941925,-0.01775493659079075,0.3744111657142639,0.45370736718177795,0.9075324535369873,-0.11742105334997177,0.7025272250175476,0.45128729939460754,0.9041186571121216,-0.08261802047491074,0.36126112937927246,0.44900840520858765,0.9220060110092163,-0.13260403275489807,0.6569549441337585,0.4596123695373535,0.9046576023101807,-0.08585236221551895,0.3686927855014801,0.43697303533554077,0.9111526012420654,-0.11917069554328918,0.6513679027557373,0.4576656222343445,0.8975858092308044,-0.0899001806974411,0.3767770528793335,0.43949493765830994,0.9090352058410645,-0.11182770133018494,0.6180328130722046,0.4562786817550659,0.8970350027084351,-0.0847095400094986,0.37560611963272095,0.4663153290748596,0.8486731648445129,-0.016903435811400414,0.9996540546417236,0.4290185570716858,0.8726393580436707,0.016735821962356567,0.9995686411857605,0.512100338935852,0.7978605031967163,-0.06689973920583725,0.8416945934295654,0.3528558313846588,0.8828839063644409,0.03249296545982361,0.7811287045478821,0.5428149104118347,0.8932960033416748,-0.13479185104370117,0.6315053105354309,0.3188447654247284,0.913711667060852,-0.09721270203590393,0.6857049465179443,0.5425481200218201,0.9129724502563477,-0.14071117341518402,0.5795691013336182,0.3078843355178833,0.9412562847137451,-0.10810048133134842,0.68815016746521,0.5720821619033813,0.9030917882919312,-0.16283218562602997,0.5805647969245911,0.2971591353416443,0.9135301113128662,-0.11833600699901581,0.6691579818725586
sujin_fall_normal_10,132,44,4.400565552699229,29.9961444544403,10,0.4118584394454956,0.8881740570068359,-0.28950631618499756,0.988091230392456,0.40910521149635315,0.8764323592185974,-0.30317527055740356,0.9939368367195129,0.4096580445766449,0.8717920184135437,-0.3031957447528839,0.9946308135986328,0.4100479483604431,0.8674325346946716,-0.30331966280937195,0.9945040345191956,0.4063352644443512,0.887117326259613,-0.2937064468860626,0.9911324381828308,0.4054795801639557,0.8895180225372314,-0.2936888337135315,0.9887827634811401,0.40313753485679626,0.8920615315437317,-0.293701708316803,0.988551139831543,0.41145724058151245,0.853076159954071,-0.29841357469558716,0.996165931224823,0.40225887298583984,0.8904526233673096,-0.2557344138622284,0.9865211844444275,0.4182559847831726,0.8814347386360168,-0.28106871247291565,0.9918146133422852,0.4151058793067932,0.8932589888572693,-0.2686651945114136,0.9918920397758484,0.4518733322620392,0.836837649345398,-0.2183844894170761,0.9996364712715149,0.39267784357070923,0.8744081854820251,-0.18806467950344086,0.998236358165741,0.483144074678421,0.8732145428657532,-0.2259410321712494,0.8098061084747314,0.3780207633972168,0.9028559923171997,-0.17958511412143707,0.36047327518463135,0.44833382964134216,0.9125914573669434,-0.2447691708803177,0.687231183052063,0.40656736493110657,0.9037789106369019,-0.24209970235824585,0.33366113901138306,0.4415521025657654,0.9267928600311279,-0.25619056820869446,0.6428298354148865,0.41195186972618103,0.903455913066864,-0.2541061341762543,0.34293118119239807,0.430177241563797,0.9134291410446167,-0.24995389580726624,0.6374431252479553,0.414130300283432,0.8924559950828552,-0.25160712003707886,0.35153502225875854,0.4326101243495941,0.9099379777908325,-0.24027767777442932,0.5988766551017761,0.4141024351119995,0.8946733474731445,-0.24195964634418488,0.35081183910369873,0.4614618122577667,0.8427372574806213,-0.009180398657917976,0.999685525894165,0.41686421632766724,0.8641157150268555,0.009253487922251225,0.9995818734169006,0.516234278678894,0.7935735583305359,-0.06881978362798691,0.8550845980644226,0.3459218442440033,0.8930947184562683,-0.005606570281088352,0.7795416712760925,0.6080924272537231,0.8636870384216309,-0.14927193522453308,0.667629599571228,0.3178711235523224,0.9161132574081421,-0.025688299909234047,0.6855442523956299,0.6160067915916443,0.8789461255073547,-0.15551920235157013,0.6198813915252686,0.3219467103481293,0.9613835215568542,-0.023564646020531654,0.7044311761856079,0.6361013054847717,0.854250967502594,-0.20614561438560486,0.6214513182640076,0.3009404242038727,0.9400900602340698,-0.04461099952459335,0.6783748269081116
sujin_fall_normal_10,135,45,4.500578406169666,29.9961444544403,10,0.41174107789993286,0.8878682255744934,-0.12680308520793915,0.9892579913139343,0.40919235348701477,0.8762542605400085,-0.1385427564382553,0.9945326447486877,0.4099052846431732,0.8716261386871338,-0.13864544034004211,0.9951616525650024,0.41049131751060486,0.8677031993865967,-0.13872720301151276,0.9950399398803711,0.4063691794872284,0.8870037794113159,-0.12890006601810455,0.9919971823692322,0.4055018723011017,0.8893411159515381,-0.12881119549274445,0.9898905158042908,0.4033355116844177,0.8914017081260681,-0.12889891862869263,0.9896581172943115,0.41296660900115967,0.8583210706710815,-0.1605050265789032,0.996544599533081,0.4023433327674866,0.8903809785842896,-0.11937741935253143,0.9878594279289246,0.4183085560798645,0.8809768557548523,-0.13105639815330505,0.9926232099533081,0.41546785831451416,0.8928155899047852,-0.11835583299398422,0.9926837682723999,0.4518371820449829,0.8408127427101135,-0.15095509588718414,0.9996712803840637,0.40597763657569885,0.8652259111404419,-0.12016551941633224,0.9983963370323181,0.48076874017715454,0.8979542851448059,-0.17915351688861847,0.8240070343017578,0.439048707485199,0.8825989961624146,-0.10379184782505035,0.3620067834854126,0.43002423644065857,0.9136377573013306,-0.23934392631053925,0.6991328001022339,0.48476043343544006,0.8805086016654968,-0.13293787837028503,0.3098980188369751,0.42317909002304077,0.9311664700508118,-0.25943589210510254,0.6529130935668945,0.4972144365310669,0.8797942399978638,-0.1426062434911728,0.3188551962375641,0.41127103567123413,0.9077211022377014,-0.24430999159812927,0.6469333171844482,0.4951913058757782,0.8710927367210388,-0.14315398037433624,0.32760176062583923,0.4160812795162201,0.9072990417480469,-0.2329118698835373,0.6065781116485596,0.4917365610599518,0.8733214735984802,-0.13261531293392181,0.32754066586494446,0.46291622519493103,0.8336938619613647,-0.01313326321542263,0.9997163414955139,0.420309454202652,0.8492932915687561,0.013195054605603218,0.9996166229248047,0.5188905596733093,0.8025055527687073,-0.06889192759990692,0.8632926940917969,0.3376496732234955,0.8692829608917236,-1.0606872820062563e-05,0.7798766493797302,0.603142499923706,0.8676596879959106,-0.18066902458667755,0.6980090737342834,0.3020256459712982,0.9149768352508545,-0.054192472249269485,0.7017267942428589,0.6125990748405457,0.8829792737960815,-0.18975625932216644,0.6553625464439392,0.29891273379325867,0.9541898369789124,-0.05838853865861893,0.7301682829856873,0.632353663444519,0.8598017692565918,-0.21921555697917938,0.6557165384292603,0.2726474702358246,0.9323918223381042,-0.061671871691942215,0.6970253586769104
sujin_fall_normal_10,138,46,4.600591259640103,29.9961444544403,10,0.41109874844551086,0.8888676166534424,-0.19384263455867767,0.9901935458183289,0.4097960889339447,0.8794201612472534,-0.2118268758058548,0.9950298070907593,0.4105202555656433,0.8761875629425049,-0.21184447407722473,0.9956154227256775,0.4129086434841156,0.8719385266304016,-0.2119060903787613,0.9954644441604614,0.4064202606678009,0.8882061243057251,-0.20392023026943207,0.9927082061767578,0.4055379033088684,0.8900356888771057,-0.20392459630966187,0.9908283948898315,0.4034207761287689,0.8918938636779785,-0.2040116935968399,0.9905028343200684,0.41542181372642517,0.8662706613540649,-0.22955378890037537,0.9968736171722412,0.40159347653388977,0.8917117118835449,-0.19593019783496857,0.9890111088752747,0.41672414541244507,0.882881224155426,-0.19280199706554413,0.9933270215988159,0.4142022430896759,0.8923876881599426,-0.18333277106285095,0.9933417439460754,0.45156267285346985,0.8406441807746887,-0.18468664586544037,0.9996871948242188,0.390670508146286,0.8653198480606079,-0.15439604222774506,0.9984906315803528,0.481645792722702,0.8778359889984131,-0.22193647921085358,0.8161141276359558,0.3732936680316925,0.8870288133621216,-0.21434345841407776,0.3460865914821625,0.460906982421875,0.9091713428497314,-0.3043181002140045,0.70469069480896,0.4207328259944916,0.8837130665779114,-0.3621661961078644,0.3016892671585083,0.4602682292461395,0.9265878796577454,-0.3285811245441437,0.6633598804473877,0.42882397770881653,0.8848870992660522,-0.38889509439468384,0.32013028860092163,0.44851434230804443,0.9077854156494141,-0.32778534293174744,0.6580550074577332,0.43471986055374146,0.8739756941795349,-0.38502418994903564,0.3293605446815491,0.4487361013889313,0.906315803527832,-0.3038724660873413,0.620040237903595,0.4341890513896942,0.8744264841079712,-0.3635665774345398,0.3341032862663269,0.4481593370437622,0.8162025213241577,-0.010458877310156822,0.9997439384460449,0.40401118993759155,0.8274889588356018,0.010416056029498577,0.9996500015258789,0.5147803425788879,0.7991833090782166,-0.09013880044221878,0.8697577118873596,0.318678081035614,0.8672871589660645,0.005155100487172604,0.7848156690597534,0.5973979830741882,0.8663935661315918,-0.17141225934028625,0.725299060344696,0.28805580735206604,0.9217621088027954,-0.009012486785650253,0.7019305229187012,0.6036213636398315,0.8832617998123169,-0.17764681577682495,0.6863952279090881,0.28901207447052,0.9437673687934875,-0.008074016310274601,0.7430920600891113,0.6170423030853271,0.8617390394210815,-0.22626535594463348,0.6866357326507568,0.26187607645988464,0.9345343708992004,-0.020326292142271996,0.6964825391769409
sujin_fall_normal_10,141,47,4.70060411311054,29.9961444544403,10,0.41631215810775757,0.8887792825698853,-0.25289681553840637,0.9908372163772583,0.41285523772239685,0.8797106742858887,-0.2642430067062378,0.9954246878623962,0.41394445300102234,0.8763920068740845,-0.2643173038959503,0.995995044708252,0.41610848903656006,0.8724008202552795,-0.2644276022911072,0.9958286881446838,0.40870019793510437,0.8882303833961487,-0.2601483464241028,0.9931918382644653,0.40714213252067566,0.8901337385177612,-0.26013433933258057,0.991515040397644,0.4043518006801605,0.8922653794288635,-0.2601928114891052,0.9910142421722412,0.41721171140670776,0.8640368580818176,-0.2505097985267639,0.9971466660499573,0.4009714722633362,0.8920063376426697,-0.23233908414840698,0.9899098873138428,0.4222694933414459,0.8821820020675659,-0.24046112596988678,0.9937952160835266,0.41686126589775085,0.8922666311264038,-0.23519106209278107,0.9934371709823608,0.45121511816978455,0.8365080952644348,-0.19202518463134766,0.9996914267539978,0.3951947093009949,0.8689325451850891,-0.18514952063560486,0.9982321262359619,0.481467604637146,0.8898220062255859,-0.2387058287858963,0.8013421297073364,0.42960235476493835,0.9046221971511841,-0.2269854098558426,0.3372865319252014,0.4348260164260864,0.9123527407646179,-0.30354270339012146,0.7010602951049805,0.48739588260650635,0.8945137858390808,-0.29734623432159424,0.28542524576187134,0.4389072358608246,0.9280728697776794,-0.32467594742774963,0.6617087125778198,0.5020586252212524,0.8959199786186218,-0.3152669072151184,0.30545899271965027,0.42998677492141724,0.9091494679450989,-0.31354010105133057,0.6557982563972473,0.498688280582428,0.8748741149902344,-0.31290069222450256,0.3147432506084442,0.4320335388183594,0.9073426127433777,-0.2987656593322754,0.6152323484420776,0.4968561828136444,0.8800510764122009,-0.29728689789772034,0.31854909658432007,0.4648304879665375,0.8246890902519226,-0.010454121977090836,0.9997647404670715,0.42431241273880005,0.8568049669265747,0.010437293909490108,0.9996519088745117,0.5149151682853699,0.7909749150276184,-0.10068044066429138,0.8601337671279907,0.366359144449234,0.875091552734375,-0.03397615998983383,0.7712021470069885,0.6016557216644287,0.8630224466323853,-0.17478318512439728,0.74356609582901,0.44298696517944336,0.8980934619903564,-0.024407416582107544,0.6703959107398987,0.6097992658615112,0.8784621953964233,-0.17959578335285187,0.7087545990943909,0.454150527715683,0.8947588205337524,-0.021584011614322662,0.7316042184829712,0.6352744698524475,0.8628442883491516,-0.22974757850170135,0.7085570096969604,0.46122217178344727,0.906982958316803,-0.037435028702020645,0.6776806712150574
sujin_fall_normal_10,144,48,4.800616966580977,29.9961444544403,10,0.416047066450119,0.8886968493461609,-0.27651193737983704,0.9887295961380005,0.4128621220588684,0.8800891041755676,-0.29523780941963196,0.9950709939002991,0.4139329493045807,0.8771325945854187,-0.2953163683414459,0.9958884119987488,0.41646257042884827,0.8733864426612854,-0.29543808102607727,0.9952788352966309,0.40837326645851135,0.8886352777481079,-0.2890535891056061,0.9924407005310059,0.4067966043949127,0.8905215263366699,-0.2890205383300781,0.9911808967590332,0.4043629765510559,0.8926275968551636,-0.28904107213020325,0.9894020557403564,0.4175284504890442,0.8634262681007385,-0.3036729097366333,0.9971736669540405,0.40075430274009705,0.8923295140266418,-0.2746941149234772,0.9901866316795349,0.4222002625465393,0.8821399211883545,-0.26995599269866943,0.9938361644744873,0.4158075153827667,0.8925114870071411,-0.2615162432193756,0.9930787086486816,0.45104163885116577,0.8364891409873962,-0.22873613238334656,0.9996968507766724,0.39244168996810913,0.8745467662811279,-0.21299299597740173,0.99820476770401,0.4936085641384125,0.8512938618659973,-0.2795014977455139,0.8040637373924255,0.40812480449676514,0.9098833799362183,-0.21788160502910614,0.3147152364253998,0.4860081970691681,0.9029410481452942,-0.38832512497901917,0.7026942372322083,0.450802206993103,0.9056426286697388,-0.2960797846317291,0.2679162621498108,0.4932727813720703,0.898266613483429,-0.4185713827610016,0.6678526997566223,0.46042242646217346,0.9090003371238708,-0.3152535855770111,0.2914540767669678,0.4775647222995758,0.8982387781143188,-0.4170699417591095,0.6608089804649353,0.4643007218837738,0.8899424076080322,-0.31635555624961853,0.29971083998680115,0.4749123156070709,0.9062513709068298,-0.3892917335033417,0.6178333163261414,0.46304240822792053,0.8898869752883911,-0.29675132036209106,0.3035106360912323,0.4614516794681549,0.811566174030304,-0.006789728533476591,0.9997855424880981,0.4142937660217285,0.834324300289154,0.006995155476033688,0.9996598362922668,0.5180466175079346,0.7914000153541565,-0.0986984595656395,0.8594523668289185,0.3655552268028259,0.8743224143981934,-0.04411168396472931,0.7608228921890259,0.6042961478233337,0.8576090335845947,-0.1773221492767334,0.7640068531036377,0.34057241678237915,0.9129403233528137,-0.0503334179520607,0.6545426249504089,0.6118947267532349,0.8758148550987244,-0.18371038138866425,0.7324731945991516,0.3420148491859436,0.9252421855926514,-0.04759463295340538,0.7376915216445923,0.6343439817428589,0.8441716432571411,-0.23542042076587677,0.7316552400588989,0.31851911544799805,0.9101698994636536,-0.0699407309293747,0.6699284315109253
sujin_fall_normal_10,147,49,4.900629820051414,29.9961444544403,10,0.41506728529930115,0.8860555291175842,-0.2580818235874176,0.987098753452301,0.4121414124965668,0.878061056137085,-0.26981469988822937,0.9941761493682861,0.41339847445487976,0.8749892115592957,-0.2698301374912262,0.9954785108566284,0.41523563861846924,0.8717734217643738,-0.26992321014404297,0.9940031170845032,0.40779781341552734,0.8860560059547424,-0.2651482820510864,0.9907422661781311,0.40584596991539,0.8884005546569824,-0.26511842012405396,0.9898126125335693,0.4038950204849243,0.8905762434005737,-0.26516544818878174,0.9854564070701599,0.41623446345329285,0.8604530692100525,-0.26725879311561584,0.9970877170562744,0.4001494348049164,0.8916745185852051,-0.23918390274047852,0.989359438419342,0.42124322056770325,0.8804427981376648,-0.24755196273326874,0.9933626651763916,0.41482192277908325,0.891270101070404,-0.2412867248058319,0.9914294481277466,0.4499702751636505,0.8352140188217163,-0.20417021214962006,0.9996523261070251,0.39334872364997864,0.8746698498725891,-0.19283826649188995,0.9977205395698547,0.48778536915779114,0.8722517490386963,-0.16654619574546814,0.7971228957176208,0.39533862471580505,0.9086768627166748,-0.14536158740520477,0.30283448100090027,0.45841410756111145,0.9096522927284241,-0.16617432236671448,0.6942179203033447,0.43172910809516907,0.9060049653053284,-0.1519874781370163,0.2501889169216156,0.4506792724132538,0.9210169911384583,-0.17622503638267517,0.658919095993042,0.44180014729499817,0.9097681045532227,-0.15819452702999115,0.27394750714302063,0.441963791847229,0.9096406102180481,-0.16947312653064728,0.6523998975753784,0.4435039162635803,0.895271360874176,-0.1571592539548874,0.2821257412433624,0.44410812854766846,0.9084147810935974,-0.16164299845695496,0.6104426383972168,0.4416804611682892,0.8944047689437866,-0.15122008323669434,0.2871004641056061,0.45678988099098206,0.8343721032142639,-0.007162719964981079,0.999785304069519,0.414509654045105,0.8508686423301697,0.007301109377294779,0.9996022582054138,0.5173614621162415,0.7894351482391357,-0.0698140487074852,0.8650842905044556,0.3398694396018982,0.8860372304916382,0.02664300985634327,0.7702207565307617,0.5912106037139893,0.8581709861755371,-0.08686397969722748,0.7821395993232727,0.31077611446380615,0.9121150970458984,0.03067229501903057,0.6675975322723389,0.595364511013031,0.8764761686325073,-0.08648102730512619,0.7497601509094238,0.3210684359073639,0.9385803937911987,0.03392251208424568,0.7510618567466736,0.6231278777122498,0.8668044209480286,-0.1233300194144249,0.7488990426063538,0.29712626338005066,0.9427796006202698,0.023645373061299324,0.675689160823822
sujin_fall_normal_10,150,50,5.000642673521851,29.9961444544403,10,0.4118063747882843,0.8836246132850647,-0.20508244633674622,0.9880722165107727,0.40977591276168823,0.878085732460022,-0.22305651009082794,0.9946298599243164,0.41194623708724976,0.8751643896102905,-0.22307509183883667,0.9958681464195251,0.41306960582733154,0.873045027256012,-0.22314873337745667,0.994411289691925,0.40698686242103577,0.8838081359863281,-0.21441279351711273,0.9914630055427551,0.4055198132991791,0.8853552937507629,-0.21444331109523773,0.9907031059265137,0.4038192331790924,0.8861340284347534,-0.21453112363815308,0.9865351319313049,0.4152887463569641,0.8677585124969482,-0.2415645867586136,0.9973189234733582,0.40037038922309875,0.8868039846420288,-0.2038935124874115,0.9903187155723572,0.4173196852207184,0.8793331384658813,-0.20449209213256836,0.9938223361968994,0.411736398935318,0.8863799571990967,-0.19403105974197388,0.9919537901878357,0.4491933286190033,0.8431136608123779,-0.20061369240283966,0.9996298551559448,0.4037618935108185,0.861725926399231,-0.17089956998825073,0.9978273510932922,0.48623332381248474,0.8767858147621155,-0.2516750395298004,0.7979696989059448,0.4008427858352661,0.8785346150398254,-0.17064721882343292,0.29800379276275635,0.4552132487297058,0.8942152857780457,-0.3480267822742462,0.6977601051330566,0.4285668134689331,0.8768618702888489,-0.2279241681098938,0.23837952315807343,0.4500088095664978,0.908227264881134,-0.373672217130661,0.6620010733604431,0.4358444809913635,0.8830201029777527,-0.23686695098876953,0.2640919089317322,0.4391866624355316,0.8910073637962341,-0.3626265227794647,0.6557002663612366,0.4379820227622986,0.8710387945175171,-0.2354523092508316,0.2728441655635834,0.44191858172416687,0.8863827586174011,-0.3445086181163788,0.6140561103820801,0.43717971444129944,0.8693254590034485,-0.22752565145492554,0.2797988951206207,0.45981889963150024,0.8334044814109802,-0.007237193640321493,0.9998038411140442,0.42376604676246643,0.846471905708313,0.007367679849267006,0.999629020690918,0.5221789479255676,0.7950766682624817,-0.11022873967885971,0.8650522828102112,0.34938618540763855,0.8779653310775757,-0.04093094915151596,0.775316596031189,0.586395800113678,0.8626725077629089,-0.20566050708293915,0.7967129349708557,0.34688568115234375,0.9187400341033936,-0.06239785999059677,0.6694836020469666,0.5913800597190857,0.8814509510993958,-0.2130262851715088,0.7695266604423523,0.35077545046806335,0.9340251684188843,-0.06153758615255356,0.7601074576377869,0.6177199482917786,0.8641706109046936,-0.25779029726982117,0.7645197510719299,0.3330383598804474,0.9380524754524231,-0.07872222363948822,0.6755020618438721
sujin_fall_normal_10,153,51,5.100655526992289,29.9961444544403,10,0.41283437609672546,0.8963173627853394,-0.24970825016498566,0.988957405090332,0.41064155101776123,0.8913685083389282,-0.26738548278808594,0.9950887560844421,0.4125480055809021,0.8895503282546997,-0.26742467284202576,0.9962297081947327,0.41587918996810913,0.8873569965362549,-0.26750391721725464,0.9948862195014954,0.40724697709083557,0.8896604776382446,-0.25941377878189087,0.9922002553939819,0.40548017621040344,0.8914672136306763,-0.2593841850757599,0.9915298819541931,0.40381747484207153,0.8927592635154724,-0.259454607963562,0.9876641035079956,0.4205682873725891,0.8773726224899292,-0.2803700566291809,0.9975633025169373,0.40045642852783203,0.8938547372817993,-0.24544504284858704,0.9912028908729553,0.4189624488353729,0.8948863744735718,-0.24710306525230408,0.9942938685417175,0.41284430027008057,0.8990997076034546,-0.23674678802490234,0.9924999475479126,0.4612802565097809,0.8769790530204773,-0.22741417586803436,0.9996339082717896,0.4148872494697571,0.8803039193153381,-0.19355513155460358,0.9979768991470337,0.4634350538253784,0.8990023732185364,-0.2366320788860321,0.8000162839889526,0.4456705152988434,0.8814986944198608,-0.18556641042232513,0.3012712895870209,0.4187415838241577,0.8907965421676636,-0.2562384307384491,0.6700253486633301,0.49902451038360596,0.8817569017410278,-0.24114197492599487,0.22060942649841309,0.40861719846725464,0.8948451280593872,-0.26926952600479126,0.6388038992881775,0.5136448740959167,0.8847898244857788,-0.2556729316711426,0.24463699758052826,0.4038972556591034,0.8751196265220642,-0.2642067074775696,0.6310940980911255,0.5013743042945862,0.8678959608078003,-0.25201818346977234,0.2531798779964447,0.4080190658569336,0.8748537302017212,-0.2519259750843048,0.5898057818412781,0.5084782838821411,0.8703482151031494,-0.23994524776935577,0.25923919677734375,0.4714778959751129,0.8329618573188782,-0.014011946506798267,0.9998208284378052,0.431625097990036,0.845048189163208,0.014067957177758217,0.9996572136878967,0.5223878622055054,0.8177638649940491,-0.07082647830247879,0.8516077995300293,0.36595067381858826,0.8642834424972534,0.03262941911816597,0.7588357329368591,0.5826233625411987,0.8596160411834717,-0.14098159968852997,0.7884960770606995,0.34450870752334595,0.9141896963119507,0.004775302484631538,0.6422386169433594,0.588549792766571,0.8744688034057617,-0.1435771882534027,0.77064448595047,0.3441164791584015,0.9317902326583862,0.006276714149862528,0.758617639541626,0.6071808934211731,0.8444655537605286,-0.16025806963443756,0.7645758986473083,0.32092538475990295,0.9045919179916382,0.014240172691643238,0.6631423234939575
sujin_fall_normal_10,156,52,5.200668380462726,29.9961444544403,10,0.4140361547470093,0.8984137177467346,-0.23187321424484253,0.9863141775131226,0.415381520986557,0.8956133723258972,-0.24878574907779694,0.9945473670959473,0.41687366366386414,0.8947264552116394,-0.24878312647342682,0.9958810806274414,0.4185032248497009,0.893923819065094,-0.24887877702713013,0.9943934082984924,0.40920260548591614,0.8915951251983643,-0.23914912343025208,0.9914845824241638,0.40784040093421936,0.8925716280937195,-0.23918040096759796,0.9909045696258545,0.4064600169658661,0.8936049938201904,-0.2392633706331253,0.986655056476593,0.421676367521286,0.884282112121582,-0.2557165026664734,0.9973269701004028,0.41273054480552673,0.9045731425285339,-0.21568264067173004,0.9903398156166077,0.41991040110588074,0.8927397727966309,-0.22732871770858765,0.9925082921981812,0.41804492473602295,0.914162278175354,-0.21568526327610016,0.9880646467208862,0.46313077211380005,0.8700026273727417,-0.20156937837600708,0.9982491135597229,0.4149583578109741,0.875884473323822,-0.16365334391593933,0.9938332438468933,0.47053098678588867,0.8824094533920288,-0.1603938639163971,0.7670266628265381,0.4422518014907837,0.870866596698761,-0.1049346923828125,0.27538028359413147,0.42771780490875244,0.8761862516403198,-0.11841084063053131,0.66102135181427,0.4699190557003021,0.8598311543464661,-0.0890565738081932,0.20087654888629913,0.4181453287601471,0.8874326944351196,-0.12197257578372955,0.6309213638305664,0.4811839759349823,0.8638283014297485,-0.08899051696062088,0.22419314086437225,0.411338746547699,0.8668562769889832,-0.11885952204465866,0.6208226680755615,0.48621243238449097,0.8508257269859314,-0.0894463062286377,0.23206719756126404,0.4165089726448059,0.8616818785667419,-0.11303393542766571,0.5793703198432922,0.4760589599609375,0.849707305431366,-0.08743508905172348,0.23835085332393646,0.47746357321739197,0.8327381014823914,-0.0168178491294384,0.9997993111610413,0.4402468502521515,0.8439115285873413,0.0166678037494421,0.9995852112770081,0.5228446125984192,0.8132323622703552,-0.08860205858945847,0.8371947407722473,0.3703320324420929,0.8642343282699585,-0.016008025035262108,0.7419874668121338,0.53398197889328,0.8776153326034546,-0.1110520288348198,0.7760139107704163,0.40356558561325073,0.8998786211013794,-0.0017956101801246405,0.6183281540870667,0.532234787940979,0.8848719596862793,-0.10958655923604965,0.7611817717552185,0.4106079339981079,0.8980768322944641,-0.003890488762408495,0.7374594211578369,0.546279788017273,0.9022060036659241,-0.13851423561573029,0.7497143149375916,0.40422895550727844,0.9069130420684814,0.011691351421177387,0.6339735984802246
sujin_fall_normal_10,159,53,5.300681233933163,29.9961444544403,10,0.4139103889465332,0.8876565098762512,-0.23206563293933868,0.9866870641708374,0.41509759426116943,0.8846026062965393,-0.24972602725028992,0.9944164752960205,0.4165472388267517,0.883016049861908,-0.24973538517951965,0.9958928823471069,0.4182930588722229,0.8821513056755066,-0.2498261034488678,0.9938892722129822,0.40861740708351135,0.888740599155426,-0.23930767178535461,0.9914816617965698,0.4070706367492676,0.8885038495063782,-0.2393520325422287,0.9912313222885132,0.40488097071647644,0.8911689519882202,-0.23941786587238312,0.9866272807121277,0.4215158224105835,0.8832321166992188,-0.26944512128829956,0.9973613619804382,0.4064575433731079,0.8984557390213013,-0.22587035596370697,0.9909151196479797,0.4195024371147156,0.883335530757904,-0.23112933337688446,0.9925550222396851,0.4151155352592468,0.891118049621582,-0.21826884150505066,0.988374650478363,0.4596312940120697,0.8594239950180054,-0.21222475171089172,0.9982458353042603,0.41461947560310364,0.8751696348190308,-0.1770944446325302,0.994336724281311,0.4746503531932831,0.8906221389770508,-0.17835231125354767,0.7583953738212585,0.4334754943847656,0.8750234842300415,-0.13019590079784393,0.28693485260009766,0.43075644969940186,0.8851666450500488,-0.15736688673496246,0.6272947192192078,0.47605735063552856,0.8629739284515381,-0.13892099261283875,0.19317880272865295,0.42223259806632996,0.896352231502533,-0.16434799134731293,0.5965220332145691,0.4886849820613861,0.8673761487007141,-0.1445034146308899,0.21558107435703278,0.4149971902370453,0.8782265782356262,-0.15678945183753967,0.5848158001899719,0.4898673892021179,0.8632956743240356,-0.14461049437522888,0.22376708686351776,0.41948574781417847,0.8737471103668213,-0.15105149149894714,0.5460484027862549,0.48544061183929443,0.8519959449768066,-0.137441486120224,0.23096925020217896,0.4752196669578552,0.8354323506355286,-0.016518643125891685,0.99981290102005,0.43704408407211304,0.8437018394470215,0.016421224921941757,0.9996093511581421,0.5229924321174622,0.7979134917259216,-0.08261368423700333,0.8469880223274231,0.3539770543575287,0.8706885576248169,-0.01140384841710329,0.7550917863845825,0.5976393222808838,0.8754063248634338,-0.1244206428527832,0.7935817241668701,0.3128235638141632,0.9030847549438477,-0.011041183955967426,0.6379371285438538,0.6031726598739624,0.888554036617279,-0.12404582649469376,0.7798137664794922,0.31047549843788147,0.9353761672973633,-0.011818686500191689,0.7530730962753296,0.6288169026374817,0.8826113939285278,-0.15725649893283844,0.7677196860313416,0.28645649552345276,0.916702926158905,-0.022978106513619423,0.6497026085853577
sujin_fall_normal_10,162,54,5.4006940874036,29.9961444544403,10,0.41496390104293823,0.8815637826919556,-0.26328954100608826,0.9868535995483398,0.41520169377326965,0.8762573003768921,-0.2736092507839203,0.9947017431259155,0.4165797531604767,0.8747035264968872,-0.27365320920944214,0.9960764646530151,0.4182048439979553,0.8738234639167786,-0.273770272731781,0.9942454099655151,0.409373939037323,0.8829522132873535,-0.2674125134944916,0.991921603679657,0.4075396955013275,0.8855812549591064,-0.26742443442344666,0.9915769100189209,0.40878814458847046,0.9044690132141113,-0.2674969732761383,0.9873955249786377,0.42083045840263367,0.8672446608543396,-0.2690359950065613,0.9974186420440674,0.4100555181503296,0.8992124199867249,-0.2350507378578186,0.9914911389350891,0.42130035161972046,0.8784518837928772,-0.25216788053512573,0.9929341077804565,0.41646796464920044,0.8863690495491028,-0.244366854429245,0.9890228509902954,0.4592551589012146,0.8469667434692383,-0.1916210800409317,0.998127281665802,0.4115036427974701,0.88149493932724,-0.18236950039863586,0.9944654703140259,0.4832932651042938,0.8747989535331726,-0.19548159837722778,0.7240797281265259,0.409566193819046,0.8780148029327393,-0.1583087295293808,0.2789837121963501,0.45071566104888916,0.8856433629989624,-0.21690180897712708,0.6122615337371826,0.44025924801826477,0.8680834770202637,-0.14217081665992737,0.18769453465938568,0.4448791742324829,0.8964309692382812,-0.22655844688415527,0.584106981754303,0.44789111614227295,0.8710224628448486,-0.15421737730503082,0.21026816964149475,0.4350069761276245,0.8784036040306091,-0.21827997267246246,0.5698713064193726,0.4510470926761627,0.8606411814689636,-0.1588774472475052,0.21805454790592194,0.43771785497665405,0.8756042718887329,-0.21163113415241241,0.529099702835083,0.4493810534477234,0.8569566011428833,-0.1472945660352707,0.22595566511154175,0.47574204206466675,0.8339433670043945,-0.004787378944456577,0.9997888803482056,0.4372157156467438,0.8559781312942505,0.004791545681655407,0.9995625019073486,0.5167760848999023,0.7966880798339844,-0.10417737811803818,0.8401771783828735,0.4058842360973358,0.8682442903518677,-0.0909515842795372,0.7511885762214661,0.5799218416213989,0.872452974319458,-0.181949183344841,0.8021872043609619,0.4875371754169464,0.890501856803894,-0.10854893177747726,0.6335397362709045,0.5869222283363342,0.8882243037223816,-0.18782995641231537,0.7900878190994263,0.4993293583393097,0.8928734064102173,-0.10543420910835266,0.7486057281494141,0.5979120135307312,0.865014374256134,-0.24062880873680115,0.7746943831443787,0.5104928612709045,0.8877352476119995,-0.13922397792339325,0.6429617404937744
sujin_fall_normal_10,165,55,5.5007069408740366,29.9961444544403,10,0.4149813652038574,0.882881760597229,-0.21418868005275726,0.9880148768424988,0.4150443971157074,0.8776236772537231,-0.23276226222515106,0.9952026009559631,0.4163966774940491,0.8760523200035095,-0.23281720280647278,0.9964514374732971,0.41790616512298584,0.8754003047943115,-0.23292993009090424,0.9947781562805176,0.40907397866249084,0.8847748637199402,-0.22385941445827484,0.9926806092262268,0.4069649279117584,0.8852657675743103,-0.2238713651895523,0.9923903346061707,0.40605321526527405,0.892627477645874,-0.22393697500228882,0.9885905981063843,0.4206155836582184,0.8678472638130188,-0.25553658604621887,0.9976708292961121,0.41127774119377136,0.897510290145874,-0.21464471518993378,0.9923322796821594,0.42186644673347473,0.8785836696624756,-0.21535567939281464,0.9936078786849976,0.4167877733707428,0.8869795799255371,-0.20353680849075317,0.9900864958763123,0.4611606299877167,0.8472175598144531,-0.1921258121728897,0.998298168182373,0.41173139214515686,0.875544548034668,-0.17817935347557068,0.9949644804000854,0.501842200756073,0.8762326240539551,-0.2552967369556427,0.732099711894989,0.42611658573150635,0.8921608328819275,-0.18236671388149261,0.2806507647037506,0.4630839228630066,0.8864615559577942,-0.36257705092430115,0.6186267733573914,0.47068822383880615,0.8823560476303101,-0.24786892533302307,0.1828707903623581,0.45614930987358093,0.8966355323791504,-0.39218711853027344,0.590129017829895,0.48328590393066406,0.8843089938163757,-0.2651928961277008,0.2057894766330719,0.4459027349948883,0.8788501024246216,-0.37965965270996094,0.5747301578521729,0.4816736578941345,0.8701213598251343,-0.26356813311576843,0.21392585337162018,0.4486615061759949,0.8764501810073853,-0.35921356081962585,0.5298460721969604,0.4799041748046875,0.8666229844093323,-0.24767360091209412,0.22031788527965546,0.4786427319049835,0.8267397284507751,-0.010318157263100147,0.9998062252998352,0.43667781352996826,0.8432818055152893,0.0104170311242342,0.9995850920677185,0.5284256339073181,0.7968224287033081,-0.07196607440710068,0.8397270441055298,0.3734363317489624,0.8684558868408203,0.003668889869004488,0.758960485458374,0.5648929476737976,0.8683481216430664,-0.12779012322425842,0.8050358891487122,0.3268779218196869,0.9023509621620178,-0.07112829387187958,0.6560818552970886,0.5676095485687256,0.8822214603424072,-0.1312478929758072,0.7973113059997559,0.3318125903606415,0.9011867046356201,-0.07187090814113617,0.768229067325592,0.5801975727081299,0.8651687502861023,-0.16132141649723053,0.7757447957992554,0.31162992119789124,0.8846435546875,-0.09263643622398376,0.663055956363678
sujin_fall_normal_10,168,56,5.6007197943444735,29.9961444544403,10,0.415569007396698,0.9016901254653931,-0.1731957644224167,0.989123523235321,0.41497164964675903,0.8996702432632446,-0.19497324526309967,0.9956667423248291,0.4163464903831482,0.8990410566329956,-0.19498476386070251,0.9967978000640869,0.4182940423488617,0.897841215133667,-0.1950795203447342,0.9952810406684875,0.40909090638160706,0.9014014601707458,-0.1842413693666458,0.9933807253837585,0.40712329745292664,0.8953199982643127,-0.18429943919181824,0.9931286573410034,0.406175434589386,0.8961743712425232,-0.1843862533569336,0.9896751642227173,0.43006545305252075,0.9122751355171204,-0.23095129430294037,0.9979009032249451,0.40593597292900085,0.8973592519760132,-0.1844218671321869,0.9930748343467712,0.4218502938747406,0.9001794457435608,-0.1793486475944519,0.9942273497581482,0.4192713499069214,0.9240442514419556,-0.16594251990318298,0.9910439252853394,0.4702085852622986,0.8696373105049133,-0.2086794078350067,0.998421847820282,0.4139929711818695,0.8688885569572449,-0.15875297784805298,0.9950610995292664,0.4837195575237274,0.9202112555503845,-0.2338515967130661,0.739001452922821,0.4291335940361023,0.885036051273346,-0.18857325613498688,0.2616144120693207,0.43814563751220703,0.9104086756706238,-0.2565341889858246,0.6436469554901123,0.47116565704345703,0.8667996525764465,-0.2784583866596222,0.17322641611099243,0.4288996458053589,0.920352041721344,-0.27311936020851135,0.6136125922203064,0.48203322291374207,0.8685604929924011,-0.29215601086616516,0.19757002592086792,0.4235011339187622,0.8962832689285278,-0.26944971084594727,0.5980960130691528,0.4826469421386719,0.8546754121780396,-0.2875792682170868,0.20536108314990997,0.42849528789520264,0.8930352330207825,-0.2521168291568756,0.5526507496833801,0.48137038946151733,0.8523135781288147,-0.27798205614089966,0.21214933693408966,0.4836328327655792,0.8352344036102295,-0.01462333370000124,0.9998228549957275,0.4422689974308014,0.8462653756141663,0.01464204303920269,0.9996158480644226,0.5292171835899353,0.8138468861579895,-0.11155596375465393,0.8488470315933228,0.37546640634536743,0.8795864582061768,-0.008235140703618526,0.7716482281684875,0.512986958026886,0.8800879716873169,-0.11373031884431839,0.8053303956985474,0.36194416880607605,0.9076287150382996,-0.038615383207798004,0.671845555305481,0.5089607834815979,0.8831455111503601,-0.11008502542972565,0.7935014963150024,0.3641212582588196,0.9062676429748535,-0.03685864433646202,0.7764265537261963,0.5093217492103577,0.9072862863540649,-0.13095691800117493,0.7668148875236511,0.346847265958786,0.9066328406333923,-0.051239099353551865,0.670539379119873
sujin_fall_normal_10,171,57,5.7007326478149105,29.9961444544403,10,0.41233059763908386,0.9048118591308594,-0.1906483918428421,0.9900726079940796,0.4106025695800781,0.8991975784301758,-0.21281862258911133,0.9960574507713318,0.41441771388053894,0.9014336466789246,-0.21285435557365417,0.9970898628234863,0.4156148135662079,0.9006378054618835,-0.21297581493854523,0.9956875443458557,0.4076249301433563,0.8999896049499512,-0.2029595822095871,0.9939857125282288,0.4050741195678711,0.8980039954185486,-0.20301173627376556,0.993775486946106,0.4043169915676117,0.8974413871765137,-0.20312878489494324,0.9906187057495117,0.43245047330856323,0.9070505499839783,-0.2384456992149353,0.9980963468551636,0.4041592478752136,0.8968756198883057,-0.1969286948442459,0.9937438368797302,0.42330309748649597,0.9176453948020935,-0.19589288532733917,0.9947447776794434,0.41921675205230713,0.9213073253631592,-0.18363259732723236,0.9918847680091858,0.4693058133125305,0.8745341300964355,-0.18623635172843933,0.9984956979751587,0.4138827919960022,0.8715119957923889,-0.15670719742774963,0.9955058097839355,0.4843120276927948,0.8939192891120911,-0.18638989329338074,0.7285218238830566,0.4191397726535797,0.8721902966499329,-0.09415855258703232,0.266642302274704,0.43963131308555603,0.8861868977546692,-0.20525328814983368,0.6394956111907959,0.4558577835559845,0.8628950119018555,-0.08021275699138641,0.17221838235855103,0.4299520254135132,0.8940600752830505,-0.217957004904747,0.6102198958396912,0.46629324555397034,0.8654583096504211,-0.08115598559379578,0.19824101030826569,0.4246009886264801,0.8740386366844177,-0.21107745170593262,0.5921927690505981,0.4678812325000763,0.8509974479675293,-0.08315493166446686,0.2058139443397522,0.4293428659439087,0.8725760579109192,-0.2008092701435089,0.545589804649353,0.46557900309562683,0.850784420967102,-0.0788869634270668,0.21170443296432495,0.4823378622531891,0.8365996479988098,-0.01397239975631237,0.999836802482605,0.4420994818210602,0.8468953967094421,0.013954521156847477,0.9996429681777954,0.5235323905944824,0.7915557026863098,-0.09137653559446335,0.8550580739974976,0.36694464087486267,0.8555012941360474,-0.010504525154829025,0.7855140566825867,0.5739646553993225,0.8785173296928406,-0.14865808188915253,0.8201866149902344,0.3366294801235199,0.9095826745033264,-0.07972009479999542,0.6999757885932922,0.5767868757247925,0.893002450466156,-0.15306363999843597,0.8108704090118408,0.3386082351207733,0.9270929098129272,-0.08331597596406937,0.796492874622345,0.6011320352554321,0.8863669633865356,-0.1843680739402771,0.7833119034767151,0.3113446831703186,0.906116247177124,-0.10515313595533371,0.6968548893928528
sujin_fall_normal_10,174,58,5.8007455012853475,29.9961444544403,10,0.41205543279647827,0.9086723327636719,-0.157028466463089,0.9910340905189514,0.41107550263404846,0.8997355699539185,-0.17688162624835968,0.9964399337768555,0.41436097025871277,0.8998532295227051,-0.17693611979484558,0.9973728656768799,0.4155366122722626,0.8988775610923767,-0.1770046353340149,0.9961006045341492,0.40760093927383423,0.9016209244728088,-0.1674107015132904,0.9945661425590515,0.4055177569389343,0.9010176062583923,-0.16739605367183685,0.9943829774856567,0.40467917919158936,0.9005371332168579,-0.16748355329036713,0.9915237426757812,0.4322265088558197,0.9134514927864075,-0.21042655408382416,0.9982824325561523,0.404279887676239,0.8984090685844421,-0.16818411648273468,0.9943617582321167,0.4205455183982849,0.9145626425743103,-0.16304859519004822,0.9952573180198669,0.4182805120944977,0.9249350428581238,-0.1507570892572403,0.9926786422729492,0.46798866987228394,0.8830037117004395,-0.17159824073314667,0.9986293911933899,0.4149363338947296,0.880018413066864,-0.14427319169044495,0.9959304928779602,0.4736531376838684,0.922174334526062,-0.18203963339328766,0.7460610866546631,0.44356200098991394,0.8892611861228943,-0.10052454471588135,0.3069232106208801,0.42938026785850525,0.9066146016120911,-0.20702509582042694,0.6466670632362366,0.4842584729194641,0.8775821924209595,-0.09872590005397797,0.1768190562725067,0.41893965005874634,0.9187127351760864,-0.22170856595039368,0.6166227459907532,0.49247434735298157,0.8752700090408325,-0.1043224111199379,0.1994963139295578,0.41306576132774353,0.8997622728347778,-0.21309463679790497,0.5981457233428955,0.4919731318950653,0.867042601108551,-0.10488356649875641,0.20790012180805206,0.4161694645881653,0.8985018730163574,-0.2016938477754593,0.5505586862564087,0.4918844997882843,0.8664386868476868,-0.09699812531471252,0.21421602368354797,0.47951263189315796,0.8395491242408752,-0.014283488504588604,0.9998521208763123,0.44190752506256104,0.8473613858222961,0.014318307861685753,0.9996743202209473,0.5236920118331909,0.8055923581123352,-0.07244873046875,0.866472065448761,0.36752936244010925,0.8692603707313538,0.006933526135981083,0.7990849614143372,0.5864794850349426,0.884260356426239,-0.1489606350660324,0.8354641795158386,0.3226367235183716,0.9097418785095215,-0.053103938698768616,0.7220739722251892,0.5922877192497253,0.9004958271980286,-0.15493008494377136,0.8269624710083008,0.31663766503334045,0.9218970537185669,-0.05666663870215416,0.8130053281784058,0.6100527048110962,0.8855476379394531,-0.18565133213996887,0.8012212514877319,0.3064410090446472,0.8992098569869995,-0.07572312653064728,0.7186930775642395
sujin_fall_normal_10,177,59,5.9007583547557845,29.9961444544403,10,0.4130129814147949,0.8997252583503723,-0.18892379105091095,0.991757333278656,0.4140169024467468,0.8928195238113403,-0.20754647254943848,0.9967228174209595,0.41598957777023315,0.8916589021682739,-0.2075984627008438,0.9975870251655579,0.417072594165802,0.8909519910812378,-0.20763637125492096,0.9963544607162476,0.4085041582584381,0.8960714936256409,-0.20055481791496277,0.9950014352798462,0.406545490026474,0.894608736038208,-0.2005838006734848,0.9948734045028687,0.40526312589645386,0.8949564099311829,-0.20074836909770966,0.992184579372406,0.4287126362323761,0.8900035619735718,-0.22095437347888947,0.9984264969825745,0.40538835525512695,0.8957210779190063,-0.19483812153339386,0.9948692917823792,0.42057254910469055,0.8993296027183533,-0.18640360236167908,0.9956632852554321,0.4182351529598236,0.9005820155143738,-0.1786799430847168,0.9933253526687622,0.4636421799659729,0.8855758309364319,-0.19038502871990204,0.9987488389015198,0.4151775538921356,0.8795274496078491,-0.16165634989738464,0.9963208436965942,0.47589677572250366,0.9174658060073853,-0.28820621967315674,0.7624581456184387,0.43830978870391846,0.8822103142738342,-0.2116265445947647,0.3294927477836609,0.43671005964279175,0.8975074291229248,-0.41973331570625305,0.6608093976974487,0.46999943256378174,0.8810745477676392,-0.32391443848609924,0.1780361533164978,0.4298919439315796,0.9032294154167175,-0.45019829273223877,0.6347169280052185,0.47560790181159973,0.8867183923721313,-0.3443470299243927,0.20397824048995972,0.42241114377975464,0.885387122631073,-0.43600520491600037,0.6158701777458191,0.47904255986213684,0.8747557401657104,-0.3426052927970886,0.2113228589296341,0.4244556725025177,0.8874765038490295,-0.41506466269493103,0.567018985748291,0.4793469309806824,0.8738502264022827,-0.32448092103004456,0.21695517003536224,0.4761539399623871,0.8432103991508484,-0.012795195914804935,0.9998644590377808,0.4390377104282379,0.8482667803764343,0.012851313687860966,0.9996997117996216,0.5215121507644653,0.7972180247306824,-0.0756920576095581,0.8765720129013062,0.354316383600235,0.8648834824562073,-0.05197250470519066,0.8152379393577576,0.5924007296562195,0.8782626986503601,-0.18490883708000183,0.8497963547706604,0.30584782361984253,0.9099303483963013,-0.14903797209262848,0.7469721436500549,0.5995813012123108,0.8995323181152344,-0.1930951327085495,0.8427263498306274,0.29320842027664185,0.9170922040939331,-0.15466918051242828,0.8305508494377136,0.6178103089332581,0.8623853325843811,-0.22564469277858734,0.8173085451126099,0.27523523569107056,0.8813602328300476,-0.18092377483844757,0.7426578402519226
sujin_fall_normal_10,180,60,6.0007712082262215,29.9961444544403,10,0.413862019777298,0.8958688974380493,-0.2309872955083847,0.9904361963272095,0.4152829945087433,0.8841983675956726,-0.2496161162853241,0.996051013469696,0.41879698634147644,0.8813449144363403,-0.2496584802865982,0.9971300959587097,0.42056843638420105,0.8865236639976501,-0.2497679591178894,0.9954655170440674,0.4097796380519867,0.8887901306152344,-0.24291178584098816,0.9942995309829712,0.40849432349205017,0.8892326354980469,-0.24292118847370148,0.9944421648979187,0.4131513833999634,0.8993018865585327,-0.24299763143062592,0.9912376999855042,0.42723795771598816,0.8798038959503174,-0.26571813225746155,0.9980649948120117,0.4131150245666504,0.8936266303062439,-0.236151322722435,0.9947570562362671,0.4205957353115082,0.8936914801597595,-0.22845813632011414,0.9952741861343384,0.41875404119491577,0.9019489884376526,-0.21991020441055298,0.99306720495224,0.4631618559360504,0.8590977191925049,-0.21051684021949768,0.9987050294876099,0.4048836827278137,0.8739644289016724,-0.18759532272815704,0.9964975714683533,0.49470004439353943,0.8356293439865112,-0.25658315420150757,0.7488133311271667,0.40749165415763855,0.881071925163269,-0.18116238713264465,0.3080049157142639,0.49000492691993713,0.8507716655731201,-0.34463199973106384,0.6400187611579895,0.4459194540977478,0.8825460076332092,-0.25103214383125305,0.16468766331672668,0.49301066994667053,0.8591468930244446,-0.3703569173812866,0.6188488602638245,0.45548903942108154,0.8904783129692078,-0.26785409450531006,0.19039872288703918,0.48294517397880554,0.8494065403938293,-0.36849018931388855,0.5997923016548157,0.4596816301345825,0.8769544959068298,-0.2559830844402313,0.19683146476745605,0.48200422525405884,0.8499241471290588,-0.3451252281665802,0.5507591962814331,0.45819950103759766,0.8751506805419922,-0.24624226987361908,0.20251014828681946,0.4681304097175598,0.8359668850898743,-0.007724085357040167,0.9998676776885986,0.42747485637664795,0.8481226563453674,0.007888938300311565,0.9996927976608276,0.5193389654159546,0.7931586503982544,-0.09242284297943115,0.8775483965873718,0.3567103147506714,0.8650527000427246,-0.04775313287973404,0.8181520700454712,0.5898475050926208,0.8644366264343262,-0.18110114336013794,0.8593855500221252,0.3385066092014313,0.9252423048019409,-0.1082872822880745,0.7511052489280701,0.5966625213623047,0.8875097036361694,-0.18829070031642914,0.8543282151222229,0.34156885743141174,0.9436716437339783,-0.10668767243623734,0.8383665084838867,0.6190974116325378,0.8442775011062622,-0.23382095992565155,0.8278724551200867,0.3178181052207947,0.9207949042320251,-0.16614361107349396,0.745885968208313
sujin_fall_normal_10,183,61,6.100784061696658,29.9961444544403,10,0.4164237380027771,0.8958081007003784,-0.2551973760128021,0.991182804107666,0.41546952724456787,0.8863968849182129,-0.27714237570762634,0.9963980317115784,0.41899341344833374,0.8831879496574402,-0.27717864513397217,0.997377336025238,0.4205421805381775,0.8867167234420776,-0.27728769183158875,0.9958544969558716,0.4101925492286682,0.890837550163269,-0.26735442876815796,0.9947962164878845,0.40906718373298645,0.8919982314109802,-0.2673591673374176,0.99493008852005,0.4117422103881836,0.895672082901001,-0.2674635648727417,0.9919911026954651,0.42678341269493103,0.8821507096290588,-0.3034438192844391,0.9982444047927856,0.4127269983291626,0.8939670920372009,-0.2614949345588684,0.9952353239059448,0.422209769487381,0.8937541246414185,-0.25674042105674744,0.9956722259521484,0.421011358499527,0.9128924608230591,-0.2443564385175705,0.9936493039131165,0.4697438180446625,0.8712484240531921,-0.2572370171546936,0.9988107681274414,0.40941840410232544,0.8739827275276184,-0.21273194253444672,0.9967743158340454,0.4932308495044708,0.9020743370056152,-0.30453750491142273,0.7636788487434387,0.42922285199165344,0.8884115219116211,-0.2521948516368866,0.3035202622413635,0.45102959871292114,0.91912841796875,-0.38370198011398315,0.6629079580307007,0.4817892909049988,0.8963277339935303,-0.3699102997779846,0.16630645096302032,0.44205957651138306,0.9300106167793274,-0.4140186905860901,0.639923095703125,0.49276891350746155,0.903272807598114,-0.396940678358078,0.19225291907787323,0.4337581992149353,0.9095897078514099,-0.4047870635986328,0.6223807334899902,0.4972396790981293,0.8884477019309998,-0.3868199288845062,0.19946971535682678,0.43729695677757263,0.9075784087181091,-0.38019540905952454,0.5715914964675903,0.4958057105541229,0.8856490254402161,-0.3681732714176178,0.20447653532028198,0.47249993681907654,0.8244845867156982,-0.011761590838432312,0.9998798966407776,0.42941442131996155,0.8275921940803528,0.011733335442841053,0.9997209310531616,0.5238138437271118,0.8366307020187378,0.021732380613684654,0.8700380921363831,0.35778772830963135,0.8620620369911194,0.11155416071414948,0.8151355385780334,0.5628417134284973,0.8543520569801331,0.05122130364179611,0.8623336553573608,0.3138841688632965,0.9039724469184875,0.12402240186929703,0.7576297521591187,0.5654469728469849,0.8564690351486206,0.05725130811333656,0.8527019619941711,0.30636224150657654,0.9100372791290283,0.12803126871585846,0.8394233584403992,0.5772376656532288,0.8502540588378906,0.0400112122297287,0.8286628127098083,0.27830755710601807,0.8989766240119934,0.12932178378105164,0.7450916767120361
sujin_fall_normal_10,186,62,6.200796915167095,29.9961444544403,10,0.41564446687698364,0.905168354511261,-0.20742246508598328,0.9920046925544739,0.41546303033828735,0.8936688899993896,-0.22606223821640015,0.9967421293258667,0.4181409478187561,0.891973078250885,-0.2260730117559433,0.9976307153701782,0.42062142491340637,0.891133725643158,-0.22615733742713928,0.9962533712387085,0.4096905589103699,0.8970831036567688,-0.21763888001441956,0.9952872395515442,0.4084509611129761,0.8978612422943115,-0.2176787406206131,0.9954134225845337,0.40629974007606506,0.8998081088066101,-0.21777822077274323,0.9927462339401245,0.42604684829711914,0.8869925737380981,-0.24335536360740662,0.9984143376350403,0.40609437227249146,0.8936871290206909,-0.20852264761924744,0.9956805109977722,0.42162325978279114,0.8959754109382629,-0.20590373873710632,0.9960694909095764,0.41635623574256897,0.9046532511711121,-0.19597271084785461,0.9942223429679871,0.46932923793792725,0.8783782124519348,-0.20815634727478027,0.9988507032394409,0.40572431683540344,0.8740932941436768,-0.17439952492713928,0.9968391060829163,0.49135830998420715,0.9191242456436157,-0.21865104138851166,0.7665597796440125,0.4130522310733795,0.8902859687805176,-0.2328885942697525,0.28792548179626465,0.44088461995124817,0.914340615272522,-0.24063318967819214,0.6840860843658447,0.46245482563972473,0.8771513104438782,-0.3044174015522003,0.16423392295837402,0.4304113984107971,0.9246230721473694,-0.25314420461654663,0.6601400375366211,0.4750877022743225,0.8783323168754578,-0.32613715529441833,0.19171546399593353,0.42328301072120667,0.9016909599304199,-0.2473788559436798,0.6432127356529236,0.47724100947380066,0.8605294227600098,-0.32460370659828186,0.19863814115524292,0.42837557196617126,0.8996822237968445,-0.23558323085308075,0.5922492742538452,0.47393062710762024,0.8612087368965149,-0.30376923084259033,0.20309661328792572,0.47269943356513977,0.840800404548645,-0.011433499865233898,0.9998842477798462,0.43016624450683594,0.857712984085083,0.011426297016441822,0.9997288584709167,0.5162962675094604,0.8053082227706909,-0.08498498052358627,0.8739612102508545,0.37459105253219604,0.8620184659957886,0.00939065683633089,0.8234327435493469,0.537530243396759,0.8634125590324402,-0.13887664675712585,0.8637326955795288,0.4403074085712433,0.8839232325553894,-0.020906027406454086,0.7615907192230225,0.5380436778068542,0.8724202513694763,-0.14055845141410828,0.8548122644424438,0.45105424523353577,0.8862410187721252,-0.01728098839521408,0.8406931161880493,0.5444392561912537,0.876159131526947,-0.17199479043483734,0.8298423290252686,0.4568662941455841,0.8820306658744812,-0.02100641280412674,0.7486153244972229
sujin_fall_normal_10,189,63,6.300809768637532,29.9961444544403,10,0.4158515930175781,0.8997176289558411,-0.2548777759075165,0.9916231036186218,0.41545721888542175,0.8928961753845215,-0.27628475427627563,0.9966718554496765,0.41762542724609375,0.8914744257926941,-0.2762754261493683,0.9975887537002563,0.420602947473526,0.8900743722915649,-0.2763741612434387,0.9961094260215759,0.40969690680503845,0.8961991667747498,-0.2668038308620453,0.99520343542099,0.40845173597335815,0.8968237638473511,-0.266806423664093,0.9954089522361755,0.4063184857368469,0.8948869109153748,-0.26685699820518494,0.9926888346672058,0.42475518584251404,0.8869758248329163,-0.2991827130317688,0.9983807802200317,0.4047528803348541,0.8933369517326355,-0.25771182775497437,0.9958066344261169,0.4215334951877594,0.8944706320762634,-0.25524821877479553,0.9958928227424622,0.41790375113487244,0.9138271808624268,-0.243170827627182,0.994021475315094,0.46931204199790955,0.8721434473991394,-0.2286941409111023,0.9984478950500488,0.40781161189079285,0.8717765808105469,-0.20735231041908264,0.9967671036720276,0.48975667357444763,0.8713784217834473,-0.19735004007816315,0.7399634718894958,0.414740651845932,0.8751422762870789,-0.13342536985874176,0.27424925565719604,0.4529007375240326,0.8639195561408997,-0.17902328073978424,0.6494171619415283,0.4589904844760895,0.873182475566864,-0.10051139444112778,0.15235528349876404,0.4469000995159149,0.8705248832702637,-0.1867474764585495,0.6272446513175964,0.4700056314468384,0.8780330419540405,-0.1006595566868782,0.1789003610610962,0.44028976559638977,0.8555630445480347,-0.18710026144981384,0.6093220114707947,0.4730246365070343,0.8629750609397888,-0.10430613905191422,0.18535658717155457,0.44292372465133667,0.8545702695846558,-0.1765403002500534,0.5606526136398315,0.4707348644733429,0.8623390793800354,-0.09949801117181778,0.19003745913505554,0.4751471281051636,0.8364077806472778,-0.011430707760155201,0.9998797178268433,0.4334889352321625,0.8508269190788269,0.011422445066273212,0.9997095465660095,0.5168644189834595,0.792763888835907,-0.0753922089934349,0.8698974847793579,0.3664496839046478,0.8620824217796326,0.006148287560790777,0.8220311403274536,0.5625563263893127,0.8613482713699341,-0.12335140258073807,0.8668752908706665,0.38746553659439087,0.8962267637252808,-0.005608933512121439,0.7507660388946533,0.5658549070358276,0.8728312253952026,-0.12582942843437195,0.8601606488227844,0.4157596230506897,0.9040921330451965,-0.002684523817151785,0.8373788595199585,0.590322732925415,0.8649759888648987,-0.15939520299434662,0.8332571983337402,0.37039411067962646,0.9078814387321472,-0.010053647682070732,0.7365270853042603
sujin_fall_normal_10,192,64,6.400822622107969,29.9961444544403,10,0.41318780183792114,0.8925387263298035,-0.21443408727645874,0.9919009804725647,0.4145367741584778,0.8879400491714478,-0.23190024495124817,0.9967839121818542,0.41622021794319153,0.8864376544952393,-0.2319125384092331,0.9976900815963745,0.41774845123291016,0.8852322101593018,-0.23195579648017883,0.996134340763092,0.40839025378227234,0.8925710320472717,-0.22458776831626892,0.995342493057251,0.40722566843032837,0.8938485980033875,-0.2245926856994629,0.9956238865852356,0.4055042564868927,0.8919123411178589,-0.22467750310897827,0.9928042888641357,0.422833114862442,0.8760799765586853,-0.2464798241853714,0.9984685778617859,0.40393635630607605,0.8931939601898193,-0.2139740288257599,0.9960246682167053,0.4193829298019409,0.8880334496498108,-0.212017223238945,0.996107280254364,0.41574081778526306,0.908704936504364,-0.20275257527828217,0.9943179488182068,0.4581635892391205,0.8485310673713684,-0.1958921104669571,0.9985484480857849,0.4045087993144989,0.8688932657241821,-0.17190031707286835,0.9969596266746521,0.4904857575893402,0.8688172698020935,-0.2313651293516159,0.7584983110427856,0.4082145392894745,0.8704162240028381,-0.15620245039463043,0.28439149260520935,0.4589705467224121,0.8653711676597595,-0.319692462682724,0.6711010932922363,0.4384865164756775,0.8687790036201477,-0.22287878394126892,0.15784654021263123,0.45386508107185364,0.8894416689872742,-0.34434083104133606,0.6480053663253784,0.445697158575058,0.874876856803894,-0.23766517639160156,0.18566222488880157,0.44269558787345886,0.8759869337081909,-0.33679237961769104,0.6304889917373657,0.45031699538230896,0.8597597479820251,-0.2358618825674057,0.19185134768486023,0.4448709487915039,0.8718815445899963,-0.31645289063453674,0.5827016830444336,0.4495597183704376,0.8587482571601868,-0.22195599973201752,0.19702661037445068,0.4703221023082733,0.8299587368965149,-0.010740255936980247,0.9998871684074402,0.42869260907173157,0.8388124108314514,0.01073888223618269,0.9997215867042542,0.5186691880226135,0.7929345369338989,-0.08344995230436325,0.878146231174469,0.3526645600795746,0.8588004112243652,-0.013798843137919903,0.8310392498970032,0.5766304135322571,0.8754206299781799,-0.13928979635238647,0.8770002722740173,0.31291401386260986,0.9029232263565063,-0.058625806123018265,0.7654697895050049,0.5789768695831299,0.8954592943191528,-0.14307166635990143,0.871387243270874,0.3136473298072815,0.9228065013885498,-0.060192182660102844,0.8490083813667297,0.6055366396903992,0.8747878074645996,-0.17684583365917206,0.8441697359085083,0.2831447422504425,0.9048722386360168,-0.07612376660108566,0.7483165264129639
sujin_fall_normal_10,195,65,6.500835475578406,29.9961444544403,10,0.4157717823982239,0.8927682042121887,-0.21625712513923645,0.9878671765327454,0.41546475887298584,0.8879960775375366,-0.23616023361682892,0.995987594127655,0.4171196222305298,0.8865231871604919,-0.236192524433136,0.9973037838935852,0.41854822635650635,0.8852906823158264,-0.23627133667469025,0.9953798055648804,0.409342497587204,0.8929966688156128,-0.2285664677619934,0.9941349625587463,0.40730488300323486,0.8935608863830566,-0.22857508063316345,0.9947932362556458,0.4055330157279968,0.892351508140564,-0.22865933179855347,0.9910019636154175,0.4217160940170288,0.8758735656738281,-0.2506294548511505,0.9981465935707092,0.4030047655105591,0.8933262228965759,-0.22787928581237793,0.9949753284454346,0.4214232265949249,0.8883898258209229,-0.2152312695980072,0.9950939416885376,0.41583508253097534,0.8982475399971008,-0.20628240704536438,0.992746114730835,0.4569377601146698,0.8457584977149963,-0.21558336913585663,0.9983395338058472,0.40536296367645264,0.8648694157600403,-0.1949804574251175,0.9960015416145325,0.4877013862133026,0.8892067074775696,-0.277391254901886,0.7420927882194519,0.42074382305145264,0.8827334642410278,-0.23009178042411804,0.26971369981765747,0.4395124018192291,0.8981441259384155,-0.3556293845176697,0.6732012629508972,0.47485584020614624,0.8784240484237671,-0.301685631275177,0.15222786366939545,0.429451584815979,0.913680911064148,-0.38143250346183777,0.649320662021637,0.48867517709732056,0.8844097852706909,-0.31981879472732544,0.18144658207893372,0.42006686329841614,0.8941810131072998,-0.3699888288974762,0.6310888528823853,0.4894312918186188,0.8661965727806091,-0.31690409779548645,0.18805113434791565,0.42498573660850525,0.8908112645149231,-0.3510476052761078,0.5819995403289795,0.4881397783756256,0.8669331669807434,-0.3010384142398834,0.19392463564872742,0.4716300964355469,0.8239949941635132,-0.009445900097489357,0.999890148639679,0.43180951476097107,0.8391520380973816,0.009434976615011692,0.9997079372406006,0.524772047996521,0.8100764751434326,-0.07893827557563782,0.8626700639724731,0.378878116607666,0.8674395680427551,-0.02178329974412918,0.8084911108016968,0.5740903615951538,0.8706415891647339,-0.1286676824092865,0.8665562272071838,0.43154993653297424,0.8888744115829468,-0.046841882169246674,0.7301225066184998,0.5770289301872253,0.876288890838623,-0.13031135499477386,0.8595221042633057,0.43913665413856506,0.8866339325904846,-0.04498591274023056,0.8155983686447144,0.5914146304130554,0.8738840222358704,-0.17607860267162323,0.8299261927604675,0.4463792145252228,0.8963266015052795,-0.058887336403131485,0.715946614742279
sujin_fall_normal_10,198,66,6.600848329048843,29.9961444544403,10,0.4159374237060547,0.8970549702644348,-0.2167484015226364,0.9889727234840393,0.41514649987220764,0.8945111632347107,-0.236613467335701,0.996361494064331,0.41708165407180786,0.8928719162940979,-0.23663349449634552,0.9975595474243164,0.4183650314807892,0.8919572234153748,-0.23670512437820435,0.9958047270774841,0.4098794758319855,0.8969966173171997,-0.22787132859230042,0.9946699738502502,0.40766099095344543,0.8979672193527222,-0.22789627313613892,0.9952796697616577,0.40611574053764343,0.89788419008255,-0.22796960175037384,0.9917885065078735,0.42223060131073,0.8802241683006287,-0.254597932100296,0.9983274340629578,0.40307003259658813,0.8932910561561584,-0.2204580456018448,0.9954492449760437,0.4215017557144165,0.8942673206329346,-0.21650566160678864,0.9955466985702515,0.41666045784950256,0.899073600769043,-0.20585370063781738,0.9934074878692627,0.476666659116745,0.8672321438789368,-0.21531715989112854,0.9984860420227051,0.41323423385620117,0.8682125210762024,-0.1752026081085205,0.9962167143821716,0.49488916993141174,0.9112392067909241,-0.22365529835224152,0.7615625858306885,0.4201575219631195,0.8813042044639587,-0.16577233374118805,0.2638038992881775,0.4427332580089569,0.9188924431800842,-0.2351505309343338,0.6946283578872681,0.459516316652298,0.8670527338981628,-0.2122272104024887,0.14600856602191925,0.4322786033153534,0.9329792857170105,-0.2503703534603119,0.6691914200782776,0.4688839018344879,0.8686957359313965,-0.22149963676929474,0.17493999004364014,0.42007607221603394,0.8982199430465698,-0.2436353713274002,0.6514533162117004,0.47004252672195435,0.8532119393348694,-0.21901820600032806,0.18137289583683014,0.42840737104415894,0.9049287438392639,-0.22992154955863953,0.6015840172767639,0.46829041838645935,0.8533290028572083,-0.2114463895559311,0.1874459683895111,0.4867749810218811,0.8380743265151978,-0.01451418362557888,0.9998974800109863,0.4426194131374359,0.8435842394828796,0.014558444730937481,0.9997209310531616,0.5448199510574341,0.8328431248664856,-0.0783461481332779,0.8739917874336243,0.3690932095050812,0.859818696975708,0.032412897795438766,0.8210710883140564,0.5808150768280029,0.8764396905899048,-0.12109360843896866,0.8764911890029907,0.33387067914009094,0.896464467048645,-0.018920904025435448,0.7491170763969421,0.5834053754806519,0.881923496723175,-0.12088292092084885,0.869611382484436,0.33923134207725525,0.9120186567306519,-0.02043815143406391,0.829682469367981,0.5980404615402222,0.8824600577354431,-0.14089424908161163,0.8414589166641235,0.3146625757217407,0.8985157608985901,-0.02738940343260765,0.7336075305938721
sujin_fall_normal_10,201,67,6.70086118251928,29.9961444544403,10,0.4139266610145569,0.8975141644477844,-0.16234789788722992,0.9900113940238953,0.41403910517692566,0.8943665027618408,-0.1790517121553421,0.9966938495635986,0.41533154249191284,0.8927158713340759,-0.1790931522846222,0.9977840781211853,0.4164568781852722,0.8917235732078552,-0.1791299730539322,0.9961680173873901,0.4085383117198944,0.8965305685997009,-0.17053642868995667,0.9951600432395935,0.40706968307495117,0.8971795439720154,-0.17056317627429962,0.9957263469696045,0.4056321978569031,0.895664393901825,-0.17068558931350708,0.9925442934036255,0.42206117510795593,0.8830420970916748,-0.20046217739582062,0.9984818696975708,0.4031006991863251,0.8932385444641113,-0.16380755603313446,0.9958776831626892,0.42328739166259766,0.9112455248832703,-0.1638994812965393,0.9959455132484436,0.41795799136161804,0.9096799492835999,-0.15324419736862183,0.9940176010131836,0.4683028757572174,0.8814700841903687,-0.1751043051481247,0.9985920786857605,0.4206910729408264,0.8736359477043152,-0.135330468416214,0.9965692162513733,0.47732967138290405,0.9158586859703064,-0.2302921712398529,0.763882577419281,0.44389405846595764,0.8837862014770508,-0.15655694901943207,0.28681933879852295,0.43949371576309204,0.8943508863449097,-0.3193248212337494,0.6976832151412964,0.4739319086074829,0.8713057637214661,-0.21894687414169312,0.1633889377117157,0.4307924509048462,0.8968383073806763,-0.34296131134033203,0.6715964078903198,0.4834418296813965,0.8743062019348145,-0.2280467301607132,0.1914869099855423,0.4223985970020294,0.874545156955719,-0.3285098373889923,0.6523063778877258,0.48225292563438416,0.8592514991760254,-0.2232530266046524,0.19735144078731537,0.42867162823677063,0.8762372732162476,-0.3134947419166565,0.6052581071853638,0.48064082860946655,0.8584475517272949,-0.21663792431354523,0.20297342538833618,0.4840851128101349,0.8405730724334717,-0.015390715561807156,0.9999048113822937,0.444662481546402,0.8448709845542908,0.015348117798566818,0.9997435212135315,0.5275929570198059,0.791896641254425,-0.07976467907428741,0.8751099109649658,0.3701503872871399,0.8549776673316956,-0.03529270365834236,0.8326504230499268,0.5707640051841736,0.8787858486175537,-0.1412254273891449,0.8816936016082764,0.31683626770973206,0.9045973420143127,-0.13235527276992798,0.7726311087608337,0.5734497904777527,0.8968949317932129,-0.14519988000392914,0.8776885867118835,0.3102312684059143,0.9126741886138916,-0.13842059671878815,0.8457747101783752,0.5924626588821411,0.8849289417266846,-0.17288711667060852,0.8435636758804321,0.28849366307258606,0.8881431818008423,-0.1661020964384079,0.756802499294281
sujin_fall_normal_10,204,68,6.800874035989717,29.9961444544403,10,0.4140341877937317,0.8969476819038391,-0.20654955506324768,0.990925669670105,0.41344431042671204,0.8939924836158752,-0.21777090430259705,0.9969954490661621,0.415351539850235,0.8916079998016357,-0.21782681345939636,0.9979908466339111,0.4165203273296356,0.8905559182167053,-0.21788173913955688,0.9965042471885681,0.40805891156196594,0.8963590860366821,-0.21150650084018707,0.9955952763557434,0.4067203104496002,0.8969491720199585,-0.21153774857521057,0.9961254000663757,0.4052453339099884,0.8951039910316467,-0.21163688600063324,0.9932047724723816,0.41910454630851746,0.8796612024307251,-0.22195109724998474,0.9986256957054138,0.40264856815338135,0.8936542868614197,-0.18453571200370789,0.9962677955627441,0.4210132956504822,0.896913468837738,-0.1972540318965912,0.9963172674179077,0.4179615080356598,0.9138925075531006,-0.1896894872188568,0.9945694208145142,0.46799707412719727,0.8779096007347107,-0.17662028968334198,0.9987130165100098,0.41155046224594116,0.8782629370689392,-0.15143416821956635,0.9968804717063904,0.48326030373573303,0.906913161277771,-0.24272535741329193,0.7670834064483643,0.4202221632003784,0.8872624635696411,-0.19240321218967438,0.30970749258995056,0.4497917890548706,0.8955183625221252,-0.35914474725723267,0.7081831693649292,0.45171457529067993,0.8729922771453857,-0.30230268836021423,0.17864811420440674,0.4431970715522766,0.9000815153121948,-0.3852826952934265,0.6830396056175232,0.46113717555999756,0.874740719795227,-0.3220592439174652,0.2085658460855484,0.4343436062335968,0.8814615607261658,-0.37532904744148254,0.6639823913574219,0.4618465304374695,0.8595787286758423,-0.3174901008605957,0.21502602100372314,0.4373529851436615,0.8797980546951294,-0.3557323217391968,0.6167234778404236,0.4604935050010681,0.8586169481277466,-0.3016579747200012,0.21919460594654083,0.48079368472099304,0.8365803360939026,-0.011730846017599106,0.9999117255210876,0.43767568469047546,0.8450897932052612,0.01171386893838644,0.9997603893280029,0.5215308666229248,0.7845391035079956,-0.0795060247182846,0.8804814219474792,0.35968610644340515,0.8644681572914124,-0.023926865309476852,0.8445215821266174,0.5829219222068787,0.8729464411735535,-0.15410344302654266,0.8890907168388367,0.3181968629360199,0.9078344702720642,-0.10528155416250229,0.7914431691169739,0.5875450372695923,0.8949918150901794,-0.1592513918876648,0.8867289423942566,0.3204345703125,0.930960476398468,-0.10926355421543121,0.8592954277992249,0.6097285151481628,0.8688116073608398,-0.19006827473640442,0.8517952561378479,0.29684481024742126,0.894151508808136,-0.13022978603839874,0.7750192880630493
sujin_fall_normal_10,207,69,6.900886889460154,29.9961444544403,10,0.41506627202033997,0.8944462537765503,-0.24228622019290924,0.9912476539611816,0.4171042740345001,0.8909035325050354,-0.25879761576652527,0.9970125555992126,0.4184253513813019,0.8893583416938782,-0.25882798433303833,0.9980538487434387,0.419612854719162,0.8884235620498657,-0.25888368487358093,0.9964357018470764,0.4106294810771942,0.8938190937042236,-0.25342148542404175,0.9956551194190979,0.40921202301979065,0.8946088552474976,-0.25347912311553955,0.9962766766548157,0.4078771471977234,0.8943702578544617,-0.2535955607891083,0.9931437373161316,0.43209314346313477,0.8946377635002136,-0.2610989511013031,0.9986658692359924,0.4109773337841034,0.8941290378570557,-0.2387697845697403,0.9963639974594116,0.42107057571411133,0.8919969797134399,-0.23414407670497894,0.9963632822036743,0.4163002371788025,0.8972325921058655,-0.22812214493751526,0.9946345686912537,0.4635982811450958,0.8698463439941406,-0.2070840448141098,0.9987453818321228,0.40335845947265625,0.8700810670852661,-0.18506622314453125,0.9970305562019348,0.485145628452301,0.8777896165847778,-0.27976399660110474,0.7742164731025696,0.3996776044368744,0.8795313239097595,-0.22954662144184113,0.3016178011894226,0.44914010167121887,0.883588433265686,-0.3917665481567383,0.7248813509941101,0.4317348599433899,0.8597366809844971,-0.33059659600257874,0.17971286177635193,0.44291287660598755,0.8978480696678162,-0.41860440373420715,0.7010246515274048,0.44013267755508423,0.862031102180481,-0.34806278347969055,0.21184009313583374,0.4312887191772461,0.8776427507400513,-0.4097844958305359,0.6826676726341248,0.44384437799453735,0.8479411602020264,-0.34258145093917847,0.21749435365200043,0.4349214732646942,0.8731233477592468,-0.38837769627571106,0.635916531085968,0.4431748390197754,0.8469153046607971,-0.328975111246109,0.2250225991010666,0.46621212363243103,0.8303930759429932,-0.009904112666845322,0.9999176859855652,0.4263063371181488,0.8378055095672607,0.009891912341117859,0.9997708797454834,0.5221355557441711,0.8020690083503723,-0.08821412175893784,0.8882550001144409,0.34539368748664856,0.8798115253448486,-0.028328461572527885,0.8517589569091797,0.582292914390564,0.871001660823822,-0.1611609309911728,0.895757794380188,0.32207801938056946,0.9088309407234192,-0.07551345974206924,0.7932010889053345,0.5860626697540283,0.885699450969696,-0.16638176143169403,0.893728494644165,0.3233199715614319,0.9276583194732666,-0.07626525312662125,0.8624520897865295,0.6084879040718079,0.8677033185958862,-0.2038441151380539,0.8597984313964844,0.29796141386032104,0.9055442810058594,-0.09366509318351746,0.7747237682342529
sujin_fall_normal_10,210,70,7.000899742930591,29.9961444544403,10,0.41491878032684326,0.895627498626709,-0.21607346832752228,0.9905909895896912,0.41559159755706787,0.8913891911506653,-0.2372787445783615,0.9970252513885498,0.4165489375591278,0.8898546099662781,-0.23733459413051605,0.9980470538139343,0.41911569237709045,0.8884497284889221,-0.23747499287128448,0.9964798092842102,0.40993252396583557,0.8945098519325256,-0.23157638311386108,0.9955779910087585,0.40847209095954895,0.8952804803848267,-0.23161271214485168,0.9961488246917725,0.4058368504047394,0.8944547772407532,-0.23173300921916962,0.9928213357925415,0.42395028471946716,0.8821723461151123,-0.2543553411960602,0.9986966848373413,0.40673983097076416,0.8942779302597046,-0.22708263993263245,0.996143102645874,0.42027103900909424,0.8933495879173279,-0.2142433077096939,0.9964454770088196,0.4153369069099426,0.8982755541801453,-0.20739048719406128,0.9946023225784302,0.46379631757736206,0.8664699196815491,-0.21238885819911957,0.9987989664077759,0.4045628607273102,0.8710314035415649,-0.18526174128055573,0.9963762164115906,0.48507407307624817,0.9006776213645935,-0.28138360381126404,0.7757040858268738,0.41959235072135925,0.8935340046882629,-0.24528342485427856,0.27933168411254883,0.4411871135234833,0.911331832408905,-0.3811752200126648,0.7415899038314819,0.47167766094207764,0.8787522315979004,-0.35877150297164917,0.17020900547504425,0.4317021667957306,0.9247744083404541,-0.41054782271385193,0.7152495384216309,0.4843290448188782,0.88226318359375,-0.38232311606407166,0.2022077441215515,0.42233583331108093,0.9031586050987244,-0.39971694350242615,0.6981792449951172,0.48800748586654663,0.866758406162262,-0.37466758489608765,0.20845521986484528,0.4267367422580719,0.9004424810409546,-0.37710466980934143,0.6521399617195129,0.4856894612312317,0.8651820421218872,-0.35761773586273193,0.2169898897409439,0.4679345190525055,0.8292943239212036,-0.010866673663258553,0.9999220371246338,0.42814090847969055,0.838772714138031,0.010753153823316097,0.9997777938842773,0.5218101739883423,0.819477379322052,-0.035837944597005844,0.8604246973991394,0.36096811294555664,0.8770398497581482,0.04848892614245415,0.8175668716430664,0.5366567373275757,0.868319034576416,-0.0029808420222252607,0.8502939343452454,0.3508884608745575,0.9036373496055603,0.05836064741015434,0.7459291219711304,0.5340421795845032,0.8710072040557861,0.0036634919233620167,0.8407836556434631,0.3540039658546448,0.9062177538871765,0.06334850937128067,0.8144680261611938,0.5512071251869202,0.8846051692962646,-0.007167947478592396,0.8087571859359741,0.33772385120391846,0.9176121950149536,0.07055048644542694,0.725203812122345
sujin_fall_normal_10,213,71,7.100912596401029,29.9961444544403,10,0.41948211193084717,0.8968701958656311,-0.21413810551166534,0.9908312559127808,0.41723644733428955,0.8938207626342773,-0.2363716959953308,0.9971311688423157,0.4185512363910675,0.8925982713699341,-0.2364358752965927,0.9981364011764526,0.42241424322128296,0.8912009000778198,-0.23661701381206512,0.9966208338737488,0.41145727038383484,0.8971434831619263,-0.22703644633293152,0.995694100856781,0.40973901748657227,0.8949007391929626,-0.22705024480819702,0.9962928295135498,0.40790656208992004,0.8946124315261841,-0.22712679207324982,0.9929715991020203,0.42626869678497314,0.882875382900238,-0.2573637366294861,0.9987986087799072,0.40698543190956116,0.8945381045341492,-0.22315159440040588,0.996315598487854,0.42551884055137634,0.8947926759719849,-0.2140812873840332,0.996604859828949,0.4194504916667938,0.8988296389579773,-0.20453210175037384,0.9948003888130188,0.4736776649951935,0.8763332366943359,-0.2176470160484314,0.9988064765930176,0.4126528203487396,0.8746827840805054,-0.16927257180213928,0.9956305027008057,0.4860122799873352,0.9081145524978638,-0.1837151199579239,0.7900504469871521,0.4228651225566864,0.8930959105491638,-0.16847066581249237,0.2607555389404297,0.4295291304588318,0.9089103937149048,-0.14362716674804688,0.7587874531745911,0.47119611501693726,0.8781147003173828,-0.24746979773044586,0.16083745658397675,0.41747158765792847,0.9335487484931946,-0.15272553265094757,0.7287953495979309,0.48409897089004517,0.8815898299217224,-0.26318469643592834,0.19206587970256805,0.4088834226131439,0.9014100432395935,-0.14639250934123993,0.712735116481781,0.48564034700393677,0.8636664748191833,-0.25894445180892944,0.19884710013866425,0.4161504805088043,0.9050772786140442,-0.13667401671409607,0.6675357818603516,0.48282819986343384,0.8620799779891968,-0.2469535917043686,0.20790432393550873,0.475742906332016,0.8300235867500305,-0.016734004020690918,0.9999215602874756,0.43431416153907776,0.8381011486053467,0.016717690974473953,0.9997702836990356,0.5218148827552795,0.8148407936096191,-0.03171904385089874,0.8597392439842224,0.3697284162044525,0.8615055084228516,0.06335138529539108,0.8071984052658081,0.5486871600151062,0.8657102584838867,0.019242288544774055,0.8360247015953064,0.35560911893844604,0.9066944122314453,0.07359018176794052,0.7387981414794922,0.5481902956962585,0.8675932288169861,0.027581829577684402,0.8234902024269104,0.3572421967983246,0.9122611880302429,0.0779060572385788,0.8034772276878357,0.5692158341407776,0.8844087719917297,0.017662985250353813,0.789583683013916,0.34089308977127075,0.9236849546432495,0.07422438263893127,0.7142322063446045
sujin_fall_normal_10,216,72,7.200925449871466,29.9961444544403,10,0.41910019516944885,0.8962469100952148,-0.21583032608032227,0.9914948344230652,0.41715219616889954,0.8935620784759521,-0.23361842334270477,0.9973137974739075,0.41848456859588623,0.8924919962882996,-0.23365098237991333,0.9982501268386841,0.42220017313957214,0.8910775184631348,-0.23376356065273285,0.9968177080154419,0.4111965000629425,0.8931177258491516,-0.2262512743473053,0.995987057685852,0.4094301462173462,0.893340528011322,-0.22626014053821564,0.9965482950210571,0.40767306089401245,0.8938939571380615,-0.2263144552707672,0.9934439659118652,0.42547717690467834,0.8821951746940613,-0.23849895596504211,0.9988895058631897,0.404930055141449,0.8942070603370667,-0.21134710311889648,0.9966208934783936,0.42521393299102783,0.8945062160491943,-0.21330687403678894,0.9968406558036804,0.4193507432937622,0.8977152109146118,-0.20447178184986115,0.9951955676078796,0.47222182154655457,0.8786339163780212,-0.1767050325870514,0.9988749027252197,0.4086505174636841,0.8767549395561218,-0.15174852311611176,0.9959577918052673,0.48835688829421997,0.902823269367218,-0.13635434210300446,0.7939500212669373,0.4037706255912781,0.8757210969924927,-0.0665632113814354,0.2613709270954132,0.4337758719921112,0.9080008864402771,-0.105157770216465,0.7557272911071777,0.43414977192878723,0.8455142974853516,-0.030313091352581978,0.16354581713676453,0.41984325647354126,0.921356737613678,-0.10948165506124496,0.721466600894928,0.4426335096359253,0.8396303057670593,-0.027264254167675972,0.192047581076622,0.4112749397754669,0.9011074304580688,-0.10135892778635025,0.7032003998756409,0.44411611557006836,0.8245044350624084,-0.027214355766773224,0.19829370081424713,0.41642093658447266,0.8999382853507996,-0.09832217544317245,0.6563456654548645,0.44216907024383545,0.8287916779518127,-0.027688920497894287,0.20681723952293396,0.47801634669303894,0.8371339440345764,-0.013449602760374546,0.9999229311943054,0.43465009331703186,0.8451617956161499,0.013440387323498726,0.999777615070343,0.5218802690505981,0.795702338218689,-0.05732056125998497,0.8697340488433838,0.3682243525981903,0.8600895404815674,0.004516634624451399,0.8194887638092041,0.5791958570480347,0.8803404569625854,-0.09992437809705734,0.8497119545936584,0.32176727056503296,0.906948447227478,-0.01867854967713356,0.7587105631828308,0.5823094844818115,0.8980211019515991,-0.10193080455064774,0.837496280670166,0.3158586621284485,0.9126266837120056,-0.017371663823723793,0.8191038966178894,0.6059898138046265,0.8855555653572083,-0.12964743375778198,0.8048954606056213,0.2995855212211609,0.9096822738647461,-0.03465450182557106,0.7330541014671326
sujin_fall_normal_10,219,73,7.300938303341903,29.9961444544403,10,0.4163646399974823,0.8962442278862,-0.22437483072280884,0.9906113743782043,0.41497623920440674,0.8935089707374573,-0.24004442989826202,0.9971076250076294,0.41803279519081116,0.8923529386520386,-0.24005256593227386,0.9980425238609314,0.4201039969921112,0.8909866213798523,-0.2401060312986374,0.996387243270874,0.410296767950058,0.8936073780059814,-0.23441703617572784,0.995741069316864,0.4074234962463379,0.8932424187660217,-0.2344503104686737,0.9963322281837463,0.40605494379997253,0.893890917301178,-0.23453861474990845,0.9931179881095886,0.42245444655418396,0.8822452425956726,-0.23960264027118683,0.9987032413482666,0.403166800737381,0.8951759338378906,-0.21936143934726715,0.9965495467185974,0.4216952621936798,0.8943168520927429,-0.21793386340141296,0.9965160489082336,0.4193061590194702,0.9140323996543884,-0.21108031272888184,0.9948493838310242,0.46888604760169983,0.8781669735908508,-0.18409952521324158,0.9987670183181763,0.408623069524765,0.8784830570220947,-0.1721258908510208,0.996042013168335,0.4900798499584198,0.8831775188446045,-0.22644008696079254,0.781849205493927,0.4063708186149597,0.8756458759307861,-0.10619466751813889,0.26161476969718933,0.45556771755218506,0.8738358020782471,-0.316305547952652,0.7560436725616455,0.43183696269989014,0.851811408996582,-0.1468190848827362,0.16000880300998688,0.44894251227378845,0.8823062777519226,-0.33900609612464905,0.7237401604652405,0.4377806484699249,0.8552793264389038,-0.15159201622009277,0.18879693746566772,0.4381093978881836,0.8636152744293213,-0.3288584053516388,0.704932451248169,0.441615492105484,0.8428309559822083,-0.1501387655735016,0.19471457600593567,0.44082194566726685,0.8627943396568298,-0.3123563230037689,0.657453179359436,0.44128745794296265,0.843459963798523,-0.14463678002357483,0.20403175055980682,0.47772061824798584,0.8369289040565491,-0.009124514646828175,0.9999006986618042,0.4351586103439331,0.8457167744636536,0.009044216014444828,0.9997257590293884,0.5238494873046875,0.7762407660484314,-0.09155716747045517,0.8500341773033142,0.3670799434185028,0.8578442335128784,-0.03508143126964569,0.815446138381958,0.5677570104598999,0.8743827939033508,-0.13417799770832062,0.8471987843513489,0.3463156819343567,0.911374568939209,-0.08434821665287018,0.7631434202194214,0.5688667297363281,0.8949305415153503,-0.13667032122612,0.8400329351425171,0.3495244085788727,0.9264880418777466,-0.08562717586755753,0.8254307508468628,0.5960251688957214,0.8742920756340027,-0.17280958592891693,0.7942089438438416,0.3266053795814514,0.9123958349227905,-0.10813429206609726,0.7282102704048157
sujin_fall_normal_10,222,74,7.40095115681234,29.9961444544403,10,0.4142886996269226,0.8964011669158936,-0.23059824109077454,0.991072416305542,0.4142841696739197,0.8934566974639893,-0.24383436143398285,0.9971818327903748,0.4162899851799011,0.8922663927078247,-0.24385404586791992,0.9981040358543396,0.4192986488342285,0.8908835649490356,-0.24393227696418762,0.9965213537216187,0.40893182158470154,0.8948864936828613,-0.23875799775123596,0.9958164691925049,0.40700915455818176,0.8956557512283325,-0.2387820929288864,0.9963661432266235,0.4048047363758087,0.8971034288406372,-0.23885032534599304,0.9932633638381958,0.421529084444046,0.8819776773452759,-0.24038174748420715,0.998737096786499,0.401741087436676,0.8972463607788086,-0.2195054441690445,0.996654212474823,0.4198704957962036,0.8943116664886475,-0.2213163524866104,0.9965078234672546,0.41818714141845703,0.9206845760345459,-0.2154162973165512,0.994739294052124,0.45529836416244507,0.861281156539917,-0.17176450788974762,0.9985734224319458,0.4036716818809509,0.8820638656616211,-0.16250361502170563,0.9949537515640259,0.4829644560813904,0.8771540522575378,-0.12852267920970917,0.7785489559173584,0.40010467171669006,0.8742127418518066,-0.08287839591503143,0.2590675950050354,0.44505640864372253,0.8802825212478638,-0.09096096456050873,0.7578672170639038,0.4287205934524536,0.8522343039512634,-0.041693612933158875,0.1615860015153885,0.4383205771446228,0.8909372091293335,-0.0930686742067337,0.7218316793441772,0.4363345503807068,0.8519060015678406,-0.03970169275999069,0.18896998465061188,0.4286731481552124,0.8685529828071594,-0.08674425631761551,0.7012421488761902,0.4385279417037964,0.8381431102752686,-0.03858104720711708,0.19432298839092255,0.4314963221549988,0.8697953224182129,-0.08453699946403503,0.6511365175247192,0.43689239025115967,0.8404901027679443,-0.038429223001003265,0.2031824141740799,0.4673904776573181,0.8347693085670471,-0.009074270725250244,0.9998854994773865,0.4275527894496918,0.8466039299964905,0.008999916724860668,0.9996705651283264,0.5180938243865967,0.7812280654907227,-0.08540293574333191,0.857474148273468,0.3694838285446167,0.8625763058662415,-0.056111890822649,0.8202134370803833,0.5761052966117859,0.8741371631622314,-0.11510825157165527,0.858802080154419,0.39012181758880615,0.9111922383308411,-0.07212485373020172,0.7637690305709839,0.5808489918708801,0.8957623243331909,-0.1168125718832016,0.8499932885169983,0.3954029977321625,0.9209663271903992,-0.04896141588687897,0.8232268691062927,0.6038662195205688,0.8764843344688416,-0.15835700929164886,0.8081943988800049,0.3890477418899536,0.9197494983673096,-0.07445231080055237,0.7273146510124207
sujin_fall_normal_10,225,75,7.500964010282777,29.9961444544403,10,0.4143255054950714,0.8949829936027527,-0.22728197276592255,0.9870347380638123,0.4142451584339142,0.8902963995933533,-0.23882126808166504,0.995159924030304,0.4160740077495575,0.8884709477424622,-0.23886848986148834,0.9969756603240967,0.41822031140327454,0.8869056701660156,-0.23895882070064545,0.9940807223320007,0.4089132249355316,0.8940184712409973,-0.23561102151870728,0.9933479428291321,0.40678083896636963,0.8955320715904236,-0.23561009764671326,0.9945330619812012,0.4048011600971222,0.8969997763633728,-0.23570550978183746,0.9888618588447571,0.4207753539085388,0.8819355964660645,-0.23558910191059113,0.9980080723762512,0.40160927176475525,0.8969897031784058,-0.2183963656425476,0.9950865507125854,0.4197503328323364,0.8929771184921265,-0.21773457527160645,0.9947540760040283,0.4159063696861267,0.9011538624763489,-0.21395254135131836,0.9921762943267822,0.4506908059120178,0.8561416864395142,-0.17350424826145172,0.9983010292053223,0.40186747908592224,0.8825568556785583,-0.16903699934482574,0.9948915243148804,0.47935497760772705,0.8840571641921997,-0.2145307958126068,0.7532132863998413,0.41166752576828003,0.8950895071029663,-0.1684192568063736,0.24865099787712097,0.43715277314186096,0.8846742510795593,-0.2778741419315338,0.7257064580917358,0.4613204896450043,0.8685929179191589,-0.21291977167129517,0.1516101211309433,0.42703619599342346,0.893242359161377,-0.29743650555610657,0.6909151673316956,0.4761147201061249,0.8692489862442017,-0.22350308299064636,0.17817005515098572,0.41991332173347473,0.8746696710586548,-0.2864893674850464,0.6687065958976746,0.4759077727794647,0.8523529767990112,-0.22134919464588165,0.18303564190864563,0.4239221513271332,0.8749743700027466,-0.2730688750743866,0.6203629970550537,0.4717100262641907,0.8528033494949341,-0.21154803037643433,0.1918618083000183,0.45988065004348755,0.8335217237472534,-0.00688055669888854,0.999889612197876,0.42297542095184326,0.8456563353538513,0.006869548466056585,0.9996843338012695,0.5136018991470337,0.78626948595047,-0.05252031981945038,0.8595436215400696,0.36838582158088684,0.8642847537994385,-0.008607644587755203,0.8225376009941101,0.570968747138977,0.8689979314804077,-0.09384512901306152,0.8626596331596375,0.3559015393257141,0.9118973612785339,0.013787047006189823,0.7566202282905579,0.5749642252922058,0.8861985802650452,-0.09591925144195557,0.8533756732940674,0.35770976543426514,0.922184407711029,0.020334364846348763,0.8232318162918091,0.6018437147140503,0.8738170266151428,-0.1264418065547943,0.8110819458961487,0.33852824568748474,0.9233188033103943,0.017088383436203003,0.7206898927688599
sujin_fall_normal_10,228,76,7.600976863753214,29.9961444544403,10,0.41512784361839294,0.8952800631523132,-0.22690747678279877,0.9870483875274658,0.4141611158847809,0.891381025314331,-0.23681598901748657,0.9952334761619568,0.4155755341053009,0.8898959755897522,-0.2368648797273636,0.9969757199287415,0.41835272312164307,0.8879308700561523,-0.23691701889038086,0.9941954612731934,0.4088645577430725,0.8947449922561646,-0.2354957014322281,0.9934369325637817,0.40694326162338257,0.8958625793457031,-0.23549088835716248,0.9944366812705994,0.40550392866134644,0.8970027565956116,-0.2355545163154602,0.9888975620269775,0.4224638044834137,0.8856805562973022,-0.2250882238149643,0.9979398846626282,0.4036071002483368,0.8967795372009277,-0.21764303743839264,0.9949093461036682,0.42023468017578125,0.8936813473701477,-0.21432749927043915,0.9949406385421753,0.415838360786438,0.8990967273712158,-0.2138182371854782,0.9922788739204407,0.45762449502944946,0.8700234889984131,-0.17529302835464478,0.9983203411102295,0.406642347574234,0.8843199014663696,-0.16942831873893738,0.9947951436042786,0.474622905254364,0.8787564039230347,-0.2440861165523529,0.7601696848869324,0.4080924093723297,0.8822922706604004,-0.23071923851966858,0.2677742838859558,0.44012653827667236,0.8678115010261536,-0.33236461877822876,0.7319911122322083,0.4256322979927063,0.8470420241355896,-0.3218512535095215,0.16618913412094116,0.4343414306640625,0.8737326264381409,-0.349748820066452,0.6979194283485413,0.42802754044532776,0.8401381969451904,-0.33535683155059814,0.18675626814365387,0.4264424741268158,0.8589538335800171,-0.33734041452407837,0.6756241917610168,0.4319395124912262,0.8308088779449463,-0.32537558674812317,0.19006632268428802,0.4285210371017456,0.8601839542388916,-0.3265925943851471,0.6260673999786377,0.4335725009441376,0.8354466557502747,-0.3182765543460846,0.20048774778842926,0.46455997228622437,0.8281324505805969,-0.004014122299849987,0.9998926520347595,0.4285529553890228,0.8445091247558594,0.003966767340898514,0.999681293964386,0.5168283581733704,0.8140109777450562,-0.12184657901525497,0.8641347289085388,0.37671059370040894,0.8567808270454407,-0.07947704941034317,0.8205614686012268,0.5874369144439697,0.8701537251472473,-0.23556950688362122,0.8709685802459717,0.4257257580757141,0.8922472596168518,-0.10068067908287048,0.7382079362869263,0.5951941013336182,0.8898751139640808,-0.2451394498348236,0.8625262975692749,0.43443259596824646,0.898274302482605,-0.0988888293504715,0.814341127872467,0.613571047782898,0.8602671027183533,-0.2994750738143921,0.8215214014053345,0.43309667706489563,0.8951323628425598,-0.12667639553546906,0.7054494619369507
sujin_fall_normal_10,231,77,7.700989717223651,29.9961444544403,10,0.4157646894454956,0.8981177806854248,-0.21266527473926544,0.9883089065551758,0.4142260253429413,0.8908544182777405,-0.22972701489925385,0.9957016110420227,0.41562971472740173,0.8892009854316711,-0.22976233065128326,0.9972724914550781,0.41799625754356384,0.8874474167823792,-0.22984330356121063,0.9947640895843506,0.40924587845802307,0.8946136236190796,-0.22109024226665497,0.9940764307975769,0.40753844380378723,0.8958180546760559,-0.2210983783006668,0.9949795603752136,0.405778706073761,0.8969709873199463,-0.22117477655410767,0.9899770021438599,0.4224873483181,0.8851901292800903,-0.2427997887134552,0.9981438517570496,0.4039481580257416,0.896687924861908,-0.20770397782325745,0.9954065084457397,0.42131727933883667,0.8927221298217773,-0.2111922651529312,0.9954373240470886,0.4166950285434723,0.8978993892669678,-0.20050615072250366,0.9930347800254822,0.46922367811203003,0.8752535581588745,-0.20452578365802765,0.9984768033027649,0.4117010235786438,0.8831380605697632,-0.1690530776977539,0.9951867461204529,0.4845334589481354,0.9144595265388489,-0.2310834378004074,0.7735881209373474,0.4307541847229004,0.9010385870933533,-0.19609370827674866,0.26573485136032104,0.43767350912094116,0.9072220325469971,-0.28727245330810547,0.7460048198699951,0.4777466654777527,0.886468768119812,-0.2799520194530487,0.16310831904411316,0.4306865334510803,0.9397884011268616,-0.3040834665298462,0.711368203163147,0.4908876121044159,0.8887895345687866,-0.2994047701358795,0.18537187576293945,0.42200183868408203,0.9173769950866699,-0.29530784487724304,0.6902364492416382,0.4915379285812378,0.8707918524742126,-0.29453563690185547,0.18980754911899567,0.4259963929653168,0.9135857224464417,-0.2815404236316681,0.6418581008911133,0.48872026801109314,0.8706337213516235,-0.2790416479110718,0.19969916343688965,0.4755643904209137,0.8313972353935242,-0.013827775605022907,0.9999003410339355,0.433965265750885,0.8428037166595459,0.013821226544678211,0.999692976474762,0.5229670405387878,0.8259379863739014,-0.10708294063806534,0.8646435737609863,0.356447696685791,0.8569070100784302,0.03204429894685745,0.817295253276825,0.5545406937599182,0.8909071087837219,-0.08680085092782974,0.8721749782562256,0.31602516770362854,0.8935752511024475,-0.0005473599303513765,0.7445157766342163,0.5542615652084351,0.9019764065742493,-0.08370323479175568,0.8637044429779053,0.31309986114501953,0.9021670818328857,-0.00022344054013956338,0.8214028477668762,0.573226809501648,0.9055013060569763,-0.10603345930576324,0.8207404017448425,0.2869918942451477,0.8938613533973694,-0.004405327141284943,0.7057170867919922
sujin_fall_normal_10,234,78,7.801002570694088,29.9961444544403,10,0.41628772020339966,0.8953208327293396,-0.23844435811042786,0.9887956380844116,0.41472312808036804,0.8857424855232239,-0.253062903881073,0.9958314299583435,0.41608375310897827,0.8837413787841797,-0.2530876696109772,0.9973416328430176,0.41913625597953796,0.8814294338226318,-0.2531661093235016,0.9948659539222717,0.40924692153930664,0.8917134404182434,-0.24812020361423492,0.9942417740821838,0.40754348039627075,0.8936040997505188,-0.24808987975120544,0.9951527118682861,0.40580275654792786,0.8953738212585449,-0.24813665449619293,0.9902803897857666,0.4225172996520996,0.8729779124259949,-0.25751230120658875,0.9982295036315918,0.40358030796051025,0.8960908055305481,-0.23500360548496246,0.9956562519073486,0.42202016711235046,0.8889431953430176,-0.23264282941818237,0.9956702589988708,0.4167429208755493,0.8960673809051514,-0.2261156588792801,0.9934646487236023,0.467692494392395,0.8663291931152344,-0.19940485060214996,0.9985833168029785,0.40340837836265564,0.8799529075622559,-0.18079133331775665,0.9955335259437561,0.48864471912384033,0.8777034878730774,-0.20366062223911285,0.784136950969696,0.4050654470920563,0.8857647776603699,-0.14733822643756866,0.2697567045688629,0.4537305235862732,0.896726667881012,-0.2301626056432724,0.7290381193161011,0.4414328932762146,0.8783988952636719,-0.15560810267925262,0.1597757339477539,0.4470033645629883,0.9081994295120239,-0.24099841713905334,0.6925893425941467,0.4507177770137787,0.8827778100967407,-0.1606992781162262,0.18049149215221405,0.4369869828224182,0.8967486023902893,-0.23243047297000885,0.6710605025291443,0.45385125279426575,0.863257646560669,-0.1582752764225006,0.18504145741462708,0.4393645226955414,0.8946836590766907,-0.2246047556400299,0.6221587061882019,0.4513060450553894,0.8649728298187256,-0.15261533856391907,0.19369648396968842,0.4715491533279419,0.8337839841842651,-0.011202368885278702,0.999904990196228,0.4277336299419403,0.8477572202682495,0.011296232230961323,0.9997062683105469,0.5223925709724426,0.7996435165405273,-0.0826159417629242,0.8720073103904724,0.35693055391311646,0.8572249412536621,0.0054418426007032394,0.8213636875152588,0.5839197635650635,0.8695571422576904,-0.12855620682239532,0.8801094889640808,0.3160332441329956,0.9110334515571594,-0.027715524658560753,0.7542845010757446,0.5897104740142822,0.8885568380355835,-0.13169221580028534,0.8719834089279175,0.31495893001556396,0.9345738291740417,-0.027873914688825607,0.831972599029541,0.6088953614234924,0.8582746982574463,-0.15729215741157532,0.8311333060264587,0.29007047414779663,0.8965182304382324,-0.04265206679701805,0.7182022929191589
sujin_fall_normal_10,237,79,7.901015424164525,29.9961444544403,10,0.4151689112186432,0.8943111300468445,-0.22084203362464905,0.9896373748779297,0.4139433801174164,0.8863468766212463,-0.23646585643291473,0.9961724877357483,0.41601964831352234,0.8843257427215576,-0.23645785450935364,0.9975267648696899,0.418260782957077,0.8830821514129639,-0.23648779094219208,0.9952285885810852,0.40924718976020813,0.8917641639709473,-0.23049671947956085,0.9947093725204468,0.40758317708969116,0.8915014266967773,-0.23046040534973145,0.9955230355262756,0.40602871775627136,0.8934503793716431,-0.23053966462612152,0.9910765290260315,0.42124634981155396,0.8731944561004639,-0.25503990054130554,0.9983605146408081,0.40416958928108215,0.8959832191467285,-0.22719687223434448,0.9960295557975769,0.4205288887023926,0.8893994092941284,-0.22140376269817352,0.9960496425628662,0.4155486822128296,0.8956839442253113,-0.2133971005678177,0.9940299987792969,0.4660741090774536,0.8660838603973389,-0.19167596101760864,0.9986873269081116,0.40468156337738037,0.8864278793334961,-0.18114528059959412,0.995925784111023,0.49434372782707214,0.8676806688308716,-0.2066163420677185,0.7901365756988525,0.4066975712776184,0.893591046333313,-0.1553005576133728,0.2892540693283081,0.467378705739975,0.8719496130943298,-0.2703441381454468,0.7306128740310669,0.4328811764717102,0.898514449596405,-0.17157159745693207,0.17359912395477295,0.460945725440979,0.8747251629829407,-0.28963804244995117,0.6930574774742126,0.4370446503162384,0.9022093415260315,-0.18018457293510437,0.19227759540081024,0.45194879174232483,0.8648850917816162,-0.279201865196228,0.6723766326904297,0.4413423240184784,0.8897122144699097,-0.17820070683956146,0.19650931656360626,0.4531227648258209,0.8672207593917847,-0.26652029156684875,0.6250886917114258,0.44244584441185,0.889879047870636,-0.17013004422187805,0.20810037851333618,0.4647811949253082,0.8228597640991211,-0.010557231493294239,0.9999128580093384,0.4256094992160797,0.8375341296195984,0.010488390922546387,0.9997313022613525,0.5196176767349243,0.8002402186393738,-0.03519527241587639,0.8764028549194336,0.354267954826355,0.8607315421104431,0.05234352871775627,0.8238789439201355,0.5806882977485657,0.8499374389648438,-0.04329149052500725,0.8868036866188049,0.3144782483577728,0.9075464010238647,0.05165483057498932,0.7636228203773499,0.5856540203094482,0.8632069230079651,-0.04166748747229576,0.8793238401412964,0.3136868476867676,0.923474907875061,0.05377008020877838,0.8403210639953613,0.6070539951324463,0.8479046821594238,-0.06742841750383377,0.8405755162239075,0.2864919900894165,0.9052109122276306,0.04768456518650055,0.7260290384292603
sujin_fall_normal_10,240,80,8.001028277634962,29.9961444544403,10,0.41659536957740784,0.894973874092102,-0.21980687975883484,0.9903405904769897,0.41399210691452026,0.8898686170578003,-0.23460718989372253,0.9964671730995178,0.4155745506286621,0.884415864944458,-0.234622985124588,0.9977148771286011,0.418260782957077,0.8865023851394653,-0.23469208180904388,0.9955940246582031,0.4092259407043457,0.8914230465888977,-0.22815059125423431,0.9950849413871765,0.4075864255428314,0.8915048241615295,-0.2281503826379776,0.9958336353302002,0.40606018900871277,0.8932320475578308,-0.22822752594947815,0.9916333556175232,0.4208875596523285,0.8735033869743347,-0.24042698740959167,0.9985048770904541,0.40425264835357666,0.8956698179244995,-0.2116306722164154,0.9963192343711853,0.4217017889022827,0.8917075991630554,-0.21577636897563934,0.9963628649711609,0.4168771803379059,0.8959835767745972,-0.2074880301952362,0.9944961667060852,0.46663907170295715,0.869957447052002,-0.19322535395622253,0.998779833316803,0.4100485146045685,0.8833073973655701,-0.15774235129356384,0.9958385229110718,0.4844556748867035,0.8961099982261658,-0.20916582643985748,0.7953832149505615,0.4077567458152771,0.8883175849914551,-0.17003625631332397,0.2678624987602234,0.436135858297348,0.8937656879425049,-0.24755649268627167,0.7462544441223145,0.43831488490104675,0.8607316613197327,-0.2429581731557846,0.16310791671276093,0.42486268281936646,0.9044356942176819,-0.26386165618896484,0.7097736597061157,0.447674959897995,0.8605906367301941,-0.25394776463508606,0.18314409255981445,0.4170236885547638,0.881432294845581,-0.25490134954452515,0.6903314590454102,0.4471292793750763,0.8441382646560669,-0.250189870595932,0.18729038536548615,0.4220767319202423,0.8793548345565796,-0.24224331974983215,0.6444878578186035,0.44577109813690186,0.8451586961746216,-0.24245190620422363,0.19944237172603607,0.4706924557685852,0.8343671560287476,-0.012980316765606403,0.9999162554740906,0.4310162365436554,0.8443271517753601,0.012916878797113895,0.999735951423645,0.5241008996963501,0.8272193074226379,-0.050780583173036575,0.8807694911956787,0.3586600124835968,0.8551241755485535,0.034135665744543076,0.8240546584129333,0.5595148205757141,0.877885103225708,-0.0687389150261879,0.8860463500022888,0.32152894139289856,0.9052698612213135,0.03237504884600639,0.7641985416412354,0.5598515868186951,0.8847953081130981,-0.06706499308347702,0.8787477612495422,0.3207005560398102,0.9115723967552185,0.047880012542009354,0.8434829115867615,0.582170844078064,0.8937082886695862,-0.08169513195753098,0.8362084031105042,0.2918201684951782,0.9087066650390625,0.012206526473164558,0.7215291261672974
sujin_fall_normal_10,243,81,8.101041131105399,29.9961444544403,10,0.41668373346328735,0.8950294852256775,-0.22155721485614777,0.9885504245758057,0.41422757506370544,0.8902209997177124,-0.23475381731987,0.9954017996788025,0.4156965911388397,0.8873348236083984,-0.23476578295230865,0.9970594644546509,0.41860726475715637,0.8871063590049744,-0.23482602834701538,0.9939985275268555,0.409263551235199,0.8931209444999695,-0.2285463958978653,0.9939299821853638,0.40768542885780334,0.8938911557197571,-0.22854246199131012,0.9949652552604675,0.40623751282691956,0.8953867554664612,-0.2286178171634674,0.9895836710929871,0.42168670892715454,0.8760830760002136,-0.2293902337551117,0.9980116486549377,0.4044159948825836,0.8965854048728943,-0.20655041933059692,0.9955798983573914,0.4224485158920288,0.892568826675415,-0.21475578844547272,0.9951679706573486,0.41930246353149414,0.917509913444519,-0.20759162306785583,0.9929498434066772,0.4664207696914673,0.8703732490539551,-0.16852419078350067,0.9985883235931396,0.40982502698898315,0.8859100937843323,-0.14771154522895813,0.9955817461013794,0.49228277802467346,0.8738974332809448,-0.17102451622486115,0.7868174314498901,0.4045819938182831,0.8874747157096863,-0.10419058799743652,0.26333722472190857,0.4571225345134735,0.8829309940338135,-0.20719967782497406,0.7524798512458801,0.42734259366989136,0.8644629120826721,-0.10583097487688065,0.16930103302001953,0.4503326714038849,0.8944197297096252,-0.22228163480758667,0.7183763384819031,0.4340340793132782,0.8686768412590027,-0.10927058756351471,0.1936146318912506,0.4387374520301819,0.8754779100418091,-0.21512579917907715,0.6991305947303772,0.4362465739250183,0.8527069091796875,-0.10848506540060043,0.19731536507606506,0.4426603615283966,0.8723316788673401,-0.20309694111347198,0.653160572052002,0.4353741705417633,0.8518780469894409,-0.10416033118963242,0.20913463830947876,0.4708307385444641,0.8348971605300903,-0.01174555066972971,0.9998997449874878,0.43135344982147217,0.8465791940689087,0.011647950857877731,0.9996930956840515,0.526145875453949,0.8053826093673706,-0.0836351215839386,0.88425612449646,0.3582952916622162,0.8551379442214966,-0.015345042571425438,0.8283003568649292,0.5764941573143005,0.8776653409004211,-0.13489125669002533,0.893588125705719,0.32354164123535156,0.9046072363853455,-0.029639532789587975,0.7747144103050232,0.5789439678192139,0.8942499160766602,-0.13796065747737885,0.8874493837356567,0.3301810920238495,0.9228940606117249,-0.02747037447988987,0.8531278967857361,0.607974112033844,0.8868504762649536,-0.16889086365699768,0.8457034826278687,0.2978076636791229,0.9173198342323303,-0.04220670461654663,0.7311106324195862
sujin_fall_normal_10,246,82,8.201053984575836,29.9961444544403,10,0.4167020916938782,0.8943458795547485,-0.33393630385398865,0.9751793146133423,0.4146944284439087,0.8893568515777588,-0.348938912153244,0.9887708425521851,0.4168470501899719,0.8868805766105652,-0.3489767909049988,0.9925342798233032,0.41894981265068054,0.8860282897949219,-0.34907838702201843,0.9859497547149658,0.40950456261634827,0.8932929039001465,-0.34431639313697815,0.9857266545295715,0.40764081478118896,0.8950377106666565,-0.34433382749557495,0.9880110025405884,0.40599358081817627,0.8971516489982605,-0.3444000780582428,0.9772810339927673,0.42166343331336975,0.8762950897216797,-0.33654165267944336,0.9930309653282166,0.40289583802223206,0.8986979722976685,-0.3150942623615265,0.9863722920417786,0.42249229550361633,0.8920445442199707,-0.31983038783073425,0.9866508841514587,0.41816622018814087,0.9044355154037476,-0.31383800506591797,0.9787948727607727,0.45362383127212524,0.8502657413482666,-0.24568621814250946,0.9978671669960022,0.4030459225177765,0.8933433890342712,-0.23676975071430206,0.9932569265365601,0.494179368019104,0.8528529405593872,-0.23067620396614075,0.7837674617767334,0.41070032119750977,0.911530077457428,-0.19203147292137146,0.279456228017807,0.46504244208335876,0.8793179392814636,-0.27066248655319214,0.7509545087814331,0.4624728858470917,0.9038040637969971,-0.19826951622962952,0.1837816685438156,0.4604278802871704,0.8912343978881836,-0.2911520004272461,0.716366708278656,0.47454503178596497,0.9087580442428589,-0.2122759073972702,0.20560956001281738,0.44942137598991394,0.8767375349998474,-0.2901707589626312,0.6973181962966919,0.47799044847488403,0.8928521871566772,-0.21608665585517883,0.20826469361782074,0.4515770673751831,0.8734589219093323,-0.26902979612350464,0.6511018872261047,0.4746115505695343,0.8913992643356323,-0.19804103672504425,0.2194255143404007,0.4577970802783966,0.8303490281105042,-0.00968281552195549,0.9998762011528015,0.41762325167655945,0.8479170799255371,0.009762137196958065,0.9995685815811157,0.5201402902603149,0.7907092571258545,-0.09505938738584518,0.880278468132019,0.3401375114917755,0.8804826140403748,-0.04218138009309769,0.822357714176178,0.574062705039978,0.8671389818191528,-0.13005498051643372,0.8945910930633545,0.3592327833175659,0.8984282612800598,-0.024326680228114128,0.7488535046577454,0.5771823525428772,0.8869912624359131,-0.13174130022525787,0.8883434534072876,0.3643558621406555,0.9071161150932312,-0.013888832181692123,0.83963942527771,0.6037480235099792,0.8668511509895325,-0.1805378496646881,0.8498581647872925,0.3497998118400574,0.8998734951019287,-0.030329935252666473,0.7137332558631897
sujin_fall_normal_10,249,83,8.301066838046273,29.9961444544403,10,0.41556182503700256,0.8999013304710388,-0.2055504322052002,0.9774233102798462,0.41467222571372986,0.8963986039161682,-0.2256755530834198,0.9898371696472168,0.41650813817977905,0.8952692151069641,-0.22569754719734192,0.9932504892349243,0.4180015027523041,0.8944295644760132,-0.2257673144340515,0.9872720241546631,0.4095277488231659,0.8989496827125549,-0.21842829883098602,0.9870631694793701,0.40808266401290894,0.8994279503822327,-0.21848708391189575,0.9891492128372192,0.4059607684612274,0.8971366286277771,-0.21858316659927368,0.9793813228607178,0.4317191243171692,0.9166686534881592,-0.24947606027126312,0.9937114715576172,0.4039812684059143,0.8989561200141907,-0.21834813058376312,0.9876812696456909,0.4219006597995758,0.8973785042762756,-0.20607510209083557,0.9879017472267151,0.4171566963195801,0.9037184119224548,-0.19719237089157104,0.980773389339447,0.46448829770088196,0.8803505301475525,-0.20581954717636108,0.9980272054672241,0.410226970911026,0.884585976600647,-0.18477289378643036,0.9936697483062744,0.49045827984809875,0.9015652537345886,-0.24354007840156555,0.7887725234031677,0.4177442491054535,0.8875589370727539,-0.1847645491361618,0.2707427740097046,0.4424211382865906,0.9133577942848206,-0.31422361731529236,0.7614999413490295,0.45622333884239197,0.8598887324333191,-0.23680852353572845,0.18152356147766113,0.43289676308631897,0.9291673302650452,-0.33681946992874146,0.7273698449134827,0.4721911549568176,0.8567423224449158,-0.2494414895772934,0.20704536139965057,0.4225257933139801,0.9077268838882446,-0.3277929723262787,0.7088504433631897,0.4765329360961914,0.8442267775535583,-0.2457166612148285,0.21009494364261627,0.4270905554294586,0.9035886526107788,-0.3101668357849121,0.6623826026916504,0.4683883488178253,0.8461952805519104,-0.23538728058338165,0.22199445962905884,0.47031643986701965,0.8331671953201294,-0.010146747343242168,0.9998845458030701,0.43084046244621277,0.8454318642616272,0.010209882631897926,0.9995880126953125,0.5235445499420166,0.8176746964454651,-0.08996569365262985,0.8823922276496887,0.36252865195274353,0.8744063377380371,-0.01510246004909277,0.822820246219635,0.5615420937538147,0.8953166604042053,-0.15929661691188812,0.8984951376914978,0.350108802318573,0.9015337824821472,-0.048244018107652664,0.7456678152084351,0.5630342364311218,0.9094445109367371,-0.16423316299915314,0.8925506472587585,0.35434040427207947,0.9103934168815613,-0.04840544983744621,0.8400126099586487,0.582021176815033,0.9063834547996521,-0.20156803727149963,0.8541858792304993,0.33771079778671265,0.9007159471511841,-0.06106019765138626,0.7077412605285645
sujin_fall_normal_10,252,84,8.40107969151671,29.9961444544403,10,0.41503211855888367,0.8969308733940125,-0.19947966933250427,0.9795706272125244,0.4140889048576355,0.8940905332565308,-0.21873730421066284,0.9908281564712524,0.4166910946369171,0.892302930355072,-0.21874384582042694,0.9939055442810059,0.4180324673652649,0.8913521766662598,-0.2188076674938202,0.988495409488678,0.4095155894756317,0.8958556056022644,-0.2092760056257248,0.9883251786231995,0.40731027722358704,0.893706738948822,-0.2092936635017395,0.990210235118866,0.4057779908180237,0.8936653733253479,-0.20938031375408173,0.9813952445983887,0.4303516149520874,0.8845775723457336,-0.2416638880968094,0.9943335056304932,0.41008248925209045,0.8966254591941833,-0.19959184527397156,0.9889048337936401,0.42111915349960327,0.8938218355178833,-0.2007262259721756,0.9890912175178528,0.41742515563964844,0.9082373976707458,-0.1884729117155075,0.9826791286468506,0.4708004295825958,0.8679676651954651,-0.19475813210010529,0.9981703758239746,0.4097693860530853,0.8678697943687439,-0.16296929121017456,0.9942720532417297,0.49683433771133423,0.8615285754203796,-0.24004071950912476,0.7942928671836853,0.40792396664619446,0.8648197650909424,-0.14678902924060822,0.27426570653915405,0.46216556429862976,0.8575178384780884,-0.29501664638519287,0.7494489550590515,0.4351223111152649,0.860605001449585,-0.21233130991458893,0.17690105736255646,0.4563373327255249,0.8679075241088867,-0.3168697655200958,0.7163563370704651,0.44325003027915955,0.8639134764671326,-0.2297891229391098,0.20325593650341034,0.4452213943004608,0.8478133082389832,-0.31091073155403137,0.6970874071121216,0.4470949172973633,0.8486522436141968,-0.23007000982761383,0.20679841935634613,0.44798824191093445,0.8455129861831665,-0.2923794984817505,0.6503910422325134,0.4459371566772461,0.8482087254524231,-0.21339315176010132,0.2183281034231186,0.4804106652736664,0.8274451494216919,-0.011631800793111324,0.9998922348022461,0.4362011253833771,0.8380208611488342,0.011653495952486992,0.9996213912963867,0.5333510637283325,0.8052184581756592,-0.06798610836267471,0.8859841823577881,0.360560804605484,0.8675316572189331,0.005910550709813833,0.8322055339813232,0.5631877779960632,0.8743724822998047,-0.11746479570865631,0.9007428288459778,0.322977215051651,0.902908444404602,-0.0580022856593132,0.7637292146682739,0.5654650330543518,0.8906300067901611,-0.11992653459310532,0.8985939621925354,0.32102257013320923,0.9103769063949585,-0.061373647302389145,0.8532390594482422,0.5861356854438782,0.8735657930374146,-0.13938109576702118,0.8535088300704956,0.2944495379924774,0.8989794254302979,-0.07224106788635254,0.7235793471336365
sujin_fall_normal_10,255,85,8.501092544987147,29.9961444544403,10,0.4150424599647522,0.9020275473594666,-0.23771414160728455,0.9815371036529541,0.4136570692062378,0.8942409157752991,-0.2542310655117035,0.9917186498641968,0.41666093468666077,0.8921816945075989,-0.254264771938324,0.9944985508918762,0.418008953332901,0.8911809325218201,-0.25432121753692627,0.9896119832992554,0.4092244803905487,0.896300733089447,-0.24465268850326538,0.989446759223938,0.4067508280277252,0.8957646489143372,-0.24463586509227753,0.9911540150642395,0.4055086672306061,0.8961418867111206,-0.24470368027687073,0.9831677079200745,0.4228975474834442,0.886073112487793,-0.2672734260559082,0.9948917627334595,0.4049665331840515,0.8963434100151062,-0.22510839998722076,0.9899795651435852,0.4215967357158661,0.8943103551864624,-0.23581303656101227,0.9901374578475952,0.4174210727214813,0.9020587801933289,-0.22342699766159058,0.9843395352363586,0.47150182723999023,0.8784907460212708,-0.22048066556453705,0.9983199834823608,0.41466376185417175,0.8693041801452637,-0.18380482494831085,0.99477618932724,0.48130112886428833,0.907696545124054,-0.24981564283370972,0.7997270226478577,0.4331526458263397,0.8662142157554626,-0.19033117592334747,0.28800153732299805,0.4369514286518097,0.9001139402389526,-0.29167917370796204,0.7432248592376709,0.48325949907302856,0.8629929423332214,-0.24847860634326935,0.17522791028022766,0.42703351378440857,0.9089599251747131,-0.3105420470237732,0.7112340927124023,0.49721160531044006,0.8662753105163574,-0.2620421051979065,0.20043689012527466,0.42085811495780945,0.8859489560127258,-0.30440446734428406,0.6899784803390503,0.49742457270622253,0.8500449657440186,-0.25892937183380127,0.2039748579263687,0.4251306354999542,0.8842455744743347,-0.28794530034065247,0.6422151923179626,0.49366262555122375,0.8498887419700623,-0.2474818080663681,0.2138502597808838,0.48633986711502075,0.8320822715759277,-0.01350746862590313,0.9998989701271057,0.44335803389549255,0.8431423902511597,0.013474460691213608,0.9996441602706909,0.5316222310066223,0.8178583383560181,-0.08956176787614822,0.8908038139343262,0.3694096803665161,0.8603310585021973,0.027902064844965935,0.8389177322387695,0.5863795876502991,0.8674414157867432,-0.15467716753482819,0.9042983651161194,0.34932318329811096,0.9081502556800842,-0.04774913564324379,0.7746509909629822,0.5910102725028992,0.881449818611145,-0.15840917825698853,0.9029215574264526,0.35247382521629333,0.9267964363098145,-0.053381454199552536,0.8627998232841492,0.6100384593009949,0.8594250679016113,-0.18166646361351013,0.8579149842262268,0.32477110624313354,0.8998105525970459,-0.05568721517920494,0.7352215647697449
sujin_fall_normal_10,258,86,8.601105398457584,29.9961444544403,10,0.41419717669487,0.8954105377197266,-0.20309115946292877,0.9832759499549866,0.41295236349105835,0.8892636895179749,-0.22070789337158203,0.9924911260604858,0.4143107533454895,0.8878340721130371,-0.22075557708740234,0.9950084090232849,0.41517555713653564,0.8868774771690369,-0.22081305086612701,0.9905450940132141,0.4086528718471527,0.8905003666877747,-0.2129664570093155,0.9904273748397827,0.40673011541366577,0.8912656307220459,-0.212952122092247,0.9919890761375427,0.40550482273101807,0.892463207244873,-0.21305887401103973,0.9847227334976196,0.41621971130371094,0.8848239183425903,-0.24067658185958862,0.995378851890564,0.4049927592277527,0.8938317894935608,-0.20691992342472076,0.9909390211105347,0.4199925661087036,0.8920013904571533,-0.2043517678976059,0.991074800491333,0.41798892617225647,0.9052428603172302,-0.1944616734981537,0.9858568906784058,0.45349010825157166,0.8808686137199402,-0.21741938591003418,0.9984763264656067,0.42461174726486206,0.8785387873649597,-0.16847676038742065,0.9952744245529175,0.4700605571269989,0.9035640954971313,-0.2644531726837158,0.8062648773193359,0.4502286911010742,0.8752391338348389,-0.19202063977718353,0.3223797678947449,0.4413323402404785,0.8874750137329102,-0.36944854259490967,0.7330917119979858,0.48058968782424927,0.8812777996063232,-0.2621322572231293,0.18291190266609192,0.4422159492969513,0.8922644853591919,-0.3974837064743042,0.7054634690284729,0.48971444368362427,0.8888073563575745,-0.2758249342441559,0.20843499898910522,0.4352351427078247,0.8760588765144348,-0.3859419524669647,0.6846222281455994,0.48887959122657776,0.8753584623336792,-0.27604836225509644,0.21182626485824585,0.43690815567970276,0.8767531514167786,-0.36579784750938416,0.6372339129447937,0.48734763264656067,0.8738789558410645,-0.2625616490840912,0.21976152062416077,0.4738916754722595,0.8383690118789673,-0.013856531120836735,0.9999077916145325,0.44115060567855835,0.846663236618042,0.013834403827786446,0.9996761083602905,0.5291820168495178,0.7993426322937012,-0.08546116203069687,0.8961860537528992,0.3635115921497345,0.8512751460075378,-0.030055075883865356,0.8503017425537109,0.5711743831634521,0.8752504587173462,-0.14746949076652527,0.9096353054046631,0.30708763003349304,0.9080175757408142,-0.1256476491689682,0.79459148645401,0.5757994055747986,0.8952832221984863,-0.15100456774234772,0.9099271893501282,0.29193180799484253,0.9174993634223938,-0.1319112628698349,0.875503659248352,0.5955812931060791,0.8693995475769043,-0.1767689734697342,0.8639906644821167,0.2688126266002655,0.8865805268287659,-0.15145014226436615,0.7568535804748535
sujin_fall_normal_10,261,87,8.70111825192802,29.9961444544403,10,0.41525086760520935,0.8978815674781799,-0.22598950564861298,0.9826982617378235,0.41652712225914,0.8922610282897949,-0.24597899615764618,0.992211639881134,0.41772761940956116,0.8909265995025635,-0.24605052173137665,0.9948928952217102,0.4188844859600067,0.8899693489074707,-0.24616055190563202,0.9903697371482849,0.4102845788002014,0.8917449116706848,-0.2397473305463791,0.9897089004516602,0.4087187945842743,0.8929061889648438,-0.23973426222801208,0.9915246367454529,0.4073590934276581,0.8945702910423279,-0.23984339833259583,0.9836212992668152,0.41895925998687744,0.8847367167472839,-0.26670655608177185,0.9953705668449402,0.4048806428909302,0.8957220315933228,-0.2395314872264862,0.9905830025672913,0.42050495743751526,0.8950610160827637,-0.22549110651016235,0.9910628199577332,0.41681286692619324,0.9011797308921814,-0.21779195964336395,0.9858428835868835,0.45551010966300964,0.8765661716461182,-0.22570234537124634,0.9984972476959229,0.4095121920108795,0.8741927146911621,-0.20052377879619598,0.9953389167785645,0.47365647554397583,0.9027937650680542,-0.2725328803062439,0.801274836063385,0.43637093901634216,0.88657546043396,-0.20917123556137085,0.31139084696769714,0.4415366053581238,0.9092437624931335,-0.3506174087524414,0.7291741371154785,0.48693832755088806,0.8929124474525452,-0.2563914358615875,0.17479346692562103,0.4349847435951233,0.9211023449897766,-0.3773359954357147,0.700286328792572,0.49618443846702576,0.8954958319664001,-0.27123793959617615,0.19938358664512634,0.4273417294025421,0.9021363258361816,-0.3668815791606903,0.6781849265098572,0.4995875954627991,0.884274423122406,-0.2714022696018219,0.20310145616531372,0.43048718571662903,0.8998557329177856,-0.3467111885547638,0.6294435262680054,0.4981996715068817,0.8780204057693481,-0.25626257061958313,0.21139222383499146,0.4667501449584961,0.8282431960105896,-0.012736126780509949,0.9999085664749146,0.42851522564888,0.8414862155914307,0.012751699425280094,0.9996704459190369,0.5173942446708679,0.796709418296814,-0.08527716994285583,0.8785642981529236,0.36495664715766907,0.8606141209602356,-0.023112475872039795,0.8324397802352905,0.576683759689331,0.8592925071716309,-0.13762186467647552,0.8998358845710754,0.3724084198474884,0.9144184589385986,-0.039635069668293,0.7638845443725586,0.5821807980537415,0.8728965520858765,-0.14077867567539215,0.8975737690925598,0.3757596015930176,0.9247156381607056,-0.03702908009290695,0.8560771942138672,0.600594699382782,0.8540425896644592,-0.17708268761634827,0.8510422110557556,0.3643459975719452,0.9178723096847534,-0.051143500953912735,0.7275974750518799
sujin_fall_normal_10,264,88,8.801131105398458,29.9961444544403,10,0.4160747528076172,0.9086865782737732,-0.21883368492126465,0.9816530346870422,0.41648781299591064,0.8983758687973022,-0.24008311331272125,0.9924148321151733,0.4176919162273407,0.8973310589790344,-0.24013812839984894,0.9951359629631042,0.42211008071899414,0.9035091996192932,-0.24023562669754028,0.990698516368866,0.4103069603443146,0.899969756603241,-0.2321038693189621,0.9897774457931519,0.40878692269325256,0.9003504514694214,-0.23215346038341522,0.991712212562561,0.4071003198623657,0.901672899723053,-0.2322799414396286,0.9833788275718689,0.4230667054653168,0.8915668725967407,-0.2565673887729645,0.9956830143928528,0.40491166710853577,0.8976005911827087,-0.22274377942085266,0.9906248450279236,0.4234129786491394,0.9067631959915161,-0.2154836654663086,0.9912309050559998,0.41714638471603394,0.9027972221374512,-0.20580345392227173,0.9857020378112793,0.47039541602134705,0.8763543963432312,-0.22185102105140686,0.9985495805740356,0.40821871161460876,0.8763328790664673,-0.18818840384483337,0.9951452612876892,0.48285070061683655,0.9063475728034973,-0.30700162053108215,0.7974197864532471,0.41237959265708923,0.8908648490905762,-0.2685788571834564,0.3010205626487732,0.44132861495018005,0.9065910577774048,-0.41242122650146484,0.742368221282959,0.450649231672287,0.8657820224761963,-0.4052291214466095,0.16901497542858124,0.43371638655662537,0.9190255403518677,-0.4415366053581238,0.7120810151100159,0.45919153094291687,0.8638647198677063,-0.42921358346939087,0.19369791448116302,0.42447108030319214,0.898003339767456,-0.4320152997970581,0.6900025010108948,0.4641069769859314,0.849484920501709,-0.4201764464378357,0.1970890611410141,0.4289213716983795,0.8959646821022034,-0.4083542227745056,0.6416116952896118,0.46345916390419006,0.8498811721801758,-0.4035895764827728,0.20615719258785248,0.4730847179889679,0.824924886226654,-0.011269557289779186,0.9999145269393921,0.429252028465271,0.8410548567771912,0.011311382986605167,0.9996823668479919,0.5188906192779541,0.8151593208312988,-0.1186087429523468,0.8637852668762207,0.3675543963909149,0.8635026216506958,-0.006536970380693674,0.8229801654815674,0.5620309114456177,0.8755379915237427,-0.24368570744991302,0.8925240635871887,0.3906540274620056,0.9029638767242432,-0.0837169885635376,0.7431566119194031,0.5652810335159302,0.8904659748077393,-0.25424954295158386,0.8951838612556458,0.3975133001804352,0.9095019698143005,-0.08812561631202698,0.8430595993995667,0.5798231363296509,0.8741855621337891,-0.30368873476982117,0.8429713249206543,0.3899075388908386,0.9104328751564026,-0.1050456315279007,0.7086142301559448
sujin_fall_normal_10,267,89,8.901143958868895,29.9961444544403,10,0.4175274968147278,0.8999530076980591,-0.23691391944885254,0.9824938774108887,0.41736650466918945,0.8956038951873779,-0.25498896837234497,0.9926455020904541,0.42063215374946594,0.8939121961593628,-0.25500577688217163,0.9953115582466125,0.422916054725647,0.8949637413024902,-0.2550748586654663,0.9907800555229187,0.4124757945537567,0.8975786566734314,-0.2495708018541336,0.990080714225769,0.40935876965522766,0.8987237811088562,-0.24960188567638397,0.9920210838317871,0.40769150853157043,0.8962680101394653,-0.24970312416553497,0.9836570024490356,0.4268464744091034,0.89057457447052,-0.26416856050491333,0.9959365129470825,0.4060609042644501,0.8959535956382751,-0.2418234795331955,0.9911301136016846,0.423685222864151,0.8987867832183838,-0.23098672926425934,0.991593062877655,0.41715651750564575,0.8992622494697571,-0.22484515607357025,0.9865270256996155,0.469481498003006,0.8768515586853027,-0.22095124423503876,0.9985506534576416,0.4062040150165558,0.8749368786811829,-0.18740418553352356,0.9953160881996155,0.48137998580932617,0.8895233869552612,-0.22337767481803894,0.810793936252594,0.39707133173942566,0.8605640530586243,-0.15853342413902283,0.3048567473888397,0.4412159025669098,0.8851537108421326,-0.24808412790298462,0.7530604004859924,0.4180622100830078,0.8453932404518127,-0.1813477724790573,0.16661860048770905,0.43380311131477356,0.8974926471710205,-0.2637464702129364,0.7208434343338013,0.4216979742050171,0.8485230207443237,-0.18776971101760864,0.1908193975687027,0.42370080947875977,0.8765112161636353,-0.25733011960983276,0.6986909508705139,0.4271741211414337,0.8347967267036438,-0.18620865046977997,0.19391633570194244,0.427570641040802,0.8733742833137512,-0.24316269159317017,0.6501010656356812,0.42803558707237244,0.8347223401069641,-0.17929387092590332,0.20452162623405457,0.47075778245925903,0.8273802995681763,-0.010184171609580517,0.999911367893219,0.42777833342552185,0.8368871212005615,0.010220129042863846,0.9996799826622009,0.5223677754402161,0.8061697483062744,-0.11555269360542297,0.8746691942214966,0.3506787419319153,0.8461809158325195,-0.03763050213456154,0.8355104923248291,0.5794433951377869,0.8751251101493835,-0.16611172258853912,0.9010363221168518,0.32076045870780945,0.903246283531189,-0.08989021182060242,0.7612032294273376,0.5843521356582642,0.892905592918396,-0.17048527300357819,0.9034278988838196,0.3210429549217224,0.92254638671875,-0.09253409504890442,0.8543844819068909,0.6058905124664307,0.8725574612617493,-0.21032075583934784,0.8537454009056091,0.29486754536628723,0.9030781984329224,-0.1189497858285904,0.7252617478370667
sujin_fall_normal_10,270,90,9.001156812339332,29.9961444544403,10,0.4176889657974243,0.900779664516449,-0.21748463809490204,0.9835606813430786,0.41718384623527527,0.894060492515564,-0.23321977257728577,0.9931519031524658,0.41940605640411377,0.8928344249725342,-0.2332765758037567,0.9956243634223938,0.4207543730735779,0.8926429748535156,-0.2333350032567978,0.9913973212242126,0.4116366505622864,0.8969529271125793,-0.22753725945949554,0.9906775951385498,0.4092072546482086,0.8979593515396118,-0.227534219622612,0.9924518465995789,0.4076639711856842,0.896308958530426,-0.2276400774717331,0.984518826007843,0.42412132024765015,0.8903638124465942,-0.24290844798088074,0.9962420463562012,0.40599822998046875,0.8959254622459412,-0.21964603662490845,0.9917086958885193,0.42351770401000977,0.8979090452194214,-0.2134270817041397,0.9921814799308777,0.417089581489563,0.8992670178413391,-0.20679040253162384,0.9873552322387695,0.4666856527328491,0.8809860348701477,-0.20351272821426392,0.9986310005187988,0.41572460532188416,0.880289614200592,-0.1787499487400055,0.995394766330719,0.47618749737739563,0.9022879600524902,-0.23746179044246674,0.8245741724967957,0.42546096444129944,0.8771830201148987,-0.20397639274597168,0.325101375579834,0.43682897090911865,0.891533613204956,-0.330044150352478,0.7709918022155762,0.4525594413280487,0.8739989995956421,-0.28622275590896606,0.17562983930110931,0.42794016003608704,0.8999584913253784,-0.35636526346206665,0.7393141984939575,0.4593800902366638,0.8788809180259705,-0.302775114774704,0.19809897243976593,0.4200263023376465,0.8789460062980652,-0.3417482078075409,0.7182894945144653,0.461875319480896,0.8644425868988037,-0.2995849847793579,0.20160235464572906,0.42355960607528687,0.8791689872741699,-0.3239097595214844,0.6712630987167358,0.4610667824745178,0.8649083971977234,-0.2859073579311371,0.2135370373725891,0.47250762581825256,0.821064293384552,-0.009224707260727882,0.9999114274978638,0.4339653253555298,0.8324382901191711,0.009204162284731865,0.9996815919876099,0.5261020660400391,0.7982223629951477,-0.0675896629691124,0.870201826095581,0.3693806827068329,0.8460702300071716,-0.024319160729646683,0.8267070651054382,0.5885573029518127,0.8641564249992371,-0.10440254211425781,0.9031820297241211,0.37966543436050415,0.8979102373123169,-0.02203493006527424,0.7549204230308533,0.5947401523590088,0.8829640746116638,-0.10583078861236572,0.9060611724853516,0.3848518431186676,0.9099137187004089,-0.018796496093273163,0.8536378145217896,0.6175354719161987,0.8632441759109497,-0.14112655818462372,0.8545020222663879,0.37010347843170166,0.9044984579086304,-0.03523128107190132,0.7147844433784485
sujin_fall_normal_10,273,91,9.101169665809769,29.9961444544403,10,0.4177192151546478,0.8931952714920044,-0.21152648329734802,0.9848039746284485,0.4171106517314911,0.888201117515564,-0.2293323129415512,0.9937252402305603,0.41950884461402893,0.8858846426010132,-0.2293930947780609,0.995997428894043,0.4208289682865143,0.8843903541564941,-0.2294778823852539,0.9921056628227234,0.411649614572525,0.892447829246521,-0.22344568371772766,0.9913568496704102,0.40900275111198425,0.8942305445671082,-0.22344093024730682,0.9930070042610168,0.40739983320236206,0.8946568369865417,-0.2235165536403656,0.9854899048805237,0.4238482713699341,0.8739596009254456,-0.2447272688150406,0.9965922236442566,0.40442317724227905,0.8939642310142517,-0.21828769147396088,0.9923850893974304,0.42365363240242004,0.8904722929000854,-0.20872221887111664,0.9929077625274658,0.41759535670280457,0.8949901461601257,-0.20121999084949493,0.9884877800941467,0.46647271513938904,0.8724126219749451,-0.20492853224277496,0.9987632632255554,0.40529391169548035,0.8750282526016235,-0.1740400493144989,0.9957945942878723,0.49319228529930115,0.9057909846305847,-0.3071313500404358,0.8375701904296875,0.409008651971817,0.8788197040557861,-0.23620779812335968,0.32518666982650757,0.4477582275867462,0.9094407558441162,-0.43870994448661804,0.7864004373550415,0.43632107973098755,0.8734593987464905,-0.37799152731895447,0.1816357523202896,0.4467345178127289,0.9356958270072937,-0.4724069833755493,0.7550691962242126,0.44182831048965454,0.8775219917297363,-0.4033864736557007,0.20752103626728058,0.43424320220947266,0.9178099632263184,-0.4565381407737732,0.734576940536499,0.4468882381916046,0.8632537126541138,-0.4026384949684143,0.21068088710308075,0.43680083751678467,0.9163917899131775,-0.4330287277698517,0.6877020597457886,0.4462074935436249,0.8631410002708435,-0.3798990547657013,0.2224934995174408,0.4708152711391449,0.8284180164337158,-0.010730390436947346,0.9999191761016846,0.42813557386398315,0.8388840556144714,0.010815649293363094,0.9997067451477051,0.5261222124099731,0.7986430525779724,-0.11718390136957169,0.8798683881759644,0.35840341448783875,0.8600411415100098,-0.05617046356201172,0.8346542119979858,0.6116456389427185,0.8773209452629089,-0.2135588526725769,0.9115321040153503,0.33101028203964233,0.9123871326446533,-0.09584752470254898,0.7651136517524719,0.6197187900543213,0.8998932242393494,-0.22250168025493622,0.9129037857055664,0.3311668038368225,0.9323098063468933,-0.09694996476173401,0.8613007664680481,0.6376350522041321,0.8654525876045227,-0.28042930364608765,0.8664336800575256,0.31037554144859314,0.9039843678474426,-0.127721905708313,0.7271615862846375
sujin_fall_normal_10,276,92,9.201182519280206,29.9961444544403,10,0.4170166254043579,0.8937056660652161,-0.19533319771289825,0.9835435152053833,0.41485267877578735,0.8846578001976013,-0.2160605490207672,0.9937495589256287,0.41602376103401184,0.882321298122406,-0.21612761914730072,0.9959811568260193,0.41784802079200745,0.880191445350647,-0.21620066463947296,0.9920728206634521,0.410627156496048,0.8905986547470093,-0.20761294662952423,0.9910576939582825,0.40867194533348083,0.8925612568855286,-0.2075771987438202,0.9927290081977844,0.406844824552536,0.8940813541412354,-0.20765313506126404,0.9846513867378235,0.41946640610694885,0.8701630234718323,-0.24552835524082184,0.9966734051704407,0.40402624011039734,0.8939679265022278,-0.20835059881210327,0.9919578433036804,0.42297977209091187,0.8899443745613098,-0.19928781688213348,0.9931961894035339,0.4177396893501282,0.8951587677001953,-0.1880635768175125,0.9883866906166077,0.46509090065956116,0.8519122004508972,-0.21607284247875214,0.9988632202148438,0.4123828709125519,0.8740280270576477,-0.17467273771762848,0.9956448078155518,0.4945324957370758,0.8633853793144226,-0.3195643424987793,0.8466891646385193,0.43575915694236755,0.8911083936691284,-0.2557072341442108,0.30578216910362244,0.4705768823623657,0.8985903263092041,-0.4462340474128723,0.7999646663665771,0.45820996165275574,0.9086039662361145,-0.3948434889316559,0.17546077072620392,0.4659018814563751,0.9049786329269409,-0.48124414682388306,0.7709665894508362,0.4597950875759125,0.9189508557319641,-0.4214172959327698,0.2039703130722046,0.45239371061325073,0.8945465087890625,-0.4709012806415558,0.7524107694625854,0.4660503566265106,0.9076023697853088,-0.4196414649486542,0.206742525100708,0.4540291428565979,0.8929048180580139,-0.44349756836891174,0.7066564559936523,0.4677538275718689,0.9038780927658081,-0.39709678292274475,0.21922343969345093,0.4766046702861786,0.8286885023117065,-0.011380106210708618,0.9999242424964905,0.43822088837623596,0.8430466055870056,0.011418553069233894,0.9997180700302124,0.5442509055137634,0.8277532458305359,-0.05512691289186478,0.8773825764656067,0.36848050355911255,0.8648398518562317,-0.004169287160038948,0.8195950388908386,0.6034126877784729,0.8694943189620972,-0.08501888066530228,0.9123165011405945,0.37604913115501404,0.8967695832252502,-0.00870743952691555,0.744545042514801,0.6142698526382446,0.8804515600204468,-0.08524005860090256,0.9122729897499084,0.3809254467487335,0.9052700400352478,-0.0055299485102295876,0.8527534008026123,0.6289538741111755,0.8635263442993164,-0.10682586580514908,0.8652588129043579,0.3632580637931824,0.8979786038398743,-0.0016484527150169015,0.7062379717826843
sujin_fall_normal_10,279,93,9.301195372750643,29.9961444544403,10,0.4198307991027832,0.8935694694519043,-0.12140484154224396,0.9851282238960266,0.41550320386886597,0.8861496448516846,-0.13984093070030212,0.9943444132804871,0.4160768687725067,0.8846281170845032,-0.13989309966564178,0.9963622093200684,0.41793331503868103,0.8833820223808289,-0.13990823924541473,0.9928109645843506,0.4109979271888733,0.891251266002655,-0.13131803274154663,0.9919008612632751,0.40978047251701355,0.89283686876297,-0.13127507269382477,0.9934199452400208,0.40878811478614807,0.8943668603897095,-0.1313517540693283,0.9860999584197998,0.42876750230789185,0.8912922143936157,-0.17537173628807068,0.9969925880432129,0.4087156355381012,0.893714189529419,-0.13588587939739227,0.992735743522644,0.42538803815841675,0.88992840051651,-0.12866082787513733,0.9938607811927795,0.4232090413570404,0.894598126411438,-0.117071233689785,0.9895164966583252,0.46907761693000793,0.8484048843383789,-0.15725116431713104,0.9989731907844543,0.4259584844112396,0.8645437359809875,-0.12255974858999252,0.9960618615150452,0.49138861894607544,0.8587722182273865,-0.2255818247795105,0.8575904965400696,0.45112213492393494,0.8757515549659729,-0.16753393411636353,0.32311856746673584,0.478794127702713,0.889383852481842,-0.32732683420181274,0.8093124628067017,0.45843467116355896,0.9116272926330566,-0.2781081199645996,0.1995381861925125,0.478877991437912,0.9065201282501221,-0.35495784878730774,0.782906711101532,0.45872238278388977,0.9268814325332642,-0.2990507185459137,0.23296228051185608,0.46960681676864624,0.8960167765617371,-0.3515951335430145,0.7658436298370361,0.4641317129135132,0.9169168472290039,-0.3002569377422333,0.23492635786533356,0.4689922332763672,0.893385112285614,-0.3273950517177582,0.7219402194023132,0.4657894968986511,0.9116346836090088,-0.2807423770427704,0.248474583029747,0.48634305596351624,0.828262984752655,-0.011757698841392994,0.9999305009841919,0.44988134503364563,0.8395005464553833,0.011742171831429005,0.9997407793998718,0.5493097305297852,0.8296492695808411,-0.03600309416651726,0.885116457939148,0.3892573118209839,0.8647489547729492,0.01726851426064968,0.8301196694374084,0.616061270236969,0.8549569845199585,-0.0836736261844635,0.9196569919586182,0.3679841458797455,0.9049984812736511,-0.018374936655163765,0.7634410262107849,0.627733051776886,0.8709492087364197,-0.08739133179187775,0.9192467927932739,0.3708709478378296,0.9176238179206848,-0.0199962817132473,0.86417555809021,0.6441707015037537,0.8533583879470825,-0.10609298199415207,0.8755347728729248,0.355254590511322,0.9114177823066711,-0.022578736767172813,0.7247670292854309
sujin_fall_normal_10,282,94,9.40120822622108,29.9961444544403,10,0.4225451350212097,0.8735523819923401,-0.2111571729183197,0.9866076111793518,0.41843822598457336,0.859050452709198,-0.22147098183631897,0.994906485080719,0.4191940128803253,0.8562071919441223,-0.22151069343090057,0.9967238903045654,0.42049187421798706,0.8538693189620972,-0.22154191136360168,0.9935245513916016,0.4138098657131195,0.8694682121276855,-0.21395425498485565,0.9927051663398743,0.4122261703014374,0.8734104037284851,-0.21390096843242645,0.9940741658210754,0.4099545478820801,0.8780581951141357,-0.2139154076576233,0.9874804615974426,0.4274612367153168,0.8443343639373779,-0.21201692521572113,0.9972919821739197,0.40834841132164,0.8841719627380371,-0.17558208107948303,0.9934602975845337,0.4280300438404083,0.8695777058601379,-0.20498044788837433,0.9944720268249512,0.42448440194129944,0.8818953037261963,-0.19447125494480133,0.9905607104301453,0.46608784794807434,0.8150267004966736,-0.1745244413614273,0.999075174331665,0.422869473695755,0.862625241279602,-0.14043237268924713,0.9964509606361389,0.4985290765762329,0.8621230125427246,-0.20907092094421387,0.8702636361122131,0.4461103081703186,0.8876906037330627,-0.11298798024654388,0.34568145871162415,0.47799983620643616,0.8961420059204102,-0.2748507559299469,0.8208504319190979,0.4702979624271393,0.9192126989364624,-0.13257724046707153,0.20884892344474792,0.47667187452316284,0.9185574054718018,-0.29646092653274536,0.7932394742965698,0.4771423637866974,0.9304550290107727,-0.13860483467578888,0.2376357465982437,0.4648134410381317,0.9094025492668152,-0.28727319836616516,0.7769940495491028,0.4767366647720337,0.9194954037666321,-0.14045804738998413,0.24040018022060394,0.46504324674606323,0.9062990546226501,-0.2713654935359955,0.7349134087562561,0.47672250866889954,0.9152411818504333,-0.13192647695541382,0.25267189741134644,0.49241673946380615,0.8218029737472534,-0.013654126785695553,0.999934732913971,0.4502563774585724,0.8391540050506592,0.013696391135454178,0.9997543096542358,0.5505138635635376,0.8281760215759277,-0.07014080882072449,0.8945871591567993,0.38466936349868774,0.865692138671875,-0.03111899271607399,0.8413663506507874,0.628355860710144,0.8559356927871704,-0.14319376647472382,0.9266064167022705,0.3324076235294342,0.9088910818099976,-0.08826757222414017,0.7812580466270447,0.6388290524482727,0.8705741167068481,-0.14870639145374298,0.9255448579788208,0.3254345655441284,0.9188389778137207,-0.09122443944215775,0.8748247027397156,0.6584736108779907,0.8440367579460144,-0.17345018684864044,0.8861639499664307,0.31090930104255676,0.9151814579963684,-0.10397575795650482,0.7464675307273865
sujin_fall_normal_10,285,95,9.501221079691517,29.9961444544403,10,0.43276432156562805,0.8514463901519775,-0.186337411403656,0.9879114031791687,0.4289647936820984,0.8360137939453125,-0.1994476467370987,0.9953940510749817,0.4300658404827118,0.8311687707901001,-0.19950833916664124,0.9970378279685974,0.43108588457107544,0.8274928331375122,-0.19958898425102234,0.9941428899765015,0.423613578081131,0.8538990616798401,-0.19746048748493195,0.9933943152427673,0.4216015934944153,0.8593311309814453,-0.19743281602859497,0.9946368932723999,0.4189666509628296,0.8648322820663452,-0.19745635986328125,0.9886573553085327,0.4308358132839203,0.8190709948539734,-0.1985769420862198,0.9975526928901672,0.4144272804260254,0.8632553815841675,-0.18085218966007233,0.9940901398658752,0.437393456697464,0.8469741344451904,-0.17716678977012634,0.9950129389762878,0.43369725346565247,0.8619979619979858,-0.17395563423633575,0.9914813041687012,0.46170780062675476,0.7949888706207275,-0.16470789909362793,0.9991671442985535,0.4171105921268463,0.8472816348075867,-0.14224447309970856,0.9968022108078003,0.49725255370140076,0.8576162457466125,-0.2226134091615677,0.8814747333526611,0.4446052312850952,0.8874143958091736,-0.14970724284648895,0.384693443775177,0.4773983061313629,0.9078525304794312,-0.31304290890693665,0.8223094344139099,0.4863499104976654,0.8971723318099976,-0.2148110270500183,0.21833652257919312,0.47136566042900085,0.9183968305587769,-0.3385814428329468,0.7901039123535156,0.500262439250946,0.9088250398635864,-0.22934412956237793,0.2421354055404663,0.45747262239456177,0.9125038981437683,-0.32960593700408936,0.7740218639373779,0.49827998876571655,0.8908066153526306,-0.22963503003120422,0.24402295053005219,0.45851755142211914,0.911496639251709,-0.3098087012767792,0.7295089364051819,0.4971160292625427,0.8896483778953552,-0.21535441279411316,0.2521001100540161,0.48169761896133423,0.827677845954895,-0.011259633116424084,0.9999407529830933,0.44091227650642395,0.853335440158844,0.011439243331551552,0.9997740983963013,0.5437387824058533,0.805584192276001,-0.16141217947006226,0.9007149934768677,0.3700871169567108,0.8864110112190247,-0.0990133285522461,0.846189558506012,0.6472604870796204,0.8509703278541565,-0.3012487292289734,0.9317663311958313,0.34067073464393616,0.9284169673919678,-0.17008255422115326,0.7831023335456848,0.6610482931137085,0.8717128038406372,-0.3140484690666199,0.9306248426437378,0.34365037083625793,0.94994056224823,-0.17360666394233704,0.878680408000946,0.67699134349823,0.8172691464424133,-0.3775157332420349,0.8949899673461914,0.3189687728881836,0.9147322177886963,-0.21311846375465393,0.7578256130218506
sujin_fall_normal_10,288,96,9.601233933161954,29.9961444544403,10,0.4429864287376404,0.8277356624603271,-0.14772246778011322,0.9890095591545105,0.44063055515289307,0.8222009539604187,-0.16493777930736542,0.9957926869392395,0.4412792921066284,0.8202568292617798,-0.16499903798103333,0.997301459312439,0.4432946443557739,0.8174558877944946,-0.16504080593585968,0.9946512579917908,0.43814951181411743,0.8287078738212585,-0.15883560478687286,0.9939128160476685,0.4359223246574402,0.8330564498901367,-0.15884700417518616,0.9950831532478333,0.4346795678138733,0.836788535118103,-0.15894582867622375,0.9895622134208679,0.4446776211261749,0.8082801699638367,-0.1883702278137207,0.997774600982666,0.43660029768943787,0.8361487984657288,-0.16093508899211884,0.9946273565292358,0.44755661487579346,0.8249651789665222,-0.14962618052959442,0.9954745173454285,0.44412174820899963,0.833452045917511,-0.1418125033378601,0.992257833480835,0.4721136689186096,0.7856455445289612,-0.1679966151714325,0.9992499351501465,0.43540045619010925,0.8274840712547302,-0.12661629915237427,0.9971146583557129,0.4963267147541046,0.8493377566337585,-0.22569653391838074,0.891609251499176,0.45971739292144775,0.8728170990943909,-0.1284099519252777,0.39414167404174805,0.47649815678596497,0.9075323939323425,-0.3134261667728424,0.8319519758224487,0.4792853891849518,0.8967522382736206,-0.18478329479694366,0.21278926730155945,0.45949095487594604,0.916085422039032,-0.33860814571380615,0.7997942566871643,0.49162623286247253,0.9084387421607971,-0.1965305507183075,0.23727469146251678,0.4539338946342468,0.9114089608192444,-0.32936760783195496,0.7848232984542847,0.4914013147354126,0.8939629197120667,-0.2045663446187973,0.23909369111061096,0.45398813486099243,0.9101470112800598,-0.30948111414909363,0.7405973076820374,0.49475374817848206,0.8901061415672302,-0.18823988735675812,0.2475643754005432,0.49543052911758423,0.8206035494804382,-0.006470536347478628,0.9999457597732544,0.45793184638023376,0.8502464294433594,0.006767539773136377,0.9997915029525757,0.5477052927017212,0.8066852688789368,-0.10012523829936981,0.9032671451568604,0.4183198809623718,0.8957825899124146,-0.09007889777421951,0.855699896812439,0.6400287747383118,0.8627128005027771,-0.23042351007461548,0.934606671333313,0.39080777764320374,0.9097431302070618,-0.17707176506519318,0.7883949279785156,0.651341438293457,0.8849474191665649,-0.2343025803565979,0.9337044954299927,0.388420432806015,0.9230059385299683,-0.18296705186367035,0.8811665773391724,0.6690957546234131,0.8309447765350342,-0.2866400182247162,0.9008552432060242,0.3779143989086151,0.8903211951255798,-0.20574599504470825,0.7715479135513306
sujin_fall_normal_10,291,97,9.70124678663239,29.9961444544403,10,0.45832082629203796,0.8204407095909119,-0.18954584002494812,0.9900884628295898,0.45720434188842773,0.8028561472892761,-0.19483612477779388,0.9961836338043213,0.45818087458610535,0.8011149764060974,-0.19486084580421448,0.9975529313087463,0.4591953158378601,0.7999451756477356,-0.19483453035354614,0.9951452612876892,0.45210397243499756,0.8105683922767639,-0.19447287917137146,0.9944828152656555,0.44882309436798096,0.8149991631507874,-0.19445954263210297,0.9955489039421082,0.4470585584640503,0.8176296949386597,-0.1945537030696869,0.9905375242233276,0.4576259255409241,0.7885419726371765,-0.1829589456319809,0.997978925704956,0.4397159814834595,0.8171819448471069,-0.1632312834262848,0.995144248008728,0.4629910886287689,0.8109352588653564,-0.17462097108364105,0.9959105253219604,0.45804083347320557,0.8236841559410095,-0.17453813552856445,0.9930130839347839,0.47889506816864014,0.7734005451202393,-0.1545920968055725,0.9993247985839844,0.4378572702407837,0.8281465768814087,-0.1237281933426857,0.9974024891853333,0.5017899870872498,0.8510482907295227,-0.20066019892692566,0.9015470743179321,0.4557115137577057,0.8784108757972717,-0.14612407982349396,0.44274741411209106,0.4659799337387085,0.9062063097953796,-0.2924836277961731,0.8363122344017029,0.4815026521682739,0.8906899690628052,-0.21984273195266724,0.2361764758825302,0.4517310559749603,0.9156380891799927,-0.31462618708610535,0.8033123016357422,0.4913182258605957,0.8978317975997925,-0.23499223589897156,0.25325334072113037,0.4514991343021393,0.9112474322319031,-0.3021722733974457,0.7890074849128723,0.4900436997413635,0.8854488730430603,-0.23177984356880188,0.25351032614707947,0.4526311457157135,0.9081084132194519,-0.2867262661457062,0.7429160475730896,0.48892420530319214,0.8794956803321838,-0.21790386736392975,0.2568565309047699,0.49676570296287537,0.8244545459747314,-0.001536272931843996,0.9999509453773499,0.4558515250682831,0.8515439033508301,0.0018123321933671832,0.9998111128807068,0.5534770488739014,0.8257341384887695,-0.15659435093402863,0.9094995260238647,0.3915276825428009,0.8843938112258911,-0.07781447470188141,0.8649410009384155,0.6387475728988647,0.8558382391929626,-0.3024636507034302,0.939404308795929,0.3203829526901245,0.9099228382110596,-0.1519569456577301,0.7984205484390259,0.6514737606048584,0.8796931505203247,-0.3134846091270447,0.9393458962440491,0.31856921315193176,0.92220139503479,-0.1556961089372635,0.8900699615478516,0.6657232642173767,0.8102672100067139,-0.3536780774593353,0.9095619320869446,0.2892426550388336,0.8907764554023743,-0.17278343439102173,0.7879193425178528
sujin_fall_normal_10,294,98,9.801259640102828,29.9961444544403,10,0.4701867699623108,0.786640465259552,-0.21727952361106873,0.9910323619842529,0.4690219759941101,0.7745276093482971,-0.22556892037391663,0.9965334534645081,0.46978309750556946,0.7722954750061035,-0.2255668342113495,0.9977743029594421,0.4704696536064148,0.7701038718223572,-0.22556643187999725,0.9955877661705017,0.46484076976776123,0.7828452587127686,-0.22244419157505035,0.9949820041656494,0.46323317289352417,0.7855758666992188,-0.2224687933921814,0.9959491491317749,0.46060699224472046,0.7893177270889282,-0.22256503999233246,0.9913840889930725,0.4692777395248413,0.7660383582115173,-0.217890202999115,0.9981527328491211,0.455773264169693,0.7919629812240601,-0.20232054591178894,0.9955660700798035,0.4755397439002991,0.784788191318512,-0.20875735580921173,0.9962937235832214,0.47050464153289795,0.7954246997833252,-0.20471978187561035,0.9936718344688416,0.48927152156829834,0.7604659795761108,-0.19677990674972534,0.9993911981582642,0.45638376474380493,0.8097783923149109,-0.1371748298406601,0.9976463317871094,0.500993549823761,0.8467142581939697,-0.2097669392824173,0.91022127866745,0.46897459030151367,0.8825231194496155,-0.168863907456398,0.4452573359012604,0.46546584367752075,0.9090210795402527,-0.25623801350593567,0.8470560312271118,0.4835844933986664,0.889387845993042,-0.2539404034614563,0.24292461574077606,0.45793765783309937,0.9227285385131836,-0.27885037660598755,0.815571665763855,0.48889464139938354,0.8935596942901611,-0.27173736691474915,0.2628729045391083,0.44729289412498474,0.9107044339179993,-0.2727552354335785,0.8035531044006348,0.4907130300998688,0.8780174851417542,-0.2717742621898651,0.2641291916370392,0.4521542489528656,0.907856822013855,-0.2528912425041199,0.759606122970581,0.48855775594711304,0.8720504641532898,-0.25511711835861206,0.26561686396598816,0.5107044577598572,0.8327736258506775,-0.011464683338999748,0.999948263168335,0.47390684485435486,0.8509840965270996,0.011668222956359386,0.9998023509979248,0.5721436142921448,0.8292765617370605,-0.04864884167909622,0.915960431098938,0.3917548358440399,0.873418927192688,0.025774599984288216,0.8723956942558289,0.6426854729652405,0.8541540503501892,-0.0745207816362381,0.9449212551116943,0.32986176013946533,0.9099648594856262,0.011566996574401855,0.8114811182022095,0.6518814563751221,0.8686449527740479,-0.0739874616265297,0.9443360567092896,0.3320974111557007,0.9224284887313843,0.013090726919472218,0.8946650624275208,0.6688088774681091,0.815976619720459,-0.09382589906454086,0.9179684519767761,0.30646225810050964,0.9048094153404236,0.016140315681695938,0.8024601936340332
sujin_fall_normal_10,297,99,9.901272493573265,29.9961444544403,10,0.47948604822158813,0.7796697616577148,-0.14869321882724762,0.9919016361236572,0.477978378534317,0.7666093707084656,-0.1564607322216034,0.9968529343605042,0.47867661714553833,0.7644168138504028,-0.15647141635417938,0.9979830980300903,0.47912663221359253,0.762279748916626,-0.1564735621213913,0.9960041642189026,0.4751848578453064,0.7717448472976685,-0.14543241262435913,0.9954254627227783,0.47410961985588074,0.7729762196540833,-0.14551953971385956,0.9963088035583496,0.4728613495826721,0.7741028070449829,-0.1456182301044464,0.9921277761459351,0.4809442460536957,0.752371609210968,-0.16922540962696075,0.9983131885528564,0.47202131152153015,0.7661557197570801,-0.1212889701128006,0.9959186911582947,0.4858493208885193,0.7765881419181824,-0.15132708847522736,0.9966422915458679,0.48214665055274963,0.7831719517707825,-0.13748757541179657,0.9942650198936462,0.5214897990226746,0.7621079087257385,-0.17734915018081665,0.9994508624076843,0.48206034302711487,0.7736606597900391,-0.09605076909065247,0.997865617275238,0.5046058893203735,0.852751612663269,-0.22870184481143951,0.9176385998725891,0.47216880321502686,0.8445379137992859,-0.142991840839386,0.4399188458919525,0.46413421630859375,0.9187392592430115,-0.25414958596229553,0.8589601516723633,0.46712878346443176,0.8736228942871094,-0.2105419635772705,0.23942334949970245,0.4545605778694153,0.9228278398513794,-0.27226969599723816,0.8294618129730225,0.46619942784309387,0.8776006102561951,-0.22182288765907288,0.26008981466293335,0.4486910104751587,0.9122958183288574,-0.2651195526123047,0.8189398646354675,0.4648801386356354,0.8725284934043884,-0.2275019735097885,0.26205915212631226,0.45342209935188293,0.9105486273765564,-0.2497529536485672,0.776946485042572,0.46606674790382385,0.8715897798538208,-0.21498514711856842,0.2638601064682007,0.5496188998222351,0.836577296257019,-0.005707989912480116,0.999950110912323,0.5172839164733887,0.857723593711853,0.005990742705762386,0.9998012185096741,0.5909444689750671,0.8431409001350403,-0.21032704412937164,0.9205795526504517,0.4966125190258026,0.8620830178260803,-0.07410580664873123,0.8730376362800598,0.652830183506012,0.8933165669441223,-0.41262584924697876,0.9475057721138,0.48933663964271545,0.8835502862930298,-0.14824342727661133,0.813505232334137,0.6645699143409729,0.9170581102371216,-0.433700293302536,0.9473274350166321,0.4905967712402344,0.8959383964538574,-0.15576967597007751,0.8958945274353027,0.6677220463752747,0.863707423210144,-0.5118013620376587,0.9245945811271667,0.48446547985076904,0.8600992560386658,-0.20134226977825165,0.8116774559020996
sujin_fall_normal_10,300,100,10.001285347043702,29.9961444544403,10,0.4952980875968933,0.754833996295929,-0.292178213596344,0.9921521544456482,0.49534422159194946,0.739158034324646,-0.2962905168533325,0.9967132806777954,0.49713268876075745,0.7364247441291809,-0.29630687832832336,0.9978504180908203,0.49881553649902344,0.733494758605957,-0.29639381170272827,0.9960233569145203,0.48762351274490356,0.747787594795227,-0.29056528210639954,0.9950172305107117,0.4843457341194153,0.7502664923667908,-0.2906304895877838,0.995688796043396,0.48170536756515503,0.7520546913146973,-0.29065409302711487,0.9916398525238037,0.49854788184165955,0.7279345393180847,-0.2572652995586395,0.9980588555335999,0.4783770442008972,0.7500344514846802,-0.23222294449806213,0.9949873685836792,0.501437246799469,0.7587494254112244,-0.27220281958580017,0.9967026710510254,0.4930149018764496,0.7674957513809204,-0.2654016613960266,0.9944879412651062,0.5217920541763306,0.7478173971176147,-0.21976549923419952,0.9994876384735107,0.4790949821472168,0.772037923336029,-0.16250596940517426,0.997987687587738,0.5042895078659058,0.8497797250747681,-0.25981655716896057,0.9245715141296387,0.4803929924964905,0.8418297171592712,-0.1810484677553177,0.41602757573127747,0.46495479345321655,0.9170608520507812,-0.2814895212650299,0.871397852897644,0.47994524240493774,0.8731295466423035,-0.2551526725292206,0.24663086235523224,0.45466718077659607,0.9218917489051819,-0.29972296953201294,0.8436256051063538,0.4759926497936249,0.8799786567687988,-0.2703419625759125,0.2702699303627014,0.44881898164749146,0.9120648503303528,-0.29602181911468506,0.834361732006073,0.4763719141483307,0.873374342918396,-0.27530205249786377,0.2753050625324249,0.4533824622631073,0.9104567170143127,-0.2785545587539673,0.7945770025253296,0.4806152582168579,0.8723297715187073,-0.2590075731277466,0.27606359124183655,0.5541497468948364,0.8194092512130737,0.008028920739889145,0.999923825263977,0.525971531867981,0.853339672088623,-0.008103564381599426,0.999789297580719,0.6088728308677673,0.8300923705101013,-0.05899603292346001,0.917870283126831,0.5534752607345581,0.863179624080658,-0.17519019544124603,0.8738178014755249,0.6392134428024292,0.8899945616722107,0.02420061081647873,0.9406245350837708,0.6048368811607361,0.8796004056930542,-0.08706250786781311,0.8003498315811157,0.6386749744415283,0.9058670997619629,0.03232930600643158,0.9191511869430542,0.6065618991851807,0.8787270188331604,-0.07401586323976517,0.8543714284896851,0.6576840877532959,0.9090233445167542,-0.016627315431833267,0.9172559976577759,0.6402510404586792,0.8619335889816284,-0.12176953256130219,0.8024916052818298
sujin_fall_normal_10,303,101,10.10129820051414,29.9961444544403,10,0.5055655241012573,0.7326349020004272,-0.2913665771484375,0.9923585057258606,0.5069888234138489,0.7187125086784363,-0.29708459973335266,0.9962822198867798,0.5088858008384705,0.7164554595947266,-0.2970978319644928,0.9975493550300598,0.5108978152275085,0.7137321829795837,-0.2971512973308563,0.9957461953163147,0.49984267354011536,0.7243893146514893,-0.28937679529190063,0.9943050146102905,0.4968791604042053,0.7261039614677429,-0.28943881392478943,0.9947892427444458,0.49409347772598267,0.7272694110870361,-0.28947287797927856,0.9905876517295837,0.5115262866020203,0.7074601054191589,-0.2596420645713806,0.9974012970924377,0.48885875940322876,0.7253679633140564,-0.2257201373577118,0.9939573407173157,0.5110469460487366,0.7388730645179749,-0.27127256989479065,0.9967712163925171,0.5018972158432007,0.7445895671844482,-0.26166239380836487,0.9947757720947266,0.5262205600738525,0.733428955078125,-0.22633597254753113,0.999525785446167,0.48922619223594666,0.7380101680755615,-0.13640718162059784,0.9981685280799866,0.5054676532745361,0.837966799736023,-0.2548848092556,0.9301007390022278,0.49917417764663696,0.8231319189071655,-0.07852248847484589,0.44677770137786865,0.4713493883609772,0.9075646996498108,-0.2899504005908966,0.8817009329795837,0.5008596777915955,0.8741260170936584,-0.0953749269247055,0.2924678325653076,0.4595631957054138,0.9142727851867676,-0.3119764029979706,0.855246901512146,0.4986249506473541,0.8883559107780457,-0.09780316799879074,0.30934908986091614,0.4554607570171356,0.9083808660507202,-0.3114532232284546,0.8471361994743347,0.49833396077156067,0.890686571598053,-0.11303091049194336,0.3163027763366699,0.45907852053642273,0.9064807295799255,-0.28906458616256714,0.8083133101463318,0.5016770958900452,0.8859564065933228,-0.10116736590862274,0.31530293822288513,0.5710986852645874,0.8086928725242615,0.0009854446398094296,0.9999191761016846,0.5462517142295837,0.8447742462158203,-0.0009845452150329947,0.9997830986976624,0.6121500134468079,0.8203069567680359,-0.1977662742137909,0.9239979982376099,0.5736555457115173,0.886171817779541,-0.15031909942626953,0.8807528018951416,0.6428560614585876,0.8758396506309509,-0.17099687457084656,0.9431335926055908,0.6032215356826782,0.8810871243476868,-0.0014408964198082685,0.7849025726318359,0.6458180546760559,0.8988670706748962,-0.16663049161434174,0.9170263409614563,0.6078671813011169,0.8850662112236023,0.0143457455560565,0.8174663782119751,0.6566773056983948,0.9025598168373108,-0.23947569727897644,0.9229698181152344,0.6335589289665222,0.8952999711036682,-0.0255142729729414,0.7974746823310852
sujin_fall_normal_10,306,102,10.201311053984577,29.9961444544403,10,0.5112025737762451,0.7090862989425659,-0.24707837402820587,0.9930342435836792,0.5117515325546265,0.69685298204422,-0.24730494618415833,0.9965505599975586,0.514089822769165,0.6944392323493958,-0.24729830026626587,0.9976996779441833,0.5164198279380798,0.6918494701385498,-0.24727465212345123,0.9960653185844421,0.5048895478248596,0.7015241980552673,-0.24360018968582153,0.9947713613510132,0.5024440288543701,0.7029023766517639,-0.24367359280586243,0.9951807856559753,0.4999961853027344,0.7043235898017883,-0.24370740354061127,0.9913799166679382,0.5193173885345459,0.6895653009414673,-0.20152534544467926,0.9974982142448425,0.49633872509002686,0.7087734937667847,-0.18657593429088593,0.9944411516189575,0.5174239277839661,0.7166916728019714,-0.22405706346035004,0.9970158934593201,0.5093475580215454,0.7227330207824707,-0.22027789056301117,0.9952462315559387,0.5334010720252991,0.7278445363044739,-0.17691931128501892,0.9995602369308472,0.49867457151412964,0.7468698024749756,-0.09538068622350693,0.998344361782074,0.5141088366508484,0.8357335925102234,-0.18773473799228668,0.9297391772270203,0.5135341882705688,0.8158361315727234,-0.02329883724451065,0.43720704317092896,0.4782865345478058,0.9059741497039795,-0.22387829422950745,0.8780754208564758,0.5132424235343933,0.855079710483551,-0.006132318638265133,0.29110997915267944,0.4668331742286682,0.9134925007820129,-0.24054661393165588,0.8484506607055664,0.5121943354606628,0.869317889213562,-0.0016381744062528014,0.305599182844162,0.46227535605430603,0.9044713973999023,-0.23755206167697906,0.842065691947937,0.5116441249847412,0.8720341920852661,-0.014249996282160282,0.3131256699562073,0.4672974944114685,0.9022133350372314,-0.22190193831920624,0.7990788221359253,0.5123756527900696,0.8708609938621521,-0.009192460216581821,0.3107004165649414,0.5814924240112305,0.8097620606422424,-0.002101302845403552,0.9998940229415894,0.55413419008255,0.8449159860610962,0.0021412132773548365,0.9997391700744629,0.6126551032066345,0.8190740942955017,-0.25311553478240967,0.9123399257659912,0.5469090938568115,0.8823624849319458,-0.16760775446891785,0.8734118938446045,0.6455118656158447,0.8781105279922485,-0.35692405700683594,0.9247471690177917,0.5979305505752563,0.8938774466514587,-0.1284540444612503,0.7699995040893555,0.6515473127365112,0.8985135555267334,-0.366995245218277,0.9063984751701355,0.6093404293060303,0.8868730068206787,-0.12470674514770508,0.8025225400924683,0.6486985683441162,0.8990236520767212,-0.454804927110672,0.923429012298584,0.6255538463592529,0.8949519991874695,-0.18219736218452454,0.7939654588699341
sujin_fall_normal_10,309,103,10.301323907455014,29.9961444544403,10,0.5078174471855164,0.6933516263961792,-0.21236048638820648,0.9936574101448059,0.5081822276115417,0.6787500977516174,-0.2109230011701584,0.9967734813690186,0.5106538534164429,0.6759425401687622,-0.2109060138463974,0.9978079199790955,0.5131534337997437,0.6731529235839844,-0.21091707050800323,0.9963080883026123,0.5020701289176941,0.6843885183334351,-0.20371466875076294,0.9951677322387695,0.4999743103981018,0.6863246560096741,-0.20378510653972626,0.9955452680587769,0.49778029322624207,0.6882628202438354,-0.2038102149963379,0.9921355247497559,0.519701361656189,0.6712868213653564,-0.1683317869901657,0.997454822063446,0.49676644802093506,0.6927175521850586,-0.13798478245735168,0.9948152899742126,0.5146729946136475,0.7013317942619324,-0.19370977580547333,0.9971933960914612,0.5074584484100342,0.707709550857544,-0.1851697564125061,0.9956634044647217,0.5418292284011841,0.7171810865402222,-0.1661214530467987,0.9994645714759827,0.5039862990379333,0.7383296489715576,-0.05702252686023712,0.9984906911849976,0.5376737713813782,0.8235814571380615,-0.1717836856842041,0.9281806945800781,0.514219343662262,0.8076598048210144,-0.0021250792779028416,0.46119651198387146,0.5204839110374451,0.8926346302032471,-0.1740788370370865,0.8740535378456116,0.511808454990387,0.8660893440246582,-0.017416803166270256,0.33883872628211975,0.5121604204177856,0.904734194278717,-0.18804751336574554,0.8417257070541382,0.5068158507347107,0.8737512826919556,-0.01839575357735157,0.34631645679473877,0.5077764391899109,0.8959608674049377,-0.1879362016916275,0.8361712098121643,0.5088404417037964,0.8796153664588928,-0.035730887204408646,0.35615041851997375,0.5124891400337219,0.8939791917800903,-0.17355622351169586,0.7913177013397217,0.5070089101791382,0.8781551122665405,-0.024634184315800667,0.35377341508865356,0.5861064195632935,0.8095423579216003,-0.016514671966433525,0.9998037815093994,0.5598611831665039,0.8402986526489258,0.016405664384365082,0.9996922612190247,0.6113979816436768,0.8323007822036743,-0.20313826203346252,0.9134035706520081,0.5589395761489868,0.8765068650245667,-0.17653226852416992,0.8704699873924255,0.6451629996299744,0.8755960464477539,-0.0950683206319809,0.9063748121261597,0.5999081134796143,0.8950722217559814,-0.08200649917125702,0.7534661889076233,0.6470114588737488,0.876680314540863,-0.08483471721410751,0.8654505610466003,0.6070508360862732,0.8882664442062378,-0.0697772353887558,0.7705802917480469,0.6531350016593933,0.9078080058097839,-0.12672120332717896,0.906665027141571,0.622877299785614,0.9099531769752502,-0.10966207087039948,0.7825579047203064
sujin_fall_normal_10,312,104,10.401336760925451,29.9961444544403,10,0.5063889026641846,0.6834080219268799,-0.20338815450668335,0.9942863583564758,0.5062442421913147,0.6680312156677246,-0.2040814608335495,0.9970875978469849,0.5085819363594055,0.6653373837471008,-0.20405584573745728,0.9980165362358093,0.5110661387443542,0.6625328660011292,-0.20406371355056763,0.9966683387756348,0.5002176761627197,0.6746183037757874,-0.19399426877498627,0.9956413507461548,0.49816617369651794,0.6768263578414917,-0.1940644085407257,0.9959801435470581,0.49610307812690735,0.6790351271629333,-0.19410164654254913,0.9929140210151672,0.5184847116470337,0.6607844233512878,-0.17779380083084106,0.9976914525032043,0.4969620406627655,0.6827731728553772,-0.13508759438991547,0.9953175783157349,0.5130277872085571,0.6933263540267944,-0.19165794551372528,0.9974669218063354,0.5052904486656189,0.6976113319396973,-0.17943523824214935,0.9960904717445374,0.5489342212677002,0.7111726999282837,-0.1822718232870102,0.9994998574256897,0.5104950666427612,0.7271105051040649,-0.0628555491566658,0.9986337423324585,0.5693480968475342,0.802030622959137,-0.18620945513248444,0.9343336224555969,0.5177634954452515,0.7950471639633179,-0.027285413816571236,0.49508368968963623,0.5484660267829895,0.8864150643348694,-0.19885948300361633,0.8850928544998169,0.5148772597312927,0.8668777346611023,-0.0479683093726635,0.39614051580429077,0.5418707132339478,0.902055025100708,-0.21535618603229523,0.8544616103172302,0.5071075558662415,0.875159740447998,-0.050254128873348236,0.39900583028793335,0.5367347598075867,0.8961790204048157,-0.2113460898399353,0.8496013283729553,0.509059727191925,0.8805353045463562,-0.06496681272983551,0.40911251306533813,0.5364067554473877,0.8904282450675964,-0.1967073529958725,0.8077041506767273,0.5127109289169312,0.8793492913246155,-0.054228659719228745,0.40664035081863403,0.5951873660087585,0.807284414768219,-0.03456861153244972,0.9998082518577576,0.5680521130561829,0.8148446679115295,0.034362420439720154,0.9996957182884216,0.6105220913887024,0.8618203401565552,-0.13014967739582062,0.9111317992210388,0.5540874004364014,0.856840193271637,-0.02457096241414547,0.836661696434021,0.6409602761268616,0.8755965232849121,-0.0032873020973056555,0.8814759850502014,0.5935031175613403,0.88201904296875,0.07870052754878998,0.7157938480377197,0.6449949145317078,0.869010329246521,0.010155403055250645,0.8279542922973633,0.6000316143035889,0.8790011405944824,0.09040872007608414,0.7371437549591064,0.6468920111656189,0.9124369621276855,-0.005783176980912685,0.8842417001724243,0.6147948503494263,0.9127403497695923,0.08409742265939713,0.7551732659339905
sujin_fall_normal_10,315,105,10.501349614395888,29.9961444544403,10,0.5053967833518982,0.6755814552307129,-0.20827285945415497,0.9948574900627136,0.5059502124786377,0.6615571975708008,-0.21084745228290558,0.9973785281181335,0.5082287788391113,0.6596599221229553,-0.21080006659030914,0.9982145428657532,0.5106241106987,0.6576350331306458,-0.2108103185892105,0.9970012307167053,0.5003125667572021,0.6658164262771606,-0.20020455121994019,0.9960767030715942,0.49853673577308655,0.6671014428138733,-0.2002616971731186,0.9963815808296204,0.49676841497421265,0.6682887673377991,-0.20027349889278412,0.9936221837997437,0.5194402933120728,0.6558452248573303,-0.18934421241283417,0.9979220032691956,0.5001737475395203,0.6704387664794922,-0.14584030210971832,0.9957853555679321,0.5123353600502014,0.6842243075370789,-0.1983245313167572,0.9977200627326965,0.5045363903045654,0.6892361640930176,-0.18599213659763336,0.99648118019104,0.5581251978874207,0.7018123269081116,-0.20170119404792786,0.9995472431182861,0.5137125849723816,0.7227042317390442,-0.07201094925403595,0.9987666606903076,0.5781062841415405,0.7898484468460083,-0.19498255848884583,0.940613329410553,0.5189825296401978,0.7914637923240662,-0.03267863765358925,0.541495680809021,0.5831785798072815,0.8860985636711121,-0.20465272665023804,0.8962028622627258,0.5151218175888062,0.8671174645423889,-0.04969765245914459,0.45451486110687256,0.5890157222747803,0.9029369950294495,-0.2224901169538498,0.8681662082672119,0.5065892338752747,0.8758848309516907,-0.04978933557868004,0.45556044578552246,0.5800548791885376,0.9018141031265259,-0.2201588749885559,0.8638560175895691,0.5088910460472107,0.8805765509605408,-0.06642895191907883,0.4650134742259979,0.5779239535331726,0.8954883813858032,-0.20423923432826996,0.8258134126663208,0.5133606195449829,0.8792595267295837,-0.05656621605157852,0.46277421712875366,0.6036166548728943,0.7892377376556396,-0.03709585592150688,0.9998221397399902,0.57186359167099,0.801942765712738,0.036952607333660126,0.9997164011001587,0.6114726662635803,0.8787504434585571,-0.14866256713867188,0.9185876846313477,0.5513197779655457,0.882323682308197,-0.019268624484539032,0.8434367775917053,0.6410390734672546,0.8810295462608337,0.00197948282584548,0.878868818283081,0.6088517308235168,0.8828076124191284,0.08006320148706436,0.7079839110374451,0.6441255807876587,0.869975209236145,0.01857265643775463,0.8143373131752014,0.6152417063713074,0.8717031478881836,0.0912356823682785,0.7202503085136414,0.6558277010917664,0.9199819564819336,0.014914418570697308,0.8806303143501282,0.6243762373924255,0.9151827692985535,0.09210846573114395,0.7431998252868652
sujin_fall_normal_10,318,106,10.601362467866325,29.9961444544403,10,0.5083671808242798,0.6743767857551575,-0.18313679099082947,0.9953686594963074,0.5112210512161255,0.6585284471511841,-0.1919165700674057,0.9976376891136169,0.5128994584083557,0.6570994853973389,-0.1918817013502121,0.9983900785446167,0.5148272514343262,0.6555876731872559,-0.1918935924768448,0.9972984790802002,0.508453905582428,0.6609739661216736,-0.17388159036636353,0.9964633584022522,0.508116602897644,0.660918653011322,-0.17391160130500793,0.9967378973960876,0.507804811000824,0.6606749892234802,-0.1739097386598587,0.9942561984062195,0.5262801051139832,0.6543742418289185,-0.1943773627281189,0.9981268644332886,0.5151345729827881,0.6592441201210022,-0.11838452517986298,0.9962031245231628,0.5149875283241272,0.6825063228607178,-0.18328328430652618,0.997946560382843,0.5108045935630798,0.6855377554893494,-0.16036033630371094,0.9968311190605164,0.5656753182411194,0.7010079026222229,-0.21014995872974396,0.9995877742767334,0.5264469981193542,0.7169696688652039,-0.043238647282123566,0.9988808631896973,0.5779209136962891,0.7967963218688965,-0.2156384140253067,0.9458132982254028,0.5256475806236267,0.7899802923202515,-0.005777203012257814,0.5818577408790588,0.5848363637924194,0.8879532217979431,-0.22156517207622528,0.905803918838501,0.517496645450592,0.8673997521400452,-0.033212460577487946,0.5060994625091553,0.5899654030799866,0.9047486186027527,-0.24726541340351105,0.8799830079078674,0.5087894201278687,0.8763549327850342,-0.03327927365899086,0.5050497055053711,0.5790820717811584,0.9056273102760315,-0.24709972739219666,0.8761109113693237,0.5113617181777954,0.8801934123039246,-0.055035822093486786,0.5141042470932007,0.5771651864051819,0.9010670781135559,-0.22197969257831573,0.8410676121711731,0.5161307454109192,0.8783020973205566,-0.04244682565331459,0.5116517543792725,0.6148501038551331,0.7894529700279236,-0.047291822731494904,0.9998332262039185,0.5848262310028076,0.7993907332420349,0.04723460227251053,0.999725341796875,0.6107051372528076,0.8674148917198181,-0.20590536296367645,0.9255810976028442,0.5504621267318726,0.8741529583930969,-0.006580186542123556,0.8410271406173706,0.6478341221809387,0.8788675665855408,-0.04907514527440071,0.8818174600601196,0.6109493970870972,0.8810598254203796,0.08590612560510635,0.6984138488769531,0.6520640850067139,0.8712474703788757,-0.035985928028821945,0.8125238418579102,0.6201276779174805,0.8715544939041138,0.09671061486005783,0.7129203081130981,0.6592645645141602,0.9229461550712585,-0.04979658126831055,0.8819789290428162,0.6214507222175598,0.9170258641242981,0.09266028553247452,0.736675500869751
sujin_fall_normal_10,321,107,10.701375321336762,29.9961444544403,10,0.519491970539093,0.6739688515663147,-0.19292588531970978,0.9958310127258301,0.5226272940635681,0.658414900302887,-0.1996590793132782,0.997873067855835,0.5243380665779114,0.6569544076919556,-0.19962714612483978,0.9985502362251282,0.5263445377349854,0.6554885506629944,-0.19963862001895905,0.997567892074585,0.5200573205947876,0.6605010628700256,-0.18482306599617004,0.9968153238296509,0.5197864174842834,0.6602436304092407,-0.18486380577087402,0.9970625638961792,0.5195985436439514,0.6597786545753479,-0.18486757576465607,0.9948294758796692,0.5383637547492981,0.6544138789176941,-0.20347745716571808,0.9983131885528564,0.5273256897926331,0.6572865843772888,-0.12833918631076813,0.9965817332267761,0.5261296629905701,0.6825672388076782,-0.1870090216398239,0.9981513619422913,0.5221880078315735,0.6842376589775085,-0.17041899263858795,0.997147262096405,0.5781248211860657,0.700884997844696,-0.21140249073505402,0.9996258616447449,0.5393136739730835,0.7093271613121033,-0.05671904981136322,0.9989853501319885,0.5851879119873047,0.798880934715271,-0.21414348483085632,0.9507218599319458,0.5315467119216919,0.7833081483840942,-0.02513899654150009,0.6192184090614319,0.5851014256477356,0.89412522315979,-0.22020238637924194,0.9146108031272888,0.5190195441246033,0.8670182824134827,-0.051777999848127365,0.5525876879692078,0.5866791605949402,0.908481776714325,-0.24541355669498444,0.8908194899559021,0.5100142359733582,0.8761262893676758,-0.054279033094644547,0.5495993494987488,0.5797699689865112,0.9127495288848877,-0.2454616278409958,0.8873772025108337,0.5131973028182983,0.8799071311950684,-0.07702464610338211,0.5585734248161316,0.5741551518440247,0.9037259221076965,-0.22069087624549866,0.8551873564720154,0.5186850428581238,0.8780269622802734,-0.06166098266839981,0.5560788512229919,0.627691924571991,0.7786415219306946,-0.04213421046733856,0.9998430609703064,0.5954622626304626,0.7873642444610596,0.042099229991436005,0.999728798866272,0.614532470703125,0.855229377746582,-0.18535949289798737,0.9314600825309753,0.5649845004081726,0.8553566336631775,0.0003116033039987087,0.8333246111869812,0.6554401516914368,0.8810877203941345,-0.022971216589212418,0.8794348239898682,0.6185601949691772,0.8774834275245667,0.11030086874961853,0.6835491061210632,0.6603411436080933,0.875022828578949,-0.0062329526990652084,0.8038519024848938,0.6253321766853333,0.8708807826042175,0.12284185737371445,0.6999284029006958,0.6613730788230896,0.9222113490104675,-0.01137189194560051,0.878446102142334,0.6233755946159363,0.9165040254592896,0.1243630200624466,0.7275828719139099
sujin_fall_normal_10,324,108,10.8013881748072,29.9961444544403,10,0.5316624641418457,0.6743013858795166,-0.19903655350208282,0.9962475299835205,0.5350905656814575,0.6605596542358398,-0.20939119160175323,0.9980853199958801,0.5367013216018677,0.6590505838394165,-0.2093852162361145,0.9986947774887085,0.538526177406311,0.6574482917785645,-0.2094293236732483,0.9978106617927551,0.5329906940460205,0.6624554395675659,-0.19463562965393066,0.9971330761909485,0.5330638289451599,0.662201464176178,-0.1947394460439682,0.9973556995391846,0.5332547426223755,0.6617135405540466,-0.1947782188653946,0.9953462481498718,0.5514488220214844,0.6560078859329224,-0.21520204842090607,0.9984807968139648,0.5423449277877808,0.6589182615280151,-0.1516037881374359,0.9969233274459839,0.5379100441932678,0.6838824152946472,-0.19860900938510895,0.9983357787132263,0.5347210168838501,0.6834548711776733,-0.1804123818874359,0.9974321126937866,0.589614748954773,0.7019636631011963,-0.20894113183021545,0.9996494650840759,0.5538419485092163,0.7028118968009949,-0.09188519418239594,0.9990834593772888,0.5940635800361633,0.7983852028846741,-0.20354680716991425,0.9553238749504089,0.5353769659996033,0.7804553508758545,-0.05639224126935005,0.6547659039497375,0.5816159844398499,0.8973552584648132,-0.20663197338581085,0.9226143956184387,0.5188016295433044,0.8668588995933533,-0.07752132415771484,0.5957669019699097,0.5792120099067688,0.9107200503349304,-0.23510675132274628,0.9003372192382812,0.5097711682319641,0.8737104535102844,-0.08671113103628159,0.5917356014251709,0.5712378621101379,0.9122230410575867,-0.23482531309127808,0.897319495677948,0.5124340653419495,0.8780782222747803,-0.10790503025054932,0.6003828644752502,0.5694820880889893,0.9044748544692993,-0.2084248811006546,0.8676626086235046,0.5177984833717346,0.8776302337646484,-0.08663533627986908,0.5980973243713379,0.6421852111816406,0.7737374901771545,-0.037514522671699524,0.9998443722724915,0.6111055016517639,0.7738676071166992,0.03754473477602005,0.9997204542160034,0.6138060688972473,0.8566397428512573,-0.01394123025238514,0.9334329962730408,0.5928934216499329,0.8539143204689026,0.07219815254211426,0.7990522980690002,0.6539773941040039,0.8801493048667908,0.12977591156959534,0.8779493570327759,0.6276637315750122,0.8743698596954346,0.20670317113399506,0.6506336331367493,0.6579605340957642,0.8737490773200989,0.14665213227272034,0.8064960837364197,0.6349534392356873,0.8697778582572937,0.22275996208190918,0.6711990833282471,0.6486274003982544,0.9172215461730957,0.16582593321800232,0.8760607838630676,0.6271201968193054,0.9055454134941101,0.24029268324375153,0.7095342874526978
sujin_fall_normal_10,327,109,10.901401028277636,29.9961444544403,10,0.5430660843849182,0.6736229062080383,-0.19935517013072968,0.9966221451759338,0.5457403659820557,0.6605018973350525,-0.2099737972021103,0.9982761740684509,0.5473223924636841,0.6591801643371582,-0.2099568247795105,0.9988247752189636,0.5490188598632812,0.657720685005188,-0.20999614894390106,0.9980290532112122,0.5437453389167786,0.6616490483283997,-0.19461651146411896,0.9974187016487122,0.5437699556350708,0.6611514091491699,-0.19471929967403412,0.9976193904876709,0.5439321994781494,0.6604025363922119,-0.1947576254606247,0.9958111643791199,0.5609149932861328,0.6567956805229187,-0.21781091392040253,0.9986317157745361,0.5530754923820496,0.6568548083305359,-0.1494036167860031,0.9972304701805115,0.5491655468940735,0.6826648116111755,-0.1999923437833786,0.9985016584396362,0.5464082956314087,0.6817823648452759,-0.18037192523479462,0.9976880550384521,0.6004398465156555,0.7011999487876892,-0.20700570940971375,0.9996626973152161,0.5653083920478821,0.7021859288215637,-0.09806618839502335,0.9991636276245117,0.6009781956672668,0.799071729183197,-0.20178332924842834,0.959047257900238,0.5458540320396423,0.780577540397644,-0.06907768547534943,0.6872857213020325,0.5872371196746826,0.8907718062400818,-0.21230484545230865,0.92903733253479,0.5236387252807617,0.8662852644920349,-0.09514220803976059,0.6340210437774658,0.5819782614707947,0.9027417302131653,-0.24279570579528809,0.9077350497245789,0.5126919150352478,0.8730530142784119,-0.10536752641201019,0.6285727024078369,0.5732333660125732,0.90265291929245,-0.24311114847660065,0.9050740003585815,0.5139921307563782,0.8764051198959351,-0.12608763575553894,0.6372302174568176,0.5751336812973022,0.8994659185409546,-0.2152201235294342,0.8770037889480591,0.519368588924408,0.8757683634757996,-0.10443831980228424,0.6348468065261841,0.651258111000061,0.7697678208351135,-0.033330220729112625,0.9998530745506287,0.6181464791297913,0.7751424908638,0.033321402966976166,0.99971604347229,0.6390672922134399,0.8416336178779602,-0.08760618418455124,0.9385682940483093,0.6049099564552307,0.8549526929855347,0.07468225806951523,0.7883890867233276,0.6599178314208984,0.8846525549888611,0.04961032047867775,0.8833563923835754,0.6293179988861084,0.8867007493972778,0.21579694747924805,0.6394959092140198,0.6662750840187073,0.8824129104614258,0.06533394008874893,0.8117570877075195,0.6358919739723206,0.8864884376525879,0.2319698929786682,0.6552755236625671,0.6542147397994995,0.9234464168548584,0.06329469382762909,0.8820433020591736,0.6261782050132751,0.9140693545341492,0.2375430017709732,0.7126790285110474
sujin_fall_normal_10,330,110,11.001413881748073,29.9961444544403,10,0.553725004196167,0.6725072860717773,-0.20967887341976166,0.9969584941864014,0.5571230053901672,0.6600303053855896,-0.21785201132297516,0.9984471797943115,0.5589300990104675,0.6589218378067017,-0.21781277656555176,0.9989410638809204,0.5610185265541077,0.6577826142311096,-0.21784989535808563,0.9982248544692993,0.5543259978294373,0.6610100269317627,-0.20420193672180176,0.9976750016212463,0.5540328621864319,0.6606116890907288,-0.20432612299919128,0.9978561997413635,0.5538306832313538,0.6599302291870117,-0.2043774425983429,0.9962292313575745,0.5735123157501221,0.657124936580658,-0.2183571457862854,0.9987655282020569,0.5626708269119263,0.6570126414299011,-0.158537358045578,0.9975064396858215,0.5598734021186829,0.6821261644363403,-0.20753973722457886,0.998650074005127,0.5559262037277222,0.6814208030700684,-0.19014807045459747,0.9979175329208374,0.6128825545310974,0.7031708359718323,-0.2007860690355301,0.9996044039726257,0.5682833194732666,0.7032395005226135,-0.11430463194847107,0.9992275834083557,0.6065248250961304,0.8000746965408325,-0.1898328810930252,0.9614098072052002,0.554908037185669,0.7811205983161926,-0.09097013622522354,0.7150461077690125,0.5965768098831177,0.8900744915008545,-0.19892844557762146,0.9315144419670105,0.5298906564712524,0.8670803904533386,-0.11104973405599594,0.6658922433853149,0.5928260684013367,0.9017400741577148,-0.2260907143354416,0.9080693125724792,0.5192911028862,0.8729647994041443,-0.12172054499387741,0.6570896506309509,0.5846036672592163,0.9016587138175964,-0.22900445759296417,0.9060807824134827,0.5205562114715576,0.8754622936248779,-0.14020244777202606,0.6667668223381042,0.5870745778083801,0.8990982174873352,-0.2023162841796875,0.8777406811714172,0.5262545347213745,0.8750132322311401,-0.11929918080568314,0.6642096042633057,0.6573962569236755,0.7707352638244629,-0.026735519990324974,0.9998528957366943,0.6230008602142334,0.7745954990386963,0.026678208261728287,0.9996615052223206,0.6469441652297974,0.8333861231803894,-0.09559573233127594,0.9408097863197327,0.610300600528717,0.8500032424926758,0.08607671409845352,0.7529647350311279,0.6633871793746948,0.8895003795623779,0.001186243025586009,0.8841060400009155,0.6376572847366333,0.886366069316864,0.21888403594493866,0.6105976104736328,0.6694150567054749,0.8921523094177246,0.013497167266905308,0.8148519396781921,0.6444743275642395,0.8846457600593567,0.23396693170070648,0.6250495910644531,0.6507703065872192,0.9270952343940735,-0.00427120691165328,0.8841758370399475,0.6362654566764832,0.9129015207290649,0.233021542429924,0.6990264058113098
sujin_fall_normal_10,333,111,11.10142673521851,29.9961444544403,10,0.5624065399169922,0.6726074814796448,-0.22035710513591766,0.9972605109214783,0.5658066272735596,0.6604028344154358,-0.22879838943481445,0.9986004829406738,0.5676221251487732,0.6595780253410339,-0.22877584397792816,0.9990450143814087,0.5696054697036743,0.6587669849395752,-0.2288181334733963,0.9984006285667419,0.5632377862930298,0.661247968673706,-0.2148636430501938,0.9979045987129211,0.5631377100944519,0.6609297394752502,-0.21497412025928497,0.9980682730674744,0.5631545186042786,0.6603193283081055,-0.21503156423568726,0.9966051578521729,0.5810670256614685,0.6573249697685242,-0.229380801320076,0.9988849759101868,0.571670651435852,0.657471776008606,-0.16914190351963043,0.9977544546127319,0.5688184499740601,0.6821871399879456,-0.2180652916431427,0.9987828731536865,0.5650303959846497,0.6818435192108154,-0.20039762556552887,0.9981237649917603,0.6224283576011658,0.7087546586990356,-0.21021461486816406,0.9995991587638855,0.5786048173904419,0.7043434977531433,-0.115923210978508,0.9992932677268982,0.6177294850349426,0.8090733289718628,-0.20255893468856812,0.9644598364830017,0.5611162781715393,0.7815606594085693,-0.08465893566608429,0.7380189895629883,0.6038350462913513,0.8952126502990723,-0.2192186415195465,0.9368535280227661,0.5392244458198547,0.8670690059661865,-0.11024336516857147,0.6955084800720215,0.5994275808334351,0.9081450700759888,-0.2504097521305084,0.9134353399276733,0.5275740623474121,0.8729275465011597,-0.12270745635032654,0.6847673058509827,0.5911198854446411,0.9055503606796265,-0.2516496181488037,0.9117664098739624,0.5289574861526489,0.8755940794944763,-0.1429131180047989,0.6947694420814514,0.5922612547874451,0.9034941792488098,-0.22233960032463074,0.8844680190086365,0.535403311252594,0.8752955794334412,-0.11922500282526016,0.6920598745346069,0.6650750041007996,0.779813826084137,-0.027131417766213417,0.9998494982719421,0.6377471685409546,0.7750557065010071,0.027052495628595352,0.9995744824409485,0.6570122838020325,0.8447033762931824,-0.004022675100713968,0.9367146492004395,0.6252759695053101,0.8503822684288025,0.11702384799718857,0.7025140523910522,0.6731948256492615,0.89497971534729,0.12086889892816544,0.8772004246711731,0.6481834650039673,0.884747326374054,0.2549794018268585,0.5672285556793213,0.6792484521865845,0.8971287608146667,0.1345965564250946,0.8055742979049683,0.6543277502059937,0.8838927149772644,0.270536333322525,0.5852179527282715,0.6563961505889893,0.9318504929542542,0.12166646867990494,0.8767083287239075,0.6434608697891235,0.906610906124115,0.2700686752796173,0.6696857810020447
sujin_fall_normal_10,336,112,11.201439588688947,29.9961444544403,10,0.5691413283348083,0.6652888655662537,-0.20303025841712952,0.9975249171257019,0.5728159546852112,0.6532150506973267,-0.21175502240657806,0.9987341165542603,0.5745840072631836,0.6526575684547424,-0.21175608038902283,0.9991342425346375,0.5765942931175232,0.6519988775253296,-0.21180099248886108,0.9985551238059998,0.5702700018882751,0.6534131169319153,-0.1976618468761444,0.9981028437614441,0.5701960325241089,0.6528748273849487,-0.19775785505771637,0.99825119972229,0.5702518820762634,0.6521753668785095,-0.19782252609729767,0.9969393014907837,0.5879611372947693,0.6521949768066406,-0.21641097962856293,0.9989848732948303,0.5793809294700623,0.6509453654289246,-0.15572960674762726,0.9979726076126099,0.5745400190353394,0.67410808801651,-0.2024313509464264,0.9988959431648254,0.5711318254470825,0.6742199659347534,-0.18463240563869476,0.9983010292053223,0.6271765232086182,0.7040583491325378,-0.2023228108882904,0.9995207786560059,0.5847019553184509,0.7029427289962769,-0.11403679102659225,0.9992948174476624,0.6207883358001709,0.8059224486351013,-0.19564612209796906,0.966581404209137,0.5664964318275452,0.778928816318512,-0.07937368005514145,0.7523639798164368,0.6083589792251587,0.8953691124916077,-0.2034052312374115,0.9404349327087402,0.5466769337654114,0.8639437556266785,-0.10333485901355743,0.7146918177604675,0.6030099987983704,0.908128023147583,-0.2316809445619583,0.9160787463188171,0.5344353914260864,0.8721197843551636,-0.11908926069736481,0.6995583772659302,0.5951010584831238,0.9053606986999512,-0.2328318953514099,0.914905846118927,0.5355929136276245,0.8755071759223938,-0.13773027062416077,0.7115237712860107,0.5967212319374084,0.9033691883087158,-0.20603588223457336,0.8881400227546692,0.5419313907623291,0.8745125532150269,-0.1129264384508133,0.7089554667472839,0.6700131297111511,0.7874987125396729,-0.02693268656730652,0.9998276829719543,0.6439288854598999,0.7828757166862488,0.026854868978261948,0.9993877410888672,0.6597689986228943,0.8451473712921143,0.0012780253309756517,0.9272419214248657,0.6343981623649597,0.8558850288391113,0.10866612941026688,0.6539625525474548,0.6737751364707947,0.8860300183296204,0.13350246846675873,0.8508826494216919,0.6566419005393982,0.8761727213859558,0.23928333818912506,0.5200618505477905,0.6790527105331421,0.8872517943382263,0.14848805963993073,0.7831040620803833,0.6626017093658447,0.8738959431648254,0.25439712405204773,0.539676308631897,0.6595295071601868,0.9131828546524048,0.14734451472759247,0.8534137606620789,0.6520481705665588,0.8941922783851624,0.2586064636707306,0.6262960433959961
sujin_fall_normal_10,339,113,11.301452442159384,29.9961444544403,10,0.5741468667984009,0.646540105342865,-0.19086790084838867,0.9977716207504272,0.5775673985481262,0.6357001066207886,-0.1986188143491745,0.9988600015640259,0.5793750286102295,0.6351146101951599,-0.19859175384044647,0.9992201924324036,0.5814717411994934,0.6345100402832031,-0.19861851632595062,0.9986989498138428,0.5750046372413635,0.6359286904335022,-0.18451566994190216,0.9982913136482239,0.5748109817504883,0.6355903148651123,-0.18458741903305054,0.9984251260757446,0.5747613310813904,0.6350575685501099,-0.18461550772190094,0.9972447156906128,0.5929619073867798,0.6359891891479492,-0.2025585025548935,0.9990853667259216,0.5831370949745178,0.6353579163551331,-0.1412840038537979,0.998174786567688,0.5790818333625793,0.6569523215293884,-0.19050227105617523,0.9990057349205017,0.5758064389228821,0.6574643850326538,-0.1725802719593048,0.99847012758255,0.6287714242935181,0.6913170218467712,-0.19075457751750946,0.9995505213737488,0.5881760716438293,0.6846955418586731,-0.0970195084810257,0.9993533492088318,0.6229104399681091,0.7890089154243469,-0.1778053641319275,0.9693231582641602,0.5771543979644775,0.7585715055465698,-0.06566172093153,0.7704451084136963,0.6135149002075195,0.8895362019538879,-0.17689402401447296,0.9452643990516663,0.5554136633872986,0.8458123803138733,-0.08381084352731705,0.7379729747772217,0.6089146733283997,0.9051758646965027,-0.19963762164115906,0.9219685792922974,0.5445433259010315,0.8626944422721863,-0.09012839198112488,0.7203156352043152,0.6019371151924133,0.9027746319770813,-0.2006881833076477,0.9209898114204407,0.545224130153656,0.8676866888999939,-0.11015550792217255,0.7326288223266602,0.6031357049942017,0.9000833034515381,-0.17827318608760834,0.8958542943000793,0.5499506592750549,0.8638529777526855,-0.09227843582630157,0.7298538684844971,0.6682615280151367,0.781578540802002,-0.02409670129418373,0.9998378157615662,0.6413950324058533,0.7797821164131165,0.024043994024395943,0.9994183778762817,0.6695050001144409,0.8386685848236084,-0.08904358744621277,0.9296895265579224,0.6364324688911438,0.8663054704666138,0.04170292988419533,0.6490827202796936,0.6667106747627258,0.8836889266967773,0.021309655159711838,0.8322863578796387,0.6507537364959717,0.8706583976745605,0.16668392717838287,0.4882924258708954,0.6661912798881531,0.8826011419296265,0.03510871157050133,0.7669236660003662,0.6578537821769714,0.8647737503051758,0.18175716698169708,0.5147795081138611,0.6568461656570435,0.9144666790962219,0.04205770045518875,0.8362839221954346,0.6477710008621216,0.8906298875808716,0.20127207040786743,0.5988510251045227
sujin_fall_normal_10,342,114,11.401465295629821,29.9961444544403,10,0.5774849057197571,0.6120789647102356,-0.16062693297863007,0.9979883432388306,0.5802966952323914,0.6027743220329285,-0.1689365655183792,0.9989667534828186,0.5817721486091614,0.6025699973106384,-0.16892361640930176,0.9992913007736206,0.5834352970123291,0.6022886633872986,-0.1689407229423523,0.9988222122192383,0.5785514116287231,0.6017038822174072,-0.15459707379341125,0.9984549880027771,0.5786605477333069,0.6009600758552551,-0.15464386343955994,0.9985768795013428,0.5788763761520386,0.600132405757904,-0.15469492971897125,0.9975165724754333,0.5931930541992188,0.6017875671386719,-0.17877234518527985,0.9991640448570251,0.5873606204986572,0.599629819393158,-0.11692406982183456,0.9983539581298828,0.5824370980262756,0.6223875880241394,-0.16214312613010406,0.9990983009338379,0.5797435641288757,0.6212660074234009,-0.14403262734413147,0.998616099357605,0.6284469366073608,0.6570627093315125,-0.17303821444511414,0.9995257258415222,0.591050922870636,0.6573993563652039,-0.07097872346639633,0.9994065165519714,0.6270914673805237,0.7582677006721497,-0.1611488163471222,0.9704536199569702,0.5879966616630554,0.7413954734802246,-0.03554153814911842,0.7861917018890381,0.6201673746109009,0.8659024834632874,-0.1583407074213028,0.9484990835189819,0.56891268491745,0.8283425569534302,-0.04785407334566116,0.7569294571876526,0.6192967891693115,0.8854171633720398,-0.1737808883190155,0.9261142611503601,0.5631580948829651,0.8469303250312805,-0.04809233173727989,0.7356730103492737,0.6141990423202515,0.8879731297492981,-0.1754767894744873,0.9253730773925781,0.5672140717506409,0.8539316058158875,-0.06686599552631378,0.7476540803909302,0.6135174036026001,0.8822634220123291,-0.15892940759658813,0.9018075466156006,0.5709678530693054,0.8483130931854248,-0.055134691298007965,0.7453829050064087,0.666519045829773,0.7712599635124207,-0.022880794480443,0.9998428225517273,0.6433334350585938,0.7641317844390869,0.022821467369794846,0.9994630813598633,0.6817573308944702,0.8747730851173401,-0.04244818910956383,0.9270076751708984,0.6470917463302612,0.8867806196212769,0.0049636270850896835,0.6662291884422302,0.6352201700210571,0.8637692332267761,0.02751152031123638,0.808725118637085,0.6405717730522156,0.8236663937568665,0.12160737067461014,0.45881107449531555,0.6290498971939087,0.8553260564804077,0.055263031274080276,0.7494162321090698,0.6410990953445435,0.8044284582138062,0.13660961389541626,0.49564552307128906,0.6128379106521606,0.8723394870758057,0.0904778242111206,0.8111674189567566,0.6332435011863708,0.8218770027160645,0.17031635344028473,0.5643691420555115
sujin_fall_normal_10,345,115,11.501478149100258,29.9961444544403,10,0.5819119215011597,0.563215434551239,-0.18838629126548767,0.9981825351715088,0.5852078199386597,0.5512842535972595,-0.19157744944095612,0.9990612268447876,0.5872786641120911,0.550388753414154,-0.19158177077770233,0.9993506669998169,0.5895043611526489,0.5495752692222595,-0.19158139824867249,0.998930811882019,0.5823943614959717,0.5518614053726196,-0.17674151062965393,0.9985987544059753,0.5821638107299805,0.5515508055686951,-0.17674657702445984,0.9987048506736755,0.5819641351699829,0.5512065887451172,-0.1768176257610321,0.9977557063102722,0.5997686982154846,0.5515945553779602,-0.18935149908065796,0.9992313981056213,0.5893229246139526,0.5531787872314453,-0.1272076517343521,0.9985057711601257,0.5884668827056885,0.5744970440864563,-0.1835983693599701,0.9991813898086548,0.5847482085227966,0.5734718441963196,-0.16505040228366852,0.9987464547157288,0.632624626159668,0.6082308888435364,-0.2102009505033493,0.9995566606521606,0.5932202935218811,0.6242701411247253,-0.06638797372579575,0.9994526505470276,0.6336864233016968,0.7175537943840027,-0.22972315549850464,0.9726259708404541,0.5950013995170593,0.7139684557914734,-0.04287829250097275,0.7968930602073669,0.6267109513282776,0.8209469318389893,-0.23459762334823608,0.9506853222846985,0.5917065739631653,0.8003151416778564,-0.05994468182325363,0.7659353613853455,0.6287983059883118,0.8474978804588318,-0.25679126381874084,0.9278014898300171,0.590891420841217,0.8245487809181213,-0.06343857198953629,0.7385643124580383,0.621213972568512,0.8527176380157471,-0.25781843066215515,0.9273217916488647,0.5939534902572632,0.8257733583450317,-0.08331497013568878,0.7506765127182007,0.6189587116241455,0.8439327478408813,-0.2348153293132782,0.9041785001754761,0.5956780314445496,0.8181332349777222,-0.07115543633699417,0.7480783462524414,0.6666949987411499,0.741540789604187,-0.041733335703611374,0.9998564124107361,0.6414969563484192,0.7509389519691467,0.04159241169691086,0.9995133876800537,0.6747294068336487,0.8693024516105652,-0.07988746464252472,0.922985315322876,0.6407975554466248,0.8842057585716248,0.014208239503204823,0.6720200181007385,0.6655949950218201,0.824591875076294,0.1070132926106453,0.7409436702728271,0.6481660008430481,0.811693549156189,0.2041483074426651,0.4153321087360382,0.6641635298728943,0.8087946176528931,0.13043199479579926,0.693673312664032,0.6462998986244202,0.7957949042320251,0.2279379665851593,0.45198026299476624,0.6683594584465027,0.8386762142181396,0.16758200526237488,0.7474008798599243,0.6525298953056335,0.8214583992958069,0.2691442668437958,0.5117447972297668
sujin_fall_normal_10,348,116,11.601491002570695,29.9961444544403,10,0.5859610438346863,0.5051574110984802,-0.18127743899822235,0.9983519911766052,0.5908507704734802,0.49322548508644104,-0.18333083391189575,0.9991328716278076,0.5928500890731812,0.4928944408893585,-0.18334148824214935,0.9993916153907776,0.5952091217041016,0.49255552887916565,-0.1833660751581192,0.9990201592445374,0.5875508189201355,0.49369731545448303,-0.16826683282852173,0.998714804649353,0.5871668457984924,0.49368205666542053,-0.16831302642822266,0.9988097548484802,0.5867536664009094,0.4935862123966217,-0.16835777461528778,0.9979615211486816,0.6057730913162231,0.4995757043361664,-0.17339541018009186,0.9992738366127014,0.5932109355926514,0.4968078136444092,-0.10788870602846146,0.9986171722412109,0.5913184285163879,0.5194582939147949,-0.1763443499803543,0.999251127243042,0.5870115160942078,0.5176315307617188,-0.15732581913471222,0.9988486766815186,0.6338269710540771,0.5643107891082764,-0.19820192456245422,0.9995902180671692,0.598141074180603,0.5648221373558044,-0.041794244199991226,0.9994909167289734,0.641007661819458,0.665802538394928,-0.21277549862861633,0.9745703935623169,0.6044792532920837,0.6508399844169617,-0.014947506599128246,0.7843397259712219,0.6231220364570618,0.7405462861061096,-0.21131175756454468,0.953198254108429,0.6063091158866882,0.730817973613739,-0.04822840169072151,0.7503134608268738,0.6233545541763306,0.7697190046310425,-0.2362895905971527,0.9305066466331482,0.6052772998809814,0.758014440536499,-0.055068280547857285,0.7172784805297852,0.6163825988769531,0.7676207423210144,-0.23195864260196686,0.9301700592041016,0.6084751486778259,0.7579779028892517,-0.07283556461334229,0.7287335395812988,0.6151714324951172,0.7596012949943542,-0.20825697481632233,0.9070562124252319,0.6088104248046875,0.7492367625236511,-0.05669644847512245,0.7266135215759277,0.6659184098243713,0.6880331635475159,-0.04755200818181038,0.9998556971549988,0.6358618140220642,0.6808611154556274,0.04748837277293205,0.9995218515396118,0.6415719985961914,0.7822805643081665,-0.16879814863204956,0.9135621190071106,0.6131942272186279,0.7698230743408203,-0.032736413180828094,0.6433467864990234,0.6639745235443115,0.8754681944847107,-0.08331523090600967,0.7458134889602661,0.6389795541763306,0.8526741862297058,0.06038590520620346,0.40152236819267273,0.6692226529121399,0.8874062895774841,-0.07581651210784912,0.6943369507789612,0.645401120185852,0.8634427189826965,0.06852608174085617,0.43989965319633484,0.6569846868515015,0.9133509397506714,-0.11840565502643585,0.7511574625968933,0.628958523273468,0.8942347764968872,0.038467396050691605,0.49943438172340393
sujin_fall_normal_10,351,117,11.701503856041132,29.9961444544403,10,0.5941529870033264,0.44724422693252563,-0.2919318377971649,0.9985154867172241,0.5997694134712219,0.43844074010849,-0.28432223200798035,0.9992177486419678,0.6021082401275635,0.4384539723396301,-0.2843634784221649,0.9994502663612366,0.6045697927474976,0.4385192096233368,-0.2844671308994293,0.9991165399551392,0.5952724814414978,0.4385538101196289,-0.2732093632221222,0.9988411068916321,0.5942703485488892,0.43868544697761536,-0.2732478976249695,0.9989259243011475,0.5933867692947388,0.4388040006160736,-0.2732730507850647,0.9981631636619568,0.6132726073265076,0.44924792647361755,-0.22893109917640686,0.9993439316749573,0.5974737405776978,0.4460456371307373,-0.1801954209804535,0.9987497925758362,0.5978819131851196,0.4631066620349884,-0.27123796939849854,0.9993245601654053,0.5928292870521545,0.4615308940410614,-0.2571433484554291,0.9989606738090515,0.6353305578231812,0.513384222984314,-0.22574014961719513,0.9996218085289001,0.5977283716201782,0.5219812393188477,-0.07977734506130219,0.9994871020317078,0.6502148509025574,0.6047214269638062,-0.2500724196434021,0.9764887690544128,0.6096377968788147,0.5994722843170166,-0.05709173530340195,0.7450290322303772,0.6163119673728943,0.655677855014801,-0.2727958858013153,0.9531725645065308,0.6105232238769531,0.6732332706451416,-0.1254546195268631,0.6958799362182617,0.6079273223876953,0.6791301965713501,-0.30184656381607056,0.9281744956970215,0.6111429333686829,0.6988151669502258,-0.1415112465620041,0.6639995574951172,0.6046873331069946,0.6636737585067749,-0.3012109100818634,0.9281593561172485,0.6111826300621033,0.6986141800880432,-0.1637379676103592,0.6741917133331299,0.6070495843887329,0.6612247228622437,-0.27284297347068787,0.9023154377937317,0.6124317646026611,0.6917920708656311,-0.1369563490152359,0.6736965775489807,0.6610614657402039,0.6379433870315552,-0.05035706236958504,0.9998419284820557,0.6353649497032166,0.6417317986488342,0.05040007084608078,0.999454140663147,0.6380895972251892,0.7492312788963318,-0.17037436366081238,0.9055863618850708,0.6188658475875854,0.7444235682487488,-0.047248031944036484,0.6219125390052795,0.6552768349647522,0.8713858723640442,-0.09843679517507553,0.7612848281860352,0.6469690203666687,0.8504383563995361,0.04916602373123169,0.4009557068347931,0.6663388609886169,0.8876463770866394,-0.09545727074146271,0.7007640600204468,0.6555328965187073,0.8587674498558044,0.05508282408118248,0.42890918254852295,0.6316362619400024,0.9058346748352051,-0.17328204214572906,0.7629435658454895,0.6311151385307312,0.8834549188613892,-0.007883883081376553,0.4957027733325958
sujin_fall_normal_10,354,118,11.801516709511569,29.9961444544403,10,0.6028091907501221,0.407985121011734,-0.2473529875278473,0.9986636638641357,0.608985185623169,0.3995112180709839,-0.24222765862941742,0.9992952942848206,0.6118630766868591,0.3998815715312958,-0.2422541230916977,0.9995044469833374,0.6146876215934753,0.4003516137599945,-0.24231497943401337,0.9992037415504456,0.6032381653785706,0.4002346098423004,-0.23120374977588654,0.998956561088562,0.6017155051231384,0.40047940611839294,-0.23124469816684723,0.9990328550338745,0.600361168384552,0.40052536129951477,-0.2312910407781601,0.9983463287353516,0.6214945316314697,0.4098731577396393,-0.18332074582576752,0.9994077682495117,0.6029627323150635,0.4069279134273529,-0.15064555406570435,0.998874306678772,0.6065722703933716,0.423633873462677,-0.23083803057670593,0.9993915557861328,0.6006535887718201,0.4214765429496765,-0.21598036587238312,0.9990642666816711,0.6444100141525269,0.47077786922454834,-0.17625251412391663,0.9996426105499268,0.5988626480102539,0.48815250396728516,-0.04562276601791382,0.99953293800354,0.6490992307662964,0.5615381002426147,-0.21857468783855438,0.9773693084716797,0.6061772108078003,0.5736616253852844,-0.022735245525836945,0.7410279512405396,0.6092056632041931,0.5261682868003845,-0.25343185663223267,0.9556724429130554,0.6116535663604736,0.6361891031265259,-0.10029889643192291,0.685358464717865,0.5955464839935303,0.5199694633483887,-0.27941468358039856,0.9317317008972168,0.6137533783912659,0.6616937518119812,-0.11070583760738373,0.6501917243003845,0.5985687375068665,0.5095884203910828,-0.27659299969673157,0.9315842390060425,0.616680383682251,0.6615022420883179,-0.1308518499135971,0.6595410704612732,0.601963222026825,0.5109670758247375,-0.2529944181442261,0.9055230021476746,0.6166536211967468,0.6523265242576599,-0.11062470078468323,0.6591159105300903,0.6668004989624023,0.6105228066444397,-0.04935476928949356,0.9998204708099365,0.6388078927993774,0.6197561025619507,0.049371037632226944,0.9994723796844482,0.6394191384315491,0.741372287273407,-0.09998080134391785,0.9006751179695129,0.627036452293396,0.7328341007232666,-0.02962455525994301,0.6264604926109314,0.6560164093971252,0.861229658126831,0.001406693714670837,0.7769182324409485,0.6416857838630676,0.8498563766479492,0.08125677704811096,0.4330005943775177,0.6657326221466064,0.8820605278015137,0.006793435197323561,0.7064222097396851,0.6523369550704956,0.8626537919044495,0.08866462856531143,0.4426122009754181,0.635913610458374,0.9032083749771118,-0.07232405245304108,0.7780832052230835,0.6269544363021851,0.8872808814048767,0.026350470259785652,0.5225957036018372
sujin_fall_normal_10,357,119,11.901529562982006,29.9961444544403,10,0.612488329410553,0.38098329305648804,-0.17603731155395508,0.9987956881523132,0.6187964677810669,0.37144097685813904,-0.1668814718723297,0.9993612170219421,0.6219425797462463,0.37196779251098633,-0.166932612657547,0.9995495676994324,0.6250905990600586,0.37302806973457336,-0.16694064438343048,0.9992772936820984,0.6129220724105835,0.37025579810142517,-0.161135733127594,0.9990567564964294,0.611505925655365,0.3699467182159424,-0.16114355623722076,0.9991253614425659,0.610132098197937,0.36954763531684875,-0.16121806204319,0.9985068440437317,0.6313146352767944,0.3813389539718628,-0.10165490210056305,0.9994507431983948,0.611552894115448,0.37428605556488037,-0.07984165102243423,0.9989835023880005,0.6176454424858093,0.39623740315437317,-0.15159262716770172,0.9994480013847351,0.6109384894371033,0.39350172877311707,-0.14527378976345062,0.9991558790206909,0.6529995799064636,0.43506982922554016,-0.09333351254463196,0.9996566772460938,0.6009450554847717,0.4577697515487671,0.0014727761736139655,0.9995747804641724,0.6462957262992859,0.5119501948356628,-0.19149915874004364,0.9779790639877319,0.6058872938156128,0.5369718670845032,0.035112883895635605,0.7470278739929199,0.6160033941268921,0.42879194021224976,-0.32013270258903503,0.9595757722854614,0.6117929816246033,0.6082200407981873,-0.034647129476070404,0.7018975019454956,0.6102311611175537,0.4101109802722931,-0.3538055419921875,0.9376663565635681,0.6137629747390747,0.6322931051254272,-0.04485512524843216,0.6652967929840088,0.6153284907341003,0.402485728263855,-0.3511040508747101,0.9375056624412537,0.6174919605255127,0.6321043372154236,-0.06557216495275497,0.6742082238197327,0.6173256635665894,0.40857526659965515,-0.3229818642139435,0.9132505655288696,0.6172913908958435,0.622253954410553,-0.04399716481566429,0.6721185445785522,0.6694446206092834,0.5926133394241333,-0.033775445073843,0.9998179078102112,0.6387161016464233,0.6035390496253967,0.03372754529118538,0.9995036721229553,0.6620103120803833,0.730938732624054,-0.0671648308634758,0.8768275380134583,0.6305315494537354,0.7262094616889954,-0.06057887524366379,0.6354578733444214,0.6696378588676453,0.8497872352600098,0.008859295397996902,0.7801279425621033,0.6401534676551819,0.8450227975845337,0.03685126081109047,0.45977288484573364,0.6730689406394958,0.8686131834983826,0.012260619550943375,0.699897050857544,0.6486181020736694,0.8614262938499451,0.04259756579995155,0.4536358118057251,0.662926435470581,0.887529194355011,-0.06329338252544403,0.7843014597892761,0.6305609941482544,0.8859604001045227,-0.03321843221783638,0.5477439165115356
sujin_fall_normal_10,360,120,12.001542416452443,29.9961444544403,10,0.6198745369911194,0.35949838161468506,-0.09447269141674042,0.9989114999771118,0.6245739459991455,0.3495967984199524,-0.08987144380807877,0.999413788318634,0.626975417137146,0.34942975640296936,-0.08991716057062149,0.9995815753936768,0.6296740174293518,0.3495113253593445,-0.08990287035703659,0.9993353486061096,0.6198191046714783,0.3504925072193146,-0.08005917072296143,0.9991421103477478,0.6186885833740234,0.35069480538368225,-0.08006996661424637,0.9992026090621948,0.6176519393920898,0.3509724736213684,-0.08015894144773483,0.9986484050750732,0.63831627368927,0.3566450774669647,-0.04558587074279785,0.9994603991508484,0.6207237243652344,0.35732313990592957,-0.004522937349975109,0.9990769624710083,0.6252745389938354,0.37085872888565063,-0.0775667205452919,0.9994900822639465,0.6195703148841858,0.3697417378425598,-0.06573495268821716,0.9992344975471497,0.66169273853302,0.41559213399887085,-0.05122731998562813,0.9996457099914551,0.6093531847000122,0.4338931739330292,0.057779960334300995,0.999613881111145,0.6459462642669678,0.4651704430580139,-0.1656825840473175,0.9771867394447327,0.6051204204559326,0.512389063835144,0.08174107223749161,0.7639800310134888,0.6272351145744324,0.3977639377117157,-0.30280429124832153,0.9616599678993225,0.6091928482055664,0.5821731090545654,0.011232026852667332,0.7245824337005615,0.6237093210220337,0.37625399231910706,-0.33637735247612,0.9408343434333801,0.6101093292236328,0.6056458353996277,-0.00028047693194821477,0.6862166523933411,0.6272282004356384,0.37098613381385803,-0.3343891501426697,0.9404917359352112,0.6142780780792236,0.604769766330719,-0.01858360506594181,0.694398045539856,0.6277368664741516,0.37923282384872437,-0.3061782717704773,0.916862964630127,0.6150386333465576,0.5978254675865173,0.0023910703603178263,0.6914685368537903,0.6690106987953186,0.5840209126472473,-0.03471625968813896,0.9998121857643127,0.6364469528198242,0.5887648463249207,0.03465350717306137,0.999525785446167,0.6618722677230835,0.7255061268806458,-0.058070991188287735,0.846883237361908,0.6317518949508667,0.7236471772193909,-0.04276826232671738,0.6334238052368164,0.6677718758583069,0.850917637348175,-0.003106726100668311,0.7693067193031311,0.6359440684318542,0.8451533913612366,0.03877613693475723,0.47096574306488037,0.6712863445281982,0.8700484037399292,-0.005190656054764986,0.6827549338340759,0.6399428248405457,0.8642929792404175,0.04214413836598396,0.4542393684387207,0.6587243676185608,0.8837953805923462,-0.08740837126970291,0.7778461575508118,0.6235338449478149,0.8848634958267212,-0.03557651862502098,0.5600884556770325
sujin_fall_normal_10,363,121,12.10155526992288,29.9961444544403,10,0.6286777257919312,0.3562524914741516,-0.023455675691366196,0.9990193843841553,0.6335204243659973,0.3465961217880249,-0.01588497869670391,0.9994701743125916,0.6358514428138733,0.3462953269481659,-0.015941953286528587,0.9996211528778076,0.6382039189338684,0.34595727920532227,-0.015950605273246765,0.9993992447853088,0.627175509929657,0.34760791063308716,-0.007868996821343899,0.9992265701293945,0.6253787875175476,0.3479660153388977,-0.007864265702664852,0.9992808103561401,0.6238091588020325,0.3481658399105072,-0.00792570598423481,0.9987823367118835,0.6439840793609619,0.3528746962547302,0.033848777413368225,0.999509334564209,0.6246712803840637,0.3549997806549072,0.06842208653688431,0.9991679191589355,0.6336389780044556,0.366847962141037,-0.004364172462373972,0.999535858631134,0.6260232925415039,0.3678482472896576,0.005489865317940712,0.999308705329895,0.6666162610054016,0.40892329812049866,0.006489320192486048,0.9996615648269653,0.614220917224884,0.43060925602912903,0.12841898202896118,0.9996506571769714,0.6528996229171753,0.4263899624347687,-0.12273569405078888,0.9758778810501099,0.6066055297851562,0.5045530200004578,0.15184326469898224,0.7803786993026733,0.6394961476325989,0.3861147165298462,-0.2728930711746216,0.9597760438919067,0.6082359552383423,0.5696207880973816,0.09348894655704498,0.746757447719574,0.6382660269737244,0.3744850158691406,-0.30914434790611267,0.9396112561225891,0.6081624627113342,0.5945491790771484,0.0839841365814209,0.7083187699317932,0.6408490538597107,0.36945557594299316,-0.3087998628616333,0.9385952949523926,0.6107403635978699,0.594417929649353,0.06713061779737473,0.7159780859947205,0.6404136419296265,0.3761367201805115,-0.27840644121170044,0.9143028259277344,0.6122281551361084,0.5873650312423706,0.08518321812152863,0.7120287418365479,0.6669458746910095,0.5771794319152832,-0.04285360872745514,0.9998109340667725,0.6334303021430969,0.5834735631942749,0.04280750826001167,0.9995521306991577,0.6604931354522705,0.7244464159011841,-0.08247734606266022,0.845335841178894,0.6314948797225952,0.7237790822982788,-0.02024356834590435,0.6471453309059143,0.6655318737030029,0.8587238192558289,-0.07353297621011734,0.7730666399002075,0.636296808719635,0.8539848327636719,0.006188301369547844,0.5000805258750916,0.6688403487205505,0.8841265439987183,-0.07621100544929504,0.6815040707588196,0.6410452127456665,0.8781478404998779,0.004382633138448,0.47934815287590027,0.6556645631790161,0.8857755661010742,-0.1515316516160965,0.7829338312149048,0.6102316379547119,0.8829823732376099,-0.06882315129041672,0.5832714438438416
sujin_fall_normal_10,366,122,12.201568123393317,29.9961444544403,10,0.6351690888404846,0.3519664704799652,-0.007917170412838459,0.9991164803504944,0.6404160857200623,0.34351396560668945,0.0036616800352931023,0.9995211362838745,0.6431315541267395,0.34351786971092224,0.0036049638874828815,0.9996570348739624,0.6455926299095154,0.3436509668827057,0.003583828918635845,0.9994573593139648,0.6330289244651794,0.34369194507598877,0.00959742534905672,0.9993022084236145,0.6307645440101624,0.34381088614463806,0.009615792892873287,0.9993504285812378,0.6289066672325134,0.34387344121932983,0.009559329599142075,0.9989024996757507,0.6518075466156006,0.34968602657318115,0.061365168541669846,0.9995542168617249,0.6290045976638794,0.3509577214717865,0.08649066835641861,0.9992493391036987,0.6406162977218628,0.36377668380737305,0.013151885010302067,0.9995760917663574,0.6317167282104492,0.3636827766895294,0.020274557173252106,0.9993744492530823,0.673505961894989,0.4147680103778839,0.04549547657370567,0.9996742010116577,0.6168088912963867,0.42824891209602356,0.13414648175239563,0.9996820092201233,0.6609414219856262,0.443074107170105,-0.0877237617969513,0.9744284152984619,0.6082521080970764,0.49821996688842773,0.16595488786697388,0.7906144261360168,0.656614363193512,0.37344488501548767,-0.24970753490924835,0.960520327091217,0.6078653931617737,0.5606523752212524,0.11989305913448334,0.7628471851348877,0.6566193103790283,0.3556956946849823,-0.2819960415363312,0.9412480592727661,0.6060108542442322,0.5845994353294373,0.11221400648355484,0.7223268151283264,0.6586557030677795,0.3521724343299866,-0.28027456998825073,0.939948558807373,0.6086875200271606,0.5828237533569336,0.09747704118490219,0.7297009825706482,0.6581047177314758,0.35874253511428833,-0.25446948409080505,0.9158737659454346,0.6106874942779541,0.5756340026855469,0.11284792423248291,0.7246755361557007,0.6646807193756104,0.5711774826049805,-0.03241857513785362,0.9998061060905457,0.6314919590950012,0.577012300491333,0.03243329003453255,0.9995753169059753,0.6586279273033142,0.7208255529403687,-0.09195097535848618,0.8319373726844788,0.6313728094100952,0.7271871566772461,-0.05154426768422127,0.6519834995269775,0.6629460453987122,0.8576977849006653,-0.08273279666900635,0.7597487568855286,0.63653165102005,0.8568664193153381,-0.03727958723902702,0.5118623971939087,0.6648054718971252,0.8800004720687866,-0.08490040898323059,0.6548309326171875,0.6431771516799927,0.8834773898124695,-0.040248654782772064,0.4808769226074219,0.6596112847328186,0.8862287998199463,-0.1628701090812683,0.7759854197502136,0.6116469502449036,0.897882342338562,-0.12200040370225906,0.5910845994949341
sujin_fall_normal_10,369,123,12.301580976863754,29.9961444544403,10,0.6410204172134399,0.35049131512641907,-0.0019565923139452934,0.9992045164108276,0.6460329294204712,0.34113773703575134,0.010301715694367886,0.9995684623718262,0.648891031742096,0.3411688208580017,0.010258509777486324,0.9996907711029053,0.6510193347930908,0.34138306975364685,0.01024522352963686,0.9995110630989075,0.6387509703636169,0.34189650416374207,0.014747467823326588,0.9993714690208435,0.6364010572433472,0.34253644943237305,0.014765391126275063,0.9994146823883057,0.6345880031585693,0.34300094842910767,0.014722923748195171,0.9990116953849792,0.6572643518447876,0.3477945923805237,0.06787227094173431,0.9995974898338318,0.6338396668434143,0.3503763973712921,0.0855434238910675,0.9993237257003784,0.6464372873306274,0.36271727085113525,0.018766481429338455,0.9996164441108704,0.6368964910507202,0.36235201358795166,0.023718412965536118,0.9994356632232666,0.6759530305862427,0.41430389881134033,0.052025411278009415,0.999700129032135,0.6196475625038147,0.42389944195747375,0.12954536080360413,0.999708354473114,0.671586811542511,0.4508841931819916,-0.06845838576555252,0.9755688905715942,0.608063817024231,0.498501181602478,0.1693154126405716,0.8051124215126038,0.6712581515312195,0.38087332248687744,-0.2249700129032135,0.9634614586830139,0.6082388758659363,0.5554672479629517,0.15032871067523956,0.780847430229187,0.6695931553840637,0.36812877655029297,-0.2536368668079376,0.9453431963920593,0.6075044274330139,0.5799111127853394,0.1482899785041809,0.7394648790359497,0.6709657907485962,0.3652992844581604,-0.2522127032279968,0.9440354704856873,0.6114371418952942,0.5782058835029602,0.1390385776758194,0.7463525533676147,0.6707152724266052,0.3714725971221924,-0.22884054481983185,0.9213787317276001,0.6131048798561096,0.571646511554718,0.14689427614212036,0.7407330870628357,0.6641930937767029,0.5663824081420898,-0.029947612434625626,0.9998039603233337,0.6316975355148315,0.5717658400535583,0.029882099479436874,0.999593198299408,0.6579462289810181,0.7111959457397461,-0.09120393544435501,0.8187960386276245,0.6327874660491943,0.7255358695983887,-0.04299793764948845,0.6379827857017517,0.6618378162384033,0.8515849113464355,-0.08500733226537704,0.7436819076538086,0.63818359375,0.8560190200805664,-0.028338702395558357,0.5061541199684143,0.6636639833450317,0.8711460828781128,-0.08663277328014374,0.6331511735916138,0.6444498896598816,0.8807790279388428,-0.031084230169653893,0.4717596471309662,0.6587667465209961,0.8864672183990479,-0.15369270741939545,0.7657604813575745,0.6152406334877014,0.8964206576347351,-0.10076901316642761,0.5818318128585815
sujin_fall_normal_10,372,124,12.40159383033419,29.9961444544403,10,0.6473710536956787,0.3472346067428589,-0.02318657748401165,0.9992838501930237,0.652267336845398,0.3391464948654175,-0.018955983221530914,0.9996111392974854,0.6546390652656555,0.3392111659049988,-0.01900794915854931,0.999721109867096,0.6573665738105774,0.33949583768844604,-0.01902242749929428,0.9995593428611755,0.6451520919799805,0.3401578664779663,-0.001940009300597012,0.9994339942932129,0.6425729393959045,0.34091925621032715,-0.002078735502436757,0.9994727969169617,0.6398820877075195,0.34169802069664,-0.002442487282678485,0.999110221862793,0.662818968296051,0.3469337821006775,0.04375999793410301,0.9996362924575806,0.6386530995368958,0.34903982281684875,0.06792296469211578,0.9993910193443298,0.6529761552810669,0.36057525873184204,-0.00937103945761919,0.9996537566184998,0.6437593102455139,0.3609738349914551,0.014148371294140816,0.9994916319847107,0.6801992058753967,0.41699180006980896,0.05375276133418083,0.9997049570083618,0.6228196024894714,0.42382511496543884,0.08755867183208466,0.9997323751449585,0.6894413828849792,0.4376017153263092,-0.02879919670522213,0.9729132652282715,0.6082233786582947,0.49858754873275757,0.10346391797065735,0.8225782513618469,0.691948652267456,0.3830896019935608,-0.16594770550727844,0.9584631323814392,0.6097758412361145,0.5510650277137756,0.060526710003614426,0.7991703152656555,0.6937853693962097,0.3772464096546173,-0.19620749354362488,0.9368260502815247,0.6103659272193909,0.5731566548347473,0.04789862409234047,0.7577486634254456,0.6936944127082825,0.3745822608470917,-0.19843840599060059,0.9351539611816406,0.6153401136398315,0.5695430636405945,0.03607703372836113,0.7642565369606018,0.6904754042625427,0.37767696380615234,-0.17197175323963165,0.9133353233337402,0.6165981292724609,0.5636493563652039,0.05561264231801033,0.7580482363700867,0.6645574569702148,0.5718178153038025,-0.015456017106771469,0.9997565150260925,0.6326161623001099,0.57551109790802,0.01542988047003746,0.9995746612548828,0.6577809453010559,0.7200034856796265,-0.057532671838998795,0.7967053651809692,0.6357133388519287,0.7259227633476257,-0.030571075156331062,0.642298698425293,0.6617509126663208,0.8529561161994934,-0.020069755613803864,0.7154853343963623,0.6393377780914307,0.8570799827575684,0.005650926847010851,0.505338191986084,0.6618564128875732,0.8712301254272461,-0.02007330395281315,0.5959962010383606,0.6442217230796814,0.8794708251953125,0.005445301998406649,0.46038076281547546,0.6600828170776367,0.8919904828071594,-0.09764096140861511,0.732819676399231,0.6311585903167725,0.8972724676132202,-0.07382317632436752,0.5667540431022644
sujin_fall_normal_10,375,125,12.501606683804628,29.9961444544403,10,0.6514349579811096,0.3489086925983429,-0.026390044018626213,0.9993553757667542,0.655846893787384,0.34056195616722107,-0.02513132058084011,0.9996498823165894,0.6581037044525146,0.3407469391822815,-0.025169173255562782,0.9997488856315613,0.660626232624054,0.3410318195819855,-0.02517489343881607,0.999603271484375,0.6486970782279968,0.3413071930408478,-0.003499519545584917,0.9994904398918152,0.6458906531333923,0.3420555293560028,-0.0036183041520416737,0.999525249004364,0.6434608697891235,0.34291258454322815,-0.0034114932641386986,0.9991989731788635,0.6658627390861511,0.34849753975868225,0.0460234060883522,0.9996724724769592,0.6417171359062195,0.35096409916877747,0.0557069331407547,0.9994516968727112,0.6572628021240234,0.36115339398384094,-0.014790832996368408,0.9996881484985352,0.6478995084762573,0.3612949252128601,0.005990901496261358,0.999542236328125,0.683875322341919,0.41861093044281006,0.06359274685382843,0.9997327923774719,0.6257413625717163,0.42492595314979553,0.08855856209993362,0.999753475189209,0.6923749446868896,0.48088186979293823,-0.028491543605923653,0.973891019821167,0.611536979675293,0.5010128021240234,0.06863391399383545,0.8292522430419922,0.7108787298202515,0.3991677761077881,-0.1822682023048401,0.9618077278137207,0.6095718741416931,0.5279572010040283,-0.02855849452316761,0.8102983832359314,0.7180044651031494,0.3885059058666229,-0.21642474830150604,0.9415373206138611,0.6102883815765381,0.5431618690490723,-0.047329649329185486,0.7687179446220398,0.7184949517250061,0.3839374780654907,-0.2195425182580948,0.9400688409805298,0.6143633127212524,0.5395845174789429,-0.06074094399809837,0.7753103375434875,0.7158468961715698,0.3853423595428467,-0.18887104094028473,0.9198423624038696,0.6152583956718445,0.5345537662506104,-0.036607567220926285,0.769167959690094,0.6691505312919617,0.5736204981803894,-0.011073242872953415,0.9997611045837402,0.6354192495346069,0.5768601298332214,0.01118431519716978,0.9995855689048767,0.6647192239761353,0.7204914689064026,-0.05479581281542778,0.7857606410980225,0.6363350749015808,0.7262897491455078,-0.02910137176513672,0.6418847441673279,0.6643961071968079,0.8530319929122925,-0.012656419537961483,0.6957358121871948,0.6405981183052063,0.8571307063102722,0.019692357629537582,0.505199134349823,0.6625557541847229,0.8713001012802124,-0.012233498506247997,0.5707542896270752,0.6448956727981567,0.8759002685546875,0.0199726689606905,0.4507553279399872,0.666858971118927,0.8929274082183838,-0.0924590677022934,0.7116737961769104,0.6325105428695679,0.8963990807533264,-0.06360574066638947,0.5535973310470581
sujin_fall_normal_10,378,126,12.601619537275065,29.9961444544403,10,0.6542844772338867,0.3500654697418213,-0.06275724619626999,0.999419093132019,0.6587160229682922,0.3419320285320282,-0.049242470413446426,0.9996838569641113,0.6609584093093872,0.3420766592025757,-0.04930110648274422,0.9997727274894714,0.6631110906600952,0.3423214554786682,-0.049361757934093475,0.9996417760848999,0.6514084935188293,0.342641681432724,-0.04775474593043327,0.999539852142334,0.6485727429389954,0.3432978093624115,-0.04776321351528168,0.9995707273483276,0.6462751626968384,0.3439905345439911,-0.0477229505777359,0.9992773532867432,0.6679978966712952,0.3496328592300415,0.032388754189014435,0.9997034072875977,0.643751859664917,0.35204339027404785,0.02763097919523716,0.9995042085647583,0.6597457528114319,0.36225825548171997,-0.034488532692193985,0.9997177720069885,0.6499511003494263,0.3621766269207001,-0.033837009221315384,0.9995864033699036,0.6838904023170471,0.4228565990924835,0.0629674419760704,0.9997526407241821,0.6278169751167297,0.4260084331035614,0.06387986242771149,0.9997621774673462,0.6923701763153076,0.5001034140586853,-0.01648974046111107,0.9724389910697937,0.620831310749054,0.5159764885902405,-0.005782593507319689,0.8369385600090027,0.7057662606239319,0.4181046187877655,-0.150212824344635,0.9645477533340454,0.6076883673667908,0.4839422106742859,-0.16410605609416962,0.8275452852249146,0.7112866044044495,0.40453967452049255,-0.17984460294246674,0.9452885389328003,0.6017267107963562,0.4765350818634033,-0.19357839226722717,0.7892259955406189,0.7129096984863281,0.3997570872306824,-0.1785353571176529,0.9439569711685181,0.601374626159668,0.4676796495914459,-0.20237572491168976,0.795282781124115,0.7100837826728821,0.4039880931377411,-0.15426373481750488,0.9250554442405701,0.6039997339248657,0.4689022898674011,-0.17228250205516815,0.7891242504119873,0.6696794629096985,0.5802035927772522,-0.0032680064905434847,0.9997541904449463,0.635822057723999,0.5799201726913452,0.003365893382579088,0.9995702505111694,0.6644953489303589,0.727864682674408,-0.0351773276925087,0.7898557782173157,0.6361899971961975,0.7280982732772827,-0.022957194596529007,0.6495935916900635,0.6643550395965576,0.853202760219574,0.04246320202946663,0.6928592324256897,0.6401599645614624,0.8516417741775513,0.06612829118967056,0.5175702571868896,0.6618111729621887,0.8707501292228699,0.046300504356622696,0.5534957647323608,0.6417668461799622,0.8650129437446594,0.07104053348302841,0.4399707019329071,0.6670748591423035,0.890095055103302,-0.03321337327361107,0.7062874436378479,0.6336489319801331,0.8955828547477722,-0.012747271917760372,0.5582765340805054
sujin_fall_normal_10,381,127,12.701632390745502,29.9961444544403,10,0.6565853357315063,0.3528205454349518,-0.07845306396484375,0.9994741082191467,0.6608194708824158,0.3437236249446869,-0.06618250906467438,0.9997118711471558,0.662800133228302,0.3440643548965454,-0.06625352054834366,0.9997915625572205,0.6649437546730042,0.3447277247905731,-0.06632624566555023,0.9996739625930786,0.6540029644966125,0.3437381684780121,-0.06270628422498703,0.9995800256729126,0.6512662172317505,0.3441014885902405,-0.0627007931470871,0.9996050596237183,0.6488257050514221,0.3445502519607544,-0.06268617510795593,0.9993406534194946,0.6697520017623901,0.3526131510734558,0.009366382844746113,0.9997290968894958,0.6456133723258972,0.35258057713508606,0.02149522490799427,0.9995392560958862,0.6611591577529907,0.3649429678916931,-0.05033259466290474,0.999740719795227,0.6519839763641357,0.36377301812171936,-0.04680035263299942,0.9996191263198853,0.6849840879440308,0.4219844937324524,0.02924090065062046,0.999762237071991,0.6296517848968506,0.42588332295417786,0.07158125191926956,0.9997161030769348,0.6898053884506226,0.5024179816246033,-0.06122494488954544,0.9724898338317871,0.6188127398490906,0.5143511891365051,-0.007268762215971947,0.8291164636611938,0.6792660355567932,0.4181067645549774,-0.16922542452812195,0.9665769338607788,0.6199546456336975,0.4411261975765228,-0.16570499539375305,0.8349167704582214,0.6793962717056274,0.40248340368270874,-0.19976185262203217,0.9474899768829346,0.6167938113212585,0.42594414949417114,-0.19281816482543945,0.7954971194267273,0.6827032566070557,0.39607441425323486,-0.19544382393360138,0.946083128452301,0.6166368722915649,0.42243334650993347,-0.19376102089881897,0.8003382086753845,0.6815766096115112,0.4037844240665436,-0.1730213463306427,0.9274664521217346,0.6184121966362,0.42664363980293274,-0.17101828753948212,0.7922278642654419,0.6705683469772339,0.580600380897522,-0.010487699881196022,0.9997236132621765,0.6364749670028687,0.582099437713623,0.0106819998472929,0.99950110912323,0.6673716306686401,0.728931725025177,-0.04777621850371361,0.7886421084403992,0.6370827555656433,0.728278636932373,0.000595665187574923,0.6451008915901184,0.6665627956390381,0.8587340712547302,0.02034454606473446,0.6873330473899841,0.6424967050552368,0.8523003458976746,0.08296361565589905,0.5196556448936462,0.6642788052558899,0.8771094679832458,0.02385786548256874,0.5359303951263428,0.6453216075897217,0.8676386475563049,0.08690489083528519,0.43012213706970215,0.6675756573677063,0.8948394060134888,-0.0779849961400032,0.6974337697029114,0.6344947814941406,0.8947749137878418,0.0026284826453775167,0.5519570708274841
sujin_fall_normal_10,384,128,12.801645244215939,29.9961444544403,10,0.6579686999320984,0.3530137538909912,-0.07125832885503769,0.9994994401931763,0.6623206734657288,0.34392425417900085,-0.05932752788066864,0.9996920228004456,0.6644489765167236,0.3444243371486664,-0.059392672032117844,0.9997594356536865,0.6665478944778442,0.34547552466392517,-0.05944843962788582,0.9996539354324341,0.6550353765487671,0.34415286779403687,-0.0565992146730423,0.9995633959770203,0.6520928740501404,0.3445107340812683,-0.056596264243125916,0.9995637536048889,0.649823784828186,0.34496331214904785,-0.0565938726067543,0.99933260679245,0.6713311672210693,0.3529406487941742,0.01287478394806385,0.9996742606163025,0.6464211344718933,0.35260435938835144,0.022398293018341064,0.999454140663147,0.6625117063522339,0.3651678264141083,-0.043924156576395035,0.9996935725212097,0.6529040932655334,0.36412313580513,-0.04111738130450249,0.9995861649513245,0.6877397298812866,0.42018264532089233,0.03305172547698021,0.9997641444206238,0.6304967999458313,0.42476871609687805,0.0713825598359108,0.9996851086616516,0.6895557045936584,0.500881016254425,-0.030592573806643486,0.972438633441925,0.6175957322120667,0.5089203119277954,0.006942409556359053,0.8393396139144897,0.6580938100814819,0.4352055490016937,-0.11563580483198166,0.9680722951889038,0.6346029043197632,0.443997323513031,-0.11975745111703873,0.8461315631866455,0.6509910821914673,0.41629108786582947,-0.14272284507751465,0.9484286308288574,0.6394044160842896,0.4246867299079895,-0.1455562561750412,0.8049864172935486,0.6527321934700012,0.4107239842414856,-0.1367562711238861,0.9468710422515869,0.639927864074707,0.41723600029945374,-0.14379830658435822,0.8081938624382019,0.6543358564376831,0.4154864251613617,-0.11517508327960968,0.9280379414558411,0.6393541097640991,0.42241397500038147,-0.12236098945140839,0.7975627183914185,0.6726030707359314,0.5799092054367065,-0.008663685992360115,0.9996218085289001,0.6379271149635315,0.5804005265235901,0.008844343014061451,0.9993391633033752,0.6674689054489136,0.7255510687828064,-0.04274100810289383,0.7617505192756653,0.6384186148643494,0.725156307220459,-0.006481772288680077,0.6250122785568237,0.6643974781036377,0.8581803441047668,0.015029734000563622,0.6584552526473999,0.6412858963012695,0.8524172902107239,0.07218413800001144,0.5040562152862549,0.6609166860580444,0.8770103454589844,0.017040306702256203,0.512283980846405,0.6444728374481201,0.8679066300392151,0.07607117295265198,0.4122338593006134,0.6664056777954102,0.8946818709373474,-0.06966719031333923,0.6712809801101685,0.6351246237754822,0.8943662047386169,-0.008581067435443401,0.530506432056427
sujin_fall_normal_10,387,129,12.901658097686376,29.9961444544403,10,0.6584317088127136,0.35225313901901245,-0.07812529057264328,0.9995096921920776,0.6630992293357849,0.3442116975784302,-0.06619660556316376,0.9996509552001953,0.6656674146652222,0.344728022813797,-0.06625471264123917,0.9997021555900574,0.667477011680603,0.3456425964832306,-0.06629796326160431,0.999604344367981,0.6554635763168335,0.34408384561538696,-0.06411197781562805,0.9995238780975342,0.6528676748275757,0.34427905082702637,-0.06411126255989075,0.9994957447052002,0.6506513357162476,0.34474924206733704,-0.06410498917102814,0.9992996454238892,0.6724745631217957,0.35279667377471924,0.008379685692489147,0.999580442905426,0.6475802063941956,0.35128989815711975,0.015703339129686356,0.9993384480476379,0.6633449792861938,0.3643064796924591,-0.049713555723428726,0.9996352791786194,0.6533905267715454,0.3629937469959259,-0.04758234694600105,0.9995501041412354,0.6897271275520325,0.4195874333381653,0.031113838776946068,0.9997571110725403,0.6309973001480103,0.4224501848220825,0.064755380153656,0.9996573328971863,0.6898667216300964,0.5026839375495911,-0.033970680087804794,0.9719738364219666,0.6160991787910461,0.506903886795044,-0.0013262450229376554,0.8498437404632568,0.6577659845352173,0.4429015517234802,-0.12721949815750122,0.9689764976501465,0.6367560029029846,0.444941908121109,-0.12483403831720352,0.8567468523979187,0.6498712301254272,0.4234817326068878,-0.15572325885295868,0.9481958150863647,0.642150342464447,0.4250704348087311,-0.1520148366689682,0.8138112425804138,0.651665449142456,0.41569802165031433,-0.1492873877286911,0.9464635252952576,0.6426858305931091,0.4164787828922272,-0.14700499176979065,0.8154672980308533,0.6538661122322083,0.42035970091819763,-0.12688764929771423,0.9270471930503845,0.6420297622680664,0.4212905764579773,-0.12591774761676788,0.802385687828064,0.6736422181129456,0.5803320407867432,-0.008156121708452702,0.999521017074585,0.6384932994842529,0.5805264711380005,0.008328454568982124,0.9991970062255859,0.6665126085281372,0.725561261177063,-0.030434446409344673,0.7451128959655762,0.6393533945083618,0.724810004234314,-0.005514543037861586,0.6133711934089661,0.6606349349021912,0.8572054505348206,0.046305038034915924,0.6406235098838806,0.6405735611915588,0.8512263298034668,0.09140225499868393,0.49660664796829224,0.6571093201637268,0.8754908442497253,0.05003367364406586,0.49388235807418823,0.6424097418785095,0.8680115342140198,0.09696808457374573,0.397040992975235,0.6625627279281616,0.8937804698944092,-0.03623787313699722,0.6543804407119751,0.6343140006065369,0.8938708305358887,0.0088927261531353,0.5179141759872437
