sample_id,frame_idx,pose_idx,time_sec,original_fps,target_fps,kp_0_x,kp_0_y,kp_0_z,kp_0_visibility,kp_1_x,kp_1_y,kp_1_z,kp_1_visibility,kp_2_x,kp_2_y,kp_2_z,kp_2_visibility,kp_3_x,kp_3_y,kp_3_z,kp_3_visibility,kp_4_x,kp_4_y,kp_4_z,kp_4_visibility,kp_5_x,kp_5_y,kp_5_z,kp_5_visibility,kp_6_x,kp_6_y,kp_6_z,kp_6_visibility,kp_7_x,kp_7_y,kp_7_z,kp_7_visibility,kp_8_x,kp_8_y,kp_8_z,kp_8_visibility,kp_9_x,kp_9_y,kp_9_z,kp_9_visibility,kp_10_x,kp_10_y,kp_10_z,kp_10_visibility,kp_11_x,kp_11_y,kp_11_z,kp_11_visibility,kp_12_x,kp_12_y,kp_12_z,kp_12_visibility,kp_13_x,kp_13_y,kp_13_z,kp_13_visibility,kp_14_x,kp_14_y,kp_14_z,kp_14_visibility,kp_15_x,kp_15_y,kp_15_z,kp_15_visibility,kp_16_x,kp_16_y,kp_16_z,kp_16_visibility,kp_17_x,kp_17_y,kp_17_z,kp_17_visibility,kp_18_x,kp_18_y,kp_18_z,kp_18_visibility,kp_19_x,kp_19_y,kp_19_z,kp_19_visibility,kp_20_x,kp_20_y,kp_20_z,kp_20_visibility,kp_21_x,kp_21_y,kp_21_z,kp_21_visibility,kp_22_x,kp_22_y,kp_22_z,kp_22_visibility,kp_23_x,kp_23_y,kp_23_z,kp_23_visibility,kp_24_x,kp_24_y,kp_24_z,kp_24_visibility,kp_25_x,kp_25_y,kp_25_z,kp_25_visibility,kp_26_x,kp_26_y,kp_26_z,kp_26_visibility,kp_27_x,kp_27_y,kp_27_z,kp_27_visibility,kp_28_x,kp_28_y,kp_28_z,kp_28_visibility,kp_29_x,kp_29_y,kp_29_z,kp_29_visibility,kp_30_x,kp_30_y,kp_30_z,kp_30_visibility,kp_31_x,kp_31_y,kp_31_z,kp_31_visibility,kp_32_x,kp_32_y,kp_32_z,kp_32_visibility
yena_fall_normal_12,0,0,0.0,29.995957418137717,10,0.6612147092819214,0.2501668334007263,-0.10376343876123428,0.9997126460075378,0.6652141809463501,0.24084949493408203,-0.08738724142313004,0.9997448325157166,0.667781412601471,0.2414609044790268,-0.08741581439971924,0.9997022747993469,0.6704062819480896,0.24200648069381714,-0.08742544800043106,0.9997174143791199,0.6582104563713074,0.23851770162582397,-0.08538305014371872,0.9996786117553711,0.6558660864830017,0.23793335258960724,-0.0853666216135025,0.9995757937431335,0.6535304188728333,0.23749598860740662,-0.08538535982370377,0.9995748400688171,0.6763359904289246,0.25056031346321106,-0.009134654887020588,0.9997429251670837,0.648536741733551,0.25047627091407776,0.0019449354149401188,0.9996201992034912,0.6671143770217896,0.2650647461414337,-0.07530497014522552,0.9995294809341431,0.6575372815132141,0.26361092925071716,-0.07236383855342865,0.9993492960929871,0.6956609487533569,0.321757972240448,-0.03263574466109276,0.9964397549629211,0.6325075030326843,0.3290829658508301,-0.0072740488685667515,0.9959856867790222,0.6883092522621155,0.30207836627960205,-0.22875656187534332,0.9339068531990051,0.6251674294471741,0.31825387477874756,-0.20217594504356384,0.936715841293335,0.6677462458610535,0.21589645743370056,-0.36277320981025696,0.909753143787384,0.6548229455947876,0.22929376363754272,-0.35638514161109924,0.914250910282135,0.6615922451019287,0.189446359872818,-0.4013906419277191,0.8740234375,0.6561387181282043,0.20490479469299316,-0.3940945565700531,0.835769772529602,0.6615570187568665,0.18746984004974365,-0.38848596811294556,0.8653187155723572,0.6544995903968811,0.20233994722366333,-0.3808371126651764,0.8149328827857971,0.6631994247436523,0.1969148814678192,-0.3636210262775421,0.8497880697250366,0.6547513604164124,0.2113083004951477,-0.3579616844654083,0.7992093563079834,0.6850327849388123,0.529453694820404,-0.017011016607284546,0.999798595905304,0.6413783431053162,0.5312138795852661,0.01697772741317749,0.9995785355567932,0.6791369915008545,0.6873124241828918,-0.055008355528116226,0.9590229392051697,0.6458386182785034,0.6880100965499878,0.03734743222594261,0.8845303654670715,0.6767632365226746,0.8316571712493896,0.008127502165734768,0.921543300151825,0.6532005071640015,0.8136122822761536,0.16436542570590973,0.7611051797866821,0.6758621335029602,0.8507891893386841,0.007953780703246593,0.48187172412872314,0.6548450589179993,0.8287904262542725,0.17125803232192993,0.4262581169605255,0.6696028113365173,0.864424467086792,-0.10040636360645294,0.8794969916343689,0.6433666348457336,0.8451690673828125,0.08421383798122406,0.7529743313789368
yena_fall_normal_12,3,1,0.10001347708894878,29.995957418137717,10,0.66121506690979,0.25471365451812744,-0.10522124916315079,0.9997272491455078,0.6652266383171082,0.24411912262439728,-0.08822845667600632,0.9997563362121582,0.6677836775779724,0.2447231411933899,-0.08824457973241806,0.9997152090072632,0.6703975796699524,0.24517084658145905,-0.08825042098760605,0.9997299909591675,0.6582287549972534,0.24187393486499786,-0.08763191848993301,0.9996949434280396,0.6558810472488403,0.24129438400268555,-0.08763094991445541,0.9995984435081482,0.6535503268241882,0.24086196720600128,-0.0876612588763237,0.9995980262756348,0.6758178472518921,0.25218772888183594,-0.009073110297322273,0.999752402305603,0.6485978960990906,0.252097487449646,-0.0037039024755358696,0.999643862247467,0.6669982075691223,0.26801052689552307,-0.07604313641786575,0.999559223651886,0.6571692228317261,0.267767071723938,-0.07487420737743378,0.9993863105773926,0.695313036441803,0.32260361313819885,-0.02929115667939186,0.9966965317726135,0.6325415372848511,0.32864195108413696,-0.01772879809141159,0.996275782585144,0.6942253112792969,0.298483669757843,-0.22438548505306244,0.9366694092750549,0.6242122054100037,0.31223058700561523,-0.21495886147022247,0.9407570958137512,0.667876660823822,0.21765926480293274,-0.3607731759548187,0.9115580320358276,0.6548229455947876,0.22986598312854767,-0.3597385585308075,0.919106125831604,0.6618993878364563,0.19155685603618622,-0.3986935019493103,0.8745927214622498,0.6573947072029114,0.20532073080539703,-0.39618197083473206,0.8436602354049683,0.6618967056274414,0.18911300599575043,-0.38298743963241577,0.8656370639801025,0.6562052369117737,0.20300482213497162,-0.3831726610660553,0.8236031532287598,0.6634117364883423,0.19784115254878998,-0.3604845404624939,0.8502461910247803,0.6558752655982971,0.21286559104919434,-0.36077260971069336,0.8081604838371277,0.685385525226593,0.5304970741271973,-0.014999310486018658,0.9998143911361694,0.6418763995170593,0.5321645140647888,0.014934619888663292,0.9996090531349182,0.6799973845481873,0.6890886425971985,-0.07238870114088058,0.9604420065879822,0.6460364460945129,0.6885266900062561,0.04937330633401871,0.8846375942230225,0.6774014830589294,0.8338817358016968,-0.0335155613720417,0.9207753539085388,0.6529953479766846,0.8045170307159424,0.2412007451057434,0.7345232963562012,0.6767961978912354,0.8524409532546997,-0.03563227131962776,0.48003724217414856,0.6558971405029297,0.811668336391449,0.2563456892967224,0.4092748463153839,0.6700322031974792,0.8692663908004761,-0.14261764287948608,0.8788619637489319,0.643366813659668,0.8440368175506592,0.19363561272621155,0.7346559166908264
yena_fall_normal_12,6,2,0.20002695417789756,29.995957418137717,10,0.6617565155029297,0.2556387484073639,-0.11042953282594681,0.9997271299362183,0.6661021709442139,0.24536044895648956,-0.09203839302062988,0.9997549057006836,0.6684960722923279,0.24599400162696838,-0.09204544126987457,0.9997110962867737,0.6709619760513306,0.24655769765377045,-0.09205097705125809,0.9997271299362183,0.6590335369110107,0.2429191619157791,-0.09318327903747559,0.9996963143348694,0.6566352248191833,0.24221092462539673,-0.09317869693040848,0.9996016025543213,0.65433269739151,0.24156047403812408,-0.0931997150182724,0.9996035099029541,0.6759378910064697,0.2533501088619232,-0.00877491943538189,0.9997471570968628,0.6493120789527893,0.2524127960205078,-0.010303115472197533,0.9996529221534729,0.6671040058135986,0.2690581977367401,-0.07952792197465897,0.9995694756507874,0.6572040319442749,0.26827582716941833,-0.08070201426744461,0.9994000792503357,0.6953163743019104,0.32642173767089844,-0.0261649452149868,0.9967643618583679,0.632667601108551,0.32856664061546326,-0.028651241213083267,0.996418833732605,0.700981080532074,0.29609209299087524,-0.231732577085495,0.9384652972221375,0.6210301518440247,0.30453407764434814,-0.23526649177074432,0.9438871145248413,0.6703872680664062,0.22150161862373352,-0.3798583149909973,0.9103776812553406,0.6545087695121765,0.22994405031204224,-0.3744191527366638,0.9210480451583862,0.6635591983795166,0.19479037821292877,-0.4199157655239105,0.8704398274421692,0.6583051681518555,0.20724740624427795,-0.41100677847862244,0.8458096385002136,0.6635313034057617,0.1952795386314392,-0.40127378702163696,0.8611026406288147,0.657444953918457,0.20437994599342346,-0.3960399329662323,0.8258113265037537,0.6651411652565002,0.20282775163650513,-0.3791028559207916,0.8461138010025024,0.6565691828727722,0.2143484652042389,-0.3744000792503357,0.810026228427887,0.6856603622436523,0.5304844379425049,-0.00983166228979826,0.9998206496238708,0.6425792574882507,0.5318664312362671,0.009777995757758617,0.9996212124824524,0.6799793243408203,0.6883174180984497,-0.07180877029895782,0.9596270322799683,0.6468364000320435,0.6868279576301575,0.031518109142780304,0.8826988935470581,0.6772805452346802,0.8306431174278259,-0.018526311963796616,0.9164528846740723,0.652883768081665,0.8018902540206909,0.20077234506607056,0.7155659198760986,0.6762186884880066,0.8486441373825073,-0.020642925053834915,0.48034989833831787,0.6554445624351501,0.8135834336280823,0.21161170303821564,0.3955330550670624,0.6700046062469482,0.8682769536972046,-0.12286371737718582,0.8731691241264343,0.6433641314506531,0.8436541557312012,0.13528475165367126,0.7172800898551941
yena_fall_normal_12,9,3,0.3000404312668464,29.995957418137717,10,0.6622189879417419,0.25619930028915405,-0.09080448746681213,0.9997331500053406,0.6665127873420715,0.24583756923675537,-0.07066386193037033,0.9997596740722656,0.6688950657844543,0.24649816751480103,-0.07066497951745987,0.9997146725654602,0.6712482571601868,0.2472061663866043,-0.07065973430871964,0.9997316002845764,0.6592493653297424,0.2443857043981552,-0.07437290996313095,0.9997045993804932,0.6567848920822144,0.24438782036304474,-0.07437732070684433,0.9996152520179749,0.6543901562690735,0.2445220947265625,-0.0743974894285202,0.9996198415756226,0.6761472225189209,0.2548908293247223,0.019156068563461304,0.9997450709342957,0.6492964625358582,0.2553310990333557,0.0028160372748970985,0.9996659755706787,0.6673262119293213,0.2698898911476135,-0.05877072364091873,0.9995734691619873,0.657741367816925,0.269504576921463,-0.06363118439912796,0.9994116425514221,0.6958162784576416,0.33254897594451904,0.012497947551310062,0.99687260389328,0.6320602893829346,0.3349802792072296,-0.0171926598995924,0.9965078234672546,0.7113403677940369,0.3078559935092926,-0.17817144095897675,0.9399027824401855,0.616337776184082,0.32167214155197144,-0.21514548361301422,0.947075605392456,0.6761940717697144,0.24124786257743835,-0.32030820846557617,0.9105292558670044,0.6464113593101501,0.24887336790561676,-0.34635215997695923,0.9243981242179871,0.6674726009368896,0.22235406935214996,-0.35556262731552124,0.8656874299049377,0.6542989015579224,0.22850960493087769,-0.3789192736148834,0.8500512838363647,0.6677735447883606,0.22032731771469116,-0.3342529237270355,0.855644166469574,0.6545355319976807,0.22613270580768585,-0.3649371266365051,0.8304069638252258,0.6691663265228271,0.22890599071979523,-0.3177729845046997,0.8400904536247253,0.6530668139457703,0.2345709651708603,-0.3458107113838196,0.8140920400619507,0.685810387134552,0.5324175953865051,-0.0032158419489860535,0.9998205304145813,0.6427397131919861,0.533474862575531,0.0031665463466197252,0.9996201395988464,0.6799496412277222,0.6885839104652405,-0.05244678631424904,0.9569880962371826,0.6471602320671082,0.6873695254325867,0.022205382585525513,0.8775526285171509,0.6778641939163208,0.8317348957061768,-0.012735899537801743,0.914010763168335,0.6525660753250122,0.8043723106384277,0.15113243460655212,0.710667073726654,0.6757415533065796,0.8514770865440369,-0.0150071382522583,0.49170148372650146,0.6542413234710693,0.8186622262001038,0.15848615765571594,0.39091578125953674,0.6720563769340515,0.8811843991279602,-0.11926068365573883,0.8717722296714783,0.6447150707244873,0.8441439270973206,0.07495048642158508,0.7142873406410217
yena_fall_normal_12,12,4,0.40005390835579513,29.995957418137717,10,0.6594270467758179,0.2599615454673767,-0.08165580779314041,0.9997385144233704,0.6640127897262573,0.2510744333267212,-0.06186652183532715,0.9997604489326477,0.6670006513595581,0.2511472702026367,-0.06186489015817642,0.9997159242630005,0.6694099307060242,0.2513486444950104,-0.061869751662015915,0.9997352957725525,0.6566373705863953,0.2511373460292816,-0.06453242897987366,0.9997048377990723,0.6542295217514038,0.2514094412326813,-0.06454112380743027,0.9996188879013062,0.6518689393997192,0.25200679898262024,-0.06455399096012115,0.9996268153190613,0.6745999455451965,0.25951865315437317,0.025614451617002487,0.9997454881668091,0.6490907073020935,0.26174795627593994,0.0133669413626194,0.9996691346168518,0.6658688187599182,0.2741789221763611,-0.05098738521337509,0.9995841383934021,0.6557517647743225,0.27390506863594055,-0.05462801828980446,0.9994259476661682,0.6958079934120178,0.33449843525886536,0.03134883940219879,0.9971243143081665,0.6323095560073853,0.3379271328449249,0.007950635626912117,0.9966432452201843,0.7204094529151917,0.34348636865615845,-0.12920163571834564,0.9445706605911255,0.6103289723396301,0.3528760075569153,-0.15578992664813995,0.9507293105125427,0.6843577027320862,0.28338587284088135,-0.24964167177677155,0.9161767363548279,0.6430267095565796,0.2849149703979492,-0.26818278431892395,0.9279812574386597,0.6715266704559326,0.2733602523803711,-0.2799730598926544,0.8685823082923889,0.6520294547080994,0.26984596252441406,-0.29781246185302734,0.8531541228294373,0.6705716252326965,0.26979997754096985,-0.2588851749897003,0.8580628633499146,0.6531121730804443,0.26709267497062683,-0.2809966206550598,0.8332541584968567,0.6730033755302429,0.27449411153793335,-0.24556544423103333,0.8424525856971741,0.6513296961784363,0.2738417983055115,-0.26585105061531067,0.8161474466323853,0.6853898763656616,0.5360473990440369,0.0004898805636912584,0.9998188018798828,0.6429355144500732,0.5349211692810059,-0.0005085055599920452,0.9996092319488525,0.679548978805542,0.689856767654419,-0.03574816510081291,0.9543906450271606,0.6472262740135193,0.6875248551368713,0.017928609624505043,0.8765586018562317,0.677631139755249,0.8309995532035828,0.006485310848802328,0.9116787910461426,0.6524786353111267,0.8049790859222412,0.13252362608909607,0.7155370712280273,0.6739732027053833,0.8512468934059143,0.004823232069611549,0.5033444166183472,0.6538553833961487,0.8196446299552917,0.13893915712833405,0.3907756209373474,0.6778033375740051,0.8649777770042419,-0.09439586848020554,0.8712495565414429,0.6454624533653259,0.8461123704910278,0.05638979747891426,0.7201166749000549
yena_fall_normal_12,15,5,0.5000673854447439,29.995957418137717,10,0.659511148929596,0.2631741166114807,-0.09187871962785721,0.9997439384460449,0.6648042798042297,0.25275924801826477,-0.07468967884778976,0.9997540712356567,0.6680588126182556,0.2529311180114746,-0.07469779998064041,0.9997105598449707,0.670623242855072,0.2533036172389984,-0.07471175491809845,0.9997279644012451,0.6566304564476013,0.25328904390335083,-0.0730326697230339,0.9997040629386902,0.6539108753204346,0.2540924847126007,-0.07304494082927704,0.9996266961097717,0.6511715650558472,0.25478920340538025,-0.0730203166604042,0.9996355772018433,0.6760385632514954,0.2623579502105713,0.007445712573826313,0.9997313618659973,0.6489838361740112,0.26420679688453674,0.01073025818914175,0.9996660351753235,0.6660893559455872,0.27860453724861145,-0.062219616025686264,0.9996045827865601,0.655460774898529,0.2780623137950897,-0.05988572537899017,0.9994577765464783,0.6978150606155396,0.34148162603378296,0.019112708047032356,0.9973865747451782,0.6322740316390991,0.3412603735923767,0.02000819519162178,0.9969024062156677,0.7298654913902283,0.3893231153488159,-0.147268146276474,0.9488288760185242,0.6034745573997498,0.3970410227775574,-0.12885059416294098,0.9539664387702942,0.688101589679718,0.3488451838493347,-0.2884088158607483,0.9209102392196655,0.643719494342804,0.3503701686859131,-0.2707281708717346,0.9325360655784607,0.6735962629318237,0.35494962334632874,-0.32275471091270447,0.8725789189338684,0.654863715171814,0.3532676696777344,-0.30248430371284485,0.8609976172447205,0.6707274913787842,0.35290297865867615,-0.30295708775520325,0.8618803024291992,0.6579044461250305,0.3513028025627136,-0.28697845339775085,0.8419579267501831,0.6731323599815369,0.35090917348861694,-0.2848309278488159,0.8453418612480164,0.6556382775306702,0.34972575306892395,-0.2677697539329529,0.8240041136741638,0.6853882670402527,0.5387982130050659,-0.014030897989869118,0.9998204112052917,0.6429266333580017,0.5388917922973633,0.014014522545039654,0.9995885491371155,0.6798917055130005,0.6922087669372559,-0.06351860612630844,0.9555896520614624,0.6475207209587097,0.6917117238044739,0.02623000554740429,0.8787888884544373,0.6812007427215576,0.8326737284660339,0.01920216903090477,0.9139146208763123,0.6534456014633179,0.8052145838737488,0.18164663016796112,0.7227843999862671,0.6805206537246704,0.8512309193611145,0.022207411006093025,0.5061647295951843,0.6557397246360779,0.8195616006851196,0.19349361956119537,0.3973579406738281,0.6771205067634583,0.868147611618042,-0.07395929843187332,0.8733900189399719,0.6459653973579407,0.8469305038452148,0.12022282183170319,0.7268619537353516
yena_fall_normal_12,18,6,0.6000808625336927,29.995957418137717,10,0.6600049138069153,0.26501768827438354,-0.11764892935752869,0.9997662901878357,0.6655518412590027,0.2542285621166229,-0.10174974054098129,0.9997738599777222,0.6689945459365845,0.2544037997722626,-0.10179538279771805,0.9997339248657227,0.6715454459190369,0.2547892928123474,-0.10183136910200119,0.9997491836547852,0.656667947769165,0.25429248809814453,-0.10248137265443802,0.9997290968894958,0.6538925170898438,0.2548460364341736,-0.10248943418264389,0.9996585845947266,0.6511216759681702,0.25545334815979004,-0.10247106850147247,0.9996666312217712,0.6762116551399231,0.2631251811981201,-0.012231103144586086,0.9997515082359314,0.6489260792732239,0.2651638984680176,-0.014778947457671165,0.9996930360794067,0.6662468314170837,0.28145378828048706,-0.08387090265750885,0.9996424913406372,0.6554653644561768,0.28094106912612915,-0.08454100787639618,0.999509871006012,0.6981026530265808,0.3427622318267822,0.020734699442982674,0.9976463317871094,0.6289680004119873,0.34495002031326294,0.03147221729159355,0.9972004890441895,0.7261641621589661,0.42826157808303833,-0.05457625538110733,0.9531347155570984,0.6056663990020752,0.4328608512878418,-0.04204999655485153,0.9561253190040588,0.6889171600341797,0.4196673035621643,-0.21159693598747253,0.9272100329399109,0.6424593329429626,0.42869192361831665,-0.206155925989151,0.9371371865272522,0.6766850352287292,0.42331451177597046,-0.24939735233783722,0.8818219900131226,0.6510846614837646,0.430257111787796,-0.2406260222196579,0.8702899217605591,0.673433244228363,0.408704936504364,-0.24480301141738892,0.8720359206199646,0.6524808406829834,0.416143536567688,-0.24159611761569977,0.8527294397354126,0.675137460231781,0.40734249353408813,-0.2121424525976181,0.8552893996238708,0.6511048674583435,0.41509753465652466,-0.20901434123516083,0.8344090580940247,0.6851146221160889,0.5403267741203308,-0.013634024187922478,0.9998284578323364,0.6417545080184937,0.5404471158981323,0.013681129552423954,0.9995914101600647,0.680812418460846,0.6942247152328491,-0.09163783490657806,0.9581180810928345,0.6477064490318298,0.6933320164680481,0.04177292063832283,0.8793842196464539,0.6836078763008118,0.8340062499046326,-0.007169890683144331,0.9168875217437744,0.6535015106201172,0.8051760792732239,0.25958025455474854,0.7200515866279602,0.6835691928863525,0.851788341999054,-0.004473996814340353,0.5137374401092529,0.656308114528656,0.8171136975288391,0.27740243077278137,0.4036867320537567,0.6773471236228943,0.8712921142578125,-0.11093025654554367,0.8756392002105713,0.6459588408470154,0.8467227816581726,0.20581507682800293,0.7261302471160889
yena_fall_normal_12,21,7,0.7000943396226416,29.995957418137717,10,0.6600400805473328,0.26450419425964355,-0.13177348673343658,0.9997857809066772,0.6659595966339111,0.25413650274276733,-0.11684192717075348,0.9997855424880981,0.6692537665367126,0.2543034851551056,-0.11686579138040543,0.9997493028640747,0.6717106699943542,0.2547009587287903,-0.11687836050987244,0.9997634291648865,0.6567034125328064,0.25397470593452454,-0.11595337092876434,0.9997453689575195,0.6538935899734497,0.2545749545097351,-0.1159668117761612,0.999680757522583,0.6510103344917297,0.2552413046360016,-0.11597378551959991,0.9996882677078247,0.676710844039917,0.2630004584789276,-0.03958914056420326,0.9997597336769104,0.6486673951148987,0.26457086205482483,-0.03494717925786972,0.9997044205665588,0.6662731766700745,0.2810691297054291,-0.10342447459697723,0.9996750354766846,0.6552844643592834,0.28054410219192505,-0.1020897775888443,0.9995543360710144,0.6981983184814453,0.3455691635608673,-0.00956389494240284,0.9978795051574707,0.6282317042350769,0.3485381007194519,0.020187871530652046,0.9974626302719116,0.7165823578834534,0.43630045652389526,0.0005416751955635846,0.9563996195793152,0.6115316152572632,0.433983713388443,0.013496765866875648,0.9531212449073792,0.6934199929237366,0.4905688166618347,-0.07512479275465012,0.9316549301147461,0.6312890648841858,0.4870576560497284,-0.08270107209682465,0.9355551600456238,0.6892346143722534,0.5134940147399902,-0.10170233994722366,0.8889999985694885,0.6347435712814331,0.5126388072967529,-0.11002217233181,0.8713372349739075,0.683788001537323,0.5064412951469421,-0.11668267846107483,0.8802090287208557,0.6400212645530701,0.5077129602432251,-0.1263156533241272,0.8556123971939087,0.6833463907241821,0.49942779541015625,-0.08165207505226135,0.8636208772659302,0.6402825713157654,0.4993956983089447,-0.09126531332731247,0.8374492526054382,0.6846160292625427,0.5418126583099365,-0.013496797531843185,0.9998324513435364,0.6420058608055115,0.5405450463294983,0.013520588167011738,0.9996014833450317,0.6808562874794006,0.6952509880065918,-0.07077554613351822,0.9607478976249695,0.6468825936317444,0.6918975710868835,0.0268771480768919,0.8837747573852539,0.6833071112632751,0.8306782841682434,0.04092620313167572,0.9217350482940674,0.6528816223144531,0.800662636756897,0.22518736124038696,0.7343503832817078,0.6831339597702026,0.8469001054763794,0.045609407126903534,0.5212228298187256,0.6554805040359497,0.8110681772232056,0.23796601593494415,0.42244836688041687,0.6740820407867432,0.870032787322998,-0.05542242154479027,0.8812598586082458,0.6455827355384827,0.8466262817382812,0.161870077252388,0.7399426698684692
yena_fall_normal_12,24,8,0.8001078167115903,29.995957418137717,10,0.6601205468177795,0.26308292150497437,-0.12653253972530365,0.9998041987419128,0.6661879420280457,0.25239163637161255,-0.11266440898180008,0.9997961521148682,0.6693903207778931,0.25286462903022766,-0.11269210278987885,0.9997638463973999,0.6717645525932312,0.253579705953598,-0.11269773542881012,0.9997766017913818,0.6567261815071106,0.25207358598709106,-0.11125893890857697,0.9997579455375671,0.6539013981819153,0.25238409638404846,-0.11126552522182465,0.9996988773345947,0.6509917378425598,0.2528476119041443,-0.11128551512956619,0.9997057318687439,0.6768258213996887,0.26214599609375,-0.040872201323509216,0.9997682571411133,0.6485798358917236,0.2629100978374481,-0.03343036025762558,0.999707043170929,0.6663559079170227,0.2801603674888611,-0.099777951836586,0.9997043013572693,0.6552413105964661,0.2794431149959564,-0.0978458896279335,0.9995940923690796,0.6981631517410278,0.3453276455402374,-0.019341254606842995,0.9980899095535278,0.6274675726890564,0.3479740023612976,0.018872346729040146,0.9976981282234192,0.7089262008666992,0.4422591030597687,-0.010775397531688213,0.9587715864181519,0.6152826547622681,0.4365302622318268,0.016948580741882324,0.9479948878288269,0.7008278965950012,0.5192063450813293,-0.09005368500947952,0.9358587861061096,0.6276952028274536,0.5125270485877991,-0.06910745054483414,0.933381974697113,0.6996845006942749,0.5481743812561035,-0.11541131138801575,0.8960927724838257,0.6280013918876648,0.5413006544113159,-0.0931914895772934,0.8719258904457092,0.6943277716636658,0.5427693724632263,-0.13310839235782623,0.8882399201393127,0.6334978342056274,0.5374687910079956,-0.11322276294231415,0.8580893874168396,0.6927381753921509,0.533957302570343,-0.09808241575956345,0.8722507953643799,0.6351078152656555,0.5282867550849915,-0.07910449057817459,0.8408129811286926,0.683019757270813,0.5421018004417419,-0.0177339818328619,0.9998356103897095,0.6420952677726746,0.5408105850219727,0.01772141270339489,0.9996063709259033,0.6807190179824829,0.6952108144760132,-0.06798054277896881,0.9625436067581177,0.6461269855499268,0.6911779642105103,0.026495618745684624,0.8865661025047302,0.6835511326789856,0.8294790387153625,0.04991105943918228,0.9251794815063477,0.6535878777503967,0.8004917502403259,0.20204703509807587,0.7484797835350037,0.6842435002326965,0.8419421911239624,0.055375464260578156,0.5211493968963623,0.6561648845672607,0.8115395903587341,0.21439523994922638,0.44195905327796936,0.6722574234008789,0.8710567951202393,-0.04430852457880974,0.8857762217521667,0.6456977725028992,0.8463196158409119,0.1395987719297409,0.7539888620376587
yena_fall_normal_12,27,9,0.9001212938005391,29.995957418137717,10,0.6601671576499939,0.2631833255290985,-0.13121627271175385,0.9998215436935425,0.6662459969520569,0.2526598870754242,-0.11786928027868271,0.9998083114624023,0.6693983674049377,0.2530848979949951,-0.11789567768573761,0.9997794032096863,0.6718559265136719,0.25369808077812195,-0.11789622902870178,0.9997909069061279,0.6567440629005432,0.2523723244667053,-0.1168924942612648,0.9997730255126953,0.653843104839325,0.25274115800857544,-0.11689744889736176,0.9997190833091736,0.6509693264961243,0.2533402442932129,-0.11691664159297943,0.999724805355072,0.676848828792572,0.2620777487754822,-0.047087717801332474,0.9997789859771729,0.6482747197151184,0.26305466890335083,-0.04241177812218666,0.9997173547744751,0.6663714647293091,0.2802455723285675,-0.1051240935921669,0.9997317790985107,0.6552457213401794,0.27982601523399353,-0.10379704087972641,0.9996316432952881,0.698736846446991,0.3452526330947876,-0.023021569475531578,0.998279869556427,0.626934826374054,0.3478585481643677,0.003635867964476347,0.9979135990142822,0.7099877595901489,0.43833789229393005,-0.006966867949813604,0.9619436860084534,0.6149934530258179,0.4392293095588684,0.008649634197354317,0.9474920034408569,0.706669807434082,0.5220268368721008,-0.08079791069030762,0.9408757090568542,0.6224834322929382,0.5202077031135559,-0.06994395703077316,0.9329347610473633,0.707129180431366,0.5505185127258301,-0.1048203706741333,0.9040905237197876,0.6227946877479553,0.5482659935951233,-0.09268125891685486,0.8737654089927673,0.7017702460289001,0.5463758707046509,-0.12276268005371094,0.8970762491226196,0.6278703808784485,0.5447236895561218,-0.11281095445156097,0.8615772128105164,0.6999855041503906,0.5371907949447632,-0.08843841403722763,0.8820254802703857,0.6294976472854614,0.5361007452011108,-0.07954529672861099,0.8452476263046265,0.6830424666404724,0.5461549162864685,-0.017108596861362457,0.9998418092727661,0.6421105861663818,0.5447346568107605,0.01710028387606144,0.99961256980896,0.6807882189750671,0.6962898373603821,-0.06592392176389694,0.9637160301208496,0.6457507610321045,0.6925176978111267,0.03907345235347748,0.884777843952179,0.6841087341308594,0.8309875130653381,0.043643008917570114,0.9267719984054565,0.6539871692657471,0.8005856871604919,0.2179303765296936,0.7531006336212158,0.6846866011619568,0.842364490032196,0.04854000359773636,0.5182374715805054,0.6595789194107056,0.8125565648078918,0.23180130124092102,0.45219656825065613,0.6724295020103455,0.871295154094696,-0.04779274761676788,0.8873065710067749,0.6458567380905151,0.8452959656715393,0.1622072160243988,0.7598902583122253
yena_fall_normal_12,30,10,1.0001347708894879,29.995957418137717,10,0.660189688205719,0.26330795884132385,-0.13751377165317535,0.9998365044593811,0.6662694215774536,0.2526485025882721,-0.12410548329353333,0.9998164772987366,0.6694028973579407,0.2531262934207916,-0.12413913756608963,0.9997909069061279,0.6718568801879883,0.2538088262081146,-0.12414897978305817,0.999801516532898,0.6567081212997437,0.2523373067378998,-0.12319961190223694,0.9997836351394653,0.6538136005401611,0.25265195965766907,-0.12320030480623245,0.9997333288192749,0.6509134769439697,0.25315937399864197,-0.12322132289409637,0.9997370839118958,0.6769139170646667,0.2620755136013031,-0.051636211574077606,0.9997842311859131,0.6482111811637878,0.2630198299884796,-0.04743851348757744,0.9997177124023438,0.6663520932197571,0.2804825007915497,-0.11077887564897537,0.9997556805610657,0.6551103591918945,0.28000161051750183,-0.10956890136003494,0.9996637105941772,0.6989396810531616,0.3451695144176483,-0.025182532146573067,0.9984505772590637,0.6269453763961792,0.34772247076034546,-0.0013847944792360067,0.9981037974357605,0.7110407948493958,0.43600592017173767,-0.010346717201173306,0.9649497866630554,0.614840567111969,0.43833938241004944,0.011326109990477562,0.9464674592018127,0.7087768912315369,0.5220069289207458,-0.08912137895822525,0.9455671906471252,0.6200719475746155,0.5193407535552979,-0.060345184057950974,0.9314025044441223,0.7090413570404053,0.5506759881973267,-0.11404730379581451,0.9114434123039246,0.6206268668174744,0.5492384433746338,-0.08253346383571625,0.8737766742706299,0.7041158080101013,0.547173798084259,-0.13300219178199768,0.9051840305328369,0.6251033544540405,0.5460724234580994,-0.1045859307050705,0.8630586862564087,0.7024129629135132,0.5378342270851135,-0.09733553230762482,0.8909512162208557,0.6266151666641235,0.5368633270263672,-0.07073259353637695,0.8474094271659851,0.6830564141273499,0.547203540802002,-0.016294008120894432,0.9998429417610168,0.6418460011482239,0.5462475419044495,0.01630163937807083,0.9996088743209839,0.6807494759559631,0.6966338753700256,-0.06657986342906952,0.9641324281692505,0.6448327302932739,0.6934751272201538,0.03822577744722366,0.8840514421463013,0.6832220554351807,0.831365168094635,0.025669651105999947,0.9270368814468384,0.6538963913917542,0.8022958040237427,0.21717272698879242,0.7574971318244934,0.6832601428031921,0.8473717570304871,0.028736339882016182,0.5196916460990906,0.661054253578186,0.8186352849006653,0.22895173728466034,0.46256113052368164,0.6730404496192932,0.8705117106437683,-0.06898138672113419,0.8876076936721802,0.6455546021461487,0.8494735360145569,0.1573188155889511,0.7645576596260071
yena_fall_normal_12,33,11,1.1001482479784366,29.995957418137717,10,0.6601222157478333,0.2632376253604889,-0.13696366548538208,0.9998498558998108,0.6660975217819214,0.2525825500488281,-0.12402653694152832,0.9998232126235962,0.6693037748336792,0.25306451320648193,-0.12405525147914886,0.9998010993003845,0.6716387271881104,0.2537262737751007,-0.12405861169099808,0.9998107552528381,0.6565295457839966,0.25231415033340454,-0.12281544506549835,0.9997916221618652,0.6537169814109802,0.2526165843009949,-0.12281157076358795,0.9997448921203613,0.6506879329681396,0.25311341881752014,-0.12283112853765488,0.999746561050415,0.6766647696495056,0.2619006931781769,-0.05407116189599037,0.9997889399528503,0.6480795741081238,0.26293545961380005,-0.048034559935331345,0.9997137784957886,0.6663133502006531,0.2804211378097534,-0.11104054749011993,0.99977707862854,0.6550056338310242,0.2799791097640991,-0.10934843868017197,0.9996921420097351,0.6989526748657227,0.34509971737861633,-0.029731648042798042,0.9986042380332947,0.6269632577896118,0.3477553725242615,-0.003360098460689187,0.9982731342315674,0.7114423513412476,0.43631988763809204,-0.014054705388844013,0.967458188533783,0.614707350730896,0.4396803677082062,0.0077917142771184444,0.9444448351860046,0.7081140279769897,0.525425910949707,-0.08960845321416855,0.9496657848358154,0.6198326349258423,0.5229173898696899,-0.06366927176713943,0.9290132522583008,0.7086160778999329,0.5532373189926147,-0.11348291486501694,0.9179735779762268,0.6203728318214417,0.5515998601913452,-0.08555685728788376,0.872932493686676,0.703656792640686,0.5495015978813171,-0.1330525428056717,0.9123933911323547,0.6246839165687561,0.5482766032218933,-0.10759838670492172,0.8635657429695129,0.7019128203392029,0.5404220223426819,-0.09795823693275452,0.8989290595054626,0.6261317729949951,0.5394792556762695,-0.07419179379940033,0.8487722873687744,0.6830397844314575,0.54836505651474,-0.016092967242002487,0.9998458027839661,0.6418474316596985,0.5473085641860962,0.016099723055958748,0.9996098875999451,0.6806491613388062,0.6969804167747498,-0.0603511780500412,0.9652084112167358,0.6447210907936096,0.6937761902809143,0.04840020462870598,0.8845774531364441,0.6832011342048645,0.8313835859298706,0.03647087514400482,0.9290134906768799,0.653346598148346,0.8023121953010559,0.21823205053806305,0.7660564184188843,0.6832515001296997,0.8473289012908936,0.04015045240521431,0.5245504975318909,0.6565564870834351,0.816372275352478,0.23048478364944458,0.47753506898880005,0.6730681657791138,0.8710456490516663,-0.05698467791080475,0.889900803565979,0.6453973054885864,0.8488896489143372,0.1584520936012268,0.7726980447769165
yena_fall_normal_12,36,12,1.2001617250673855,29.995957418137717,10,0.6593214273452759,0.2634737491607666,-0.1517597883939743,0.9998612403869629,0.6651248335838318,0.2525838017463684,-0.13932421803474426,0.9998265504837036,0.6685890555381775,0.25307154655456543,-0.13935436308383942,0.9998073577880859,0.6709405779838562,0.25372329354286194,-0.13934947550296783,0.9998158812522888,0.6555866599082947,0.25229719281196594,-0.13776341080665588,0.99979567527771,0.6527750492095947,0.25259584188461304,-0.13776305317878723,0.9997519254684448,0.6496872305870056,0.2530885338783264,-0.13778981566429138,0.9997511506080627,0.6760292053222656,0.2618352472782135,-0.06850834935903549,0.9997866749763489,0.6474686861038208,0.262856662273407,-0.06141231581568718,0.9997025728225708,0.6655464768409729,0.2805000841617584,-0.12549524009227753,0.9997959136962891,0.6541065573692322,0.2801521420478821,-0.12342485785484314,0.9997172355651855,0.6989501118659973,0.34493717551231384,-0.03900039568543434,0.9987421631813049,0.6267786026000977,0.3477219045162201,-0.014961078763008118,0.998424768447876,0.7116355895996094,0.4372538626194,-0.016291659325361252,0.9696754813194275,0.6146664023399353,0.43963417410850525,0.001885433099232614,0.9435023069381714,0.7081987261772156,0.5262168645858765,-0.09311247617006302,0.9533370137214661,0.6201696991920471,0.522911548614502,-0.0732780322432518,0.928081750869751,0.7086959481239319,0.5540353655815125,-0.1171882152557373,0.9238094091415405,0.6204804182052612,0.5517188906669617,-0.09623471647500992,0.8739646673202515,0.7036318182945251,0.5500538945198059,-0.13676847517490387,0.9188479781150818,0.6248931288719177,0.5485164523124695,-0.11451821774244308,0.865730881690979,0.7019556164741516,0.5410236716270447,-0.1014639362692833,0.9060850739479065,0.6264321804046631,0.5396288633346558,-0.08274475485086441,0.8515257835388184,0.6830057501792908,0.5486699342727661,-0.015448663383722305,0.9998483061790466,0.6418495774269104,0.5473601818084717,0.015456374734640121,0.9996077418327332,0.6806430816650391,0.6971681714057922,-0.0565766803920269,0.9657039642333984,0.6444880962371826,0.6921360492706299,0.05382899194955826,0.8839022517204285,0.6824905276298523,0.8310876488685608,0.04527745395898819,0.9305126070976257,0.6530936360359192,0.7985748052597046,0.22971412539482117,0.7717587351799011,0.6825672388076782,0.8470861315727234,0.04961693659424782,0.5338404774665833,0.6553003787994385,0.808731734752655,0.24306148290634155,0.4893375039100647,0.6734834313392639,0.8711722493171692,-0.04755936935544014,0.892126739025116,0.6453471779823303,0.8481016159057617,0.17011070251464844,0.7784715294837952
yena_fall_normal_12,39,13,1.3001752021563342,29.995957418137717,10,0.6561741232872009,0.26429569721221924,-0.14747612178325653,0.9998695254325867,0.6617556810379028,0.2537410259246826,-0.13508941233158112,0.9998217821121216,0.6655357480049133,0.253973126411438,-0.1351204812526703,0.9998059272766113,0.6686371564865112,0.2543397843837738,-0.13512039184570312,0.9998138546943665,0.6527315378189087,0.2539210617542267,-0.13315555453300476,0.9997895359992981,0.6499024629592896,0.2543522119522095,-0.13315418362617493,0.9997471570968628,0.6475659608840942,0.25466078519821167,-0.13317899405956268,0.9997426867485046,0.6741425395011902,0.26184162497520447,-0.06529548019170761,0.9997724890708923,0.6462973356246948,0.2634802460670471,-0.05740201473236084,0.9996610879898071,0.662398636341095,0.2811763882637024,-0.12136612832546234,0.9998102784156799,0.6515923738479614,0.28070497512817383,-0.1190132424235344,0.9997351765632629,0.6986374258995056,0.3442917466163635,-0.03665370121598244,0.9988656044006348,0.6266158223152161,0.3477429449558258,-0.010766031220555305,0.9985571503639221,0.7117235660552979,0.43684300780296326,-0.016570940613746643,0.9716992378234863,0.6145122647285461,0.43936192989349365,0.012151355855166912,0.9406664371490479,0.708278477191925,0.524861216545105,-0.08846540749073029,0.9565899968147278,0.6193109154701233,0.5222322344779968,-0.058506499975919724,0.9254288673400879,0.7086894512176514,0.5529277920722961,-0.11185656487941742,0.9288142919540405,0.6194630861282349,0.5512322783470154,-0.07988639920949936,0.8724121451377869,0.7036808133125305,0.5489531755447388,-0.13180717825889587,0.9244243502616882,0.6239662170410156,0.5481888651847839,-0.10230943560600281,0.8652622699737549,0.7019898295402527,0.5397670865058899,-0.09678474068641663,0.9121934771537781,0.6254069805145264,0.5390492081642151,-0.06919156014919281,0.8515843749046326,0.682947039604187,0.5486451387405396,-0.014679011888802052,0.9998435974121094,0.6415795683860779,0.5473325848579407,0.014674133621156216,0.999599814414978,0.6807275414466858,0.6974591016769409,-0.04783226177096367,0.9647755026817322,0.6444754004478455,0.6930038332939148,0.03458379954099655,0.8841348886489868,0.6828222870826721,0.8317404389381409,0.05634545534849167,0.9300975203514099,0.6526792645454407,0.808060348033905,0.18902139365673065,0.7797437906265259,0.6826316714286804,0.8477742671966553,0.06091977283358574,0.5385360717773438,0.6544274687767029,0.8238100409507751,0.1997997909784317,0.5005000233650208,0.6757445931434631,0.885842502117157,-0.03545447066426277,0.8917670845985413,0.645318865776062,0.8544257283210754,0.12027812004089355,0.7849422693252563
yena_fall_normal_12,42,14,1.4001886792452831,29.995957418137717,10,0.6534112691879272,0.26524072885513306,-0.13338451087474823,0.9998775720596313,0.6592743992805481,0.2544005513191223,-0.12247665971517563,0.9998204112052917,0.662979245185852,0.25459977984428406,-0.12251925468444824,0.9998074769973755,0.666535496711731,0.2547111213207245,-0.12253689765930176,0.9998152256011963,0.650178074836731,0.2547881007194519,-0.1184559166431427,0.9997873902320862,0.6474217176437378,0.2551784813404083,-0.11844853311777115,0.9997454881668091,0.645554780960083,0.2553786337375641,-0.11847587674856186,0.9997372031211853,0.6720435619354248,0.26196199655532837,-0.05827464163303375,0.9997687339782715,0.644569456577301,0.2638852596282959,-0.03999951854348183,0.9996322393417358,0.6597521901130676,0.2819374203681946,-0.109139084815979,0.9998238682746887,0.6491569876670837,0.2814559042453766,-0.10401100665330887,0.9997516870498657,0.6972506046295166,0.34322479367256165,-0.03514844924211502,0.9989773035049438,0.6260942816734314,0.3478415906429291,0.008068974129855633,0.9986813068389893,0.7114026546478271,0.4366607367992401,-0.01687934435904026,0.9738010168075562,0.6142862439155579,0.4394337236881256,0.02524230256676674,0.9356398582458496,0.7078438997268677,0.5251606106758118,-0.08923879265785217,0.959979236125946,0.6179317235946655,0.52152419090271,-0.05036398395895958,0.9227266311645508,0.7082374095916748,0.553663432598114,-0.11272593587636948,0.9340855479240417,0.6173551082611084,0.5504238605499268,-0.07110204547643661,0.8710359334945679,0.7032716870307922,0.5497925877571106,-0.13212153315544128,0.9301854968070984,0.621857762336731,0.5474602580070496,-0.0938994511961937,0.8648359179496765,0.7015662789344788,0.5408145189285278,-0.09722605347633362,0.9185770750045776,0.6235706806182861,0.5384459495544434,-0.061365384608507156,0.8514964580535889,0.6824617385864258,0.5486259460449219,-0.0146638797596097,0.9998416304588318,0.6407201886177063,0.5476702451705933,0.01466034073382616,0.9995995759963989,0.679963231086731,0.6974654793739319,-0.04977976158261299,0.9641170501708984,0.6442543864250183,0.6943237781524658,0.03295547142624855,0.8852306008338928,0.6792066097259521,0.8326878547668457,0.04788917303085327,0.9297961592674255,0.652576208114624,0.81280517578125,0.17532451450824738,0.7888856530189514,0.677126944065094,0.851816713809967,0.05129017308354378,0.5476492047309875,0.6544739007949829,0.8295192122459412,0.18454097211360931,0.5153721570968628,0.6767486929893494,0.8882262110710144,-0.03609513118863106,0.8919610381126404,0.645311713218689,0.8550494909286499,0.10725799202919006,0.7925821542739868
yena_fall_normal_12,45,15,1.5002021563342318,29.995957418137717,10,0.6499241590499878,0.2659451961517334,-0.13354681432247162,0.9998837113380432,0.6557756066322327,0.25464147329330444,-0.12298579514026642,0.9998149275779724,0.6591813564300537,0.2547413408756256,-0.12302704155445099,0.9998047351837158,0.6628052592277527,0.2548353374004364,-0.12304351478815079,0.9998128414154053,0.6469612121582031,0.2552252411842346,-0.11828198283910751,0.9997804760932922,0.6448829174041748,0.2556037902832031,-0.11827289313077927,0.9997370839118958,0.6430424451828003,0.25583434104919434,-0.11829773336648941,0.9997251033782959,0.6693379878997803,0.2619532346725464,-0.06008005514740944,0.9997626543045044,0.642650842666626,0.26410362124443054,-0.037103209644556046,0.9995862245559692,0.6568692326545715,0.28215134143829346,-0.10957019776105881,0.9998354315757751,0.646574079990387,0.2817225456237793,-0.10326909273862839,0.9997642636299133,0.6955106258392334,0.34272274374961853,-0.04133473336696625,0.9990777969360352,0.6248691082000732,0.3478226661682129,0.0170211773365736,0.998791515827179,0.7095067501068115,0.43651092052459717,-0.03219779208302498,0.9757775068283081,0.6143292784690857,0.4403645694255829,0.0351923443377018,0.9268329739570618,0.7047510743141174,0.5267030596733093,-0.1022152230143547,0.9630795121192932,0.6159610152244568,0.5230287313461304,-0.044340647757053375,0.9198850989341736,0.7051213979721069,0.5566117167472839,-0.12674769759178162,0.9388920068740845,0.6139963269233704,0.5501823425292969,-0.06487374007701874,0.8693832755088806,0.6997905969619751,0.5528107285499573,-0.14524711668491364,0.9354261755943298,0.6183179616928101,0.5473946928977966,-0.08878371864557266,0.8640332221984863,0.698009729385376,0.5436992049217224,-0.10979575663805008,0.9243597984313965,0.6201509237289429,0.5388466715812683,-0.056089211255311966,0.8510861992835999,0.6810749769210815,0.5475348830223083,-0.020886102691292763,0.9998366832733154,0.6394528150558472,0.5472407937049866,0.020894352346658707,0.9995961785316467,0.6783167719841003,0.6973839402198792,-0.05315292254090309,0.9633347988128662,0.6428285837173462,0.6930164098739624,0.035715021193027496,0.885482132434845,0.6772088408470154,0.8326706886291504,0.03740566596388817,0.9295831918716431,0.6526229977607727,0.812110424041748,0.18368124961853027,0.7969706058502197,0.6763771176338196,0.8517598509788513,0.040361110121011734,0.5534403920173645,0.6568565964698792,0.8313832879066467,0.19359798729419708,0.5331275463104248,0.6754288077354431,0.8872604370117188,-0.05339708551764488,0.8922396302223206,0.6427810788154602,0.8553366661071777,0.1179223284125328,0.799637496471405
yena_fall_normal_12,48,16,1.6002156334231805,29.995957418137717,10,0.6467487812042236,0.26630592346191406,-0.12076035141944885,0.9998882412910461,0.6527237296104431,0.2547086775302887,-0.11059310287237167,0.9998088479042053,0.6562815308570862,0.25475895404815674,-0.11065293103456497,0.9998009204864502,0.659716784954071,0.25484973192214966,-0.11068807542324066,0.9998096227645874,0.6442928314208984,0.25539442896842957,-0.10491249710321426,0.9997735619544983,0.6425426602363586,0.255765438079834,-0.1049005314707756,0.9997265934944153,0.6404545903205872,0.256027489900589,-0.10492178797721863,0.9997098445892334,0.6668074727058411,0.2619237005710602,-0.04842577874660492,0.9997556209564209,0.6406336426734924,0.26422354578971863,-0.022489165887236595,0.9995424151420593,0.6542094349861145,0.28221988677978516,-0.09741055220365524,0.9998440742492676,0.6441592574119568,0.2818116545677185,-0.09000784903764725,0.9997720718383789,0.6933053731918335,0.34237533807754517,-0.0308346189558506,0.9991676807403564,0.6232438683509827,0.34783655405044556,0.02725839987397194,0.9988914728164673,0.7074556946754456,0.4367655813694,-0.030113419517874718,0.9774629473686218,0.6131118535995483,0.44093820452690125,0.042598698288202286,0.91679447889328,0.7015090584754944,0.5274934768676758,-0.10299726575613022,0.965731143951416,0.6127063632011414,0.5238848924636841,-0.037823356688022614,0.9151918888092041,0.700931191444397,0.5577806234359741,-0.12818579375743866,0.9428756833076477,0.6091673374176025,0.5506159067153931,-0.058450136333703995,0.8655765652656555,0.695058286190033,0.5541463494300842,-0.1466384083032608,0.9398115873336792,0.6129248738288879,0.5478427410125732,-0.0822124034166336,0.8610586524009705,0.6933758854866028,0.5454988479614258,-0.11074943840503693,0.929131805896759,0.6152518391609192,0.5394030809402466,-0.049656715244054794,0.8481335639953613,0.6778994202613831,0.5470378398895264,-0.020486531779170036,0.999823808670044,0.6361740827560425,0.5470694899559021,0.02054617367684841,0.999586284160614,0.6756157279014587,0.6971827745437622,-0.05585997924208641,0.9615345001220703,0.6409503221511841,0.6942089796066284,0.019390936940908432,0.8877326846122742,0.6753548383712769,0.836784303188324,0.008025778457522392,0.9285618662834167,0.6526294946670532,0.820446252822876,0.1311427503824234,0.8061842918395996,0.6727496981620789,0.8604599237442017,0.00829721987247467,0.5688201785087585,0.6570736765861511,0.8404877781867981,0.1366480439901352,0.5505973100662231,0.6796721816062927,0.8871739506721497,-0.08467800170183182,0.8915058374404907,0.6419435739517212,0.856529712677002,0.057678792625665665,0.8063608407974243
yena_fall_normal_12,51,17,1.7002291105121294,29.995957418137717,10,0.6420125961303711,0.2695778012275696,-0.10813859850168228,0.9998911023139954,0.6468780040740967,0.25695210695266724,-0.10182581841945648,0.9998025894165039,0.6504402756690979,0.25638455152511597,-0.10189203917980194,0.9997982978820801,0.6540781259536743,0.2560957372188568,-0.10193635523319244,0.9998082518577576,0.6403805017471313,0.25902220606803894,-0.09241405129432678,0.9997609853744507,0.6382670998573303,0.2596569359302521,-0.09239993244409561,0.9997111558914185,0.636114239692688,0.2603483200073242,-0.09242045134305954,0.99969083070755,0.6628261804580688,0.26404207944869995,-0.04975283890962601,0.9997602105140686,0.6377708315849304,0.2669759690761566,-0.009623860940337181,0.9994930624961853,0.6485110521316528,0.284274697303772,-0.08924403041601181,0.99985271692276,0.6401145458221436,0.2841763198375702,-0.0767517164349556,0.99977707862854,0.6897134184837341,0.34470999240875244,-0.04472295939922333,0.9992493391036987,0.620772659778595,0.35158178210258484,0.04752218350768089,0.9989774823188782,0.7038689851760864,0.4417650103569031,-0.05109028518199921,0.978999674320221,0.6107125878334045,0.44446244835853577,0.0648111030459404,0.8961127996444702,0.6966977715492249,0.5286984443664551,-0.1103328987956047,0.9679728746414185,0.6081451177597046,0.5261945724487305,-0.022531619295477867,0.9068138003349304,0.6960667371749878,0.559315025806427,-0.13464434444904327,0.9462811946868896,0.6046514511108398,0.5532301664352417,-0.042129531502723694,0.8584835529327393,0.6896902322769165,0.5553492307662964,-0.15112024545669556,0.9435657858848572,0.6071512699127197,0.5516377091407776,-0.06516853719949722,0.8551041483879089,0.6878482103347778,0.5466998815536499,-0.11678624153137207,0.933237612247467,0.609419047832489,0.5433862209320068,-0.03474630042910576,0.8428628444671631,0.6742403507232666,0.5497122406959534,-0.029046833515167236,0.9997991919517517,0.6325200200080872,0.5501559376716614,0.02907967008650303,0.9995630979537964,0.6731191277503967,0.7027852535247803,-0.05482257530093193,0.9591844081878662,0.636902928352356,0.6986044645309448,0.02035233937203884,0.8881153464317322,0.6755815744400024,0.8375498056411743,0.054491009563207626,0.9252300262451172,0.6528269648551941,0.8291456699371338,0.1377665251493454,0.813318133354187,0.6765197515487671,0.8597373962402344,0.0600704587996006,0.5628587007522583,0.6587562561035156,0.8476675748825073,0.14479508996009827,0.5673069953918457,0.6752330660820007,0.879130482673645,-0.027909541502594948,0.8872388005256653,0.6419888138771057,0.8649899959564209,0.07110507041215897,0.8117172122001648
yena_fall_normal_12,54,18,1.8002425876010781,29.995957418137717,10,0.6359373331069946,0.2881450057029724,-0.1699209362268448,0.9998793601989746,0.6403648257255554,0.2750506103038788,-0.16530545055866241,0.9997458457946777,0.6431635022163391,0.27414944767951965,-0.16536696255207062,0.9997488856315613,0.6464967727661133,0.27349036931991577,-0.1654081791639328,0.999765157699585,0.6342655420303345,0.2777625024318695,-0.1533741056919098,0.999671220779419,0.6325427889823914,0.27872979640960693,-0.153370663523674,0.9995948076248169,0.6309601664543152,0.279690146446228,-0.15341369807720184,0.9995678067207336,0.6568373441696167,0.28016161918640137,-0.11626534909009933,0.9997084140777588,0.6335899233818054,0.2844007909297943,-0.060661714524030685,0.9992477297782898,0.6418828368186951,0.30102789402008057,-0.15041522681713104,0.999850332736969,0.6345425844192505,0.30166131258010864,-0.13439396023750305,0.9997527599334717,0.6864906549453735,0.36157819628715515,-0.09937477111816406,0.9993212223052979,0.6170503497123718,0.36674338579177856,0.009068520739674568,0.9990526437759399,0.7002399563789368,0.45825061202049255,-0.10474314540624619,0.9797847270965576,0.6044032573699951,0.4550537168979645,0.054918479174375534,0.8747664093971252,0.6893424987792969,0.5425617098808289,-0.17161867022514343,0.9681907296180725,0.5967786908149719,0.535341739654541,-0.025113660842180252,0.8971995115280151,0.6879776120185852,0.5742480158805847,-0.19704172015190125,0.9461448788642883,0.591318666934967,0.56039959192276,-0.04400940611958504,0.8491917252540588,0.6818645000457764,0.5699270963668823,-0.21255303919315338,0.9437360167503357,0.5947369337081909,0.5595178604125977,-0.06943025439977646,0.846924901008606,0.6799680590629578,0.561799943447113,-0.17785170674324036,0.9326179027557373,0.5980919599533081,0.5520620346069336,-0.03819912672042847,0.8351467251777649,0.67108154296875,0.567875325679779,-0.0314786359667778,0.9997708201408386,0.6278022527694702,0.5668951272964478,0.031490225344896317,0.9995486736297607,0.6706367135047913,0.7079553604125977,-0.0739617645740509,0.9522449374198914,0.6209785342216492,0.6985117793083191,-0.02276698499917984,0.8884104490280151,0.6759801506996155,0.8320181369781494,0.08368571102619171,0.9179099798202515,0.6530093550682068,0.8271945714950562,0.16429118812084198,0.8142954111099243,0.6802681684494019,0.8495689630508423,0.09468302130699158,0.5599737763404846,0.6664565205574036,0.8369452357292175,0.18064619600772858,0.5828295946121216,0.6851025223731995,0.8779045343399048,0.003452292876318097,0.8820993900299072,0.6427708268165588,0.8681224584579468,0.10864072293043137,0.8148946762084961
yena_fall_normal_12,57,19,1.900256064690027,29.995957418137717,10,0.6304896473884583,0.32123392820358276,-0.1571410745382309,0.9998883008956909,0.6357696652412415,0.31002822518348694,-0.15155181288719177,0.9997610449790955,0.6388779878616333,0.3092391788959503,-0.15161338448524475,0.9997633695602417,0.6423038244247437,0.30860579013824463,-0.1516464501619339,0.9997804760932922,0.629707932472229,0.31142565608024597,-0.1396506130695343,0.9996892213821411,0.6281310319900513,0.31180915236473083,-0.13965651392936707,0.9996143579483032,0.6266114115715027,0.3121435344219208,-0.13968510925769806,0.9995936155319214,0.6532626748085022,0.3132452368736267,-0.1017952635884285,0.9997259974479675,0.6304909586906433,0.31578293442726135,-0.051685940474271774,0.9992913007736206,0.6370884776115417,0.3360251784324646,-0.13798141479492188,0.9998624920845032,0.6301411390304565,0.33569735288619995,-0.12203715741634369,0.9997710585594177,0.6810068488121033,0.39130669832229614,-0.09267126768827438,0.9993883371353149,0.6145265102386475,0.39426517486572266,0.020209956914186478,0.9991417527198792,0.6991686224937439,0.4825592637062073,-0.12220792472362518,0.9813871383666992,0.6008281111717224,0.48284047842025757,0.053227078169584274,0.8608797788619995,0.676202654838562,0.5609950423240662,-0.20082639157772064,0.9704472422599792,0.5863965153694153,0.548279345035553,-0.05917136371135712,0.8934116363525391,0.6731063723564148,0.5944847464561462,-0.22860902547836304,0.9493520259857178,0.5787368416786194,0.5734613537788391,-0.08538837730884552,0.8470140695571899,0.6666908264160156,0.588440477848053,-0.23983566462993622,0.9471219182014465,0.5806811451911926,0.5709555149078369,-0.11063132435083389,0.845671534538269,0.6660335659980774,0.578801155090332,-0.20511998236179352,0.9358518719673157,0.5846843123435974,0.5623927116394043,-0.0736253559589386,0.8339373469352722,0.661760151386261,0.6014871001243591,-0.030032450333237648,0.9997814893722534,0.6199687123298645,0.5994770526885986,0.030046729370951653,0.9995891451835632,0.6660385131835938,0.7264277338981628,-0.07928084582090378,0.9520521759986877,0.5946674942970276,0.7113317251205444,-0.19420619308948517,0.8985165953636169,0.6746567487716675,0.8323184251785278,0.08124494552612305,0.9190154671669006,0.6482433080673218,0.8237071633338928,0.0017784497467800975,0.8249736428260803,0.6802271008491516,0.8464991450309753,0.09286805987358093,0.5737536549568176,0.665446400642395,0.8350580930709839,0.018223010003566742,0.607337236404419,0.6983882188796997,0.8737943768501282,0.006724623963236809,0.8849655985832214,0.6418917775154114,0.871181070804596,-0.05000334978103638,0.8257946372032166
yena_fall_normal_12,60,20,2.0002695417789758,29.995957418137717,10,0.6261396408081055,0.36811956763267517,-0.11432494223117828,0.9998989701271057,0.6318145990371704,0.3568984866142273,-0.11292033642530441,0.9997838139533997,0.6349796056747437,0.3558247685432434,-0.11295122653245926,0.9997859597206116,0.638377845287323,0.3548637628555298,-0.11296621710062027,0.9998015761375427,0.6257806420326233,0.35865136981010437,-0.09865625947713852,0.9997177720069885,0.6244707107543945,0.3590899407863617,-0.0986562967300415,0.9996495246887207,0.6230295896530151,0.3593067526817322,-0.09865845739841461,0.9996313452720642,0.6493139863014221,0.3592056930065155,-0.08352682739496231,0.999752402305603,0.6281665563583374,0.36320799589157104,-0.016255401074886322,0.9993579387664795,0.6328656077384949,0.38270699977874756,-0.10213741660118103,0.9998759031295776,0.626129150390625,0.3823937773704529,-0.08311615139245987,0.9997926354408264,0.6739233732223511,0.43880435824394226,-0.08528439700603485,0.9994492530822754,0.6098479628562927,0.43633905053138733,0.04138500243425369,0.9992249011993408,0.6804556250572205,0.5373759269714355,-0.11988213658332825,0.9829071760177612,0.5947045683860779,0.5256013870239258,0.0798821747303009,0.8578997254371643,0.6457494497299194,0.6046308875083923,-0.1877107471227646,0.9728122353553772,0.5740658044815063,0.5764080882072449,0.00048106908798217773,0.8936943411827087,0.6377297639846802,0.6333461999893188,-0.21221832931041718,0.9530340433120728,0.5666089653968811,0.6002124547958374,-0.019014470279216766,0.8488239645957947,0.6307293772697449,0.6257612705230713,-0.2200389951467514,0.9509536623954773,0.5674712657928467,0.598449170589447,-0.04281887784600258,0.8479859828948975,0.6315277814865112,0.617985188961029,-0.1900617629289627,0.9399576783180237,0.571132242679596,0.5911770462989807,-0.01277647353708744,0.836148202419281,0.6504626870155334,0.6365304589271545,-0.03033885918557644,0.9997963309288025,0.6065384745597839,0.6356914639472961,0.030323244631290436,0.9996240735054016,0.6558550000190735,0.7435998320579529,-0.14434804022312164,0.955848753452301,0.5737364292144775,0.7411208748817444,-0.16692903637886047,0.908303439617157,0.6764966249465942,0.839816689491272,-0.021508514881134033,0.9252306818962097,0.6436042785644531,0.826549768447876,-0.0028375994879752398,0.8368661403656006,0.686931848526001,0.8478693962097168,-0.011877045035362244,0.6021930575370789,0.65875643491745,0.8289116024971008,0.012059668079018593,0.6291938424110413,0.6997032165527344,0.8740800619125366,-0.08520802110433578,0.8935429453849792,0.6455968618392944,0.8888652920722961,-0.03222629055380821,0.8360732793807983
yena_fall_normal_12,63,21,2.1002830188679247,29.995957418137717,10,0.6185710430145264,0.4206297695636749,-0.09620492160320282,0.9999064207077026,0.6250092387199402,0.4097023904323578,-0.0924786776304245,0.9998031854629517,0.6279243230819702,0.40983647108078003,-0.09249923378229141,0.9998054504394531,0.6310206055641174,0.4099520742893219,-0.09252700209617615,0.9998199343681335,0.6198444366455078,0.40958696603775024,-0.08044365048408508,0.9997426271438599,0.6189558506011963,0.40959465503692627,-0.08045504987239838,0.9996798634529114,0.6179579496383667,0.4095118045806885,-0.08047305047512054,0.9996641874313354,0.6420228481292725,0.419821172952652,-0.04919182509183884,0.9997748732566833,0.6231111288070679,0.4153330624103546,0.0009113244595937431,0.9994174242019653,0.6241093873977661,0.43632182478904724,-0.08035581558942795,0.9998872876167297,0.6182472705841064,0.4339403212070465,-0.06584201008081436,0.9998103380203247,0.6587448716163635,0.5035285949707031,-0.04915487393736839,0.9995036721229553,0.6010738015174866,0.479685515165329,0.05538910999894142,0.9993006587028503,0.6457015872001648,0.5995861291885376,-0.09141848981380463,0.981866717338562,0.5871155858039856,0.5516803860664368,0.12846927344799042,0.844561755657196,0.5991933345794678,0.624846875667572,-0.14760230481624603,0.9718937873840332,0.5596371293067932,0.6052910089492798,0.12202545255422592,0.8713817596435547,0.586427628993988,0.648970365524292,-0.16060315072536469,0.9501648545265198,0.5506687164306641,0.6258290410041809,0.1249469593167305,0.8267301917076111,0.5766364336013794,0.6393517255783081,-0.16342562437057495,0.9485536217689514,0.552263617515564,0.6259316205978394,0.1109241172671318,0.8268932104110718,0.5828629732131958,0.6358478665351868,-0.146401509642601,0.9337125420570374,0.5555118322372437,0.621340811252594,0.11664768308401108,0.8112305402755737,0.6372392773628235,0.6835055351257324,-0.005393322091549635,0.9998141527175903,0.593545138835907,0.6867623925209045,0.005489816889166832,0.9996530413627625,0.651868999004364,0.7385205626487732,-0.35265788435935974,0.9593719244003296,0.5493597388267517,0.7817825078964233,-0.13844113051891327,0.916105329990387,0.6749667525291443,0.8401275277137756,-0.4689966142177582,0.9303278923034668,0.6239596009254456,0.8138250708580017,-0.03244888037443161,0.8226414918899536,0.6833710074424744,0.8594064116477966,-0.480005145072937,0.6389224529266357,0.6416294574737549,0.8076543211936951,-0.02321065217256546,0.6098499894142151,0.6984050273895264,0.8374786376953125,-0.5871666669845581,0.9031866192817688,0.6541118621826172,0.8561047911643982,-0.06754212081432343,0.8235498666763306
yena_fall_normal_12,66,22,2.200296495956873,29.995957418137717,10,0.5999162793159485,0.47269538044929504,-0.08855590224266052,0.9999146461486816,0.6072359681129456,0.46509090065956116,-0.0788188949227333,0.9998219609260559,0.609634280204773,0.4662324786186218,-0.07884476333856583,0.9998241066932678,0.6124287247657776,0.4676740765571594,-0.07889764755964279,0.9998373985290527,0.6010091304779053,0.4631504714488983,-0.06966956704854965,0.9997667670249939,0.5994364023208618,0.46282657980918884,-0.06968216598033905,0.99970942735672,0.5977148413658142,0.4624041020870209,-0.06967183202505112,0.9996956586837769,0.6204225420951843,0.4817076623439789,-0.025491300970315933,0.9997963905334473,0.6018852591514587,0.47096914052963257,0.010900957509875298,0.99947190284729,0.6035917401313782,0.4878785312175751,-0.07068181037902832,0.9998981952667236,0.5965082049369812,0.48511743545532227,-0.06019394099712372,0.9998282790184021,0.6337347030639648,0.5619919896125793,-0.04492964968085289,0.9995530247688293,0.5748528242111206,0.540046751499176,0.05362771824002266,0.9993690848350525,0.611136257648468,0.6545916199684143,-0.08554384112358093,0.9820728302001953,0.5562551617622375,0.6223469972610474,0.08801674097776413,0.8215601444244385,0.5501987338066101,0.675226628780365,-0.1350257396697998,0.9726550579071045,0.5410397052764893,0.6724037528038025,0.07715950906276703,0.819869339466095,0.5359336733818054,0.6892130374908447,-0.15548038482666016,0.9513538479804993,0.5303384065628052,0.6928099393844604,0.05778342857956886,0.7779573202133179,0.5327404141426086,0.6802558302879333,-0.1541045606136322,0.9498729109764099,0.5329043865203857,0.6877490878105164,0.031858962029218674,0.778579592704773,0.5363793969154358,0.6766744256019592,-0.1326550543308258,0.9332008361816406,0.5359359383583069,0.6843324899673462,0.05639531463384628,0.7620840072631836,0.6209920644760132,0.7186065912246704,-0.004412679001688957,0.9998317956924438,0.5784391164779663,0.7330211400985718,0.004483744036406279,0.9996846914291382,0.6404430866241455,0.7378836274147034,-0.3352639377117157,0.9627674221992493,0.5333638787269592,0.8161022663116455,-0.20798490941524506,0.9230319261550903,0.6762682795524597,0.8402376174926758,-0.37206363677978516,0.9342827796936035,0.617053210735321,0.8435441851615906,-0.08312731236219406,0.8101246356964111,0.6853334903717041,0.8657361268997192,-0.37454578280448914,0.6689465641975403,0.6287189722061157,0.8273902535438538,-0.0699729472398758,0.5859954953193665,0.7010400891304016,0.8447904586791992,-0.4644356071949005,0.9109348654747009,0.6513487100601196,0.8722406029701233,-0.11647837609052658,0.8101381659507751
yena_fall_normal_12,69,23,2.300309973045822,29.995957418137717,10,0.5632922053337097,0.5312838554382324,-0.17591029405593872,0.999920129776001,0.5706145167350769,0.5229474902153015,-0.1713857352733612,0.9998374581336975,0.573563814163208,0.5237114429473877,-0.17139138281345367,0.9998396635055542,0.5766324996948242,0.5247297883033752,-0.17142105102539062,0.9998520016670227,0.5644736886024475,0.5213178992271423,-0.16276191174983978,0.9997861385345459,0.5630049109458923,0.5209017395973206,-0.162813201546669,0.9997333884239197,0.5617377758026123,0.5204208493232727,-0.16282245516777039,0.9997212290763855,0.5834064483642578,0.5364323258399963,-0.12941958010196686,0.9998129606246948,0.5653629899024963,0.5294612646102905,-0.09439095109701157,0.9995170831680298,0.5671499967575073,0.5452280044555664,-0.1600249856710434,0.9999070763587952,0.560519814491272,0.5426734685897827,-0.15015563368797302,0.9998431205749512,0.5955693125724792,0.622995913028717,-0.14968867599964142,0.9995949864387512,0.5451068878173828,0.5993940234184265,-0.03307974711060524,0.9994286298751831,0.5652022957801819,0.7154250741004944,-0.18299947679042816,0.9814930558204651,0.5214725136756897,0.6759791970252991,0.016960568726062775,0.8080570697784424,0.507381021976471,0.7359799146652222,-0.2075609415769577,0.9728875160217285,0.5031485557556152,0.7234004735946655,-0.0010280138812959194,0.7933281660079956,0.49227046966552734,0.7510846257209778,-0.2213980257511139,0.9521135687828064,0.49078959226608276,0.7372003197669983,-0.0038477766793221235,0.7535753846168518,0.4905302822589874,0.7426310181617737,-0.21798783540725708,0.9505467414855957,0.490811288356781,0.7357650399208069,-0.01709805242717266,0.7552075982093811,0.4958963990211487,0.7379332184791565,-0.2037947177886963,0.9322461485862732,0.4962073862552643,0.7327231764793396,-0.007538579870015383,0.7392007112503052,0.6039280295372009,0.7566686272621155,-0.012297067791223526,0.999843418598175,0.567676305770874,0.7675149440765381,0.012083628214895725,0.9997105002403259,0.6392373442649841,0.7868977189064026,-0.2303193360567093,0.9645063281059265,0.5241321921348572,0.8046397566795349,-0.20787277817726135,0.9285703301429749,0.6785115003585815,0.8339655995368958,-0.1707836091518402,0.9348065853118896,0.595849335193634,0.8290603756904602,-0.09576065093278885,0.8073998093605042,0.6849479675292969,0.8431078195571899,-0.16193969547748566,0.6879681944847107,0.6069873571395874,0.8117147088050842,-0.08193035423755646,0.5814814567565918,0.6999229788780212,0.84305340051651,-0.20651721954345703,0.9139568209648132,0.6275972127914429,0.8706014752388,-0.1113961935043335,0.806725800037384
yena_fall_normal_12,72,24,2.400323450134771,29.995957418137717,10,0.515428364276886,0.6012349128723145,-0.271379292011261,0.999908983707428,0.5201857089996338,0.5887057781219482,-0.27667713165283203,0.9998380541801453,0.522790789604187,0.5885855555534363,-0.2766656279563904,0.999837338924408,0.5253803133964539,0.588526725769043,-0.2766989767551422,0.9998538494110107,0.5147347450256348,0.588434636592865,-0.2582423686981201,0.9997800588607788,0.5136187672615051,0.5880663990974426,-0.2583012282848358,0.9997205138206482,0.5126151442527771,0.5876275897026062,-0.25831139087677,0.9997224807739258,0.535442054271698,0.5933188199996948,-0.2589961886405945,0.9998093843460083,0.5191571712493896,0.5899425148963928,-0.17734402418136597,0.9995250701904297,0.5216681361198425,0.6146561503410339,-0.2624925673007965,0.9999070763587952,0.5154296159744263,0.6133261919021606,-0.23910464346408844,0.9998481273651123,0.5606661438941956,0.6652517318725586,-0.265497624874115,0.999623715877533,0.513784646987915,0.6448832154273987,-0.09362899512052536,0.9994817972183228,0.5340006351470947,0.7535382509231567,-0.3183403015136719,0.9825206995010376,0.49178358912467957,0.7186374068260193,-0.06689463555812836,0.809654176235199,0.48084625601768494,0.7927913665771484,-0.3398025333881378,0.9743098616600037,0.4633658230304718,0.7688096165657043,-0.13393597304821014,0.8020702600479126,0.4664905369281769,0.8094945549964905,-0.36607369780540466,0.9540025591850281,0.45172327756881714,0.7804585695266724,-0.1463966965675354,0.7605899572372437,0.46208518743515015,0.7998427748680115,-0.3611680269241333,0.9523971080780029,0.4510880410671234,0.7813013792037964,-0.16727720201015472,0.763472318649292,0.4652515649795532,0.7944914102554321,-0.3373148739337921,0.9322157502174377,0.45590606331825256,0.7793310284614563,-0.145181804895401,0.7470249533653259,0.5810758471488953,0.7710170149803162,-0.0313437320291996,0.9998313784599304,0.5475953221321106,0.7756282687187195,0.031127439811825752,0.9997126460075378,0.619479238986969,0.829753577709198,-0.18971039354801178,0.9550142884254456,0.5207878351211548,0.8006530404090881,-0.14989140629768372,0.9190662503242493,0.6784679293632507,0.8448837995529175,-0.13917848467826843,0.9192468523979187,0.6033831834793091,0.8326985239982605,-0.08090350776910782,0.7737714052200317,0.6878209710121155,0.8447259664535522,-0.13377107679843903,0.6896730661392212,0.613726019859314,0.8232918381690979,-0.07288883626461029,0.5758154988288879,0.7034553289413452,0.8604415059089661,-0.19527719914913177,0.9024996161460876,0.6302102208137512,0.8655281066894531,-0.11767282336950302,0.7804195284843445
yena_fall_normal_12,75,25,2.5003369272237195,29.995957418137717,10,0.47467687726020813,0.6836857199668884,-0.3032706379890442,0.999011218547821,0.47643032670021057,0.66742342710495,-0.31095874309539795,0.9992770552635193,0.47865116596221924,0.6651298999786377,-0.3110148012638092,0.9992033839225769,0.48091790080070496,0.6627917885780334,-0.3111192286014557,0.9993869662284851,0.47160136699676514,0.6710442900657654,-0.2953477203845978,0.9987351298332214,0.4702416956424713,0.6715787649154663,-0.29537996649742126,0.9980517625808716,0.4690445065498352,0.6721667051315308,-0.2954200506210327,0.998594343662262,0.4909326732158661,0.6560162305831909,-0.3050640821456909,0.9993504285812378,0.4741373658180237,0.6676104068756104,-0.23325680196285248,0.9981449842453003,0.48287642002105713,0.6905481219291687,-0.2971169352531433,0.9995406270027161,0.4776652455329895,0.6937053203582764,-0.276250958442688,0.999367356300354,0.5273450613021851,0.6895745396614075,-0.28085049986839294,0.9996302723884583,0.488216370344162,0.6917833089828491,-0.1627313494682312,0.9994815587997437,0.49733081459999084,0.7992401719093323,-0.3299989700317383,0.980465292930603,0.4646601378917694,0.7658966183662415,-0.14942918717861176,0.7583321928977966,0.4431428909301758,0.8309867978096008,-0.3589525818824768,0.9730675220489502,0.42384520173072815,0.8018784523010254,-0.19286464154720306,0.7764127254486084,0.42835134267807007,0.845260739326477,-0.38832488656044006,0.952920138835907,0.41149887442588806,0.8030041456222534,-0.20408733189105988,0.7430820465087891,0.4225904643535614,0.8278659582138062,-0.380851686000824,0.9511407613754272,0.40997159481048584,0.8012416958808899,-0.22726686298847198,0.7469939589500427,0.4270043969154358,0.8237443566322327,-0.3569386601448059,0.9272922873497009,0.4115244746208191,0.8044909238815308,-0.20450030267238617,0.7306267619132996,0.5517003536224365,0.7793757319450378,-0.020461726933717728,0.9997934699058533,0.5269258618354797,0.7778233885765076,0.020336348563432693,0.999463677406311,0.6089624166488647,0.8316125273704529,-0.08862463384866714,0.9244014620780945,0.541283369064331,0.7823545932769775,-0.048830196261405945,0.8547312617301941,0.6677780151367188,0.8368827700614929,-0.07207731157541275,0.8802258968353271,0.5668860673904419,0.8324270844459534,0.026140451431274414,0.7083584666252136,0.6743702292442322,0.8416616916656494,-0.07170835137367249,0.6675047874450684,0.5697814226150513,0.8370187878608704,0.03533249720931053,0.5370345711708069,0.6884941458702087,0.8221080303192139,-0.11549754440784454,0.8624899983406067,0.5724135041236877,0.8416295051574707,0.014712990261614323,0.7195159196853638
yena_fall_normal_12,78,26,2.6003504043126684,29.995957418137717,10,0.45460808277130127,0.7549859285354614,-0.14186763763427734,0.9986303448677063,0.4501248002052307,0.7412586212158203,-0.15184971690177917,0.999127209186554,0.4511314630508423,0.7374494671821594,-0.15190014243125916,0.9990265965461731,0.45214658975601196,0.7336445450782776,-0.15195509791374207,0.9992389678955078,0.4472825825214386,0.7481604218482971,-0.13728414475917816,0.9985696077346802,0.44636428356170654,0.7492972016334534,-0.13729380071163177,0.9978766441345215,0.445536732673645,0.7504097819328308,-0.13733690977096558,0.9983905553817749,0.4571143388748169,0.7175991535186768,-0.164041206240654,0.9992416501045227,0.4487181603908539,0.735628068447113,-0.0958014652132988,0.9980252385139465,0.4630555808544159,0.7543253302574158,-0.14149048924446106,0.999116837978363,0.4602836072444916,0.7602652907371521,-0.12184500694274902,0.998965859413147,0.49727290868759155,0.7164835333824158,-0.1589987576007843,0.9996216893196106,0.4806244671344757,0.7208380103111267,-0.03479715809226036,0.9993979930877686,0.4690293073654175,0.7901111841201782,-0.19466784596443176,0.9723120331764221,0.4614974558353424,0.7760301232337952,-0.00520586920902133,0.6854457855224609,0.41348955035209656,0.8195655941963196,-0.19667990505695343,0.9546933770179749,0.4226307272911072,0.809546709060669,-0.011537325568497181,0.7023135423660278,0.3964276611804962,0.8277650475502014,-0.21518518030643463,0.9269010424613953,0.4119291305541992,0.8086574673652649,-0.00852164812386036,0.6735607981681824,0.3929153084754944,0.8108960390090942,-0.19955867528915405,0.9247724413871765,0.40824073553085327,0.8107228875160217,-0.025078648701310158,0.6775943040847778,0.3998720943927765,0.8087744116783142,-0.19055870175361633,0.8899886012077332,0.4125783145427704,0.813170313835144,-0.018889563158154488,0.6635847687721252,0.535446286201477,0.808495283126831,-0.035828594118356705,0.999750018119812,0.5209268927574158,0.7983419299125671,0.03579993546009064,0.999350368976593,0.5482827425003052,0.8183996081352234,-0.09436450153589249,0.8781560659408569,0.5186313390731812,0.7568413615226746,0.036536987870931625,0.7880516052246094,0.5674391388893127,0.830414354801178,-0.07807040959596634,0.8200599551200867,0.5064285397529602,0.8326988220214844,0.0277376901358366,0.652819037437439,0.5725277662277222,0.8354959487915039,-0.07542555779218674,0.6332815885543823,0.5075755715370178,0.8479760885238647,0.02863202802836895,0.5118113160133362,0.5639421343803406,0.8127614855766296,-0.0868934765458107,0.8104864954948425,0.49359482526779175,0.8345233798027039,0.023971352726221085,0.6650385856628418
yena_fall_normal_12,81,27,2.7003638814016173,29.995957418137717,10,0.4457227289676666,0.7846700549125671,-0.17120125889778137,0.9984731078147888,0.438941091299057,0.7770653367042542,-0.17994268238544464,0.9991520643234253,0.43872347474098206,0.7734658122062683,-0.18000248074531555,0.9990521669387817,0.43874022364616394,0.7701996564865112,-0.18014313280582428,0.9992684125900269,0.437749981880188,0.7832199931144714,-0.1653556376695633,0.9985803365707397,0.43735381960868835,0.7842075228691101,-0.16531552374362946,0.997878909111023,0.43662962317466736,0.7856239676475525,-0.16529347002506256,0.9983591437339783,0.4418775737285614,0.7518254518508911,-0.18382765352725983,0.9992943406105042,0.43895265460014343,0.7716929316520691,-0.09982918947935104,0.9980758428573608,0.4530635178089142,0.7770875692367554,-0.1704191416501999,0.9990985989570618,0.4508129060268402,0.7841026782989502,-0.1510598361492157,0.9988784790039062,0.4962000548839569,0.7164749503135681,-0.17300313711166382,0.9996547698974609,0.47617679834365845,0.7428123950958252,-0.07084023207426071,0.9993748068809509,0.5493054986000061,0.7703737020492554,-0.18251386284828186,0.9597935676574707,0.520929217338562,0.7927225232124329,-0.04002855345606804,0.6172457337379456,0.585804283618927,0.8073986172676086,-0.14777302742004395,0.9111683368682861,0.5554848313331604,0.838891863822937,-0.030912969261407852,0.6325791478157043,0.5937374830245972,0.8140122294425964,-0.15882320702075958,0.8721722960472107,0.5617009401321411,0.8460573554039001,-0.025364559143781662,0.6068118810653687,0.5926039814949036,0.8069194555282593,-0.15704146027565002,0.8729026317596436,0.5595076084136963,0.8482987284660339,-0.03622294217348099,0.6105389595031738,0.5889384746551514,0.8082138299942017,-0.14697344601154327,0.8377219438552856,0.5586411356925964,0.8439112305641174,-0.03563458099961281,0.5981512665748596,0.5344972610473633,0.7992414236068726,-0.0380217619240284,0.9997711181640625,0.5250044465065002,0.7971256971359253,0.037893228232860565,0.9994027614593506,0.5522084832191467,0.8245683908462524,-0.08753187954425812,0.833122968673706,0.5601129531860352,0.7861008644104004,0.06749184429645538,0.7144876718521118,0.6017593145370483,0.8307719826698303,0.002369633875787258,0.7463569641113281,0.600589394569397,0.8362396955490112,0.1108831912279129,0.5914550423622131,0.6112473011016846,0.8257984519004822,0.013124581426382065,0.5811051726341248,0.6092867255210876,0.8444781303405762,0.11680367588996887,0.4674251079559326,0.6107239127159119,0.8390161395072937,0.007574324496090412,0.741257905960083,0.6041343808174133,0.8634553551673889,0.10786228626966476,0.6049685478210449
yena_fall_normal_12,84,28,2.8003773584905662,29.995957418137717,10,0.4397814869880676,0.7910754680633545,-0.13275979459285736,0.9985659718513489,0.4368533790111542,0.7901443839073181,-0.14944753050804138,0.9992167949676514,0.43671903014183044,0.7881987690925598,-0.1494372934103012,0.9991216063499451,0.4369681775569916,0.787186324596405,-0.14950574934482574,0.9993197917938232,0.4340234100818634,0.7897463440895081,-0.1320783793926239,0.9986733198165894,0.43306082487106323,0.7890424728393555,-0.13210032880306244,0.9980296492576599,0.43206068873405457,0.7883347272872925,-0.13211962580680847,0.9984720945358276,0.43789127469062805,0.7669241428375244,-0.18424645066261292,0.9993544816970825,0.4326052963733673,0.7679941058158875,-0.10571009665727615,0.9982413649559021,0.44392889738082886,0.7846598029136658,-0.14169000089168549,0.9991559386253357,0.4419010579586029,0.7857593297958374,-0.11941568553447723,0.9989582300186157,0.4750736653804779,0.7261797785758972,-0.1775248795747757,0.9996848702430725,0.4517844021320343,0.7240496277809143,-0.06032480672001839,0.9994283318519592,0.4802814722061157,0.8032398819923401,-0.15611228346824646,0.9511457085609436,0.43309837579727173,0.7849410772323608,-0.05156082287430763,0.5643355846405029,0.44715648889541626,0.8259866237640381,-0.08376694470643997,0.8655133843421936,0.42074286937713623,0.8204368352890015,-0.07969363778829575,0.5740180611610413,0.4379446804523468,0.8346129655838013,-0.08958181738853455,0.8159939050674438,0.41636011004447937,0.8265292644500732,-0.0758465826511383,0.5517590045928955,0.4358100891113281,0.821773111820221,-0.07749123126268387,0.8170556426048279,0.416321724653244,0.8263809680938721,-0.08742395043373108,0.5552919507026672,0.4388715922832489,0.8188499808311462,-0.07696519792079926,0.7789948582649231,0.41875705122947693,0.8253396153450012,-0.08518553525209427,0.544964075088501,0.5247449278831482,0.7941280603408813,-0.04076358303427696,0.9997895359992981,0.5155332684516907,0.791128396987915,0.04065100848674774,0.9994528293609619,0.5648277997970581,0.8303283452987671,-0.06812427192926407,0.7929219603538513,0.5565234422683716,0.7576838135719299,0.06122526153922081,0.6487967371940613,0.6086851358413696,0.8359516263008118,-0.015809688717126846,0.7012790441513062,0.5917719602584839,0.8267008662223816,0.10790418088436127,0.5416043400764465,0.616791307926178,0.8275519013404846,-0.010104427114129066,0.5685513019561768,0.59845370054245,0.8359867930412292,0.11342636495828629,0.43805328011512756,0.6189097762107849,0.8458454012870789,-0.017001589760184288,0.7017410397529602,0.5952033996582031,0.8594633340835571,0.11322344839572906,0.558567225933075
yena_fall_normal_12,87,29,2.9003908355795147,29.995957418137717,10,0.4358763098716736,0.7848400473594666,-0.11621827632188797,0.9986939430236816,0.4313715696334839,0.7810413241386414,-0.12889806926250458,0.9992864727973938,0.43123820424079895,0.7792558073997498,-0.12887954711914062,0.9992014169692993,0.43139031529426575,0.7765147686004639,-0.1288934051990509,0.9993768930435181,0.43100112676620483,0.7831423878669739,-0.11106184870004654,0.9987795352935791,0.43072187900543213,0.7831766605377197,-0.11106962710618973,0.9982040524482727,0.43036672472953796,0.7832821607589722,-0.11107432097196579,0.9985922574996948,0.43184995651245117,0.7599635720252991,-0.15552669763565063,0.9994097352027893,0.4300306439399719,0.7667517066001892,-0.07373896986246109,0.9983813166618347,0.44164523482322693,0.7765835523605347,-0.12272223830223083,0.9992259740829468,0.4412660002708435,0.7789314985275269,-0.09920266270637512,0.999042272567749,0.465937077999115,0.7228350639343262,-0.16373136639595032,0.9997149109840393,0.45085614919662476,0.7317074537277222,-0.02244919165968895,0.9994597434997559,0.44444596767425537,0.8157699704170227,-0.1757155805826187,0.9548224210739136,0.43101316690444946,0.7946292757987976,-0.007191183045506477,0.5215592384338379,0.3958421051502228,0.8298399448394775,-0.1739465594291687,0.8722026944160461,0.40256229043006897,0.8082138895988464,-0.040216658264398575,0.5210486650466919,0.38328126072883606,0.8355388641357422,-0.18946951627731323,0.8240029811859131,0.39409416913986206,0.7997924089431763,-0.043629761785268784,0.5009867548942566,0.38302454352378845,0.8232410550117493,-0.185460165143013,0.8244564533233643,0.3936682343482971,0.7999799847602844,-0.051277268677949905,0.5037460327148438,0.38495150208473206,0.8225682377815247,-0.1714717596769333,0.7809723615646362,0.39729005098342896,0.8035536408424377,-0.045207343995571136,0.49429643154144287,0.5335268378257751,0.7871928811073303,-0.034202929586172104,0.9998036623001099,0.5129601955413818,0.7949131727218628,0.034284938126802444,0.9994114637374878,0.5929094552993774,0.8008158802986145,-0.08788026869297028,0.8128867745399475,0.4657093286514282,0.816104531288147,-0.02128537930548191,0.6630475521087646,0.666061282157898,0.8283271193504333,-0.1301419585943222,0.7290474772453308,0.4010307192802429,0.8690312504768372,-0.06771863251924515,0.5765054821968079,0.6791859269142151,0.8271718621253967,-0.1342669576406479,0.5983420014381409,0.3940756618976593,0.8884158730506897,-0.0713624432682991,0.48779141902923584,0.6800946593284607,0.8427006602287292,-0.18492934107780457,0.729357898235321,0.37516623735427856,0.8550219535827637,-0.09364277869462967,0.5968340039253235
yena_fall_normal_12,90,30,3.0004043126684636,29.995957418137717,10,0.437995582818985,0.7817006707191467,-0.1327272206544876,0.9987765550613403,0.4324500262737274,0.7779629230499268,-0.14632360637187958,0.9993424415588379,0.43231168389320374,0.7763012051582336,-0.14628833532333374,0.999262273311615,0.4322203993797302,0.7743529677391052,-0.14631010591983795,0.9994157552719116,0.43223387002944946,0.780126690864563,-0.12684956192970276,0.9988363981246948,0.4320862889289856,0.7799829840660095,-0.1268806904554367,0.9983193278312683,0.43196067214012146,0.779938280582428,-0.12688393890857697,0.9986585378646851,0.43258821964263916,0.7596327066421509,-0.16912823915481567,0.9994508028030396,0.432489275932312,0.7654016017913818,-0.0841422826051712,0.9984321594238281,0.4440300166606903,0.7735291719436646,-0.13911733031272888,0.9992693066596985,0.4437299370765686,0.7755604386329651,-0.11380372196435928,0.9990839958190918,0.46194347739219666,0.7247532606124878,-0.19470688700675964,0.9997405409812927,0.45430564880371094,0.730510950088501,-0.023819439113140106,0.9993590712547302,0.44517889618873596,0.8191995620727539,-0.22799158096313477,0.9572133421897888,0.4428420662879944,0.8042547106742859,0.0034287869930267334,0.4763951301574707,0.39641034603118896,0.8240068554878235,-0.20254996418952942,0.8788135647773743,0.41230717301368713,0.8108730912208557,-0.01825704425573349,0.4720175862312317,0.3842460513114929,0.8310551047325134,-0.21682392060756683,0.832067608833313,0.4040504992008209,0.80631422996521,-0.018928727135062218,0.4542585611343384,0.382057785987854,0.819769561290741,-0.21566084027290344,0.8315796256065369,0.39998579025268555,0.8018280267715454,-0.02750728838145733,0.45644450187683105,0.3868641257286072,0.817985475063324,-0.20085909962654114,0.7859822511672974,0.4065822958946228,0.8066480159759521,-0.023497391492128372,0.4481046199798584,0.5516682863235474,0.7652275562286377,-0.04388638958334923,0.99982088804245,0.5264652371406555,0.7912555932998657,0.043973252177238464,0.9994046092033386,0.5988872051239014,0.7975227236747742,-0.1256505250930786,0.8307389616966248,0.4602338671684265,0.8282756209373474,-0.016715819016098976,0.6625218391418457,0.6723487973213196,0.8288945555686951,-0.11452693492174149,0.7488165497779846,0.38047802448272705,0.8614783883094788,-0.06074388325214386,0.6012402176856995,0.6780551671981812,0.8253363370895386,-0.11350991576910019,0.6055666208267212,0.37293004989624023,0.8716026544570923,-0.0641440749168396,0.5297653079032898,0.6867098212242126,0.8458987474441528,-0.16547776758670807,0.7509951591491699,0.3562707304954529,0.8260360360145569,-0.08806765079498291,0.6289889216423035
yena_fall_normal_12,93,31,3.1004177897574126,29.995957418137717,10,0.4361886978149414,0.7830322980880737,-0.13880638778209686,0.9988601207733154,0.4301961362361908,0.7792685627937317,-0.1559647023677826,0.999395489692688,0.42995551228523254,0.7769275307655334,-0.1558670699596405,0.999317467212677,0.42969438433647156,0.7743737697601318,-0.15587638318538666,0.9994540810585022,0.43015924096107483,0.782304584980011,-0.12905676662921906,0.9989067316055298,0.4299670159816742,0.7824897766113281,-0.12900546193122864,0.9984371662139893,0.42977768182754517,0.7827228307723999,-0.1290062814950943,0.9987372159957886,0.43077945709228516,0.7572560906410217,-0.18635597825050354,0.9994919896125793,0.4313548505306244,0.7685055136680603,-0.08677041530609131,0.998473048210144,0.44221439957618713,0.774994432926178,-0.14931656420230865,0.999311625957489,0.44172370433807373,0.7781153917312622,-0.1172005832195282,0.9991351962089539,0.46170637011528015,0.7273380160331726,-0.21573975682258606,0.9997628331184387,0.45417436957359314,0.7418254613876343,-0.02126053348183632,0.9992697834968567,0.44881585240364075,0.8220776915550232,-0.26659727096557617,0.960366427898407,0.44479796290397644,0.8048183917999268,-0.032407693564891815,0.43502089381217957,0.3987727463245392,0.8279250264167786,-0.23912794888019562,0.8865900039672852,0.4056304693222046,0.8159106969833374,-0.12900720536708832,0.42948541045188904,0.3822612464427948,0.8322281241416931,-0.2578798830509186,0.8405554890632629,0.39980947971343994,0.8224626183509827,-0.14017465710639954,0.4145355820655823,0.3815420866012573,0.8220772743225098,-0.25657975673675537,0.8394495844841003,0.39578792452812195,0.8140649795532227,-0.14968737959861755,0.41611334681510925,0.38689225912094116,0.8209935426712036,-0.23778939247131348,0.7942282557487488,0.3969348967075348,0.8140357732772827,-0.13706403970718384,0.40881413221359253,0.560710608959198,0.7507286667823792,-0.05414791405200958,0.9998382329940796,0.5338430404663086,0.7766600251197815,0.05419282615184784,0.9994550347328186,0.5993691682815552,0.8019695281982422,-0.15463770925998688,0.8474397659301758,0.46676963567733765,0.8180509209632874,-0.01710127852857113,0.665634036064148,0.672131359577179,0.8320994973182678,-0.0919148251414299,0.7604758739471436,0.3837592303752899,0.8522277474403381,-0.07403575628995895,0.6298447251319885,0.6760171055793762,0.8239645957946777,-0.08283310383558273,0.6079330444335938,0.384534627199173,0.8744654059410095,-0.0800466388463974,0.5697785019874573,0.6892492175102234,0.8595525026321411,-0.12550315260887146,0.7657748460769653,0.3542992174625397,0.8166545033454895,-0.11107274889945984,0.6613826155662537
yena_fall_normal_12,96,32,3.200431266846361,29.995957418137717,10,0.43841317296028137,0.7880418300628662,-0.15721924602985382,0.9988068342208862,0.43264517188072205,0.7850356101989746,-0.1729237288236618,0.9993786811828613,0.4323599636554718,0.7826768159866333,-0.17284242808818817,0.999272346496582,0.4320586621761322,0.7801083922386169,-0.17286591231822968,0.9993858933448792,0.43251746892929077,0.7880951762199402,-0.14778581261634827,0.9988176822662354,0.43225640058517456,0.788079559803009,-0.14783543348312378,0.9983946681022644,0.43201014399528503,0.7880342602729797,-0.14787302911281586,0.9986608028411865,0.43185555934906006,0.7614219188690186,-0.20088467001914978,0.9994757175445557,0.43201643228530884,0.7714218497276306,-0.08893591910600662,0.9982115030288696,0.4437686502933502,0.7791194915771484,-0.16472338140010834,0.9991936087608337,0.4431343972682953,0.7826933264732361,-0.13237246870994568,0.9990126490592957,0.46141454577445984,0.7307016849517822,-0.23436349630355835,0.9997755885124207,0.4560193419456482,0.7514967322349548,-0.024138838052749634,0.9991545081138611,0.45099636912345886,0.8201867938041687,-0.31307733058929443,0.9631079435348511,0.4463988244533539,0.8146927952766418,-0.07573702931404114,0.39945951104164124,0.40124985575675964,0.8379307985305786,-0.29202693700790405,0.890821635723114,0.4068240523338318,0.8260971903800964,-0.22242245078086853,0.3930269479751587,0.38424253463745117,0.8401291966438293,-0.3155590295791626,0.8423965573310852,0.40312230587005615,0.8338367938995361,-0.2398618757724762,0.38107040524482727,0.3841017484664917,0.8304665684700012,-0.310232013463974,0.8404626846313477,0.3979101777076721,0.8264843821525574,-0.2495885044336319,0.3819953203201294,0.3898593485355377,0.832384467124939,-0.289888471364975,0.7939855456352234,0.3988127112388611,0.821323573589325,-0.23225432634353638,0.37553277611732483,0.5627400875091553,0.7378798127174377,-0.06196047365665436,0.9998528361320496,0.5385295152664185,0.7644059658050537,0.06201236695051193,0.9994915127754211,0.5999470353126526,0.8158434629440308,-0.14221735298633575,0.8624235391616821,0.4679626524448395,0.7986923456192017,-0.016025714576244354,0.6585161685943604,0.6745271682739258,0.8320814371109009,-0.07270029187202454,0.7670736908912659,0.38638418912887573,0.83956378698349,-0.04932354763150215,0.6529846787452698,0.6828858256340027,0.824255645275116,-0.06650706380605698,0.6082350015640259,0.38427695631980896,0.8765935301780701,-0.05217608064413071,0.604125440120697,0.6969578266143799,0.8669350743293762,-0.116721510887146,0.7771846055984497,0.35494551062583923,0.8188014626502991,-0.09237773716449738,0.6904140710830688
yena_fall_normal_12,99,33,3.30044474393531,29.995957418137717,10,0.43928706645965576,0.7888321876525879,-0.14375315606594086,0.9988283514976501,0.433795303106308,0.786611795425415,-0.15862390398979187,0.999410092830658,0.43355268239974976,0.7842854261398315,-0.15854860842227936,0.9993041157722473,0.43330684304237366,0.7816890478134155,-0.15857546031475067,0.9994047284126282,0.43349578976631165,0.7897706627845764,-0.13422426581382751,0.998850405216217,0.43321290612220764,0.7898421287536621,-0.13428184390068054,0.9984688758850098,0.43293341994285583,0.7898427248001099,-0.1343105286359787,0.9987004399299622,0.4328680634498596,0.7626215219497681,-0.1884768307209015,0.9995037317276001,0.43293601274490356,0.7741823792457581,-0.0789322480559349,0.9981952905654907,0.4447498619556427,0.7794187068939209,-0.15240593254566193,0.9991803169250488,0.444015771150589,0.7833965420722961,-0.12074980139732361,0.9990042448043823,0.4621787369251251,0.7316264510154724,-0.2227528989315033,0.9997896552085876,0.45564183592796326,0.7473739981651306,-0.008218435570597649,0.9988842606544495,0.45167431235313416,0.8187590837478638,-0.27969709038734436,0.9653448462486267,0.4473262131214142,0.8126378059387207,-0.010581848211586475,0.3659396767616272,0.40155792236328125,0.8351547122001648,-0.22584955394268036,0.8950677514076233,0.407821923494339,0.8250291347503662,-0.09675467759370804,0.3601153790950775,0.3861909508705139,0.8387471437454224,-0.24125078320503235,0.844660758972168,0.4004520773887634,0.8305140733718872,-0.10281898826360703,0.35081297159194946,0.384419709444046,0.8282206058502197,-0.23843413591384888,0.8422071933746338,0.3935834765434265,0.8249687552452087,-0.11062778532505035,0.351215124130249,0.387869656085968,0.8299883008003235,-0.22325202822685242,0.7956430912017822,0.3948650062084198,0.8201025724411011,-0.1038331538438797,0.345655232667923,0.5634165406227112,0.7311150431632996,-0.06564781069755554,0.9998666048049927,0.5417314767837524,0.754149854183197,0.06575629860162735,0.9995275139808655,0.5988256931304932,0.8193073272705078,-0.13478055596351624,0.8760479688644409,0.47115835547447205,0.7854428291320801,0.010340537875890732,0.65611732006073,0.6747653484344482,0.8325721621513367,-0.053691744804382324,0.7836867570877075,0.40396130084991455,0.8447309732437134,0.002309029223397374,0.6759486794471741,0.6820529699325562,0.8225764036178589,-0.0471772775053978,0.6267335414886475,0.3997139036655426,0.875026285648346,-0.0014608661876991391,0.634949266910553,0.7008119225502014,0.8643400073051453,-0.09589029103517532,0.7933934330940247,0.37174445390701294,0.8199967741966248,-0.04384688660502434,0.716947078704834
yena_fall_normal_12,102,34,3.400458221024259,29.995957418137717,10,0.44079604744911194,0.7902657985687256,-0.12260802090167999,0.9988107681274414,0.4348324239253998,0.7882501482963562,-0.1354113221168518,0.9994123578071594,0.434444397687912,0.7860183715820312,-0.13536116480827332,0.9993007779121399,0.4339851438999176,0.783378541469574,-0.13538223505020142,0.9993892908096313,0.434698224067688,0.7911416888237,-0.11243358999490738,0.998830258846283,0.43432697653770447,0.791159987449646,-0.11248589307069778,0.9984842538833618,0.4340067505836487,0.7911606431007385,-0.11253006756305695,0.9986864328384399,0.4335198402404785,0.763610303401947,-0.162721648812294,0.9994984269142151,0.4332501292228699,0.7767307162284851,-0.058615121990442276,0.998039722442627,0.445561945438385,0.7808341979980469,-0.13080550730228424,0.9991355538368225,0.44493886828422546,0.7848402261734009,-0.10082236677408218,0.9989810585975647,0.4630475342273712,0.7315528392791748,-0.20039306581020355,0.9997990131378174,0.45800840854644775,0.7533718943595886,0.005246172193437815,0.9986909031867981,0.4523254334926605,0.8190984129905701,-0.26309314370155334,0.9672067165374756,0.4478112459182739,0.8139546513557434,0.030855422839522362,0.3369196951389313,0.40094736218452454,0.8340185880661011,-0.21061047911643982,0.8990731239318848,0.40639060735702515,0.8236788511276245,-0.013088409788906574,0.332614928483963,0.3853624165058136,0.8382092118263245,-0.2247999757528305,0.8475807905197144,0.4013102650642395,0.8296349048614502,-0.014214822091162205,0.32585087418556213,0.3833969831466675,0.8277820944786072,-0.22212865948677063,0.8443535566329956,0.3949258029460907,0.8233314156532288,-0.023260222747921944,0.32583197951316833,0.3889787793159485,0.8286078572273254,-0.20833685994148254,0.797483503818512,0.3961595296859741,0.8204509615898132,-0.019466185942292213,0.32093265652656555,0.5635241866111755,0.7297819256782532,-0.06320573389530182,0.9998788237571716,0.5423940420150757,0.7563091516494751,0.06332612037658691,0.9995660781860352,0.5994994640350342,0.8188873529434204,-0.08894680440425873,0.8883181214332581,0.4723024368286133,0.7853541970252991,-0.017765935510396957,0.6598737835884094,0.675955057144165,0.8348795175552368,0.023135868832468987,0.7999821901321411,0.42320603132247925,0.8448677659034729,-0.03536307439208031,0.697472333908081,0.6808226704597473,0.8266407251358032,0.03320755809545517,0.6461514830589294,0.42088082432746887,0.869871973991394,-0.0409105084836483,0.6619296669960022,0.7044456601142883,0.8687858581542969,-0.013147087767720222,0.8087812662124634,0.3892723619937897,0.822519063949585,-0.09258873015642166,0.7415522933006287
yena_fall_normal_12,105,35,3.5004716981132074,29.995957418137717,10,0.4417029619216919,0.792194664478302,-0.12596352398395538,0.9988133311271667,0.43562784790992737,0.7908047437667847,-0.13908131420612335,0.999420702457428,0.4351242482662201,0.788572371006012,-0.13902029395103455,0.9993077516555786,0.4345139265060425,0.7860442996025085,-0.13903866708278656,0.9993833303451538,0.43551692366600037,0.7936977744102478,-0.11629058420658112,0.9988176822662354,0.43505680561065674,0.793613612651825,-0.11633776873350143,0.998516857624054,0.43467041850090027,0.7934954166412354,-0.11637235432863235,0.9986880421638489,0.4336264431476593,0.7654509544372559,-0.1661166250705719,0.9995076060295105,0.43334969878196716,0.7790243625640869,-0.0628727450966835,0.9979072213172913,0.4457160532474518,0.7818387150764465,-0.13395096361637115,0.9990814924240112,0.44522324204444885,0.7856484055519104,-0.10423628240823746,0.998917281627655,0.46208837628364563,0.7314416170120239,-0.20219813287258148,0.9998030662536621,0.4580707252025604,0.7555055618286133,-0.0003517775039654225,0.9982389211654663,0.45238178968429565,0.8177627921104431,-0.25929340720176697,0.9691200852394104,0.44778987765312195,0.8198207020759583,-0.01380667369812727,0.31253769993782043,0.401856392621994,0.8365435004234314,-0.19349156320095062,0.8988385796546936,0.4070981442928314,0.8307068943977356,-0.11569429188966751,0.3076777756214142,0.38692834973335266,0.8381205201148987,-0.20506878197193146,0.8425228595733643,0.3999038636684418,0.8320620656013489,-0.12455474585294724,0.3026863634586334,0.388835072517395,0.83185213804245,-0.20153646171092987,0.838392972946167,0.3945225179195404,0.8228785991668701,-0.1325501650571823,0.3022173047065735,0.38921722769737244,0.8279789090156555,-0.19038935005664825,0.7911686897277832,0.3957473039627075,0.821151852607727,-0.12348560243844986,0.29792872071266174,0.563941240310669,0.7282736897468567,-0.06316281110048294,0.9998888373374939,0.5426172614097595,0.757652997970581,0.063271664083004,0.9995790123939514,0.5993356704711914,0.81853187084198,-0.09516175836324692,0.8993063569068909,0.47353896498680115,0.7860953211784363,0.018263323232531548,0.6506489515304565,0.676435112953186,0.8327798843383789,-0.01275426521897316,0.8123022317886353,0.4004923701286316,0.8343982100486755,0.010483010672032833,0.710210382938385,0.6813114285469055,0.8207919001579285,-0.0054836636409163475,0.6610011458396912,0.40021181106567383,0.8515143394470215,0.006356053985655308,0.6841937303543091,0.7043715119361877,0.8707280158996582,-0.051759470254182816,0.821377158164978,0.3696374297142029,0.8128908276557922,-0.036552172154188156,0.7617083787918091
yena_fall_normal_12,108,36,3.6004851752021563,29.995957418137717,10,0.4424785077571869,0.7915837168693542,-0.12213447690010071,0.9988098740577698,0.4364011883735657,0.7899607419967651,-0.13433030247688293,0.9994221329689026,0.4359672963619232,0.787726104259491,-0.13428805768489838,0.9993066787719727,0.43543702363967896,0.7852127552032471,-0.13431525230407715,0.9993739724159241,0.43622341752052307,0.7929065227508545,-0.11281872540712357,0.9988120794296265,0.43576928973197937,0.7928816676139832,-0.11286527663469315,0.9985477924346924,0.4353824853897095,0.7928110957145691,-0.11290455609560013,0.9986855983734131,0.4340323805809021,0.7650593519210815,-0.15874379873275757,0.999508261680603,0.4341141879558563,0.7782371044158936,-0.06084834039211273,0.997795581817627,0.4464688003063202,0.7814990282058716,-0.12923674285411835,0.9990193247795105,0.44591036438941956,0.7852365970611572,-0.10098381340503693,0.9988556504249573,0.46204522252082825,0.7312949299812317,-0.19379377365112305,0.9998080730438232,0.4581618905067444,0.7552176117897034,-0.0018760394304990768,0.9980649948120117,0.448457270860672,0.8113890886306763,-0.2425708770751953,0.970952033996582,0.44412556290626526,0.8040623664855957,-0.030471790581941605,0.2942913770675659,0.40603604912757874,0.833038866519928,-0.1710377335548401,0.9002186059951782,0.4041048586368561,0.8183158040046692,-0.1343332976102829,0.29714375734329224,0.38868728280067444,0.8346884846687317,-0.18092437088489532,0.8411895632743835,0.39051342010498047,0.8196934461593628,-0.1425454169511795,0.29455313086509705,0.3890773355960846,0.8259783387184143,-0.17666372656822205,0.8359184861183167,0.3898283839225769,0.8189389109611511,-0.15045571327209473,0.2927383482456207,0.39341434836387634,0.8248947858810425,-0.16766352951526642,0.788867175579071,0.39542022347450256,0.8163558840751648,-0.14184457063674927,0.28817856311798096,0.5640743374824524,0.7288051843643188,-0.06262943893671036,0.9998989701271057,0.5426296591758728,0.7561643123626709,0.06273189187049866,0.9996071457862854,0.6003790497779846,0.818321168422699,-0.0953122228384018,0.909256637096405,0.47236213088035583,0.7854102849960327,0.03718485310673714,0.6444365978240967,0.6759231686592102,0.8322119116783142,-0.017917783930897713,0.8250952959060669,0.4296596348285675,0.8279023170471191,0.021225692704319954,0.7205113172531128,0.6815528869628906,0.8196959495544434,-0.011084464378654957,0.680230975151062,0.4303460121154785,0.8422017693519592,0.016883771866559982,0.7028211355209351,0.7041149735450745,0.8653860092163086,-0.04591541737318039,0.8330462574958801,0.4012048542499542,0.813552975654602,-0.013780451379716396,0.7791746258735657
yena_fall_normal_12,111,37,3.700498652291105,29.995957418137717,10,0.44255170226097107,0.7912729978561401,-0.13542228937149048,0.9988642334938049,0.4364998936653137,0.7895346879959106,-0.14786212146282196,0.99945467710495,0.43608516454696655,0.7873940467834473,-0.14780500531196594,0.9993448257446289,0.4355885088443756,0.7850403785705566,-0.14782878756523132,0.9994043111801147,0.43632158637046814,0.7924234867095947,-0.12536275386810303,0.9988651871681213,0.4358733296394348,0.7923965454101562,-0.1254163533449173,0.9986295104026794,0.43548479676246643,0.7923557758331299,-0.12545077502727509,0.998746931552887,0.434116929769516,0.7643511295318604,-0.1709725558757782,0.9995376467704773,0.43418020009994507,0.7777761220932007,-0.06920427829027176,0.997852623462677,0.4465938210487366,0.7813459634780884,-0.14201492071151733,0.9990435838699341,0.4459514319896698,0.7850711941719055,-0.11266855895519257,0.9988831281661987,0.4621521532535553,0.7306691408157349,-0.20569662749767303,0.9998186230659485,0.4601863920688629,0.7572264671325684,-0.006461396813392639,0.9979146718978882,0.4506084620952606,0.8130303025245667,-0.2756936848163605,0.9726718664169312,0.4532850384712219,0.8168242573738098,-0.028145579621195793,0.2732033133506775,0.40566518902778625,0.8331537842750549,-0.23871320486068726,0.9035441279411316,0.41530922055244446,0.8269785046577454,-0.1264047473669052,0.2765348553657532,0.3888755738735199,0.8378217816352844,-0.2562890648841858,0.843497633934021,0.40355005860328674,0.8261786699295044,-0.13565374910831451,0.27593544125556946,0.38902825117111206,0.8274443745613098,-0.2528616786003113,0.8376789093017578,0.3939426839351654,0.8220618963241577,-0.14257344603538513,0.2737662196159363,0.39246800541877747,0.8270620703697205,-0.23674649000167847,0.7905638813972473,0.40144193172454834,0.8183555006980896,-0.1336382031440735,0.26966527104377747,0.564085066318512,0.728963315486908,-0.06226537749171257,0.9999082684516907,0.5428360104560852,0.7567798495292664,0.062365684658288956,0.9996368288993835,0.5998196005821228,0.8177975416183472,-0.11687233299016953,0.9182219505310059,0.47737008333206177,0.7835002541542053,-0.004871222656220198,0.6498113870620728,0.6757614016532898,0.8323081135749817,-0.02766125090420246,0.8378875255584717,0.4290522038936615,0.8356358408927917,-0.015276125632226467,0.739200234413147,0.6814095377922058,0.8198555111885071,-0.0204001497477293,0.6967583298683167,0.42700380086898804,0.8549788594245911,-0.019816434010863304,0.7255069613456726,0.7059600949287415,0.8647862076759338,-0.07482186704874039,0.8456248641014099,0.3985207676887512,0.8200841546058655,-0.07015742361545563,0.7982544898986816
yena_fall_normal_12,114,38,3.800512129380054,29.995957418137717,10,0.4425808787345886,0.7931528091430664,-0.11830372363328934,0.9987702369689941,0.4365256726741791,0.7916510701179504,-0.1309906393289566,0.9994122385978699,0.43611133098602295,0.789747416973114,-0.13095057010650635,0.9992986917495728,0.43561962246894836,0.7876935601234436,-0.13098809123039246,0.9993568658828735,0.4363732933998108,0.7938727140426636,-0.10979033261537552,0.9987449645996094,0.43593931198120117,0.7935539484024048,-0.1098269373178482,0.9985321164131165,0.43555524945259094,0.7933263182640076,-0.10985729098320007,0.998620867729187,0.4341678023338318,0.7664055824279785,-0.15895359218120575,0.9994779825210571,0.434395432472229,0.7783522009849548,-0.062046729028224945,0.9974048733711243,0.4466590881347656,0.7835311889648438,-0.12683610618114471,0.9988739490509033,0.446045458316803,0.7864077687263489,-0.09891711175441742,0.9986609816551208,0.4616832435131073,0.7306075692176819,-0.19564582407474518,0.9998124837875366,0.4559248387813568,0.7485971450805664,-0.002188936108723283,0.997431218624115,0.4511062204837799,0.8144054412841797,-0.24212513864040375,0.9740220904350281,0.4506825804710388,0.8171483874320984,-0.004944263491779566,0.2572437822818756,0.4057314991950989,0.8331114053726196,-0.17883998155593872,0.9060078859329224,0.40308627486228943,0.8227337598800659,-0.08096864074468613,0.2637276351451874,0.3895622491836548,0.8374220132827759,-0.19153456389904022,0.8454602956771851,0.3936734199523926,0.8237125873565674,-0.08653605729341507,0.264845073223114,0.3890686333179474,0.8269776701927185,-0.18853439390659332,0.839329719543457,0.3912605047225952,0.8219823241233826,-0.09559301286935806,0.26203909516334534,0.392334908246994,0.8268637657165527,-0.1764347106218338,0.7930876612663269,0.3942996561527252,0.8195288181304932,-0.08822202682495117,0.25828754901885986,0.5638201236724854,0.7289573550224304,-0.06260966509580612,0.999915599822998,0.5431507229804993,0.7532283663749695,0.06271013617515564,0.9996529221534729,0.5996151566505432,0.8177259564399719,-0.0823577418923378,0.9263179898262024,0.4827268719673157,0.7851738333702087,0.05045834928750992,0.6455110907554626,0.675601601600647,0.8319315314292908,-0.0003325225552543998,0.8511903882026672,0.4580003023147583,0.8317635655403137,0.05286627635359764,0.7508370280265808,0.6824430227279663,0.8194687366485596,0.007154392544180155,0.7174670696258545,0.45888933539390564,0.845643162727356,0.05034762620925903,0.7406986355781555,0.7093182802200317,0.8685042858123779,-0.02203833870589733,0.8571765422821045,0.4370224177837372,0.8207484483718872,0.02421637251973152,0.8123387098312378
yena_fall_normal_12,117,39,3.9005256064690026,29.995957418137717,10,0.4426008462905884,0.7922536134719849,-0.13281379640102386,0.9988306164741516,0.43657705187797546,0.7902109026908875,-0.14407259225845337,0.9994453191757202,0.4361696243286133,0.7877839803695679,-0.14402265846729279,0.9993395805358887,0.4356885552406311,0.7851529121398926,-0.14404770731925964,0.9993910789489746,0.4363950490951538,0.7933483123779297,-0.12304053455591202,0.9988022446632385,0.4360039532184601,0.7933278679847717,-0.12308423966169357,0.9986149072647095,0.4356726408004761,0.7932557463645935,-0.12311075627803802,0.998683512210846,0.4342615306377411,0.7641265988349915,-0.16322073340415955,0.9995097517967224,0.43486088514328003,0.778245747089386,-0.06847856938838959,0.9974244832992554,0.44674763083457947,0.7825073599815369,-0.13817381858825684,0.9988952875137329,0.4462236166000366,0.7861614227294922,-0.11064920574426651,0.9986644983291626,0.4617953896522522,0.7289687395095825,-0.19579075276851654,0.9998214244842529,0.4602471888065338,0.7574832439422607,-0.007954385131597519,0.9971955418586731,0.45715418457984924,0.8145718574523926,-0.2525714635848999,0.9754087328910828,0.4595523774623871,0.8213508725166321,-0.054445184767246246,0.24217048287391663,0.41322061419487,0.8338313698768616,-0.20494559407234192,0.9074777364730835,0.41946107149124146,0.8274461030960083,-0.18523867428302765,0.250033438205719,0.3915483057498932,0.8368934988975525,-0.21835476160049438,0.8453320860862732,0.40749314427375793,0.8272793292999268,-0.19956113398075104,0.25225329399108887,0.39023807644844055,0.8276175856590271,-0.21612535417079926,0.8384861350059509,0.3969777226448059,0.8217343091964722,-0.2040579617023468,0.2486564964056015,0.3954989016056061,0.826163113117218,-0.20294299721717834,0.7924855947494507,0.4034222960472107,0.8195061683654785,-0.19242270290851593,0.24465611577033997,0.5637505650520325,0.7278950810432434,-0.05933191999793053,0.9999226927757263,0.5435308814048767,0.7539339065551758,0.05943157896399498,0.9996660947799683,0.5983799695968628,0.8142784237861633,-0.10592571645975113,0.9335311055183411,0.4787901043891907,0.785054624080658,0.023530779406428337,0.645385205745697,0.674096405506134,0.8318802714347839,-0.04933055862784386,0.8609573245048523,0.432767778635025,0.8266984820365906,0.0012518396833911538,0.761283278465271,0.6822764277458191,0.821937084197998,-0.045489925891160965,0.7296786904335022,0.432626336812973,0.8419060111045837,-0.003547682659700513,0.7579233050346375,0.7013538479804993,0.8796577453613281,-0.10011496394872665,0.8669544458389282,0.38231563568115234,0.8117051720619202,-0.04325347766280174,0.8268376588821411
yena_fall_normal_12,120,40,4.0005390835579515,29.995957418137717,10,0.44243496656417847,0.7921479940414429,-0.12767645716667175,0.9988176822662354,0.43642860651016235,0.7900972366333008,-0.1398611217737198,0.9994452595710754,0.43599018454551697,0.7876768708229065,-0.13983440399169922,0.999345064163208,0.435491681098938,0.7850565314292908,-0.13988257944583893,0.999395489692688,0.4363754093647003,0.7932091355323792,-0.11850108206272125,0.9987927079200745,0.436016708612442,0.7931946516036987,-0.11853229999542236,0.9986246824264526,0.43569910526275635,0.7931467294692993,-0.11854937672615051,0.9986693263053894,0.43410050868988037,0.7639723420143127,-0.16178084909915924,0.9995167851448059,0.4348260760307312,0.7781311869621277,-0.064844511449337,0.9972259402275085,0.4467640519142151,0.7823756337165833,-0.13393346965312958,0.9988480806350708,0.44627299904823303,0.7861048579216003,-0.10585001856088638,0.9985470175743103,0.461839497089386,0.7276471257209778,-0.19663821160793304,0.9998245239257812,0.46093910932540894,0.7579508423805237,-0.0002429091982776299,0.9969585537910461,0.46001023054122925,0.8145359754562378,-0.2463441640138626,0.9759169220924377,0.4633854925632477,0.8211553692817688,-0.04682047292590141,0.22651375830173492,0.42204681038856506,0.8331089615821838,-0.17765051126480103,0.9060665369033813,0.42453309893608093,0.8272842168807983,-0.17482402920722961,0.23629777133464813,0.4088083803653717,0.8368288278579712,-0.18834494054317474,0.8425468802452087,0.41250744462013245,0.8268375992774963,-0.18680007755756378,0.2397477626800537,0.4078395962715149,0.8268960118293762,-0.1868092268705368,0.835122287273407,0.4105735421180725,0.8217025995254517,-0.19085034728050232,0.23541489243507385,0.4130188524723053,0.8251869678497314,-0.17541249096393585,0.7887454628944397,0.41493934392929077,0.8196086287498474,-0.181766539812088,0.2314014732837677,0.5638198852539062,0.7257211208343506,-0.06095978990197182,0.9999287128448486,0.5454950332641602,0.7540255784988403,0.061068352311849594,0.9996798634529114,0.5985912084579468,0.8142521977424622,-0.09963157773017883,0.9400445222854614,0.4873318076133728,0.7864538431167603,0.047692105174064636,0.6434077024459839,0.6743744015693665,0.8318414688110352,-0.048985615372657776,0.8712722659111023,0.46800702810287476,0.8250309228897095,0.03460327535867691,0.7702911496162415,0.683118999004364,0.8212359547615051,-0.046009913086891174,0.743905246257782,0.4717791676521301,0.8366665244102478,0.03080081380903721,0.7716365456581116,0.7054303884506226,0.8780436515808105,-0.09248434752225876,0.8762199878692627,0.44424644112586975,0.8209120035171509,0.0002921338891610503,0.8391315937042236
yena_fall_normal_12,123,41,4.1005525606469,29.995957418137717,10,0.442440390586853,0.7921637296676636,-0.12951375544071198,0.9988424777984619,0.43642085790634155,0.790075421333313,-0.1419839709997177,0.9994609355926514,0.43598541617393494,0.7876708507537842,-0.14193889498710632,0.999365508556366,0.43548253178596497,0.7850345969200134,-0.1419765055179596,0.9994074106216431,0.43638238310813904,0.7932529449462891,-0.11993608623743057,0.9988066554069519,0.43603456020355225,0.793293833732605,-0.11995692551136017,0.9986621737480164,0.4357202649116516,0.7933078408241272,-0.11996477097272873,0.9986859560012817,0.4340875446796417,0.7645909786224365,-0.16538523137569427,0.9995384216308594,0.4348631501197815,0.778649628162384,-0.06507956236600876,0.99724280834198,0.44680967926979065,0.7823605537414551,-0.13608135282993317,0.9988405704498291,0.4463214576244354,0.7863603830337524,-0.10714821517467499,0.998506486415863,0.46225884556770325,0.7287965416908264,-0.20218373835086823,0.9998300671577454,0.46089667081832886,0.7577022314071655,-0.0004437092284206301,0.9967764019966125,0.45822346210479736,0.8144146800041199,-0.2697790861129761,0.976600706577301,0.4596158564090729,0.8210950493812561,-0.04302509129047394,0.21058395504951477,0.4104623794555664,0.8332089185714722,-0.2301679402589798,0.9057617783546448,0.4116879403591156,0.8271257877349854,-0.1617967039346695,0.2202141135931015,0.39796945452690125,0.8383070230484009,-0.2474065124988556,0.8405709862709045,0.39787378907203674,0.8272682428359985,-0.17238882184028625,0.22478288412094116,0.392482191324234,0.828326940536499,-0.24439097940921783,0.8326707482337952,0.39689263701438904,0.8243394494056702,-0.17803427577018738,0.22017885744571686,0.3986353874206543,0.8272799253463745,-0.22860749065876007,0.7860264778137207,0.40381479263305664,0.8232590556144714,-0.16834060847759247,0.21634528040885925,0.5634025931358337,0.7264676094055176,-0.062220796942710876,0.9999350309371948,0.5462329387664795,0.7548214197158813,0.062298472970724106,0.999700665473938,0.5968837738037109,0.8142525553703308,-0.12922780215740204,0.9459341168403625,0.48858019709587097,0.7888146042823792,0.022966448217630386,0.6537123918533325,0.6743905544281006,0.8297054767608643,-0.06784148514270782,0.879262387752533,0.4580150246620178,0.832393229007721,0.0006367859896272421,0.7846247553825378,0.6854321956634521,0.823005199432373,-0.06327863782644272,0.7529945373535156,0.4623822569847107,0.8476732969284058,-0.0045811873860657215,0.7880836129188538,0.7057704925537109,0.8688033223152161,-0.11265667527914047,0.8840669989585876,0.42878514528274536,0.8273269534111023,-0.04568549618124962,0.8524830341339111
yena_fall_normal_12,126,42,4.200566037735849,29.995957418137717,10,0.4419795870780945,0.7922662496566772,-0.12582603096961975,0.9987872242927551,0.43611952662467957,0.7900416254997253,-0.13918516039848328,0.9994405508041382,0.43569913506507874,0.7876508235931396,-0.13914990425109863,0.9993438720703125,0.4351883828639984,0.7850211262702942,-0.13919034600257874,0.9993787407875061,0.4360688626766205,0.7932183146476746,-0.11662300676107407,0.9987534284591675,0.4357266426086426,0.793261706829071,-0.11664485186338425,0.998633623123169,0.43538984656333923,0.7932848334312439,-0.11666000634431839,0.9986240267753601,0.43366938829421997,0.7645586133003235,-0.16527101397514343,0.9995296001434326,0.43428102135658264,0.778393566608429,-0.06336379051208496,0.9970189332962036,0.44652312994003296,0.7824267745018005,-0.13361136615276337,0.9987037181854248,0.4460551142692566,0.7863757610321045,-0.10405059903860092,0.9983471632003784,0.4622027575969696,0.7297548055648804,-0.20336252450942993,0.9998299479484558,0.46062931418418884,0.7566139101982117,0.004155462607741356,0.9966323375701904,0.45803672075271606,0.8152708411216736,-0.2504102885723114,0.9761931896209717,0.4572142958641052,0.8221567273139954,-0.02928096428513527,0.1970224678516388,0.4153282344341278,0.8330732583999634,-0.164919912815094,0.9033241271972656,0.4074398875236511,0.8270105719566345,-0.13770219683647156,0.2089080661535263,0.3977138102054596,0.8373858332633972,-0.1738269031047821,0.8363162875175476,0.3980405032634735,0.828338086605072,-0.14646224677562714,0.21472859382629395,0.39292654395103455,0.8275722861289978,-0.17308661341667175,0.8280305862426758,0.3960314393043518,0.8242416381835938,-0.15220816433429718,0.2096824049949646,0.4065631628036499,0.8257459998130798,-0.16256879270076752,0.7810415625572205,0.39834290742874146,0.8231682181358337,-0.1448068767786026,0.20589466392993927,0.5633203387260437,0.7265197038650513,-0.06346777081489563,0.9999401569366455,0.546248733997345,0.754779040813446,0.06358779221773148,0.999713659286499,0.5979755520820618,0.8141338229179382,-0.08101364970207214,0.9511151313781738,0.4791151285171509,0.7911571860313416,0.04941829293966293,0.6463561654090881,0.6746544241905212,0.8322533965110779,-0.034307096153497696,0.8834424614906311,0.4454728662967682,0.8317195177078247,0.021405687555670738,0.7847188711166382,0.6852885484695435,0.823222279548645,-0.031132377684116364,0.7573196291923523,0.44870883226394653,0.8453351259231567,0.01552790030837059,0.7959924340248108,0.7059128284454346,0.87395840883255,-0.0719003975391388,0.8884047269821167,0.4159793257713318,0.826715350151062,-0.015575403347611427,0.8603159189224243
yena_fall_normal_12,129,43,4.300579514824798,29.995957418137717,10,0.4420429766178131,0.791724443435669,-0.12496642023324966,0.9988430738449097,0.4361308217048645,0.7891712188720703,-0.137936070561409,0.9994696378707886,0.43570223450660706,0.7866654396057129,-0.13790670037269592,0.999379575252533,0.43519166111946106,0.7838680744171143,-0.1379540115594864,0.9994128942489624,0.43613892793655396,0.792900800704956,-0.11609621345996857,0.9988096952438354,0.43581870198249817,0.7931343913078308,-0.11612273007631302,0.998699426651001,0.4355069696903229,0.7932692766189575,-0.11613517254590988,0.9986821413040161,0.43365710973739624,0.7635926604270935,-0.16068650782108307,0.999559223651886,0.4343503415584564,0.7784391045570374,-0.06277155131101608,0.997077465057373,0.4465469419956207,0.7818815112113953,-0.13155309855937958,0.9987534284591675,0.4461289942264557,0.7862184643745422,-0.10312338918447495,0.9983741044998169,0.4616135358810425,0.7291662096977234,-0.19764941930770874,0.9998378157615662,0.4608486592769623,0.7573384046554565,0.0033811083994805813,0.9965901970863342,0.4607430100440979,0.8146475553512573,-0.24355806410312653,0.976880669593811,0.46585777401924133,0.8221101760864258,-0.05015638843178749,0.18599729239940643,0.4236189126968384,0.8330518007278442,-0.17364615201950073,0.9009938836097717,0.4287213981151581,0.8275974988937378,-0.18950781226158142,0.19864562153816223,0.4110180139541626,0.8374449610710144,-0.18420907855033875,0.8322007656097412,0.4172898530960083,0.8285953998565674,-0.203050434589386,0.20588546991348267,0.4099646508693695,0.8275610208511353,-0.18229354918003082,0.8232622146606445,0.41601037979125977,0.8246506452560425,-0.20697656273841858,0.20026448369026184,0.4157544672489166,0.8257237076759338,-0.17116118967533112,0.7764055728912354,0.41986045241355896,0.8232111930847168,-0.19677825272083282,0.19654130935668945,0.5633040070533752,0.7266517281532288,-0.0627911165356636,0.9999451637268066,0.5464774966239929,0.7578858733177185,0.06288566440343857,0.9997290372848511,0.5976752638816833,0.8142130970954895,-0.11741985380649567,0.9558748006820679,0.49066439270973206,0.7911100387573242,0.05187845975160599,0.6468011736869812,0.674745500087738,0.8310525417327881,-0.07995269447565079,0.8917194604873657,0.46738073229789734,0.8157215714454651,0.03237626701593399,0.7960419058799744,0.68487149477005,0.8184587955474854,-0.07727058231830597,0.7719809412956238,0.46920502185821533,0.8271999955177307,0.028348078951239586,0.8095229268074036,0.7074702978134155,0.8680763244628906,-0.11815719306468964,0.8963046073913574,0.44579848647117615,0.8105659484863281,-6.417893746402115e-05,0.8708361983299255
yena_fall_normal_12,132,44,4.400592991913746,29.995957418137717,10,0.4420455992221832,0.7917169332504272,-0.13468781113624573,0.9988515973091125,0.4361678659915924,0.7891643643379211,-0.1464168131351471,0.999478816986084,0.43574243783950806,0.7866523861885071,-0.14636380970478058,0.9993892908096313,0.4352250099182129,0.7838154435157776,-0.1463910937309265,0.9994152784347534,0.4361811876296997,0.7930066585540771,-0.12531054019927979,0.9988163709640503,0.43588411808013916,0.7933322191238403,-0.12535090744495392,0.9987229704856873,0.43559545278549194,0.7936103343963623,-0.12537260353565216,0.9986943006515503,0.4336562752723694,0.7632988095283508,-0.16682307422161102,0.9995726943016052,0.4345906972885132,0.7791951298713684,-0.07106656581163406,0.997104823589325,0.44665423035621643,0.7818651795387268,-0.13999491930007935,0.9987565875053406,0.44626539945602417,0.7863368391990662,-0.11238110810518265,0.9983708262443542,0.46186885237693787,0.7288049459457397,-0.19883085787296295,0.9998427629470825,0.4609517753124237,0.7576519250869751,-0.012068175710737705,0.9965251088142395,0.4565872251987457,0.815582275390625,-0.2751583755016327,0.9776697754859924,0.45875322818756104,0.8220188021659851,-0.053881265223026276,0.1748303771018982,0.4076419174671173,0.8359423875808716,-0.25176891684532166,0.9011671543121338,0.4107086956501007,0.8277440667152405,-0.17507429420948029,0.18433164060115814,0.3958830237388611,0.8400446772575378,-0.27139464020729065,0.8297999501228333,0.397873193025589,0.8292226791381836,-0.18962936103343964,0.19167611002922058,0.3943863809108734,0.8299151659011841,-0.26774662733078003,0.820379376411438,0.3960575759410858,0.8267525434494019,-0.19484475255012512,0.18616099655628204,0.39617452025413513,0.8291055560112,-0.2504099905490875,0.7727911472320557,0.4027339518070221,0.826201856136322,-0.18262791633605957,0.18278904259204865,0.5632746815681458,0.7259170413017273,-0.05964486673474312,0.9999498128890991,0.5447427034378052,0.7585286498069763,0.059713318943977356,0.9997470378875732,0.5978608727455139,0.8141635060310364,-0.1144082099199295,0.9601390361785889,0.48577120900154114,0.7885978817939758,-0.0339408740401268,0.6537802219390869,0.6745672225952148,0.8309217691421509,-0.044995494186878204,0.8979582786560059,0.43380609154701233,0.842370867729187,-0.06052515655755997,0.807722270488739,0.6841500997543335,0.8203681111335754,-0.03994911164045334,0.7775324583053589,0.431000679731369,0.8622986674308777,-0.06721171736717224,0.8216133117675781,0.706903874874115,0.8673036098480225,-0.10668537020683289,0.9029242992401123,0.4013145864009857,0.8309181928634644,-0.12806715071201324,0.8812673687934875
yena_fall_normal_12,135,45,4.500606469002696,29.995957418137717,10,0.4425453841686249,0.7917736768722534,-0.13667082786560059,0.9988548755645752,0.4368424415588379,0.7895804643630981,-0.14945107698440552,0.9994893074035645,0.43643712997436523,0.7871766686439514,-0.1493988037109375,0.9994021058082581,0.4359763264656067,0.7845675945281982,-0.14943382143974304,0.9994252324104309,0.4368690550327301,0.7930569648742676,-0.12770222127437592,0.9988255500793457,0.4365856349468231,0.7933284640312195,-0.12774944305419922,0.9987478256225586,0.43631112575531006,0.7935852408409119,-0.12777315080165863,0.9987066388130188,0.43414369225502014,0.7639960050582886,-0.17388150095939636,0.9995843768119812,0.43528464436531067,0.7786436080932617,-0.07511694729328156,0.9970287084579468,0.44672244787216187,0.7819216251373291,-0.14355836808681488,0.9987368583679199,0.4463838040828705,0.7862836718559265,-0.11514899134635925,0.9983394742012024,0.461950421333313,0.7287268042564392,-0.20691213011741638,0.9998460412025452,0.45920100808143616,0.756629467010498,-0.01140250451862812,0.9963899254798889,0.4564300775527954,0.81613689661026,-0.25109297037124634,0.9783945679664612,0.45931845903396606,0.8222897052764893,-0.052653491497039795,0.16539674997329712,0.4127563536167145,0.8353424072265625,-0.16739505529403687,0.9009855389595032,0.41967713832855225,0.827293336391449,-0.17225007712841034,0.17627915740013123,0.3960290849208832,0.8362061381340027,-0.1754075586795807,0.8281229734420776,0.40799644589424133,0.8266403675079346,-0.18611162900924683,0.18453587591648102,0.3928966820240021,0.8272712826728821,-0.1733969897031784,0.8184330463409424,0.39659878611564636,0.8236802220344543,-0.19177772104740143,0.17869322001934052,0.3975513279438019,0.82612144947052,-0.16428211331367493,0.7711217999458313,0.4039917588233948,0.8227090835571289,-0.17936502397060394,0.175348162651062,0.563206672668457,0.7264652848243713,-0.06094233691692352,0.9999537467956543,0.544111430644989,0.7585191130638123,0.061065468937158585,0.9997594952583313,0.5975208878517151,0.8147236108779907,-0.09447603672742844,0.9640235304832458,0.48052313923835754,0.7886390686035156,0.03788977488875389,0.6545857191085815,0.6738938689231873,0.8302572965621948,-0.029770251363515854,0.9037708640098572,0.4375346302986145,0.8410893678665161,0.018534639850258827,0.816008448600769,0.6818052530288696,0.8182992935180664,-0.024693982675671577,0.7853757739067078,0.43679964542388916,0.8597137331962585,0.014001415111124516,0.8317623138427734,0.704879879951477,0.8719466328620911,-0.06645467132329941,0.9081636071205139,0.4074307084083557,0.8281335234642029,-0.01859179697930813,0.8893283009529114
yena_fall_normal_12,138,46,4.600619946091644,29.995957418137717,10,0.4422741234302521,0.7919850945472717,-0.09995254129171371,0.9987937808036804,0.43651077151298523,0.7896503806114197,-0.11209461838006973,0.9994592666625977,0.4360833168029785,0.7872850298881531,-0.1120910570025444,0.9993774890899658,0.4355960786342621,0.784708559513092,-0.11214224249124527,0.9994223117828369,0.4365794062614441,0.7930557131767273,-0.09219653904438019,0.9987711310386658,0.43629756569862366,0.793285071849823,-0.09221150726079941,0.9986476302146912,0.43601444363594055,0.7934677600860596,-0.09222985804080963,0.9986215233802795,0.43394482135772705,0.7639957666397095,-0.13342832028865814,0.9995492696762085,0.4348770081996918,0.7782143950462341,-0.04341067373752594,0.9968520402908325,0.44660666584968567,0.7820171117782593,-0.10586219280958176,0.9987078905105591,0.44623076915740967,0.7862836718559265,-0.07986665517091751,0.9981851577758789,0.46177777647972107,0.7286844253540039,-0.16988947987556458,0.9998121857643127,0.4593241810798645,0.7570676207542419,0.015589182265102863,0.9956745505332947,0.4602247178554535,0.8158607482910156,-0.20974722504615784,0.976925253868103,0.4579726755619049,0.817121148109436,-0.013637300580739975,0.15914386510849,0.42113378643989563,0.8297498226165771,-0.1461469978094101,0.8965172171592712,0.4200264811515808,0.8223604559898376,-0.11453355103731155,0.17117375135421753,0.40941959619522095,0.8334222435951233,-0.15599872171878815,0.8232937455177307,0.409309983253479,0.8233590126037598,-0.12440959364175797,0.1792382299900055,0.40884485840797424,0.8236593008041382,-0.1537058800458908,0.8134733438491821,0.40765121579170227,0.8196645975112915,-0.1270609050989151,0.17317946255207062,0.4136599600315094,0.821514904499054,-0.1436542570590973,0.7657684683799744,0.4121210277080536,0.8178685903549194,-0.11999406665563583,0.17010599374771118,0.5634352564811707,0.7262148261070251,-0.06114218384027481,0.9999534487724304,0.5448871850967407,0.7568835020065308,0.061236169189214706,0.9997515678405762,0.5976211428642273,0.8147668242454529,-0.13469696044921875,0.9673380851745605,0.5023238658905029,0.7967628240585327,0.04562629014253616,0.6496630311012268,0.6731595993041992,0.8279299139976501,-0.07958980649709702,0.9120140075683594,0.5439446568489075,0.8210345506668091,0.071196049451828,0.8109311461448669,0.675979495048523,0.8169851899147034,-0.07494919747114182,0.8013677000999451,0.550491213798523,0.8156883120536804,0.07182978838682175,0.8264029622077942,0.7041889429092407,0.866336464881897,-0.10465748608112335,0.915014386177063,0.55396968126297,0.8377284407615662,0.060533031821250916,0.8855891227722168
yena_fall_normal_12,141,47,4.700633423180593,29.995957418137717,10,0.4418744444847107,0.7919895648956299,-0.10897798836231232,0.9987611770629883,0.4361666738986969,0.7892216444015503,-0.11984872072935104,0.9994522929191589,0.43572500348091125,0.7867587208747864,-0.11983663588762283,0.9993774890899658,0.435176819562912,0.783957302570343,-0.11989835649728775,0.9994218945503235,0.43632403016090393,0.7927643060684204,-0.10103298723697662,0.9987378716468811,0.4361121356487274,0.7929969429969788,-0.10106455534696579,0.9986225962638855,0.43588289618492126,0.7932140827178955,-0.10108557343482971,0.9985795617103577,0.4337459206581116,0.7631539702415466,-0.14398738741874695,0.9995529651641846,0.4348912239074707,0.7778412699699402,-0.051100485026836395,0.9967373609542847,0.4464297890663147,0.7820128202438354,-0.11269588768482208,0.9986950159072876,0.4461149275302887,0.7863568067550659,-0.08867572993040085,0.9981149435043335,0.4619362950325012,0.7287262678146362,-0.188418447971344,0.9998144507408142,0.4621007740497589,0.7584871053695679,0.009674781002104282,0.9955777525901794,0.4600338339805603,0.818195104598999,-0.2396705150604248,0.9769835472106934,0.45839449763298035,0.824074923992157,-0.02869393676519394,0.15366296470165253,0.41162389516830444,0.8296663761138916,-0.1790788769721985,0.8974145650863647,0.41785112023353577,0.8256862163543701,-0.15117208659648895,0.1664755791425705,0.39986899495124817,0.8335307836532593,-0.19249215722084045,0.8250541687011719,0.4059445559978485,0.8277833461761475,-0.16393762826919556,0.17429909110069275,0.39843183755874634,0.8238785266876221,-0.19274403154850006,0.8149816393852234,0.40369826555252075,0.8220829367637634,-0.16719265282154083,0.16783282160758972,0.404483437538147,0.8218302130699158,-0.17818419635295868,0.7674083709716797,0.4037151336669922,0.8209426999092102,-0.15805932879447937,0.16484259068965912,0.5631393194198608,0.7246479988098145,-0.06242060661315918,0.9999558925628662,0.5475773215293884,0.7563400268554688,0.06253300607204437,0.9997517466545105,0.5972334742546082,0.8137680888175964,-0.12771621346473694,0.9703975915908813,0.497982919216156,0.7964021563529968,0.04684976488351822,0.6446365118026733,0.6746079325675964,0.8285444378852844,-0.09166721999645233,0.9163821339607239,0.5296464562416077,0.8199193477630615,0.049782853573560715,0.8069279789924622,0.6833358407020569,0.8173892498016357,-0.0902450755238533,0.8055664896965027,0.5346368551254272,0.8231536149978638,0.05335957929491997,0.8287116885185242,0.7051466107368469,0.8664305210113525,-0.1400696486234665,0.9186155200004578,0.4987812936306,0.8301528096199036,0.03850835934281349,0.8891738057136536
yena_fall_normal_12,144,48,4.800646900269542,29.995957418137717,10,0.4416332542896271,0.7922077178955078,-0.0766976997256279,0.9987624287605286,0.43580615520477295,0.7892336249351501,-0.08906152099370956,0.9994357228279114,0.4353603720664978,0.7867664694786072,-0.08907344192266464,0.9993694424629211,0.4347993731498718,0.7839806079864502,-0.08912013471126556,0.9994305968284607,0.43597227334976196,0.7927589416503906,-0.06835608929395676,0.9987188577651978,0.43576347827911377,0.7929860949516296,-0.06833790242671967,0.9985399842262268,0.4355301260948181,0.7931836843490601,-0.06834705919027328,0.998511016368866,0.4334072768688202,0.7631427049636841,-0.11405768245458603,0.9994998574256897,0.43452897667884827,0.7774956822395325,-0.019976694136857986,0.9966989755630493,0.44627463817596436,0.7822816371917725,-0.08373560011386871,0.9986604452133179,0.44593656063079834,0.7866162657737732,-0.05661958083510399,0.9979321360588074,0.4619445502758026,0.7308557629585266,-0.15173782408237457,0.9997594356536865,0.46210208535194397,0.7571320533752441,0.03801243379712105,0.9948173761367798,0.4576747715473175,0.8181852102279663,-0.19672416150569916,0.9763645529747009,0.4544927179813385,0.8192329406738281,0.04660666733980179,0.1509084701538086,0.4097074866294861,0.8294966220855713,-0.14580689370632172,0.8983819484710693,0.41156628727912903,0.8232402801513672,-0.016834842041134834,0.16726544499397278,0.3967607617378235,0.8333756327629089,-0.159439817070961,0.8283923268318176,0.3985259234905243,0.8277677297592163,-0.02309398166835308,0.1744619458913803,0.3950901925563812,0.8238855004310608,-0.15649789571762085,0.8186906576156616,0.3963853418827057,0.8220593929290771,-0.028779661282896996,0.1681499481201172,0.3977362811565399,0.8219843506813049,-0.1438031643629074,0.7711578011512756,0.40180209279060364,0.8209744095802307,-0.02285885438323021,0.16550081968307495,0.562959611415863,0.7256081700325012,-0.062476225197315216,0.9999406933784485,0.549206018447876,0.7553417086601257,0.06258423626422882,0.9996572732925415,0.5961533784866333,0.8138059973716736,-0.1333858221769333,0.9722610712051392,0.5146874189376831,0.8052317500114441,0.05490901693701744,0.6275379061698914,0.6738813519477844,0.8287243247032166,-0.11344686150550842,0.9236027598381042,0.5820728540420532,0.8163129091262817,0.10571978241205215,0.7823477387428284,0.6832443475723267,0.8174175024032593,-0.11293525248765945,0.821185827255249,0.5912814736366272,0.8059184551239014,0.10869066417217255,0.8096097707748413,0.6970118880271912,0.8678754568099976,-0.15489698946475983,0.9245264530181885,0.5964916944503784,0.8480330109596252,0.09775689244270325,0.8645069003105164
yena_fall_normal_12,147,49,4.9006603773584905,29.995957418137717,10,0.44142454862594604,0.792793333530426,-0.07158349454402924,0.9987545013427734,0.4352562129497528,0.7895968556404114,-0.08411248028278351,0.9994145631790161,0.43482276797294617,0.7872891426086426,-0.0841226801276207,0.9993553757667542,0.434261679649353,0.7846927642822266,-0.08416073024272919,0.9994344115257263,0.43529096245765686,0.7927927374839783,-0.06368950754404068,0.9986962676048279,0.4350016415119171,0.7929737567901611,-0.06367551535367966,0.9984724521636963,0.434680312871933,0.793118417263031,-0.06368377804756165,0.9984714388847351,0.43287089467048645,0.7642949819564819,-0.11192193627357483,0.9994317889213562,0.43376559019088745,0.7773973941802979,-0.01909536123275757,0.9966875910758972,0.4461413323879242,0.7830524444580078,-0.08000781387090683,0.9985795021057129,0.44580164551734924,0.7868278622627258,-0.05311798304319382,0.9977059364318848,0.4619753658771515,0.7320635318756104,-0.15135137736797333,0.9996997714042664,0.4600598216056824,0.7542653679847717,0.034283291548490524,0.9943409562110901,0.45685285329818726,0.8187781572341919,-0.1942634880542755,0.9758713841438293,0.4505462348461151,0.8198999166488647,0.037003226578235626,0.15341134369373322,0.4099683165550232,0.8299980163574219,-0.14462938904762268,0.8998548984527588,0.4059124290943146,0.8232473731040955,-0.02508530765771866,0.1728442758321762,0.3957052528858185,0.8334044218063354,-0.1595025360584259,0.8324213624000549,0.3968178331851959,0.8277484178543091,-0.03269612044095993,0.17887848615646362,0.39372575283050537,0.8244112730026245,-0.1582251340150833,0.8232305645942688,0.3945305049419403,0.8243188261985779,-0.037530917674303055,0.17247213423252106,0.3953581154346466,0.8225522041320801,-0.1436311900615692,0.7763271331787109,0.39656251668930054,0.8229244947433472,-0.030698806047439575,0.17029379308223724,0.5629794597625732,0.7257792949676514,-0.06248478963971138,0.9999215006828308,0.5494877099990845,0.7514715194702148,0.06259141117334366,0.999590277671814,0.5963413119316101,0.8150542378425598,-0.09464740753173828,0.9737304449081421,0.5284259915351868,0.8155041933059692,0.06378985196352005,0.6214221119880676,0.6738094687461853,0.8292921781539917,-0.07506812363862991,0.9299953579902649,0.5925730466842651,0.8097192645072937,0.11358670145273209,0.7644569873809814,0.68332839012146,0.817438542842865,-0.07504726201295853,0.8346399664878845,0.6027623414993286,0.7972011566162109,0.11611255258321762,0.7924032807350159,0.6930115818977356,0.8707528710365295,-0.11112703382968903,0.9294219613075256,0.6086224317550659,0.8454275727272034,0.10814740508794785,0.8422324657440186
yena_fall_normal_12,150,50,5.000673854447439,29.995957418137717,10,0.44152742624282837,0.7931033968925476,-0.07527659088373184,0.9984550476074219,0.4352627992630005,0.7901650071144104,-0.08871911466121674,0.999279797077179,0.43482705950737,0.7880730628967285,-0.08872593939304352,0.9992173910140991,0.4342661499977112,0.7857217788696289,-0.08876597136259079,0.9993512034416199,0.43529048562049866,0.7928619980812073,-0.06820854544639587,0.9984371066093445,0.43499433994293213,0.7929649353027344,-0.06820161640644073,0.9980770945549011,0.4346589744091034,0.7930676341056824,-0.06822267174720764,0.998091995716095,0.43277886509895325,0.7650396823883057,-0.11736772954463959,0.9992288947105408,0.43366745114326477,0.777379035949707,-0.02411443181335926,0.9961963891983032,0.44617369771003723,0.7836158275604248,-0.08373018354177475,0.9982649683952332,0.4458317160606384,0.7868809103965759,-0.0567764975130558,0.9971936941146851,0.4622225761413574,0.7353406548500061,-0.1563943773508072,0.9996395111083984,0.4599865972995758,0.7542970776557922,0.034510981291532516,0.9930498003959656,0.4564865827560425,0.8197370767593384,-0.194495290517807,0.9745311141014099,0.4481483995914459,0.8198527693748474,0.07196976244449615,0.14740274846553802,0.40694794058799744,0.8287492394447327,-0.13874977827072144,0.8992881774902344,0.4055168926715851,0.8232637643814087,0.04509332403540611,0.1693371683359146,0.3926239311695099,0.8352181911468506,-0.15203289687633514,0.8330996632575989,0.39675700664520264,0.8276495933532715,0.04348083585500717,0.17570996284484863,0.3902823030948639,0.8260830640792847,-0.15284515917301178,0.8240572214126587,0.39032843708992004,0.8245764374732971,0.03439536318182945,0.16979312896728516,0.39533552527427673,0.8239126205444336,-0.13838723301887512,0.7778124213218689,0.3958396315574646,0.8234674334526062,0.03860974684357643,0.16833733022212982,0.5628462433815002,0.7276484370231628,-0.0625353753566742,0.9999092221260071,0.5497762560844421,0.7515059113502502,0.0626448318362236,0.9994736313819885,0.5971812009811401,0.8147422075271606,-0.08679615706205368,0.9754717350006104,0.5059927105903625,0.8159676194190979,0.07380585372447968,0.6044571399688721,0.673492968082428,0.8294193744659424,-0.053724970668554306,0.9342116713523865,0.5545233488082886,0.8141773343086243,0.09849067032337189,0.7375155091285706,0.6836094260215759,0.8181060552597046,-0.05195985734462738,0.8419885635375977,0.5642204284667969,0.8037704825401306,0.09869526326656342,0.7723628282546997,0.6928761005401611,0.8707512617111206,-0.08642807602882385,0.9312276244163513,0.5705946683883667,0.8464617729187012,0.09014172852039337,0.8197796940803528
yena_fall_normal_12,153,51,5.100687331536388,29.995957418137717,10,0.44100984930992126,0.7932074666023254,-0.06953387707471848,0.998496949672699,0.4349213242530823,0.7901040315628052,-0.08228863775730133,0.9992800951004028,0.43446508049964905,0.7879725098609924,-0.0822908878326416,0.9992269277572632,0.4338736832141876,0.7855818867683411,-0.08232666552066803,0.9993671178817749,0.43501442670822144,0.7927918434143066,-0.062222566455602646,0.9984501004219055,0.43473947048187256,0.7927951812744141,-0.06220994517207146,0.9980652332305908,0.43441930413246155,0.7927643656730652,-0.06222442537546158,0.9980989098548889,0.4325734078884125,0.7650349736213684,-0.11111647635698318,0.9991948008537292,0.4334949851036072,0.7761849164962769,-0.020011939108371735,0.9962416887283325,0.4456985294818878,0.7836406826972961,-0.07827379554510117,0.9982556700706482,0.4454469382762909,0.7869158983230591,-0.051881611347198486,0.9971003532409668,0.4621322751045227,0.7321416139602661,-0.15030816197395325,0.9995889663696289,0.46007469296455383,0.7539804577827454,0.033173125237226486,0.9927093386650085,0.4562343657016754,0.8201385140419006,-0.18501828610897064,0.9743909239768982,0.4484027326107025,0.8208479881286621,0.04988940805196762,0.1505160927772522,0.40742936730384827,0.8287480473518372,-0.12906505167484283,0.9011701941490173,0.40638524293899536,0.8232992887496948,-0.0014357587788254023,0.17330527305603027,0.39324843883514404,0.8345015048980713,-0.1419251412153244,0.8373661041259766,0.396512895822525,0.827141284942627,-0.006856532767415047,0.17805573344230652,0.39116171002388,0.8254281282424927,-0.14212101697921753,0.8288626074790955,0.3907380998134613,0.8245425820350647,-0.012258419767022133,0.17201751470565796,0.39541226625442505,0.8237253427505493,-0.12827631831169128,0.7834106683731079,0.3957533836364746,0.8234758973121643,-0.006926503498107195,0.17096549272537231,0.5625749826431274,0.7254449129104614,-0.061873968690633774,0.9998897910118103,0.549752414226532,0.7506691813468933,0.06198602542281151,0.9994199275970459,0.5971632599830627,0.814872682094574,-0.09100103378295898,0.9770358800888062,0.529909610748291,0.8213878870010376,0.05841272696852684,0.6043574213981628,0.6734827160835266,0.8294093012809753,-0.06331291794776917,0.9399023652076721,0.5905870199203491,0.8140407800674438,0.10556013137102127,0.7299990653991699,0.6846121549606323,0.8177804946899414,-0.06402026116847992,0.8544958829879761,0.6004762649536133,0.8025349378585815,0.1084660217165947,0.7638444304466248,0.693146288394928,0.8706827759742737,-0.09942151606082916,0.9361742734909058,0.6053011417388916,0.8489452004432678,0.09860333055257797,0.8073459267616272
yena_fall_normal_12,156,52,5.200700808625337,29.995957418137717,10,0.4402092397212982,0.793226957321167,-0.06095939502120018,0.9984978437423706,0.43393415212631226,0.7899248600006104,-0.07398256659507751,0.999263346195221,0.4334641098976135,0.7876384258270264,-0.07399241626262665,0.9992178678512573,0.43285229802131653,0.7850786447525024,-0.07402858883142471,0.9993686079978943,0.4341652989387512,0.7927299737930298,-0.05282678082585335,0.9984204173088074,0.4339822232723236,0.7927337884902954,-0.05280810594558716,0.9979982972145081,0.4337475895881653,0.792714536190033,-0.05281658098101616,0.9980531930923462,0.4321475327014923,0.7645012736320496,-0.10331794619560242,0.999153196811676,0.43323391675949097,0.7760733962059021,-0.007453053258359432,0.9962226748466492,0.44528189301490784,0.7836499810218811,-0.06995398551225662,0.9982128143310547,0.44504672288894653,0.7870686650276184,-0.04221075028181076,0.996921956539154,0.4620729088783264,0.7328044176101685,-0.14321254193782806,0.9995403289794922,0.46153679490089417,0.7557821869850159,0.048015180975198746,0.992212176322937,0.4562615752220154,0.8202093243598938,-0.18263116478919983,0.9736936688423157,0.44880807399749756,0.8172096610069275,0.0692429319024086,0.14755921065807343,0.4063180387020111,0.8290470838546753,-0.12889273464679718,0.9002110362052917,0.4087858200073242,0.8262604475021362,0.02430177852511406,0.1717725694179535,0.39423587918281555,0.8344425559043884,-0.14206689596176147,0.8375007510185242,0.39656129479408264,0.8283374905586243,0.020216079428792,0.17634707689285278,0.3908287286758423,0.8252862691879272,-0.13970044255256653,0.8291459679603577,0.3919437527656555,0.8245166540145874,0.014000740833580494,0.17055481672286987,0.39548394083976746,0.8237180709838867,-0.12711061537265778,0.7836939692497253,0.3996141254901886,0.8235240578651428,0.018577884882688522,0.16968999803066254,0.562628984451294,0.7269617319107056,-0.06262306869029999,0.9998798966407776,0.5510661602020264,0.7523699402809143,0.06272748112678528,0.9993818402290344,0.5971618294715881,0.8146805763244629,-0.12518134713172913,0.9780468344688416,0.5243302583694458,0.8181211948394775,0.04884163662791252,0.5979657769203186,0.67335045337677,0.8294268846511841,-0.10275252908468246,0.9446841478347778,0.5978413820266724,0.814102828502655,0.10395368188619614,0.719917893409729,0.6852133274078369,0.817825198173523,-0.10186410695314407,0.8648382425308228,0.6076700091362,0.8031706213951111,0.1039658859372139,0.7554009556770325,0.7005223035812378,0.8645755052566528,-0.14413398504257202,0.9403470158576965,0.6156413555145264,0.8502247929573059,0.09214828908443451,0.7959993481636047
yena_fall_normal_12,159,53,5.300714285714286,29.995957418137717,10,0.44059646129608154,0.7934920787811279,-0.08153820782899857,0.9984568357467651,0.4341318905353546,0.7903026342391968,-0.09456285089254379,0.999230146408081,0.43370798230171204,0.788191020488739,-0.0945688933134079,0.9991839528083801,0.43316519260406494,0.785818338394165,-0.09461089968681335,0.9993513822555542,0.43423107266426086,0.7928482294082642,-0.07492890954017639,0.9983757734298706,0.43400701880455017,0.792792558670044,-0.07493792474269867,0.9979223012924194,0.4337502717971802,0.7927302122116089,-0.07496528327465057,0.9979881048202515,0.43229106068611145,0.7656971216201782,-0.12190115451812744,0.9990684390068054,0.43323007225990295,0.7769545912742615,-0.032741811126470566,0.996119499206543,0.4456397593021393,0.7843385934829712,-0.08925721794366837,0.9981107115745544,0.44523635506629944,0.7874454855918884,-0.06350298225879669,0.9968059062957764,0.4625377655029297,0.7349128127098083,-0.15734772384166718,0.9995065927505493,0.4602821469306946,0.7546433806419373,0.02585097774863243,0.9920032620429993,0.4561454653739929,0.8208868503570557,-0.18703550100326538,0.97334223985672,0.44864729046821594,0.8097258806228638,0.06051803380250931,0.14405986666679382,0.4060926139354706,0.830820620059967,-0.1315414309501648,0.9016348719596863,0.4061170518398285,0.825860857963562,0.03015238791704178,0.16809529066085815,0.39237263798713684,0.8364707827568054,-0.1444729119539261,0.8400002717971802,0.3964725732803345,0.8282928466796875,0.026938127353787422,0.17205855250358582,0.38989171385765076,0.8272467851638794,-0.14218877255916595,0.8318564891815186,0.39235228300094604,0.8249745965003967,0.019218573346734047,0.1664782166481018,0.3954605758190155,0.8257709741592407,-0.13003820180892944,0.7871520519256592,0.3971107304096222,0.8240536451339722,0.02433672919869423,0.16607330739498138,0.5625677704811096,0.7273198962211609,-0.06105910614132881,0.9998733401298523,0.549513578414917,0.7512893080711365,0.06115727499127388,0.999365508556366,0.5968329310417175,0.8153731822967529,-0.043398644775152206,0.9796411395072937,0.4973675608634949,0.8027547597885132,0.05387408286333084,0.594125509262085,0.6717851161956787,0.829121470451355,0.02098226547241211,0.9483965635299683,0.5440738201141357,0.8160613179206848,0.08593960106372833,0.7117167115211487,0.6822468638420105,0.8167046308517456,0.026195811107754707,0.8714194893836975,0.5524973273277283,0.8099523186683655,0.08560241013765335,0.7479977607727051,0.6918745636940002,0.8691901564598083,-0.0026704049669206142,0.9426966905593872,0.5488296151161194,0.849915623664856,0.07487402111291885,0.7899161577224731
yena_fall_normal_12,162,54,5.400727762803235,29.995957418137717,10,0.44036129117012024,0.7935072183609009,-0.09150217473506927,0.9985308647155762,0.4339839220046997,0.7901965379714966,-0.10471709817647934,0.9992721080780029,0.4335706830024719,0.7880134582519531,-0.10470560193061829,0.9992286562919617,0.4330347776412964,0.7855418920516968,-0.10475149005651474,0.9993877410888672,0.434122234582901,0.7928395867347717,-0.08351340889930725,0.99846351146698,0.4339250326156616,0.7927826046943665,-0.08351564407348633,0.9980312585830688,0.43368780612945557,0.7927191257476807,-0.08353912085294724,0.9980862736701965,0.43219345808029175,0.7646735906600952,-0.13177458941936493,0.9991253018379211,0.4332163631916046,0.7769131660461426,-0.03609234839677811,0.9963182210922241,0.4455852508544922,0.7841596007347107,-0.09954433143138885,0.9982063174247742,0.4451765716075897,0.7874484062194824,-0.07181557267904282,0.9969281554222107,0.4622684717178345,0.7336057424545288,-0.1717408299446106,0.9995104670524597,0.46191784739494324,0.7554993629455566,0.025264419615268707,0.9916384220123291,0.4561367332935333,0.8208654522895813,-0.21465659141540527,0.9728615880012512,0.45448142290115356,0.8198080658912659,0.02281932905316353,0.1399494856595993,0.40751931071281433,0.8309571146965027,-0.16599716246128082,0.9008556008338928,0.4085041582584381,0.8267161846160889,-0.05693884566426277,0.16521504521369934,0.3939562141895294,0.8362994194030762,-0.1809346079826355,0.8393815159797668,0.3966314494609833,0.8292613625526428,-0.0649690181016922,0.16896367073059082,0.3919483423233032,0.8272261023521423,-0.18030324578285217,0.8314999341964722,0.392835795879364,0.824897289276123,-0.07012514770030975,0.16327212750911713,0.3954983651638031,0.8257756233215332,-0.1649884432554245,0.7866777181625366,0.3992161452770233,0.8240471482276917,-0.06335730105638504,0.16283626854419708,0.5624549388885498,0.7282894253730774,-0.06356647610664368,0.9998800754547119,0.5499258637428284,0.7522688508033752,0.06362780183553696,0.9993676543235779,0.5967938899993896,0.8151535987854004,-0.1189897432923317,0.9812283515930176,0.5094484686851501,0.8036547899246216,0.09505140781402588,0.5780462622642517,0.6734988689422607,0.829715371131897,-0.09286405891180038,0.9517592787742615,0.5311911702156067,0.8188574314117432,0.14088179171085358,0.7057517766952515,0.6839974522590637,0.8175216317176819,-0.09207537770271301,0.8788539171218872,0.5360260009765625,0.8183046579360962,0.1429917812347412,0.7478603720664978,0.6986743211746216,0.8699659705162048,-0.13591305911540985,0.9453830718994141,0.5300554037094116,0.8488863706588745,0.13147574663162231,0.7884870171546936
yena_fall_normal_12,165,55,5.500741239892183,29.995957418137717,10,0.4403060972690582,0.7939642667770386,-0.1108192577958107,0.9984450936317444,0.4338540732860565,0.7904369235038757,-0.12279798835515976,0.9992425441741943,0.4334459900856018,0.7881491780281067,-0.1227911040186882,0.9991898536682129,0.4329144358634949,0.7855787873268127,-0.12285026162862778,0.9993624091148376,0.4339466094970703,0.793474018573761,-0.10274385660886765,0.9984033703804016,0.4337107539176941,0.7935090661048889,-0.10275177657604218,0.9979475140571594,0.4334350824356079,0.7935511469841003,-0.10276579856872559,0.9979987144470215,0.43202275037765503,0.7647681832313538,-0.14174573123455048,0.9991247057914734,0.43301472067832947,0.7783929705619812,-0.05112874135375023,0.9960905909538269,0.445578932762146,0.7843932509422302,-0.11558588594198227,0.9981610178947449,0.44516289234161377,0.7881497740745544,-0.08952142298221588,0.9968202114105225,0.462318480014801,0.7329232692718506,-0.18012264370918274,0.9994866251945496,0.45884859561920166,0.7583968639373779,0.011090833693742752,0.991378128528595,0.4591690003871918,0.8173680901527405,-0.22658242285251617,0.9714914560317993,0.4542997181415558,0.8193608522415161,-0.025845875963568687,0.13319581747055054,0.41567498445510864,0.8332602977752686,-0.15930867195129395,0.8944922089576721,0.41323694586753845,0.8273122906684875,-0.1337784230709076,0.157181516289711,0.40319570899009705,0.8404821157455444,-0.17135939002037048,0.8302314877510071,0.3959534466266632,0.8289949297904968,-0.14574560523033142,0.16181088984012604,0.40239131450653076,0.8296564817428589,-0.17067843675613403,0.8217504024505615,0.39288339018821716,0.8253464102745056,-0.1499231606721878,0.15608873963356018,0.407613068819046,0.8267357349395752,-0.1575106978416443,0.7770121693611145,0.3998245596885681,0.8245929479598999,-0.14063023030757904,0.15589457750320435,0.5623919367790222,0.7269564867019653,-0.06311962008476257,0.9998878240585327,0.5481168031692505,0.7527035474777222,0.06315712630748749,0.9994062781333923,0.5963647365570068,0.8157027363777161,-0.1027538850903511,0.9828423261642456,0.49801191687583923,0.8045518398284912,0.05712604522705078,0.5817368030548096,0.6734777092933655,0.8297491669654846,-0.051346249878406525,0.9543026685714722,0.5209992527961731,0.8183643221855164,0.040776412934064865,0.7147269248962402,0.6834588646888733,0.817122220993042,-0.04742846637964249,0.883607804775238,0.5271838903427124,0.8174552917480469,0.03688608109951019,0.7544782757759094,0.7001314163208008,0.8701619505882263,-0.07777319848537445,0.947270929813385,0.5205881595611572,0.8416225910186768,0.02053936943411827,0.7981798648834229
yena_fall_normal_12,168,56,5.6007547169811325,29.995957418137717,10,0.4399968683719635,0.7931715250015259,-0.13139775395393372,0.9984371066093445,0.4337451756000519,0.7896413803100586,-0.14358192682266235,0.9992415308952332,0.4333609342575073,0.7871121764183044,-0.14353901147842407,0.9991855025291443,0.43284842371940613,0.784148633480072,-0.14357000589370728,0.9993351697921753,0.4338187575340271,0.7933121919631958,-0.12166452407836914,0.9983604550361633,0.43360745906829834,0.7934775948524475,-0.12169093638658524,0.9979609251022339,0.43336021900177,0.7935647368431091,-0.12170951813459396,0.9979721307754517,0.4320274293422699,0.7628044486045837,-0.1671857088804245,0.9991466403007507,0.4330200254917145,0.7791531085968018,-0.06747906655073166,0.9958999752998352,0.44531235098838806,0.7830272912979126,-0.1380351036787033,0.9980413913726807,0.4448210597038269,0.7877644300460815,-0.1092831939458847,0.996728241443634,0.4622555375099182,0.7319968938827515,-0.20132166147232056,0.9995130896568298,0.4591071903705597,0.7583565711975098,-0.0037649020086973906,0.9913184642791748,0.4590141177177429,0.818570077419281,-0.2612091600894928,0.9718519449234009,0.4535776674747467,0.8185753226280212,-0.025230173021554947,0.1256270706653595,0.4087030291557312,0.8332358598709106,-0.21008919179439545,0.8959034085273743,0.4041585326194763,0.8273056745529175,-0.1244872435927391,0.14929910004138947,0.39637264609336853,0.839428722858429,-0.2241479903459549,0.8308295011520386,0.3904276490211487,0.8294712901115417,-0.13507218658924103,0.1547844111919403,0.39058151841163635,0.8282132148742676,-0.22239603102207184,0.8222261071205139,0.38828739523887634,0.8263322114944458,-0.14183305203914642,0.1490180641412735,0.3964118957519531,0.8264382481575012,-0.2084943950176239,0.7767269611358643,0.39434903860092163,0.8257865905761719,-0.13216766715049744,0.14866496622562408,0.562398374080658,0.7269676327705383,-0.061720337718725204,0.9998964667320251,0.5474986433982849,0.7544474005699158,0.06180248782038689,0.9994280338287354,0.5964912176132202,0.8151006698608398,-0.08070304244756699,0.9842047691345215,0.48107489943504333,0.7943480610847473,0.025929877534508705,0.5761922597885132,0.6744008660316467,0.8312940001487732,-0.035035982728004456,0.9509716629981995,0.43585389852523804,0.8276708126068115,0.0063461498357355595,0.7181639075279236,0.6845152974128723,0.81967693567276,-0.03257813677191734,0.8742066025733948,0.43620502948760986,0.8418053388595581,0.0011321293422952294,0.7639915943145752,0.7031649947166443,0.8745222091674805,-0.08296266943216324,0.9451906681060791,0.40262725949287415,0.8264323472976685,-0.0406680591404438,0.8102560043334961
yena_fall_normal_12,171,57,5.700768194070081,29.995957418137717,10,0.4399714767932892,0.7931756973266602,-0.1299922615289688,0.998485803604126,0.433739572763443,0.7897177338600159,-0.1428198516368866,0.9992725849151611,0.43333685398101807,0.7871673703193665,-0.14278140664100647,0.9992185235023499,0.432805597782135,0.7842147946357727,-0.14281684160232544,0.9993495941162109,0.43382665514945984,0.7935270667076111,-0.12009533494710922,0.9984054565429688,0.43361786007881165,0.7937398552894592,-0.1201220229268074,0.9980564713478088,0.4333750307559967,0.7938993573188782,-0.1201363056898117,0.9980425834655762,0.431787371635437,0.762713611125946,-0.16775041818618774,0.9992020130157471,0.4327939450740814,0.7790966033935547,-0.06486556679010391,0.9959134459495544,0.4452192485332489,0.7828208208084106,-0.13723602890968323,0.9980832934379578,0.4448035657405853,0.7876306176185608,-0.1075332835316658,0.9968388080596924,0.4619615972042084,0.7303240299224854,-0.20464178919792175,0.9995496869087219,0.45919671654701233,0.7583468556404114,0.0019050325499847531,0.9916051626205444,0.46058306097984314,0.8181955814361572,-0.25532570481300354,0.9726858139038086,0.4594060182571411,0.8224340081214905,-0.0392102375626564,0.11923079937696457,0.40895935893058777,0.8331484794616699,-0.19002237915992737,0.8966104388237,0.40781718492507935,0.8272511959075928,-0.16896842420101166,0.1433401107788086,0.39633622765541077,0.8376101851463318,-0.20240190625190735,0.8304929733276367,0.39433467388153076,0.8294652700424194,-0.18127886950969696,0.1499435305595398,0.39163556694984436,0.8273538947105408,-0.200966015458107,0.8215078115463257,0.3918825685977936,0.824830174446106,-0.18524320423603058,0.1438509076833725,0.39814168214797974,0.8260201215744019,-0.1880468875169754,0.775337815284729,0.3984833359718323,0.8242162466049194,-0.17606468498706818,0.14314809441566467,0.562394380569458,0.7265980839729309,-0.06223031505942345,0.9999057054519653,0.546832263469696,0.7564690113067627,0.062349867075681686,0.9994675517082214,0.5974279046058655,0.8133418560028076,-0.09972528368234634,0.9856040477752686,0.48144394159317017,0.7878373265266418,0.0341951847076416,0.579636812210083,0.6785984635353088,0.8425360321998596,-0.05238436162471771,0.9494935870170593,0.43784278631210327,0.8259145617485046,0.006204286124557257,0.7287962436676025,0.6862760186195374,0.8353045582771301,-0.04923701658844948,0.8692522048950195,0.43868300318717957,0.8379576802253723,0.0008054781937971711,0.7771652340888977,0.7058164477348328,0.8731085658073425,-0.09901177138090134,0.9449242353439331,0.40509119629859924,0.8130874037742615,-0.034806232899427414,0.8239333033561707
yena_fall_normal_12,174,58,5.800781671159029,29.995957418137717,10,0.44033151865005493,0.7931216359138489,-0.12442754954099655,0.9985648989677429,0.4342336654663086,0.7897221446037292,-0.13740383088588715,0.9993193745613098,0.43384304642677307,0.7871758937835693,-0.13736890256404877,0.9992680549621582,0.43337905406951904,0.7842523455619812,-0.1374102085828781,0.9993875026702881,0.4343126714229584,0.7935222387313843,-0.11506418138742447,0.9984999895095825,0.43407925963401794,0.7937287092208862,-0.1150909885764122,0.9981860518455505,0.43382638692855835,0.7938840985298157,-0.11510708928108215,0.9981648921966553,0.43216508626937866,0.7627183794975281,-0.1622501015663147,0.9992665648460388,0.4329085946083069,0.7785606384277344,-0.061332546174526215,0.9960872530937195,0.4455118477344513,0.7827313542366028,-0.13162431120872498,0.9982072710990906,0.4451572597026825,0.787397027015686,-0.10250513255596161,0.997026801109314,0.46184882521629333,0.7290158867835999,-0.19900497794151306,0.9995838403701782,0.45925334095954895,0.7574836015701294,0.002802765928208828,0.9919779896736145,0.4617146849632263,0.8163254261016846,-0.23403245210647583,0.9734095931053162,0.46562668681144714,0.8233288526535034,-0.05119345337152481,0.11836709082126617,0.42697665095329285,0.832855224609375,-0.1507372111082077,0.8930131793022156,0.4265076816082001,0.8278517723083496,-0.19654816389083862,0.14135189354419708,0.4147438406944275,0.8376095294952393,-0.15915292501449585,0.8243474960327148,0.41493216156959534,0.8293795585632324,-0.20969738066196442,0.14856819808483124,0.41323718428611755,0.827241837978363,-0.15804849565029144,0.8150670528411865,0.413105845451355,0.8248238563537598,-0.21152375638484955,0.14192438125610352,0.4182385206222534,0.8253684043884277,-0.14773231744766235,0.7683102488517761,0.41730639338493347,0.8238491415977478,-0.2029118537902832,0.14066694676876068,0.5624882578849792,0.7256590723991394,-0.0631670132279396,0.9999136924743652,0.5468562245368958,0.7553074359893799,0.0632963553071022,0.9994959235191345,0.5979160070419312,0.8133018612861633,-0.1496547907590866,0.9869347214698792,0.4903258681297302,0.7854797840118408,0.07868717610836029,0.5789462924003601,0.6773472428321838,0.8335951566696167,-0.12034256011247635,0.9510796666145325,0.4590676426887512,0.8243435621261597,0.09048014134168625,0.7394732236862183,0.6858806014060974,0.8265854716300964,-0.11904112249612808,0.8714258074760437,0.4604727625846863,0.8361837267875671,0.08944795280694962,0.7885136604309082,0.7080765962600708,0.8730409741401672,-0.16905246675014496,0.9471811652183533,0.43499627709388733,0.8167608976364136,0.0646662786602974,0.8358336687088013
yena_fall_normal_12,177,59,5.900795148247979,29.995957418137717,10,0.44029128551483154,0.7928546071052551,-0.11427053064107895,0.9986326694488525,0.4341049790382385,0.789233922958374,-0.12637902796268463,0.9993563890457153,0.43369847536087036,0.7865340113639832,-0.12636588513851166,0.9993069171905518,0.4332071542739868,0.7835129499435425,-0.1264277994632721,0.9994213581085205,0.4342211186885834,0.7933842539787292,-0.10541915148496628,0.9985660314559937,0.43400150537490845,0.7936676144599915,-0.10543527454137802,0.9982606768608093,0.43376457691192627,0.793873131275177,-0.10544484108686447,0.9982436895370483,0.43209829926490784,0.7624472379684448,-0.1457255482673645,0.9993160963058472,0.43284016847610474,0.7785463333129883,-0.051826078444719315,0.996209979057312,0.4454832971096039,0.7826332449913025,-0.11942079663276672,0.9983094930648804,0.4451456367969513,0.7873887419700623,-0.09239477664232254,0.997163712978363,0.4618456959724426,0.7299656867980957,-0.18316489458084106,0.9995938539505005,0.459383487701416,0.7570915222167969,0.014316236600279808,0.9918821454048157,0.46255847811698914,0.8163048028945923,-0.22650450468063354,0.9735846519470215,0.4628051817417145,0.8167622089385986,-0.01660701259970665,0.11394765973091125,0.4232330322265625,0.8330812454223633,-0.15828438103199005,0.890100359916687,0.4237351715564728,0.8311958909034729,-0.1302204579114914,0.13556750118732452,0.41384565830230713,0.837376594543457,-0.16830778121948242,0.8198043704032898,0.4120788872241974,0.8338569402694702,-0.14194168150424957,0.1434718519449234,0.40150123834609985,0.8272231221199036,-0.16642893850803375,0.8099532127380371,0.40805351734161377,0.8260876536369324,-0.14771082997322083,0.1369210183620453,0.40878453850746155,0.825339674949646,-0.15557874739170074,0.7635045647621155,0.4133310914039612,0.8246302008628845,-0.13784800469875336,0.13597264885902405,0.5625024437904358,0.727063000202179,-0.06293844431638718,0.9999188780784607,0.5470470786094666,0.7568727135658264,0.0630326122045517,0.9995190501213074,0.5976226329803467,0.8136505484580994,-0.1342279016971588,0.9879944920539856,0.5064233541488647,0.7919172048568726,0.04211409389972687,0.5866580605506897,0.6771922707557678,0.8310746550559998,-0.10931514203548431,0.9540691375732422,0.5152373313903809,0.8124460577964783,0.04069049283862114,0.754907488822937,0.6826012134552002,0.8182908296585083,-0.09252436459064484,0.8788354992866516,0.517937421798706,0.8163302540779114,0.0388784259557724,0.801156222820282,0.7076641917228699,0.8620597720146179,-0.11908451467752457,0.9500805139541626,0.5102978944778442,0.816193163394928,0.014430125243961811,0.8466596007347107
yena_fall_normal_12,180,60,6.000808625336927,29.995957418137717,10,0.4405651092529297,0.7940406203269958,-0.10506142675876617,0.9983182549476624,0.4343380331993103,0.790661633014679,-0.11886706948280334,0.9991911053657532,0.4339368939399719,0.7882323265075684,-0.11885146796703339,0.9991106390953064,0.43344196677207947,0.7855242490768433,-0.11889830231666565,0.9992450475692749,0.4343577027320862,0.7940400242805481,-0.09766146540641785,0.9982740879058838,0.43408098816871643,0.7940546870231628,-0.09767177700996399,0.9979573488235474,0.43379899859428406,0.7940712571144104,-0.09769901633262634,0.9978818893432617,0.432094931602478,0.7646045684814453,-0.14589503407478333,0.9991599321365356,0.4328244924545288,0.7785884141921997,-0.049712613224983215,0.9955087304115295,0.445639967918396,0.7840211391448975,-0.11279790848493576,0.9979037046432495,0.4452475905418396,0.7880558371543884,-0.08494734019041061,0.9968099594116211,0.46183255314826965,0.7320466041564941,-0.18446458876132965,0.9995884299278259,0.4593915045261383,0.7570784687995911,0.01759631186723709,0.991862416267395,0.46010929346084595,0.8172861337661743,-0.22621677815914154,0.9724152684211731,0.44764912128448486,0.8113495707511902,0.037354178726673126,0.1105060800909996,0.41688042879104614,0.8356803059577942,-0.14351090788841248,0.8868575096130371,0.4093480408191681,0.8277987241744995,-0.0017587282927706838,0.13164763152599335,0.3957226574420929,0.8374058604240417,-0.15196043252944946,0.8145423531532288,0.3948322832584381,0.8337140679359436,-0.0029779202304780483,0.1398155391216278,0.3927243649959564,0.8279234766960144,-0.1518658846616745,0.8043390512466431,0.3928441107273102,0.8260948657989502,-0.011981670744717121,0.13357624411582947,0.39962998032569885,0.8268393874168396,-0.14172378182411194,0.7579898238182068,0.3996340334415436,0.8251446485519409,-0.008606924675405025,0.13256612420082092,0.5625107288360596,0.728003203868866,-0.06373041868209839,0.9999229311943054,0.5466333031654358,0.7566579580307007,0.0638480857014656,0.9995284080505371,0.6008570790290833,0.8138453364372253,-0.0702679455280304,0.988990306854248,0.47601112723350525,0.7955420613288879,0.059567879885435104,0.5878278017044067,0.6773792505264282,0.8315051794052124,-0.006383024621754885,0.9532479047775269,0.46734923124313354,0.8276541233062744,0.03473227471113205,0.756715714931488,0.6854928135871887,0.8274337649345398,-0.0002515511296223849,0.8759570717811584,0.4723009169101715,0.8352444171905518,0.02905462495982647,0.8036366701126099,0.7074124813079834,0.8629927635192871,-0.030989350751042366,0.9487870335578918,0.44785264134407043,0.8343216180801392,0.00477103004232049,0.85251784324646
yena_fall_normal_12,183,61,6.100822102425876,29.995957418137717,10,0.4405345320701599,0.7937604784965515,-0.11189086735248566,0.9982388019561768,0.4343551993370056,0.7906333208084106,-0.1268130987882614,0.9991763234138489,0.4339483678340912,0.7882283926010132,-0.1267772614955902,0.9990963339805603,0.4334506392478943,0.7855669856071472,-0.126809224486351,0.9992201924324036,0.4343806505203247,0.7937353849411011,-0.10463789850473404,0.9982174038887024,0.4340974688529968,0.7936205863952637,-0.10466555505990982,0.9979503154754639,0.4338100254535675,0.7935279011726379,-0.1046927198767662,0.9978430271148682,0.4320894181728363,0.7645851373672485,-0.15925036370754242,0.9991632699966431,0.43281999230384827,0.7778258323669434,-0.05889918655157089,0.9952746033668518,0.445549339056015,0.7837169766426086,-0.12212252616882324,0.9977888464927673,0.4451785981655121,0.7872895002365112,-0.09304611384868622,0.9967079162597656,0.4616350531578064,0.7320688962936401,-0.19558362662792206,0.9996116757392883,0.45955172181129456,0.7493066787719727,0.011532027274370193,0.9918643236160278,0.4591018855571747,0.8183576464653015,-0.22187761962413788,0.9720127582550049,0.4555272161960602,0.8225732445716858,0.01630140282213688,0.1056392565369606,0.4125986397266388,0.8346956968307495,-0.1288573443889618,0.886381983757019,0.414705365896225,0.8277050256729126,-0.055378079414367676,0.12597297132015228,0.39603954553604126,0.8367493152618408,-0.1354290097951889,0.8133216500282288,0.4001528024673462,0.8312633633613586,-0.0593559555709362,0.13440652191638947,0.39332184195518494,0.8277667164802551,-0.13651302456855774,0.8031638860702515,0.3978060185909271,0.8247849345207214,-0.06660968065261841,0.12828217446804047,0.3998588025569916,0.8267467617988586,-0.1268347054719925,0.756679892539978,0.4006121754646301,0.8241367340087891,-0.06204676255583763,0.12709634006023407,0.5623632669448853,0.7280013561248779,-0.06361094117164612,0.9999284744262695,0.5467661619186401,0.754467785358429,0.06374247372150421,0.9995333552360535,0.600779116153717,0.8135787844657898,-0.08354555815458298,0.9898014068603516,0.4760473370552063,0.7939907312393188,0.06656799465417862,0.5770549774169922,0.6775761842727661,0.8332372307777405,-0.045649196952581406,0.9496558308601379,0.4448986351490021,0.8309468626976013,0.04440144822001457,0.7493095397949219,0.687225878238678,0.832639217376709,-0.04594176262617111,0.8647685647010803,0.44690603017807007,0.8441222906112671,0.03896038979291916,0.802939772605896,0.7037531733512878,0.8800231218338013,-0.09372818470001221,0.9464520215988159,0.4163392186164856,0.8323965668678284,0.012788456864655018,0.8564152121543884
yena_fall_normal_12,186,62,6.200835579514825,29.995957418137717,10,0.44028952717781067,0.7929667830467224,-0.13368616998195648,0.9983358383178711,0.43399062752723694,0.7890214920043945,-0.14593856036663055,0.9992232322692871,0.433622270822525,0.7862957119941711,-0.14590246975421906,0.9991487860679626,0.4331382215023041,0.7831818461418152,-0.14594508707523346,0.9992586374282837,0.43397432565689087,0.7930774092674255,-0.12377962470054626,0.9983015060424805,0.4337158501148224,0.7932502627372742,-0.12380138039588928,0.9980653524398804,0.4334407448768616,0.7933545112609863,-0.12381032854318619,0.9979487657546997,0.43208047747612,0.7621937990188599,-0.16694524884223938,0.9992243647575378,0.43271008133888245,0.7778117656707764,-0.06664847582578659,0.9954274296760559,0.44540536403656006,0.7830398678779602,-0.13923244178295135,0.9978863596916199,0.44498124718666077,0.787273108959198,-0.11032235622406006,0.9968391060829163,0.46202078461647034,0.7323786020278931,-0.20218798518180847,0.9996370077133179,0.4595808982849121,0.7588049173355103,0.0026155386585742235,0.99217289686203,0.46248528361320496,0.8183460235595703,-0.2541627287864685,0.9724352359771729,0.4542735517024994,0.8177403807640076,-0.04450018331408501,0.10143136233091354,0.412491112947464,0.833858072757721,-0.18460239470005035,0.8873931765556335,0.4095231294631958,0.8267297148704529,-0.1726069152355194,0.12409081310033798,0.39643147587776184,0.8364760875701904,-0.19451184570789337,0.8141463994979858,0.39551275968551636,0.8306251168251038,-0.1854042410850525,0.1335350126028061,0.3927939534187317,0.8270468711853027,-0.19171030819416046,0.8034647107124329,0.39342352747917175,0.8250498175621033,-0.1892634779214859,0.12688660621643066,0.3987857401371002,0.8258280754089355,-0.1816246509552002,0.756368100643158,0.3988075852394104,0.8242629766464233,-0.17989084124565125,0.12536729872226715,0.5623907446861267,0.728928804397583,-0.0631428137421608,0.9999345541000366,0.5467770099639893,0.7576462626457214,0.06325627863407135,0.9995657205581665,0.5995800495147705,0.8138902187347412,-0.10671620815992355,0.9906495213508606,0.477851003408432,0.794092059135437,0.03060963936150074,0.5882447957992554,0.6774877905845642,0.8331742882728577,-0.07213126122951508,0.9503624439239502,0.45133909583091736,0.8267316818237305,-0.0030280950013548136,0.7602279782295227,0.687149703502655,0.8255947828292847,-0.07048167288303375,0.8651981949806213,0.4541965126991272,0.8400424122810364,-0.008720461279153824,0.8139352798461914,0.7067339420318604,0.8761943578720093,-0.12148929387331009,0.9476708173751831,0.42295631766319275,0.8235850930213928,-0.04350382089614868,0.866557776927948
yena_fall_normal_12,189,63,6.300849056603774,29.995957418137717,10,0.4406094551086426,0.7944356203079224,-0.10162372887134552,0.998315155506134,0.4343973696231842,0.7909072041511536,-0.11562815308570862,0.9992090463638306,0.43404415249824524,0.788504958152771,-0.11560627818107605,0.9991295337677002,0.433595210313797,0.7857930064201355,-0.11565793305635452,0.9992450475692749,0.43432995676994324,0.7940371036529541,-0.09445352852344513,0.9982752203941345,0.43402883410453796,0.7939445376396179,-0.0944567620754242,0.998027503490448,0.4337153136730194,0.7938556671142578,-0.09447608143091202,0.9979146718978882,0.4322051405906677,0.7638331651687622,-0.1464262753725052,0.9991973042488098,0.4327913820743561,0.7781446576118469,-0.0498720221221447,0.9954134225845337,0.44566959142684937,0.7845023274421692,-0.11063119024038315,0.9978847503662109,0.4451833665370941,0.7881618738174438,-0.08279941976070404,0.9968203902244568,0.4620198905467987,0.7328662872314453,-0.18639954924583435,0.9996261596679688,0.4588060677051544,0.7526857852935791,0.012860474176704884,0.9919938445091248,0.45650166273117065,0.8184160590171814,-0.22256357967853546,0.9722745418548584,0.44700735807418823,0.8112438917160034,0.02882128395140171,0.10047619789838791,0.40704506635665894,0.8334418535232544,-0.15442922711372375,0.8864110708236694,0.4069179594516754,0.8261051774024963,-0.0227099247276783,0.12219403684139252,0.3923637270927429,0.8367061018943787,-0.16782107949256897,0.8126220107078552,0.3918135464191437,0.8292095065116882,-0.027318870648741722,0.1313023716211319,0.3900529742240906,0.8276565670967102,-0.16793608665466309,0.8025398254394531,0.3899211585521698,0.8253096342086792,-0.035689473152160645,0.12495476007461548,0.3927173316478729,0.8267369270324707,-0.1535092443227768,0.75616854429245,0.3967650532722473,0.8249096870422363,-0.02970164269208908,0.12395525723695755,0.5623994469642639,0.728272557258606,-0.06467346101999283,0.9999347925186157,0.5472397208213806,0.7534278035163879,0.06473667919635773,0.9995486736297607,0.5995193123817444,0.8150848746299744,-0.06864552944898605,0.9913304448127747,0.494733065366745,0.7939696311950684,0.09995333105325699,0.578424870967865,0.6749705672264099,0.8320227265357971,0.0022260802797973156,0.9526450037956238,0.49381330609321594,0.824762225151062,0.1278400719165802,0.7589167356491089,0.6824101209640503,0.8210729360580444,0.008325166068971157,0.8692083358764648,0.49725449085235596,0.8316394090652466,0.12782570719718933,0.8118959665298462,0.7007062435150146,0.8757622241973877,-0.02118728496134281,0.9483748078346252,0.48336276412010193,0.8342214226722717,0.11360888928174973,0.865034282207489
yena_fall_normal_12,192,64,6.400862533692722,29.995957418137717,10,0.4403180480003357,0.7943636178970337,-0.12082067877054214,0.9982940554618835,0.434198260307312,0.7907113432884216,-0.13398681581020355,0.9992129802703857,0.4337926208972931,0.7882408499717712,-0.13398677110671997,0.9991346597671509,0.43327999114990234,0.785455584526062,-0.1340620219707489,0.9992609024047852,0.43422412872314453,0.7940018773078918,-0.11214945465326309,0.9982657432556152,0.43394941091537476,0.7939354777336121,-0.112150177359581,0.9979833364486694,0.43365222215652466,0.793860673904419,-0.11215640604496002,0.9978882074356079,0.43211060762405396,0.7632299661636353,-0.15486153960227966,0.9992204904556274,0.43271055817604065,0.7781102657318115,-0.05651809275150299,0.9953370690345764,0.4453805088996887,0.7843051552772522,-0.12604255974292755,0.9979448914527893,0.44489845633506775,0.7881508469581604,-0.09768466651439667,0.9968537092208862,0.4620780646800995,0.7321037650108337,-0.1968078315258026,0.9996242523193359,0.45881447196006775,0.7564115524291992,0.01143673062324524,0.9919909834861755,0.45950353145599365,0.8181769251823425,-0.24848513305187225,0.9724143743515015,0.4527045488357544,0.8194847702980042,-0.032912787050008774,0.09945303946733475,0.40716424584388733,0.8314381241798401,-0.17642813920974731,0.8880447149276733,0.4055899977684021,0.8249226212501526,-0.15453262627124786,0.12231048196554184,0.3928174078464508,0.8359443545341492,-0.18792986869812012,0.8145425319671631,0.3932705819606781,0.8294916152954102,-0.16642427444458008,0.1313023865222931,0.3918284475803375,0.826977550983429,-0.18432094156742096,0.8041105270385742,0.3903665244579315,0.8250391483306885,-0.16928711533546448,0.1246747300028801,0.3935283124446869,0.8261639475822449,-0.17338767647743225,0.7577731609344482,0.395645409822464,0.8245956897735596,-0.16115958988666534,0.12401406466960907,0.56260746717453,0.7285020351409912,-0.06582983583211899,0.9999366402626038,0.5472469925880432,0.7571319937705994,0.06592074036598206,0.9995713233947754,0.5994760990142822,0.8153365254402161,-0.10688505321741104,0.9918363690376282,0.4984665811061859,0.8008196949958801,0.03145761042833328,0.583133339881897,0.6750097870826721,0.8317485451698303,-0.04590941593050957,0.9545847177505493,0.5262468457221985,0.8198923468589783,0.01930605061352253,0.7597797513008118,0.6834850907325745,0.8185900449752808,-0.04128188639879227,0.8719713091850281,0.5324251651763916,0.8199412822723389,0.016112899407744408,0.8112516403198242,0.7033913731575012,0.8695161938667297,-0.07917024195194244,0.9490353465080261,0.5268077850341797,0.834156334400177,-0.004608334042131901,0.8656518459320068
yena_fall_normal_12,195,65,6.500876010781671,29.995957418137717,10,0.4407583177089691,0.7953264117240906,-0.11875394731760025,0.9981659054756165,0.43461719155311584,0.7919996976852417,-0.13198716938495636,0.9991450309753418,0.43423208594322205,0.7895993590354919,-0.13195927441120148,0.9990534782409668,0.43375781178474426,0.7869089841842651,-0.13200338184833527,0.9991647005081177,0.4345915913581848,0.794994592666626,-0.10945010930299759,0.9980959296226501,0.4342762231826782,0.7947977781295776,-0.10945921391248703,0.9978487491607666,0.433946818113327,0.7946231961250305,-0.10947878658771515,0.9977065324783325,0.43217146396636963,0.7647320628166199,-0.15644890069961548,0.9991653561592102,0.43279850482940674,0.779056191444397,-0.05614627152681351,0.9948616623878479,0.44571027159690857,0.7851418256759644,-0.125898540019989,0.9977225065231323,0.4451882541179657,0.7888025641441345,-0.09671001136302948,0.9966314435005188,0.4620274007320404,0.7321983575820923,-0.19685202836990356,0.9996293783187866,0.45845893025398254,0.7570784687995911,0.008862776681780815,0.9918615221977234,0.45475804805755615,0.8179435729980469,-0.25044798851013184,0.972846508026123,0.4501820206642151,0.8199626803398132,-0.008906392380595207,0.09635873138904572,0.4003124535083771,0.8314739465713501,-0.18454979360103607,0.8895184993743896,0.4049147367477417,0.8244680166244507,-0.09017586708068848,0.11878591775894165,0.3902553915977478,0.8366377949714661,-0.19708594679832458,0.815893292427063,0.3901662528514862,0.8278509378433228,-0.09691934287548065,0.12807470560073853,0.38545656204223633,0.8271482586860657,-0.1942145973443985,0.8055720329284668,0.38825398683547974,0.8250173926353455,-0.10548381507396698,0.12146695703268051,0.3905724287033081,0.8265503644943237,-0.1822216808795929,0.7591649889945984,0.39514562487602234,0.824652373790741,-0.0978425070643425,0.1207694560289383,0.562432587146759,0.7283795475959778,-0.06568673253059387,0.9999406933784485,0.5467326045036316,0.7570958733558655,0.06579079478979111,0.9995841383934021,0.6010604500770569,0.8159139156341553,-0.08025705069303513,0.99251788854599,0.483373761177063,0.7971811294555664,0.036961983889341354,0.5872284770011902,0.6762758493423462,0.8318420052528381,-0.012254329398274422,0.9542882442474365,0.45461398363113403,0.8275020122528076,0.034726809710264206,0.7682637572288513,0.686640202999115,0.8260226249694824,-0.006911411881446838,0.8689428567886353,0.4562789797782898,0.8388123512268066,0.03150748088955879,0.8182545304298401,0.7057048082351685,0.8675374984741211,-0.04588250443339348,0.9483640789985657,0.42908307909965515,0.8302460312843323,0.002381637692451477,0.8731328248977661
yena_fall_normal_12,198,66,6.60088948787062,29.995957418137717,10,0.44076183438301086,0.7949244976043701,-0.12734602391719818,0.9982244968414307,0.434635192155838,0.7919650077819824,-0.1410551369190216,0.9991840124130249,0.4342350959777832,0.7895845174789429,-0.1410069316625595,0.9990912675857544,0.433756947517395,0.7868872284889221,-0.1410345882177353,0.9991913437843323,0.4346986413002014,0.7949057221412659,-0.11802418529987335,0.9981709122657776,0.4344157576560974,0.7947008609771729,-0.1180577427148819,0.9979580640792847,0.43412867188453674,0.7945246696472168,-0.11807696521282196,0.9978189468383789,0.4321691691875458,0.7647501826286316,-0.1685023307800293,0.9992188215255737,0.43294620513916016,0.7787995338439941,-0.06427464634180069,0.9950860738754272,0.4456903040409088,0.7844313979148865,-0.13549931347370148,0.9978089332580566,0.44519004225730896,0.7880445122718811,-0.10539669543504715,0.9967886209487915,0.461342990398407,0.7315006852149963,-0.20699892938137054,0.9996525645256042,0.4587170481681824,0.7571067810058594,0.001200790167786181,0.9921543598175049,0.4551464319229126,0.8169625401496887,-0.25680968165397644,0.9736917614936829,0.45384660363197327,0.8211184740066528,-0.03540239855647087,0.09427168220281601,0.413925439119339,0.8386337757110596,-0.18311744928359985,0.8868295550346375,0.41423922777175903,0.828125536441803,-0.15569663047790527,0.11502701044082642,0.39270707964897156,0.8410639762878418,-0.1949055939912796,0.8091265559196472,0.4064590036869049,0.8335996270179749,-0.1666480153799057,0.12466692924499512,0.3905174434185028,0.8310770988464355,-0.19183501601219177,0.7984437942504883,0.39821797609329224,0.8250172138214111,-0.1743485927581787,0.11814337223768234,0.3973894715309143,0.8310828804969788,-0.1802481859922409,0.7510743141174316,0.39901480078697205,0.824699342250824,-0.1640908271074295,0.11745111644268036,0.5621777176856995,0.7285047173500061,-0.06519035249948502,0.999944806098938,0.5464988350868225,0.7568467259407043,0.06530243903398514,0.9995914697647095,0.6003960967063904,0.8153676390647888,-0.09814614802598953,0.9930663108825684,0.4750491678714752,0.7893175482749939,0.04083751142024994,0.5849961042404175,0.6761475205421448,0.833827793598175,-0.06241617351770401,0.9528384208679199,0.42154476046562195,0.8277994990348816,0.023259086534380913,0.7711259722709656,0.6855406165122986,0.82582026720047,-0.06104744225740433,0.864166796207428,0.40666916966438293,0.847847044467926,0.01814415119588375,0.8245473504066467,0.702267587184906,0.8800734281539917,-0.12016324698925018,0.9485452175140381,0.3752056658267975,0.8168361783027649,-0.021683262661099434,0.8798030614852905
yena_fall_normal_12,201,67,6.700902964959568,29.995957418137717,10,0.440777987241745,0.7934345602989197,-0.13027124106884003,0.9983111619949341,0.43465784192085266,0.7908145785331726,-0.14351937174797058,0.9992294907569885,0.43425628542900085,0.7884035110473633,-0.14347712695598602,0.9991405010223389,0.43377864360809326,0.7856951951980591,-0.14351283013820648,0.9992286562919617,0.43473783135414124,0.7941063642501831,-0.1209656223654747,0.9982678294181824,0.4344702363014221,0.7940763235092163,-0.12101071327924728,0.9980853199958801,0.4341967701911926,0.7940661907196045,-0.12103331834077835,0.9979461431503296,0.4323004186153412,0.763583779335022,-0.16900865733623505,0.9992722868919373,0.43299585580825806,0.7776690125465393,-0.06669797748327255,0.9952632784843445,0.4456886649131775,0.7828521728515625,-0.13769711554050446,0.9979013800621033,0.4452100694179535,0.7868661284446716,-0.10825013369321823,0.9969402551651001,0.46140992641448975,0.7308104634284973,-0.20585733652114868,0.9996752738952637,0.4589868187904358,0.7570615410804749,0.0004880845663137734,0.9925405383110046,0.4571114480495453,0.8170545101165771,-0.23466864228248596,0.9745340943336487,0.4580168128013611,0.8219088912010193,-0.05538344755768776,0.0948013961315155,0.4203425943851471,0.8363849520683289,-0.1302175521850586,0.8868151307106018,0.4202069938182831,0.8290737867355347,-0.19586944580078125,0.11814618110656738,0.3979121148586273,0.8345744013786316,-0.13511644303798676,0.8079544901847839,0.409396767616272,0.8328116536140442,-0.20744742453098297,0.12818922102451324,0.39614206552505493,0.8257550001144409,-0.13318657875061035,0.7971760630607605,0.3988763689994812,0.8221812844276428,-0.21207104623317719,0.1212431788444519,0.40393495559692383,0.8241947293281555,-0.1263512670993805,0.7496433258056641,0.40483373403549194,0.8213047981262207,-0.202986478805542,0.12006588280200958,0.562411904335022,0.7281167507171631,-0.06535545736551285,0.9999485611915588,0.546464741230011,0.7561861872673035,0.06548008322715759,0.9996102452278137,0.5988355278968811,0.815116822719574,-0.07474036514759064,0.9936387538909912,0.4775042235851288,0.7831928133964539,0.060094814747571945,0.5857986211776733,0.6736038327217102,0.8321993350982666,-0.0377999022603035,0.9539371132850647,0.4314025342464447,0.8257876038551331,0.04137521609663963,0.7786863446235657,0.6835764646530151,0.823309063911438,-0.036607444286346436,0.8644902110099792,0.43052423000335693,0.8465605974197388,0.03672898933291435,0.8324349522590637,0.6963979601860046,0.8815130591392517,-0.08785530179738998,0.9497873187065125,0.3944150507450104,0.8165162801742554,0.003919554874300957,0.8867611885070801
yena_fall_normal_12,204,68,6.800916442048518,29.995957418137717,10,0.4406447410583496,0.793434739112854,-0.12882152199745178,0.9983330965042114,0.43461915850639343,0.7906075716018677,-0.14250211417675018,0.9992401003837585,0.4342353641986847,0.7882223725318909,-0.14245596528053284,0.9991520047187805,0.43376848101615906,0.7855386137962341,-0.14248625934123993,0.9992335438728333,0.43464019894599915,0.7939144968986511,-0.11979150027036667,0.9982643127441406,0.4343627691268921,0.7939047813415527,-0.1198405921459198,0.998096764087677,0.43407127261161804,0.7939197421073914,-0.11986810714006424,0.9979439973831177,0.432414174079895,0.7635824680328369,-0.16788829863071442,0.9992895722389221,0.43298813700675964,0.7776418328285217,-0.06608574092388153,0.9951852560043335,0.4455743730068207,0.783000648021698,-0.13641700148582458,0.9978815317153931,0.4450196921825409,0.7871289849281311,-0.10693538188934326,0.9969131350517273,0.46149924397468567,0.7309638857841492,-0.20552615821361542,0.9996888637542725,0.4591711461544037,0.7574222087860107,3.9935930544743314e-05,0.9926754236221313,0.45713990926742554,0.8179197907447815,-0.2540081739425659,0.9749670028686523,0.4540761411190033,0.8218876719474792,-0.047593120485544205,0.0932999849319458,0.40969160199165344,0.833480179309845,-0.18633535504341125,0.8896792531013489,0.40475496649742126,0.8278210163116455,-0.1617417186498642,0.11905475705862045,0.39425092935562134,0.8344218730926514,-0.19834356009960175,0.8119542598724365,0.39170029759407043,0.8311323523521423,-0.17447878420352936,0.12996754050254822,0.3927903175354004,0.8255408406257629,-0.19641909003257751,0.8012111186981201,0.3895164430141449,0.8222057819366455,-0.17908063530921936,0.12251386046409607,0.3996637761592865,0.8240774273872375,-0.18431411683559418,0.7540115714073181,0.3952428102493286,0.8214130997657776,-0.1693786233663559,0.12117128819227219,0.56204754114151,0.728104829788208,-0.06387131661176682,0.9999521970748901,0.5466095805168152,0.7562954425811768,0.0639907643198967,0.999630868434906,0.598831057548523,0.8151296377182007,-0.0750889778137207,0.9939972758293152,0.4816442131996155,0.7876287698745728,0.04788077622652054,0.5812327861785889,0.6763341426849365,0.8336036205291748,-0.03184860572218895,0.9517521262168884,0.45251545310020447,0.8244321942329407,0.027549708262085915,0.7783398032188416,0.6861625909805298,0.8230432868003845,-0.029304277151823044,0.8603502511978149,0.4553269147872925,0.8389812707901001,0.022831400856375694,0.8350194692611694,0.7046630382537842,0.8671940565109253,-0.07273856550455093,0.9476269483566284,0.42763063311576843,0.8171675801277161,-0.009135535918176174,0.8902535438537598
yena_fall_normal_12,207,69,6.900929919137466,29.995957418137717,10,0.44024795293807983,0.7932803630828857,-0.13186413049697876,0.9983527064323425,0.4341920018196106,0.7899433374404907,-0.14442649483680725,0.9992607831954956,0.4337937533855438,0.7874096632003784,-0.14440372586250305,0.9991751909255981,0.43329259753227234,0.7845221161842346,-0.14446507394313812,0.9992587566375732,0.43423575162887573,0.7936367988586426,-0.12268941849470139,0.9982917308807373,0.4339749217033386,0.7937370538711548,-0.12270966172218323,0.9981217980384827,0.4336816966533661,0.7938397526741028,-0.12271757423877716,0.9979721307754517,0.4321823716163635,0.7625467777252197,-0.16709385812282562,0.9993266463279724,0.4325856566429138,0.7776243090629578,-0.06627634167671204,0.9952290058135986,0.44534388184547424,0.7827997803688049,-0.13714303076267242,0.9979860186576843,0.44475606083869934,0.7871344685554504,-0.10871117562055588,0.9970159530639648,0.46152785420417786,0.7297329902648926,-0.2041540890932083,0.999704897403717,0.45701390504837036,0.760292112827301,-0.0012837672838941216,0.9929798245429993,0.45969969034194946,0.8170561194419861,-0.2548255920410156,0.975124180316925,0.4539790451526642,0.8215126991271973,-0.07765296846628189,0.09420134127140045,0.4152095913887024,0.8291895389556885,-0.1838732659816742,0.888704240322113,0.40394869446754456,0.8240840435028076,-0.22850550711154938,0.1211913675069809,0.40068379044532776,0.83431077003479,-0.19461503624916077,0.8097931146621704,0.3906018137931824,0.8269304633140564,-0.24403885006904602,0.13237608969211578,0.3995949625968933,0.8251325488090515,-0.19017116725444794,0.7982092499732971,0.38884446024894714,0.8222053050994873,-0.2457096427679062,0.12423569709062576,0.40088099241256714,0.823870062828064,-0.18049125373363495,0.7512391209602356,0.39503034949302673,0.8214888572692871,-0.23543550074100494,0.12309908121824265,0.5623003840446472,0.7278846502304077,-0.06443005055189133,0.9999558329582214,0.5465115904808044,0.7584121823310852,0.06452427059412003,0.9996570944786072,0.5988290309906006,0.8148689866065979,-0.12617720663547516,0.9944310784339905,0.49014127254486084,0.7965733408927917,0.042193152010440826,0.585963785648346,0.6758352518081665,0.8332733511924744,-0.07293807715177536,0.9531885981559753,0.49535611271858215,0.8246280550956726,0.018123170360922813,0.7815437316894531,0.6861159205436707,0.8236704468727112,-0.06921493262052536,0.8607311248779297,0.5006413459777832,0.8339336514472961,0.01339699700474739,0.8357352018356323,0.7055445313453674,0.8660627603530884,-0.10941024124622345,0.9484342336654663,0.48552176356315613,0.8329790234565735,-0.01263489481061697,0.8935651183128357
yena_fall_normal_12,210,70,7.000943396226415,29.995957418137717,10,0.440835565328598,0.7931742072105408,-0.0977625697851181,0.9983733296394348,0.43481940031051636,0.7899169921875,-0.1103273555636406,0.9992585182189941,0.43438073992729187,0.7873939871788025,-0.11032464355230331,0.999175488948822,0.43386951088905334,0.7845139503479004,-0.11039043217897415,0.9992748498916626,0.43489503860473633,0.793565571308136,-0.09061381965875626,0.9983143210411072,0.43461015820503235,0.7936481833457947,-0.09063278138637543,0.9981065988540649,0.4342978298664093,0.7937356233596802,-0.09066213667392731,0.9979887008666992,0.4324406683444977,0.7625570297241211,-0.1332836002111435,0.9993083477020264,0.432743638753891,0.7771774530410767,-0.04386158287525177,0.9952461123466492,0.44588547945022583,0.782707929611206,-0.10380297154188156,0.9980245232582092,0.4454122483730316,0.7869780659675598,-0.07803739607334137,0.9969733953475952,0.461497038602829,0.729618489742279,-0.16539110243320465,0.9996684193611145,0.4571003317832947,0.7553005218505859,0.01684165932238102,0.9926371574401855,0.460724800825119,0.8162469267845154,-0.19311435520648956,0.9735317230224609,0.45399442315101624,0.8154013156890869,0.004411450587213039,0.09625378251075745,0.424205482006073,0.8288724422454834,-0.1250583976507187,0.8829514980316162,0.40773364901542664,0.821670413017273,-0.07755841314792633,0.12362880259752274,0.4127413332462311,0.8343303799629211,-0.13393621146678925,0.8038305640220642,0.4054979681968689,0.8264495134353638,-0.08510037511587143,0.13371145725250244,0.4112853705883026,0.8248491287231445,-0.130909726023674,0.7924221158027649,0.40488579869270325,0.822403609752655,-0.08934581279754639,0.12573522329330444,0.4155951738357544,0.8226059079170227,-0.12193913757801056,0.7452561855316162,0.40918922424316406,0.8215331435203552,-0.08304192125797272,0.1247808188199997,0.5623114705085754,0.7272854447364807,-0.06374731659889221,0.9999526739120483,0.547112226486206,0.7539126873016357,0.06379655003547668,0.9996350407600403,0.5988417267799377,0.8148510456085205,-0.11380771547555923,0.994661271572113,0.5206800103187561,0.801550567150116,0.096909299492836,0.5762265920639038,0.6748193502426147,0.8325627446174622,-0.081398144364357,0.9571418166160583,0.5489775538444519,0.8187901377677917,0.15978474915027618,0.7789008617401123,0.6839593648910522,0.82007896900177,-0.07960270345211029,0.8716814517974854,0.5555419921875,0.815611720085144,0.16394327580928802,0.8299658894538879,0.6967580914497375,0.8738691210746765,-0.11858811229467392,0.9521359205245972,0.5518348217010498,0.8449098467826843,0.15451207756996155,0.8863487243652344
yena_fall_normal_12,213,71,7.100956873315364,29.995957418137717,10,0.4407103657722473,0.7935208082199097,-0.10145499557256699,0.9984188675880432,0.43471017479896545,0.7901108860969543,-0.11356330662965775,0.999282717704773,0.4342823624610901,0.787566602230072,-0.11350739002227783,0.9992051720619202,0.4337545931339264,0.7847439646720886,-0.11347620189189911,0.9992939829826355,0.43479955196380615,0.7937486171722412,-0.0961909070611,0.9983504414558411,0.4345394968986511,0.7938161492347717,-0.09625319391489029,0.998160719871521,0.4342401921749115,0.7938964366912842,-0.0962885394692421,0.998026430606842,0.4324040114879608,0.7630434036254883,-0.1456412822008133,0.9993411302566528,0.43274936079978943,0.7772828340530396,-0.048763152211904526,0.9953600764274597,0.4456860423088074,0.7833417654037476,-0.1126994863152504,0.9980714917182922,0.44530001282691956,0.7877146005630493,-0.081173375248909,0.9970157146453857,0.4618395268917084,0.7297717332839966,-0.18815270066261292,0.9996823668479919,0.45915165543556213,0.7564855217933655,0.01328441221266985,0.9927051663398743,0.4571053087711334,0.8166258931159973,-0.2546541392803192,0.9738940000534058,0.45354026556015015,0.8206264972686768,-0.015201356261968613,0.0948595181107521,0.40701958537101746,0.8307862877845764,-0.2098383605480194,0.8866103887557983,0.404824435710907,0.8249872922897339,-0.08562037348747253,0.12445393204689026,0.393689900636673,0.8345915079116821,-0.22614561021327972,0.8096649050712585,0.39294853806495667,0.8283380270004272,-0.11951441317796707,0.13522017002105713,0.3917764723300934,0.8255771994590759,-0.22414080798625946,0.7984831929206848,0.3911774754524231,0.8226578831672668,-0.13152773678302765,0.12692396342754364,0.39778372645378113,0.8242706060409546,-0.2084941565990448,0.7513558864593506,0.3972271680831909,0.8222182989120483,-0.1099572405219078,0.12563148140907288,0.5621923208236694,0.7279831767082214,-0.06376367807388306,0.9999552965164185,0.5482074022293091,0.7550216913223267,0.06381848454475403,0.9996435046195984,0.5980005860328674,0.8143143653869629,-0.11598309129476547,0.9949378371238708,0.49872294068336487,0.7954082489013672,0.046802543103694916,0.5746544599533081,0.6747813820838928,0.8326305150985718,-0.07546263188123703,0.9553497433662415,0.4742884933948517,0.8207891583442688,0.03835449740290642,0.7780687212944031,0.6852675676345825,0.8218668699264526,-0.07346039265394211,0.8679973483085632,0.4773513376712799,0.8289045691490173,0.0344846211373806,0.8331252932548523,0.7079421877861023,0.8720232248306274,-0.12260507047176361,0.950080156326294,0.4505552649497986,0.8347878456115723,0.0013234870275482535,0.8893719911575317
yena_fall_normal_12,216,72,7.2009703504043125,29.995957418137717,10,0.4405863881111145,0.7934702634811401,-0.08372211456298828,0.9984839558601379,0.43456873297691345,0.7898628115653992,-0.09639182686805725,0.9993017315864563,0.43412068486213684,0.7873758673667908,-0.09639143943786621,0.9992296695709229,0.4335600435733795,0.7846123576164246,-0.09644781798124313,0.9993258714675903,0.4346715807914734,0.7932303547859192,-0.07681271433830261,0.9984113574028015,0.43440788984298706,0.7931613922119141,-0.07682071626186371,0.9981946349143982,0.434089332818985,0.793072521686554,-0.07684047520160675,0.9980825781822205,0.4321954548358917,0.762947142124176,-0.121588334441185,0.9993453621864319,0.4325326383113861,0.7758898138999939,-0.03199484199285507,0.9955394268035889,0.44544717669487,0.7833554148674011,-0.09087192267179489,0.9981541633605957,0.44515010714530945,0.787645697593689,-0.06471233814954758,0.9970715641975403,0.46181291341781616,0.7302491664886475,-0.15595774352550507,0.9996606707572937,0.4581891596317291,0.753490149974823,0.02571522630751133,0.9926297068595886,0.46029508113861084,0.8165464997291565,-0.1796238124370575,0.9727457761764526,0.45176786184310913,0.8177040815353394,0.01881181262433529,0.09956807643175125,0.42119425535202026,0.8292489051818848,-0.10770261287689209,0.8831559419631958,0.4049749970436096,0.821806788444519,-0.050148386508226395,0.1299782693386078,0.4097840487957001,0.8340739607810974,-0.11623477190732956,0.806614339351654,0.3952541649341583,0.8257909417152405,-0.05750841647386551,0.13907036185264587,0.40832486748695374,0.8240219354629517,-0.113973468542099,0.7957920432090759,0.3902338147163391,0.8221850395202637,-0.060683708637952805,0.1308746039867401,0.41329047083854675,0.8215270042419434,-0.10484644770622253,0.748863935470581,0.3965285122394562,0.821743369102478,-0.05540186166763306,0.129759281873703,0.5621918439865112,0.7278853058815002,-0.0631420835852623,0.9999526143074036,0.5483056902885437,0.7525197267532349,0.06317807734012604,0.9996323585510254,0.5990535020828247,0.8148212432861328,-0.12240645289421082,0.9948145747184753,0.5220019817352295,0.8083692789077759,0.08553946018218994,0.5582271814346313,0.6737412214279175,0.8306984305381775,-0.09152115881443024,0.9587492346763611,0.5650759339332581,0.8198183178901672,0.15309587121009827,0.759454071521759,0.682863175868988,0.8187021017074585,-0.08923545479774475,0.8776606321334839,0.5736445188522339,0.8147355914115906,0.15792711079120636,0.8147622346878052,0.6947687268257141,0.8744929432868958,-0.12516871094703674,0.952957808971405,0.5726052522659302,0.853305995464325,0.1521361917257309,0.8672584891319275
yena_fall_normal_12,219,73,7.300983827493262,29.995957418137717,10,0.4405924379825592,0.7934897541999817,-0.058554019778966904,0.99847811460495,0.43458351492881775,0.7898761630058289,-0.07173795998096466,0.9992706179618835,0.43414410948753357,0.7874348163604736,-0.07174194604158401,0.9992110133171082,0.4335933327674866,0.7847744226455688,-0.07177463173866272,0.9993196129798889,0.4346725642681122,0.793113648891449,-0.05036015063524246,0.9983530640602112,0.43440860509872437,0.7929690480232239,-0.05033568665385246,0.9980626106262207,0.4340883791446686,0.7928264141082764,-0.050347018986940384,0.9979864954948425,0.43239709734916687,0.7637253999710083,-0.1045147031545639,0.9992381930351257,0.4326442778110504,0.7757822871208191,-0.007596203591674566,0.995453953742981,0.4454401135444641,0.7835975885391235,-0.0686960369348526,0.9980282187461853,0.4451395571231842,0.787672221660614,-0.04060680419206619,0.9967693090438843,0.46191737055778503,0.7318583726882935,-0.1452733427286148,0.9996099472045898,0.4584406912326813,0.7523637413978577,0.048042427748441696,0.9924212098121643,0.4599952697753906,0.8190183043479919,-0.1822367161512375,0.9725766777992249,0.4490528106689453,0.8193734884262085,0.07658373564481735,0.10588382184505463,0.40982726216316223,0.8292932510375977,-0.13216638565063477,0.8863085508346558,0.40303152799606323,0.8221132755279541,0.041593052446842194,0.13966672122478485,0.39651769399642944,0.8342480659484863,-0.144336998462677,0.8132386207580566,0.3904995322227478,0.8258211612701416,0.039095308631658554,0.14797110855579376,0.39416173100471497,0.8246140480041504,-0.14184118807315826,0.8033722043037415,0.3880334794521332,0.822772204875946,0.033361781388521194,0.1400362253189087,0.40089550614356995,0.8226378560066223,-0.13005319237709045,0.7568013668060303,0.39381101727485657,0.8222978115081787,0.03647717088460922,0.1389114111661911,0.5621976852416992,0.7283300161361694,-0.06507737189531326,0.9999339580535889,0.5514705181121826,0.7520530223846436,0.06514374911785126,0.999588131904602,0.5986350178718567,0.8151186108589172,-0.10035371780395508,0.9923174381256104,0.5587572455406189,0.8101763129234314,0.09711262583732605,0.5513158440589905,0.6735578179359436,0.8303402662277222,-0.08310289680957794,0.9608843326568604,0.6203444600105286,0.8092136979103088,0.16064658761024475,0.744064211845398,0.6829530596733093,0.8187164068222046,-0.08338938653469086,0.8849719166755676,0.629895031452179,0.7981647253036499,0.16474291682243347,0.7956521511077881,0.6946853399276733,0.872275710105896,-0.11209689825773239,0.9542731642723083,0.6365386843681335,0.8528788685798645,0.15472851693630219,0.8430549502372742
yena_fall_normal_12,222,74,7.40099730458221,29.995957418137717,10,0.44069477915763855,0.794285237789154,-0.1185508593916893,0.9983964562416077,0.4345945417881012,0.7903784513473511,-0.13202793896198273,0.9992400407791138,0.43416059017181396,0.787969708442688,-0.13199540972709656,0.9991701245307922,0.43361201882362366,0.785240113735199,-0.1320359855890274,0.9992730021476746,0.4346681535243988,0.7934229373931885,-0.10949719697237015,0.9982725381851196,0.43439754843711853,0.7932187914848328,-0.10952015966176987,0.9980220794677734,0.43406105041503906,0.7930192351341248,-0.1095488965511322,0.9979221820831299,0.4323951303958893,0.7641889452934265,-0.16106165945529938,0.9992221593856812,0.4326460063457489,0.7762769460678101,-0.058472052216529846,0.995272159576416,0.4455340802669525,0.7848304510116577,-0.12720003724098206,0.9978781938552856,0.44516870379447937,0.7886223793029785,-0.0975746139883995,0.9966193437576294,0.46225130558013916,0.7318224310874939,-0.2001122534275055,0.99961918592453,0.45842304825782776,0.754263699054718,0.0034915946889668703,0.9922460913658142,0.45864564180374146,0.8180064558982849,-0.2564515471458435,0.9729782342910767,0.4505530893802643,0.8191109895706177,-0.017215672880411148,0.10193280130624771,0.4106195271015167,0.8353868722915649,-0.19923906028270721,0.887619137763977,0.40824082493782043,0.8225671052932739,-0.1123889684677124,0.1345536708831787,0.3943914771080017,0.8351145386695862,-0.2141241729259491,0.8141093254089355,0.3906840682029724,0.8257860541343689,-0.12140186876058578,0.14327941834926605,0.3921036720275879,0.826724648475647,-0.21141068637371063,0.8044039011001587,0.38956218957901,0.8233553171157837,-0.1298811286687851,0.13544145226478577,0.39494314789772034,0.8250887393951416,-0.19741253554821014,0.7577205896377563,0.3972831964492798,0.8229952454566956,-0.12059014290571213,0.13433900475502014,0.5617254376411438,0.728019654750824,-0.06520404666662216,0.9999374151229858,0.5495766997337341,0.75266432762146,0.06528273224830627,0.9995811581611633,0.5981736779212952,0.8141648173332214,-0.08023057132959366,0.9928140640258789,0.4865252375602722,0.7910352349281311,0.07126970589160919,0.5425416231155396,0.675760805606842,0.8301811218261719,-0.03790988773107529,0.9573560953140259,0.45520493388175964,0.8270872235298157,0.07360539585351944,0.7437014579772949,0.6859697699546814,0.8187716603279114,-0.03605012595653534,0.8752489686012268,0.45687854290008545,0.8408511281013489,0.07071933895349503,0.8003159761428833,0.7042334079742432,0.8719908595085144,-0.0827351063489914,0.9505087733268738,0.42801448702812195,0.8399839997291565,0.04014051333069801,0.8492091298103333
yena_fall_normal_12,225,75,7.501010781671159,29.995957418137717,10,0.4406636655330658,0.7939351201057434,-0.13261178135871887,0.9985020756721497,0.4345603585243225,0.7902913093566895,-0.14481006562709808,0.9992958903312683,0.43412721157073975,0.7878376245498657,-0.14476650953292847,0.9992304444313049,0.43358728289604187,0.7850789427757263,-0.14480847120285034,0.9993225336074829,0.4346596896648407,0.7934643626213074,-0.12246692925691605,0.9983862638473511,0.43439286947250366,0.7933852076530457,-0.12249384820461273,0.9981634020805359,0.4340619444847107,0.7933880686759949,-0.12250060588121414,0.9980626702308655,0.4323725998401642,0.7636746764183044,-0.16696853935718536,0.9992889761924744,0.43269822001457214,0.7773023843765259,-0.06562379747629166,0.9955772757530212,0.44552209973335266,0.7838367819786072,-0.13882973790168762,0.9980304837226868,0.44514715671539307,0.7882981300354004,-0.10959784686565399,0.9968493580818176,0.4619060456752777,0.7294471859931946,-0.20254583656787872,0.999648928642273,0.45843708515167236,0.7590887546539307,-0.00376125518232584,0.9925209879875183,0.4583515226840973,0.8174266219139099,-0.2640075981616974,0.9740363955497742,0.4567859470844269,0.8196275234222412,-0.0738152489066124,0.0988369882106781,0.4104284644126892,0.8349907994270325,-0.21432526409626007,0.8878466486930847,0.40956220030784607,0.8249818682670593,-0.2327882945537567,0.13009700179100037,0.3950805366039276,0.8351925611495972,-0.2291039526462555,0.8132586479187012,0.39418333768844604,0.8274303674697876,-0.2505013644695282,0.1400105357170105,0.3927933871746063,0.8265861868858337,-0.22573968768119812,0.8032364249229431,0.3929620683193207,0.8252987265586853,-0.25436797738075256,0.1318843811750412,0.39738020300865173,0.8250389099121094,-0.21198679506778717,0.7561416029930115,0.4001864194869995,0.8228676319122314,-0.240898996591568,0.13053321838378906,0.561688244342804,0.727942705154419,-0.06312479823827744,0.99994295835495,0.5468729734420776,0.7590083479881287,0.06321118026971817,0.9996054172515869,0.5966547727584839,0.8126798272132874,-0.14676533639431,0.9934005737304688,0.4845046103000641,0.7912928462028503,0.0520436130464077,0.5484322309494019,0.6779758930206299,0.8342142701148987,-0.1045914962887764,0.9560222029685974,0.44099491834640503,0.8266895413398743,0.04201895743608475,0.7528042197227478,0.685954749584198,0.8243064880371094,-0.10199465602636337,0.8714240789413452,0.4399515390396118,0.8373987078666687,0.03864424303174019,0.8100562691688538,0.7064485549926758,0.8672373294830322,-0.15265928208827972,0.9504769444465637,0.4130696952342987,0.8142580986022949,0.005747123155742884,0.8590918183326721
yena_fall_normal_12,228,76,7.601024258760108,29.995957418137717,10,0.44103533029556274,0.7935007810592651,-0.12994685769081116,0.998550295829773,0.43495437502861023,0.7902159690856934,-0.14362861216068268,0.9993273019790649,0.43449634313583374,0.7877764701843262,-0.1435929238796234,0.9992644190788269,0.43395766615867615,0.7850421071052551,-0.14364860951900482,0.9993505477905273,0.4352031648159027,0.7934389114379883,-0.12180189788341522,0.998455822467804,0.43500635027885437,0.7933826446533203,-0.1218300387263298,0.99825119972229,0.43477800488471985,0.7933923006057739,-0.12183957546949387,0.9981467127799988,0.43264442682266235,0.763653576374054,-0.16785095632076263,0.9993346929550171,0.43335455656051636,0.7773606181144714,-0.06912776082754135,0.9956955909729004,0.44589516520500183,0.7831482887268066,-0.13669081032276154,0.9981275796890259,0.4456081986427307,0.7876374125480652,-0.10820654034614563,0.9969911575317383,0.4614854156970978,0.727826714515686,-0.20263352990150452,0.9996733069419861,0.4587914049625397,0.7570127844810486,-0.0005614320980384946,0.9928749799728394,0.460050493478775,0.8170550465583801,-0.23217247426509857,0.9739837050437927,0.4627709984779358,0.820065975189209,-0.05322544649243355,0.09739002585411072,0.4270567297935486,0.8333805203437805,-0.13017821311950684,0.8836533427238464,0.42697256803512573,0.827647864818573,-0.1863357424736023,0.1273946315050125,0.4147167205810547,0.8352016806602478,-0.13473771512508392,0.8077099919319153,0.4158164858818054,0.8295089602470398,-0.19765707850456238,0.13817094266414642,0.40515056252479553,0.8248640298843384,-0.13441936671733856,0.7974187135696411,0.4150114059448242,0.8253625631332397,-0.20072846114635468,0.1299140304327011,0.41907423734664917,0.8238509297370911,-0.12701734900474548,0.7504757642745972,0.4191325604915619,0.8229222893714905,-0.19281889498233795,0.12854395806789398,0.5618621110916138,0.7257173657417297,-0.06423456966876984,0.9999474883079529,0.5455992817878723,0.7574287056922913,0.0643438994884491,0.9996292591094971,0.5966356992721558,0.8127715587615967,-0.12064612656831741,0.9939756989479065,0.48996204137802124,0.7913970947265625,0.08367723971605301,0.5573152899742126,0.676852285861969,0.8298637270927429,-0.08279915899038315,0.9581072926521301,0.469621866941452,0.8263270258903503,0.07026384770870209,0.7646254301071167,0.6862491965293884,0.8210718035697937,-0.07982831448316574,0.8752864003181458,0.47160860896110535,0.8355351090431213,0.06460632383823395,0.818462610244751,0.7064287066459656,0.8672127723693848,-0.114471435546875,0.9526589512825012,0.4503263533115387,0.8177714347839355,0.0502324178814888,0.8679966926574707
yena_fall_normal_12,231,77,7.701037735849057,29.995957418137717,10,0.4417243003845215,0.7932659387588501,-0.1519872546195984,0.9985683560371399,0.435880184173584,0.7900116443634033,-0.16502873599529266,0.9993502497673035,0.4353935122489929,0.7874243259429932,-0.1649702936410904,0.9992848634719849,0.43479615449905396,0.7844613194465637,-0.16500145196914673,0.9993572235107422,0.4361545443534851,0.7934613823890686,-0.14306983351707458,0.9984824657440186,0.43597814440727234,0.7935759425163269,-0.1431102752685547,0.9983102679252625,0.4357825517654419,0.7938646078109741,-0.14311690628528595,0.9981919527053833,0.433245450258255,0.763645589351654,-0.18652798235416412,0.9993764162063599,0.4343217611312866,0.7791681885719299,-0.08728425204753876,0.9957787394523621,0.44677963852882385,0.782956600189209,-0.15718434751033783,0.9981498718261719,0.44653451442718506,0.7876129746437073,-0.128611221909523,0.997042715549469,0.4627569615840912,0.72794109582901,-0.21475443243980408,0.9996967911720276,0.45877379179000854,0.7612165808677673,-0.021872827783226967,0.9930921792984009,0.46338194608688354,0.8168096542358398,-0.27583685517311096,0.9746737480163574,0.4626084268093109,0.816870927810669,-0.07913647592067719,0.09385615587234497,0.4185231029987335,0.8367940783500671,-0.21954785287380219,0.8844740390777588,0.42104336619377136,0.8277172446250916,-0.21567487716674805,0.12111730128526688,0.40583881735801697,0.8436316847801208,-0.23229606449604034,0.8066712617874146,0.4069744944572449,0.8330669403076172,-0.23157289624214172,0.1326630562543869,0.401816189289093,0.8324664831161499,-0.22937938570976257,0.7960100173950195,0.4054030478000641,0.8264341354370117,-0.23497210443019867,0.12447993457317352,0.40904468297958374,0.8274539113044739,-0.21699711680412292,0.748711347579956,0.4120534062385559,0.8245092630386353,-0.22295817732810974,0.12323649972677231,0.5618618726730347,0.7272148132324219,-0.06126229837536812,0.9999522566795349,0.5426359176635742,0.761116623878479,0.06135845184326172,0.9996551871299744,0.5969525575637817,0.8131681680679321,-0.12293091416358948,0.9943878650665283,0.47274935245513916,0.7914180755615234,0.011084726080298424,0.565287709236145,0.6770280599594116,0.8300761580467224,-0.09169147163629532,0.9560907483100891,0.40208834409713745,0.8286504745483398,-0.014745661057531834,0.7755908966064453,0.6864384412765503,0.8222499489784241,-0.09036468714475632,0.8696906566619873,0.40127646923065186,0.8462221622467041,-0.020389413461089134,0.8289262652397156,0.7072922587394714,0.8679433465003967,-0.15390919148921967,0.9530245661735535,0.3744998872280121,0.8138353228569031,-0.06837837398052216,0.8777926564216614
yena_fall_normal_12,234,78,7.801051212938005,29.995957418137717,10,0.44167280197143555,0.7927770614624023,-0.12676632404327393,0.9986611604690552,0.43578049540519714,0.7891367077827454,-0.1373089998960495,0.9993952512741089,0.43529972434043884,0.786366879940033,-0.13726256787776947,0.9993341565132141,0.4347168505191803,0.7831802368164062,-0.13729095458984375,0.9993980526924133,0.43611612915992737,0.7931970953941345,-0.11627823859453201,0.9985823631286621,0.4359656274318695,0.7934629321098328,-0.116319440305233,0.9984304308891296,0.4357668459415436,0.7938381433486938,-0.11633267998695374,0.998313844203949,0.43326470255851746,0.7617649435997009,-0.15327543020248413,0.9994274973869324,0.43447643518447876,0.7791638970375061,-0.05779218301177025,0.9960282444953918,0.44673335552215576,0.7821495532989502,-0.13065466284751892,0.9982787370681763,0.44647589325904846,0.7874082922935486,-0.10324334353208542,0.9972477555274963,0.462421715259552,0.7265375256538391,-0.1863279640674591,0.9997220039367676,0.45901259779930115,0.7617800831794739,0.003977836109697819,0.9935327768325806,0.46322041749954224,0.8167767524719238,-0.23690862953662872,0.9755709171295166,0.4634583294391632,0.821658730506897,-0.06944897770881653,0.09542680531740189,0.4276003837585449,0.8356018662452698,-0.1712636947631836,0.881553590297699,0.4277116060256958,0.8298729062080383,-0.22945453226566315,0.12160919606685638,0.41522058844566345,0.8432900905609131,-0.18002094328403473,0.8010469675064087,0.4162702262401581,0.8332333564758301,-0.24661007523536682,0.1339818686246872,0.4142618477344513,0.8321220874786377,-0.1765243262052536,0.789405345916748,0.41547876596450806,0.82746821641922,-0.24817457795143127,0.12528066337108612,0.41935721039772034,0.827342689037323,-0.16770713031291962,0.7417356371879578,0.41965240240097046,0.8249703049659729,-0.2362958937883377,0.12350812554359436,0.5619922876358032,0.7271780967712402,-0.06080139800906181,0.9999566674232483,0.5427218079566956,0.7633216381072998,0.06090473756194115,0.9996823668479919,0.5969066619873047,0.8130654096603394,-0.13363642990589142,0.9948300719261169,0.4788634479045868,0.7914356589317322,0.03375139459967613,0.5747327208518982,0.6753588914871216,0.8297057151794434,-0.10786011070013046,0.956298828125,0.4309777319431305,0.8248177766799927,0.014732938259840012,0.7849003076553345,0.6854961514472961,0.8323251008987427,-0.10659430176019669,0.8694984316825867,0.43088963627815247,0.8419653177261353,0.01017890777438879,0.838004469871521,0.7082804441452026,0.8701837062835693,-0.16116963326931,0.954608142375946,0.40185630321502686,0.8093036413192749,-0.025415020063519478,0.8865476250648499
yena_fall_normal_12,237,79,7.9010646900269546,29.995957418137717,10,0.44172534346580505,0.7922853231430054,-0.14728125929832458,0.9987500309944153,0.43583038449287415,0.7888349294662476,-0.15823210775852203,0.9994388222694397,0.43537232279777527,0.7859525084495544,-0.15817615389823914,0.9993801712989807,0.4348028898239136,0.7825890779495239,-0.15820802748203278,0.9994363188743591,0.4361475110054016,0.7931951284408569,-0.13666974008083344,0.9986823797225952,0.43600496649742126,0.7935541272163391,-0.1367196887731552,0.9985492825508118,0.4358115792274475,0.7941080331802368,-0.13673654198646545,0.998435378074646,0.4335106611251831,0.7608092427253723,-0.1721205711364746,0.9994754791259766,0.43482622504234314,0.780815064907074,-0.07490900158882141,0.9962871074676514,0.44687649607658386,0.7813820838928223,-0.1503322869539261,0.9983943104743958,0.44658616185188293,0.7871533632278442,-0.12231223285198212,0.9974398016929626,0.4637073874473572,0.7265752553939819,-0.20366539061069489,0.9997449517250061,0.4590190351009369,0.7627928853034973,-0.008201906457543373,0.9939337968826294,0.46575549244880676,0.8164474964141846,-0.26789408922195435,0.9768328070640564,0.46410438418388367,0.8241222500801086,-0.10701123625040054,0.09595397859811783,0.4269113540649414,0.8354454040527344,-0.21353675425052643,0.8826571702957153,0.4284745454788208,0.8329084515571594,-0.2996160686016083,0.12168548256158829,0.41347771883010864,0.8427708148956299,-0.22555619478225708,0.8004443645477295,0.41682347655296326,0.8352298736572266,-0.32090601325035095,0.13526710867881775,0.4064525365829468,0.8313952684402466,-0.22092796862125397,0.7883455753326416,0.4158056378364563,0.8300359845161438,-0.32145166397094727,0.12607617676258087,0.41229555010795593,0.8257724046707153,-0.21009398996829987,0.7401624917984009,0.4198438823223114,0.8268516063690186,-0.3070511221885681,0.12408797442913055,0.5619975328445435,0.7271554470062256,-0.06087827309966087,0.9999606609344482,0.5386885404586792,0.7636205554008484,0.06098657473921776,0.9997069835662842,0.5968221426010132,0.8131988048553467,-0.1333242952823639,0.9952600002288818,0.47337037324905396,0.7911633253097534,0.03468801826238632,0.5831030607223511,0.675135612487793,0.8299247026443481,-0.10228362679481506,0.9564509987831116,0.4043159782886505,0.8274862170219421,0.020396482199430466,0.7964293956756592,0.6841169595718384,0.8329598307609558,-0.10097804665565491,0.8669687509536743,0.40354225039482117,0.8477408289909363,0.016186336055397987,0.8476843237876892,0.7081522345542908,0.8693731427192688,-0.15932483971118927,0.9557942152023315,0.3712412416934967,0.80964195728302,-0.02421850711107254,0.8951740860939026
yena_fall_normal_12,240,80,8.001078167115903,29.995957418137717,10,0.44396117329597473,0.793621838092804,-0.13590215146541595,0.9988138675689697,0.43794092535972595,0.7908193469047546,-0.14868827164173126,0.9994717240333557,0.43753382563591003,0.7881941199302673,-0.14865070581436157,0.9994148015975952,0.437031626701355,0.7851908802986145,-0.1487000435590744,0.9994653463363647,0.4379202425479889,0.7943710684776306,-0.12662018835544586,0.9987503886222839,0.43761971592903137,0.7944135665893555,-0.12664742767810822,0.9986324310302734,0.4373156428337097,0.7946286201477051,-0.12666288018226624,0.9985222220420837,0.43428847193717957,0.7625988125801086,-0.17166633903980255,0.9995157718658447,0.4359671175479889,0.7808637619018555,-0.07059624791145325,0.9965047836303711,0.448793888092041,0.7831339240074158,-0.1420469731092453,0.998498797416687,0.4483359456062317,0.787905216217041,-0.11292076855897903,0.9975998401641846,0.4622425138950348,0.7255635857582092,-0.20534281432628632,0.9997655153274536,0.45879554748535156,0.7611057162284851,-0.009198296815156937,0.9942697286605835,0.46400123834609985,0.8008635640144348,-0.2782549262046814,0.9776347279548645,0.4559847116470337,0.8205029964447021,-0.09560646116733551,0.10005711764097214,0.427092045545578,0.8348810076713562,-0.2358793467283249,0.8822181224822998,0.4252971112728119,0.8304354548454285,-0.26192229986190796,0.1223432645201683,0.41622209548950195,0.8426044583320618,-0.2529503405094147,0.7996787428855896,0.4162013828754425,0.8315806984901428,-0.2807822525501251,0.1366410255432129,0.4143427312374115,0.8314014673233032,-0.24790771305561066,0.7874307632446289,0.4143613874912262,0.8277588486671448,-0.2851693034172058,0.126966655254364,0.4185146987438202,0.8269104957580566,-0.23329569399356842,0.738807201385498,0.40849363803863525,0.8235716223716736,-0.2703632414340973,0.12472835928201675,0.5619809031486511,0.7270445227622986,-0.06391860544681549,0.9999639987945557,0.5407474040985107,0.7619813084602356,0.06403226405382156,0.9997230768203735,0.5966216921806335,0.8132080435752869,-0.14958468079566956,0.9956699013710022,0.4823046028614044,0.7871032357215881,0.05098121613264084,0.5923882722854614,0.6751627326011658,0.8303151726722717,-0.11815720051527023,0.958185076713562,0.4359680414199829,0.8252642154693604,0.04932068660855293,0.8066515922546387,0.6841447353363037,0.8238660097122192,-0.11704933643341064,0.8715007901191711,0.4342833459377289,0.8439863920211792,0.04638383165001869,0.8565359115600586,0.7078909277915955,0.8689226508140564,-0.1730216145515442,0.9578155875205994,0.40644627809524536,0.8102834224700928,0.009157481603324413,0.902624785900116
yena_fall_normal_12,243,81,8.101091644204852,29.995957418137717,10,0.44382336735725403,0.7935426831245422,-0.12752708792686462,0.9988471269607544,0.43778955936431885,0.7904017567634583,-0.13893958926200867,0.9994893670082092,0.43738237023353577,0.7875691652297974,-0.13890567421913147,0.9994320273399353,0.43686091899871826,0.7842743396759033,-0.13894933462142944,0.9994789361953735,0.43777868151664734,0.7942049503326416,-0.11764602363109589,0.9987977743148804,0.43749433755874634,0.7943038940429688,-0.11768142133951187,0.9986928105354309,0.4371943175792694,0.7945637702941895,-0.11771652102470398,0.9985780715942383,0.4343034029006958,0.7613275051116943,-0.15743565559387207,0.9995407462120056,0.4359607398509979,0.7808895707130432,-0.06048683449625969,0.9966102838516235,0.4486343264579773,0.7831158638000488,-0.13229459524154663,0.9985600709915161,0.4481262266635895,0.7879284024238586,-0.10425791144371033,0.9977031350135803,0.46202486753463745,0.7245935797691345,-0.19281011819839478,0.9997813105583191,0.45877206325531006,0.7612132430076599,-0.0005654676351696253,0.9945017099380493,0.4700784683227539,0.7955116629600525,-0.26875391602516174,0.978291392326355,0.46340212225914,0.8182747960090637,-0.09302309155464172,0.10157106816768646,0.4312310218811035,0.8314782977104187,-0.22557973861694336,0.8828206658363342,0.43453681468963623,0.8253214359283447,-0.2582482397556305,0.1262664943933487,0.41913971304893494,0.8395439982414246,-0.24090170860290527,0.8009669184684753,0.42528200149536133,0.8264977931976318,-0.2765429615974426,0.1419338881969452,0.41713574528694153,0.8291260600090027,-0.23479749262332916,0.7882425785064697,0.4233396351337433,0.8217188715934753,-0.27997249364852905,0.13153336942195892,0.42179879546165466,0.8257808685302734,-0.22232398390769958,0.7392988801002502,0.4257660210132599,0.8194118142127991,-0.2661491930484772,0.12889936566352844,0.561948835849762,0.7269079089164734,-0.06402699649333954,0.9999668598175049,0.5408956408500671,0.7621980905532837,0.06414443254470825,0.9997305274009705,0.5966346263885498,0.8124194741249084,-0.15083132684230804,0.9960493445396423,0.47998496890068054,0.7862863540649414,0.08870615810155869,0.5959804654121399,0.6740175485610962,0.8303638100624084,-0.12428203970193863,0.9598690867424011,0.4371644854545593,0.8230953216552734,0.10188084095716476,0.814551055431366,0.6818578243255615,0.8220329284667969,-0.12358687072992325,0.8749457597732544,0.4370155930519104,0.8381432294845581,0.10087016224861145,0.8636834025382996,0.70441734790802,0.8683558702468872,-0.17426176369190216,0.9595921039581299,0.40801873803138733,0.8115514516830444,0.07536334544420242,0.9089035987854004
yena_fall_normal_12,246,82,8.2011051212938,29.995957418137717,10,0.443121075630188,0.7914479970932007,-0.1448066234588623,0.9989115595817566,0.4369494616985321,0.7880047559738159,-0.1544502228498459,0.9995214939117432,0.4364214241504669,0.7848703265190125,-0.15440717339515686,0.9994676113128662,0.43579158186912537,0.7811561226844788,-0.15444287657737732,0.9995073676109314,0.43735775351524353,0.7930803894996643,-0.13326120376586914,0.998865008354187,0.43721064925193787,0.7936374545097351,-0.13329210877418518,0.9987725019454956,0.43702250719070435,0.7942115664482117,-0.1333053559064865,0.9986519813537598,0.43408337235450745,0.7588233947753906,-0.16297459602355957,0.9995770454406738,0.4359430968761444,0.7808637619018555,-0.06775294989347458,0.996741533279419,0.44791117310523987,0.7802957892417908,-0.14587624371051788,0.9986445903778076,0.44770315289497375,0.7865132093429565,-0.11839999258518219,0.9978234767913818,0.46294862031936646,0.7250549793243408,-0.19352306425571442,0.9997970461845398,0.45947927236557007,0.7628702521324158,-0.0010599404340609908,0.994547963142395,0.46422749757766724,0.8124503493309021,-0.2672988772392273,0.9788432717323303,0.4633117616176605,0.8185262680053711,-0.08310683071613312,0.09734129160642624,0.4125954508781433,0.8317811489105225,-0.22367434203624725,0.8868685960769653,0.4206600487232208,0.8254678249359131,-0.24942949414253235,0.12112703174352646,0.3999461233615875,0.8395393490791321,-0.2378418892621994,0.8070576786994934,0.4119859039783478,0.8319514393806458,-0.2697969973087311,0.13720346987247467,0.3973090350627899,0.8289860486984253,-0.2330859750509262,0.794508159160614,0.4057126045227051,0.8230520486831665,-0.2710114121437073,0.1268261969089508,0.40287643671035767,0.8253484964370728,-0.22052834928035736,0.7457922101020813,0.4059808552265167,0.8217702507972717,-0.2567444443702698,0.12407994270324707,0.5632859468460083,0.7285444736480713,-0.06112087517976761,0.9999698400497437,0.5418761372566223,0.7622963786125183,0.06119810417294502,0.9997465014457703,0.5977052450180054,0.8138608336448669,-0.16158723831176758,0.9963124394416809,0.4800347685813904,0.7871562242507935,0.023727284744381905,0.6016435027122498,0.6741296052932739,0.8303537368774414,-0.12169864028692245,0.959068775177002,0.41459420323371887,0.8230233192443848,0.013275260105729103,0.819661557674408,0.6824413537979126,0.8221604228019714,-0.11760018020868301,0.8729599118232727,0.42464861273765564,0.8359561562538147,0.010017728433012962,0.8685140609741211,0.7062751054763794,0.870954155921936,-0.1708454191684723,0.9599373936653137,0.3782464265823364,0.8038105368614197,-0.030368033796548843,0.9141708612442017
yena_fall_normal_12,249,83,8.30111859838275,29.995957418137717,10,0.4439316689968109,0.7930981516838074,-0.1360091269016266,0.9988698363304138,0.4379975497722626,0.7902299165725708,-0.14935578405857086,0.9995032548904419,0.43759116530418396,0.7875367999076843,-0.14929132163524628,0.9994356036186218,0.43708479404449463,0.7845016121864319,-0.14931756258010864,0.999465823173523,0.43801382184028625,0.794026792049408,-0.12684759497642517,0.9988240599632263,0.43772947788238525,0.7941951751708984,-0.12689392268657684,0.9987585544586182,0.43742311000823975,0.7944622039794922,-0.12691816687583923,0.9986364841461182,0.4348007142543793,0.7615380883216858,-0.16938099265098572,0.9995707869529724,0.43628397583961487,0.7805642485618591,-0.06884872168302536,0.9966763854026794,0.4486290216445923,0.7825008630752563,-0.14337797462940216,0.9986017942428589,0.4480898082256317,0.7873717546463013,-0.11392269283533096,0.997830867767334,0.4626103341579437,0.7257761359214783,-0.20287303626537323,0.999803900718689,0.45833948254585266,0.760040819644928,-0.006560801062732935,0.9947378635406494,0.4610898196697235,0.8118705153465271,-0.2597799599170685,0.9793909788131714,0.4543324112892151,0.8197288513183594,-0.06792750954627991,0.09858330339193344,0.41590771079063416,0.8347048759460449,-0.1929723471403122,0.8842716217041016,0.4090130031108856,0.8228288888931274,-0.20882759988307953,0.11972016096115112,0.40461963415145874,0.8423076868057251,-0.20488475263118744,0.8006759285926819,0.4008806645870209,0.8257215619087219,-0.2223755568265915,0.13575570285320282,0.3970003128051758,0.8300285339355469,-0.20030751824378967,0.7880285978317261,0.39872682094573975,0.8227982521057129,-0.22809727489948273,0.12552694976329803,0.4043155908584595,0.8257002830505371,-0.18955272436141968,0.7384496927261353,0.3994746506214142,0.8218479156494141,-0.21657928824424744,0.12278319895267487,0.5625884532928467,0.7282891869544983,-0.06170014664530754,0.9999716877937317,0.5396680235862732,0.7594171166419983,0.061798758804798126,0.9997541308403015,0.5976971983909607,0.8136851191520691,-0.09678884595632553,0.996583104133606,0.4724133610725403,0.7872045636177063,0.03496009111404419,0.6003089547157288,0.673733651638031,0.8306323885917664,-0.03926179185509682,0.9585012793540955,0.41517388820648193,0.8352265954017639,0.028135647997260094,0.8238203525543213,0.6811560988426208,0.8210650682449341,-0.03528225049376488,0.8702177405357361,0.4046138525009155,0.8453090190887451,0.024541687220335007,0.8729069828987122,0.7059585452079773,0.8743025660514832,-0.08595407754182816,0.95952969789505,0.3691532015800476,0.8146510124206543,-0.015521597117185593,0.9183119535446167
yena_fall_normal_12,252,84,8.401132075471699,29.995957418137717,10,0.44357311725616455,0.7923319339752197,-0.13793988525867462,0.9989047050476074,0.43757596611976624,0.7892459630966187,-0.15048009157180786,0.9995294809341431,0.43717753887176514,0.7863858938217163,-0.15042681992053986,0.9994640946388245,0.4366680383682251,0.7831835150718689,-0.15045103430747986,0.9994886517524719,0.4376702308654785,0.7934961318969727,-0.12836238741874695,0.9988752007484436,0.43744200468063354,0.7938082218170166,-0.12841248512268066,0.9988218545913696,0.4371863007545471,0.7941860556602478,-0.12843413650989532,0.9987003803253174,0.4345951974391937,0.7605378031730652,-0.16916736960411072,0.9996010065078735,0.43605658411979675,0.7804222106933594,-0.06968554854393005,0.9968196153640747,0.44820931553840637,0.7817609310150146,-0.14324846863746643,0.998668909072876,0.4477304518222809,0.7869791984558105,-0.11441823095083237,0.9979370832443237,0.46279409527778625,0.7257978916168213,-0.2027575522661209,0.9998189806938171,0.4593612253665924,0.761155903339386,-0.005710104014724493,0.994954526424408,0.4605458080768585,0.8142542243003845,-0.2730043828487396,0.9803168773651123,0.4647214710712433,0.8198678493499756,-0.07626767456531525,0.09583105891942978,0.41537487506866455,0.833668053150177,-0.23561729490756989,0.8875465989112854,0.4296896159648895,0.8297299146652222,-0.2434520125389099,0.11479964852333069,0.40070217847824097,0.8410364985466003,-0.2519678771495819,0.8042218685150146,0.4190439283847809,0.8313711285591125,-0.26281946897506714,0.13111013174057007,0.39741215109825134,0.829913318157196,-0.247372567653656,0.7913727164268494,0.41774609684944153,0.8280321359634399,-0.26621782779693604,0.12114373594522476,0.4002710282802582,0.8266313672065735,-0.2328483760356903,0.7421430945396423,0.4215753376483917,0.8253640532493591,-0.2512987554073334,0.11860101670026779,0.5624479651451111,0.7285265326499939,-0.06181224063038826,0.9999740719795227,0.5405656695365906,0.7606825232505798,0.0619112104177475,0.9997700452804565,0.5963761210441589,0.8139573335647583,-0.13493917882442474,0.9967817664146423,0.47298112511634827,0.7887064814567566,-0.007678853813558817,0.6094942092895508,0.6735388040542603,0.8306245803833008,-0.08619354665279388,0.9567001461982727,0.4047348201274872,0.8342442512512207,-0.047300394624471664,0.8312467932701111,0.6804907321929932,0.821156919002533,-0.08331804722547531,0.8635534048080444,0.4032406508922577,0.848320484161377,-0.053968749940395355,0.8793044686317444,0.7059468030929565,0.874077558517456,-0.14793676137924194,0.9595933556556702,0.3728664815425873,0.815554678440094,-0.10316680371761322,0.9239365458488464
yena_fall_normal_12,255,85,8.501145552560647,29.995957418137717,10,0.44344207644462585,0.791473925113678,-0.14506317675113678,0.998915433883667,0.43752968311309814,0.7889073491096497,-0.157521590590477,0.999537467956543,0.43714573979377747,0.7860941290855408,-0.157467782497406,0.9994732737541199,0.436649352312088,0.7829681038856506,-0.15749964118003845,0.9994902014732361,0.43758392333984375,0.7931357026100159,-0.1346694827079773,0.9988760948181152,0.437346488237381,0.7935110926628113,-0.13470865786075592,0.9988385438919067,0.43709081411361694,0.7939484119415283,-0.13472296297550201,0.9987083077430725,0.43459177017211914,0.7605849504470825,-0.18027867376804352,0.9996159076690674,0.43601274490356445,0.7803822755813599,-0.07647338509559631,0.9968170523643494,0.44800856709480286,0.7807758450508118,-0.15136852860450745,0.9986668825149536,0.4475259780883789,0.7860008478164673,-0.12145896255970001,0.9979473352432251,0.46328461170196533,0.7257574796676636,-0.21393875777721405,0.9998288750648499,0.45979633927345276,0.7603590488433838,-0.01081101130694151,0.9949682950973511,0.45985111594200134,0.8164471387863159,-0.2845999598503113,0.98050457239151,0.4605388343334198,0.8197394609451294,-0.05461541563272476,0.09204030781984329,0.40910863876342773,0.8332008123397827,-0.24592170119285583,0.8912960290908813,0.41349223256111145,0.8266587257385254,-0.18099546432495117,0.10959497839212418,0.3955683708190918,0.8394879102706909,-0.2625683844089508,0.8101632595062256,0.39860063791275024,0.8284873366355896,-0.1959012895822525,0.12571337819099426,0.39090633392333984,0.8286086916923523,-0.2599751055240631,0.7976923584938049,0.3973211646080017,0.8262797594070435,-0.20038940012454987,0.11608940362930298,0.39560839533805847,0.8257378935813904,-0.2441401332616806,0.748075008392334,0.40441927313804626,0.8225972056388855,-0.18850713968276978,0.11362221837043762,0.5630477666854858,0.7285232543945312,-0.06185675784945488,0.9999759793281555,0.5406123399734497,0.7606894373893738,0.06196381524205208,0.9997802972793579,0.5965120792388916,0.8141335844993591,-0.12343612313270569,0.9969643354415894,0.4736620783805847,0.7885107398033142,-0.002667877823114395,0.616396427154541,0.6737117767333984,0.8309141993522644,-0.05377558246254921,0.955768346786499,0.4161495566368103,0.8383509516716003,-0.016888456419110298,0.8375899791717529,0.6808485388755798,0.8327397704124451,-0.04915289208292961,0.8581209182739258,0.4139370024204254,0.8568787574768066,-0.021697599440813065,0.8841221332550049,0.705836832523346,0.8726127743721008,-0.11087500303983688,0.9590364694595337,0.37404537200927734,0.8189413547515869,-0.0706319510936737,0.9283936619758606
yena_fall_normal_12,258,86,8.601159029649596,29.995957418137717,10,0.44277992844581604,0.7914222478866577,-0.15928532183170319,0.9989847540855408,0.43687704205513,0.7886151075363159,-0.1724093109369278,0.9995697140693665,0.43655359745025635,0.7857307195663452,-0.17234767973423004,0.9995084404945374,0.43613529205322266,0.7825861573219299,-0.17237962782382965,0.9995208978652954,0.4369105398654938,0.7929760217666626,-0.1488260179758072,0.9989520311355591,0.4367048442363739,0.7934021949768066,-0.1488773375749588,0.9989228844642639,0.43646493554115295,0.793883740901947,-0.1488904356956482,0.9987968802452087,0.4345879554748535,0.7603946924209595,-0.19215959310531616,0.9996476173400879,0.4356224834918976,0.7799246311187744,-0.08580031245946884,0.9970227479934692,0.44778719544410706,0.7807631492614746,-0.16409604251384735,0.9987533092498779,0.44723960757255554,0.7860018610954285,-0.13349446654319763,0.9980849027633667,0.46358343958854675,0.7269450426101685,-0.22460465133190155,0.9998418092727661,0.4591372311115265,0.7591145038604736,-0.016009991988539696,0.9952921271324158,0.4598983824253082,0.8161934614181519,-0.2814239263534546,0.9813228845596313,0.46196258068084717,0.8195677995681763,-0.11220993846654892,0.09128958731889725,0.42021241784095764,0.8355419635772705,-0.20914098620414734,0.8923763632774353,0.42783230543136597,0.8301937580108643,-0.30742520093917847,0.11000660061836243,0.39714160561561584,0.8399587869644165,-0.2195729911327362,0.8107562065124512,0.4171472191810608,0.8329178094863892,-0.3278414309024811,0.12780213356018066,0.39474180340766907,0.8292006850242615,-0.21526983380317688,0.7982810735702515,0.4158378839492798,0.8285298347473145,-0.33181139826774597,0.11808367073535919,0.4025050103664398,0.8270523548126221,-0.20513468980789185,0.748654842376709,0.4199434220790863,0.8248478174209595,-0.3160991668701172,0.11557725816965103,0.5630201101303101,0.7285358905792236,-0.06441894918680191,0.9999780654907227,0.5406650304794312,0.759514331817627,0.06450098007917404,0.9997965693473816,0.5959740281105042,0.8143687844276428,-0.1420689970254898,0.9972062706947327,0.4723336100578308,0.7885515689849854,0.03545461967587471,0.6296460032463074,0.6730476021766663,0.830910861492157,-0.0761115774512291,0.9559602737426758,0.40329331159591675,0.8373534083366394,0.02003561519086361,0.8481128215789795,0.6794877648353577,0.8324702382087708,-0.07069297879934311,0.857512891292572,0.4032142758369446,0.8564106822013855,0.015948325395584106,0.8917343020439148,0.7040796279907227,0.8766419291496277,-0.1179579645395279,0.9596967697143555,0.36919769644737244,0.8221375346183777,-0.022827288135886192,0.9338353872299194
yena_fall_normal_12,261,87,8.701172506738544,29.995957418137717,10,0.44099634885787964,0.7880347967147827,-0.15896515548229218,0.9990537762641907,0.4347038269042969,0.7844554781913757,-0.16869163513183594,0.9995984435081482,0.43421465158462524,0.7809649705886841,-0.16863395273685455,0.9995383620262146,0.43362557888031006,0.7768709063529968,-0.1686587929725647,0.9995476603507996,0.4353069067001343,0.7909032106399536,-0.14692100882530212,0.9990273118019104,0.4353127181529999,0.7920668721199036,-0.14698223769664764,0.9990028142929077,0.43528109788894653,0.7931036353111267,-0.147010937333107,0.9988808035850525,0.43325644731521606,0.757007360458374,-0.17252115905284882,0.9996748566627502,0.4351296126842499,0.779984712600708,-0.07961264252662659,0.9971917867660522,0.44601237773895264,0.7764970064163208,-0.15990306437015533,0.9988303780555725,0.44598695635795593,0.783586323261261,-0.13123485445976257,0.9982110857963562,0.46454674005508423,0.727810263633728,-0.20327694714069366,0.9998517036437988,0.4597117602825165,0.7615102529525757,-0.0069797709584236145,0.9955835342407227,0.4605666697025299,0.816501796245575,-0.26056528091430664,0.9820331931114197,0.46603330969810486,0.821264386177063,-0.10956808924674988,0.09158308804035187,0.42255792021751404,0.8381767868995667,-0.19749994575977325,0.8951067328453064,0.4348176419734955,0.8378329277038574,-0.3110421895980835,0.11356180906295776,0.39943748712539673,0.8397689461708069,-0.20843978226184845,0.8136168718338013,0.4243013560771942,0.8432184457778931,-0.3324567675590515,0.13285960257053375,0.3974441885948181,0.8313764333724976,-0.20289643108844757,0.8010563254356384,0.4234510064125061,0.8381670117378235,-0.33576393127441406,0.12275649607181549,0.4049038589000702,0.8271653056144714,-0.1932968646287918,0.7518767714500427,0.4272770285606384,0.8329896330833435,-0.3195544183254242,0.12045494467020035,0.563094973564148,0.7285220623016357,-0.060699038207530975,0.9999799728393555,0.5408164858818054,0.759013295173645,0.060700394213199615,0.9998109936714172,0.5956556797027588,0.8143658638000488,-0.149671733379364,0.9974017143249512,0.4706629514694214,0.7857294678688049,0.025931501761078835,0.6383290886878967,0.6711819171905518,0.8307151198387146,-0.07910075783729553,0.955356240272522,0.39778468012809753,0.8315866589546204,0.01551954634487629,0.8569576144218445,0.6734603643417358,0.8317283391952515,-0.0729510486125946,0.857928454875946,0.3971041738986969,0.852354884147644,0.012029268778860569,0.8978553414344788,0.6972373127937317,0.8759084343910217,-0.1198311522603035,0.9600511193275452,0.36587369441986084,0.820572555065155,-0.029916444793343544,0.9386284351348877
yena_fall_normal_12,264,88,8.801185983827493,29.995957418137717,10,0.44030770659446716,0.7880803346633911,-0.14112691581249237,0.9991066455841064,0.434121698141098,0.7844799757003784,-0.1536014825105667,0.9996201992034912,0.4337695837020874,0.7810989618301392,-0.15356355905532837,0.999563455581665,0.4333207309246063,0.7770468592643738,-0.1536039263010025,0.9995715618133545,0.43441247940063477,0.7901238203048706,-0.13108009099960327,0.9990786910057068,0.43434470891952515,0.7908594012260437,-0.13111108541488647,0.999056339263916,0.43424442410469055,0.7915388345718384,-0.13111411035060883,0.9989361763000488,0.43324485421180725,0.7568530440330505,-0.17243759334087372,0.9996945261955261,0.4343434274196625,0.7773439288139343,-0.07230684906244278,0.9972944259643555,0.44567111134529114,0.7769328951835632,-0.1468997597694397,0.9988855123519897,0.44528311491012573,0.7836160659790039,-0.11730784922838211,0.9983026385307312,0.4639562666416168,0.7288175821304321,-0.20623578131198883,0.9998592734336853,0.4601617157459259,0.7575472593307495,0.0009978438029065728,0.995703399181366,0.46058088541030884,0.8173903822898865,-0.2568536400794983,0.9819189310073853,0.46112626791000366,0.8210418224334717,-0.03050694614648819,0.08993091434240341,0.41391101479530334,0.8360610604286194,-0.17913490533828735,0.8974445462226868,0.41440069675445557,0.8317025899887085,-0.14022575318813324,0.11445939540863037,0.3984452188014984,0.8372752070426941,-0.18913617730140686,0.8177524209022522,0.40796276926994324,0.8421971201896667,-0.14993619918823242,0.13393336534500122,0.39637231826782227,0.8279374837875366,-0.18790966272354126,0.8053188920021057,0.3995399475097656,0.8311744928359985,-0.1562570035457611,0.12385141849517822,0.4031022787094116,0.8260394334793091,-0.17669756710529327,0.756672203540802,0.40596669912338257,0.8299271464347839,-0.14778338372707367,0.12152351438999176,0.5639105439186096,0.7285212278366089,-0.06312482804059982,0.9999815821647644,0.5438398122787476,0.756725013256073,0.06319357454776764,0.999824583530426,0.597326934337616,0.814358115196228,-0.1268719732761383,0.997579038143158,0.4795173406600952,0.786669135093689,0.03771083801984787,0.6533551812171936,0.672228217124939,0.8310759663581848,-0.04628269746899605,0.9566020369529724,0.45592865347862244,0.8304383754730225,0.01722291298210621,0.8641614317893982,0.680561900138855,0.8321985006332397,-0.03911218419671059,0.8612322807312012,0.4594190716743469,0.8458547592163086,0.012931530363857746,0.9022815823554993,0.7048509120941162,0.8753905296325684,-0.07720469683408737,0.960936963558197,0.4315798580646515,0.8246874213218689,-0.01935022883117199,0.9423049092292786
yena_fall_normal_12,267,89,8.901199460916443,29.995957418137717,10,0.43906453251838684,0.7857344746589661,-0.1345219910144806,0.9991099238395691,0.433160662651062,0.7813774347305298,-0.14697352051734924,0.9996155500411987,0.4329039752483368,0.7783169746398926,-0.14693583548069,0.9995538592338562,0.43252620100975037,0.7750276327133179,-0.14696736633777618,0.9995580911636353,0.43310946226119995,0.7857491970062256,-0.12432937324047089,0.9990710020065308,0.4329451620578766,0.785950243473053,-0.12435352057218552,0.9990473985671997,0.43271055817604065,0.7861694097518921,-0.12437376379966736,0.9989189505577087,0.43234682083129883,0.7545404434204102,-0.1694382280111313,0.9996867179870605,0.43254411220550537,0.770516037940979,-0.06676093488931656,0.9972794651985168,0.4448429048061371,0.7753381133079529,-0.14064738154411316,0.9988596439361572,0.4441166818141937,0.780765950679779,-0.11091646552085876,0.9983276128768921,0.46339666843414307,0.7293021082878113,-0.20609387755393982,0.9998619556427002,0.4566567540168762,0.7502320408821106,0.0036114405374974012,0.9957184195518494,0.45739710330963135,0.8176410794258118,-0.27332448959350586,0.9820560812950134,0.44985392689704895,0.8158203959465027,0.022486062720417976,0.08646970242261887,0.40523815155029297,0.8360312581062317,-0.23741954565048218,0.903174102306366,0.4035018980503082,0.8290029168128967,-0.029282517731189728,0.10962699353694916,0.39221617579460144,0.8385181427001953,-0.2559143304824829,0.8270173072814941,0.39071762561798096,0.8328302502632141,-0.03370672091841698,0.12828359007835388,0.3902037739753723,0.8287513256072998,-0.25334998965263367,0.8152899742126465,0.3889903426170349,0.8284116387367249,-0.04409605637192726,0.11891518533229828,0.39553624391555786,0.8284208178520203,-0.23619404435157776,0.7673947215080261,0.3950401544570923,0.8289963006973267,-0.037073735147714615,0.11694082617759705,0.5642643570899963,0.7285398840904236,-0.06299678236246109,0.9999828934669495,0.5453052520751953,0.7538894414901733,0.06306830793619156,0.9998353123664856,0.5998967885971069,0.8151164650917053,-0.09885529428720474,0.9977066516876221,0.4780081808567047,0.7880266308784485,0.004184049088507891,0.6653670072555542,0.6727814078330994,0.830257773399353,0.012113931588828564,0.9553461074829102,0.4388215243816376,0.8458086252212524,-0.008357657119631767,0.8692960143089294,0.6804796457290649,0.8327093124389648,0.022290516644716263,0.8594130277633667,0.4400119185447693,0.8642346262931824,-0.013101667165756226,0.9045958518981934,0.7043071389198303,0.8755062818527222,-0.021121887490153313,0.9597086906433105,0.40907859802246094,0.8395183086395264,-0.06063222512602806,0.9451666474342346
yena_fall_normal_12,270,90,9.001212938005391,29.995957418137717,10,0.43668845295906067,0.7787949442863464,-0.14460553228855133,0.9991598725318909,0.4303474724292755,0.7742761373519897,-0.15557047724723816,0.9996306896209717,0.43016716837882996,0.7708286046981812,-0.1555740088224411,0.9995697736740112,0.42986077070236206,0.7671965956687927,-0.15563778579235077,0.9995768070220947,0.43024879693984985,0.7792096138000488,-0.13596314191818237,0.9991229772567749,0.43006211519241333,0.7796098589897156,-0.13598427176475525,0.999082624912262,0.42983323335647583,0.7800418138504028,-0.1359955221414566,0.9989602565765381,0.4299667179584503,0.7458493113517761,-0.16804106533527374,0.9996878504753113,0.4297509491443634,0.7655119895935059,-0.0742567628622055,0.9974005222320557,0.4430416524410248,0.7692385911941528,-0.14321798086166382,0.9988946914672852,0.4422604441642761,0.7752143144607544,-0.11814156174659729,0.9984115958213806,0.46165764331817627,0.7292737364768982,-0.19490398466587067,0.9998612403869629,0.4564710259437561,0.7355715036392212,0.012748096138238907,0.995849609375,0.46322768926620483,0.8178203105926514,-0.23239350318908691,0.9807226657867432,0.4520195424556732,0.8039752840995789,0.0998835489153862,0.08354486525058746,0.40962502360343933,0.8296262621879578,-0.1598266065120697,0.9084159135818481,0.40716493129730225,0.821233868598938,0.13280163705348969,0.10611849278211594,0.3956661820411682,0.8320046663284302,-0.16806384921073914,0.8366148471832275,0.3943568468093872,0.8280106782913208,0.14052549004554749,0.12414342910051346,0.39289987087249756,0.8237128257751465,-0.17044778168201447,0.8254169821739197,0.39987611770629883,0.8228486776351929,0.13055819272994995,0.1155262291431427,0.3987053632736206,0.8227130770683289,-0.1588568240404129,0.7788970470428467,0.4045316278934479,0.8213083744049072,0.12787263095378876,0.11428326368331909,0.5650460720062256,0.7268694639205933,-0.06269440054893494,0.9999819397926331,0.5459662079811096,0.7476654648780823,0.06282779574394226,0.9998424053192139,0.607801616191864,0.8170709013938904,-0.02197406068444252,0.9978036880493164,0.487544447183609,0.7908402681350708,0.0081174923107028,0.6864962577819824,0.6767663359642029,0.832971453666687,0.0948716402053833,0.9582365155220032,0.4961748421192169,0.8340684175491333,-0.0043477327562868595,0.8746583461761475,0.6858410239219666,0.8267221450805664,0.10660702735185623,0.8672897815704346,0.5034646987915039,0.8393005132675171,-0.00912669487297535,0.9055007696151733,0.7044048309326172,0.8902658820152283,0.07072040438652039,0.961877167224884,0.48323410749435425,0.8401597738265991,-0.05164072662591934,0.9468206167221069
yena_fall_normal_12,273,91,9.10122641509434,29.995957418137717,10,0.432222455739975,0.771139919757843,-0.14297908544540405,0.9992051720619202,0.4253469407558441,0.7670943140983582,-0.15255507826805115,0.9996404647827148,0.4251140058040619,0.7641188502311707,-0.15259288251399994,0.9995822906494141,0.42483100295066833,0.7606102824211121,-0.1526748239994049,0.9995988607406616,0.4253983199596405,0.7720097899436951,-0.13338086009025574,0.9991756677627563,0.4252435564994812,0.7726705074310303,-0.13338708877563477,0.9991117119789124,0.4250774383544922,0.7734347581863403,-0.13338282704353333,0.9990043640136719,0.426026314496994,0.7362796068191528,-0.152607724070549,0.9996638894081116,0.4259116053581238,0.7608963847160339,-0.06404027342796326,0.9975364804267883,0.43999844789505005,0.7620089650154114,-0.13892023265361786,0.9988426566123962,0.43956106901168823,0.7681225538253784,-0.11361832916736603,0.9983521103858948,0.45621803402900696,0.7227542996406555,-0.17891336977481842,0.9998317956924438,0.4560093283653259,0.7244923114776611,0.03720300644636154,0.9957698583602905,0.4716793894767761,0.8106564879417419,-0.20915360748767853,0.9785446524620056,0.4595591127872467,0.7888202667236328,0.11633003503084183,0.08259599655866623,0.4192909002304077,0.827502429485321,-0.14775873720645905,0.91311115026474,0.421781450510025,0.813575267791748,0.12553606927394867,0.10591597110033035,0.4060550928115845,0.8304160833358765,-0.16017991304397583,0.845887303352356,0.40547603368759155,0.8184524178504944,0.12984757125377655,0.1234399750828743,0.4037002623081207,0.8199821710586548,-0.16070018708705902,0.8357521891593933,0.4070560336112976,0.8128931522369385,0.12245823442935944,0.11561442911624908,0.4088411033153534,0.8181771636009216,-0.1464531272649765,0.7899276614189148,0.4126640558242798,0.8104220628738403,0.12104486674070358,0.11445622891187668,0.565160870552063,0.7202969789505005,-0.06677627563476562,0.999967098236084,0.547339677810669,0.7392097115516663,0.06686613708734512,0.99982750415802,0.6067687273025513,0.8217346668243408,-0.02371559850871563,0.9969525337219238,0.5086074471473694,0.8042498826980591,0.054454486817121506,0.696025550365448,0.6770762801170349,0.8315685391426086,0.07990293204784393,0.9611461758613586,0.5876174569129944,0.8220696449279785,0.09916871041059494,0.8567376732826233,0.6862019896507263,0.8189259171485901,0.09119337052106857,0.8766510486602783,0.6003121137619019,0.8093281388282776,0.10166238248348236,0.8804107904434204,0.7009695172309875,0.8857710361480713,0.07392694801092148,0.9638292789459229,0.6061741709709167,0.8595426082611084,0.09491395950317383,0.9263058304786682
yena_fall_normal_12,276,92,9.201239892183288,29.995957418137717,10,0.42348620295524597,0.7636226415634155,-0.14647933840751648,0.9992160797119141,0.4167217016220093,0.7557377815246582,-0.1543733924627304,0.999620258808136,0.4165401756763458,0.7513440251350403,-0.15442818403244019,0.9995601177215576,0.41625964641571045,0.7458183765411377,-0.1545250117778778,0.9995929598808289,0.4168798327445984,0.7618476152420044,-0.13601718842983246,0.9991902112960815,0.41685375571250916,0.7626773118972778,-0.13601936399936676,0.9990856647491455,0.4167781472206116,0.7637584805488586,-0.13602302968502045,0.9989940524101257,0.4184233844280243,0.7246954441070557,-0.15115241706371307,0.9995972514152527,0.4182681441307068,0.7524985074996948,-0.06511657685041428,0.9975423216819763,0.43133920431137085,0.754844605922699,-0.14002129435539246,0.9987528920173645,0.43055540323257446,0.7620987296104431,-0.11547518521547318,0.9982070922851562,0.45256030559539795,0.7188547849655151,-0.17905908823013306,0.9997730255126953,0.44992178678512573,0.7242910861968994,0.036143071949481964,0.9956251382827759,0.48030969500541687,0.7967274188995361,-0.20189909636974335,0.9734143614768982,0.4594283103942871,0.7846559882164001,0.1021658256649971,0.08641457557678223,0.435078501701355,0.8265032768249512,-0.13635565340518951,0.9156947135925293,0.41823822259902954,0.8082685470581055,0.10178724676370621,0.1160430908203125,0.41713306307792664,0.8366137742996216,-0.1472429484128952,0.8524100184440613,0.4039139449596405,0.8144384026527405,0.10448207706212997,0.13199321925640106,0.41557416319847107,0.8257294297218323,-0.14742128551006317,0.8431456685066223,0.40422409772872925,0.8082587718963623,0.0994034931063652,0.12415184825658798,0.42088741064071655,0.8251641392707825,-0.1344282329082489,0.7977108359336853,0.4101314842700958,0.8072597980499268,0.09813057631254196,0.12322041392326355,0.5647448301315308,0.7111248970031738,-0.06692635267972946,0.9999548196792603,0.5473052859306335,0.7316113114356995,0.0669994056224823,0.9998075366020203,0.6063053607940674,0.8215011954307556,-0.035105787217617035,0.996600329875946,0.5140978097915649,0.8053926229476929,0.06919942051172256,0.6986348628997803,0.6767829060554504,0.8286349177360535,0.07049226760864258,0.9642813205718994,0.5834236741065979,0.8162553906440735,0.13991118967533112,0.8406924605369568,0.6860488653182983,0.811528742313385,0.08169189095497131,0.8862374424934387,0.595131516456604,0.804375171661377,0.14553381502628326,0.8595306277275085,0.7008293867111206,0.8829624056816101,0.0596841461956501,0.9662023186683655,0.5970739126205444,0.8580026030540466,0.13860191404819489,0.9091355800628662
yena_fall_normal_12,279,93,9.301253369272237,29.995957418137717,10,0.4179544448852539,0.7571234107017517,-0.16883093118667603,0.9992709755897522,0.41079744696617126,0.7464661598205566,-0.17006736993789673,0.9996339082717896,0.4108232855796814,0.7410380840301514,-0.17010647058486938,0.9995775818824768,0.4107661247253418,0.7345371246337891,-0.1701929122209549,0.9996137619018555,0.41080448031425476,0.7543514966964722,-0.1529873013496399,0.9992415308952332,0.41080406308174133,0.755444347858429,-0.1529863327741623,0.9991243481636047,0.4107396900653839,0.7567022442817688,-0.15298110246658325,0.9990429878234863,0.41372549533843994,0.7174955010414124,-0.14675934612751007,0.9995758533477783,0.41326743364334106,0.7478217482566833,-0.06527916342020035,0.9976763129234314,0.42633989453315735,0.7492648363113403,-0.15613338351249695,0.9986726641654968,0.42558303475379944,0.7576130032539368,-0.13375695049762726,0.9980485439300537,0.4491642713546753,0.7133460640907288,-0.17586441338062286,0.99967360496521,0.44775471091270447,0.7258551120758057,0.03728450462222099,0.9952620267868042,0.46884670853614807,0.7995067834854126,-0.21205663681030273,0.9730523228645325,0.45105913281440735,0.7866221070289612,0.08878159523010254,0.09895803034305573,0.4234042763710022,0.8266006708145142,-0.19874931871891022,0.922036349773407,0.4050658047199249,0.8053813576698303,0.07146438211202621,0.1378207504749298,0.4074637293815613,0.8355437517166138,-0.2208394855260849,0.8638827204704285,0.39230185747146606,0.8075574636459351,0.07184726744890213,0.15135100483894348,0.4021168351173401,0.8216034770011902,-0.2181544005870819,0.8555921912193298,0.39203080534935,0.8046911954879761,0.0659308135509491,0.14272937178611755,0.4095045030117035,0.8184323310852051,-0.19805532693862915,0.8128235936164856,0.39725008606910706,0.8045941591262817,0.06704474240541458,0.1414502114057541,0.5629159212112427,0.69869065284729,-0.06866362690925598,0.999936044216156,0.545730471611023,0.7217104434967041,0.06868939101696014,0.9997866153717041,0.6060798764228821,0.8214125037193298,-0.041604358702898026,0.9955894351005554,0.5251747369766235,0.8160634636878967,0.0654236450791359,0.7074773907661438,0.6748008131980896,0.8262828588485718,0.06125335022807121,0.9664289951324463,0.6084959506988525,0.805358350276947,0.1576267033815384,0.8257666230201721,0.6857820749282837,0.8113829493522644,0.07220888882875443,0.8944011330604553,0.6184278726577759,0.791677713394165,0.16603103280067444,0.8429684638977051,0.7011264562606812,0.8687625527381897,0.054670948535203934,0.967131495475769,0.6281369924545288,0.8546639680862427,0.16559188067913055,0.8899080157279968
yena_fall_normal_12,282,94,9.401266846361185,29.995957418137717,10,0.4150688052177429,0.75236576795578,-0.13159291446208954,0.9992936253547668,0.40835440158843994,0.7411381006240845,-0.13607721030712128,0.9996238350868225,0.40860751271247864,0.7365700006484985,-0.13610832393169403,0.9995728731155396,0.40880414843559265,0.7314748167991638,-0.13616865873336792,0.9996170401573181,0.40761250257492065,0.7470490336418152,-0.11654306948184967,0.9992581009864807,0.4073595404624939,0.7474707365036011,-0.11652956902980804,0.9991203546524048,0.40708982944488525,0.7479919195175171,-0.11651963740587234,0.999057412147522,0.4131243824958801,0.7137836813926697,-0.12977181375026703,0.9995009303092957,0.41100773215293884,0.7366964221000671,-0.04194408655166626,0.9977688193321228,0.4231031537055969,0.745873212814331,-0.12736669182777405,0.9984626770019531,0.42211735248565674,0.7530645132064819,-0.1018664538860321,0.9977492094039917,0.4477479159832001,0.7088096141815186,-0.17484185099601746,0.9995852112770081,0.448490172624588,0.7263559699058533,0.057630084455013275,0.994896411895752,0.45685967803001404,0.8141114115715027,-0.21964193880558014,0.973745584487915,0.45172318816185,0.8043105006217957,0.0851505771279335,0.12851741909980774,0.4125228822231293,0.834534227848053,-0.21382901072502136,0.9283725619316101,0.4049803912639618,0.8097016215324402,0.030595766380429268,0.17625075578689575,0.396407812833786,0.8436049222946167,-0.24173136055469513,0.8752549886703491,0.3911352753639221,0.8106425404548645,0.02707422524690628,0.18352091312408447,0.3917192816734314,0.8285079002380371,-0.2353246957063675,0.8678069710731506,0.3875496983528137,0.8058107495307922,0.02308136597275734,0.17379482090473175,0.397480845451355,0.8207486271858215,-0.21227039396762848,0.8278084993362427,0.393376886844635,0.8055408596992493,0.02602560631930828,0.1711454838514328,0.562957763671875,0.6943048238754272,-0.0749707743525505,0.9998812079429626,0.5466145277023315,0.7176279425621033,0.07500186562538147,0.9996944069862366,0.6060017943382263,0.8213402628898621,-0.06399847567081451,0.9926434755325317,0.5633593797683716,0.8274821043014526,0.08942373096942902,0.701064944267273,0.6769999265670776,0.8277974724769592,0.021080106496810913,0.9666698575019836,0.6325350403785706,0.8082481026649475,0.19415807723999023,0.8014712333679199,0.6882019639015198,0.8127985596656799,0.029561366885900497,0.8998398780822754,0.6432629227638245,0.7970128655433655,0.20416802167892456,0.8242530822753906,0.6976761221885681,0.8686598539352417,0.01524410117417574,0.9648821949958801,0.6482048034667969,0.8535628914833069,0.20591355860233307,0.8621450066566467
yena_fall_normal_12,285,95,9.501280323450136,29.995957418137717,10,0.4163791835308075,0.7456564903259277,-0.04203608259558678,0.9993120431900024,0.4092067778110504,0.7351539134979248,-0.05548669025301933,0.9996204972267151,0.409192830324173,0.7321544885635376,-0.055500708520412445,0.9995765686035156,0.4091062843799591,0.7289927005767822,-0.05554559454321861,0.9996288418769836,0.4088853895664215,0.7375319600105286,-0.0328512005507946,0.9992669224739075,0.40867751836776733,0.7366859316825867,-0.03284046798944473,0.999113917350769,0.4084361791610718,0.7359907031059265,-0.032849472016096115,0.9990861415863037,0.4131724536418915,0.7090056538581848,-0.08652865141630173,0.9994639158248901,0.4121464192867279,0.720535159111023,0.014711234718561172,0.9979220032691956,0.42360955476760864,0.739939272403717,-0.05099508911371231,0.9984116554260254,0.4231412708759308,0.7433874607086182,-0.021438317373394966,0.9976879954338074,0.44536125659942627,0.7053405046463013,-0.13836435973644257,0.9995856881141663,0.4506150484085083,0.7039874792098999,0.09943582117557526,0.9950471520423889,0.44802266359329224,0.8201259970664978,-0.17957645654678345,0.9752365350723267,0.4535749852657318,0.8002626299858093,0.14643745124340057,0.1624782830476761,0.40372905135154724,0.8310519456863403,-0.16036257147789001,0.9345094561576843,0.4085984528064728,0.8047731518745422,0.133809894323349,0.20596618950366974,0.38551199436187744,0.8414392471313477,-0.18700745701789856,0.8861262202262878,0.39297300577163696,0.8032608032226562,0.13661286234855652,0.20618611574172974,0.38555195927619934,0.8147379159927368,-0.17842182517051697,0.8793511390686035,0.38807252049446106,0.7979419231414795,0.1348738819360733,0.19608712196350098,0.3917759358882904,0.8137072324752808,-0.1579100340604782,0.8422785997390747,0.393814355134964,0.8017476797103882,0.1307304948568344,0.19302242994308472,0.562982976436615,0.6961271166801453,-0.07618972659111023,0.9998360276222229,0.5524318814277649,0.7046430706977844,0.07622020691633224,0.9996145367622375,0.6057354211807251,0.8234133124351501,-0.05878690257668495,0.9879258871078491,0.5793229937553406,0.8248895406723022,0.10238561779260635,0.6714277267456055,0.6771040558815002,0.8278295397758484,0.030343065038323402,0.9625844955444336,0.6449885964393616,0.8086231350898743,0.2043895274400711,0.7576232552528381,0.6899890899658203,0.8129817843437195,0.03979313001036644,0.9023810625076294,0.6561535000801086,0.7953844666481018,0.21517015993595123,0.7971656918525696,0.6906809210777283,0.8672394156455994,0.037744902074337006,0.9564197659492493,0.6520747542381287,0.8529680967330933,0.2201104313135147,0.8201816082000732
yena_fall_normal_12,288,96,9.601293800539084,29.995957418137717,10,0.4128172993659973,0.7265434861183167,-0.021316025406122208,0.9993177652359009,0.40763863921165466,0.7145144939422607,-0.03576384112238884,0.999591588973999,0.40786758065223694,0.7119247913360596,-0.03577897325158119,0.9995527863502502,0.4080677926540375,0.7089250087738037,-0.03581284359097481,0.9996209144592285,0.40745678544044495,0.7167786359786987,-0.012418297119438648,0.999247670173645,0.40748703479766846,0.7162866592407227,-0.01241730060428381,0.9990901350975037,0.4075073301792145,0.7158451676368713,-0.012426137924194336,0.9991099834442139,0.4132629930973053,0.6912624835968018,-0.06905338168144226,0.9993693828582764,0.41229817271232605,0.7017616629600525,0.03506793454289436,0.998043954372406,0.4203296899795532,0.7245368361473083,-0.031418561935424805,0.9983356595039368,0.41970059275627136,0.7268082499504089,-0.001049068639986217,0.997611403465271,0.4440247118473053,0.6934345364570618,-0.12623533606529236,0.9995766282081604,0.451416015625,0.688230037689209,0.11701501905918121,0.9953734278678894,0.450554758310318,0.7956078052520752,-0.16263683140277863,0.9765297174453735,0.45623090863227844,0.7773465514183044,0.14591646194458008,0.2019367665052414,0.41698214411735535,0.8369608521461487,-0.13424073159694672,0.9397744536399841,0.4150122106075287,0.8046002388000488,0.10306337475776672,0.2508251667022705,0.40225949883461,0.8439905047416687,-0.16010670363903046,0.8955149054527283,0.39887988567352295,0.8035055994987488,0.10247483849525452,0.2450805902481079,0.4025847315788269,0.826170802116394,-0.14762535691261292,0.8892936110496521,0.39806321263313293,0.7991551756858826,0.09668568521738052,0.2353971153497696,0.40925461053848267,0.8278387784957886,-0.12969951331615448,0.854665219783783,0.40361401438713074,0.8021655678749084,0.09717730432748795,0.23182004690170288,0.5639110803604126,0.693305492401123,-0.07808849215507507,0.9998100399971008,0.5551651120185852,0.694595992565155,0.07810179889202118,0.9995881915092468,0.6010801792144775,0.8275207281112671,-0.06837188452482224,0.9833133816719055,0.5814204812049866,0.819342851638794,0.09552164375782013,0.6448739171028137,0.6754392385482788,0.8268713355064392,0.013359924778342247,0.9605616927146912,0.6486705541610718,0.8059630393981934,0.18636490404605865,0.7246004939079285,0.6875333786010742,0.8114044070243835,0.02320295013487339,0.906779408454895,0.6637852787971497,0.7894789576530457,0.19581080973148346,0.7789540886878967,0.682751476764679,0.859758734703064,0.02888232283294201,0.9524480700492859,0.6592162251472473,0.8462681770324707,0.20015618205070496,0.7908028364181519
yena_fall_normal_12,291,97,9.701307277628032,29.995957418137717,10,0.41083139181137085,0.7035256624221802,-0.04177315533161163,0.9992412328720093,0.4073299169540405,0.6890663504600525,-0.052984610199928284,0.999466061592102,0.4077939987182617,0.686166524887085,-0.05301964282989502,0.9994243383407593,0.408181369304657,0.6830767393112183,-0.053068339824676514,0.9995230436325073,0.4067707657814026,0.6931920051574707,-0.031566765159368515,0.9991288185119629,0.4068234860897064,0.6933433413505554,-0.03156701475381851,0.9989578723907471,0.4068495035171509,0.6933935284614563,-0.03156331554055214,0.9990584254264832,0.4134594798088074,0.670711874961853,-0.07386656105518341,0.9990609288215637,0.41220661997795105,0.6824835538864136,0.022092096507549286,0.9980713725090027,0.41870036721229553,0.7022002935409546,-0.04734286293387413,0.9980294704437256,0.41761982440948486,0.7064154744148254,-0.01932012289762497,0.9972354769706726,0.4439336657524109,0.6744696497917175,-0.12934266030788422,0.9995315074920654,0.45144855976104736,0.6760540008544922,0.10572289675474167,0.9956274032592773,0.45146748423576355,0.7681228518486023,-0.16947539150714874,0.9773924350738525,0.4515394866466522,0.7650841474533081,0.13579466938972473,0.2334238737821579,0.43553513288497925,0.8446202874183655,-0.14905643463134766,0.9435175657272339,0.41330093145370483,0.7996302843093872,0.08745788782835007,0.2986171841621399,0.42159801721572876,0.8550093173980713,-0.1718280017375946,0.9025905132293701,0.3982771635055542,0.7977293729782104,0.08770468831062317,0.29152655601501465,0.42124852538108826,0.8435445427894592,-0.16145282983779907,0.8968110084533691,0.3980075716972351,0.7988246083259583,0.06925340741872787,0.2825548052787781,0.4241710603237152,0.8410392999649048,-0.14467079937458038,0.8636195659637451,0.40230274200439453,0.8008047938346863,0.0770406648516655,0.2785033881664276,0.5661795139312744,0.6901179552078247,-0.07775226980447769,0.9997881054878235,0.5553411841392517,0.6929450631141663,0.0777638629078865,0.9995593428611755,0.5976494550704956,0.8295421004295349,-0.07081504911184311,0.9796983003616333,0.5821126103401184,0.8198263645172119,0.09237292408943176,0.623059868812561,0.6728101372718811,0.8267379403114319,0.010558958165347576,0.9606741070747375,0.6448729038238525,0.8050537705421448,0.1843411773443222,0.6986646056175232,0.6855286359786987,0.8115584850311279,0.020403867587447166,0.9125028252601624,0.6589978337287903,0.7876067757606506,0.1940516084432602,0.7659600377082825,0.6831516027450562,0.8579467535018921,0.027844328433275223,0.9508421421051025,0.6547308564186096,0.8437685966491699,0.20184916257858276,0.7675246000289917
yena_fall_normal_12,294,98,9.801320754716981,29.995957418137717,10,0.41123950481414795,0.6779896020889282,-0.04705071821808815,0.9991085529327393,0.4075178802013397,0.6630074977874756,-0.05914853885769844,0.999295711517334,0.408464252948761,0.6607118844985962,-0.05919072777032852,0.9992629289627075,0.4093818962574005,0.6582316756248474,-0.05923672765493393,0.9993892312049866,0.4070758819580078,0.6669139266014099,-0.03666882589459419,0.9989256858825684,0.407112717628479,0.6673944592475891,-0.0366724394261837,0.9987666010856628,0.4071212410926819,0.667724072933197,-0.0366683192551136,0.9989691376686096,0.4176437258720398,0.6485943794250488,-0.08190874755382538,0.9986982941627502,0.41391050815582275,0.6593999266624451,0.01617473177611828,0.9980921149253845,0.418955534696579,0.6788969039916992,-0.05428666993975639,0.9977980852127075,0.41764774918556213,0.6837999820709229,-0.025022001937031746,0.9969545602798462,0.44821250438690186,0.6597898006439209,-0.13367439806461334,0.9994882941246033,0.4522915482521057,0.670501708984375,0.10342726856470108,0.9958816170692444,0.4532068073749542,0.7603495121002197,-0.17407706379890442,0.978339433670044,0.45151615142822266,0.755710244178772,0.13238032162189484,0.2650182843208313,0.43893975019454956,0.8447650074958801,-0.16804836690425873,0.9476598501205444,0.4157823324203491,0.8029764294624329,0.07723129540681839,0.3482059836387634,0.4262094795703888,0.8534555435180664,-0.1995670199394226,0.9102199077606201,0.4014261066913605,0.803310751914978,0.07870545983314514,0.3410719931125641,0.4229751527309418,0.8461792469024658,-0.17965076863765717,0.9049326777458191,0.39927393198013306,0.8018586039543152,0.0540560819208622,0.33341607451438904,0.42664584517478943,0.8422250151634216,-0.16112110018730164,0.8735911846160889,0.4045865833759308,0.8044067025184631,0.06518063694238663,0.3293352723121643,0.5703716278076172,0.6873865723609924,-0.07664212584495544,0.9997644424438477,0.558931291103363,0.6927830576896667,0.07667669653892517,0.999522864818573,0.5959499478340149,0.8326683640480042,-0.07266008853912354,0.9778957962989807,0.5821621417999268,0.8195083737373352,0.08732467144727707,0.5983132719993591,0.6731176376342773,0.8320404291152954,0.007499955594539642,0.9615797400474548,0.6482582688331604,0.8063763380050659,0.18201103806495667,0.6750108003616333,0.6854349374771118,0.8158459663391113,0.017465727403759956,0.9186722040176392,0.6585254073143005,0.7886345982551575,0.19138795137405396,0.7539743781089783,0.6842890977859497,0.8600043654441833,0.025790344923734665,0.9499496817588806,0.6579654812812805,0.8442255854606628,0.19713516533374786,0.7467241287231445
yena_fall_normal_12,297,99,9.90133423180593,29.995957418137717,10,0.4113471210002899,0.6484355330467224,-0.08383248746395111,0.9991050362586975,0.4106936752796173,0.6343953013420105,-0.0919579491019249,0.9992527365684509,0.4123070538043976,0.6316247582435608,-0.09200938045978546,0.9992159008979797,0.41387423872947693,0.6287978291511536,-0.09205174446105957,0.9993436336517334,0.4090152084827423,0.6383092403411865,-0.07007928192615509,0.9989156723022461,0.4091186821460724,0.6387330889701843,-0.07007940858602524,0.9987576603889465,0.4092022180557251,0.639080822467804,-0.07005961239337921,0.9989836812019348,0.4235871136188507,0.6233564615249634,-0.09869719296693802,0.9985561370849609,0.41750919818878174,0.6350572109222412,-0.0016873528948053718,0.998191237449646,0.4192286729812622,0.6536629796028137,-0.08501356095075607,0.9976335167884827,0.4179484248161316,0.6579442620277405,-0.056506525725126266,0.9968544244766235,0.4542011022567749,0.64652419090271,-0.14599457383155823,0.99933260679245,0.4541170299053192,0.6665554642677307,0.08445505052804947,0.9959331750869751,0.4535285532474518,0.7557949423789978,-0.18088845908641815,0.9790564775466919,0.45155730843544006,0.7544371485710144,0.1139865592122078,0.2770109474658966,0.43552345037460327,0.843792200088501,-0.17308220267295837,0.9504006505012512,0.43341195583343506,0.8216120004653931,0.061514317989349365,0.36697912216186523,0.42262139916419983,0.8487770557403564,-0.2047283947467804,0.9157500267028809,0.4206249415874481,0.8212035298347473,0.06426405161619186,0.3613329827785492,0.41945669054985046,0.8427590727806091,-0.1846369355916977,0.9108688235282898,0.4179060161113739,0.8228422403335571,0.03877764195203781,0.3556857705116272,0.42556700110435486,0.8417253494262695,-0.16637510061264038,0.8807271122932434,0.42320623993873596,0.8237030506134033,0.049321409314870834,0.35232192277908325,0.5740464329719543,0.687325656414032,-0.07479414343833923,0.9996970891952515,0.5598472356796265,0.6946899890899658,0.07483609020709991,0.9994279146194458,0.5963490605354309,0.8333245515823364,-0.09065357595682144,0.9776691198348999,0.5796629190444946,0.8303993940353394,0.06931862980127335,0.590254545211792,0.6733081340789795,0.8337754011154175,-0.012073278427124023,0.9633821249008179,0.6464462876319885,0.8125057220458984,0.16546575725078583,0.6695797443389893,0.685437023639679,0.8182271718978882,-0.0024579318705946207,0.9244396686553955,0.6574409604072571,0.7983671426773071,0.17569687962532043,0.7507215142250061,0.6881333589553833,0.8680634498596191,0.006456612143665552,0.9510446786880493,0.6562279462814331,0.8507720232009888,0.18311139941215515,0.738467276096344
yena_fall_normal_12,300,100,10.001347708894878,29.995957418137717,10,0.4152417480945587,0.6321688294410706,-0.11130436509847641,0.9991360306739807,0.4161146283149719,0.6184557676315308,-0.11747922748327255,0.9992609024047852,0.4175858497619629,0.6160200834274292,-0.11752539128065109,0.9992132782936096,0.4191358685493469,0.613418698310852,-0.11757175624370575,0.9993419647216797,0.41414010524749756,0.6222315430641174,-0.09803618490695953,0.99896639585495,0.414154589176178,0.622658908367157,-0.09803899377584457,0.9988105297088623,0.41411903500556946,0.6231077313423157,-0.0979890376329422,0.9990391731262207,0.42972326278686523,0.6080127954483032,-0.11234721541404724,0.9985460638999939,0.42326146364212036,0.6192495822906494,-0.025257350876927376,0.998320996761322,0.42493247985839844,0.6396962404251099,-0.10758297145366669,0.9975744485855103,0.42247775197029114,0.644237220287323,-0.08202523738145828,0.996899425983429,0.461851567029953,0.6443459391593933,-0.15649382770061493,0.9993098974227905,0.4622299075126648,0.646599292755127,0.07138451933860779,0.9962242841720581,0.4557894468307495,0.7574475407600403,-0.18379996716976166,0.9800832271575928,0.4615016579627991,0.7398214340209961,0.10136108845472336,0.28174588084220886,0.43416154384613037,0.8500057458877563,-0.16516202688217163,0.9530376195907593,0.4462323486804962,0.8135080933570862,0.05403615161776543,0.3787669241428375,0.42107656598091125,0.8587980270385742,-0.19550122320652008,0.9207725524902344,0.4365447461605072,0.8168373107910156,0.05864359065890312,0.37431666254997253,0.4191516935825348,0.848369300365448,-0.17163966596126556,0.9162275791168213,0.434815376996994,0.8196709156036377,0.033090077340602875,0.3698609471321106,0.4240057170391083,0.8485931754112244,-0.15679121017456055,0.8872781991958618,0.4379206597805023,0.8215120434761047,0.04247284308075905,0.3665011525154114,0.5773676633834839,0.6940603256225586,-0.07394501566886902,0.9996892213821411,0.5618619918823242,0.6948273777961731,0.07394111156463623,0.9994097352027893,0.5903017520904541,0.836975634098053,-0.08649764209985733,0.977085292339325,0.5653582215309143,0.8249527812004089,0.09424855560064316,0.5735118985176086,0.6719124913215637,0.8347996473312378,-0.004501267336308956,0.9649076461791992,0.6385650038719177,0.8126255869865417,0.1895260512828827,0.6582931876182556,0.6820428371429443,0.8199682235717773,0.0045964415185153484,0.9292275905609131,0.648070216178894,0.7985057830810547,0.1998123824596405,0.743022620677948,0.6869050860404968,0.8697018623352051,0.027905339375138283,0.9524401426315308,0.6520181894302368,0.8492826223373413,0.21815186738967896,0.7276661992073059
yena_fall_normal_12,303,101,10.101361185983828,29.995957418137717,10,0.4260421693325043,0.6261484026908875,-0.0613703653216362,0.9990829229354858,0.42500022053718567,0.6131598353385925,-0.07267381995916367,0.9992175102233887,0.42592015862464905,0.6112048625946045,-0.07274091988801956,0.9991552829742432,0.4269983172416687,0.6090213060379028,-0.07280007004737854,0.9993098378181458,0.42416998744010925,0.6162295937538147,-0.055492155253887177,0.9989533424377441,0.42442554235458374,0.616585373878479,-0.05550789460539818,0.9988122582435608,0.42472681403160095,0.6169018149375916,-0.055488310754299164,0.9990603923797607,0.43636131286621094,0.6049728989601135,-0.09027425944805145,0.9985377192497253,0.4331912100315094,0.6126250624656677,-0.019511070102453232,0.9984197616577148,0.4347977340221405,0.6338510513305664,-0.06576378643512726,0.9976897239685059,0.4337509572505951,0.6355166435241699,-0.042959023267030716,0.9970700144767761,0.46559572219848633,0.6421719193458557,-0.13613690435886383,0.9993691444396973,0.47679078578948975,0.6405810117721558,0.07217089831829071,0.9965623021125793,0.4557664692401886,0.7536714673042297,-0.15419788658618927,0.9810977578163147,0.47897401452064514,0.7355493307113647,0.09777893871068954,0.2896425426006317,0.4398252069950104,0.8492370247840881,-0.13883830606937408,0.9557181596755981,0.47154369950294495,0.8153231739997864,0.058585938066244125,0.3891042470932007,0.42623671889305115,0.8567303419113159,-0.16520152986049652,0.925585925579071,0.45994195342063904,0.8171413540840149,0.061488378793001175,0.38146328926086426,0.4252186119556427,0.8471320271492004,-0.1446738988161087,0.9210922122001648,0.4560306966304779,0.8198062777519226,0.038691744208335876,0.37729883193969727,0.43049439787864685,0.8471737504005432,-0.13164635002613068,0.893613874912262,0.46184685826301575,0.8215916752815247,0.04759252443909645,0.3749825954437256,0.5803940892219543,0.7041651010513306,-0.06343282014131546,0.9997186064720154,0.5654439330101013,0.6955173015594482,0.06336940079927444,0.999453067779541,0.5912801027297974,0.8405858278274536,-0.05756990611553192,0.9791760444641113,0.5191635489463806,0.770222544670105,0.1546742171049118,0.5447180271148682,0.6696189045906067,0.8367512822151184,0.0395800843834877,0.9673150181770325,0.5679723024368286,0.7968832850456238,0.23727759718894958,0.6388352513313293,0.6793648600578308,0.8216351866722107,0.0516049861907959,0.9334508180618286,0.5786723494529724,0.7929954528808594,0.2452101856470108,0.7237333059310913,0.676196277141571,0.8849514722824097,0.06974265724420547,0.9543157815933228,0.5639340281486511,0.8325026035308838,0.2647586166858673,0.7157514691352844
yena_fall_normal_12,306,102,10.201374663072777,29.995957418137717,10,0.43178287148475647,0.6255196332931519,-0.07446043938398361,0.9991241097450256,0.4321673810482025,0.6106500625610352,-0.08265309035778046,0.9992401599884033,0.43326011300086975,0.6087741255760193,-0.08270736783742905,0.999176025390625,0.4346163868904114,0.6067306399345398,-0.08274222910404205,0.999330997467041,0.4311385154724121,0.6129472255706787,-0.06703925132751465,0.9989994764328003,0.4313792288303375,0.6128133535385132,-0.06705734133720398,0.9988661408424377,0.43172311782836914,0.6125553250312805,-0.0670064389705658,0.999119758605957,0.4455499053001404,0.6024843454360962,-0.0917692631483078,0.9985803365707397,0.4422804117202759,0.6067245602607727,-0.018145747482776642,0.9985471367835999,0.4402535557746887,0.6335120797157288,-0.07478173077106476,0.9978139996528625,0.43883055448532104,0.6345098614692688,-0.05402597412467003,0.9972397089004517,0.4746670722961426,0.6438820958137512,-0.1353507786989212,0.9994044899940491,0.4820941984653473,0.6451290249824524,0.06344959884881973,0.9968637228012085,0.4559330642223358,0.7551524639129639,-0.15204192698001862,0.9821776151657104,0.4833262264728546,0.7349648475646973,0.09446701407432556,0.30967792868614197,0.4402580261230469,0.849223792552948,-0.13570989668369293,0.9585094451904297,0.4807564318180084,0.8220855593681335,0.06519655138254166,0.40527084469795227,0.4264885485172272,0.8560313582420349,-0.16140887141227722,0.930762767791748,0.46898043155670166,0.8227278590202332,0.07047339528799057,0.3957306742668152,0.4256596863269806,0.8472812175750732,-0.13953238725662231,0.9265448451042175,0.4666500985622406,0.8271350264549255,0.04649629443883896,0.3919346034526825,0.43084630370140076,0.8481160998344421,-0.12787000834941864,0.9005402326583862,0.4691646993160248,0.8280751705169678,0.05500373616814613,0.39039623737335205,0.5861185193061829,0.707266092300415,-0.06059921160340309,0.9997298717498779,0.5696817636489868,0.7013393044471741,0.06058264151215553,0.9994679093360901,0.5883697271347046,0.8483217358589172,-0.06320443749427795,0.9800136685371399,0.5593978762626648,0.8166942000389099,0.10040029883384705,0.5369685292243958,0.6642213463783264,0.8366801738739014,0.029498405754566193,0.968546986579895,0.6284266710281372,0.8101240992546082,0.19390986859798431,0.6274707913398743,0.6751931309700012,0.8201866745948792,0.04184229299426079,0.9370322227478027,0.6373360753059387,0.7974892258644104,0.20472612977027893,0.7137120962142944,0.6804434061050415,0.8767859935760498,0.06698732078075409,0.9551745057106018,0.6397014260292053,0.8420223593711853,0.22936204075813293,0.7045777440071106
yena_fall_normal_12,309,103,10.301388140161725,29.995957418137717,10,0.4382016360759735,0.6157509684562683,-0.08052419126033783,0.999179482460022,0.43817275762557983,0.6008551120758057,-0.08685591071844101,0.9992781281471252,0.43940669298171997,0.5985809564590454,-0.08689696341753006,0.9992161393165588,0.44075772166252136,0.596086859703064,-0.0869198814034462,0.9993623495101929,0.43683260679244995,0.6040076613426208,-0.07030203193426132,0.9990615248680115,0.43703678250312805,0.604167640209198,-0.07031403481960297,0.9989369511604309,0.4372261166572571,0.6042966246604919,-0.07025706022977829,0.9991834163665771,0.45093101263046265,0.5903410315513611,-0.09109611809253693,0.9986487627029419,0.44661298394203186,0.5983025431632996,-0.01671626977622509,0.9986715316772461,0.44645148515701294,0.6223711371421814,-0.07876113057136536,0.9979409575462341,0.4448278844356537,0.6252137422561646,-0.056859370321035385,0.9974067211151123,0.4810127019882202,0.6350940465927124,-0.1340927928686142,0.9994307160377502,0.4857594668865204,0.6420694589614868,0.06472347676753998,0.9971239566802979,0.4621736705303192,0.744224488735199,-0.1564749926328659,0.9833853840827942,0.48723557591438293,0.7320701479911804,0.1008739024400711,0.33185526728630066,0.4424671530723572,0.8403118252754211,-0.13867582380771637,0.9615190625190735,0.48113080859184265,0.8218408823013306,0.06942746788263321,0.4273064434528351,0.4274981915950775,0.8480461835861206,-0.16497668623924255,0.9360160231590271,0.4707910716533661,0.8218886852264404,0.073733851313591,0.41592174768447876,0.42608773708343506,0.84300297498703,-0.14588400721549988,0.9321004152297974,0.46828827261924744,0.8256405591964722,0.04894975945353508,0.412629634141922,0.43220993876457214,0.842644989490509,-0.13250137865543365,0.9076316952705383,0.4707582890987396,0.8269280791282654,0.0586416982114315,0.41144442558288574,0.588648796081543,0.7064452767372131,-0.0619589127600193,0.999732255935669,0.5739705562591553,0.7029622197151184,0.06194385141134262,0.9994690418243408,0.5886544585227966,0.8476873636245728,-0.07451283931732178,0.9801549911499023,0.5726600885391235,0.8352612257003784,0.0770363062620163,0.5298793315887451,0.670880138874054,0.8390170335769653,0.014286313205957413,0.969959557056427,0.6471338272094727,0.8164854645729065,0.17883987724781036,0.6154815554618835,0.6794687509536743,0.8206695914268494,0.026332709938287735,0.940495491027832,0.6557989120483398,0.8000695109367371,0.1904229372739792,0.7030293941497803,0.6921238303184509,0.8764092326164246,0.047709569334983826,0.9565609097480774,0.6624122262001038,0.8454726338386536,0.20685012638568878,0.6933649182319641
yena_fall_normal_12,312,104,10.401401617250674,29.995957418137717,10,0.4427671432495117,0.5875964164733887,-0.10468411445617676,0.9991843104362488,0.44397300481796265,0.5721878409385681,-0.11179304122924805,0.9992762207984924,0.4455931782722473,0.5698981881141663,-0.1118214949965477,0.9991973042488098,0.447472482919693,0.5676976442337036,-0.11185572296380997,0.9993346333503723,0.44147107005119324,0.5753726363182068,-0.09320542216300964,0.9990888833999634,0.44117990136146545,0.5757201313972473,-0.09321502596139908,0.9989742040634155,0.44091179966926575,0.5760584473609924,-0.09318707138299942,0.9992177486419678,0.45900633931159973,0.5647186040878296,-0.11330921947956085,0.9986538887023926,0.45116668939590454,0.5716902613639832,-0.029834656044840813,0.9987601637840271,0.4513116776943207,0.5964986085891724,-0.10390026122331619,0.9980337023735046,0.4478544294834137,0.5983583331108093,-0.07956574112176895,0.997568666934967,0.4926423132419586,0.613951563835144,-0.15401338040828705,0.9994346499443054,0.48290881514549255,0.6300222277641296,0.04942698776721954,0.9973480701446533,0.48536479473114014,0.7194211483001709,-0.18309739232063293,0.9836747050285339,0.48480308055877686,0.7225622534751892,0.08207336813211441,0.33987945318222046,0.454214483499527,0.8058046102523804,-0.17242155969142914,0.9615574479103088,0.4760952591896057,0.8103319406509399,0.0400945283472538,0.43171370029449463,0.4444124102592468,0.8218202590942383,-0.19915178418159485,0.9367045760154724,0.46879830956459045,0.8174676895141602,0.04230209439992905,0.4205191433429718,0.44234296679496765,0.8181743025779724,-0.1819293200969696,0.9328108429908752,0.4688490033149719,0.820485532283783,0.016434980556368828,0.4184836447238922,0.44536516070365906,0.816228449344635,-0.16671998798847198,0.9083728790283203,0.4705480933189392,0.8194367289543152,0.02829275093972683,0.4180966317653656,0.5908496975898743,0.7045308947563171,-0.06162142753601074,0.9997522234916687,0.568290114402771,0.7072768807411194,0.0616140216588974,0.9994783401489258,0.5891035199165344,0.847194254398346,-0.10890798270702362,0.9819058179855347,0.5280226469039917,0.805620551109314,0.09304584562778473,0.5219511389732361,0.6658990979194641,0.8371711373329163,-0.009160690940916538,0.9712920188903809,0.5633425116539001,0.8161091208457947,0.16701699793338776,0.6089394092559814,0.6754488348960876,0.8189245462417603,0.0038766013458371162,0.9431090354919434,0.5706979036331177,0.8061838746070862,0.17393209040164948,0.6893517971038818,0.6916038393974304,0.8767578601837158,0.02239123173058033,0.9571818113327026,0.5649958848953247,0.8377887606620789,0.18290750682353973,0.6885390281677246
yena_fall_normal_12,315,105,10.501415094339622,29.995957418137717,10,0.4496834874153137,0.5457438826560974,-0.1982557326555252,0.9992501139640808,0.4529133439064026,0.5302630662918091,-0.19555160403251648,0.999330461025238,0.4553107023239136,0.5275036096572876,-0.195567324757576,0.9992545247077942,0.4579131305217743,0.5247074365615845,-0.19562336802482605,0.9993780851364136,0.448285311460495,0.5355672836303711,-0.1787673979997635,0.9991613030433655,0.44744834303855896,0.536965548992157,-0.17880970239639282,0.9990547895431519,0.4467640221118927,0.538358747959137,-0.17880243062973022,0.9992812871932983,0.4703389108181,0.5260942578315735,-0.1585809886455536,0.9987456798553467,0.45504555106163025,0.5388224124908447,-0.08361978083848953,0.9988628625869751,0.4583984315395355,0.5569403767585754,-0.18440869450569153,0.9981788992881775,0.45304661989212036,0.5591338872909546,-0.16272535920143127,0.9977525472640991,0.5093643069267273,0.5810985565185547,-0.18730372190475464,0.9992939233779907,0.4817623198032379,0.6084853410720825,0.009773632511496544,0.9974589347839355,0.5019069910049438,0.6925175786018372,-0.2131442278623581,0.9814546704292297,0.48571857810020447,0.698648989200592,0.040291927754879,0.3578331470489502,0.48005935549736023,0.7703514099121094,-0.22143930196762085,0.9544662833213806,0.4763686954975128,0.7884743809700012,-0.023186074569821358,0.43880096077919006,0.47206640243530273,0.7847548127174377,-0.25105148553848267,0.9299161434173584,0.46885809302330017,0.8003039360046387,-0.029823292046785355,0.4290112853050232,0.4679888188838959,0.7797973155975342,-0.24238064885139465,0.9269125461578369,0.46896013617515564,0.8020622134208679,-0.05680639296770096,0.4286518096923828,0.474617600440979,0.7725499272346497,-0.2191011607646942,0.899565577507019,0.47236523032188416,0.8010793328285217,-0.03661022707819939,0.4298315644264221,0.5904403328895569,0.6899287104606628,-0.06579764932394028,0.9997556209564209,0.560782253742218,0.7048450708389282,0.06575290113687515,0.9994687438011169,0.5847816467285156,0.8319287896156311,-0.18513625860214233,0.982681155204773,0.5332915186882019,0.8206042647361755,0.03822063282132149,0.5384189486503601,0.6660849452018738,0.8265758752822876,-0.05823768675327301,0.9723952412605286,0.6018350124359131,0.7966388463973999,0.15660499036312103,0.6042752861976624,0.6755731105804443,0.8064833283424377,-0.043584611266851425,0.9443910121917725,0.5820203423500061,0.7871468663215637,0.16938592493534088,0.6768011450767517,0.6909024119377136,0.8766677975654602,-0.048545051366090775,0.9581774473190308,0.6191035509109497,0.8297059535980225,0.17352011799812317,0.6773009896278381
yena_fall_normal_12,318,106,10.601428571428572,29.995957418137717,10,0.4661369323730469,0.5035749673843384,-0.2663663327693939,0.9993156790733337,0.47188571095466614,0.48888328671455383,-0.25831401348114014,0.9993844628334045,0.4756532311439514,0.48682770133018494,-0.2582988440990448,0.9993163347244263,0.4792833924293518,0.4851420521736145,-0.2583712637424469,0.9994251132011414,0.46415847539901733,0.4941289722919464,-0.2480156123638153,0.9992313385009766,0.46239784359931946,0.4958440065383911,-0.24807842075824738,0.9991357922554016,0.46057984232902527,0.49743109941482544,-0.2480814903974533,0.9993417263031006,0.48770955204963684,0.4879456162452698,-0.19646111130714417,0.9988495111465454,0.4643022119998932,0.5024564862251282,-0.15148892998695374,0.99896240234375,0.47581151127815247,0.5154857635498047,-0.24327078461647034,0.9983489513397217,0.46647050976753235,0.5197290182113647,-0.23038169741630554,0.9979621171951294,0.5227251648902893,0.5512956976890564,-0.21179623901844025,0.9993457794189453,0.4770635962486267,0.5849086046218872,-0.04794246703386307,0.997682511806488,0.5502117872238159,0.6384996771812439,-0.27329587936401367,0.9822281002998352,0.474513441324234,0.6768681406974792,-0.038864877074956894,0.4114232063293457,0.5090743899345398,0.7055034041404724,-0.34442776441574097,0.9556910395622253,0.4671730399131775,0.7766891121864319,-0.1233193650841713,0.47903504967689514,0.5034863948822021,0.7263644337654114,-0.3823348879814148,0.9318926334381104,0.46145710349082947,0.7938754558563232,-0.13845194876194,0.4634672701358795,0.49791112542152405,0.7200595140457153,-0.3762260973453522,0.9291565418243408,0.46875011920928955,0.7959222197532654,-0.16551773250102997,0.46455490589141846,0.49859800934791565,0.716121256351471,-0.3442468047142029,0.9009333252906799,0.47160786390304565,0.7903943657875061,-0.13778534531593323,0.4658394157886505,0.5878965258598328,0.6696139574050903,-0.062452975660562515,0.9997665882110596,0.5553337335586548,0.6988276243209839,0.062399547547101974,0.9994210004806519,0.5762403011322021,0.7771044969558716,-0.2742709815502167,0.9838616251945496,0.5270023941993713,0.8165287971496582,0.007366851903498173,0.5440514087677002,0.6638582348823547,0.8238189816474915,-0.2250547558069229,0.9741804599761963,0.5930691957473755,0.80265212059021,0.1603488177061081,0.5846463441848755,0.6756727695465088,0.8144122362136841,-0.2200457751750946,0.9460458159446716,0.5983052849769592,0.7934848666191101,0.1740245521068573,0.6555101871490479,0.6721665859222412,0.8880770206451416,-0.2846713662147522,0.9605598449707031,0.6029819250106812,0.8427932858467102,0.1476784348487854,0.6601569652557373
yena_fall_normal_12,321,107,10.70144204851752,29.995957418137717,10,0.47886040806770325,0.47304344177246094,-0.11623311787843704,0.9993818998336792,0.4839242696762085,0.4605794847011566,-0.10481560975313187,0.9994449615478516,0.4874185621738434,0.45980173349380493,-0.10480471700429916,0.9993835091590881,0.49087709188461304,0.4587966799736023,-0.10484138876199722,0.9994813203811646,0.476932168006897,0.464889794588089,-0.09736189991235733,0.999306857585907,0.4750880300998688,0.46660304069519043,-0.09741877019405365,0.9992209076881409,0.47303295135498047,0.4685036242008209,-0.0974220260977745,0.9994067549705505,0.4989847242832184,0.4631274938583374,-0.03924337401986122,0.9989628195762634,0.4753997027873993,0.4763718843460083,-0.008094673044979572,0.9990652203559875,0.4872730076313019,0.4854590594768524,-0.09286494553089142,0.9985127449035645,0.4780944883823395,0.4914935529232025,-0.08437159657478333,0.9981642961502075,0.5376549363136292,0.5234671831130981,-0.06809279322624207,0.9993996620178223,0.4804525673389435,0.5747820138931274,0.07115846127271652,0.9979081749916077,0.5778912305831909,0.6007782220840454,-0.15116269886493683,0.9811460971832275,0.4753466844558716,0.6601433753967285,0.08385185152292252,0.45387470722198486,0.5310428142547607,0.6526819467544556,-0.2936016023159027,0.9520250558853149,0.4633411467075348,0.7431987524032593,-0.01193926390260458,0.5097901225090027,0.5237199068069458,0.673729419708252,-0.3109230697154999,0.9273501634597778,0.45788827538490295,0.7619930505752563,-0.03209056332707405,0.4880342483520508,0.5166323781013489,0.6620698571205139,-0.3305993676185608,0.9247905611991882,0.46171244978904724,0.7618114352226257,-0.052339427173137665,0.4915348291397095,0.5183550119400024,0.6602540016174316,-0.311482310295105,0.8950755596160889,0.4646598696708679,0.7555938363075256,-0.024916861206293106,0.49418124556541443,0.587803840637207,0.6583572626113892,-0.057711608707904816,0.9997729063034058,0.5567502975463867,0.6991264224052429,0.0575811043381691,0.9994372725486755,0.5438841581344604,0.7142219543457031,-0.24306420981884003,0.9836958646774292,0.5277774333953857,0.8250730633735657,-0.07968743145465851,0.5683420300483704,0.6455475091934204,0.8223689794540405,-0.22830510139465332,0.9746607542037964,0.6245716214179993,0.8033125996589661,-0.049106255173683167,0.5934910774230957,0.664717972278595,0.8187240958213806,-0.22499693930149078,0.9433393478393555,0.6365979909896851,0.7903369069099426,-0.044898342341184616,0.6487883925437927,0.6483885049819946,0.8874708414077759,-0.2827577590942383,0.9621956944465637,0.6458671689033508,0.8375934362411499,-0.08883977681398392,0.666662335395813
yena_fall_normal_12,324,108,10.80145552560647,29.995957418137717,10,0.491264671087265,0.45527395606040955,-0.14557883143424988,0.9994431138038635,0.49687260389328003,0.4428112506866455,-0.1307443082332611,0.9995001554489136,0.500167191028595,0.4411885738372803,-0.1307794600725174,0.9994447827339172,0.5032689571380615,0.44057244062423706,-0.13084450364112854,0.9995328187942505,0.4882872402667999,0.44868260622024536,-0.12676730751991272,0.9993757009506226,0.48552483320236206,0.4510183036327362,-0.1268863081932068,0.9992982745170593,0.4830050766468048,0.45306020975112915,-0.12697480618953705,0.9994656443595886,0.5100575685501099,0.447865754365921,-0.07183919847011566,0.9990655779838562,0.48396679759025574,0.46145233511924744,-0.041892316192388535,0.9991580247879028,0.49987879395484924,0.4687597453594208,-0.12170801311731339,0.9986609816551208,0.48910701274871826,0.4740932285785675,-0.1168900802731514,0.9983469843864441,0.5454785227775574,0.5144134759902954,-0.07998871803283691,0.9994415044784546,0.48349952697753906,0.5633869767189026,0.019266212359070778,0.9981053471565247,0.5938991904258728,0.5801416039466858,-0.14323347806930542,0.9801015853881836,0.47743454575538635,0.6452144980430603,0.05984526500105858,0.5026016235351562,0.5438316464424133,0.6150267124176025,-0.26259857416152954,0.9535894393920898,0.46278116106987,0.7283108234405518,-0.007886427454650402,0.5502272248268127,0.5324830412864685,0.6296060085296631,-0.30300095677375793,0.9295695424079895,0.457408607006073,0.7522065043449402,-0.014647156931459904,0.5255484580993652,0.5262181758880615,0.6195794939994812,-0.2992982864379883,0.9274687170982361,0.4591118097305298,0.7521141171455383,-0.0366947241127491,0.5304975509643555,0.528698205947876,0.614795446395874,-0.2658608555793762,0.8984180688858032,0.46209970116615295,0.7448567748069763,-0.01858026348054409,0.5329073667526245,0.5874596834182739,0.6598005294799805,-0.04142842814326286,0.9997724890708923,0.555932343006134,0.6982499361038208,0.04120411351323128,0.9994463324546814,0.5286330580711365,0.6511148810386658,-0.27652642130851746,0.9834121465682983,0.5292088389396667,0.8245823979377747,-0.06522955000400543,0.5984875559806824,0.5748192071914673,0.7920597195625305,-0.1908511221408844,0.9707119464874268,0.6087417006492615,0.7660411596298218,0.06908763945102692,0.5732315182685852,0.5865751504898071,0.7977362871170044,-0.17810899019241333,0.9394750595092773,0.6120895147323608,0.7411733865737915,0.0975019633769989,0.6197737455368042,0.5638877153396606,0.8619152903556824,-0.20754384994506836,0.959176242351532,0.6355891823768616,0.7792026400566101,0.09095006436109543,0.6376087069511414
yena_fall_normal_12,327,109,10.901469002695418,29.995957418137717,10,0.49876096844673157,0.44684305787086487,-0.18411694467067719,0.9994968771934509,0.5049335360527039,0.43398842215538025,-0.16674359142780304,0.9995488524436951,0.5086854696273804,0.4326462149620056,-0.1667458713054657,0.9994990229606628,0.5123087763786316,0.43196600675582886,-0.166775181889534,0.9995781183242798,0.49547722935676575,0.43804922699928284,-0.16586990654468536,0.9994368553161621,0.49294477701187134,0.4396449625492096,-0.16596844792366028,0.9993667006492615,0.490196168422699,0.44145581126213074,-0.16600912809371948,0.9995173215866089,0.5189255475997925,0.4400129020214081,-0.08290144801139832,0.9991552233695984,0.4899870753288269,0.45035791397094727,-0.0796111449599266,0.9992396831512451,0.5062890648841858,0.46190041303634644,-0.1531706005334854,0.9987941384315491,0.49582815170288086,0.4650580883026123,-0.1533077210187912,0.9985107779502869,0.5530075430870056,0.5136889219284058,-0.07967039197683334,0.999470591545105,0.4866294860839844,0.5488557815551758,-0.004784760996699333,0.9982776045799255,0.5998081564903259,0.5855456590652466,-0.1515856683254242,0.9800916314125061,0.4807293713092804,0.6417287588119507,0.017028890550136566,0.549297571182251,0.5609076619148254,0.6229051351547241,-0.28457385301589966,0.9543468952178955,0.4649129807949066,0.7267053723335266,-0.05155160278081894,0.5851990580558777,0.5520395040512085,0.6354983448982239,-0.31511354446411133,0.9299904704093933,0.45828956365585327,0.7495094537734985,-0.06294775754213333,0.5554468035697937,0.5469104051589966,0.6198723912239075,-0.3091680705547333,0.9282147884368896,0.46102115511894226,0.7489519715309143,-0.08276153355836868,0.561876118183136,0.5487450361251831,0.6149275898933411,-0.28408369421958923,0.8991501331329346,0.46501871943473816,0.7424719333648682,-0.06097912788391113,0.5631723999977112,0.5853722095489502,0.6619428396224976,-0.03909555822610855,0.9997528791427612,0.5501269102096558,0.6959788203239441,0.03905836492776871,0.9993942379951477,0.5261346101760864,0.664429247379303,-0.2761000394821167,0.9811176061630249,0.5424507856369019,0.8171263337135315,0.010139013640582561,0.6241639852523804,0.5157725214958191,0.8254431486129761,-0.2348369061946869,0.9685010313987732,0.6063317656517029,0.8044421672821045,0.21663758158683777,0.5560024380683899,0.5171751976013184,0.8451302647590637,-0.22973330318927765,0.9350682497024536,0.6113463640213013,0.7924210429191589,0.23718509078025818,0.606755793094635,0.4785385727882385,0.8630035519599915,-0.2992255389690399,0.9576852917671204,0.6189795136451721,0.8319628834724426,0.19999760389328003,0.6130914688110352
yena_fall_normal_12,330,110,11.001482479784366,29.995957418137717,10,0.5054184198379517,0.4315612316131592,-0.17762011289596558,0.9995467066764832,0.5108387470245361,0.41994383931159973,-0.16424302756786346,0.9995936751365662,0.5144019722938538,0.418770968914032,-0.16425126791000366,0.9995487928390503,0.5180830359458923,0.41803669929504395,-0.16432590782642365,0.9996200203895569,0.5018380284309387,0.4223797023296356,-0.15927304327487946,0.9994928240776062,0.49928146600723267,0.423442542552948,-0.15934966504573822,0.9994295239448547,0.4968831241130829,0.4247548282146454,-0.15937365591526031,0.9995651841163635,0.5258542895317078,0.4288671314716339,-0.07534587383270264,0.9992388486862183,0.496666818857193,0.4347274899482727,-0.06715939193964005,0.9993147253990173,0.5124809741973877,0.44863155484199524,-0.1517704278230667,0.9989144802093506,0.5021708011627197,0.4496646821498871,-0.1460186094045639,0.9986591935157776,0.5562387108802795,0.5073332190513611,-0.07012023031711578,0.9995121955871582,0.48925039172172546,0.5292471647262573,-0.0019965223036706448,0.9984347820281982,0.5971702337265015,0.5817012786865234,-0.12340109795331955,0.9814066290855408,0.4883398413658142,0.6304932236671448,0.025918059051036835,0.5910825729370117,0.5614659786224365,0.6324933171272278,-0.24400882422924042,0.9575010538101196,0.47354525327682495,0.697749137878418,-0.05996246635913849,0.6217477917671204,0.5545032620429993,0.6505541205406189,-0.27591294050216675,0.9339057207107544,0.4664169251918793,0.7237562537193298,-0.07841595262289047,0.590930163860321,0.5477220416069031,0.6392751336097717,-0.2759431302547455,0.9324437975883484,0.46614518761634827,0.721876859664917,-0.09883976727724075,0.5977877974510193,0.5485615134239197,0.6318176984786987,-0.2446945309638977,0.9050320386886597,0.4694705903530121,0.7144086360931396,-0.07022912055253983,0.5973706841468811,0.5794100165367126,0.6656222939491272,-0.04011410102248192,0.9997476935386658,0.5427072644233704,0.6942722201347351,0.040072519332170486,0.9993717074394226,0.520483136177063,0.6791566610336304,-0.2996692359447479,0.9789068102836609,0.5413931012153625,0.8143860697746277,-0.03261736407876015,0.6526580452919006,0.5059309601783752,0.8244760036468506,-0.2244991660118103,0.9677241444587708,0.6027668714523315,0.8070193529129028,0.15988901257514954,0.5742230415344238,0.5117799639701843,0.8448858857154846,-0.21714799106121063,0.9345960021018982,0.6098054647445679,0.7915008068084717,0.17680621147155762,0.6212737560272217,0.4763890206813812,0.8650894165039062,-0.2894369065761566,0.9585917592048645,0.6194924116134644,0.8443485498428345,0.13163763284683228,0.6213940382003784
yena_fall_normal_12,333,111,11.101495956873315,29.995957418137717,10,0.5123035311698914,0.4012252688407898,-0.19585587084293365,0.9995915293693542,0.5186147689819336,0.3904307186603546,-0.1790279746055603,0.9996337294578552,0.5228344798088074,0.3908819258213043,-0.1790507286787033,0.9995932579040527,0.5263205170631409,0.39143428206443787,-0.17909398674964905,0.9996574521064758,0.5088313221931458,0.39033278822898865,-0.1752919852733612,0.999542772769928,0.5059859752655029,0.3904306888580322,-0.17537520825862885,0.9994855523109436,0.5032090544700623,0.3904838263988495,-0.175411194562912,0.9996078014373779,0.5319705009460449,0.39989882707595825,-0.09101032465696335,0.999313473701477,0.5021688342094421,0.3998566269874573,-0.07986640930175781,0.9993807077407837,0.5177775025367737,0.4181775748729706,-0.16544455289840698,0.9990227818489075,0.5074966549873352,0.4168108403682709,-0.16175833344459534,0.9987923502922058,0.5581366419792175,0.4841068983078003,-0.07490353286266327,0.9995481967926025,0.4900645613670349,0.4918445646762848,-0.002424523700028658,0.9985607266426086,0.591042697429657,0.5763248205184937,-0.11293722689151764,0.9823625087738037,0.4895862340927124,0.5923640727996826,0.010506161488592625,0.6253472566604614,0.554806649684906,0.6351210474967957,-0.19755035638809204,0.9577463865280151,0.482124388217926,0.6547409892082214,-0.08980691432952881,0.6403455138206482,0.5465989708900452,0.6557097434997559,-0.2281496375799179,0.9331122636795044,0.478787362575531,0.6766680479049683,-0.11126115173101425,0.6030360460281372,0.5404348373413086,0.6449605226516724,-0.2311791032552719,0.9323240518569946,0.47894030809402466,0.6719701886177063,-0.13264164328575134,0.6115073561668396,0.5407516360282898,0.6381190419197083,-0.19879987835884094,0.9054208993911743,0.48125937581062317,0.6657726764678955,-0.100784532725811,0.6086877584457397,0.5732434391975403,0.658266544342041,-0.041245464235544205,0.9997456073760986,0.5391650795936584,0.6721726655960083,0.04120625928044319,0.9993162155151367,0.5086376667022705,0.690396785736084,-0.27043846249580383,0.9752281904220581,0.5421295166015625,0.8079013228416443,0.045112837105989456,0.6627744436264038,0.5078587532043457,0.8498880863189697,-0.1601233035326004,0.9656057953834534,0.5900858044624329,0.8115004301071167,0.27077725529670715,0.5586795210838318,0.5159329175949097,0.8718954920768738,-0.15124371647834778,0.9256167411804199,0.5995105504989624,0.8044169545173645,0.2927488088607788,0.6159550547599792,0.47494450211524963,0.8788692951202393,-0.2283572554588318,0.9539809226989746,0.6045566201210022,0.8658626675605774,0.2449445277452469,0.6025222539901733
yena_fall_normal_12,336,112,11.201509433962265,29.995957418137717,10,0.5186672806739807,0.3516841232776642,-0.23541316390037537,0.9996322989463806,0.5248206257820129,0.3420617878437042,-0.21631580591201782,0.9996703267097473,0.5285600423812866,0.34212616086006165,-0.2163219004869461,0.9996338486671448,0.5321105122566223,0.34299805760383606,-0.21636882424354553,0.9996916651725769,0.5154516100883484,0.3434760868549347,-0.21237002313137054,0.9995883703231812,0.5123826265335083,0.3438715934753418,-0.21242856979370117,0.9995368719100952,0.5091555714607239,0.34410497546195984,-0.2124483436346054,0.9996469020843506,0.5380746126174927,0.35430777072906494,-0.11761322617530823,0.999381959438324,0.506834089756012,0.3532241880893707,-0.10391657799482346,0.9994423985481262,0.5246387124061584,0.3685454726219177,-0.1997409164905548,0.9991204738616943,0.513145387172699,0.36792802810668945,-0.19598142802715302,0.998913049697876,0.5625015497207642,0.45074495673179626,-0.0854722261428833,0.9995890855789185,0.48965558409690857,0.4489459693431854,-0.013757157139480114,0.9986947178840637,0.5832082033157349,0.5583221316337585,-0.0877637043595314,0.9834562540054321,0.4831939935684204,0.5364589095115662,0.03345904126763344,0.6582353115081787,0.5525001287460327,0.6204835772514343,-0.16249674558639526,0.959061324596405,0.48974665999412537,0.6086690425872803,-0.022114668041467667,0.6575018763542175,0.5463447570800781,0.6508714556694031,-0.19054347276687622,0.9335420727729797,0.4909500181674957,0.6316085457801819,-0.03758854418992996,0.6098924279212952,0.5382042527198792,0.640691339969635,-0.19852980971336365,0.9333382248878479,0.4948008358478546,0.6265531778335571,-0.05512696132063866,0.6196884512901306,0.5385305881500244,0.6326018571853638,-0.1652986705303192,0.9068992733955383,0.4963332712650299,0.6183071732521057,-0.029324008151888847,0.6141083240509033,0.5657997727394104,0.631734311580658,-0.03958949074149132,0.9997521638870239,0.5314974784851074,0.641631543636322,0.03955245763063431,0.9993349313735962,0.5082514882087708,0.700128436088562,-0.2702006697654724,0.9750915765762329,0.5536684393882751,0.8036391139030457,0.02152661606669426,0.6901221871376038,0.5093026757240295,0.8434368371963501,-0.12287674844264984,0.9676678776741028,0.6225539445877075,0.816834032535553,0.23334698379039764,0.5901204347610474,0.5128199458122253,0.866095781326294,-0.11095365881919861,0.9252955913543701,0.6321679949760437,0.804939329624176,0.2552259564399719,0.6438326239585876,0.4843567907810211,0.878295361995697,-0.2033579796552658,0.9555175304412842,0.641496479511261,0.8756292462348938,0.1927051842212677,0.6248692870140076
yena_fall_normal_12,339,113,11.301522911051213,29.995957418137717,10,0.5202595591545105,0.3076976537704468,-0.2288956493139267,0.9996688365936279,0.5264963507652283,0.2992308735847473,-0.21378590166568756,0.9997027516365051,0.5298230648040771,0.2994404137134552,-0.2138165831565857,0.9996699690818787,0.5332034230232239,0.3000760078430176,-0.21383950114250183,0.9997220039367676,0.5184948444366455,0.2981043756008148,-0.20742598176002502,0.9996289014816284,0.5156177282333374,0.29771941900253296,-0.20745739340782166,0.9995824098587036,0.5124730467796326,0.29733237624168396,-0.20745296776294708,0.9996815323829651,0.5396611094474792,0.31169888377189636,-0.13480375707149506,0.9994427561759949,0.5094668865203857,0.3063454031944275,-0.10751628130674362,0.9994960427284241,0.5248963236808777,0.3256407678127289,-0.20041899383068085,0.9992082715034485,0.5137426257133484,0.32270559668540955,-0.19278401136398315,0.9990214705467224,0.5620818734169006,0.41133904457092285,-0.12254751473665237,0.9996281862258911,0.48900455236434937,0.40355920791625977,-0.028363147750496864,0.9988192915916443,0.5752859115600586,0.519777774810791,-0.12540581822395325,0.9846287965774536,0.473111093044281,0.49248751997947693,-0.015809373930096626,0.6886604428291321,0.554002046585083,0.6008268594741821,-0.18804141879081726,0.960631787776947,0.4874211847782135,0.570305585861206,-0.10120491683483124,0.6822255253791809,0.5510147213935852,0.634260892868042,-0.2173992246389389,0.9353863000869751,0.4858088493347168,0.5940045118331909,-0.12238942086696625,0.6314834356307983,0.5417484045028687,0.6265959739685059,-0.21968044340610504,0.9352865219116211,0.490239679813385,0.5884244441986084,-0.14138297736644745,0.6412832140922546,0.5412315130233765,0.6163989305496216,-0.19005298614501953,0.9097229838371277,0.4913942515850067,0.5799869298934937,-0.11043908447027206,0.634341835975647,0.5535568594932556,0.5975124835968018,-0.043250616639852524,0.9997683763504028,0.5168364644050598,0.5981010794639587,0.04323200508952141,0.9993737936019897,0.5115764737129211,0.7040289640426636,-0.17396023869514465,0.974441647529602,0.556451141834259,0.7471556663513184,0.08492887020111084,0.7013807892799377,0.5131108164787292,0.8437357544898987,-0.07287872582674026,0.9702126383781433,0.6161370873451233,0.8158156275749207,0.2603875994682312,0.6228737831115723,0.5211822390556335,0.8642979860305786,-0.06745325773954391,0.9264658689498901,0.626497209072113,0.8148477077484131,0.2756188213825226,0.6721038818359375,0.48787811398506165,0.8800261616706848,-0.1632426232099533,0.9582418203353882,0.6212987899780273,0.8705018758773804,0.20666852593421936,0.6539220213890076
yena_fall_normal_12,342,114,11.401536388140162,29.995957418137717,10,0.5211430788040161,0.2675005793571472,-0.24112173914909363,0.9997014999389648,0.5273477435112,0.2596929669380188,-0.22610417008399963,0.9997312426567078,0.530719518661499,0.26080551743507385,-0.22614648938179016,0.999701738357544,0.5337547063827515,0.2620851993560791,-0.2261492758989334,0.999748706817627,0.5187143683433533,0.25698769092559814,-0.22076626121997833,0.9996642470359802,0.5155006647109985,0.25659534335136414,-0.22077909111976624,0.9996220469474792,0.5121591687202454,0.2564389705657959,-0.22079887986183167,0.9997114539146423,0.5396519899368286,0.2735615670681,-0.14476555585861206,0.9994961619377136,0.5085211992263794,0.2670058310031891,-0.12221216410398483,0.9995410442352295,0.5262847542762756,0.2871457040309906,-0.21158567070960999,0.9992871284484863,0.5139542818069458,0.2833799123764038,-0.20515313744544983,0.9991187453269958,0.5610538125038147,0.37614890933036804,-0.12533798813819885,0.9996646046638489,0.48714110255241394,0.3642495274543762,-0.042225975543260574,0.9989246726036072,0.5696113705635071,0.4845289885997772,-0.12155557423830032,0.9858012199401855,0.4721081852912903,0.45549118518829346,-0.016650287434458733,0.7144894599914551,0.5562019348144531,0.5769030451774597,-0.19291873276233673,0.9638723731040955,0.4768110513687134,0.5443664789199829,-0.10663935542106628,0.7079532742500305,0.555667519569397,0.6080372929573059,-0.22248846292495728,0.9404729008674622,0.4731321632862091,0.5692651271820068,-0.12982341647148132,0.6583943963050842,0.5478707551956177,0.6031482219696045,-0.23221281170845032,0.94041508436203,0.48034876585006714,0.568267822265625,-0.15224267542362213,0.667816162109375,0.546491265296936,0.593791127204895,-0.19469772279262543,0.9167582988739014,0.483277291059494,0.560943603515625,-0.11757635325193405,0.6601535081863403,0.5466061234474182,0.5742413997650146,-0.035691771656274796,0.9997863173484802,0.5084422826766968,0.5729185342788696,0.03562860190868378,0.9994136691093445,0.5137721300125122,0.7074968814849854,-0.08348254859447479,0.9747074842453003,0.5155454277992249,0.7171146869659424,0.05339501053094864,0.7261239886283875,0.5152503252029419,0.8409407138824463,0.07749968022108078,0.9723718166351318,0.5625266432762146,0.7720334529876709,0.2695240378379822,0.6544300317764282,0.5194912552833557,0.8588548898696899,0.08770939707756042,0.9244937300682068,0.5738773941993713,0.769506573677063,0.2897082567214966,0.69554603099823,0.49133098125457764,0.8756744861602783,-0.01380546297878027,0.9610161185264587,0.5665113925933838,0.8367963433265686,0.22733454406261444,0.683189332485199
yena_fall_normal_12,345,115,11.50154986522911,29.995957418137717,10,0.5199347138404846,0.23590493202209473,-0.21818336844444275,0.9997286796569824,0.5262522101402283,0.22727878391742706,-0.20280280709266663,0.9997512698173523,0.5293000340461731,0.22820962965488434,-0.20290379226207733,0.9997243285179138,0.5323891043663025,0.22950832545757294,-0.20295269787311554,0.999768078327179,0.5171000957489014,0.22607210278511047,-0.19839897751808167,0.9996873140335083,0.5139484405517578,0.22635559737682343,-0.19837497174739838,0.9996469616889954,0.510729193687439,0.22681252658367157,-0.19841615855693817,0.9997285008430481,0.5383070111274719,0.2411283701658249,-0.11964011937379837,0.9995372891426086,0.507821261882782,0.23734769225120544,-0.0990157425403595,0.9995594024658203,0.5256596803665161,0.2558181881904602,-0.18814416229724884,0.999357283115387,0.5129474997520447,0.2537706196308136,-0.18226322531700134,0.9992043972015381,0.5609102845191956,0.34436893463134766,-0.09883178770542145,0.9996967911720276,0.4851621091365814,0.33924007415771484,-0.019675225019454956,0.9990090727806091,0.5700550675392151,0.45006608963012695,-0.08424627780914307,0.9863168597221375,0.4721412658691406,0.43419066071510315,0.02951342798769474,0.7299649119377136,0.5615832805633545,0.5432685613632202,-0.1729423701763153,0.9655007123947144,0.4648895561695099,0.5211470723152161,-0.06591496616601944,0.7251810431480408,0.5605974793434143,0.5740579962730408,-0.2042814940214157,0.9429672956466675,0.45925647020339966,0.5459719300270081,-0.09027828276157379,0.6761814951896667,0.5540635585784912,0.5705909729003906,-0.22309868037700653,0.9430813789367676,0.46389347314834595,0.5468791723251343,-0.1259450614452362,0.6859481930732727,0.5524457693099976,0.5610787868499756,-0.18101532757282257,0.9207972884178162,0.46718502044677734,0.539929211139679,-0.08189724385738373,0.6786984801292419,0.5407151579856873,0.5572018623352051,-0.02959504909813404,0.9998003840446472,0.4991789758205414,0.5547468066215515,0.02953832969069481,0.9994534254074097,0.5265313386917114,0.7045677900314331,-0.03826110437512398,0.9737409949302673,0.4968582093715668,0.7013673186302185,-0.007500781212002039,0.7487608194351196,0.5163682103157043,0.8239002823829651,0.19628874957561493,0.9682379364967346,0.5254963040351868,0.7645529508590698,0.2795095443725586,0.6595488786697388,0.5173346400260925,0.836141049861908,0.2149965763092041,0.8924307823181152,0.5248211026191711,0.776485800743103,0.3064933121204376,0.6848540902137756,0.5048254728317261,0.8604438304901123,0.12956945598125458,0.9548842310905457,0.5168032050132751,0.8271076679229736,0.2546970844268799,0.690516471862793
yena_fall_normal_12,348,116,11.601563342318059,29.995957418137717,10,0.516895592212677,0.22614899277687073,-0.21601071953773499,0.9997492432594299,0.5234950184822083,0.21569371223449707,-0.2021317332983017,0.9997575879096985,0.5272260308265686,0.2168102264404297,-0.2022283524274826,0.9997325539588928,0.5304626822471619,0.2178666740655899,-0.20228447020053864,0.9997752904891968,0.5134019255638123,0.21468709409236908,-0.1971137672662735,0.9996888637542725,0.5100667476654053,0.2152033895254135,-0.1970842033624649,0.9996458292007446,0.5078034996986389,0.21586458384990692,-0.19711266458034515,0.9997178912162781,0.5351011157035828,0.22725810110569,-0.11997713148593903,0.9995593428611755,0.5052903890609741,0.2260996252298355,-0.09703291207551956,0.9995082020759583,0.5236843824386597,0.2454759031534195,-0.1861368864774704,0.9994181990623474,0.5099567174911499,0.24256040155887604,-0.17906451225280762,0.9992762207984924,0.5588533878326416,0.32465964555740356,-0.09356876462697983,0.9997255802154541,0.48323875665664673,0.32825082540512085,-0.016762392595410347,0.9990766048431396,0.5702448487281799,0.4274645745754242,-0.07185956835746765,0.9870307445526123,0.46697214245796204,0.42158612608909607,0.04203693941235542,0.7442432045936584,0.5674275755882263,0.5223380327224731,-0.15582719445228577,0.9676516652107239,0.4563089907169342,0.5087561011314392,-0.04287068545818329,0.7433761358261108,0.5691282749176025,0.5525563359260559,-0.18575206398963928,0.9460006952285767,0.44968506693840027,0.5347310900688171,-0.06628017872571945,0.6956392526626587,0.562313973903656,0.5501163005828857,-0.20745377242565155,0.9462136030197144,0.4547056257724762,0.5360426902770996,-0.09776730090379715,0.7052736282348633,0.5599698424339294,0.5400415062904358,-0.16494867205619812,0.9254624843597412,0.4584881365299225,0.5280486345291138,-0.05790901184082031,0.6978698372840881,0.5394440293312073,0.5492695569992065,-0.023716140538454056,0.999810516834259,0.49502167105674744,0.5478628873825073,0.0236650463193655,0.9994784593582153,0.527994692325592,0.7027052044868469,-0.017516041174530983,0.9729644656181335,0.4892806112766266,0.6878083944320679,0.045258451253175735,0.767675518989563,0.519842267036438,0.814884603023529,0.22434750199317932,0.9630866050720215,0.5012151002883911,0.7816706299781799,0.2954842448234558,0.6809723973274231,0.5177102088928223,0.826961874961853,0.2438541203737259,0.8653054237365723,0.504883885383606,0.7922670245170593,0.3169463276863098,0.683257520198822,0.5170433521270752,0.8566256165504456,0.1538366824388504,0.949124276638031,0.4914274513721466,0.8319227695465088,0.24370723962783813,0.7102307081222534
yena_fall_normal_12,351,117,11.701576819407007,29.995957418137717,10,0.5111097693443298,0.2241816371679306,-0.20606492459774017,0.9997597336769104,0.5178523659706116,0.21366238594055176,-0.19270779192447662,0.9997361898422241,0.5218086242675781,0.21449314057826996,-0.1928059309720993,0.9997175931930542,0.5254942178726196,0.215550035238266,-0.19286459684371948,0.999761164188385,0.5072243213653564,0.21333254873752594,-0.1888548880815506,0.9996511936187744,0.5044646859169006,0.21372060477733612,-0.18882553279399872,0.9995971918106079,0.5023930072784424,0.21430253982543945,-0.18884533643722534,0.9996434450149536,0.5303745865821838,0.22502495348453522,-0.11013572663068771,0.9995461702346802,0.5004046559333801,0.2254849076271057,-0.09143517166376114,0.9993433952331543,0.5184094905853271,0.2449142187833786,-0.17518183588981628,0.999466061592102,0.5050258636474609,0.2424938678741455,-0.16970662772655487,0.9993216395378113,0.553992509841919,0.3208233416080475,-0.0706966295838356,0.999750018119812,0.4790831208229065,0.3283612132072449,-0.016065601259469986,0.9991198778152466,0.570612370967865,0.4169488251209259,-0.0557706244289875,0.9876111745834351,0.4647924304008484,0.4268673360347748,0.04882458224892616,0.757118821144104,0.5712985396385193,0.5139824748039246,-0.1552402675151825,0.9694502353668213,0.45061925053596497,0.5111157894134521,-0.02471059560775757,0.7583410143852234,0.5749207139015198,0.5430408716201782,-0.18357063829898834,0.9484273791313171,0.4435441195964813,0.5372592210769653,-0.04555138573050499,0.7114889621734619,0.5676565766334534,0.5406859517097473,-0.20801353454589844,0.9487928748130798,0.4450628459453583,0.5366501808166504,-0.07924187183380127,0.7211984992027283,0.5646581053733826,0.5313091278076172,-0.16595448553562164,0.9294120073318481,0.44887155294418335,0.528395414352417,-0.04057539626955986,0.7134761214256287,0.5357695817947388,0.5480446219444275,-0.012712119147181511,0.9997968673706055,0.48878225684165955,0.5453614592552185,0.012726805172860622,0.999453067779541,0.5297396183013916,0.7089818120002747,-0.037579912692308426,0.9709522724151611,0.48284342885017395,0.6910104751586914,0.013604319654405117,0.7850923538208008,0.5260069370269775,0.8372949957847595,0.14434221386909485,0.9553466439247131,0.482723593711853,0.8177985548973083,0.21642562747001648,0.6981097459793091,0.5220724940299988,0.8479591012001038,0.15784215927124023,0.837502658367157,0.48715877532958984,0.8318291902542114,0.2313213050365448,0.6717203855514526,0.5296421647071838,0.8698542714118958,0.06836438924074173,0.9368561506271362,0.4771682024002075,0.8688012957572937,0.13742294907569885,0.7217179536819458
yena_fall_normal_12,354,118,11.801590296495958,29.995957418137717,10,0.5088382959365845,0.22606824338436127,-0.1746545433998108,0.9997649192810059,0.5153591632843018,0.21385006606578827,-0.15872249007225037,0.9996950030326843,0.5190500020980835,0.2143476903438568,-0.1588028520345688,0.9996821880340576,0.5226913690567017,0.21518447995185852,-0.1588318645954132,0.9997251629829407,0.5045442581176758,0.21321961283683777,-0.15758855640888214,0.9996094107627869,0.5013461112976074,0.21369220316410065,-0.15760061144828796,0.9995530247688293,0.4993089735507965,0.21426859498023987,-0.15763787925243378,0.9995876550674438,0.5267088413238525,0.2261858433485031,-0.0721999779343605,0.999457061290741,0.4965728223323822,0.22628013789653778,-0.06704401224851608,0.9991841912269592,0.515757143497467,0.24666374921798706,-0.14322538673877716,0.9994894862174988,0.5025263428688049,0.24494552612304688,-0.14168637990951538,0.9993415474891663,0.5505634546279907,0.3224813938140869,-0.03384186327457428,0.9997626543045044,0.4726857542991638,0.32743340730667114,-0.011955286376178265,0.9991636276245117,0.5687726140022278,0.42045873403549194,-0.03370945528149605,0.9875491857528687,0.46001332998275757,0.43311062455177307,0.03995301201939583,0.7725063562393188,0.5710262060165405,0.5098904371261597,-0.1461365967988968,0.9702963829040527,0.4477223753929138,0.5195653438568115,-0.03489549458026886,0.771420955657959,0.5755310654640198,0.5382748246192932,-0.17477302253246307,0.9489734768867493,0.4406055808067322,0.5432711839675903,-0.05655200406908989,0.7240539193153381,0.5694006085395813,0.5347325801849365,-0.19943498075008392,0.9496116042137146,0.4417670965194702,0.5436369180679321,-0.08738996833562851,0.7339028716087341,0.5654720664024353,0.5252096056938171,-0.15811322629451752,0.9312388896942139,0.44608545303344727,0.5357202291488647,-0.049481332302093506,0.7261199355125427,0.5324357151985168,0.5489245653152466,-0.0047826142981648445,0.9996556639671326,0.4832887351512909,0.5450189113616943,0.0048217554576694965,0.999363362789154,0.5292402505874634,0.7096761465072632,-0.021482231095433235,0.9583179950714111,0.4795055687427521,0.6946961283683777,-0.05008843168616295,0.7944865226745605,0.5256079435348511,0.8509776592254639,0.0955432802438736,0.9305565357208252,0.47530585527420044,0.8425636291503906,0.07880446314811707,0.702883780002594,0.5205698609352112,0.8628224730491638,0.09993161261081696,0.7919180989265442,0.47776544094085693,0.8629192113876343,0.08526182919740677,0.6415896415710449,0.5316752791404724,0.8833970427513123,-0.006322803441435099,0.9064888954162598,0.465168833732605,0.8880561590194702,-0.026674766093492508,0.7176188230514526
yena_fall_normal_12,357,119,11.901603773584906,29.995957418137717,10,0.5044247508049011,0.22537818551063538,-0.1888512670993805,0.9997734427452087,0.5106638669967651,0.21385790407657623,-0.17364780604839325,0.9996768832206726,0.5142985582351685,0.21450603008270264,-0.17372561991214752,0.9996637105941772,0.5179368257522583,0.21535077691078186,-0.1737692505121231,0.9997047781944275,0.5001747012138367,0.2132284939289093,-0.1744036078453064,0.9995926022529602,0.49695271253585815,0.21352918446063995,-0.17442573606967926,0.9995319247245789,0.49493539333343506,0.2137698233127594,-0.17446701228618622,0.9995599985122681,0.5220935344696045,0.22542640566825867,-0.07550399005413055,0.9994215369224548,0.49177855253219604,0.2243407666683197,-0.08344851434230804,0.9991112947463989,0.5109039545059204,0.2454945594072342,-0.15374398231506348,0.9995236396789551,0.4979560673236847,0.2433367669582367,-0.15574853122234344,0.9993796944618225,0.5455358624458313,0.3249296545982361,-0.05006968230009079,0.9997750520706177,0.46769267320632935,0.3233156204223633,-0.027549970895051956,0.9992228746414185,0.5632066130638123,0.42532965540885925,-0.04239436611533165,0.9872092008590698,0.4538268446922302,0.432436466217041,0.014515552669763565,0.7882818579673767,0.5697386860847473,0.5117054581642151,-0.15113465487957,0.9698461890220642,0.4444289207458496,0.5213006734848022,-0.05940103530883789,0.7857387661933899,0.5740932822227478,0.5388503670692444,-0.1801840364933014,0.947554349899292,0.4392561912536621,0.5473060607910156,-0.08229129016399384,0.7385533452033997,0.5680809020996094,0.5360208749771118,-0.20029114186763763,0.9485704302787781,0.44307973980903625,0.5469281673431396,-0.11386106163263321,0.7483029365539551,0.5643376111984253,0.5266813039779663,-0.16186954081058502,0.9310464859008789,0.4462684690952301,0.5390310287475586,-0.07412609457969666,0.7405739426612854,0.5269862413406372,0.5486629605293274,-0.007826434448361397,0.999563455581665,0.47722578048706055,0.5449209809303284,0.007847853936254978,0.9992889761924744,0.5270054340362549,0.7097698450088501,-0.02991107478737831,0.9481892585754395,0.47706636786460876,0.6975424885749817,-0.02984669804573059,0.799796998500824,0.525429904460907,0.8540363907814026,0.0899355560541153,0.9114077091217041,0.48165789246559143,0.8493773937225342,0.12185398489236832,0.7055506706237793,0.5207448601722717,0.8713165521621704,0.09516583383083344,0.752997100353241,0.4862717390060425,0.8712108135223389,0.1289127916097641,0.6211827397346497,0.5348678827285767,0.902329683303833,-0.010877315886318684,0.8820251226425171,0.46798619627952576,0.8878908753395081,0.02194920927286148,0.7135798335075378
yena_fall_normal_12,360,120,12.001617250673855,29.995957418137717,10,0.502213180065155,0.2253398597240448,-0.2046671062707901,0.9997745156288147,0.5077000260353088,0.2139441817998886,-0.18981412053108215,0.9996353387832642,0.5111759305000305,0.21447086334228516,-0.18988600373268127,0.9996256232261658,0.5144336223602295,0.21513018012046814,-0.18992701172828674,0.999663770198822,0.497741162776947,0.2135925441980362,-0.18891993165016174,0.999545156955719,0.49449023604393005,0.21409688889980316,-0.18894092738628387,0.9994780421257019,0.4918287396430969,0.21480095386505127,-0.1889859139919281,0.9994950890541077,0.5183483362197876,0.22506636381149292,-0.09713123738765717,0.9993667602539062,0.488987535238266,0.22584788501262665,-0.0941767692565918,0.9989587068557739,0.5090674757957458,0.24463136494159698,-0.17055684328079224,0.9995494484901428,0.4960384964942932,0.24408255517482758,-0.1695995330810547,0.9994043111801147,0.5417039394378662,0.32659512758255005,-0.054479312151670456,0.999786913394928,0.46319201588630676,0.3200792670249939,-0.031170286238193512,0.9992724061012268,0.5569694638252258,0.4267670214176178,-0.03630311042070389,0.9871964454650879,0.4463270306587219,0.42591360211372375,0.014516264200210571,0.8035185933113098,0.5613237023353577,0.5128496289253235,-0.13656632602214813,0.9703454375267029,0.4360753297805786,0.5178223252296448,-0.06044090539216995,0.7996209859848022,0.5662258863449097,0.5403971672058105,-0.1641373336315155,0.9477992653846741,0.42858362197875977,0.5444735884666443,-0.0837368592619896,0.7525579929351807,0.5615672469139099,0.5363591909408569,-0.19106903672218323,0.9490538239479065,0.43278616666793823,0.5434693098068237,-0.1167408898472786,0.7622944116592407,0.5578334927558899,0.5270936489105225,-0.14936915040016174,0.932278037071228,0.4366222023963928,0.5353535413742065,-0.07608616352081299,0.7549586892127991,0.5205907225608826,0.5479673743247986,-0.00870099849998951,0.9994727373123169,0.4705282747745514,0.5450378060340881,0.00872806180268526,0.9992335438728333,0.5208985805511475,0.7098031640052795,-0.014284646138548851,0.9478985071182251,0.47078052163124084,0.6985246539115906,-0.0009460771107114851,0.8130376935005188,0.5236146450042725,0.852695882320404,0.11835996061563492,0.9086917042732239,0.47509369254112244,0.8450199365615845,0.14236536622047424,0.7230660319328308,0.5190210938453674,0.8690711259841919,0.12458281219005585,0.7293063998222351,0.48136118054389954,0.8642631769180298,0.15054892003536224,0.6190155148506165,0.5296763777732849,0.8933559060096741,0.014463565312325954,0.876254677772522,0.46178826689720154,0.8846989274024963,0.04205479472875595,0.7263058423995972
yena_fall_normal_12,363,121,12.101630727762803,29.995957418137717,10,0.4996831715106964,0.2260015904903412,-0.2042878419160843,0.9997807145118713,0.5054683685302734,0.21429221332073212,-0.18950043618679047,0.9996137619018555,0.5090135931968689,0.2148352861404419,-0.18957464396953583,0.9996042847633362,0.5122988224029541,0.21563108265399933,-0.18961818516254425,0.999636173248291,0.4950617551803589,0.21357333660125732,-0.1880989372730255,0.9995236396789551,0.4915948808193207,0.2140539139509201,-0.1881159394979477,0.9994527697563171,0.4892350733280182,0.21484874188899994,-0.18815651535987854,0.9994587898254395,0.5159800052642822,0.22614657878875732,-0.09723246842622757,0.9993319511413574,0.48583269119262695,0.22634828090667725,-0.09335578978061676,0.9988832473754883,0.5064845681190491,0.24574695527553558,-0.1701793521642685,0.9995728731155396,0.49296462535858154,0.24505993723869324,-0.1693607121706009,0.9994299411773682,0.5373502373695374,0.3275258243083954,-0.0474606491625309,0.9997963309288025,0.4595745801925659,0.3201143741607666,-0.029452454298734665,0.9993214011192322,0.5468807220458984,0.42748016119003296,-0.010792023502290249,0.9860292077064514,0.44129377603530884,0.416520357131958,0.013340205885469913,0.8153355717658997,0.551609218120575,0.5121374726295471,-0.09406810253858566,0.969116747379303,0.4299665093421936,0.4940585792064667,-0.07012706249952316,0.8113300800323486,0.5569364428520203,0.5398138761520386,-0.11789952963590622,0.9452540278434753,0.42087528109550476,0.5149131417274475,-0.09409573674201965,0.7647119760513306,0.5538998246192932,0.5364946722984314,-0.1455802619457245,0.9468985199928284,0.4237459897994995,0.5153204798698425,-0.12660513818264008,0.7745248079299927,0.550429105758667,0.5264877080917358,-0.10688868165016174,0.9305903911590576,0.42878493666648865,0.5086712837219238,-0.08612167835235596,0.7677456140518188,0.516981303691864,0.5482998490333557,-0.0077436077408492565,0.9994161128997803,0.467485636472702,0.5454680323600769,0.007780233398079872,0.9992159008979797,0.5205976366996765,0.7092097997665405,-0.0023416022304445505,0.9488629102706909,0.46854791045188904,0.6987829208374023,0.00831610057502985,0.8259930610656738,0.522713840007782,0.8497011065483093,0.13647250831127167,0.9091910719871521,0.47582754492759705,0.8425926566123962,0.1562141627073288,0.7420251965522766,0.5190593600273132,0.8645333647727966,0.14355696737766266,0.7190409302711487,0.4815599322319031,0.8620221018791199,0.16352789103984833,0.6251646280288696,0.5290816426277161,0.8813897371292114,0.037279706448316574,0.8762537837028503,0.4625913202762604,0.8837435841560364,0.048267170786857605,0.7422171831130981
yena_fall_normal_12,366,122,12.201644204851751,29.995957418137717,10,0.4978153109550476,0.2270117849111557,-0.16106171905994415,0.9997950196266174,0.5034446120262146,0.21463795006275177,-0.14513954520225525,0.9996384978294373,0.5070369839668274,0.21517851948738098,-0.14520922303199768,0.999628484249115,0.5095375776290894,0.21586419641971588,-0.14525572955608368,0.9996570348739624,0.49261656403541565,0.21399447321891785,-0.14443357288837433,0.9995534420013428,0.4892841577529907,0.2142639011144638,-0.14445637166500092,0.9994853734970093,0.48626863956451416,0.21498939394950867,-0.14445346593856812,0.999488890171051,0.5132100582122803,0.22632573544979095,-0.04956952854990959,0.9993830919265747,0.4829937219619751,0.22664152085781097,-0.04694715514779091,0.9989575147628784,0.5043929219245911,0.24695442616939545,-0.12546178698539734,0.9996068477630615,0.4909314215183258,0.24668985605239868,-0.12484319508075714,0.9994728565216064,0.5351137518882751,0.32838284969329834,-0.004115049261599779,0.9998037219047546,0.45723506808280945,0.3210557997226715,-5.351811705622822e-05,0.9993568658828735,0.5431374311447144,0.4277054965496063,-0.010719629004597664,0.9814794063568115,0.4400339126586914,0.4189923405647278,-0.07180891931056976,0.8163217902183533,0.5384325385093689,0.5016146898269653,-0.11210869997739792,0.9642506241798401,0.43134602904319763,0.43159711360931396,-0.28959473967552185,0.8195116519927979,0.541151762008667,0.528974175453186,-0.1383468061685562,0.9392468333244324,0.4268684387207031,0.4440217912197113,-0.3332996368408203,0.776927649974823,0.5393304824829102,0.5227184295654297,-0.1639135330915451,0.9412559866905212,0.42902395129203796,0.44072702527046204,-0.3525867164134979,0.7865811586380005,0.5373117327690125,0.5133661031723022,-0.12398215383291245,0.92466801404953,0.4328767955303192,0.4374750852584839,-0.30390557646751404,0.7792661190032959,0.5147229433059692,0.5483627915382385,-0.0038544724229723215,0.9994150400161743,0.46668002009391785,0.5457984805107117,0.0039038003887981176,0.999235212802887,0.5190237164497375,0.7093424201011658,-0.007961985655128956,0.9514443874359131,0.46724075078964233,0.7019691467285156,0.0071403090842068195,0.839168131351471,0.5218967795372009,0.8511548638343811,0.12267056107521057,0.9124495387077332,0.4752517342567444,0.8432295918464661,0.14793774485588074,0.7614930272102356,0.518499493598938,0.8688687086105347,0.12705977261066437,0.7199530601501465,0.481207013130188,0.8631693124771118,0.15522319078445435,0.6337511539459229,0.5325101613998413,0.8833236694335938,0.016734685748815536,0.879802405834198,0.46476611495018005,0.8833087086677551,0.046690575778484344,0.7586780190467834
yena_fall_normal_12,369,123,12.301657681940702,29.995957418137717,10,0.49693354964256287,0.22739075124263763,-0.16216358542442322,0.9997891783714294,0.5022673606872559,0.21509672701358795,-0.14742101728916168,0.9996180534362793,0.5057047009468079,0.2155766785144806,-0.14749425649642944,0.9996016025543213,0.5079652667045593,0.21633325517177582,-0.14755038917064667,0.9996179342269897,0.4913251996040344,0.21442514657974243,-0.14639420807361603,0.9995487332344055,0.4881114661693573,0.21462200582027435,-0.14639218151569366,0.9994794726371765,0.4847392141819,0.2151326984167099,-0.14637508988380432,0.9994837641716003,0.512374997138977,0.22689053416252136,-0.05636881664395332,0.9993735551834106,0.4813321530818939,0.22748954594135284,-0.05089529976248741,0.9989871978759766,0.5036136507987976,0.24731047451496124,-0.12723852694034576,0.9996181726455688,0.49041298031806946,0.24689139425754547,-0.1258421242237091,0.9994969367980957,0.5346693396568298,0.3259972929954529,-0.018230855464935303,0.999806821346283,0.4560879170894623,0.32029232382774353,0.00680834474042058,0.9993990659713745,0.5429545044898987,0.4270055890083313,-0.06501340866088867,0.981898844242096,0.4408615231513977,0.4158974289894104,-0.055757518857717514,0.8318281173706055,0.49657097458839417,0.43028029799461365,-0.18059279024600983,0.9645427465438843,0.4703432321548462,0.42071956396102905,-0.21522702276706696,0.8344921469688416,0.4847453534603119,0.4275677800178528,-0.2162211537361145,0.9377697706222534,0.47963443398475647,0.42080894112586975,-0.2511959969997406,0.7930784821510315,0.4852125942707062,0.4133414030075073,-0.21258850395679474,0.939176619052887,0.48203346133232117,0.4033592939376831,-0.2552051246166229,0.8010982275009155,0.4886423349380493,0.4132818281650543,-0.18051205575466156,0.9212778210639954,0.4803270399570465,0.4053349792957306,-0.21966291964054108,0.7919346690177917,0.5141812562942505,0.5475344061851501,-0.011414196342229843,0.9993475675582886,0.4646814465522766,0.5441778898239136,0.01155244093388319,0.9991841316223145,0.5172630548477173,0.7073656916618347,-0.004588660318404436,0.9509773850440979,0.466908723115921,0.7008875012397766,0.03849112242460251,0.8482990264892578,0.5217650532722473,0.8507751822471619,0.12708599865436554,0.9072261452674866,0.47567811608314514,0.844028115272522,0.18485842645168304,0.7719084024429321,0.5186308026313782,0.8667505383491516,0.1338878720998764,0.713249146938324,0.4820929169654846,0.8618712425231934,0.19460460543632507,0.6384803652763367,0.5308408141136169,0.8807333111763,0.03566041216254234,0.8714346289634705,0.4657127559185028,0.8830932378768921,0.10138468444347382,0.7633377313613892
