sample_id,frame_idx,pose_idx,time_sec,original_fps,target_fps,kp_0_x,kp_0_y,kp_0_z,kp_0_visibility,kp_1_x,kp_1_y,kp_1_z,kp_1_visibility,kp_2_x,kp_2_y,kp_2_z,kp_2_visibility,kp_3_x,kp_3_y,kp_3_z,kp_3_visibility,kp_4_x,kp_4_y,kp_4_z,kp_4_visibility,kp_5_x,kp_5_y,kp_5_z,kp_5_visibility,kp_6_x,kp_6_y,kp_6_z,kp_6_visibility,kp_7_x,kp_7_y,kp_7_z,kp_7_visibility,kp_8_x,kp_8_y,kp_8_z,kp_8_visibility,kp_9_x,kp_9_y,kp_9_z,kp_9_visibility,kp_10_x,kp_10_y,kp_10_z,kp_10_visibility,kp_11_x,kp_11_y,kp_11_z,kp_11_visibility,kp_12_x,kp_12_y,kp_12_z,kp_12_visibility,kp_13_x,kp_13_y,kp_13_z,kp_13_visibility,kp_14_x,kp_14_y,kp_14_z,kp_14_visibility,kp_15_x,kp_15_y,kp_15_z,kp_15_visibility,kp_16_x,kp_16_y,kp_16_z,kp_16_visibility,kp_17_x,kp_17_y,kp_17_z,kp_17_visibility,kp_18_x,kp_18_y,kp_18_z,kp_18_visibility,kp_19_x,kp_19_y,kp_19_z,kp_19_visibility,kp_20_x,kp_20_y,kp_20_z,kp_20_visibility,kp_21_x,kp_21_y,kp_21_z,kp_21_visibility,kp_22_x,kp_22_y,kp_22_z,kp_22_visibility,kp_23_x,kp_23_y,kp_23_z,kp_23_visibility,kp_24_x,kp_24_y,kp_24_z,kp_24_visibility,kp_25_x,kp_25_y,kp_25_z,kp_25_visibility,kp_26_x,kp_26_y,kp_26_z,kp_26_visibility,kp_27_x,kp_27_y,kp_27_z,kp_27_visibility,kp_28_x,kp_28_y,kp_28_z,kp_28_visibility,kp_29_x,kp_29_y,kp_29_z,kp_29_visibility,kp_30_x,kp_30_y,kp_30_z,kp_30_visibility,kp_31_x,kp_31_y,kp_31_z,kp_31_visibility,kp_32_x,kp_32_y,kp_32_z,kp_32_visibility
yena_fall_normal_15,0,0,0.0,29.995924466784405,10,0.6328122019767761,0.2940514087677002,-0.10656092315912247,0.9998070597648621,0.6382041573524475,0.284780889749527,-0.08634582161903381,0.9997524619102478,0.641250491142273,0.2852689027786255,-0.08631066977977753,0.9996377229690552,0.6441417336463928,0.2856695055961609,-0.08628059923648834,0.9996777772903442,0.6298540234565735,0.28355464339256287,-0.08897805958986282,0.9997450709342957,0.6271860003471375,0.2834441661834717,-0.08897814154624939,0.999680757522583,0.6247379779815674,0.2833409905433655,-0.08899576216936111,0.9997279047966003,0.6483538746833801,0.2937411963939667,0.0034846377093344927,0.9996271133422852,0.6218753457069397,0.291430801153183,-0.007735517807304859,0.9997988343238831,0.6376507878303528,0.3083890676498413,-0.07464209198951721,0.9997062087059021,0.6278916001319885,0.3068367838859558,-0.07797878235578537,0.9997034668922424,0.6674047112464905,0.36870837211608887,0.0007000037003308535,0.99736088514328,0.6050707101821899,0.36698970198631287,-0.03491536155343056,0.9988962411880493,0.6766008138656616,0.3239811062812805,-0.16612474620342255,0.9778717160224915,0.5980803966522217,0.3190543055534363,-0.2094983011484146,0.9921985268592834,0.648880660533905,0.2552928924560547,-0.2809833586215973,0.9546571969985962,0.6351800560951233,0.25727441906929016,-0.29674234986305237,0.9750996828079224,0.6450168490409851,0.234268456697464,-0.3164825439453125,0.8890933990478516,0.6429921388626099,0.2425079643726349,-0.3297480344772339,0.9268092513084412,0.6449914574623108,0.2353706955909729,-0.3016270697116852,0.8793929219245911,0.6436446905136108,0.24039171636104584,-0.31695353984832764,0.9163737297058105,0.6453902125358582,0.24188295006752014,-0.2812007665634155,0.8748283982276917,0.6414117217063904,0.24687878787517548,-0.29651615023612976,0.9067838191986084,0.6573542952537537,0.5735527276992798,0.004836232401430607,0.9998313188552856,0.6154218316078186,0.5717699527740479,-0.004948912188410759,0.999797523021698,0.6506006121635437,0.7217777967453003,-0.004672769922763109,0.9562588930130005,0.6196756958961487,0.7209882736206055,0.022845376282930374,0.9307942390441895,0.6425788402557373,0.8568365573883057,0.08587326109409332,0.9182649850845337,0.6242654919624329,0.8449844121932983,0.15494199097156525,0.8566538691520691,0.6374568939208984,0.8779692649841309,0.08894617110490799,0.6356115341186523,0.6251773238182068,0.8591854572296143,0.1619558483362198,0.5103129744529724,0.6428073048591614,0.899048388004303,-0.014824829064309597,0.891635000705719,0.6196065545082092,0.8833816051483154,0.06622333824634552,0.8512552380561829
yena_fall_normal_15,3,1,0.10001358695652174,29.995924466784405,10,0.6337375640869141,0.29845619201660156,-0.11148551106452942,0.999706506729126,0.6387624740600586,0.28862547874450684,-0.09250405430793762,0.999647319316864,0.6415296196937561,0.2892377972602844,-0.09248697757720947,0.9994969367980957,0.6442083120346069,0.2898004353046417,-0.09247920662164688,0.9995505213737488,0.631102979183197,0.28706780076026917,-0.09585105627775192,0.9996358156204224,0.6285314559936523,0.2868240475654602,-0.09586013108491898,0.9995421171188354,0.6261453628540039,0.28660550713539124,-0.0958990529179573,0.9996054172515869,0.6483625769615173,0.2964853048324585,-0.004152987617999315,0.9994672536849976,0.6225792169570923,0.29462942481040955,-0.018366007134318352,0.999711811542511,0.6386304497718811,0.3127829134464264,-0.0795145034790039,0.9996063709259033,0.6287873387336731,0.3115732967853546,-0.08354246616363525,0.9995793104171753,0.6674190759658813,0.37001344561576843,-0.007348078768700361,0.9970048069953918,0.6056270599365234,0.36820006370544434,-0.04626067727804184,0.9986909627914429,0.6766208410263062,0.3237743377685547,-0.19049011170864105,0.9731873869895935,0.5965490937232971,0.32099980115890503,-0.23441113531589508,0.9912624359130859,0.6487639546394348,0.2558651268482208,-0.3272625803947449,0.9442135095596313,0.634699821472168,0.25934886932373047,-0.3369867205619812,0.9707047343254089,0.6446906924247742,0.23446275293827057,-0.36511561274528503,0.8742949366569519,0.6416568756103516,0.24426449835300446,-0.3696034848690033,0.918058454990387,0.6444969177246094,0.23566998541355133,-0.3486756384372711,0.8639465570449829,0.6419352293014526,0.24208182096481323,-0.35681742429733276,0.9065566658973694,0.6450929045677185,0.24221104383468628,-0.32750988006591797,0.8596411347389221,0.6399315595626831,0.24924235045909882,-0.33660683035850525,0.8964023590087891,0.6582953333854675,0.5734703540802002,0.005947684403508902,0.9998287558555603,0.6162883043289185,0.57218998670578,-0.006036178208887577,0.9997867345809937,0.6507557034492493,0.7220081686973572,-0.04136653617024422,0.9538299441337585,0.6197412014007568,0.7212169170379639,0.013798732310533524,0.9228967428207397,0.6425551772117615,0.8585245609283447,0.036887407302856445,0.9085468649864197,0.6240333914756775,0.8432556986808777,0.19220148026943207,0.81803959608078,0.6374970078468323,0.8773431777954102,0.039234794676303864,0.6224839687347412,0.6249406337738037,0.8518005609512329,0.2057650238275528,0.4815691411495209,0.6427574753761292,0.899775505065918,-0.0619778037071228,0.8783552050590515,0.6194708943367004,0.8831721544265747,0.12524744868278503,0.8150621056556702
yena_fall_normal_15,6,2,0.20002717391304348,29.995924466784405,10,0.6337218880653381,0.30217838287353516,-0.11298373341560364,0.9996181130409241,0.6387021541595459,0.29223570227622986,-0.09438013285398483,0.9995428919792175,0.6413686275482178,0.29276043176651,-0.09437533468008041,0.9993598461151123,0.6438416838645935,0.2934127748012543,-0.09437672048807144,0.9994252324104309,0.6311430335044861,0.2912069857120514,-0.0969623550772667,0.9995280504226685,0.6286812424659729,0.29108577966690063,-0.09697172045707703,0.9994074702262878,0.6264367699623108,0.2908710837364197,-0.09701671451330185,0.9994902014732361,0.6481624841690063,0.300603985786438,-0.00893731601536274,0.9993038177490234,0.6231438517570496,0.2991718649864197,-0.019403666257858276,0.9996140003204346,0.6387320756912231,0.3163542151451111,-0.08208482712507248,0.999476432800293,0.6289083957672119,0.3151678442955017,-0.08523254096508026,0.9994242787361145,0.667451024055481,0.3722519278526306,-0.013195854611694813,0.9965958595275879,0.6065294146537781,0.3708186447620392,-0.04340111464262009,0.9984473586082458,0.677070677280426,0.3263852000236511,-0.18761847913265228,0.9693124294281006,0.5930124521255493,0.327652245759964,-0.23062008619308472,0.9900392293930054,0.6486768126487732,0.26052770018577576,-0.31134092807769775,0.9327077865600586,0.6303451061248779,0.2634972631931305,-0.3190886378288269,0.9666861891746521,0.6433964967727661,0.23919615149497986,-0.346173495054245,0.8568925261497498,0.6371691226959229,0.24703289568424225,-0.3514508008956909,0.9095247983932495,0.6427814960479736,0.24065597355365753,-0.32960423827171326,0.8453696966171265,0.6373144388198853,0.24534595012664795,-0.338616281747818,0.896679699420929,0.6437363028526306,0.24852311611175537,-0.3108353912830353,0.8418490290641785,0.6354356408119202,0.2528333365917206,-0.3185119926929474,0.8857736587524414,0.6591444611549377,0.5735489726066589,0.003377742599695921,0.9998250603675842,0.6168810725212097,0.5727420449256897,-0.0034519447945058346,0.9997724294662476,0.6510269045829773,0.7219952344894409,-0.04115656763315201,0.950883150100708,0.6197019815444946,0.7212364077568054,0.014396454207599163,0.9147183895111084,0.6456535458564758,0.8585423827171326,0.03572173789143562,0.8985910415649414,0.6244933009147644,0.8397500514984131,0.19485558569431305,0.7864745259284973,0.6405564546585083,0.8744106292724609,0.038177505135536194,0.6053239107131958,0.6254563927650452,0.8490098118782043,0.20764462649822235,0.45734894275665283,0.6430600881576538,0.8989244103431702,-0.06031719595193863,0.8659710884094238,0.6194551587104797,0.8810369968414307,0.12951892614364624,0.7862323522567749
yena_fall_normal_15,9,3,0.3000407608695652,29.995924466784405,10,0.6339296698570251,0.3033490478992462,-0.10645658522844315,0.9995416402816772,0.6386924982070923,0.2937234938144684,-0.08840542286634445,0.9994589686393738,0.6412820816040039,0.29435938596725464,-0.08838661760091782,0.9992297887802124,0.6436218023300171,0.2950063943862915,-0.08838783204555511,0.999317467212677,0.6312599182128906,0.29222533106803894,-0.09281577914953232,0.999457061290741,0.6288301348686218,0.29206547141075134,-0.09284751862287521,0.9993288516998291,0.626544177532196,0.2918984293937683,-0.09292206168174744,0.9994357824325562,0.6477163434028625,0.3020634949207306,-0.003749237861484289,0.9991419911384583,0.6229716539382935,0.3008599579334259,-0.019735967740416527,0.9995527863502502,0.6387468576431274,0.31756365299224854,-0.07590442150831223,0.9993675351142883,0.6292877793312073,0.31730279326438904,-0.08181930333375931,0.9993197321891785,0.6675474047660828,0.3756065368652344,0.014155351556837559,0.9963825941085815,0.6060466766357422,0.37672385573387146,-0.0431852750480175,0.998374879360199,0.6815388202667236,0.34498828649520874,-0.09035023301839828,0.9632431268692017,0.5883263349533081,0.3565509021282196,-0.2102123647928238,0.9897964596748352,0.6502230763435364,0.2767646908760071,-0.15318380296230316,0.9243565797805786,0.6176263093948364,0.2962580621242523,-0.3101416826248169,0.9655916690826416,0.642561137676239,0.2621234059333801,-0.17121952772140503,0.840375542640686,0.6252844333648682,0.2811933755874634,-0.33570176362991333,0.9054667353630066,0.6421823501586914,0.2611156105995178,-0.15525725483894348,0.8273240923881531,0.6266191601753235,0.27922406792640686,-0.32183724641799927,0.8917819261550903,0.6437209844589233,0.26890119910240173,-0.15019969642162323,0.8234099745750427,0.6247776746749878,0.28497204184532166,-0.3079771399497986,0.8800632357597351,0.659261167049408,0.5737966895103455,0.011653374880552292,0.9998227953910828,0.617008626461029,0.5741517543792725,-0.011754531413316727,0.9997634887695312,0.6510308980941772,0.7220366597175598,-0.027968622744083405,0.9473168253898621,0.6196913123130798,0.7213570475578308,0.013775859959423542,0.9047123193740845,0.6454234719276428,0.8562461733818054,0.04043913632631302,0.8895483613014221,0.6244876980781555,0.8334305882453918,0.1897682547569275,0.7588899731636047,0.640447199344635,0.8700069785118103,0.03938872367143631,0.5965259075164795,0.62545245885849,0.8424950838088989,0.2031908631324768,0.43574926257133484,0.6438342332839966,0.8962116241455078,-0.038221485912799835,0.8568722009658813,0.6195463538169861,0.8794095516204834,0.12634073197841644,0.764336884021759
yena_fall_normal_15,12,4,0.40005434782608695,29.995924466784405,10,0.6308520436286926,0.3022673428058624,-0.07537306845188141,0.9995639324188232,0.6351219415664673,0.29367193579673767,-0.05652868375182152,0.9994887113571167,0.6380140781402588,0.2941844165325165,-0.056515805423259735,0.9992774724960327,0.6406395435333252,0.29476097226142883,-0.0565178208053112,0.9993618726730347,0.6278769969940186,0.2932187020778656,-0.059310898184776306,0.9994833469390869,0.6253525614738464,0.2935865819454193,-0.059324558824300766,0.9993621110916138,0.6229913234710693,0.2939782738685608,-0.059377770870923996,0.9994624853134155,0.6458861827850342,0.30228370428085327,0.028450531885027885,0.9991912245750427,0.6215373873710632,0.30442312359809875,0.016454242169857025,0.9995687007904053,0.6370113492012024,0.3156960904598236,-0.045432884246110916,0.9993992447853088,0.6272238492965698,0.3163774311542511,-0.04913730546832085,0.999343991279602,0.6669746041297913,0.375855952501297,0.04382128641009331,0.9966738224029541,0.6055266857147217,0.3772471845149994,0.002771802945062518,0.9983863830566406,0.6864951848983765,0.4022804796695709,-0.09836944937705994,0.9646767377853394,0.5845849514007568,0.3967801034450531,-0.147918239235878,0.9890356063842773,0.6553857326507568,0.32526376843452454,-0.21033482253551483,0.9283861517906189,0.6155387163162231,0.33169427514076233,-0.24390268325805664,0.9646899700164795,0.6444109082221985,0.3110027611255646,-0.23616020381450653,0.8467103838920593,0.6241405010223389,0.3168330788612366,-0.26978155970573425,0.9013912081718445,0.6441210508346558,0.304215669631958,-0.21784695982933044,0.8337579965591431,0.6251657009124756,0.31301018595695496,-0.25480279326438904,0.8867213129997253,0.6465079188346863,0.31167832016944885,-0.20699986815452576,0.8280290961265564,0.6233726739883423,0.31997010111808777,-0.2413828819990158,0.8736469149589539,0.658466637134552,0.5734513401985168,0.01146067213267088,0.9998271465301514,0.6167495250701904,0.5735136866569519,-0.011508062481880188,0.9997560381889343,0.6509070992469788,0.7220349311828613,-0.039716701954603195,0.9471232295036316,0.6197221875190735,0.721470057964325,0.012620894238352776,0.8975847363471985,0.6456750631332397,0.8604265451431274,0.002946873428300023,0.8897674679756165,0.6247391104698181,0.8340215682983398,0.16906751692295074,0.7451698780059814,0.6405754685401917,0.8732982277870178,0.0019530829740688205,0.5928781628608704,0.6264123320579529,0.8434258103370667,0.1806020885705948,0.4187966585159302,0.6437968611717224,0.8972379565238953,-0.09543923288583755,0.8584215044975281,0.6196804642677307,0.878395676612854,0.11331713199615479,0.7573484182357788
yena_fall_normal_15,15,5,0.5000679347826087,29.995924466784405,10,0.6312865614891052,0.308358371257782,-0.05889586731791496,0.9995836615562439,0.636277973651886,0.2978180944919586,-0.0422191396355629,0.9994984865188599,0.6391052007675171,0.29844552278518677,-0.04222271591424942,0.9992969632148743,0.6411713361740112,0.29896730184555054,-0.042250338941812515,0.9993781447410583,0.627990186214447,0.2973180115222931,-0.04393612965941429,0.9994992017745972,0.6254927515983582,0.2974514961242676,-0.04394717514514923,0.9993838667869568,0.623090386390686,0.29744139313697815,-0.0439552403986454,0.9994847774505615,0.6465576887130737,0.30682137608528137,0.043146032840013504,0.9991639852523804,0.6209403276443481,0.306747704744339,0.03431861102581024,0.9995723366737366,0.6377381682395935,0.32196876406669617,-0.02735665813088417,0.9994222521781921,0.6272440552711487,0.3210790753364563,-0.029897328466176987,0.9993821978569031,0.667056679725647,0.38123467564582825,0.07417301833629608,0.9969781637191772,0.6047698855400085,0.38185447454452515,0.05122049152851105,0.998519778251648,0.6894000768661499,0.45312821865081787,-0.026741178706288338,0.9660765528678894,0.5803038477897644,0.4482877850532532,-0.04199356213212013,0.9888255596160889,0.6551437973976135,0.40122559666633606,-0.15360967814922333,0.932555615901947,0.6148012280464172,0.39910775423049927,-0.1470424234867096,0.9661040902137756,0.6443086862564087,0.3937014043331146,-0.1841437816619873,0.8539949059486389,0.6249464750289917,0.39710181951522827,-0.1737673431634903,0.9046931862831116,0.6426900625228882,0.38415858149528503,-0.1698037087917328,0.8416655659675598,0.6265425086021423,0.39093348383903503,-0.1631547063589096,0.8905567526817322,0.6449514627456665,0.3863166272640228,-0.15112709999084473,0.8336219787597656,0.6245633363723755,0.3915460705757141,-0.14443530142307281,0.8761447072029114,0.6573085188865662,0.5734546184539795,0.009161371737718582,0.9998233914375305,0.6161187291145325,0.5719664692878723,-0.009110293351113796,0.9997373819351196,0.6503921747207642,0.7228001952171326,-0.04903153330087662,0.9463881254196167,0.6196413636207581,0.7233875393867493,-0.016447192057967186,0.893225371837616,0.6450086832046509,0.8605951070785522,0.01755937933921814,0.8891035914421082,0.624067485332489,0.8353576064109802,0.16107535362243652,0.7338855266571045,0.6405531764030457,0.8758418560028076,0.010497619397938251,0.5938894152641296,0.6250457763671875,0.8457791209220886,0.17516805231571198,0.4075167179107666,0.645074725151062,0.8968988656997681,-0.06058206781744957,0.8570213913917542,0.6204419732093811,0.8762343525886536,0.10485049337148666,0.7469619512557983
yena_fall_normal_15,18,6,0.6000815217391304,29.995924466784405,10,0.6315611004829407,0.3078520596027374,-0.11860589683055878,0.9996107220649719,0.6366955041885376,0.2976645529270172,-0.10246936976909637,0.9995214343070984,0.6395698189735413,0.29831790924072266,-0.1025046557188034,0.9993373155593872,0.6417493224143982,0.2989693880081177,-0.10252095758914948,0.9994097352027893,0.6281154751777649,0.29720720648765564,-0.10422713309526443,0.9995236396789551,0.6255474090576172,0.29758015275001526,-0.1042482778429985,0.9994162321090698,0.6231594085693359,0.2979030907154083,-0.104256771504879,0.9995076656341553,0.6466752886772156,0.30724242329597473,-0.013705218210816383,0.9991981983184814,0.6209178566932678,0.30707985162734985,-0.021817946806550026,0.9995721578598022,0.6379446387290955,0.3224223554134369,-0.0855635330080986,0.9994684457778931,0.6272612810134888,0.3214661777019501,-0.08781439810991287,0.9994304776191711,0.6681180596351624,0.38645797967910767,0.03210589662194252,0.9972736239433289,0.6024601459503174,0.3878231346607208,0.025812746956944466,0.9986386299133301,0.6859796643257141,0.47433793544769287,-0.009062066674232483,0.9673793911933899,0.5807257294654846,0.47519543766975403,-0.04581861570477486,0.9870871305465698,0.65806645154953,0.4905835688114166,-0.1421004980802536,0.9364988207817078,0.615460991859436,0.46449947357177734,-0.18926191329956055,0.9669226408004761,0.6503773927688599,0.5029875636100769,-0.1757347136735916,0.8632769584655762,0.6224868893623352,0.4673829972743988,-0.22243070602416992,0.9091951251029968,0.6470400094985962,0.49292975664138794,-0.1814228892326355,0.8522167801856995,0.6245660185813904,0.4536798894405365,-0.21961064636707306,0.8961822390556335,0.6480101346969604,0.48788413405418396,-0.14683876931667328,0.8427819609642029,0.6232455372810364,0.4520541727542877,-0.19210810959339142,0.8809203505516052,0.656281590461731,0.577176034450531,0.005651829764246941,0.9998195171356201,0.6151107549667358,0.5746952295303345,-0.005563132464885712,0.9997089505195618,0.6506912708282471,0.7230832576751709,-0.06834258884191513,0.9479615092277527,0.6191820502281189,0.7260818481445312,0.0018451515352353454,0.8899745941162109,0.6450082063674927,0.861412525177002,0.022210637107491493,0.8918592929840088,0.6240715384483337,0.8356018662452698,0.19939617812633514,0.7306015491485596,0.6406067609786987,0.8765134215354919,0.023863017559051514,0.6014324426651001,0.6249759197235107,0.845664918422699,0.21413713693618774,0.4071064591407776,0.6449881792068481,0.9038270115852356,-0.07287229597568512,0.859486997127533,0.6205434799194336,0.8763481378555298,0.13483500480651855,0.7446584105491638
yena_fall_normal_15,21,7,0.7000951086956522,29.995924466784405,10,0.6318139433860779,0.3074292838573456,-0.11255282908678055,0.999644935131073,0.6372804641723633,0.2973059415817261,-0.0975446030497551,0.9995571374893188,0.6402236819267273,0.29806390404701233,-0.09756068140268326,0.9993910193443298,0.6421716213226318,0.29875802993774414,-0.09756142646074295,0.9994567036628723,0.6281558871269226,0.2963474988937378,-0.09877531230449677,0.9995576739311218,0.6255980730056763,0.2965750992298126,-0.09878969192504883,0.9994596838951111,0.6231435537338257,0.296936571598053,-0.09880569577217102,0.9995417594909668,0.647072970867157,0.30683720111846924,-0.019645489752292633,0.9992538094520569,0.6207241415977478,0.30613696575164795,-0.02547389827668667,0.9995890855789185,0.6380269527435303,0.3222607672214508,-0.08374913036823273,0.9995163083076477,0.6272206902503967,0.321399450302124,-0.08540511131286621,0.9994804263114929,0.6681315898895264,0.38745248317718506,0.015591448172926903,0.9975426197052002,0.6002600193023682,0.38792386651039124,0.006264203228056431,0.9987525939941406,0.6811949610710144,0.47714316844940186,0.02042413130402565,0.9681651592254639,0.585974931716919,0.4752260446548462,-0.027744175866246223,0.9831323623657227,0.6646134257316589,0.5509223341941833,-0.056512534618377686,0.9405949115753174,0.6085658669471741,0.5278365015983582,-0.13080856204032898,0.9650644659996033,0.6630289554595947,0.5782378315925598,-0.08051393926143646,0.8731040954589844,0.6120404005050659,0.5508615970611572,-0.15817204117774963,0.910329282283783,0.6574222445487976,0.5712980628013611,-0.09669308364391327,0.8632288575172424,0.6164042353630066,0.5461683869361877,-0.17085827887058258,0.8986490964889526,0.6559543013572693,0.5623074173927307,-0.06388705223798752,0.8535920977592468,0.616592288017273,0.5389741659164429,-0.13776543736457825,0.8832769393920898,0.6553943157196045,0.577508807182312,0.003697443287819624,0.9998239278793335,0.6150514483451843,0.5748677849769592,-0.0036825661081820726,0.999710738658905,0.6506046056747437,0.7233670949935913,-0.06109612062573433,0.9497019648551941,0.6179999709129333,0.7238102555274963,-0.003748564748093486,0.8884532451629639,0.6446281671524048,0.8600939512252808,0.0341004878282547,0.8965559601783752,0.623155951499939,0.8356353044509888,0.15906371176242828,0.736388087272644,0.6392086744308472,0.8746693730354309,0.03695303574204445,0.6052772998809814,0.6237414479255676,0.8457423448562622,0.170500710606575,0.4079553782939911,0.6451014280319214,0.901846706867218,-0.057061661034822464,0.8639541864395142,0.6197539567947388,0.8752003908157349,0.09359773993492126,0.7496944069862366
yena_fall_normal_15,24,8,0.8001086956521739,29.995924466784405,10,0.6324735879898071,0.30719462037086487,-0.1123654842376709,0.9996752142906189,0.6378172636032104,0.29723140597343445,-0.09858221560716629,0.9995836615562439,0.6404687166213989,0.29798996448516846,-0.09860667586326599,0.9994338154792786,0.6427341103553772,0.29867005348205566,-0.09861576557159424,0.9994932413101196,0.6284119486808777,0.2962530553340912,-0.10042563825845718,0.9995842576026917,0.6256520748138428,0.2965095341205597,-0.10043655335903168,0.999494194984436,0.6231555342674255,0.29688963294029236,-0.10046874731779099,0.9995678663253784,0.6472688913345337,0.30672672390937805,-0.025277474895119667,0.9992895126342773,0.6204348206520081,0.30606645345687866,-0.034145936369895935,0.999599277973175,0.6383380889892578,0.3223705291748047,-0.08491131663322449,0.9995579123497009,0.6272967457771301,0.321521520614624,-0.08733858913183212,0.9995245933532715,0.6679636240005493,0.3870658874511719,0.00987290684133768,0.9977850317955017,0.5992537140846252,0.3875619173049927,-0.006192729342728853,0.9988602995872498,0.6803293824195862,0.47586947679519653,0.025093037635087967,0.968454122543335,0.5867702960968018,0.47722387313842773,-0.011563782580196857,0.9809991121292114,0.6746028661727905,0.5624609589576721,-0.04950234666466713,0.9436970949172974,0.602089524269104,0.5562557578086853,-0.07899879664182663,0.9631655812263489,0.6742202043533325,0.5904399156570435,-0.07161925733089447,0.8812252879142761,0.6038893461227417,0.5801904201507568,-0.10099467635154724,0.91044682264328,0.6693297028541565,0.5879397392272949,-0.0894298329949379,0.8725157976150513,0.6087060570716858,0.5734061002731323,-0.11749541014432907,0.9000300765037537,0.6679041981697083,0.5799736380577087,-0.05765342712402344,0.8627308011054993,0.609419584274292,0.5662186741828918,-0.08643221855163574,0.8846888542175293,0.6548795700073242,0.577490508556366,0.0021461802534759045,0.9998267889022827,0.6149522662162781,0.5751069784164429,-0.00213097152300179,0.9997060894966125,0.6516510248184204,0.7211920619010925,-0.06983835995197296,0.9499001502990723,0.6161310076713562,0.7207186818122864,-0.002736351452767849,0.8841135501861572,0.6454039216041565,0.8599172234535217,0.012632847763597965,0.8974859714508057,0.6233882904052734,0.8338862061500549,0.16174717247486115,0.7363836169242859,0.640367865562439,0.874358594417572,0.01562987081706524,0.6023904085159302,0.624765157699585,0.8427674174308777,0.17381252348423004,0.4071751832962036,0.6457075476646423,0.90579754114151,-0.07469822466373444,0.8649495840072632,0.6194528341293335,0.8750160932540894,0.09952213615179062,0.7498812079429626
yena_fall_normal_15,27,9,0.9001222826086956,29.995924466784405,10,0.6326395273208618,0.30705732107162476,-0.12944097816944122,0.9997044205665588,0.6378926038742065,0.29723867774009705,-0.11560115963220596,0.9996128082275391,0.6404924392700195,0.2979631721973419,-0.11562535911798477,0.9994775652885437,0.6430589556694031,0.29861345887184143,-0.11562778800725937,0.9995306134223938,0.6285627484321594,0.2961914837360382,-0.1176120787858963,0.9996142387390137,0.6256917119026184,0.2964390814304352,-0.11761912703514099,0.9995321035385132,0.6231715083122253,0.2968076765537262,-0.11765073984861374,0.9995975494384766,0.6474002599716187,0.30663397908210754,-0.04094100371003151,0.9993318915367126,0.6201809048652649,0.3060204088687897,-0.050848979502916336,0.9996195435523987,0.6383610963821411,0.32235628366470337,-0.10177351534366608,0.9995973110198975,0.6273468732833862,0.3214867115020752,-0.10451484471559525,0.9995668530464172,0.6686227321624756,0.38704073429107666,-0.00039409258170053363,0.9980026483535767,0.5991645455360413,0.3874761462211609,-0.01813916675746441,0.9989613890647888,0.6818383932113647,0.47466686367988586,0.024318547919392586,0.9696114659309387,0.5867831707000732,0.4786621630191803,-0.015161816030740738,0.9799842238426208,0.6820720434188843,0.5602026581764221,-0.04922866448760033,0.9473609924316406,0.5960859060287476,0.5575259327888489,-0.08476991206407547,0.962734580039978,0.6833263635635376,0.588036298751831,-0.06983651965856552,0.8896393179893494,0.596738874912262,0.5851576924324036,-0.10623541474342346,0.9123023748397827,0.6781752109527588,0.5854628086090088,-0.09030781686306,0.8819506764411926,0.6016156673431396,0.5809677243232727,-0.12481045722961426,0.9030132293701172,0.6761645078659058,0.5768067240715027,-0.05828583613038063,0.8722779750823975,0.6032754778862,0.5726161003112793,-0.09312132000923157,0.8881224393844604,0.6552366614341736,0.5777458548545837,0.0020301234908401966,0.9998255372047424,0.6152371168136597,0.5762720108032227,-0.002016547368839383,0.9997040629386902,0.652905285358429,0.7196156978607178,-0.05584874376654625,0.9495468735694885,0.6160038709640503,0.720619261264801,0.0015760575188323855,0.8813516497612,0.6459057927131653,0.8597235679626465,0.019497912377119064,0.8977596163749695,0.6233981847763062,0.8339289426803589,0.15472015738487244,0.7406872510910034,0.6407932639122009,0.8739495277404785,0.02090752311050892,0.6022364497184753,0.6250148415565491,0.8429205417633057,0.16483476758003235,0.41413751244544983,0.6473135352134705,0.9058710932731628,-0.06537919491529465,0.8654394745826721,0.6191784143447876,0.874945342540741,0.08807983994483948,0.753173828125
yena_fall_normal_15,30,10,1.0001358695652174,29.995924466784405,10,0.6327632069587708,0.30696216225624084,-0.12094520777463913,0.9997279047966003,0.6380466818809509,0.29721546173095703,-0.1121198907494545,0.9996276497840881,0.6405855417251587,0.2979399263858795,-0.11215444654226303,0.9995048642158508,0.643379271030426,0.2985699474811554,-0.11216600984334946,0.9995525479316711,0.628612220287323,0.29615479707717896,-0.11440075933933258,0.9996303915977478,0.6257272362709045,0.29639384150505066,-0.11437530070543289,0.9995536804199219,0.6231839060783386,0.2967567443847656,-0.11443176120519638,0.9996110796928406,0.6476555466651917,0.30654144287109375,-0.03362368792295456,0.9993395805358887,0.6200720071792603,0.30598172545433044,-0.043360065668821335,0.9996161460876465,0.6385038495063782,0.32235077023506165,-0.09957154095172882,0.9996277689933777,0.6274034380912781,0.32146432995796204,-0.10179409384727478,0.9995988607406616,0.6688778400421143,0.38697177171707153,0.002556040184572339,0.9981971979141235,0.5991583466529846,0.38740167021751404,-0.016716917976737022,0.9990499019622803,0.6826813817024231,0.4739448130130768,0.03038727678358555,0.9699389338493347,0.5867365598678589,0.47765541076660156,-0.005002934020012617,0.9785090684890747,0.6849859356880188,0.5598648190498352,-0.0317298099398613,0.9504202008247375,0.5932241082191467,0.5593358874320984,-0.051025841385126114,0.9614217877388,0.6867935061454773,0.5872053503990173,-0.049026742577552795,0.8969552516937256,0.5933294892311096,0.5870429873466492,-0.06809370964765549,0.9124963879585266,0.6811865568161011,0.5847731828689575,-0.06891506165266037,0.8901934623718262,0.5979735255241394,0.5842365026473999,-0.08659493178129196,0.9042810797691345,0.6789950728416443,0.5762991309165955,-0.04026076942682266,0.8807411193847656,0.5995427966117859,0.5754034519195557,-0.05894820764660835,0.8900108337402344,0.6559591293334961,0.5788489580154419,0.0022629229351878166,0.9998267889022827,0.6152411103248596,0.5796489715576172,-0.00226966617628932,0.9997066855430603,0.6529920101165771,0.7193646430969238,-0.04210369288921356,0.9471398591995239,0.6160306930541992,0.7204993367195129,0.003801356302574277,0.8743067383766174,0.6459090113639832,0.8570394515991211,0.049256984144449234,0.8926806449890137,0.6234666705131531,0.8318046927452087,0.1607825756072998,0.7367167472839355,0.6415554881095886,0.8738536238670349,0.05384548008441925,0.5945184230804443,0.6253688335418701,0.8430173397064209,0.1723451167345047,0.4131664037704468,0.6500800251960754,0.8987281918525696,-0.025138812139630318,0.8597133159637451,0.6168769598007202,0.8740938901901245,0.1051318421959877,0.7493240833282471
yena_fall_normal_15,33,11,1.1001494565217391,29.995924466784405,10,0.6327975988388062,0.30696484446525574,-0.12629829347133636,0.9997461438179016,0.6380704045295715,0.29750221967697144,-0.11333123594522476,0.9996320605278015,0.6406075358390808,0.29817673563957214,-0.11336087435483932,0.9995216727256775,0.6433976888656616,0.2987219989299774,-0.11336930841207504,0.9995637536048889,0.6286711096763611,0.29637616872787476,-0.11553195118904114,0.999634861946106,0.625743567943573,0.2965625524520874,-0.1155347153544426,0.9995622634887695,0.6231712698936462,0.29694464802742004,-0.11557912081480026,0.9996106028556824,0.6476857662200928,0.30675208568573,-0.03878180310130119,0.9993266463279724,0.61986243724823,0.3059634864330292,-0.049136050045490265,0.9995908141136169,0.6384836435317993,0.3230893313884735,-0.09983334690332413,0.999652624130249,0.627379834651947,0.3219861388206482,-0.1026008352637291,0.9996234178543091,0.6688717603683472,0.38713645935058594,-0.0007861111080273986,0.9983717203140259,0.5990562438964844,0.38726675510406494,-0.019840361550450325,0.999121904373169,0.6822412610054016,0.4736999273300171,0.024740366265177727,0.9692739248275757,0.5873146653175354,0.47882384061813354,-0.01198524422943592,0.9766829013824463,0.683279812335968,0.5597509741783142,-0.04613948240876198,0.9520233869552612,0.5932581424713135,0.560142457485199,-0.07094679772853851,0.9591820240020752,0.6849388480186462,0.5871598720550537,-0.06581155210733414,0.9020776748657227,0.592848002910614,0.5878287553787231,-0.09096458554267883,0.9113788604736328,0.680184006690979,0.5852416157722473,-0.08499031513929367,0.8962196111679077,0.5970789790153503,0.585608959197998,-0.10946732014417648,0.9041163921356201,0.6781203746795654,0.5766524076461792,-0.05487007275223732,0.8866219520568848,0.5986624956130981,0.5767351984977722,-0.07932424545288086,0.8901417255401611,0.6559569835662842,0.5801340937614441,0.0019587043207138777,0.9998313784599304,0.6151984333992004,0.5807973742485046,-0.0019489314872771502,0.9997069835662842,0.6531610488891602,0.7190593481063843,-0.05956590920686722,0.9481435418128967,0.6160335540771484,0.7201507091522217,0.021577756851911545,0.8715587854385376,0.6458945870399475,0.8556670546531677,0.03171813115477562,0.8936325907707214,0.6235544681549072,0.827145516872406,0.21086791157722473,0.7338613271713257,0.6420328617095947,0.8707983493804932,0.03617079555988312,0.5954347252845764,0.6260393261909485,0.8362770080566406,0.22562073171138763,0.41430968046188354,0.6484133005142212,0.8945621848106384,-0.05046392232179642,0.8609585165977478,0.6162655353546143,0.87058025598526,0.15672846138477325,0.747880756855011
yena_fall_normal_15,36,12,1.2001630434782609,29.995924466784405,10,0.63262939453125,0.3070273697376251,-0.12426923960447311,0.9997656345367432,0.6379091143608093,0.2977798879146576,-0.1106853038072586,0.9996474981307983,0.6403948068618774,0.2984311282634735,-0.11071201413869858,0.9995477199554443,0.6431369781494141,0.2988954186439514,-0.11071982979774475,0.9995856881141663,0.6286290884017944,0.29656970500946045,-0.1128699779510498,0.9996501207351685,0.6255998015403748,0.2967003285884857,-0.11287625133991241,0.9995819330215454,0.6230008602142334,0.2970723807811737,-0.11291737109422684,0.9996240139007568,0.6475364565849304,0.30685147643089294,-0.03777417913079262,0.9993417263031006,0.6196527481079102,0.30599915981292725,-0.046871915459632874,0.9995878338813782,0.6382220387458801,0.32335609197616577,-0.09715879708528519,0.9996787309646606,0.6271846294403076,0.32222017645835876,-0.09992048889398575,0.9996501803398132,0.6680024266242981,0.38713881373405457,-0.002080232137814164,0.9985294938087463,0.5989943146705627,0.38698887825012207,-0.018326619639992714,0.9991905689239502,0.6805482506752014,0.4737529754638672,0.02341480366885662,0.9691199660301208,0.5873316526412964,0.47817355394363403,-0.0077096885070204735,0.9753660559654236,0.6803981065750122,0.5609908103942871,-0.04263923317193985,0.9542816877365112,0.5932442545890808,0.5577677488327026,-0.06184863671660423,0.9583698511123657,0.6816812753677368,0.5893251299858093,-0.06163068860769272,0.9077603220939636,0.5925614833831787,0.5867245197296143,-0.08111929148435593,0.9121015071868896,0.6772735714912415,0.5871053338050842,-0.08171184360980988,0.9026275277137756,0.5968801975250244,0.5841113924980164,-0.09985726326704025,0.9056370258331299,0.6752962470054626,0.5784308910369873,-0.05137469619512558,0.8930533528327942,0.5986578464508057,0.5750934481620789,-0.07017099857330322,0.8920510411262512,0.6548053622245789,0.5801076889038086,0.001186360721476376,0.9998379349708557,0.6148316264152527,0.580197811126709,-0.0011825168039649725,0.9997143745422363,0.6531598567962646,0.7185277938842773,-0.05844962224364281,0.9497573971748352,0.6153043508529663,0.718620240688324,0.01872982643544674,0.8727719783782959,0.644900381565094,0.8495315909385681,0.03173671290278435,0.8964707851409912,0.6233540177345276,0.8222423195838928,0.20475131273269653,0.7361149191856384,0.6413938999176025,0.8675762414932251,0.036311499774456024,0.6024696826934814,0.6260226964950562,0.8308481574058533,0.2195507138967514,0.4185902178287506,0.6469704508781433,0.8932651281356812,-0.04753711447119713,0.8648344874382019,0.6146320700645447,0.8656490445137024,0.15627241134643555,0.7503690123558044
yena_fall_normal_15,39,13,1.3001766304347826,29.995924466784405,10,0.6319230794906616,0.30717214941978455,-0.11429648101329803,0.9997838735580444,0.6374264359474182,0.29799842834472656,-0.10172592103481293,0.9996636509895325,0.6399062275886536,0.29863810539245605,-0.10173846781253815,0.9995734691619873,0.6426042318344116,0.2990589439868927,-0.10173512250185013,0.9996077418327332,0.6281427145004272,0.29683494567871094,-0.10300663113594055,0.9996657967567444,0.6249868273735046,0.29694443941116333,-0.10301042348146439,0.9996029138565063,0.6223377585411072,0.2973300814628601,-0.10304323583841324,0.9996402859687805,0.6471251845359802,0.30700963735580444,-0.03358616307377815,0.9993641972541809,0.6188575625419617,0.3059970438480377,-0.039423469454050064,0.9995912909507751,0.637454092502594,0.3237532377243042,-0.088803730905056,0.9997031092643738,0.6263042092323303,0.32259389758110046,-0.09049351513385773,0.9996760487556458,0.6671851873397827,0.3871997594833374,-0.0012070442317053676,0.9986724853515625,0.5981149673461914,0.38692429661750793,-0.009787900373339653,0.9992556571960449,0.6794170141220093,0.47506871819496155,0.024121826514601707,0.969150960445404,0.5869086384773254,0.47869789600372314,-0.0005928535247221589,0.9736433625221252,0.6753742098808289,0.5608999133110046,-0.03884270414710045,0.9564892053604126,0.5933926105499268,0.5604114532470703,-0.057054564356803894,0.9574535489082336,0.6738227605819702,0.590250551700592,-0.05793282762169838,0.9131737947463989,0.5930960774421692,0.5875895619392395,-0.07639472186565399,0.9126662015914917,0.6685037612915039,0.5870881676673889,-0.07688456028699875,0.9086580276489258,0.5973529815673828,0.585382878780365,-0.09431589394807816,0.9069463610649109,0.6673151254653931,0.5788361430168152,-0.046923018991947174,0.8990495800971985,0.5990281701087952,0.5771891474723816,-0.06503034383058548,0.8936962485313416,0.6547797322273254,0.5797229409217834,-0.0002508313627913594,0.9998400211334229,0.6147415637969971,0.5800909399986267,0.00022548582637682557,0.9997185468673706,0.6531336903572083,0.7185441255569458,-0.04817313328385353,0.9508400559425354,0.6159555315971375,0.7188582420349121,0.014300955459475517,0.8733456134796143,0.6448970437049866,0.8497334122657776,0.04865891486406326,0.8992500305175781,0.6233616471290588,0.8245152235031128,0.1721583902835846,0.745345413684845,0.6413201689720154,0.8664253950119019,0.05346297472715378,0.6022650599479675,0.62534099817276,0.832214891910553,0.18382899463176727,0.42811548709869385,0.6449213624000549,0.8950834274291992,-0.030874693766236305,0.8677958250045776,0.6159747838973999,0.8665736317634583,0.11490316689014435,0.7587738633155823
yena_fall_normal_15,42,14,1.4001902173913043,29.995924466784405,10,0.6304024457931519,0.30736246705055237,-0.122840017080307,0.9998013973236084,0.6361147165298462,0.298177570104599,-0.1103120893239975,0.9996822476387024,0.6385620832443237,0.29882195591926575,-0.11033029854297638,0.9996006488800049,0.6411392688751221,0.2992279529571533,-0.11032593250274658,0.9996313452720642,0.6268799901008606,0.2970259189605713,-0.11100485920906067,0.9996837973594666,0.6236500144004822,0.29711291193962097,-0.11101081967353821,0.9996252655982971,0.6210125088691711,0.29748550057411194,-0.11105076968669891,0.9996577501296997,0.6458995342254639,0.30718308687210083,-0.041015516966581345,0.9993923902511597,0.6174795627593994,0.30597543716430664,-0.04536708444356918,0.9995991587638855,0.6358934044837952,0.32405537366867065,-0.09700774401426315,0.9997273087501526,0.6246375441551208,0.32295697927474976,-0.09818428009748459,0.999701738357544,0.6655676364898682,0.3871452510356903,-0.010817264206707478,0.9988019466400146,0.5968500375747681,0.38664039969444275,-0.011249338276684284,0.9993158578872681,0.678512454032898,0.4758402407169342,0.009178372099995613,0.970032811164856,0.585547149181366,0.47861695289611816,-0.0019251845078542829,0.9724439382553101,0.6717204451560974,0.561661958694458,-0.06154002994298935,0.9591852426528931,0.592217743396759,0.5589728355407715,-0.0712442547082901,0.9569793939590454,0.6703774333000183,0.5908767580986023,-0.08321407437324524,0.9190914034843445,0.5922380685806274,0.5871766209602356,-0.09188701212406158,0.913796603679657,0.664291262626648,0.5868722200393677,-0.1023353785276413,0.9151027202606201,0.5965653657913208,0.584597110748291,-0.11025642603635788,0.9087009429931641,0.6628309488296509,0.5786699056625366,-0.06965991109609604,0.9056341052055359,0.598097026348114,0.5760547518730164,-0.07960882782936096,0.8957989811897278,0.65433269739151,0.5797106027603149,-0.002095686737447977,0.9998428225517273,0.6140888333320618,0.5805969834327698,0.002078267280012369,0.9997215867042542,0.6526920795440674,0.7186121344566345,-0.048501741141080856,0.9519118070602417,0.6154577136039734,0.7199410200119019,0.017245972529053688,0.8744798898696899,0.6446678042411804,0.8500204682350159,0.04643988981842995,0.9009418487548828,0.6232369542121887,0.8261780738830566,0.18562421202659607,0.7511190176010132,0.6412788033485413,0.8664707541465759,0.05128055810928345,0.606977105140686,0.6252294182777405,0.8351796865463257,0.19850917160511017,0.43698084354400635,0.645380973815918,0.8947992920875549,-0.03257438540458679,0.8702108860015869,0.6155188083648682,0.8667829632759094,0.13112343847751617,0.763850212097168
yena_fall_normal_15,45,15,1.500203804347826,29.995924466784405,10,0.6281880736351013,0.30743810534477234,-0.1307273954153061,0.9998184442520142,0.634046733379364,0.29820770025253296,-0.11725880205631256,0.9997038841247559,0.6365044116973877,0.2988549470901489,-0.11728129535913467,0.9996299147605896,0.6389360427856445,0.2992790937423706,-0.11727990955114365,0.999657392501831,0.6246581673622131,0.2970730662345886,-0.11807596683502197,0.9997051358222961,0.6213399171829224,0.29716190695762634,-0.11808092892169952,0.9996504187583923,0.6186092495918274,0.29755645990371704,-0.11810756474733353,0.9996787905693054,0.643761396408081,0.3073131740093231,-0.04432192072272301,0.9994292259216309,0.6149870753288269,0.3059452176094055,-0.048978570848703384,0.9996148347854614,0.6336814761161804,0.3242392838001251,-0.1037072166800499,0.9997512698173523,0.6221708059310913,0.32321998476982117,-0.10497525334358215,0.9997273087501526,0.6628477573394775,0.38727864623069763,-0.013293443247675896,0.9989193081855774,0.5942408442497253,0.38645675778388977,-0.012867349199950695,0.9993712306022644,0.6767758727073669,0.47619590163230896,0.005340500269085169,0.9709227681159973,0.5825058221817017,0.4779999256134033,-0.004510823171585798,0.9718765020370483,0.6711086630821228,0.562298059463501,-0.0684041678905487,0.9613062143325806,0.5901054739952087,0.5584944486618042,-0.07600394636392593,0.9565098285675049,0.6700159907341003,0.5910918116569519,-0.09097807109355927,0.9239499568939209,0.5899409055709839,0.5873009562492371,-0.09747994691133499,0.9145079255104065,0.6640598773956299,0.586909294128418,-0.11032252758741379,0.9204446077346802,0.5944820642471313,0.5849283933639526,-0.11596763879060745,0.909946858882904,0.6625401973724365,0.578650712966919,-0.07676948606967926,0.9109815955162048,0.5959512591362,0.5762805938720703,-0.0844864696264267,0.8972211480140686,0.6522997617721558,0.5800411701202393,-0.004195270594209433,0.9998514652252197,0.6117056608200073,0.5814592838287354,0.004222063813358545,0.9997286796569824,0.6517079472541809,0.7185140252113342,-0.08017606288194656,0.9542850852012634,0.6138767004013062,0.7190004587173462,0.033670999109745026,0.8764907121658325,0.644609808921814,0.8502491116523743,0.006959517952054739,0.9051729440689087,0.6230160593986511,0.8237526416778564,0.23414365947246552,0.7540809512138367,0.6411961913108826,0.8665634989738464,0.010854785330593586,0.6163865923881531,0.6251813173294067,0.8325100541114807,0.2502639889717102,0.44481027126312256,0.6452752351760864,0.8939828872680664,-0.07798667997121811,0.8759815692901611,0.6140374541282654,0.8650833964347839,0.18630391359329224,0.767693817615509
yena_fall_normal_15,48,16,1.6002173913043478,29.995924466784405,10,0.6240829229354858,0.3080109655857086,-0.14820058643817902,0.9998335838317871,0.629813551902771,0.2986554801464081,-0.1351446658372879,0.9997220039367676,0.6327158212661743,0.2992520034313202,-0.13516473770141602,0.9996553063392639,0.6346543431282043,0.2997770607471466,-0.13515129685401917,0.9996796250343323,0.6205472350120544,0.2978499233722687,-0.13583679497241974,0.999722421169281,0.6175004243850708,0.2980094850063324,-0.13583551347255707,0.9996716380119324,0.6144633889198303,0.2984425127506256,-0.13585959374904633,0.999695897102356,0.6395273208618164,0.3080078661441803,-0.06263577193021774,0.9994609951972961,0.6112306714057922,0.3064447045326233,-0.06630600988864899,0.999627411365509,0.6296800374984741,0.3248226046562195,-0.12133070081472397,0.9997725486755371,0.6181791424751282,0.32393792271614075,-0.12233457714319229,0.9997501373291016,0.6589024662971497,0.3874630033969879,-0.030074458569288254,0.9990246295928955,0.5902195572853088,0.386386513710022,-0.025691254064440727,0.9994189143180847,0.672783613204956,0.476889044046402,-0.007405197247862816,0.9715790152549744,0.5776305794715881,0.47806259989738464,-0.019208228215575218,0.9707456231117249,0.6699379682540894,0.5640132427215576,-0.07897718995809555,0.9629217982292175,0.586205780506134,0.5605539679527283,-0.08996476978063583,0.9552878737449646,0.6698706150054932,0.5930901169776917,-0.10053743422031403,0.927829921245575,0.5858581066131592,0.5884333252906799,-0.11178945004940033,0.9141108393669128,0.6641724109649658,0.5900636315345764,-0.12093415856361389,0.9247617125511169,0.5910632610321045,0.5854153037071228,-0.13037994503974915,0.9101265668869019,0.6624946594238281,0.581838071346283,-0.0877930298447609,0.9153702855110168,0.5925315618515015,0.5768371820449829,-0.09871574491262436,0.8977895975112915,0.6494551301002502,0.5803439021110535,-0.006965775974094868,0.9998549818992615,0.6082893013954163,0.5818401575088501,0.006989078596234322,0.9997286200523376,0.6509305238723755,0.7184959650039673,-0.05205632001161575,0.9566338062286377,0.6116980314254761,0.7179538607597351,0.04366458207368851,0.8801959753036499,0.64463871717453,0.8483841419219971,0.05140452831983566,0.9099152088165283,0.6231558918952942,0.8192102313041687,0.23315288126468658,0.7627874612808228,0.6421303153038025,0.8613832592964172,0.05668939650058746,0.6237437129020691,0.6260419487953186,0.8270657658576965,0.24831409752368927,0.46149706840515137,0.6450595855712891,0.896234393119812,-0.032620303332805634,0.8816136121749878,0.6145289540290833,0.864022970199585,0.183000847697258,0.7758092880249023
yena_fall_normal_15,51,17,1.7002309782608696,29.995924466784405,10,0.6196339726448059,0.3086027503013611,-0.11181285977363586,0.9998447895050049,0.6250762343406677,0.29915645718574524,-0.09985453635454178,0.9997298717498779,0.6279056072235107,0.29980313777923584,-0.09987913817167282,0.9996693134307861,0.6297592520713806,0.30035385489463806,-0.09988966584205627,0.9996914863586426,0.6160100102424622,0.2983146011829376,-0.1011340469121933,0.9997298121452332,0.6130498051643372,0.2984594702720642,-0.10113510489463806,0.9996809959411621,0.6099092960357666,0.2988937795162201,-0.10115938633680344,0.9997014999389648,0.6342658996582031,0.3083275556564331,-0.03431301936507225,0.9994764924049377,0.6066173315048218,0.3068719506263733,-0.04069999232888222,0.9996252655982971,0.6251060962677002,0.32530686259269714,-0.08711948990821838,0.9997877478599548,0.6137920022010803,0.32471057772636414,-0.08894012868404388,0.9997661113739014,0.6537864208221436,0.3879033923149109,-0.006597686093300581,0.9991186261177063,0.5857815146446228,0.386574387550354,-0.012778469361364841,0.9994616508483887,0.6684582829475403,0.47746768593788147,0.019051849842071533,0.9714949131011963,0.5727946162223816,0.4784559905529022,-0.007242738269269466,0.9690462946891785,0.6686949133872986,0.5644413232803345,-0.034615837037563324,0.9639317393302917,0.5810188055038452,0.5609948039054871,-0.06301263719797134,0.9542645215988159,0.669722855091095,0.5936545729637146,-0.05164809897542,0.9307687282562256,0.5794029235839844,0.5890322923660278,-0.08157890290021896,0.9141529202461243,0.6642448902130127,0.5916679501533508,-0.0697033703327179,0.9280971884727478,0.5847907662391663,0.5855677723884583,-0.09893875569105148,0.9107440710067749,0.6623114347457886,0.5841578841209412,-0.04209806025028229,0.9188715815544128,0.5865738987922668,0.5768215656280518,-0.07105175405740738,0.8988810181617737,0.6444606184959412,0.581466794013977,-0.004800187423825264,0.9998568296432495,0.6033874154090881,0.5830923318862915,0.004789802711457014,0.9997279047966003,0.6496502757072449,0.720223605632782,-0.047777317464351654,0.9545062780380249,0.6102738976478577,0.7201656103134155,0.036367639899253845,0.870855450630188,0.6450352072715759,0.8536407351493835,0.04723554849624634,0.903140127658844,0.623223602771759,0.8259317874908447,0.19737987220287323,0.7556438446044922,0.6427460312843323,0.8659766316413879,0.05215374007821083,0.6074262857437134,0.6261980533599854,0.8345261812210083,0.21024112403392792,0.45819294452667236,0.6472116708755493,0.9059257507324219,-0.030574103817343712,0.8729321360588074,0.6153027415275574,0.870606541633606,0.1447516232728958,0.7690348029136658
yena_fall_normal_15,54,18,1.8002445652173913,29.995924466784405,10,0.6140874028205872,0.31112760305404663,-0.1370285004377365,0.9998564720153809,0.6193510890007019,0.3012102544307709,-0.12344347685575485,0.9997425079345703,0.6223433613777161,0.3018759787082672,-0.12348660081624985,0.9996883273124695,0.6245278716087341,0.30254969000816345,-0.12351478636264801,0.9997069239616394,0.6103636622428894,0.3005305528640747,-0.12455279380083084,0.9997405409812927,0.6074478626251221,0.3006341755390167,-0.12454875558614731,0.9996947050094604,0.6042794585227966,0.3009764850139618,-0.12456554919481277,0.9997097849845886,0.6281559467315674,0.31069180369377136,-0.04758135601878166,0.9995042681694031,0.6011664271354675,0.30918392539024353,-0.05364276096224785,0.9996321201324463,0.6193764805793762,0.3268964886665344,-0.10849113762378693,0.9998042583465576,0.6078951954841614,0.32650333642959595,-0.11028315871953964,0.9997836351394653,0.6476866006851196,0.39058804512023926,-0.00996654387563467,0.9992046356201172,0.5785656571388245,0.3878990411758423,-0.014608513563871384,0.9995042085647583,0.6621178388595581,0.48202571272850037,0.016324486583471298,0.9720960855484009,0.5669354200363159,0.4799955487251282,-0.010200233198702335,0.9670012593269348,0.6655853390693665,0.5667172074317932,-0.044822968542575836,0.9651753306388855,0.5734777450561523,0.5610805153846741,-0.08938264101743698,0.9532414674758911,0.6678748726844788,0.5959643721580505,-0.0675673559308052,0.9337525367736816,0.5719208121299744,0.589245617389679,-0.11326202750205994,0.914283812046051,0.6623384356498718,0.5944252014160156,-0.09088397026062012,0.9314967393875122,0.5779342651367188,0.5856503248214722,-0.13385483622550964,0.9114821553230286,0.6601579785346985,0.5870906114578247,-0.05600355938076973,0.9223043918609619,0.5796623229980469,0.5767562985420227,-0.09948883205652237,0.899829626083374,0.6387803554534912,0.5831493735313416,-0.004747950471937656,0.9998575448989868,0.5965225100517273,0.5863090753555298,0.004753184504806995,0.9997206926345825,0.6467874050140381,0.7235097289085388,-0.04463169723749161,0.9538779854774475,0.606840193271637,0.7282176613807678,0.03766040503978729,0.8658974170684814,0.6466716527938843,0.8611117601394653,0.05116690322756767,0.8990795016288757,0.6232640743255615,0.8311163783073425,0.20010334253311157,0.7539955973625183,0.6443801522254944,0.8789504766464233,0.05557506904006004,0.5962547659873962,0.6266341805458069,0.8454399108886719,0.21454653143882751,0.46246808767318726,0.6493996977806091,0.9050263166427612,-0.03328661248087883,0.8682742118835449,0.6156537532806396,0.8773602843284607,0.14314265549182892,0.767620325088501
yena_fall_normal_15,57,19,1.900258152173913,29.995924466784405,10,0.6082427501678467,0.3160141110420227,-0.1350228488445282,0.9998640418052673,0.613593339920044,0.30624228715896606,-0.12168233841657639,0.9997424483299255,0.6163279414176941,0.307118684053421,-0.12171980738639832,0.9996942281723022,0.6188082098960876,0.30806902050971985,-0.12174084037542343,0.9997092485427856,0.6044860482215881,0.30546465516090393,-0.12280023843050003,0.999736487865448,0.6016334295272827,0.30597662925720215,-0.12279847264289856,0.9996882677078247,0.598479151725769,0.30657288432121277,-0.12281975150108337,0.9996945261955261,0.6225546598434448,0.316501259803772,-0.047764066606760025,0.9995150566101074,0.5954679846763611,0.31518393754959106,-0.05337563902139664,0.9996042847633362,0.6140298247337341,0.33100757002830505,-0.10725908726453781,0.9998162388801575,0.6020539402961731,0.3305329978466034,-0.1089295968413353,0.9997946619987488,0.6423179507255554,0.40275442600250244,-0.017802590504288673,0.9992820620536804,0.5724459886550903,0.394943505525589,-0.01432790420949459,0.9995431303977966,0.6566239595413208,0.4922477900981903,0.003189345356076956,0.9724507927894592,0.5598167181015015,0.48573485016822815,0.0037019739393144846,0.9647125005722046,0.6574405431747437,0.5750397443771362,-0.0613568089902401,0.9654206037521362,0.5648477673530579,0.5691948533058167,-0.05165470391511917,0.9509590268135071,0.6588103175163269,0.6059272885322571,-0.08288180083036423,0.9351075291633606,0.5641521215438843,0.5969738960266113,-0.07071434706449509,0.9121993184089661,0.6533297896385193,0.6038703918457031,-0.1015954241156578,0.9332049489021301,0.570042610168457,0.5930024981498718,-0.09136912226676941,0.9101805686950684,0.6512883901596069,0.5965850949287415,-0.0697832778096199,0.9238882064819336,0.5712963342666626,0.5835691094398499,-0.06136384233832359,0.8990399241447449,0.6321142315864563,0.595977783203125,-0.0058288490399718285,0.9998571276664734,0.589653730392456,0.6006925106048584,0.005844875238835812,0.9997108578681946,0.6451658606529236,0.7318336963653564,-0.04986388981342316,0.9505735635757446,0.6019378304481506,0.7432018518447876,0.03996441513299942,0.8531604409217834,0.6480897068977356,0.8706732392311096,0.05025087669491768,0.8890267610549927,0.6246045827865601,0.8472298979759216,0.20041532814502716,0.7433828711509705,0.6464309096336365,0.8887742161750793,0.05406938120722771,0.5757663249969482,0.634390652179718,0.8657707571983337,0.2158687710762024,0.4614742398262024,0.6546509861946106,0.9047629237174988,-0.03377849608659744,0.8585604429244995,0.6152700185775757,0.8891544342041016,0.14529988169670105,0.7602472901344299
yena_fall_normal_15,60,20,2.0002717391304348,29.995924466784405,10,0.5998115539550781,0.340833842754364,-0.17618703842163086,0.9998709559440613,0.6052625179290771,0.3308853209018707,-0.1641227751970291,0.9997449517250061,0.6086191534996033,0.3318203389644623,-0.16417209804058075,0.9997048377990723,0.6116243004798889,0.3326852023601532,-0.16421562433242798,0.999717652797699,0.5961160659790039,0.3302706182003021,-0.16146132349967957,0.9997298717498779,0.5930247902870178,0.33043771982192993,-0.1614520251750946,0.9996786713600159,0.5910326838493347,0.3309597074985504,-0.16145652532577515,0.9996715784072876,0.6155842542648315,0.3399975895881653,-0.09208917617797852,0.9995332360267639,0.5882275700569153,0.3392152786254883,-0.08082414418458939,0.9995520114898682,0.6057721376419067,0.35487687587738037,-0.14920541644096375,0.9998278617858887,0.5934544801712036,0.35379523038864136,-0.1460646092891693,0.9998030066490173,0.6354454755783081,0.42443427443504333,-0.06169553101062775,0.9993520379066467,0.5657555460929871,0.4153773784637451,-0.025646653026342392,0.9995753169059753,0.6528236865997314,0.5136489272117615,-0.039016224443912506,0.974260687828064,0.5500642657279968,0.5006451606750488,0.01427629217505455,0.9601535797119141,0.6476436853408813,0.596406102180481,-0.10362609475851059,0.9665966033935547,0.5503749847412109,0.586157500743866,-0.0345752015709877,0.9425686001777649,0.6467744708061218,0.6247934699058533,-0.12604418396949768,0.9369248747825623,0.5490096211433411,0.6115951538085938,-0.05134531483054161,0.9009408354759216,0.640907883644104,0.6220409274101257,-0.14408986270427704,0.9353806376457214,0.5544641613960266,0.609812319278717,-0.07337868213653564,0.899981677532196,0.6392689347267151,0.6151514649391174,-0.11113730072975159,0.9257115721702576,0.5562914609909058,0.6002721786499023,-0.044923603534698486,0.8893728852272034,0.6191567182540894,0.6111400723457336,-0.00872710905969143,0.9998453259468079,0.576183557510376,0.6145849227905273,0.008736216463148594,0.9996858835220337,0.6341962814331055,0.7358680367469788,-0.038586217910051346,0.9416812658309937,0.5909175872802734,0.7508745789527893,0.024654274806380272,0.8449345827102661,0.6480190753936768,0.8696783185005188,0.0776740238070488,0.8780830502510071,0.6221123337745667,0.8569123148918152,0.19090522825717926,0.7332936525344849,0.6462661623954773,0.886324405670166,0.084938183426857,0.5624639987945557,0.6299741864204407,0.8702802658081055,0.20401307940483093,0.4629976749420166,0.6539493799209595,0.9011482000350952,0.0012435854878276587,0.8483465909957886,0.6140486598014832,0.8974655866622925,0.13300123810768127,0.749966561794281
yena_fall_normal_15,63,21,2.1002853260869565,29.995924466784405,10,0.5937823057174683,0.3871912360191345,-0.18921686708927155,0.9998832941055298,0.5987864136695862,0.3771524131298065,-0.17476560175418854,0.9997690320014954,0.6016781330108643,0.3774818778038025,-0.174801766872406,0.9997329711914062,0.6043825745582581,0.3780689537525177,-0.17483451962471008,0.999744713306427,0.5893779993057251,0.37688183784484863,-0.17357292771339417,0.9997546672821045,0.5866612195968628,0.37726542353630066,-0.17357945442199707,0.9997074604034424,0.5847628116607666,0.3775555491447449,-0.17357811331748962,0.9997009634971619,0.6077021956443787,0.3859681785106659,-0.09434356540441513,0.9995779991149902,0.5808776021003723,0.3865613639354706,-0.08946231007575989,0.9995911717414856,0.5998175144195557,0.403959184885025,-0.15956003963947296,0.9998446106910706,0.5876855254173279,0.4025205671787262,-0.15824608504772186,0.9998217225074768,0.6292684078216553,0.4658099412918091,-0.061394140124320984,0.9994166493415833,0.5596080422401428,0.4562889039516449,-0.03648761287331581,0.9996140003204346,0.649502694606781,0.5500775575637817,-0.06607196480035782,0.9765673279762268,0.5386817455291748,0.5366104245185852,-0.007740081753581762,0.9620753526687622,0.6310846209526062,0.6194495558738708,-0.1709284484386444,0.9694350957870483,0.525829017162323,0.6090153455734253,-0.08420615643262863,0.9447892308235168,0.626526415348053,0.650574803352356,-0.20003396272659302,0.9417829513549805,0.519654393196106,0.6356234550476074,-0.11025301367044449,0.9046236872673035,0.6194722652435303,0.6426286101341248,-0.21461202204227448,0.9403897523880005,0.5229217410087585,0.6365997195243835,-0.1301765888929367,0.9040637612342834,0.6190465688705444,0.6347517967224121,-0.17734816670417786,0.9309051036834717,0.5263522863388062,0.6299064755439758,-0.09470183402299881,0.8935246467590332,0.6135362982749939,0.6480652093887329,-0.004458520095795393,0.9998546838760376,0.5678123831748962,0.6533054113388062,0.004427158273756504,0.9997056722640991,0.6316843032836914,0.7546798586845398,-0.14498911798000336,0.9407506585121155,0.5579506158828735,0.7692365050315857,-0.1143035814166069,0.8552820682525635,0.6446945667266846,0.8762332797050476,-0.052080169320106506,0.8761041164398193,0.6241660714149475,0.859522819519043,0.09632371366024017,0.715064287185669,0.6424119472503662,0.8940727710723877,-0.04570915177464485,0.5684953927993774,0.6358938813209534,0.8669869303703308,0.1150691881775856,0.4554186463356018,0.658940315246582,0.9044634699821472,-0.1395033895969391,0.8503309488296509,0.6293959021568298,0.9098450541496277,0.05854557082056999,0.7308211326599121
yena_fall_normal_15,66,22,2.2002989130434782,29.995924466784405,10,0.5800045728683472,0.452583909034729,-0.1406708061695099,0.9998934864997864,0.5849922299385071,0.4402378797531128,-0.1284940242767334,0.9997889995574951,0.5881373882293701,0.44043847918510437,-0.12855342030525208,0.9997565150260925,0.5910469889640808,0.4410097897052765,-0.1286303550004959,0.999767541885376,0.5770332217216492,0.44172510504722595,-0.1256088763475418,0.9997748136520386,0.5739973187446594,0.44290390610694885,-0.12562081217765808,0.9997307658195496,0.5716005563735962,0.4445755183696747,-0.12565870583057404,0.9997259974479675,0.5962894558906555,0.44982895255088806,-0.060437992215156555,0.9996154308319092,0.5691078305244446,0.4521193206310272,-0.04717858135700226,0.9996249675750732,0.586430013179779,0.4666489064693451,-0.11541741341352463,0.9998590350151062,0.5759281516075134,0.4672420024871826,-0.1117788776755333,0.9998378753662109,0.6172844171524048,0.5252200365066528,-0.04839048907160759,0.9994741678237915,0.5486736297607422,0.5166144967079163,-0.0005166936898604035,0.9996499419212341,0.6382134556770325,0.6067641973495483,-0.0806262418627739,0.9782242178916931,0.5215114951133728,0.5949403643608093,0.018036413937807083,0.9594793319702148,0.597174882888794,0.6417999863624573,-0.1734011173248291,0.9713740348815918,0.4974815547466278,0.6670622229576111,-0.055299095809459686,0.941918671131134,0.5871082544326782,0.6611028909683228,-0.1950555443763733,0.9447956681251526,0.48699280619621277,0.6879895329475403,-0.07598958909511566,0.9018571376800537,0.5831112265586853,0.6493362784385681,-0.19624875485897064,0.9433185458183289,0.48902300000190735,0.6907439231872559,-0.09334089607000351,0.9018516540527344,0.5848953723907471,0.6429098844528198,-0.17363227903842926,0.93327796459198,0.4936131536960602,0.6837605237960815,-0.065119668841362,0.8919649124145508,0.5951662659645081,0.7042584419250488,-0.004505967255681753,0.9998519420623779,0.5495566725730896,0.7115375399589539,0.0044569033198058605,0.9997296333312988,0.6329434514045715,0.7960109710693359,-0.07071568816900253,0.9439160227775574,0.5314598679542542,0.8170788884162903,-0.2360442578792572,0.8691938519477844,0.6431980729103088,0.8571137189865112,0.11395193636417389,0.8751562833786011,0.6014195084571838,0.8639625906944275,-0.024335144087672234,0.7197968363761902,0.6485950350761414,0.8628879189491272,0.13136306405067444,0.563550591468811,0.6131006479263306,0.8624683618545532,-0.002033997792750597,0.45465967059135437,0.6630811095237732,0.8819950819015503,0.08756779134273529,0.8430583477020264,0.6151353120803833,0.9153130650520325,-0.03140648081898689,0.7280774116516113
yena_fall_normal_15,69,23,2.3003125,29.995924466784405,10,0.5539817810058594,0.5205508470535278,-0.11179163306951523,0.9999040365219116,0.5578099489212036,0.5097902417182922,-0.0989559218287468,0.9998100399971008,0.5603126883506775,0.5091899633407593,-0.0989907905459404,0.9997808337211609,0.5624774098396301,0.5087996125221252,-0.09905515611171722,0.9997907280921936,0.5488606691360474,0.5132684111595154,-0.09732742607593536,0.9997972249984741,0.5457172393798828,0.514620840549469,-0.09737075865268707,0.9997575283050537,0.5431082844734192,0.5160790085792542,-0.09740559756755829,0.9997532367706299,0.5670849084854126,0.5147936344146729,-0.0364263579249382,0.9996537566184998,0.5408976674079895,0.523855447769165,-0.029627377167344093,0.9996623396873474,0.5603880286216736,0.5324159860610962,-0.09018860012292862,0.9998731017112732,0.551075279712677,0.5369912981987,-0.08844802528619766,0.9998540282249451,0.5927432775497437,0.5941959023475647,-0.02828834392130375,0.9995266795158386,0.5209777355194092,0.6016097068786621,-0.0069610122591257095,0.9996846318244934,0.6124604940414429,0.683141827583313,-0.08053794503211975,0.9789014458656311,0.49511536955833435,0.6812464594841003,-0.0007506759720854461,0.9614884257316589,0.5638138055801392,0.6854364275932312,-0.16900257766246796,0.9726672768592834,0.47248536348342896,0.7564926147460938,-0.04862300679087639,0.9410524964332581,0.5520858764648438,0.6871780753135681,-0.18603038787841797,0.9469868540763855,0.4605318605899811,0.7743539810180664,-0.0586317740380764,0.8997206091880798,0.5499850511550903,0.675493597984314,-0.1841929405927658,0.9454712867736816,0.4619254171848297,0.7784663438796997,-0.07285428047180176,0.8998419046401978,0.5523876547813416,0.6742652654647827,-0.16518279910087585,0.9342865943908691,0.4664478600025177,0.773851215839386,-0.055620260536670685,0.8906028866767883,0.5804529786109924,0.757017970085144,0.0007321065058931708,0.9998645782470703,0.5380333662033081,0.7730660438537598,-0.0008658700389787555,0.9997532367706299,0.620710015296936,0.7923732995986938,-0.20118053257465363,0.9492032527923584,0.507229745388031,0.8654054999351501,-0.2527792453765869,0.8819420337677002,0.6453513503074646,0.8641114830970764,-0.1584613174200058,0.886729896068573,0.5789759159088135,0.862417459487915,-0.050459880381822586,0.7184156179428101,0.6482200622558594,0.8867601752281189,-0.1529487669467926,0.6008280515670776,0.5891811847686768,0.845710277557373,-0.025732601061463356,0.4486646056175232,0.6723617315292358,0.8833003640174866,-0.20787477493286133,0.8571814298629761,0.6049903631210327,0.9089186787605286,-0.033842992037534714,0.7236879467964172
yena_fall_normal_15,72,24,2.4003260869565217,29.995924466784405,10,0.5006598234176636,0.5895065069198608,-0.19315379858016968,0.9999122023582458,0.504685640335083,0.577644407749176,-0.18608808517456055,0.999828040599823,0.5072513222694397,0.5762456059455872,-0.18616552650928497,0.9998018741607666,0.5097734332084656,0.5748792290687561,-0.1862228363752365,0.9998108744621277,0.49674731492996216,0.5815263986587524,-0.18111060559749603,0.9998160004615784,0.49417537450790405,0.5829943418502808,-0.18116022646427155,0.9997799396514893,0.4919900894165039,0.58448725938797,-0.18117554485797882,0.9997760057449341,0.5170826315879822,0.5806767344474792,-0.13273023068904877,0.9996863007545471,0.4927821159362793,0.5922344326972961,-0.11213560402393341,0.9996938109397888,0.5075410604476929,0.60174161195755,-0.17404040694236755,0.9998852610588074,0.49896034598350525,0.606306254863739,-0.16800640523433685,0.9998676180839539,0.5496901273727417,0.6501705050468445,-0.10566743463277817,0.9995725154876709,0.4841994345188141,0.6783747673034668,-0.08700092881917953,0.9997144937515259,0.5690597891807556,0.7467833161354065,-0.18052653968334198,0.9801551699638367,0.4628355801105499,0.7684056162834167,-0.08790329098701477,0.9638577103614807,0.5193996429443359,0.7634861469268799,-0.27815723419189453,0.9729781746864319,0.43317756056785583,0.8367315530776978,-0.1532079130411148,0.9425935745239258,0.5091160535812378,0.7721594572067261,-0.2988903224468231,0.9475657343864441,0.42053964734077454,0.8464491367340088,-0.17004981637001038,0.9023875594139099,0.5039886236190796,0.7593178153038025,-0.292490154504776,0.9458723068237305,0.42030081152915955,0.8495565056800842,-0.18889416754245758,0.9028659462928772,0.5066587328910828,0.7552831172943115,-0.2754836678504944,0.9324691295623779,0.42562025785446167,0.8481808304786682,-0.1631344109773636,0.8934621810913086,0.5574632883071899,0.7960105538368225,0.008672963827848434,0.9998720288276672,0.5175693035125732,0.8236538171768188,-0.008736979216337204,0.9997672438621521,0.6059274077415466,0.7994582056999207,-0.18110035359859467,0.952823281288147,0.5114448666572571,0.859097421169281,-0.25063076615333557,0.8923413753509521,0.6480762958526611,0.8712608814239502,-0.27492907643318176,0.893568754196167,0.5771439671516418,0.8721576929092407,-0.1647757589817047,0.7008073329925537,0.6549726724624634,0.9068260192871094,-0.28525564074516296,0.6358366012573242,0.5838338732719421,0.8685253858566284,-0.1545264720916748,0.4634338915348053,0.675818681716919,0.8512928485870361,-0.333732932806015,0.8691751956939697,0.6060803532600403,0.8748432397842407,-0.15698572993278503,0.7324325442314148
yena_fall_normal_15,75,25,2.5003396739130435,29.995924466784405,10,0.44811296463012695,0.6606621146202087,-0.1739143431186676,0.9998946189880371,0.44990605115890503,0.645906388759613,-0.16632191836833954,0.9998311996459961,0.45286667346954346,0.6430130004882812,-0.16639839112758636,0.9998053908348083,0.4561684727668762,0.6400527954101562,-0.16647984087467194,0.9998177289962769,0.4427068531513214,0.6534857153892517,-0.16029061377048492,0.9998100996017456,0.4405134320259094,0.6560184359550476,-0.16032777726650238,0.9997663497924805,0.438491553068161,0.6584227085113525,-0.16034746170043945,0.9997709393501282,0.46591049432754517,0.6418463587760925,-0.1333891749382019,0.9997007250785828,0.44254350662231445,0.6622350215911865,-0.09252499788999557,0.9996889233589172,0.45703014731407166,0.6678550243377686,-0.15581828355789185,0.9998892545700073,0.4490290582180023,0.6752389669418335,-0.14768151938915253,0.999869167804718,0.49958518147468567,0.6892746686935425,-0.10301991552114487,0.9996073842048645,0.44835802912712097,0.7270151376724243,-0.06563862413167953,0.999733030796051,0.5283775329589844,0.7699194550514221,-0.14882111549377441,0.9796550273895264,0.4333946108818054,0.805986225605011,-0.06434635072946548,0.9469670653343201,0.4756992757320404,0.8255247473716736,-0.2491999715566635,0.9672084450721741,0.3967340588569641,0.861604630947113,-0.12246651202440262,0.9284284710884094,0.4616208076477051,0.841467559337616,-0.2498466968536377,0.9350995421409607,0.3836560845375061,0.8697007298469543,-0.14045830070972443,0.8859741687774658,0.4559824764728546,0.8319350481033325,-0.23472003638744354,0.9327244758605957,0.38237252831459045,0.8667847514152527,-0.15570290386676788,0.8886099457740784,0.4589908719062805,0.8270320892333984,-0.23268267512321472,0.9145315289497375,0.3878341615200043,0.8658870458602905,-0.13151265680789948,0.8811622262001038,0.5157203674316406,0.8031952977180481,0.009619378484785557,0.9997683167457581,0.48380956053733826,0.8269195556640625,-0.009716713801026344,0.999593198299408,0.5646656155586243,0.8049265146255493,-0.08352606743574142,0.9023106098175049,0.526921808719635,0.8194196820259094,-0.12781544029712677,0.8440166115760803,0.6247112154960632,0.8626778721809387,-0.17034921050071716,0.8407052755355835,0.5884779095649719,0.8689623475074768,-0.1271868795156479,0.6446133852005005,0.6299176812171936,0.8852331638336182,-0.22707386314868927,0.6175733804702759,0.5869292616844177,0.8734676241874695,-0.12557373940944672,0.43823543190956116,0.6557865142822266,0.8485862016677856,-0.2991892397403717,0.8176102638244629,0.6220897436141968,0.8639553785324097,-0.16575784981250763,0.6785227060317993
yena_fall_normal_15,78,26,2.600353260869565,29.995924466784405,10,0.40718382596969604,0.7209926247596741,-0.16957786679267883,0.9998690485954285,0.4054551124572754,0.7059184312820435,-0.1630764603614807,0.9998185038566589,0.40751367807388306,0.7020652294158936,-0.16312429308891296,0.9997959136962891,0.4097641110420227,0.6978394389152527,-0.16319720447063446,0.9997997283935547,0.4003416895866394,0.7151340842247009,-0.1566588282585144,0.9997942447662354,0.3988398015499115,0.7179610133171082,-0.15667615830898285,0.9997548460960388,0.3976467251777649,0.7204300761222839,-0.15663857758045197,0.9997583627700806,0.41886255145072937,0.6889520883560181,-0.13959531486034393,0.9997137784957886,0.401387482881546,0.7202410101890564,-0.08884581178426743,0.9996923804283142,0.4168281853199005,0.7244527339935303,-0.15229679644107819,0.9998825788497925,0.41085293889045715,0.7327112555503845,-0.14471758902072906,0.9998583197593689,0.4647566080093384,0.7291549444198608,-0.12153684347867966,0.9995925426483154,0.41717860102653503,0.759107768535614,-0.05168105661869049,0.9997329711914062,0.4667589068412781,0.8282063603401184,-0.1553453803062439,0.9691342711448669,0.40737998485565186,0.830509603023529,-0.058331966400146484,0.8806748390197754,0.4151195287704468,0.8608665466308594,-0.17793001234531403,0.923130989074707,0.37173089385032654,0.8735044002532959,-0.10565951466560364,0.8707550764083862,0.39262664318084717,0.8850266337394714,-0.192862406373024,0.8791783452033997,0.35875001549720764,0.8935187458992004,-0.11658637225627899,0.8322281241416931,0.3943755328655243,0.8641783595085144,-0.182389497756958,0.8770241141319275,0.3577898144721985,0.891743004322052,-0.1333092749118805,0.8381237983703613,0.40048947930336,0.8584578633308411,-0.17298772931098938,0.8547282218933105,0.3648020327091217,0.8877477645874023,-0.11613479256629944,0.8345670700073242,0.48579949140548706,0.8361386656761169,-0.009457220323383808,0.9992949366569519,0.4542009234428406,0.845685601234436,0.009337246417999268,0.9988416433334351,0.5240208506584167,0.8316352963447571,-0.07032764703035355,0.8518469333648682,0.44028863310813904,0.824181854724884,-0.02011965401470661,0.7978399991989136,0.5745548605918884,0.8756145238876343,-0.06076072156429291,0.7859490513801575,0.4390898048877716,0.9088457822799683,-0.013761622831225395,0.6029325127601624,0.581550657749176,0.8870394825935364,-0.062191128730773926,0.5805910229682922,0.44174930453300476,0.926386296749115,-0.01303431298583746,0.42141884565353394,0.5902997851371765,0.880338191986084,-0.10770804435014725,0.757095456123352,0.4323132634162903,0.9242433905601501,-0.04396585002541542,0.6287438869476318
yena_fall_normal_15,81,27,2.700366847826087,29.995924466784405,10,0.3767896890640259,0.7717823386192322,-0.1785227358341217,0.9989338517189026,0.3748503625392914,0.7589226961135864,-0.18767352402210236,0.9995808005332947,0.37636804580688477,0.7551529407501221,-0.187675341963768,0.9995274543762207,0.37817806005477905,0.7507275938987732,-0.18779489398002625,0.9996199011802673,0.3712840676307678,0.7674950361251831,-0.174412339925766,0.9993732571601868,0.370339035987854,0.7698094248771667,-0.174424409866333,0.9990779757499695,0.3694075345993042,0.7722057104110718,-0.17445524036884308,0.9991323947906494,0.38670822978019714,0.7364811897277832,-0.1874431073665619,0.9996326565742493,0.3729805648326874,0.7683438062667847,-0.12498969584703445,0.9992135167121887,0.3860558569431305,0.772682785987854,-0.17314396798610687,0.9996460676193237,0.38127651810646057,0.7805157899856567,-0.15573814511299133,0.9993242621421814,0.428195983171463,0.7574198842048645,-0.17668485641479492,0.9995633959770203,0.4003675580024719,0.7609061598777771,-0.05639676749706268,0.9989963173866272,0.4181799292564392,0.8484852910041809,-0.17470599710941315,0.968044102191925,0.3936428725719452,0.8264862895011902,-0.06613583862781525,0.7953413128852844,0.37813955545425415,0.8671724796295166,-0.14054463803768158,0.9032832980155945,0.37735214829444885,0.8520181179046631,-0.13087297976016998,0.7852075695991516,0.3658964931964874,0.8775652050971985,-0.1523631513118744,0.8444077372550964,0.37258702516555786,0.8618442416191101,-0.13793547451496124,0.7511438727378845,0.3629477620124817,0.8624594807624817,-0.14636261761188507,0.844135582447052,0.36972466111183167,0.8607722520828247,-0.14933039247989655,0.7567172646522522,0.36757519841194153,0.8598120808601379,-0.13669422268867493,0.8201338052749634,0.3736813962459564,0.8586989641189575,-0.1376413255929947,0.7540391683578491,0.45784902572631836,0.8620817065238953,-0.04341983422636986,0.9989262819290161,0.43705007433891296,0.8436194658279419,0.04341798648238182,0.9982426166534424,0.41412660479545593,0.8913877606391907,-0.0637323185801506,0.7985350489616394,0.40357083082199097,0.8362269401550293,0.08081725239753723,0.7275213599205017,0.417022168636322,0.9358988404273987,0.014691260643303394,0.7095454931259155,0.4087277948856354,0.9231277108192444,0.09683907777070999,0.5452020764350891,0.42274603247642517,0.9424550533294678,0.02524758316576481,0.5262805819511414,0.4140723943710327,0.9384222626686096,0.10113004595041275,0.3833271861076355,0.3983303904533386,0.944159746170044,0.03751295432448387,0.684643030166626,0.39487406611442566,0.9399412274360657,0.10926123708486557,0.5690054893493652
yena_fall_normal_15,84,28,2.8003804347826087,29.995924466784405,10,0.3606620728969574,0.8145816326141357,-0.08719121664762497,0.9987576603889465,0.3572758138179779,0.8035107254981995,-0.09654312580823898,0.9995585083961487,0.35806792974472046,0.799677848815918,-0.09659238159656525,0.9994982481002808,0.3591115176677704,0.7952350974082947,-0.0967734158039093,0.999600350856781,0.3554994761943817,0.8111650943756104,-0.08373133838176727,0.9993477463722229,0.3550568222999573,0.8130367994308472,-0.0836840346455574,0.9990584850311279,0.35461366176605225,0.8150365948677063,-0.0836731344461441,0.9991204738616943,0.36473560333251953,0.7770668268203735,-0.11052734404802322,0.9996477365493774,0.3581479489803314,0.8043501377105713,-0.049341876059770584,0.999259889125824,0.3685910999774933,0.8099172115325928,-0.08891208469867706,0.9996315240859985,0.3658306896686554,0.8195128440856934,-0.0716351643204689,0.9992927312850952,0.4196557104587555,0.7587819695472717,-0.10246112197637558,0.9995927214622498,0.3795895576477051,0.7809503078460693,-0.014454098418354988,0.998725414276123,0.46455010771751404,0.8111122250556946,-0.08986099064350128,0.963947594165802,0.39162927865982056,0.8228201866149902,0.02296554483473301,0.718726396560669,0.42716237902641296,0.848318874835968,-0.05423177033662796,0.8503823280334473,0.3882814645767212,0.8451277017593384,0.031802497804164886,0.707467794418335,0.43243539333343506,0.843453586101532,-0.05676434189081192,0.7811112999916077,0.3816737234592438,0.857925295829773,0.03352469950914383,0.6768945455551147,0.4226452708244324,0.8502369523048401,-0.05203387513756752,0.7820056676864624,0.38080063462257385,0.8579434156417847,0.02948814630508423,0.6820344924926758,0.42093393206596375,0.8583900332450867,-0.05077360197901726,0.7590364217758179,0.3854537904262543,0.8577864766120911,0.029450498521327972,0.6798320412635803,0.4479415714740753,0.8584637641906738,-0.03941177576780319,0.9989996552467346,0.4213135838508606,0.8524114489555359,0.039383772760629654,0.9982826113700867,0.40474069118499756,0.8721722364425659,-0.031065504997968674,0.7740941047668457,0.3838500678539276,0.832809329032898,0.10369159281253815,0.6639789938926697,0.41887161135673523,0.9230235815048218,0.05228878930211067,0.6427897214889526,0.3972087800502777,0.9175477027893066,0.12678566575050354,0.49391764402389526,0.42697957158088684,0.9296365976333618,0.06337297707796097,0.4792194962501526,0.404513418674469,0.9292282462120056,0.13088221848011017,0.3490448594093323,0.4057852625846863,0.9393150806427002,0.08451273292303085,0.6206538081169128,0.38647469878196716,0.9284151792526245,0.14323991537094116,0.516281247138977
yena_fall_normal_15,87,29,2.9003940217391304,29.995924466784405,10,0.3559168875217438,0.8175560832023621,0.08068842440843582,0.9984856843948364,0.35365912318229675,0.807127833366394,0.0840253084897995,0.9994459748268127,0.35484135150909424,0.8021978735923767,0.08394720405340195,0.999386727809906,0.3560258150100708,0.7973431348800659,0.08383499830961227,0.9994770288467407,0.35069552063941956,0.816791832447052,0.09672825038433075,0.9991584420204163,0.3499439060688019,0.8195088505744934,0.09681437909603119,0.9988653063774109,0.34927600622177124,0.8222478628158569,0.09678012877702713,0.9989201426506042,0.3603852093219757,0.7836852073669434,0.08930810540914536,0.9995875358581543,0.35217535495758057,0.8151185512542725,0.14743350446224213,0.9991838932037354,0.36348971724510193,0.8122850060462952,0.08034741878509521,0.9994838833808899,0.36045920848846436,0.823179304599762,0.09721154719591141,0.9991477727890015,0.4041072130203247,0.7663713693618774,0.0655997171998024,0.9996289014816284,0.3832865357398987,0.7955245971679688,0.1431349366903305,0.9985408186912537,0.43601733446121216,0.8020722270011902,0.004603571258485317,0.9407534599304199,0.38402125239372253,0.8426072597503662,0.06827189773321152,0.6477945446968079,0.4194793403148651,0.8459699749946594,-0.031263116747140884,0.8007404208183289,0.38315945863723755,0.8677392601966858,-0.029173072427511215,0.6370556950569153,0.4159580171108246,0.8387801051139832,-0.045298002660274506,0.7294558882713318,0.38244158029556274,0.8731772303581238,-0.03884149342775345,0.6097403764724731,0.411188006401062,0.8402093052864075,-0.03385242074728012,0.7292485237121582,0.3812474012374878,0.8697500228881836,-0.04118211567401886,0.6143894791603088,0.4128682017326355,0.8405632376670837,-0.02719888649880886,0.7047328352928162,0.3828028738498688,0.8673158288002014,-0.03362656757235527,0.6127075552940369,0.4473729729652405,0.8402771353721619,-0.02259950526058674,0.9990915656089783,0.42528602480888367,0.85467928647995,0.022244233638048172,0.9984043836593628,0.48391568660736084,0.8664479851722717,-0.04377443715929985,0.7816519737243652,0.41367754340171814,0.8746567964553833,0.027443833649158478,0.6318855881690979,0.5498574376106262,0.8817809224128723,-0.09656496345996857,0.627916693687439,0.4331793189048767,0.9344968199729919,-0.027056442573666573,0.45805296301841736,0.560775101184845,0.882088303565979,-0.10300298035144806,0.47283217310905457,0.4350442886352539,0.9398139715194702,-0.03181951865553856,0.34066107869148254,0.5664976239204407,0.9049856066703796,-0.13623513281345367,0.587335467338562,0.43654707074165344,0.965672492980957,-0.05558441951870918,0.4771847426891327
yena_fall_normal_15,90,30,3.000407608695652,29.995924466784405,10,0.3570915162563324,0.8231900334358215,-0.0004064443346578628,0.9984632730484009,0.35373395681381226,0.8121997714042664,0.004445087630301714,0.999444305896759,0.3547873795032501,0.8069025874137878,0.004362925421446562,0.9993773698806763,0.35572975873947144,0.8014250993728638,0.004194269422441721,0.9994679689407349,0.3514028489589691,0.8239133358001709,0.01459207572042942,0.9991568326950073,0.3503403961658478,0.8274946212768555,0.014657285064458847,0.9988682866096497,0.3498934805393219,0.8300886750221252,0.014671629294753075,0.9989265203475952,0.35988113284111023,0.7870249152183533,0.023642247542738914,0.999574601650238,0.35212793946266174,0.8263555765151978,0.07115470618009567,0.9992103576660156,0.3657468557357788,0.8157207369804382,0.0054635656997561455,0.9994357824325562,0.3639752268791199,0.8291786313056946,0.01926780305802822,0.9991419911384583,0.40258458256721497,0.7712550163269043,0.02743995189666748,0.9996582865715027,0.37598052620887756,0.8129001259803772,0.07527817040681839,0.9985725283622742,0.4405108690261841,0.7727900147438049,-0.018405994400382042,0.9062536954879761,0.38813868165016174,0.8416305184364319,0.0657963976264,0.5854668617248535,0.5051212906837463,0.8035744428634644,-0.06993842124938965,0.739074170589447,0.4147842824459076,0.8610261678695679,0.06578602641820908,0.5742449760437012,0.5151799917221069,0.7969216704368591,-0.08630021661520004,0.672012209892273,0.4225282073020935,0.8584686517715454,0.06542621552944183,0.5500338673591614,0.5125728845596313,0.8006847500801086,-0.07801724225282669,0.6725860834121704,0.42153850197792053,0.8538680672645569,0.06324110925197601,0.5542737245559692,0.5082408785820007,0.8062735199928284,-0.0696999654173851,0.6494333148002625,0.4196070432662964,0.8559259176254272,0.06462830305099487,0.5530897378921509,0.44394606351852417,0.8261635899543762,-0.018521953374147415,0.9991808533668518,0.41797807812690735,0.8498571515083313,0.01831122115254402,0.9985482096672058,0.5203785300254822,0.8564084768295288,-0.08843488991260529,0.7962301969528198,0.40108051896095276,0.870527982711792,-0.0011175851104781032,0.6199442744255066,0.6044628620147705,0.8493521213531494,-0.1375139206647873,0.6592755913734436,0.4073718786239624,0.9354580640792847,0.002526904223486781,0.45942074060440063,0.6148662567138672,0.8486508131027222,-0.141814187169075,0.5134260058403015,0.414690762758255,0.9421893358230591,0.00013351118832360953,0.36549630761146545,0.6364306807518005,0.852142870426178,-0.2052527368068695,0.6105632781982422,0.4041893780231476,0.9637357592582703,-0.020505376160144806,0.46142497658729553
yena_fall_normal_15,93,31,3.100421195652174,29.995924466784405,10,0.35904306173324585,0.8234018683433533,0.005082248244434595,0.998568594455719,0.35495322942733765,0.812510073184967,0.008283548057079315,0.9994648098945618,0.35587406158447266,0.8074116706848145,0.008211415261030197,0.9994094371795654,0.35673433542251587,0.8021379709243774,0.00810097623616457,0.9994863271713257,0.3527226448059082,0.8251267075538635,0.018745170906186104,0.9991837739944458,0.3519359230995178,0.8291604518890381,0.0187948327511549,0.9989195466041565,0.35135766863822937,0.8328381180763245,0.018758220598101616,0.9989619851112366,0.36032211780548096,0.7910714745521545,0.025847772136330605,0.999593198299408,0.35346153378486633,0.83083575963974,0.07468412816524506,0.9992430210113525,0.36816492676734924,0.8182945251464844,0.010940803214907646,0.9994283318519592,0.36583033204078674,0.8306136727333069,0.024790098890662193,0.9991528987884521,0.3975759446620941,0.7790461778640747,0.022777913138270378,0.9996635317802429,0.37369200587272644,0.8155328631401062,0.08553239703178406,0.9985716342926025,0.43081045150756836,0.8121899366378784,-0.02294217422604561,0.8846706748008728,0.37550488114356995,0.8486511707305908,0.08855822682380676,0.5313684940338135,0.40575945377349854,0.840936005115509,-0.03282659873366356,0.7094415426254272,0.3864644169807434,0.8713729381561279,0.08916682749986649,0.5188785195350647,0.3983273208141327,0.8484167456626892,-0.03639562800526619,0.6415328979492188,0.3910100758075714,0.8738322854042053,0.09525593370199203,0.49786508083343506,0.39428335428237915,0.8409647941589355,-0.0192573182284832,0.640561044216156,0.38910210132598877,0.8729614615440369,0.09357035160064697,0.5018491744995117,0.39708027243614197,0.8388960957527161,-0.025159291923046112,0.6172072291374207,0.38798728585243225,0.8731400370597839,0.08820096403360367,0.5019373893737793,0.439096063375473,0.8222165703773499,-0.015681196004152298,0.9992492198944092,0.41748037934303284,0.848669171333313,0.015314420685172081,0.9986372590065002,0.5249854922294617,0.8236426711082458,-0.07105687260627747,0.8135004043579102,0.421970933675766,0.8496350049972534,-0.04220984876155853,0.6401110887527466,0.6062793731689453,0.8372287154197693,-0.13689996302127838,0.6908068656921387,0.4666920006275177,0.9060066342353821,-0.07944809645414352,0.487900972366333,0.6160393953323364,0.8412841558456421,-0.14565441012382507,0.5553461313247681,0.47676753997802734,0.9106384515762329,-0.08336710184812546,0.40695488452911377,0.6409198045730591,0.849280834197998,-0.20685282349586487,0.6423017978668213,0.4823225140571594,0.9367676377296448,-0.12120258808135986,0.48244184255599976
yena_fall_normal_15,96,32,3.2004347826086956,29.995924466784405,10,0.3624722361564636,0.8265141844749451,-0.2983458340167999,0.9985615015029907,0.3575223684310913,0.8141599893569946,-0.30287662148475647,0.9994471073150635,0.3583666980266571,0.8078683614730835,-0.302895724773407,0.999415934085846,0.3592897951602936,0.8017832636833191,-0.3030270040035248,0.9994592070579529,0.3555583655834198,0.8285677433013916,-0.29574429988861084,0.9991289377212524,0.3549247682094574,0.8328906297683716,-0.2957787811756134,0.9989263415336609,0.35443195700645447,0.837171733379364,-0.2958201766014099,0.9988642334938049,0.3627271354198456,0.7893587350845337,-0.27169662714004517,0.9995892643928528,0.3563527762889862,0.8347285389900208,-0.23742620646953583,0.9992011189460754,0.37200063467025757,0.8191105127334595,-0.2826918363571167,0.9993873238563538,0.36892738938331604,0.8343841433525085,-0.27283090353012085,0.9991010427474976,0.4020968973636627,0.7778750061988831,-0.20609155297279358,0.99969083070755,0.37609174847602844,0.8289554715156555,-0.15639978647232056,0.9986577033996582,0.44089967012405396,0.7969650626182556,-0.20558194816112518,0.872349739074707,0.3960669934749603,0.8501514792442322,-0.06715475767850876,0.48457396030426025,0.4474988579750061,0.8346749544143677,-0.23068784177303314,0.6561779379844666,0.41452834010124207,0.8668515682220459,-0.004367010667920113,0.46887052059173584,0.4513258934020996,0.843405544757843,-0.24000480771064758,0.5964946150779724,0.4164980947971344,0.8700255155563354,0.002538158092647791,0.4514625072479248,0.44685932993888855,0.8371841907501221,-0.24640706181526184,0.5960202217102051,0.41641923785209656,0.8688124418258667,-0.008589436300098896,0.4550064504146576,0.4451459050178528,0.8375795483589172,-0.23302921652793884,0.571960985660553,0.4166218042373657,0.8683509230613708,-0.0067041595466434956,0.45524492859840393,0.4429906904697418,0.8225778937339783,-0.013732611201703548,0.9993228912353516,0.41887667775154114,0.8519226312637329,0.013772097416222095,0.9987280964851379,0.5345126986503601,0.8069301843643188,-0.09616290777921677,0.8306783437728882,0.3543420732021332,0.8703699707984924,-0.030105387791991234,0.6490904688835144,0.6218351125717163,0.838364839553833,-0.18012644350528717,0.7206594347953796,0.3168606460094452,0.9080167412757874,-0.05127372592687607,0.5058054327964783,0.633095920085907,0.847152829170227,-0.1875184327363968,0.5978727340698242,0.3165566027164459,0.9261550903320312,-0.05135662108659744,0.45357030630111694,0.6495791077613831,0.8290265798568726,-0.2523173689842224,0.6771852970123291,0.29562193155288696,0.9063199758529663,-0.078202024102211,0.5211974382400513
yena_fall_normal_15,99,33,3.3004483695652174,29.995924466784405,10,0.3638380765914917,0.8226306438446045,-0.228468120098114,0.9983296394348145,0.35948649048805237,0.8114861845970154,-0.22977836430072784,0.9992734789848328,0.36028870940208435,0.8051391243934631,-0.2297753393650055,0.9992720484733582,0.361084908246994,0.7990952134132385,-0.22988834977149963,0.9992511868476868,0.35739725828170776,0.8279047012329102,-0.22271889448165894,0.998874306678772,0.35670241713523865,0.8327621817588806,-0.22272492945194244,0.9987402558326721,0.35617920756340027,0.8369289040565491,-0.22277036309242249,0.9984560012817383,0.3641097843647003,0.7889629602432251,-0.1909361183643341,0.9994492530822754,0.35804876685142517,0.8363709449768066,-0.15636341273784637,0.9987800717353821,0.3734499216079712,0.8138484954833984,-0.21062800288200378,0.999127209186554,0.36970409750938416,0.8314406275749207,-0.20083141326904297,0.9988661408424377,0.40112391114234924,0.7774114608764648,-0.14237642288208008,0.9997060894966125,0.37756749987602234,0.8334557414054871,-0.08064603805541992,0.9986923933029175,0.43023887276649475,0.800912082195282,-0.1559758335351944,0.8514009714126587,0.38516131043434143,0.8697972893714905,-0.07935651391744614,0.4442724883556366,0.4229385554790497,0.8390489816665649,-0.16024810075759888,0.6015962362289429,0.4040440320968628,0.8755786418914795,-0.12472990900278091,0.4239712357521057,0.4191604256629944,0.8443314433097839,-0.16580258309841156,0.5492706894874573,0.4053816497325897,0.8789581656455994,-0.1274736076593399,0.40979254245758057,0.4162066578865051,0.8417118191719055,-0.16174572706222534,0.5483074188232422,0.4092065989971161,0.8749336004257202,-0.13074691593647003,0.41273587942123413,0.4175858497619629,0.8427283763885498,-0.15707428753376007,0.5244797468185425,0.4093969166278839,0.8742984533309937,-0.12720851600170135,0.41317588090896606,0.45922839641571045,0.8305434584617615,-0.014189704321324825,0.9993877410888672,0.4275256097316742,0.861578106880188,0.014197930693626404,0.9987930059432983,0.5440245270729065,0.8156663179397583,-0.10089889168739319,0.8463289737701416,0.35615426301956177,0.868668258190155,-0.044641949236392975,0.6418969631195068,0.6372789740562439,0.8508793711662292,-0.20759263634681702,0.7470864057540894,0.31815221905708313,0.9216819405555725,-0.09780696034431458,0.5157971978187561,0.6488144993782043,0.8591747879981995,-0.21706263720989227,0.6338433623313904,0.32006800174713135,0.9441885948181152,-0.10048164427280426,0.49212881922721863,0.6639822125434875,0.8526320457458496,-0.2841130793094635,0.7082115411758423,0.2922172546386719,0.9116055965423584,-0.1276644766330719,0.5560259222984314
yena_fall_normal_15,102,34,3.400461956521739,29.995924466784405,10,0.3644220530986786,0.8249226808547974,-0.08940111100673676,0.9979653358459473,0.36020490527153015,0.8134928345680237,-0.0921078771352768,0.9989999532699585,0.36088383197784424,0.8075684905052185,-0.09213888645172119,0.998895525932312,0.3614141047000885,0.8014270067214966,-0.0922342836856842,0.9990008473396301,0.35791531205177307,0.8290966153144836,-0.08098609745502472,0.9984589219093323,0.3569038510322571,0.8338556289672852,-0.08097297698259354,0.9980083703994751,0.3564198613166809,0.8383557796478271,-0.0810302197933197,0.997878909111023,0.36413952708244324,0.7893995642662048,-0.07434069365262985,0.99893718957901,0.35903671383857727,0.8370556235313416,-0.0205265861004591,0.9977685213088989,0.374030202627182,0.8148123621940613,-0.08083619922399521,0.9989246726036072,0.372697651386261,0.832592785358429,-0.0654592216014862,0.9985794425010681,0.4019676148891449,0.7764772176742554,-0.06904257833957672,0.9996362328529358,0.3940685987472534,0.8274997472763062,0.034275270998477936,0.9983306527137756,0.42442044615745544,0.8210541605949402,-0.08029665052890778,0.8280484080314636,0.40695640444755554,0.8641203045845032,0.08671344071626663,0.40496283769607544,0.40404972434043884,0.8545671701431274,-0.043621912598609924,0.5594223141670227,0.4041675329208374,0.8732174038887024,0.10047730803489685,0.3839384913444519,0.3983666002750397,0.861211359500885,-0.04335848242044449,0.5108314752578735,0.40482059121131897,0.8768652081489563,0.10740579664707184,0.37208470702171326,0.3958663046360016,0.8570790886878967,-0.033536989241838455,0.5092664361000061,0.40729638934135437,0.8742154836654663,0.09804479777812958,0.3748975694179535,0.3984926640987396,0.8562656044960022,-0.037761591374874115,0.48638299107551575,0.4091608226299286,0.8729857802391052,0.09625156223773956,0.37600016593933105,0.4881170094013214,0.8202231526374817,-0.0253473948687315,0.9989480376243591,0.4674839675426483,0.8599428534507751,0.02533372864127159,0.9957296252250671,0.5614503026008606,0.828064501285553,-0.08828804641962051,0.8599734306335449,0.4345257878303528,0.8679713010787964,-0.02513326331973076,0.6248330473899841,0.6453241109848022,0.861588180065155,-0.11339684575796127,0.7706565856933594,0.44708096981048584,0.924741804599762,-0.03056744486093521,0.5193770527839661,0.657189130783081,0.8705270886421204,-0.11740697175264359,0.6599806547164917,0.455939918756485,0.9420585036277771,-0.03093772754073143,0.5053267478942871,0.6639506816864014,0.8884050250053406,-0.18562842905521393,0.7328401803970337,0.44171425700187683,0.9496915340423584,-0.05771162360906601,0.563947856426239
yena_fall_normal_15,105,35,3.500475543478261,29.995924466784405,10,0.3637012243270874,0.8279681205749512,-0.09251074492931366,0.997161328792572,0.35774052143096924,0.8169053792953491,-0.0890800878405571,0.9979686737060547,0.358117938041687,0.8108001947402954,-0.08914939314126968,0.99796062707901,0.35845789313316345,0.8049210906028748,-0.08922937512397766,0.9981650710105896,0.35705965757369995,0.831765353679657,-0.07933234423398972,0.9973529577255249,0.35676270723342896,0.8359906077384949,-0.07933343201875687,0.9963254928588867,0.35664764046669006,0.8399946093559265,-0.07939057797193527,0.9962977766990662,0.361680805683136,0.7923529744148254,-0.04694986343383789,0.9974344372749329,0.35949668288230896,0.8373026251792908,-0.0010192662011831999,0.9958191514015198,0.3723732829093933,0.8162218332290649,-0.07471369951963425,0.9961736798286438,0.3715609908103943,0.8328053951263428,-0.06166590005159378,0.994610607624054,0.396916002035141,0.7761900424957275,-0.04943876340985298,0.9987514615058899,0.3963143527507782,0.833649218082428,0.05974184349179268,0.9962705969810486,0.4121946394443512,0.8267132043838501,-0.10479962080717087,0.8130665421485901,0.409063458442688,0.8645021915435791,0.07792308926582336,0.3709743916988373,0.39474809169769287,0.865013599395752,-0.12208595126867294,0.5267577171325684,0.40576812624931335,0.8729379773139954,0.04025890678167343,0.3497866094112396,0.3905186057090759,0.8739150166511536,-0.1335451751947403,0.4834059774875641,0.4064950942993164,0.8761493563652039,0.05538689345121384,0.3408910036087036,0.3904569447040558,0.8710914254188538,-0.12554772198200226,0.48239532113075256,0.4059295654296875,0.8735678195953369,0.047289784997701645,0.3439822494983673,0.39250338077545166,0.8646826148033142,-0.11950864642858505,0.4608554244041443,0.40719109773635864,0.8722497224807739,0.03692349046468735,0.3463350832462311,0.5007742643356323,0.794836163520813,-0.038883332163095474,0.9978067874908447,0.4887614846229553,0.847294807434082,0.03892257437109947,0.9944891333580017,0.5673590302467346,0.8360220193862915,-0.07940807193517685,0.8555254936218262,0.5428115129470825,0.8678103685379028,-0.05792248249053955,0.619828999042511,0.6436144709587097,0.8714182376861572,-0.07136110216379166,0.7807438373565674,0.6198650002479553,0.8675519227981567,-0.03670341894030571,0.5220528244972229,0.6595706343650818,0.8775672912597656,-0.07279324531555176,0.663491427898407,0.6318061351776123,0.8558864593505859,-0.037183962762355804,0.507635772228241,0.6642951965332031,0.9178357720375061,-0.12919846177101135,0.7407552003860474,0.6422761082649231,0.9003390669822693,-0.07620983570814133,0.5668903589248657
yena_fall_normal_15,108,36,3.6004891304347826,29.995924466784405,10,0.3630014657974243,0.8292421698570251,-0.12914294004440308,0.9943481087684631,0.3563900291919708,0.8181739449501038,-0.11875943839550018,0.9942068457603455,0.3565550446510315,0.8126235008239746,-0.1188582107424736,0.9937615990638733,0.35683244466781616,0.8066365122795105,-0.11891503632068634,0.9943647384643555,0.3562561273574829,0.8320828676223755,-0.11086470633745193,0.993980884552002,0.3561449944972992,0.8364737033843994,-0.1108693778514862,0.9913362860679626,0.35615912079811096,0.8406245112419128,-0.11093111336231232,0.9911598563194275,0.3603443205356598,0.7940514087677002,-0.059284552931785583,0.9910991191864014,0.35870468616485596,0.8405210971832275,-0.02034207247197628,0.9859040975570679,0.37091195583343506,0.82044517993927,-0.09625034034252167,0.9865593910217285,0.3706236779689789,0.8350458145141602,-0.08790872246026993,0.9820728302001953,0.39636680483818054,0.7756658792495728,-0.06137494742870331,0.9954767823219299,0.39501652121543884,0.8522218465805054,0.04540596902370453,0.9917446970939636,0.4172186255455017,0.8233412504196167,-0.16523966193199158,0.7825339436531067,0.41919440031051636,0.8707249164581299,0.006532490253448486,0.33821266889572144,0.40222635865211487,0.8750635385513306,-0.2398090362548828,0.4992818832397461,0.4243320822715759,0.881831169128418,-0.10967040807008743,0.3175693154335022,0.39849522709846497,0.8876574039459229,-0.2628340721130371,0.4631088674068451,0.4267832934856415,0.8870275020599365,-0.12543985247612,0.31097671389579773,0.39683619141578674,0.8771740198135376,-0.2526438236236572,0.4625883102416992,0.4251105487346649,0.8861383199691772,-0.1330743134021759,0.31407272815704346,0.398172527551651,0.8746738433837891,-0.237558975815773,0.44005468487739563,0.4252203702926636,0.8836311101913452,-0.11706318706274033,0.31672200560569763,0.5012176036834717,0.7810686826705933,-0.03484725207090378,0.9967666268348694,0.49447429180145264,0.8343101739883423,0.03486369550228119,0.993027925491333,0.5647374391555786,0.8365880846977234,-0.11573077738285065,0.8154977560043335,0.5628367066383362,0.8603384494781494,-0.07328202575445175,0.5852590799331665,0.642051100730896,0.8712250590324402,-0.06568746268749237,0.759499192237854,0.6378756165504456,0.8666864633560181,-0.01971982605755329,0.5128628611564636,0.6530053615570068,0.8715546727180481,-0.06373888999223709,0.6392292380332947,0.6480728983879089,0.8593664765357971,-0.017292248085141182,0.4898795187473297,0.6616290807723999,0.9090368747711182,-0.129649356007576,0.725934624671936,0.6540176868438721,0.8915032148361206,-0.07906462252140045,0.5579319596290588
yena_fall_normal_15,111,37,3.7005027173913043,29.995924466784405,10,0.362156480550766,0.8288155794143677,-0.11105896532535553,0.9923568367958069,0.356026828289032,0.8178859353065491,-0.10220871865749359,0.9916147589683533,0.3562697470188141,0.8124586343765259,-0.10226800292730331,0.9909608364105225,0.35656628012657166,0.8067262768745422,-0.10229946672916412,0.9920332431793213,0.35552504658699036,0.8317922949790955,-0.09784422814846039,0.9917508959770203,0.35534924268722534,0.836182177066803,-0.09787917882204056,0.9887105822563171,0.35526925325393677,0.8401826024055481,-0.09796442091464996,0.9889430999755859,0.35968834161758423,0.7965354919433594,-0.03975097835063934,0.986721396446228,0.35840216279029846,0.8419391512870789,-0.0208799559623003,0.9813956618309021,0.36954265832901,0.8198035359382629,-0.08496460318565369,0.9821141958236694,0.3693413734436035,0.8352654576301575,-0.08011186867952347,0.9766790866851807,0.3942173421382904,0.7753233909606934,-0.05165321007370949,0.9909729361534119,0.39428213238716125,0.8583500385284424,0.02994799241423607,0.9889461398124695,0.4122627079486847,0.8038008809089661,-0.15648873150348663,0.7634437084197998,0.4041871130466461,0.8849043846130371,-0.07114700227975845,0.3248121738433838,0.40067780017852783,0.8650537729263306,-0.21307455003261566,0.4702826738357544,0.39988499879837036,0.8837834000587463,-0.20782732963562012,0.2948307991027832,0.3945860266685486,0.8818148374557495,-0.23217061161994934,0.43744415044784546,0.399483323097229,0.8868138790130615,-0.22903791069984436,0.29012635350227356,0.3939579725265503,0.8729358911514282,-0.22147013247013092,0.4369165599346161,0.39900997281074524,0.8844066262245178,-0.22698770463466644,0.29331091046333313,0.3937169909477234,0.8706604242324829,-0.21045467257499695,0.41652044653892517,0.4005061984062195,0.8824077248573303,-0.21196570992469788,0.2968859076499939,0.500272274017334,0.7743285894393921,-0.03208770602941513,0.9963364601135254,0.4945964515209198,0.8289909362792969,0.03201935067772865,0.992717981338501,0.5646150708198547,0.8408414125442505,-0.10634543001651764,0.7810646295547485,0.558781623840332,0.8570742011070251,-0.06711221486330032,0.5571507811546326,0.6411564350128174,0.8712283372879028,-0.072774238884449,0.7467988133430481,0.6297695636749268,0.8628289103507996,-0.022875534370541573,0.5058369636535645,0.6521548628807068,0.871500551700592,-0.07307858020067215,0.6271494626998901,0.64208984375,0.8502880334854126,-0.021362293511629105,0.4768773317337036,0.6615046858787537,0.9028747081756592,-0.13801032304763794,0.7198208570480347,0.6530216336250305,0.8817191123962402,-0.08380559831857681,0.5527048707008362
yena_fall_normal_15,114,38,3.800516304347826,29.995924466784405,10,0.3606429994106293,0.8300631046295166,-0.10359349101781845,0.9914432168006897,0.35440027713775635,0.8198588490486145,-0.09469690918922424,0.990368127822876,0.35457831621170044,0.8140829205513,-0.09473962336778641,0.9894331097602844,0.35480695962905884,0.8083576560020447,-0.09476640075445175,0.9906662702560425,0.3541225492954254,0.8340571522712708,-0.09213866293430328,0.9906795620918274,0.3540806174278259,0.8381536602973938,-0.09217406809329987,0.9876114130020142,0.35408011078834534,0.8419891595840454,-0.09227343648672104,0.9880550503730774,0.3584018349647522,0.7979791164398193,-0.03163430839776993,0.9844868183135986,0.3571418523788452,0.8426721692085266,-0.021894419565796852,0.9792100191116333,0.36844512820243835,0.8200982809066772,-0.07856857776641846,0.9798623323440552,0.3680707812309265,0.8368259072303772,-0.07626885920763016,0.9740432500839233,0.39439308643341064,0.7760665416717529,-0.03872126340866089,0.9838834404945374,0.39231231808662415,0.858802080154419,0.019271695986390114,0.985480546951294,0.4144444763660431,0.7864030599594116,-0.13447962701320648,0.742539644241333,0.37229618430137634,0.893175482749939,-0.07850600779056549,0.3240472376346588,0.4014682173728943,0.8399573564529419,-0.20241419970989227,0.44169607758522034,0.37170717120170593,0.9056521654129028,-0.19371819496154785,0.2795378267765045,0.3957670331001282,0.8592005968093872,-0.22284933924674988,0.4109433889389038,0.37009450793266296,0.9099287390708923,-0.21057552099227905,0.27470922470092773,0.3954226076602936,0.8593844771385193,-0.20832008123397827,0.41029655933380127,0.37250539660453796,0.9041783213615417,-0.209252268075943,0.277688592672348,0.39519983530044556,0.8584054112434387,-0.20270538330078125,0.39221975207328796,0.3747342824935913,0.9019620418548584,-0.19750970602035522,0.28281763195991516,0.49957963824272156,0.7756438255310059,-0.03040463663637638,0.9961844682693481,0.495714396238327,0.8259122967720032,0.030267395079135895,0.9927949905395508,0.5646867752075195,0.8435813188552856,-0.08553813397884369,0.7696460485458374,0.5601514577865601,0.8557009696960449,-0.01721901446580887,0.5370640158653259,0.6414852142333984,0.8693413138389587,-0.06720749288797379,0.7509111166000366,0.6326533555984497,0.8643675446510315,0.019916905090212822,0.5104484558105469,0.6513969898223877,0.8718546032905579,-0.06839592754840851,0.6324756145477295,0.6434577703475952,0.8565134406089783,0.02031293883919716,0.47301068902015686,0.661390483379364,0.9009206891059875,-0.13119345903396606,0.7273452281951904,0.6531043648719788,0.8868868947029114,-0.04091974347829819,0.5550705790519714
yena_fall_normal_15,117,39,3.900529891304348,29.995924466784405,10,0.3606068789958954,0.8295185565948486,-0.0982031524181366,0.9910100102424622,0.35434669256210327,0.8195959329605103,-0.08755850046873093,0.9900148510932922,0.3546251058578491,0.8139395713806152,-0.08759739249944687,0.9888850450515747,0.3549562394618988,0.8082600235939026,-0.08762779831886292,0.990473747253418,0.35380783677101135,0.8339900374412537,-0.08451392501592636,0.9904568791389465,0.3536545932292938,0.8379702568054199,-0.08453914523124695,0.9871680736541748,0.35350117087364197,0.8417900204658508,-0.08461906760931015,0.9880319237709045,0.3585151135921478,0.797721803188324,-0.021370112895965576,0.9839490056037903,0.3564566969871521,0.843043863773346,-0.009775208309292793,0.9791321754455566,0.36829328536987305,0.8199165463447571,-0.07280290126800537,0.9778603315353394,0.36774733662605286,0.8366978764533997,-0.0696968138217926,0.9729862809181213,0.3930065929889679,0.7769020795822144,-0.03328241780400276,0.979057252407074,0.39176785945892334,0.857102632522583,0.039333559572696686,0.9824677109718323,0.4075813293457031,0.7909811735153198,-0.13472066819667816,0.744042158126831,0.36512088775634766,0.8943966627120972,-0.02093818597495556,0.32256749272346497,0.395853728055954,0.8378039598464966,-0.19456881284713745,0.43054279685020447,0.36693912744522095,0.9016536474227905,-0.09133341163396835,0.26128989458084106,0.3961601257324219,0.8543674945831299,-0.22030165791511536,0.3981843590736389,0.36493465304374695,0.897939145565033,-0.10469472408294678,0.2550570070743561,0.39159199595451355,0.8553179502487183,-0.2016436904668808,0.39705342054367065,0.3684667646884918,0.8914477229118347,-0.09880735725164413,0.25786352157592773,0.3954087495803833,0.8542258739471436,-0.19594557583332062,0.3793831169605255,0.3707529604434967,0.8918154239654541,-0.09346116334199905,0.2638294994831085,0.4988045394420624,0.773881196975708,-0.02914864756166935,0.9956053495407104,0.49506279826164246,0.8265092968940735,0.029037926346063614,0.9926555752754211,0.5642767548561096,0.84296715259552,-0.0772314965724945,0.7587960958480835,0.5577549338340759,0.8655654191970825,-0.07495207339525223,0.5433903932571411,0.642378032207489,0.8695908188819885,-0.07129402458667755,0.7576360106468201,0.6365813612937927,0.8679867386817932,-0.056691400706768036,0.532950758934021,0.6513290405273438,0.8743404150009155,-0.07308069616556168,0.635486364364624,0.6467763781547546,0.8673040270805359,-0.05855490267276764,0.4793941378593445,0.6602175235748291,0.8978414535522461,-0.13780099153518677,0.7390848994255066,0.6562226414680481,0.8921266794204712,-0.12786123156547546,0.5766044855117798
yena_fall_normal_15,120,40,4.0005434782608695,29.995924466784405,10,0.36035868525505066,0.8288910388946533,-0.09085705131292343,0.9862068295478821,0.35414448380470276,0.8189119100570679,-0.08104279637336731,0.9825288653373718,0.3545515835285187,0.8133004307746887,-0.08110054582357407,0.9802602529525757,0.3549887239933014,0.8076933026313782,-0.08113174140453339,0.9838795065879822,0.3533150553703308,0.8335298895835876,-0.07898510247468948,0.9841182827949524,0.3530869483947754,0.8377696871757507,-0.07902947813272476,0.9807023406028748,0.35283517837524414,0.8417367935180664,-0.07912593334913254,0.9829836487770081,0.358585000038147,0.7975091934204102,-0.016253702342510223,0.9717983603477478,0.3559304475784302,0.8433460593223572,-0.010080233216285706,0.964320719242096,0.3682631254196167,0.8197996616363525,-0.06582797318696976,0.9674513339996338,0.36754754185676575,0.8366898894309998,-0.06429257988929749,0.9611533284187317,0.3945908546447754,0.7771317362785339,-0.018118370324373245,0.9736530780792236,0.39247259497642517,0.8585662841796875,0.03682517260313034,0.9808798432350159,0.43011704087257385,0.7888377904891968,-0.06804647296667099,0.6954107880592346,0.4058431386947632,0.8879134058952332,-0.03241058066487312,0.30675190687179565,0.45171716809272766,0.8170907497406006,-0.1199650913476944,0.3960334360599518,0.40634456276893616,0.8973289132118225,-0.15862014889717102,0.24530190229415894,0.4583360552787781,0.8226907849311829,-0.13552650809288025,0.3690556287765503,0.40778693556785583,0.8977550864219666,-0.1796470433473587,0.24077923595905304,0.45476943254470825,0.822295606136322,-0.13725274801254272,0.36859530210494995,0.40576502680778503,0.8922508358955383,-0.18409642577171326,0.24423547089099884,0.45278453826904297,0.821461021900177,-0.12213540822267532,0.3528044521808624,0.40645211935043335,0.8915101289749146,-0.16507269442081451,0.25058403611183167,0.49835795164108276,0.7749194502830505,-0.023457897827029228,0.9945722222328186,0.4956021010875702,0.827003002166748,0.02343599684536457,0.9918943047523499,0.564015805721283,0.8424587845802307,-0.0798165425658226,0.7449488639831543,0.5581962466239929,0.8646329641342163,-0.06242374703288078,0.5370274782180786,0.642318844795227,0.8690990209579468,-0.059325266629457474,0.7546772956848145,0.6364360451698303,0.8686971664428711,-0.04186926409602165,0.5464317798614502,0.6528344750404358,0.8763419985771179,-0.06072534620761871,0.6250820159912109,0.6488935947418213,0.8727303147315979,-0.04622464254498482,0.4780339002609253,0.6609652638435364,0.8950121998786926,-0.132467582821846,0.7409729957580566,0.6561196446418762,0.8924927115440369,-0.10506924241781235,0.5895283222198486
yena_fall_normal_15,123,41,4.100557065217391,29.995924466784405,10,0.3598388433456421,0.8285157084465027,-0.10314714908599854,0.9866318106651306,0.353838711977005,0.818609356880188,-0.0949179008603096,0.9833662509918213,0.35426560044288635,0.8129345178604126,-0.09496799111366272,0.9811367392539978,0.3547632396221161,0.8073954582214355,-0.09498806297779083,0.9846258759498596,0.3529835045337677,0.8331558108329773,-0.08951575309038162,0.9850050210952759,0.3527582287788391,0.8373053669929504,-0.0895378589630127,0.9816550612449646,0.35251882672309875,0.8413349986076355,-0.0896044448018074,0.9838542342185974,0.35843604803085327,0.7973983287811279,-0.03594513610005379,0.973090648651123,0.35547342896461487,0.8433036208152771,-0.014054900966584682,0.9660012125968933,0.36780110001564026,0.8197511434555054,-0.08012036234140396,0.968002200126648,0.36709654331207275,0.8363777995109558,-0.07394293695688248,0.9618859887123108,0.3921683430671692,0.7787331342697144,-0.055512331426143646,0.9713195562362671,0.3920186758041382,0.8526982069015503,0.03495397791266441,0.9790859818458557,0.40149566531181335,0.8026390075683594,-0.16086503863334656,0.7027387619018555,0.3879769742488861,0.8880887627601624,-0.04348653554916382,0.2927163541316986,0.394055038690567,0.845146894454956,-0.20353086292743683,0.39097702503204346,0.3919910788536072,0.8957470655441284,-0.16461606323719025,0.22971639037132263,0.39535045623779297,0.8590392470359802,-0.22093428671360016,0.36343300342559814,0.3915233910083771,0.8972563147544861,-0.1812286376953125,0.2266363650560379,0.3958298861980438,0.8576613068580627,-0.2113993912935257,0.3629366159439087,0.39186012744903564,0.8913033604621887,-0.18201704323291779,0.23027169704437256,0.3940463662147522,0.8488872647285461,-0.2012275755405426,0.347988098859787,0.3937164843082428,0.8899327516555786,-0.1694880872964859,0.23703743517398834,0.49822959303855896,0.7734220027923584,-0.028578417375683784,0.9946529269218445,0.4957181513309479,0.8238764405250549,0.02849402092397213,0.9920576214790344,0.5639146566390991,0.8424453735351562,-0.08316539973020554,0.73607337474823,0.5589131116867065,0.8650139570236206,-0.04691443219780922,0.5294653177261353,0.6425619721412659,0.8692939281463623,-0.08622745424509048,0.7581564784049988,0.6352443099021912,0.8695610165596008,-0.040288910269737244,0.5509687662124634,0.653730034828186,0.877422034740448,-0.08947574347257614,0.6308276653289795,0.6479990482330322,0.8725792765617371,-0.04348492622375488,0.4752674996852875,0.6617777347564697,0.895301342010498,-0.14941853284835815,0.7491067051887512,0.6532691121101379,0.8950286507606506,-0.10181932151317596,0.5955638289451599
yena_fall_normal_15,126,42,4.200570652173913,29.995924466784405,10,0.3595840334892273,0.828606367111206,-0.10975131392478943,0.986392080783844,0.35366538166999817,0.8187950253486633,-0.10264120250940323,0.983318567276001,0.35407236218452454,0.8130567669868469,-0.10269873589277267,0.9808961153030396,0.35454609990119934,0.8073920607566833,-0.10272399336099625,0.9846150875091553,0.35278671979904175,0.8330594301223755,-0.0955372303724289,0.9851588010787964,0.35255709290504456,0.8372070789337158,-0.09556138515472412,0.9816426038742065,0.3523370325565338,0.8412417769432068,-0.09563358128070831,0.983892023563385,0.358336865901947,0.7973331212997437,-0.04676499590277672,0.9728524684906006,0.3553091585636139,0.8430601358413696,-0.01694309338927269,0.9652729630470276,0.36761364340782166,0.819830060005188,-0.08802525699138641,0.9673799276351929,0.36690494418144226,0.8363869190216064,-0.07960169017314911,0.9608876705169678,0.39192265272140503,0.7798027992248535,-0.07253409177064896,0.9704297184944153,0.39250773191452026,0.8503393530845642,0.033654436469078064,0.9787470698356628,0.40579578280448914,0.8023300170898438,-0.19226773083209991,0.7080203890800476,0.4054562747478485,0.876947283744812,-0.05952674522995949,0.2730717957019806,0.3962932229042053,0.8511903285980225,-0.2578269839286804,0.39393672347068787,0.4093185365200043,0.8885289430618286,-0.2003147006034851,0.2149968445301056,0.39738842844963074,0.861578643321991,-0.28161144256591797,0.36939531564712524,0.41125696897506714,0.8941171169281006,-0.21960535645484924,0.2144874781370163,0.3969680666923523,0.8604947328567505,-0.27092212438583374,0.36891305446624756,0.41036537289619446,0.8903874754905701,-0.22318677604198456,0.21827849745750427,0.39628171920776367,0.857763946056366,-0.2557758092880249,0.3525470495223999,0.41123878955841064,0.8881703615188599,-0.20693400502204895,0.2253410369157791,0.49815449118614197,0.7737290859222412,-0.03408088907599449,0.9949414134025574,0.4957987368106842,0.822471022605896,0.034021876752376556,0.9923456907272339,0.5638628602027893,0.8430415391921997,-0.10307586193084717,0.7320778965950012,0.5592219233512878,0.8600007891654968,-0.015658274292945862,0.5125290751457214,0.6383746862411499,0.8716856837272644,-0.10577608644962311,0.7641827464103699,0.6325572729110718,0.8669331669807434,0.012517780065536499,0.550063967704773,0.6536411643028259,0.8734283447265625,-0.10900614410638809,0.6407659649848938,0.6448124647140503,0.8595653772354126,0.01214971486479044,0.4705681800842285,0.6620352268218994,0.8934921026229858,-0.1731569617986679,0.7592412233352661,0.6508607268333435,0.8902575373649597,-0.04386681690812111,0.5984999537467957
yena_fall_normal_15,129,43,4.300584239130434,29.995924466784405,10,0.3595734238624573,0.8286981582641602,-0.10968070477247238,0.9867050647735596,0.3536630868911743,0.8188134431838989,-0.10215355455875397,0.9840147495269775,0.3540663421154022,0.8130713701248169,-0.1022086814045906,0.9815767407417297,0.35453176498413086,0.8073873519897461,-0.10223667323589325,0.9851992726325989,0.35277339816093445,0.8330112099647522,-0.0949849858880043,0.985910952091217,0.3525354266166687,0.837182343006134,-0.09500838816165924,0.9823700785636902,0.3523136079311371,0.8411903381347656,-0.09508119523525238,0.9845829606056213,0.3583230972290039,0.797299861907959,-0.04700404033064842,0.9738984704017639,0.35518065094947815,0.8429091572761536,-0.014895875938236713,0.9666247367858887,0.36761894822120667,0.8200463056564331,-0.08835656940937042,0.967778205871582,0.3669089674949646,0.8365227580070496,-0.07928900420665741,0.9612199068069458,0.39180654287338257,0.7808476686477661,-0.07235950976610184,0.968819797039032,0.39215099811553955,0.8475173115730286,0.03756720572710037,0.9770504236221313,0.39603978395462036,0.8110599517822266,-0.18680636584758759,0.7238192558288574,0.39119967818260193,0.877396821975708,-0.02548806741833687,0.2589656710624695,0.3858608305454254,0.8674838542938232,-0.22933028638362885,0.3975576162338257,0.38550814986228943,0.8908707499504089,-0.13856689631938934,0.20198200643062592,0.3867262005805969,0.8811860680580139,-0.24906356632709503,0.3690642714500427,0.3839718997478485,0.8962894082069397,-0.15362682938575745,0.20279555022716522,0.38571831583976746,0.8793888688087463,-0.2378537356853485,0.36861082911491394,0.384214848279953,0.8936773538589478,-0.15692952275276184,0.2067449539899826,0.38458359241485596,0.8687629103660583,-0.22646358609199524,0.35168883204460144,0.38640448451042175,0.8913230299949646,-0.14451482892036438,0.21401019394397736,0.49804919958114624,0.7739514708518982,-0.03545971214771271,0.9951786994934082,0.4961245357990265,0.8224701881408691,0.035361479967832565,0.9926705360412598,0.5638072490692139,0.8430235981941223,-0.09932853281497955,0.7233899831771851,0.5592417120933533,0.860429584980011,-0.029528485611081123,0.5005202889442444,0.637505829334259,0.8725846409797668,-0.09899044781923294,0.7681291699409485,0.6322594285011292,0.8673186302185059,-0.021556774154305458,0.5486860275268555,0.6537401080131531,0.8734761476516724,-0.10162550956010818,0.6509729027748108,0.6446897387504578,0.859291672706604,-0.023773906752467155,0.4687443971633911,0.6615363359451294,0.8932068347930908,-0.17182722687721252,0.7664373517036438,0.6506999731063843,0.8913624286651611,-0.07564937323331833,0.5991216897964478
yena_fall_normal_15,132,44,4.4005978260869565,29.995924466784405,10,0.3595581352710724,0.8287137746810913,-0.10544604808092117,0.9868918061256409,0.35364118218421936,0.8188108205795288,-0.09845340251922607,0.9845138788223267,0.3540329039096832,0.8130738735198975,-0.09850241243839264,0.9820272922515869,0.3544749915599823,0.807403028011322,-0.09852582961320877,0.985630989074707,0.3527551293373108,0.832973301410675,-0.09023108333349228,0.9864479899406433,0.35251712799072266,0.8371553421020508,-0.09025087207555771,0.9828680157661438,0.35230129957199097,0.8411592841148376,-0.09032118320465088,0.9851263761520386,0.3583098351955414,0.7972607016563416,-0.0457678847014904,0.9746623635292053,0.3551570475101471,0.8426045775413513,-0.012147342786192894,0.967498242855072,0.3676208555698395,0.8200681805610657,-0.08614781498908997,0.9680917859077454,0.3669113516807556,0.8365267515182495,-0.07581792771816254,0.9613673090934753,0.39181944727897644,0.7812353372573853,-0.07323058694601059,0.9675067067146301,0.39210936427116394,0.847051739692688,0.038300201296806335,0.9753600358963013,0.39634180068969727,0.8130397200584412,-0.1843618005514145,0.7367157936096191,0.38719674944877625,0.8799447417259216,-0.02806708961725235,0.24592779576778412,0.3860976994037628,0.866804838180542,-0.2228613793849945,0.40031927824020386,0.3799777925014496,0.8961871266365051,-0.15748357772827148,0.190541610121727,0.3861895799636841,0.8768224716186523,-0.2422523945569992,0.36847469210624695,0.37806767225265503,0.9025719165802002,-0.17451885342597961,0.19265562295913696,0.38517990708351135,0.8752616047859192,-0.2315238118171692,0.3678027093410492,0.37844276428222656,0.900008499622345,-0.17719592154026031,0.19669096171855927,0.38411107659339905,0.8700380325317383,-0.220102921128273,0.350463330745697,0.3806311786174774,0.8971823453903198,-0.16389431059360504,0.20438888669013977,0.4979831576347351,0.7737022042274475,-0.035961348563432693,0.9953605532646179,0.49616798758506775,0.8225612640380859,0.035844024270772934,0.992963433265686,0.5633870363235474,0.8428969979286194,-0.10138056427240372,0.718851625919342,0.559336245059967,0.8638266324996948,-0.04360971227288246,0.49424198269844055,0.6374034881591797,0.8727120757102966,-0.09718508273363113,0.7730229496955872,0.6324746608734131,0.8675310611724854,-0.026439756155014038,0.5499368906021118,0.6540929675102234,0.873435378074646,-0.099588543176651,0.6581354141235352,0.6428852677345276,0.8599086403846741,-0.027972448617219925,0.4680749177932739,0.6618125438690186,0.8932114839553833,-0.16431525349617004,0.7735337018966675,0.6517473459243774,0.8915843963623047,-0.08274710923433304,0.6010739207267761
yena_fall_normal_15,135,45,4.500611413043478,29.995924466784405,10,0.35937777161598206,0.8287433385848999,-0.105609230697155,0.9863448143005371,0.3536049723625183,0.8188019394874573,-0.09844060987234116,0.9843403100967407,0.35400477051734924,0.8130653500556946,-0.09848979115486145,0.9818125367164612,0.35445865988731384,0.8073906302452087,-0.09851353615522385,0.9855444431304932,0.35268646478652954,0.832946240901947,-0.09042929112911224,0.986471951007843,0.35243210196495056,0.8370870351791382,-0.09044496715068817,0.9826149344444275,0.3522057831287384,0.8410393595695496,-0.09051623940467834,0.9849463701248169,0.3583107888698578,0.7971929311752319,-0.044307444244623184,0.9742137789726257,0.3550575375556946,0.8421581387519836,-0.012335602194070816,0.9671750664710999,0.36748743057250977,0.8200680613517761,-0.0859576165676117,0.966206431388855,0.36666014790534973,0.8366263508796692,-0.07585068047046661,0.9593377113342285,0.39183205366134644,0.7811252474784851,-0.0686706081032753,0.9648881554603577,0.3911278545856476,0.8471028804779053,0.04065631330013275,0.9727737903594971,0.3971117436885834,0.8127686381340027,-0.18009136617183685,0.7444567084312439,0.38587644696235657,0.8801704049110413,0.006328386254608631,0.23351001739501953,0.38750460743904114,0.8645648956298828,-0.2224481999874115,0.3978821933269501,0.3822868764400482,0.8900747895240784,-0.07238554954528809,0.17855942249298096,0.3882375657558441,0.8753717541694641,-0.24086958169937134,0.3651069104671478,0.3810071051120758,0.8932679295539856,-0.0822654590010643,0.18146945536136627,0.38506120443344116,0.8736442923545837,-0.22988633811473846,0.3644944429397583,0.38119447231292725,0.8904281258583069,-0.08466165512800217,0.1856025606393814,0.3858845829963684,0.8658408522605896,-0.2195560783147812,0.3466465175151825,0.3832191228866577,0.8890059590339661,-0.07678605616092682,0.19326552748680115,0.49794629216194153,0.7735503315925598,-0.035849083214998245,0.9954659938812256,0.4961576759815216,0.8225885033607483,0.0357268825173378,0.9930620789527893,0.5632603764533997,0.8429436087608337,-0.10195135325193405,0.701560378074646,0.5592367649078369,0.8649387359619141,-0.05624961107969284,0.4844045639038086,0.6374589800834656,0.873389720916748,-0.11172326654195786,0.7725175023078918,0.6331407427787781,0.8680102825164795,-0.04865507781505585,0.5455890893936157,0.6545187830924988,0.8736954927444458,-0.11503307521343231,0.6647577881813049,0.6427108645439148,0.8602131009101868,-0.05107088387012482,0.46327778697013855,0.6618025898933411,0.8930444121360779,-0.1749098151922226,0.7773986458778381,0.6519381999969482,0.8916595578193665,-0.10779185593128204,0.5990329384803772
yena_fall_normal_15,138,46,4.600625,29.995924466784405,10,0.3593035936355591,0.8285156488418579,-0.10514247417449951,0.9860473275184631,0.353594034910202,0.818317711353302,-0.0977376326918602,0.9842913150787354,0.354000985622406,0.8125383853912354,-0.09778610616922379,0.9816780686378479,0.35446086525917053,0.8067682385444641,-0.09781172126531601,0.9855042695999146,0.35264211893081665,0.8325203657150269,-0.0903271809220314,0.9865663647651672,0.35237208008766174,0.8366683721542358,-0.0903409793972969,0.9825116991996765,0.352133184671402,0.8406140208244324,-0.09041149169206619,0.9848986268043518,0.3583407402038574,0.7966041564941406,-0.04400135949254036,0.9740562438964844,0.35498476028442383,0.8415380120277405,-0.013236930593848228,0.9669270515441895,0.36744022369384766,0.8196255564689636,-0.08516963571310043,0.9655458331108093,0.36655691266059875,0.8365087509155273,-0.0758071169257164,0.9585753679275513,0.3919057846069336,0.7810580134391785,-0.0691317468881607,0.9631252884864807,0.39035874605178833,0.8471302390098572,0.038587428629398346,0.9708163738250732,0.39754313230514526,0.809637188911438,-0.18402650952339172,0.7525442838668823,0.3815891444683075,0.8828797340393066,-0.008241724222898483,0.22512036561965942,0.38707342743873596,0.8626580834388733,-0.22820252180099487,0.3963698446750641,0.3766717314720154,0.8916696906089783,-0.1030062735080719,0.16930343210697174,0.3859111964702606,0.8744156360626221,-0.24616362154483795,0.3623647391796112,0.3751217722892761,0.8953526020050049,-0.11774659156799316,0.1727355569601059,0.3846406042575836,0.8729457855224609,-0.2334887534379959,0.36155834794044495,0.3762398958206177,0.8923715949058533,-0.12101397663354874,0.1768953949213028,0.38363346457481384,0.8652253746986389,-0.2246408611536026,0.3436858355998993,0.3785163462162018,0.8907133340835571,-0.1087547019124031,0.18485413491725922,0.4978991746902466,0.773533821105957,-0.03562124818563461,0.9956332445144653,0.4961443543434143,0.8226134181022644,0.03550805151462555,0.9932458400726318,0.5630305409431458,0.8429077863693237,-0.0998540148139,0.6956549882888794,0.5592710375785828,0.8646949529647827,-0.041875917464494705,0.475186824798584,0.6374701857566833,0.873717188835144,-0.10753557831048965,0.7767045497894287,0.6330061554908752,0.8681323528289795,-0.028700780123472214,0.5442193746566772,0.6544475555419922,0.8737002611160278,-0.11052703112363815,0.6720731854438782,0.6429468989372253,0.859346866607666,-0.03054288774728775,0.4605940580368042,0.662006139755249,0.8930197954177856,-0.17304253578186035,0.7834812998771667,0.65183424949646,0.8917796611785889,-0.08328687399625778,0.5989774465560913
yena_fall_normal_15,141,47,4.700638586956521,29.995924466784405,10,0.3592985272407532,0.8279578685760498,-0.09768577665090561,0.9866512417793274,0.3536089062690735,0.8170733451843262,-0.08963242918252945,0.9850754737854004,0.3540467321872711,0.8111947774887085,-0.08967618644237518,0.9825045466423035,0.3545784652233124,0.805314838886261,-0.08969409018754959,0.9861794114112854,0.35263410210609436,0.8317399621009827,-0.08317525684833527,0.9873122572898865,0.35235297679901123,0.8360190391540527,-0.08320009708404541,0.9834174513816833,0.3521018326282501,0.8400179147720337,-0.08327598124742508,0.9857525825500488,0.3584965765476227,0.7956548929214478,-0.036178890615701675,0.9752561450004578,0.354972243309021,0.8411499857902527,-0.009921958670020103,0.9686705470085144,0.36743777990341187,0.8188989162445068,-0.0776108130812645,0.9668546915054321,0.36653435230255127,0.8363755345344543,-0.07004336267709732,0.9601874947547913,0.3918856382369995,0.7809242606163025,-0.06529182940721512,0.9627048373222351,0.39024442434310913,0.8476448655128479,0.0344056561589241,0.970778226852417,0.3944772779941559,0.8110808730125427,-0.17419901490211487,0.7645667791366577,0.38115110993385315,0.8841456770896912,-0.056193649768829346,0.2207672894001007,0.3824271857738495,0.8686712980270386,-0.19609381258487701,0.39918166399002075,0.3742825388908386,0.8935279250144958,-0.18628592789173126,0.16373471915721893,0.37959831953048706,0.8821477293968201,-0.2128881812095642,0.36028599739074707,0.37220197916030884,0.8985563516616821,-0.2055131047964096,0.16781623661518097,0.378538578748703,0.8798805475234985,-0.19903181493282318,0.3593796491622925,0.3731321096420288,0.8948128819465637,-0.20480312407016754,0.17207707464694977,0.38233163952827454,0.8693533539772034,-0.1917906403541565,0.3425527811050415,0.3755011260509491,0.8923653364181519,-0.19129112362861633,0.1805935651063919,0.4977344274520874,0.7738376259803772,-0.03304866701364517,0.9958481788635254,0.49605512619018555,0.8228868842124939,0.032902926206588745,0.9935940504074097,0.5630103349685669,0.84298175573349,-0.0948275774717331,0.6872418522834778,0.5588358640670776,0.8646727204322815,-0.04345553368330002,0.4624715745449066,0.6371205449104309,0.8743170499801636,-0.09670866280794144,0.7758086919784546,0.6308591961860657,0.8654178380966187,-0.026346420869231224,0.5375521779060364,0.6542779207229614,0.8738057613372803,-0.09912502765655518,0.6739587783813477,0.6420910954475403,0.8569650650024414,-0.02738426811993122,0.4544709622859955,0.662027895450592,0.8926365971565247,-0.15736335515975952,0.7854992747306824,0.6514405012130737,0.8876848816871643,-0.08058662712574005,0.5940864086151123
yena_fall_normal_15,144,48,4.800652173913043,29.995924466784405,10,0.35927265882492065,0.8249576091766357,-0.09422074258327484,0.9874550700187683,0.3535594940185547,0.8144592046737671,-0.08463854342699051,0.9860665798187256,0.3540148138999939,0.808704137802124,-0.08468189090490341,0.983609139919281,0.3545635938644409,0.8031827211380005,-0.08469831943511963,0.9870765209197998,0.3525775671005249,0.8292630314826965,-0.0799531564116478,0.9882083535194397,0.35230129957199097,0.8337923884391785,-0.079979807138443,0.9845434427261353,0.35205718874931335,0.838227391242981,-0.08005450665950775,0.9867704510688782,0.3585016131401062,0.7939257621765137,-0.025805678218603134,0.9768997430801392,0.35496723651885986,0.8405851125717163,-0.007737442385405302,0.9709261655807495,0.36740654706954956,0.816175639629364,-0.07205607742071152,0.9686387777328491,0.3665204346179962,0.8343100547790527,-0.0669010579586029,0.9625868797302246,0.391924113035202,0.7791855335235596,-0.05200808122754097,0.9625440835952759,0.38984426856040955,0.848280131816864,0.033954720944166183,0.9714494347572327,0.39465153217315674,0.8109441995620728,-0.1612742692232132,0.7740789651870728,0.3720511198043823,0.8846127390861511,-0.060341913253068924,0.2252044826745987,0.3829788565635681,0.8677920699119568,-0.18805570900440216,0.40388742089271545,0.36897706985473633,0.8942849636077881,-0.1836797595024109,0.16113002598285675,0.38140928745269775,0.8829165101051331,-0.203863725066185,0.3595207631587982,0.36619681119918823,0.8992016911506653,-0.20183256268501282,0.16413486003875732,0.3799365758895874,0.8790920972824097,-0.19048061966896057,0.35807904601097107,0.3685438334941864,0.8948573470115662,-0.19903787970542908,0.16823320090770721,0.3812416195869446,0.8713675737380981,-0.18397487699985504,0.34155702590942383,0.3712177872657776,0.8923603296279907,-0.18761223554611206,0.1773615926504135,0.49769628047943115,0.7736999988555908,-0.028583530336618423,0.9958787560462952,0.4964284896850586,0.8229165077209473,0.028447894379496574,0.9938102960586548,0.5629869699478149,0.8428434729576111,-0.08951231837272644,0.6802660226821899,0.5586973428726196,0.8648602366447449,-0.06255815923213959,0.4595814645290375,0.6405531764030457,0.8707502484321594,-0.09754689782857895,0.7713311314582825,0.633247971534729,0.8739417791366577,-0.06457541137933731,0.5361019968986511,0.6531374454498291,0.8744592666625977,-0.10139521956443787,0.6660527586936951,0.6455923914909363,0.8719828724861145,-0.0682605654001236,0.44796836376190186,0.6614827513694763,0.8926539421081543,-0.1656898409128189,0.7856452465057373,0.6522673964500427,0.8891029357910156,-0.13153980672359467,0.5956346392631531
yena_fall_normal_15,147,49,4.900665760869565,29.995924466784405,10,0.35926663875579834,0.822310209274292,-0.09484481811523438,0.9883987903594971,0.3535655438899994,0.8117032647132874,-0.08506999164819717,0.9871431589126587,0.35406601428985596,0.8058564066886902,-0.08510956168174744,0.9848412871360779,0.35468024015426636,0.8004772067070007,-0.08512403070926666,0.9880369901657104,0.3525296151638031,0.8265290856361389,-0.08018194139003754,0.9891505241394043,0.3522171974182129,0.8311785459518433,-0.08021008968353271,0.9857581853866577,0.35192975401878357,0.8357897400856018,-0.08028065413236618,0.987837016582489,0.3585890233516693,0.7914879322052002,-0.024107087403535843,0.9786458611488342,0.3549507260322571,0.838512659072876,-0.005300530232489109,0.9732922911643982,0.36740246415138245,0.8139061331748962,-0.07199808955192566,0.970558226108551,0.36649176478385925,0.8322674632072449,-0.06665920466184616,0.9651325345039368,0.39186832308769226,0.7788561582565308,-0.0495198555290699,0.96330326795578,0.38872018456459045,0.850695788860321,0.04043400660157204,0.9724315404891968,0.3949123024940491,0.8158931732177734,-0.14918465912342072,0.7839300036430359,0.3740772008895874,0.8846263289451599,-0.054233573377132416,0.228007972240448,0.382733553647995,0.8712143301963806,-0.16590775549411774,0.40891632437705994,0.37058523297309875,0.8942751884460449,-0.17504927515983582,0.1600845754146576,0.3821897804737091,0.8835328817367554,-0.18219655752182007,0.3591020405292511,0.36818113923072815,0.8989924192428589,-0.19343338906764984,0.16219021379947662,0.3802366852760315,0.8814742565155029,-0.16893571615219116,0.3573455810546875,0.3700723946094513,0.8943191170692444,-0.1917525678873062,0.16632072627544403,0.3811202347278595,0.8719419240951538,-0.16176947951316833,0.34181028604507446,0.37260550260543823,0.8919181227684021,-0.17942723631858826,0.17594212293624878,0.49775925278663635,0.7734644412994385,-0.029378054663538933,0.9960203766822815,0.49638012051582336,0.8230807781219482,0.02923663891851902,0.9941273331642151,0.5634371638298035,0.8432191610336304,-0.0909465104341507,0.6711228489875793,0.5588907599449158,0.8639839291572571,-0.06102758273482323,0.45140576362609863,0.6434546113014221,0.8708524107933044,-0.09781808406114578,0.7684582471847534,0.6338045001029968,0.8737800717353821,-0.053356416523456573,0.5334762334823608,0.6550731062889099,0.8771507143974304,-0.10149309784173965,0.6647363305091858,0.6444315314292908,0.8704490661621094,-0.05632680281996727,0.4459741413593292,0.6623567342758179,0.8944894075393677,-0.1650959700345993,0.7868521213531494,0.6524574756622314,0.8971704840660095,-0.11614701896905899,0.5955398082733154
yena_fall_normal_15,150,50,5.000679347826087,29.995924466784405,10,0.3592633008956909,0.819649338722229,-0.10115814208984375,0.9888281226158142,0.3536125123500824,0.8089626431465149,-0.0900421142578125,0.9876782894134521,0.3542165160179138,0.8032643795013428,-0.09008407592773438,0.9854167699813843,0.3549131453037262,0.798160970211029,-0.0901062935590744,0.9884849786758423,0.35243314504623413,0.8240596652030945,-0.08734633028507233,0.989691972732544,0.3520154654979706,0.8288814425468445,-0.08736826479434967,0.9864442944526672,0.3515871465206146,0.8337360620498657,-0.08743128925561905,0.9884498119354248,0.3586708903312683,0.7898290157318115,-0.024049950763583183,0.9794612526893616,0.3545897901058197,0.8377026319503784,-0.011993241496384144,0.9748020172119141,0.36743322014808655,0.8121568560600281,-0.0745122954249382,0.9705606698989868,0.36641016602516174,0.8308808207511902,-0.07226472347974777,0.9661397933959961,0.3920242488384247,0.7786800861358643,-0.04285001754760742,0.9612342119216919,0.38800138235092163,0.8511559963226318,0.03774866834282875,0.9725880026817322,0.3982437551021576,0.815309464931488,-0.14181436598300934,0.7811789512634277,0.37962615489959717,0.8849398493766785,-0.05124419182538986,0.22494974732398987,0.385730117559433,0.863985002040863,-0.17358183860778809,0.40450236201286316,0.3793380856513977,0.881142795085907,-0.17238904535770416,0.15489140152931213,0.3877619504928589,0.8756813406944275,-0.19081337749958038,0.35483625531196594,0.3787870407104492,0.8822945952415466,-0.19034191966056824,0.15682166814804077,0.38063156604766846,0.8770020604133606,-0.17889761924743652,0.35309138894081116,0.38063234090805054,0.8777265548706055,-0.19007356464862823,0.16093391180038452,0.38654428720474243,0.8656668066978455,-0.17022007703781128,0.33822101354599,0.3824915587902069,0.8765789866447449,-0.17893719673156738,0.17025436460971832,0.4977439343929291,0.7735181450843811,-0.026728538796305656,0.9959656000137329,0.49637359380722046,0.823375940322876,0.02662348933517933,0.9942255020141602,0.5634571313858032,0.8435945510864258,-0.09280569851398468,0.6606653928756714,0.5594656467437744,0.8622544407844543,-0.07176779210567474,0.45041438937187195,0.6447979807853699,0.8709536790847778,-0.0977073535323143,0.7641159296035767,0.6350868344306946,0.8736061453819275,-0.059851840138435364,0.53748619556427,0.6552785634994507,0.8775206208229065,-0.10113278031349182,0.6616338491439819,0.6475128531455994,0.8709291219711304,-0.06203065067529678,0.4430588483810425,0.6625029444694519,0.8936544060707092,-0.16485337913036346,0.7873923778533936,0.6544232964515686,0.8968443274497986,-0.1249217838048935,0.6004176139831543
yena_fall_normal_15,153,51,5.100692934782608,29.995924466784405,10,0.3596438467502594,0.8185283541679382,-0.1011008769273758,0.9885991215705872,0.35458579659461975,0.8077141046524048,-0.08962516486644745,0.987436056137085,0.3553476929664612,0.8022291660308838,-0.08966939896345139,0.9851394891738892,0.3560590445995331,0.7972202301025391,-0.08969654887914658,0.9883379936218262,0.35264694690704346,0.8226944804191589,-0.08711224049329758,0.9895328879356384,0.3520696759223938,0.8274969458580017,-0.08713477104902267,0.9861922860145569,0.35157421231269836,0.8321500420570374,-0.08719610422849655,0.9883661270141602,0.35926201939582825,0.7893878221511841,-0.021895764395594597,0.9790805578231812,0.354574590921402,0.8370670676231384,-0.011808975599706173,0.9750255346298218,0.36802878975868225,0.8117877840995789,-0.07425665855407715,0.9687857627868652,0.3664170205593109,0.8303754329681396,-0.07219965010881424,0.9656398296356201,0.3925577402114868,0.7781879305839539,-0.03914731368422508,0.9583002328872681,0.38872531056404114,0.8530345559120178,0.039379652589559555,0.9717584848403931,0.40119072794914246,0.8113932013511658,-0.1413644254207611,0.7835595011711121,0.38045957684516907,0.8874292969703674,-0.04223654419183731,0.22486354410648346,0.38546621799468994,0.8551689982414246,-0.17709527909755707,0.40886345505714417,0.3779752552509308,0.8806275129318237,-0.15437595546245575,0.1510111391544342,0.38043102622032166,0.8665958046913147,-0.19345293939113617,0.35746321082115173,0.3759427070617676,0.8811335563659668,-0.1726507693529129,0.15168990194797516,0.37877240777015686,0.8664098381996155,-0.17946311831474304,0.3553156852722168,0.37861168384552,0.8774464130401611,-0.16854381561279297,0.15564602613449097,0.37878626585006714,0.8631161451339722,-0.17331072688102722,0.33997470140457153,0.3807109594345093,0.8763605356216431,-0.15802621841430664,0.16490161418914795,0.4977588355541229,0.7729588150978088,-0.025567401200532913,0.9956254363059998,0.49587517976760864,0.8260048031806946,0.025496667250990868,0.9941582679748535,0.5635025501251221,0.8425140976905823,-0.08201821893453598,0.6582149267196655,0.5606065988540649,0.8620107173919678,-0.0810084193944931,0.4609571397304535,0.6456127166748047,0.8706474304199219,-0.07882371544837952,0.7651190757751465,0.6372169256210327,0.8740068078041077,-0.059884391725063324,0.5525628924369812,0.6553529500961304,0.8775152564048767,-0.08181735128164291,0.6595556139945984,0.6500252485275269,0.8747435808181763,-0.06151312217116356,0.4466865360736847,0.6643638014793396,0.8890223503112793,-0.15149404108524323,0.7902894020080566,0.6573733687400818,0.8967801332473755,-0.13101647794246674,0.6125815510749817
yena_fall_normal_15,156,52,5.20070652173913,29.995924466784405,10,0.35982510447502136,0.8176831007003784,-0.10105258971452713,0.9876465797424316,0.3547651171684265,0.8072904944419861,-0.08963639289140701,0.9863066077232361,0.3555217683315277,0.8018754720687866,-0.08968079090118408,0.9837304353713989,0.35619470477104187,0.7966041564941406,-0.08970694988965988,0.9871434569358826,0.35276415944099426,0.8222886323928833,-0.08771134167909622,0.9887633323669434,0.3521750271320343,0.827060878276825,-0.08774302899837494,0.9853224158287048,0.35165879130363464,0.8315508961677551,-0.08781585842370987,0.9877220392227173,0.3592948317527771,0.7892194986343384,-0.02038639783859253,0.9764907956123352,0.3547404110431671,0.8365277051925659,-0.01515886839479208,0.973609447479248,0.3681613802909851,0.8106697201728821,-0.07419879734516144,0.9645938873291016,0.36644861102104187,0.8289822936058044,-0.07272738963365555,0.9627203345298767,0.3925080895423889,0.7767345905303955,-0.036171361804008484,0.9491282105445862,0.387541800737381,0.8560962677001953,0.025713209062814713,0.9698019623756409,0.4039050042629242,0.8037393689155579,-0.14308443665504456,0.7622355222702026,0.3776945173740387,0.8877382278442383,-0.08021359145641327,0.2217807024717331,0.39181897044181824,0.8426365852355957,-0.1977367252111435,0.39526116847991943,0.3798723816871643,0.8861168622970581,-0.21491041779518127,0.14934679865837097,0.39158061146736145,0.8590582013130188,-0.21707439422607422,0.34812384843826294,0.3788701891899109,0.8901893496513367,-0.237260639667511,0.15043221414089203,0.38587284088134766,0.8593916893005371,-0.20799508690834045,0.346157044172287,0.3804140090942383,0.8861970901489258,-0.23584623634815216,0.15476302802562714,0.39153093099594116,0.8581801056861877,-0.19628606736660004,0.33229660987854004,0.38238638639450073,0.8843479752540588,-0.21951644122600555,0.1644982248544693,0.4975353181362152,0.7718493342399597,-0.02375803515315056,0.995205819606781,0.4953978955745697,0.8271090388298035,0.023678788915276527,0.9940443634986877,0.5629068613052368,0.8415950536727905,-0.07692732661962509,0.6572718024253845,0.5546570420265198,0.8688057661056519,-0.08346465975046158,0.4733268618583679,0.6439075469970703,0.868770956993103,-0.06894753128290176,0.7661982774734497,0.6357596516609192,0.8724779486656189,-0.05845288932323456,0.5688102841377258,0.6544530391693115,0.8733511567115784,-0.07148385792970657,0.6547094583511353,0.6456887125968933,0.8708425760269165,-0.060000624507665634,0.45250147581100464,0.6585074663162231,0.8874119520187378,-0.13973036408424377,0.7918806076049805,0.6568278670310974,0.8940034508705139,-0.12811164557933807,0.6250216364860535
yena_fall_normal_15,159,53,5.300720108695652,29.995924466784405,10,0.3593411445617676,0.8187538385391235,-0.1116948127746582,0.9880448579788208,0.3543432354927063,0.8079741597175598,-0.10151977837085724,0.9867914319038391,0.35519832372665405,0.8023778796195984,-0.10156332701444626,0.984237790107727,0.3559671640396118,0.797103762626648,-0.10160190612077713,0.9875956177711487,0.3522935211658478,0.8227750062942505,-0.09654787927865982,0.9891486167907715,0.3517007529735565,0.8273971676826477,-0.09656115621328354,0.985667884349823,0.35113096237182617,0.8319342732429504,-0.09662091732025146,0.9881166815757751,0.3592643737792969,0.789310097694397,-0.03768378868699074,0.9772148132324219,0.3542657494544983,0.8365809321403503,-0.01753447763621807,0.9747275710105896,0.3677605390548706,0.8119743466377258,-0.087337926030159,0.9648967981338501,0.3660418689250946,0.8299868106842041,-0.08156093955039978,0.963706910610199,0.3926430642604828,0.7779690027236938,-0.05488518625497818,0.9501643776893616,0.38760289549827576,0.8498790860176086,0.044155772775411606,0.9690420031547546,0.4002261161804199,0.809904932975769,-0.14999696612358093,0.7706630229949951,0.374135285615921,0.8880716562271118,0.03581405058503151,0.21893548965454102,0.38908064365386963,0.8539597392082214,-0.18709145486354828,0.39672911167144775,0.3713948130607605,0.8858934640884399,0.0002879321691580117,0.14159752428531647,0.3846065402030945,0.8674877882003784,-0.20496712625026703,0.34759992361068726,0.36873331665992737,0.8885864019393921,-0.005332444328814745,0.14204786717891693,0.38359472155570984,0.8670160174369812,-0.1935742050409317,0.34524163603782654,0.3727461099624634,0.8853561878204346,-0.00560894887894392,0.1461932510137558,0.39059457182884216,0.8586774468421936,-0.18446041643619537,0.3303912878036499,0.375257283449173,0.8838257789611816,-0.003105728654190898,0.15592162311077118,0.4977421164512634,0.773558497428894,-0.03245345130562782,0.9952141046524048,0.4954388439655304,0.8263368010520935,0.03238174319267273,0.9939278364181519,0.5629647374153137,0.8427212834358215,-0.09782026708126068,0.6512901186943054,0.5548114776611328,0.8670370578765869,-0.061348024755716324,0.4641455411911011,0.6436575651168823,0.8708330988883972,-0.08791576325893402,0.7672836184501648,0.6349169611930847,0.872467577457428,-0.04128173366189003,0.5684013366699219,0.654546856880188,0.8769361972808838,-0.08931051194667816,0.6582079529762268,0.6462467312812805,0.8709834814071655,-0.042565811425447464,0.4533787965774536,0.6586377024650574,0.893369197845459,-0.14872512221336365,0.7949966192245483,0.6546545624732971,0.8951756358146667,-0.10411573946475983,0.6272435188293457
yena_fall_normal_15,162,54,5.400733695652174,29.995924466784405,10,0.3587643504142761,0.8195875287055969,-0.11005726456642151,0.9880955219268799,0.3536297678947449,0.8086021542549133,-0.09984157979488373,0.9868220686912537,0.35443219542503357,0.8028463125228882,-0.09988436102867126,0.9841978549957275,0.35526007413864136,0.7974851727485657,-0.09991983324289322,0.9876773953437805,0.3518892824649811,0.8232637643814087,-0.09535550326108932,0.9892212152481079,0.3513801693916321,0.8277716040611267,-0.09537238627672195,0.9855757355690002,0.35088029503822327,0.8322852253913879,-0.09544049203395844,0.9882357716560364,0.35897257924079895,0.7894852757453918,-0.03583795204758644,0.9770290851593018,0.3539915084838867,0.8365851044654846,-0.017798123881220818,0.9755659699440002,0.3670687973499298,0.8125231266021729,-0.08566667139530182,0.9637510776519775,0.36553895473480225,0.8303481936454773,-0.08060281723737717,0.9638893604278564,0.3919915556907654,0.778405487537384,-0.05258767679333687,0.9504921436309814,0.3875284790992737,0.849426805973053,0.045856818556785583,0.9686077833175659,0.3964293301105499,0.8142034411430359,-0.13647125661373138,0.7798301577568054,0.37247946858406067,0.8886629939079285,0.05196799710392952,0.2204899936914444,0.3880808651447296,0.8587439060211182,-0.15339522063732147,0.3944800794124603,0.37179142236709595,0.8768656253814697,0.0403861477971077,0.13438226282596588,0.38356781005859375,0.8713357448577881,-0.16983351111412048,0.3426195979118347,0.3696269392967224,0.8742257356643677,0.03680340573191643,0.1337549388408661,0.38305601477622986,0.8705479502677917,-0.1591346710920334,0.3400271236896515,0.37324145436286926,0.8715535998344421,0.03702198341488838,0.13775061070919037,0.3897460997104645,0.8598568439483643,-0.15077778697013855,0.32529589533805847,0.37568584084510803,0.8720800280570984,0.037793952971696854,0.14744742214679718,0.4975467026233673,0.7734291553497314,-0.0327148362994194,0.9950717091560364,0.49535635113716125,0.8242287039756775,0.03265998885035515,0.9937097430229187,0.5633713603019714,0.8426859378814697,-0.09299831837415695,0.6440929174423218,0.55619877576828,0.8664830327033997,-0.06340374797582626,0.4578342139720917,0.6437534689903259,0.8708758354187012,-0.08829798549413681,0.7683730721473694,0.6345894932746887,0.869937539100647,-0.042490601539611816,0.5680358409881592,0.6551578044891357,0.8772437572479248,-0.09044795483350754,0.6654526591300964,0.6455422043800354,0.8631111979484558,-0.04348475858569145,0.4565490484237671,0.6600472331047058,0.8932905197143555,-0.15074898302555084,0.7978969812393188,0.6538414359092712,0.8931969404220581,-0.10504836589097977,0.628353476524353
yena_fall_normal_15,165,55,5.500747282608695,29.995924466784405,10,0.35878050327301025,0.8195827603340149,-0.0939711481332779,0.986272931098938,0.35376042127609253,0.8085961937904358,-0.08235199004411697,0.9850916266441345,0.35454389452934265,0.8028867840766907,-0.08239578455686569,0.9821699261665344,0.3553216755390167,0.7975867986679077,-0.08241887390613556,0.9862097501754761,0.35197755694389343,0.8233016133308411,-0.08140179514884949,0.9877715110778809,0.35147029161453247,0.8278074264526367,-0.08142802119255066,0.983817994594574,0.3509554862976074,0.8324010372161865,-0.0814993754029274,0.9869509935379028,0.3589710593223572,0.7902098298072815,-0.01212199218571186,0.9741958379745483,0.35423722863197327,0.8370793461799622,-0.011540146544575691,0.9730150103569031,0.36712828278541565,0.8125201463699341,-0.06726546585559845,0.9591724276542664,0.3655415177345276,0.8305262923240662,-0.06726327538490295,0.9606995582580566,0.39201870560646057,0.7778980135917664,-0.02817026525735855,0.9447590112686157,0.3875344693660736,0.8598353862762451,0.039675116539001465,0.9672577381134033,0.40274593234062195,0.803657054901123,-0.13377927243709564,0.7599987387657166,0.37314170598983765,0.8905267119407654,-0.04339971765875816,0.2209944874048233,0.3930332064628601,0.8449557423591614,-0.18929423391819,0.3787088692188263,0.37679606676101685,0.887339174747467,-0.15333415567874908,0.13166241347789764,0.39232492446899414,0.8601852059364319,-0.20920681953430176,0.3306078016757965,0.37633535265922546,0.8882684707641602,-0.1714494824409485,0.13051266968250275,0.39290720224380493,0.8599463105201721,-0.19912134110927582,0.3280843496322632,0.37860792875289917,0.8833327889442444,-0.1688755303621292,0.13459092378616333,0.39295193552970886,0.8576366305351257,-0.18737982213497162,0.3143227994441986,0.3803645074367523,0.8828094005584717,-0.15683630108833313,0.14432434737682343,0.4969888925552368,0.7734260559082031,-0.023671738803386688,0.9948229193687439,0.4952031672000885,0.8251615166664124,0.023602915927767754,0.9936125874519348,0.5624091029167175,0.8415312170982361,-0.09051521867513657,0.639621913433075,0.5564269423484802,0.8672539591789246,-0.08005133271217346,0.4686698615550995,0.6381580233573914,0.8727829456329346,-0.08814152330160141,0.7683398723602295,0.6345739960670471,0.8699555397033691,-0.062133897095918655,0.5801481604576111,0.651574969291687,0.8759427070617676,-0.09073063731193542,0.6608756184577942,0.6452064514160156,0.8677188158035278,-0.06405103951692581,0.4576891362667084,0.6602686643600464,0.888906717300415,-0.1614801585674286,0.7991407513618469,0.6540219783782959,0.889753520488739,-0.1357671469449997,0.6377397775650024
yena_fall_normal_15,168,56,5.600760869565217,29.995924466784405,10,0.3586294949054718,0.8201545476913452,-0.08594481647014618,0.9859747290611267,0.35371503233909607,0.8091695308685303,-0.07596804201602936,0.9850209355354309,0.35452768206596375,0.8035150170326233,-0.07601036876440048,0.9822118282318115,0.3553154766559601,0.7982035279273987,-0.07603081315755844,0.9863419532775879,0.35185864567756653,0.8237127661705017,-0.07371195405721664,0.9877941608428955,0.3513486087322235,0.8281540274620056,-0.07373393326997757,0.9837846755981445,0.3508203327655792,0.832614004611969,-0.07381574809551239,0.9869648218154907,0.3589705526828766,0.7906333208084106,-0.015276729129254818,0.9742615818977356,0.3541818857192993,0.837167501449585,-0.008929597213864326,0.9732748866081238,0.3671223521232605,0.8131884336471558,-0.06320086121559143,0.95878666639328,0.3654002845287323,0.8315439224243164,-0.06121725216507912,0.9606402516365051,0.3921924829483032,0.7778916954994202,-0.03040730021893978,0.945500910282135,0.3883695602416992,0.8550798296928406,0.03967153653502464,0.9669657945632935,0.4033392071723938,0.8062376379966736,-0.13892893493175507,0.7609997987747192,0.3785727322101593,0.8904116749763489,0.013597700744867325,0.21571144461631775,0.3934849798679352,0.8589109778404236,-0.18850132822990417,0.37593767046928406,0.37977543473243713,0.8872185349464417,-0.01793747954070568,0.12448462098836899,0.39139971137046814,0.8617293238639832,-0.20546585321426392,0.33024388551712036,0.3794012665748596,0.8881697654724121,-0.02437707968056202,0.12335159629583359,0.3911694586277008,0.860332727432251,-0.19516701996326447,0.3273315727710724,0.3821133077144623,0.8832820653915405,-0.022060075774788857,0.1273248940706253,0.39099112153053284,0.8611866235733032,-0.1861226111650467,0.31359729170799255,0.38400503993034363,0.8827514052391052,-0.019724734127521515,0.13700245320796967,0.4969790577888489,0.773177981376648,-0.02435324527323246,0.9947127103805542,0.4952031672000885,0.8258707523345947,0.024282731115818024,0.9932961463928223,0.5624181628227234,0.8415295481681824,-0.09291765093803406,0.6302717924118042,0.5565503239631653,0.8680109977722168,-0.07772378623485565,0.4628346562385559,0.6367186903953552,0.8735207319259644,-0.11204096674919128,0.7626174688339233,0.6359182596206665,0.8734479546546936,-0.08625752478837967,0.5739750266075134,0.6517173051834106,0.8758754134178162,-0.11606808006763458,0.6526958346366882,0.6468344330787659,0.8723464012145996,-0.09057772159576416,0.44923076033592224,0.6625458598136902,0.8946293592453003,-0.1778729408979416,0.7974408268928528,0.6548628211021423,0.8969869613647461,-0.15214399993419647,0.6347024440765381
yena_fall_normal_15,171,57,5.700774456521739,29.995924466784405,10,0.3586549460887909,0.817844808101654,-0.09634654968976974,0.9849914312362671,0.35370761156082153,0.8081573843955994,-0.08298773318529129,0.9836130738258362,0.3545176088809967,0.8026511073112488,-0.08304203301668167,0.9805052876472473,0.3553042709827423,0.7973401546478271,-0.08307700604200363,0.9848617911338806,0.3518565595149994,0.8230992555618286,-0.08565095067024231,0.986785352230072,0.35134580731391907,0.8277929425239563,-0.08570615947246552,0.9830058217048645,0.35081642866134644,0.8324488997459412,-0.08579658716917038,0.9864040613174438,0.35890576243400574,0.7903594970703125,-0.0115232914686203,0.9719811677932739,0.3539791405200958,0.837973415851593,-0.019457699730992317,0.9721322655677795,0.3671237528324127,0.8110530972480774,-0.06461212784051895,0.9554796814918518,0.3654206693172455,0.8292756080627441,-0.07077360153198242,0.9583037495613098,0.39309149980545044,0.7769680619239807,-0.008472942747175694,0.9413483738899231,0.3883330225944519,0.8612542748451233,0.02667062357068062,0.9675197005271912,0.4233264923095703,0.7909656167030334,-0.06296344101428986,0.7120080590248108,0.3816532790660858,0.8891708254814148,-0.05192522332072258,0.21824850142002106,0.4366993010044098,0.8221142292022705,-0.10537620633840561,0.34430694580078125,0.3826076090335846,0.8841661810874939,-0.1644919067621231,0.12372367829084396,0.441495418548584,0.8256147503852844,-0.1193573921918869,0.30395105481147766,0.3820333778858185,0.8847795724868774,-0.18424881994724274,0.1227458268404007,0.4396718442440033,0.8255240321159363,-0.1185600757598877,0.30154597759246826,0.38279661536216736,0.880673885345459,-0.18342894315719604,0.12695123255252838,0.43851956725120544,0.825748860836029,-0.10642383992671967,0.2895869016647339,0.38435298204421997,0.880047082901001,-0.16820447146892548,0.13629452884197235,0.4969969093799591,0.772808849811554,-0.019940577447414398,0.994293212890625,0.4951762557029724,0.8275613188743591,0.019909055903553963,0.9932228326797485,0.5626110434532166,0.8409155011177063,-0.09273924678564072,0.6236976981163025,0.5567201375961304,0.8646295666694641,-0.07989820837974548,0.4620419144630432,0.6425682902336121,0.8728051781654358,-0.10803372412919998,0.7559964060783386,0.6368021368980408,0.873490035533905,-0.07731510698795319,0.5785350799560547,0.6533885598182678,0.8779842853546143,-0.11429592967033386,0.6460400223731995,0.6481046676635742,0.8723446726799011,-0.0804448053240776,0.44949522614479065,0.6618708372116089,0.8939329385757446,-0.17576803267002106,0.7937777638435364,0.6552032828330994,0.8974143862724304,-0.1524767130613327,0.6386356353759766
yena_fall_normal_15,174,58,5.800788043478261,29.995924466784405,10,0.3586536943912506,0.818613588809967,-0.09374784678220749,0.9853193163871765,0.3534882366657257,0.8092204332351685,-0.0826185867190361,0.9840888977050781,0.3541187345981598,0.8038761019706726,-0.0826735645532608,0.9811064004898071,0.3547731935977936,0.7983592748641968,-0.08270641416311264,0.9852835536003113,0.3518947660923004,0.8234526515007019,-0.0812615156173706,0.9872293472290039,0.3514959514141083,0.8279393315315247,-0.0812959298491478,0.9835898876190186,0.3511323928833008,0.8324633240699768,-0.08136240392923355,0.9868219494819641,0.358633428812027,0.7906439304351807,-0.012177611701190472,0.9729136824607849,0.3544008433818817,0.8371709585189819,-0.008433463051915169,0.9728032350540161,0.3670904040336609,0.8112825155258179,-0.06599938124418259,0.9558277726173401,0.36545509099960327,0.82920902967453,-0.06568267941474915,0.9585314393043518,0.3931034505367279,0.7780435681343079,-0.024050354957580566,0.9418582916259766,0.38811424374580383,0.858543872833252,0.04522891342639923,0.9672073721885681,0.41831648349761963,0.7919095754623413,-0.1164347380399704,0.6949629783630371,0.38845714926719666,0.8842076659202576,-0.01781522110104561,0.20628386735916138,0.42900550365448,0.8343639373779297,-0.17562110722064972,0.331408828496933,0.3977554142475128,0.8841527104377747,-0.1230742558836937,0.1179056465625763,0.42356154322624207,0.8444997668266296,-0.19455263018608093,0.2963557839393616,0.39869505167007446,0.8859673738479614,-0.1383868008852005,0.11843612790107727,0.41129982471466064,0.8455754518508911,-0.1881147027015686,0.29441824555397034,0.39806345105171204,0.8836052417755127,-0.13885219395160675,0.12286355346441269,0.4109034836292267,0.8465232253074646,-0.17481493949890137,0.28317347168922424,0.3992229700088501,0.8823972344398499,-0.12698383629322052,0.13199788331985474,0.49705228209495544,0.7728157639503479,-0.026174558326601982,0.9942294359207153,0.4955175518989563,0.8236929178237915,0.02614811807870865,0.992936372756958,0.5631099939346313,0.8411697149276733,-0.09916115552186966,0.6226654648780823,0.5602428913116455,0.8625977635383606,-0.06263059377670288,0.4593456983566284,0.6447364091873169,0.8717690110206604,-0.1130574643611908,0.7562512755393982,0.6375676393508911,0.8743779063224792,-0.0673784390091896,0.5795634388923645,0.6548123955726624,0.8771706819534302,-0.1174679845571518,0.6454702019691467,0.6498809456825256,0.873300313949585,-0.07129250466823578,0.4497833847999573,0.6625294089317322,0.8944268226623535,-0.18233388662338257,0.7952148914337158,0.655359148979187,0.9018926620483398,-0.1323133260011673,0.6399769186973572
yena_fall_normal_15,177,59,5.900801630434782,29.995924466784405,10,0.358038067817688,0.8191912770271301,-0.09707776457071304,0.9862391352653503,0.3529423177242279,0.8092780113220215,-0.0869654044508934,0.9851411581039429,0.3535800576210022,0.8038824200630188,-0.08700921386480331,0.982311487197876,0.35428062081336975,0.7983711957931519,-0.0870242640376091,0.9862126708030701,0.351424902677536,0.8236342668533325,-0.08393054455518723,0.9881033301353455,0.35107651352882385,0.828097939491272,-0.08396055549383163,0.9846920967102051,0.3507915735244751,0.832618236541748,-0.08402464538812637,0.9877055883407593,0.3584498465061188,0.7906144261360168,-0.023088175803422928,0.9746654033660889,0.3539569675922394,0.8372628092765808,-0.011774912476539612,0.9744999408721924,0.3666328191757202,0.8119221925735474,-0.07236266881227493,0.958397626876831,0.3650745451450348,0.8297742605209351,-0.06955008208751678,0.9609026312828064,0.3919164836406708,0.7787998914718628,-0.048497043550014496,0.9433238506317139,0.3878500163555145,0.8543720245361328,0.03322814777493477,0.9682292938232422,0.40507444739341736,0.8094909191131592,-0.15708766877651215,0.706890881061554,0.38116684556007385,0.8891181349754333,-0.07137726247310638,0.20944587886333466,0.3939102590084076,0.860845148563385,-0.20083655416965485,0.34267446398735046,0.377437949180603,0.8923134803771973,-0.20496003329753876,0.1205412745475769,0.39468738436698914,0.8681093454360962,-0.21962709724903107,0.3051512539386749,0.3761950135231018,0.8964850306510925,-0.22363491356372833,0.12084625661373138,0.3931134045124054,0.8671008348464966,-0.20740827918052673,0.30286553502082825,0.3778022229671478,0.8920904397964478,-0.22210857272148132,0.12528096139431,0.39197084307670593,0.8663614392280579,-0.19747965037822723,0.2910405397415161,0.3800048828125,0.8899018168449402,-0.20931410789489746,0.13505110144615173,0.49622222781181335,0.7740241885185242,-0.027804043143987656,0.9944694638252258,0.4958065450191498,0.8228884935379028,0.0276999082416296,0.9932673573493958,0.5616462826728821,0.8423762321472168,-0.09220036119222641,0.6332566142082214,0.5602061748504639,0.8640562891960144,-0.05347301438450813,0.4603975713253021,0.6441438794136047,0.8696512579917908,-0.10310430079698563,0.7632130980491638,0.6368259787559509,0.8739309906959534,-0.05387045070528984,0.5845843553543091,0.6548300981521606,0.8761844635009766,-0.10709211975336075,0.6518037915229797,0.6500985026359558,0.8731127977371216,-0.057452600449323654,0.4530669152736664,0.6625062227249146,0.8939632177352905,-0.16809086501598358,0.801821768283844,0.6541756987571716,0.9015288352966309,-0.11828981339931488,0.645006000995636
yena_fall_normal_15,180,60,6.000815217391304,29.995924466784405,10,0.3581525981426239,0.8192269206047058,-0.09705475717782974,0.9865825772285461,0.35299235582351685,0.809241771697998,-0.08651161193847656,0.9856102466583252,0.3536701202392578,0.8038578033447266,-0.08655060827732086,0.9828565716743469,0.35440492630004883,0.7983826398849487,-0.08656825125217438,0.9866796731948853,0.35146304965019226,0.8236464262008667,-0.08361907303333282,0.9885188341140747,0.35110312700271606,0.8281163573265076,-0.08365003764629364,0.9851646423339844,0.3507991433143616,0.8326180577278137,-0.08371832221746445,0.9881613254547119,0.3584683835506439,0.7906982898712158,-0.019368279725313187,0.9757030606269836,0.35394468903541565,0.8372164368629456,-0.009803516790270805,0.9756373763084412,0.3666534423828125,0.8118869066238403,-0.07190574705600739,0.9592112898826599,0.3650760352611542,0.8297762870788574,-0.06923094391822815,0.9619150757789612,0.39205899834632874,0.7765392065048218,-0.03611448034644127,0.9427579045295715,0.3873920440673828,0.8578668832778931,0.038937319070100784,0.9681723713874817,0.4014955163002014,0.807310163974762,-0.13576509058475494,0.7129548788070679,0.377614289522171,0.8910889625549316,-0.03768293559551239,0.2129119485616684,0.391244500875473,0.8581357002258301,-0.16350139677524567,0.33655378222465515,0.3779503107070923,0.8917695879936218,-0.13712967932224274,0.11682771891355515,0.3898926377296448,0.866715669631958,-0.17939220368862152,0.2984023690223694,0.3767915964126587,0.8953437805175781,-0.15473762154579163,0.11640830338001251,0.3895765542984009,0.8658583164215088,-0.16879849135875702,0.2960963845252991,0.37895897030830383,0.8897372484207153,-0.148563951253891,0.12075034528970718,0.38835304975509644,0.865024745464325,-0.1607300490140915,0.2849295735359192,0.3810018002986908,0.888012707233429,-0.1397450715303421,0.13040238618850708,0.4962519705295563,0.773415744304657,-0.027321595698595047,0.9943496584892273,0.4952472448348999,0.8248538374900818,0.027218090370297432,0.9932336211204529,0.5621493458747864,0.8423805236816406,-0.09516531974077225,0.6332857012748718,0.5594685077667236,0.8671771287918091,-0.07758613675832748,0.46505075693130493,0.6396921873092651,0.870757520198822,-0.10636848956346512,0.7652530670166016,0.6362684965133667,0.873997151851654,-0.07435831427574158,0.5912169218063354,0.6548289656639099,0.8749009370803833,-0.11038084328174591,0.6520938277244568,0.6500598192214966,0.8730466961860657,-0.07761458307504654,0.45482170581817627,0.6624143719673157,0.8924381732940674,-0.17798741161823273,0.8052275776863098,0.6551753282546997,0.899800181388855,-0.14550942182540894,0.6510199308395386
yena_fall_normal_15,183,61,6.100828804347826,29.995924466784405,10,0.3575453460216522,0.8193705677986145,-0.10677535831928253,0.9871450066566467,0.35252460837364197,0.8092446327209473,-0.09594012051820755,0.9862127900123596,0.3531740605831146,0.8038432002067566,-0.09597615152597427,0.9835419058799744,0.35389503836631775,0.7983716726303101,-0.09600051492452621,0.9872219562530518,0.3510066270828247,0.8236455917358398,-0.09280577301979065,0.9889923334121704,0.35061439871788025,0.8280922174453735,-0.09282615035772324,0.9856749176979065,0.35027816891670227,0.8325163722038269,-0.09289956837892532,0.9886156916618347,0.35810136795043945,0.7906429767608643,-0.02989724650979042,0.9767825603485107,0.3533467650413513,0.8371300101280212,-0.01862102560698986,0.9768720269203186,0.3660690188407898,0.8121815919876099,-0.0819438248872757,0.9608893394470215,0.36439841985702515,0.8299436569213867,-0.07887813448905945,0.963836669921875,0.39196673035621643,0.7774851322174072,-0.04772614315152168,0.9448274374008179,0.38684388995170593,0.8553841710090637,0.03689007833600044,0.9688889384269714,0.4007067084312439,0.8129928708076477,-0.14793850481510162,0.7262334227561951,0.3694148063659668,0.897952675819397,-0.013650902546942234,0.2211969792842865,0.38719210028648376,0.8651183843612671,-0.18313711881637573,0.34475481510162354,0.36765554547309875,0.8913962244987488,-0.07755044847726822,0.11371241509914398,0.3838869333267212,0.8805354833602905,-0.20030665397644043,0.30375948548316956,0.36566397547721863,0.893616795539856,-0.08850325644016266,0.11198551207780838,0.3826831877231598,0.87140953540802,-0.18792423605918884,0.3010613024234772,0.3700752556324005,0.8877142071723938,-0.08425946533679962,0.11607260257005692,0.38784658908843994,0.8682085275650024,-0.17986060678958893,0.2885292172431946,0.37249454855918884,0.8863683938980103,-0.07992658764123917,0.12586435675621033,0.4966467618942261,0.7735048532485962,-0.02726818434894085,0.9943321943283081,0.4953232705593109,0.82486891746521,0.027168285101652145,0.9931883811950684,0.5621751546859741,0.8431289196014404,-0.0962386429309845,0.6367229223251343,0.5583495497703552,0.8668490648269653,-0.07440660893917084,0.4641893804073334,0.6408302187919617,0.8691241145133972,-0.09404519200325012,0.7684416174888611,0.6362600922584534,0.8739988207817078,-0.05927614867687225,0.5943381786346436,0.6541706323623657,0.8710702657699585,-0.0961601659655571,0.6538347005844116,0.647346556186676,0.8746921420097351,-0.061561211943626404,0.45550835132598877,0.6619411110877991,0.8935657143592834,-0.16081637144088745,0.808991551399231,0.6553133130073547,0.8987078666687012,-0.12774568796157837,0.6546346545219421
yena_fall_normal_15,186,62,6.200842391304348,29.995924466784405,10,0.3576575219631195,0.8192578554153442,-0.10660520195960999,0.9854620099067688,0.3525030016899109,0.8092283010482788,-0.09532150626182556,0.9842444062232971,0.35312849283218384,0.8038113713264465,-0.09536593407392502,0.9812647104263306,0.3538171648979187,0.7983733415603638,-0.0953945592045784,0.9851321578025818,0.35100749135017395,0.8236989378929138,-0.09342338889837265,0.9874753952026367,0.35061317682266235,0.8282393217086792,-0.09345272928476334,0.9840795397758484,0.350267231464386,0.8327889442443848,-0.0935312807559967,0.9871809482574463,0.3577970862388611,0.7906626462936401,-0.024460146203637123,0.9742777347564697,0.3532255291938782,0.838144063949585,-0.0182814784348011,0.9744241833686829,0.3660713732242584,0.8120946288108826,-0.08017085492610931,0.9569244384765625,0.364461213350296,0.8298301696777344,-0.0778123065829277,0.9604477286338806,0.3919803202152252,0.7774772644042969,-0.030197374522686005,0.9382143616676331,0.38716158270835876,0.8569064140319824,0.033273935317993164,0.967236340045929,0.40580499172210693,0.8007939457893372,-0.12271907180547714,0.7020774483680725,0.380089670419693,0.8910251259803772,-0.05932854115962982,0.21417251229286194,0.3940744400024414,0.8394265174865723,-0.17998069524765015,0.3301900625228882,0.3849326968193054,0.8868991136550903,-0.1932738572359085,0.11207687854766846,0.39083611965179443,0.8594560027122498,-0.20002104341983795,0.29374071955680847,0.38564321398735046,0.8891820311546326,-0.21349072456359863,0.11142927408218384,0.39178404211997986,0.8581028580665588,-0.1870574951171875,0.2914060354232788,0.38649243116378784,0.8854869604110718,-0.21461109817028046,0.11574609577655792,0.39110666513442993,0.8509634733200073,-0.17894822359085083,0.27982643246650696,0.38777101039886475,0.8844394087791443,-0.19841377437114716,0.12530548870563507,0.49694883823394775,0.773378312587738,-0.025583451613783836,0.9939940571784973,0.4951024353504181,0.8267326354980469,0.02552778087556362,0.9929742217063904,0.5634656548500061,0.8427543044090271,-0.09595425426959991,0.6417614817619324,0.5619185566902161,0.8619458675384521,-0.0730331614613533,0.47142258286476135,0.6439317464828491,0.8691392540931702,-0.07931683957576752,0.7688648700714111,0.6382339596748352,0.8748815655708313,-0.04976411908864975,0.6045455932617188,0.6545248627662659,0.8739522695541382,-0.0812673345208168,0.647930383682251,0.6481560468673706,0.8754923939704895,-0.05138863995671272,0.45800209045410156,0.6637923121452332,0.8930116891860962,-0.15409182012081146,0.8086664080619812,0.6579515337944031,0.8986411690711975,-0.12581922113895416,0.6615836024284363
yena_fall_normal_15,189,63,6.300855978260869,29.995924466784405,10,0.35825714468955994,0.8202381730079651,-0.07639976590871811,0.9852593541145325,0.3529418408870697,0.8097315430641174,-0.06574350595474243,0.9841238260269165,0.35364580154418945,0.8042000532150269,-0.0657825767993927,0.981116771697998,0.3543877601623535,0.7987813949584961,-0.06579884141683578,0.9850897192955017,0.35145559906959534,0.8244462013244629,-0.06426096707582474,0.9872795343399048,0.3510843515396118,0.8289967179298401,-0.06429772078990936,0.9839423894882202,0.3507271111011505,0.8334586024284363,-0.06439203768968582,0.9871253967285156,0.358220636844635,0.7907638549804688,-0.001682259258814156,0.974140465259552,0.3538387715816498,0.8381302952766418,0.0014957269886508584,0.9738277196884155,0.36658337712287903,0.8124333620071411,-0.052045587450265884,0.9570356607437134,0.3650875985622406,0.8303378224372864,-0.051226209849119186,0.9598626494407654,0.39236918091773987,0.7769671678543091,-0.018654894083738327,0.9366683959960938,0.3870992660522461,0.8575043678283691,0.03306867927312851,0.9673320651054382,0.41178619861602783,0.7918841242790222,-0.12509620189666748,0.684731125831604,0.3815709054470062,0.8902694582939148,-0.07499729841947556,0.21441547572612762,0.39951038360595703,0.8419141173362732,-0.1858685314655304,0.3217863142490387,0.3845292031764984,0.8912263512611389,-0.2004750370979309,0.11304934322834015,0.3983771502971649,0.8520764112472534,-0.2038813680410385,0.288560152053833,0.38408905267715454,0.8965179324150085,-0.2217414677143097,0.11281847208738327,0.3941807448863983,0.8526334166526794,-0.19404803216457367,0.2862296998500824,0.3844919502735138,0.892493486404419,-0.21873673796653748,0.11720632761716843,0.39306890964508057,0.850077211856842,-0.18436221778392792,0.2759758532047272,0.38630110025405884,0.8900943994522095,-0.2043953686952591,0.12729781866073608,0.4965715706348419,0.7719100117683411,-0.02193894051015377,0.9938222765922546,0.49458932876586914,0.8270909190177917,0.02185310609638691,0.992899477481842,0.5631008148193359,0.8420297503471375,-0.09371355921030045,0.6342619061470032,0.5617153644561768,0.8620375990867615,-0.07614132761955261,0.47421959042549133,0.6439681649208069,0.8693512678146362,-0.08917813748121262,0.7561740875244141,0.6381898522377014,0.8788909316062927,-0.074527807533741,0.6029793620109558,0.6545543670654297,0.8745519518852234,-0.09260480105876923,0.6280328631401062,0.6492999792098999,0.8762261867523193,-0.07787200808525085,0.44950565695762634,0.6639254689216614,0.8942511081695557,-0.16469696164131165,0.7990165948867798,0.6578648686408997,0.9026167988777161,-0.14708417654037476,0.6595048904418945
yena_fall_normal_15,192,64,6.400869565217391,29.995924466784405,10,0.357677161693573,0.820310115814209,-0.10120468586683273,0.9859535694122314,0.35270312428474426,0.8098114132881165,-0.09121102839708328,0.9849512577056885,0.35343170166015625,0.8043173551559448,-0.09125160425901413,0.9820661544799805,0.35418424010276794,0.7989400029182434,-0.09127458184957504,0.9859102964401245,0.3511775732040405,0.8244166970252991,-0.08771394938230515,0.987957775592804,0.35078564286231995,0.8289418816566467,-0.08773092180490494,0.9846581220626831,0.35038721561431885,0.8334203362464905,-0.08779766410589218,0.9877681136131287,0.3581005334854126,0.7908201813697815,-0.030588066205382347,0.975241482257843,0.35368096828460693,0.838062584400177,-0.01756102405488491,0.9752467274665833,0.3660707175731659,0.8130227327346802,-0.07859691232442856,0.9586397409439087,0.3645440638065338,0.8309727311134338,-0.07479620724916458,0.9617255926132202,0.3923527002334595,0.7789750695228577,-0.04944676160812378,0.9398413896560669,0.3873251974582672,0.8503149151802063,0.036507632583379745,0.9679687023162842,0.40016552805900574,0.8172834515571594,-0.14108964800834656,0.7030528783798218,0.3765779435634613,0.890324592590332,0.032859671860933304,0.21843664348125458,0.391244113445282,0.8585927486419678,-0.18439079821109772,0.3351781964302063,0.3767527937889099,0.890131950378418,0.01271428819745779,0.11091559380292892,0.3908730447292328,0.8677753806114197,-0.2010382115840912,0.2985464930534363,0.37510642409324646,0.892939031124115,0.007961156778037548,0.10942703485488892,0.38986915349960327,0.867071807384491,-0.19183973968029022,0.296142578125,0.3783220946788788,0.8894655108451843,0.008147205226123333,0.1137726753950119,0.38870322704315186,0.8659753203392029,-0.18295185267925262,0.28488558530807495,0.38059452176094055,0.888054370880127,0.010066545568406582,0.12392973154783249,0.4965572953224182,0.7720749974250793,-0.026292923837900162,0.993878185749054,0.4948212206363678,0.8254736065864563,0.02621849998831749,0.9927919507026672,0.5629408955574036,0.8419159054756165,-0.09677637368440628,0.6278870701789856,0.5593083500862122,0.8632710576057434,-0.07436845451593399,0.4685121178627014,0.6431289315223694,0.8690186142921448,-0.11263292282819748,0.7576948404312134,0.6353921890258789,0.8757255673408508,-0.07587804645299911,0.6001598238945007,0.6542282104492188,0.8747326731681824,-0.11676832288503647,0.6347222328186035,0.648927628993988,0.8755685687065125,-0.07960593700408936,0.45205527544021606,0.6619494557380676,0.8941527009010315,-0.17840708792209625,0.802406907081604,0.6530647873878479,0.9007555246353149,-0.1430654525756836,0.6607590913772583
yena_fall_normal_15,195,65,6.5008831521739125,29.995924466784405,10,0.35791876912117004,0.8203203082084656,-0.08269847184419632,0.9850180149078369,0.3529821038246155,0.8097540736198425,-0.07168509066104889,0.9841922521591187,0.3537890315055847,0.804243803024292,-0.07172954082489014,0.9812483787536621,0.35460689663887024,0.7989103198051453,-0.07174446433782578,0.9852737188339233,0.3513696491718292,0.8244128823280334,-0.06958125531673431,0.9873549938201904,0.3509780466556549,0.828934907913208,-0.06961847096681595,0.9840052723884583,0.35058358311653137,0.8333632946014404,-0.06969926506280899,0.987198531627655,0.3584239184856415,0.7909069061279297,-0.0056546758860349655,0.9739171862602234,0.35385391116142273,0.8378750681877136,-0.00030913270893506706,0.9736284017562866,0.3663906455039978,0.8129512071609497,-0.05765165761113167,0.9561781883239746,0.36479514837265015,0.8309377431869507,-0.05621561035513878,0.9592123031616211,0.39277079701423645,0.7776735424995422,-0.02904674969613552,0.9373791813850403,0.38752713799476624,0.8565069437026978,0.04015146940946579,0.9675265550613403,0.40558990836143494,0.8094514012336731,-0.13909412920475006,0.692710816860199,0.38027817010879517,0.8892697691917419,-0.055228713899850845,0.21263539791107178,0.3949950337409973,0.8532020449638367,-0.19296450912952423,0.32823359966278076,0.3873695135116577,0.8900138735771179,-0.18843983113765717,0.10961734503507614,0.39376717805862427,0.8674758672714233,-0.2128782868385315,0.2946343421936035,0.3876563310623169,0.8929104208946228,-0.2099321186542511,0.10923561453819275,0.3939211666584015,0.8667215704917908,-0.20293794572353363,0.2923881709575653,0.38854965567588806,0.8892502188682556,-0.20792004466056824,0.11372143030166626,0.39303654432296753,0.8648331761360168,-0.1909789741039276,0.2820391356945038,0.3901287019252777,0.8878324031829834,-0.19269300997257233,0.12391207367181778,0.49656519293785095,0.7718405723571777,-0.025436116382479668,0.9939495921134949,0.4948654770851135,0.8256107568740845,0.02536388672888279,0.9929102659225464,0.5627959370613098,0.8419492244720459,-0.09807541221380234,0.6178304553031921,0.5580005049705505,0.8627157807350159,-0.08295381814241409,0.4662748873233795,0.6392945647239685,0.8725929856300354,-0.1092037782073021,0.749643862247467,0.634199857711792,0.8711382746696472,-0.07536155730485916,0.5972589254379272,0.6547094583511353,0.8747861385345459,-0.11304651945829391,0.6292920112609863,0.643592894077301,0.8671524524688721,-0.07811643928289413,0.4479394853115082,0.6619609594345093,0.8936924934387207,-0.18073485791683197,0.7968757748603821,0.6529125571250916,0.892370879650116,-0.14422842860221863,0.6572261452674866
yena_fall_normal_15,198,66,6.600896739130435,29.995924466784405,10,0.3578855097293854,0.8204073309898376,-0.10161630064249039,0.9842456579208374,0.35289886593818665,0.8098530769348145,-0.09152622520923615,0.983726441860199,0.3536549210548401,0.8043509125709534,-0.09157895296812057,0.9807913899421692,0.3544512689113617,0.7989925146102905,-0.09160848706960678,0.9849788546562195,0.3513597548007965,0.8244573473930359,-0.08885408937931061,0.9869546890258789,0.3509730100631714,0.8289746046066284,-0.08887138962745667,0.9833797812461853,0.3505825698375702,0.8333823680877686,-0.08893833309412003,0.9866445660591125,0.3583608567714691,0.7910815477371216,-0.026428276672959328,0.9735588431358337,0.35382622480392456,0.8378887176513672,-0.017129261046648026,0.97296142578125,0.36628276109695435,0.8129648566246033,-0.07647780328989029,0.9553924202919006,0.36470216512680054,0.8309430480003357,-0.07390093058347702,0.9582482576370239,0.39253315329551697,0.7774120569229126,-0.04331827908754349,0.9376402497291565,0.3878951966762543,0.8545683026313782,0.034310270100831985,0.9665853381156921,0.4027613401412964,0.8043305277824402,-0.15368196368217468,0.6907642483711243,0.38215991854667664,0.888590931892395,-0.018069269135594368,0.20502616465091705,0.39304953813552856,0.8468953967094421,-0.2120472490787506,0.32178905606269836,0.38763096928596497,0.8814273476600647,-0.09372664242982864,0.10494359582662582,0.3907671570777893,0.8590785264968872,-0.23065614700317383,0.290998637676239,0.38808244466781616,0.8828808665275574,-0.10494659096002579,0.10522400587797165,0.3913033902645111,0.8590605854988098,-0.22058668732643127,0.288901686668396,0.38931015133857727,0.8801765441894531,-0.10442204028367996,0.10972883552312851,0.39369553327560425,0.8577362298965454,-0.21006010472774506,0.27868735790252686,0.39077118039131165,0.87932950258255,-0.09693042933940887,0.11957775801420212,0.49666309356689453,0.7720510959625244,-0.02563335932791233,0.9939907193183899,0.4947271943092346,0.8261296153068542,0.025570284575223923,0.9926880598068237,0.562710702419281,0.8425050973892212,-0.1071622222661972,0.6115935444831848,0.5582380294799805,0.8607146143913269,-0.07803090661764145,0.46146252751350403,0.6373283863067627,0.8743240237236023,-0.11470510065555573,0.7475368976593018,0.6343414783477783,0.8703575134277344,-0.07453189045190811,0.5932257771492004,0.6540396213531494,0.8749022483825684,-0.11812274903059006,0.6255111694335938,0.6440457701683044,0.8674398064613342,-0.07751619815826416,0.44335272908210754,0.6625210642814636,0.8936740159988403,-0.18473614752292633,0.7964107990264893,0.6535648107528687,0.8915961980819702,-0.14342506229877472,0.6553929448127747
yena_fall_normal_15,201,67,6.700910326086956,29.995924466784405,10,0.3574233949184418,0.8208511471748352,-0.11059180647134781,0.9850577712059021,0.35246896743774414,0.8102869391441345,-0.10063490271568298,0.984476625919342,0.35312575101852417,0.8046962022781372,-0.1006690263748169,0.9815840125083923,0.3537983298301697,0.7993034720420837,-0.10069527477025986,0.9856579303741455,0.35108664631843567,0.8252214789390564,-0.09635546803474426,0.9874771237373352,0.3507912755012512,0.8298658728599548,-0.09637293964624405,0.9838670492172241,0.3504999876022339,0.8344921469688416,-0.09643391519784927,0.9871716499328613,0.3579617440700531,0.7911189794540405,-0.03761932626366615,0.9747503995895386,0.35369211435317993,0.8388195037841797,-0.020463475957512856,0.9742985367774963,0.36606624722480774,0.8130440711975098,-0.08690986037254333,0.9575634598731995,0.36458510160446167,0.831474781036377,-0.08208642154932022,0.9604424238204956,0.39159074425697327,0.7787347435951233,-0.05480364337563515,0.9403553605079651,0.3878990411758423,0.8529189229011536,0.03699980303645134,0.9669493436813354,0.39293262362480164,0.8135575652122498,-0.15150924026966095,0.7075830698013306,0.3703443109989166,0.8956751227378845,0.012256164103746414,0.21688643097877502,0.3846760392189026,0.8647558093070984,-0.17889057099819183,0.32513701915740967,0.36825472116470337,0.8852694034576416,-0.031161846593022346,0.10270750522613525,0.38386812806129456,0.8802593946456909,-0.19647833704948425,0.290340393781662,0.36569470167160034,0.8852863907814026,-0.03943745046854019,0.10178419202566147,0.3831650912761688,0.8710251450538635,-0.18457821011543274,0.2880055010318756,0.3703843355178833,0.8818735480308533,-0.03661905974149704,0.10607782751321793,0.38224074244499207,0.8690953254699707,-0.17616510391235352,0.2773127257823944,0.37267857789993286,0.8809413313865662,-0.03395010158419609,0.11605623364448547,0.49676549434661865,0.7732184529304504,-0.03025553561747074,0.9941421151161194,0.49488529562950134,0.8258863091468811,0.030154239386320114,0.9927643537521362,0.5627098679542542,0.84303879737854,-0.10651305317878723,0.6178723573684692,0.5581831336021423,0.8608559966087341,-0.05350283905863762,0.4595220983028412,0.6392337083816528,0.8725353479385376,-0.08302531391382217,0.7556193470954895,0.6339731216430664,0.870440661907196,-0.026621263474225998,0.5982159972190857,0.652201235294342,0.8729541301727295,-0.08363180607557297,0.6338269114494324,0.6441596150398254,0.8658893704414368,-0.02741726115345955,0.448779821395874,0.6614616513252258,0.8919519782066345,-0.1475721299648285,0.8032391667366028,0.6536386013031006,0.891535222530365,-0.09259478747844696,0.6607000231742859
yena_fall_normal_15,204,68,6.800923913043478,29.995924466784405,10,0.35715410113334656,0.8213713765144348,-0.10837440192699432,0.9855661988258362,0.3522643744945526,0.8107044100761414,-0.0977812111377716,0.9850800633430481,0.3529089093208313,0.8050004243850708,-0.09781979769468307,0.9822328090667725,0.353584349155426,0.7995230555534363,-0.09784473478794098,0.9861985445022583,0.350892573595047,0.8256927728652954,-0.09394030272960663,0.9879302978515625,0.35061147809028625,0.8302582502365112,-0.09395984560251236,0.9843432307243347,0.3503534197807312,0.8348411321640015,-0.09402607381343842,0.9875912070274353,0.35786184668540955,0.7911376953125,-0.03368036821484566,0.975924015045166,0.35341963171958923,0.8392099738121033,-0.019382039085030556,0.9751947522163391,0.36588937044143677,0.8132299184799194,-0.08385416865348816,0.9592558741569519,0.3643121123313904,0.8318312764167786,-0.07973956316709518,0.96181720495224,0.3915896713733673,0.7787423133850098,-0.051236264407634735,0.9412692189216614,0.38789111375808716,0.8539655208587646,0.03574390709400177,0.9668991565704346,0.3946860134601593,0.8131012916564941,-0.1508904993534088,0.7180076241493225,0.36996522545814514,0.8949331045150757,-0.04167439416050911,0.22180606424808502,0.38399574160575867,0.8652694225311279,-0.17662134766578674,0.3265329897403717,0.36869242787361145,0.8924188017845154,-0.15501268208026886,0.10269653052091599,0.38214075565338135,0.8770077228546143,-0.193854421377182,0.2885105609893799,0.3663683831691742,0.8945780992507935,-0.17250210046768188,0.10117799043655396,0.3819323182106018,0.8717068433761597,-0.18178874254226685,0.28615105152130127,0.36965903639793396,0.890188455581665,-0.16931214928627014,0.10538478940725327,0.38076910376548767,0.8698566555976868,-0.17340515553951263,0.27547070384025574,0.37197965383529663,0.8883552551269531,-0.15889021754264832,0.11521239578723907,0.49676793813705444,0.7732916474342346,-0.028035400435328484,0.9942306280136108,0.49489182233810425,0.8262515068054199,0.027902964502573013,0.9928768277168274,0.5627760291099548,0.8433917760848999,-0.11737692356109619,0.6163328289985657,0.5594143271446228,0.8604863882064819,-0.06771114468574524,0.4569585621356964,0.641710638999939,0.8721824288368225,-0.10783389955759048,0.7542430758476257,0.6354081630706787,0.8731634616851807,-0.05787651613354683,0.5951013565063477,0.6522344350814819,0.8743271231651306,-0.1098427101969719,0.6313349008560181,0.6454489827156067,0.8722431063652039,-0.060841891914606094,0.44472432136535645,0.6620250344276428,0.8930026888847351,-0.17982427775859833,0.8033308386802673,0.6548362374305725,0.8951188921928406,-0.13059544563293457,0.6586282849311829
yena_fall_normal_15,207,69,6.9009374999999995,29.995924466784405,10,0.3572190999984741,0.8215124011039734,-0.0985911563038826,0.9850293397903442,0.35226109623908997,0.8108593821525574,-0.08822684735059738,0.984832227230072,0.35290420055389404,0.8051720857620239,-0.08827970921993256,0.9820080995559692,0.3535824716091156,0.7997143268585205,-0.08831296116113663,0.9860699772834778,0.350900262594223,0.8257021307945251,-0.08589354157447815,0.9876559972763062,0.3506106436252594,0.8302567601203918,-0.08591119199991226,0.9838981628417969,0.35034802556037903,0.8347512483596802,-0.08598475903272629,0.9871411323547363,0.35785338282585144,0.7914900779724121,-0.024483906105160713,0.9757995009422302,0.3534122705459595,0.8391149044036865,-0.017344828695058823,0.9745461344718933,0.3658961057662964,0.8134838342666626,-0.07404372096061707,0.9587372541427612,0.36432158946990967,0.8318448662757874,-0.07198607176542282,0.9609760642051697,0.3916272521018982,0.7786330580711365,-0.04225840047001839,0.941396176815033,0.3882138133049011,0.854028582572937,0.03325306251645088,0.9661878943443298,0.40397804975509644,0.8037936091423035,-0.1495799720287323,0.7141790390014648,0.37309935688972473,0.8913180232048035,-0.026585930958390236,0.21520571410655975,0.39001408219337463,0.8518491983413696,-0.2016499787569046,0.32405975461006165,0.37790486216545105,0.8853884935379028,-0.09577227383852005,0.09911608695983887,0.38697269558906555,0.8691447973251343,-0.21869467198848724,0.28871288895606995,0.37699881196022034,0.8868919014930725,-0.10642479360103607,0.09817598760128021,0.387179434299469,0.8669389486312866,-0.20762528479099274,0.28629544377326965,0.37882980704307556,0.883988618850708,-0.10437683761119843,0.10232497751712799,0.3855852782726288,0.8594441413879395,-0.19893096387386322,0.2758088707923889,0.38083991408348083,0.8827694058418274,-0.09832065552473068,0.1119273453950882,0.49679800868034363,0.7732498645782471,-0.023391220718622208,0.9941402673721313,0.49490296840667725,0.826884388923645,0.02332065813243389,0.9925438165664673,0.5609310269355774,0.8418339490890503,-0.11491397023200989,0.6010119318962097,0.558252215385437,0.8630461096763611,-0.07465724647045135,0.44757288694381714,0.6417256593704224,0.8708887696266174,-0.11072807759046555,0.7388861179351807,0.6355236172676086,0.8731690645217896,-0.07733546942472458,0.5830495357513428,0.6524272561073303,0.8737711310386658,-0.11313048750162125,0.6200640797615051,0.6456374526023865,0.8748113512992859,-0.08095143735408783,0.4336162209510803,0.66154944896698,0.8920222520828247,-0.17785486578941345,0.7926632761955261,0.6550105214118958,0.8947827816009521,-0.14565600454807281,0.6481677293777466
yena_fall_normal_15,210,70,7.000951086956522,29.995924466784405,10,0.3571249544620514,0.8221575021743774,-0.10759223252534866,0.9853792190551758,0.35207656025886536,0.8118752241134644,-0.09840699285268784,0.9852418303489685,0.3526366949081421,0.8061197400093079,-0.0984550416469574,0.9824000000953674,0.3532056510448456,0.8006139397621155,-0.09849105030298233,0.9864229559898376,0.3508690297603607,0.8270830512046814,-0.09366835653781891,0.9880048632621765,0.35060736536979675,0.8318315744400024,-0.09368037432432175,0.9842440485954285,0.35035568475723267,0.8365054130554199,-0.09373829513788223,0.9874236583709717,0.3574010729789734,0.7920446395874023,-0.03671824187040329,0.976381778717041,0.35340532660484314,0.8405442833900452,-0.01819388009607792,0.9749345779418945,0.36580100655555725,0.8135454058647156,-0.083872951567173,0.9601246118545532,0.36431950330734253,0.8321673274040222,-0.07842259854078293,0.9617929458618164,0.39062851667404175,0.7786269187927246,-0.05438847839832306,0.9413136839866638,0.38859596848487854,0.853705644607544,0.03336677700281143,0.9648721814155579,0.3954175114631653,0.8007417917251587,-0.1631062775850296,0.7130730152130127,0.375083863735199,0.8892495036125183,-0.021222805604338646,0.21090465784072876,0.3872089684009552,0.8492393493652344,-0.21032853424549103,0.313879132270813,0.3792327046394348,0.88824063539505,-0.11092416942119598,0.09687384217977524,0.38354581594467163,0.8672745227813721,-0.22884774208068848,0.2807888984680176,0.37827250361442566,0.8915546536445618,-0.12310091406106949,0.09707672148942947,0.3836834132671356,0.8665210008621216,-0.21776390075683594,0.2786731719970703,0.379817396402359,0.8885827660560608,-0.12434127926826477,0.10132940113544464,0.38653334975242615,0.8564497232437134,-0.20784540474414825,0.2686779797077179,0.3816045820713043,0.8866523504257202,-0.11538729816675186,0.11082389950752258,0.49683985114097595,0.7730693817138672,-0.030216146260499954,0.994408369064331,0.4950689971446991,0.8241089582443237,0.030116893351078033,0.9926853179931641,0.561271071434021,0.8416505455970764,-0.11296432465314865,0.6079579591751099,0.557755172252655,0.8598264455795288,-0.032003264874219894,0.44112226366996765,0.6418445706367493,0.8708513975143433,-0.09718213230371475,0.7452689409255981,0.632185697555542,0.8704884648323059,-0.003552826587110758,0.5802574753761292,0.6522737741470337,0.8731942176818848,-0.0983600988984108,0.6257308125495911,0.644640326499939,0.865669310092926,-0.004078545141965151,0.43147334456443787,0.6614752411842346,0.8921012282371521,-0.16116006672382355,0.7963913679122925,0.6533820033073425,0.893797755241394,-0.06443022936582565,0.6458155512809753
yena_fall_normal_15,213,71,7.100964673913043,29.995924466784405,10,0.35701486468315125,0.8223267197608948,-0.10699339956045151,0.9855539202690125,0.35205382108688354,0.8119952082633972,-0.09744995087385178,0.985413670539856,0.3526182472705841,0.8062337040901184,-0.09749697148799896,0.9825689792633057,0.3531922399997711,0.8007360696792603,-0.09753192961215973,0.9865475296974182,0.35083258152008057,0.8272681832313538,-0.09309361129999161,0.9881776571273804,0.350582093000412,0.8319977521896362,-0.09310738742351532,0.98442542552948,0.3503427505493164,0.8366672396659851,-0.0931677520275116,0.9874797463417053,0.3573905825614929,0.7923389077186584,-0.03487824648618698,0.9763124585151672,0.35337546467781067,0.8407964110374451,-0.020448407158255577,0.9745907783508301,0.3657449185848236,0.8139570951461792,-0.08301553130149841,0.9604831337928772,0.36429518461227417,0.832664430141449,-0.07823147624731064,0.9616721868515015,0.39070358872413635,0.7803097367286682,-0.054995547980070114,0.9405482411384583,0.3884250223636627,0.8538076877593994,0.02710859291255474,0.9632390737533569,0.3978414535522461,0.8018675446510315,-0.16205020248889923,0.7123188972473145,0.37622499465942383,0.8879173398017883,-0.0567801371216774,0.2074812352657318,0.38844266533851624,0.8501829504966736,-0.20895697176456451,0.3117031753063202,0.3789992332458496,0.8892812132835388,-0.17696963250637054,0.09712624549865723,0.38898324966430664,0.8648746013641357,-0.22710709273815155,0.2799403667449951,0.37822654843330383,0.8928912281990051,-0.19291022419929504,0.0985206738114357,0.3890525996685028,0.8640403747558594,-0.21552643179893494,0.2780110538005829,0.37925830483436584,0.8892766237258911,-0.19211667776107788,0.10282818228006363,0.38847342133522034,0.8572660088539124,-0.20595479011535645,0.26829689741134644,0.38099488615989685,0.887312650680542,-0.18109069764614105,0.11235606670379639,0.49677813053131104,0.7736825346946716,-0.029782313853502274,0.9946542382240295,0.49539849162101746,0.8236263394355774,0.0296897292137146,0.9928761124610901,0.5613067150115967,0.8420149087905884,-0.10687116533517838,0.6148301959037781,0.5586315989494324,0.8582616448402405,-0.036489348858594894,0.43808305263519287,0.6376017928123474,0.8716122508049011,-0.09828247129917145,0.7534906268119812,0.6273495554924011,0.8626694083213806,-0.009928753599524498,0.5796202421188354,0.6495530009269714,0.872665286064148,-0.09946396946907043,0.6386061310768127,0.6415965557098389,0.8547728061676025,-0.010500353761017323,0.4318813681602478,0.6615284085273743,0.8915503025054932,-0.1629374623298645,0.8019036054611206,0.6511633396148682,0.8841508626937866,-0.0673394426703453,0.6438029408454895
yena_fall_normal_15,216,72,7.200978260869565,29.995924466784405,10,0.3571755588054657,0.8230231404304504,-0.11616083234548569,0.9860019087791443,0.35220399498939514,0.812433660030365,-0.10602699220180511,0.9859818816184998,0.35272935032844543,0.8066630959510803,-0.10607140511274338,0.983223557472229,0.35327643156051636,0.801160454750061,-0.10610271245241165,0.9870806336402893,0.3510352075099945,0.8275277018547058,-0.10150708258152008,0.9886559844017029,0.35077163577079773,0.8321130275726318,-0.10152160376310349,0.9849415421485901,0.35052233934402466,0.8366798162460327,-0.10158741474151611,0.9879266619682312,0.35743793845176697,0.7928255796432495,-0.041244182735681534,0.9772011041641235,0.35349369049072266,0.8407934904098511,-0.0235604215413332,0.9757918119430542,0.3658275008201599,0.8145288825035095,-0.09139936417341232,0.9615508913993835,0.3643292188644409,0.8331100344657898,-0.08627089858055115,0.9628525972366333,0.39068037271499634,0.7802494168281555,-0.05726898834109306,0.9421386122703552,0.38842374086380005,0.8527569770812988,0.03346135839819908,0.9628006815910339,0.3948517143726349,0.8080389499664307,-0.1608445793390274,0.7236208319664001,0.37265315651893616,0.8879681825637817,0.01155936811119318,0.20575417578220367,0.38664618134498596,0.8543007969856262,-0.20263773202896118,0.31329724192619324,0.3775196969509125,0.8823996186256409,-0.03731520473957062,0.09370750933885574,0.38504621386528015,0.8656594753265381,-0.22057177126407623,0.2800173759460449,0.376476913690567,0.8817467093467712,-0.04451091215014458,0.09482795000076294,0.38506215810775757,0.8648935556411743,-0.2100537121295929,0.27808451652526855,0.3786913752555847,0.8777654767036438,-0.04274914413690567,0.09895824640989304,0.38364142179489136,0.8614901304244995,-0.2002929151058197,0.26734834909439087,0.38052475452423096,0.8772139549255371,-0.03975853696465492,0.10820049047470093,0.49676987528800964,0.7736400365829468,-0.03194061666727066,0.9948121905326843,0.4950012266635895,0.8238416314125061,0.031869735568761826,0.9929463863372803,0.5613580346107483,0.841995358467102,-0.10690783709287643,0.6184740662574768,0.5586373209953308,0.8585777878761292,-0.05577937886118889,0.4403454065322876,0.6372129917144775,0.8722429275512695,-0.10896246880292892,0.7619926333427429,0.6280381679534912,0.864075779914856,-0.04082921892404556,0.5825480818748474,0.651580810546875,0.8726557493209839,-0.11197192966938019,0.6522464752197266,0.6400367021560669,0.856360137462616,-0.04272843897342682,0.4383432865142822,0.6615047454833984,0.8908531665802002,-0.1777188777923584,0.8087196946144104,0.6504843235015869,0.8873183131217957,-0.10430942475795746,0.6474785208702087
yena_fall_normal_15,219,73,7.3009918478260865,29.995924466784405,10,0.35719746351242065,0.8242997527122498,-0.11450650542974472,0.9861316680908203,0.35215890407562256,0.8138235807418823,-0.10402684658765793,0.9863949418067932,0.35267189145088196,0.8081029057502747,-0.10407347232103348,0.9836186766624451,0.3532021641731262,0.8024733066558838,-0.10410502552986145,0.9874236583709717,0.35101479291915894,0.8283715844154358,-0.09909067302942276,0.9890499711036682,0.35075920820236206,0.832782506942749,-0.0990813821554184,0.985223650932312,0.3505164682865143,0.837209165096283,-0.09911502152681351,0.9881303310394287,0.35738423466682434,0.7932694554328918,-0.044689908623695374,0.9777455925941467,0.35348764061927795,0.8408633470535278,-0.015753192827105522,0.9760655760765076,0.36589157581329346,0.815877377986908,-0.08986791223287582,0.9615581035614014,0.36452335119247437,0.8335957527160645,-0.08360416442155838,0.9626826643943787,0.39042848348617554,0.7822506427764893,-0.0730292871594429,0.9440813064575195,0.3880876302719116,0.845927357673645,0.044592585414648056,0.9627581238746643,0.3938525915145874,0.8170784711837769,-0.19028332829475403,0.7337175607681274,0.3771170973777771,0.8794810175895691,0.02457488141953945,0.1979309767484665,0.3866209089756012,0.8603023886680603,-0.2380395531654358,0.3254392743110657,0.3762441873550415,0.882900595664978,-0.042398348450660706,0.0932820737361908,0.38880011439323425,0.8698746562004089,-0.25852978229522705,0.29206037521362305,0.37475869059562683,0.8834790587425232,-0.049893271178007126,0.09555881470441818,0.384564071893692,0.8702517747879028,-0.24764370918273926,0.2901017367839813,0.376343697309494,0.8813353776931763,-0.05504214018583298,0.09993784874677658,0.3875158727169037,0.8662569522857666,-0.2356189340353012,0.2769087255001068,0.37860313057899475,0.879941999912262,-0.04768986999988556,0.10921212285757065,0.49687492847442627,0.7750884294509888,-0.03663269802927971,0.995068371295929,0.4952026903629303,0.8194721937179565,0.03656497225165367,0.9931160807609558,0.5620643496513367,0.8436321020126343,-0.1018826887011528,0.6136862635612488,0.5584161281585693,0.8624513149261475,-0.050425466150045395,0.43072158098220825,0.6404222846031189,0.8708924651145935,-0.11228222399950027,0.7610917687416077,0.6310277581214905,0.8693944811820984,-0.04963917285203934,0.569442868232727,0.6528598666191101,0.8730320334434509,-0.11576094478368759,0.656298816204071,0.644947350025177,0.8669325113296509,-0.05300619453191757,0.4334283471107483,0.6614651083946228,0.8919203877449036,-0.17734652757644653,0.8074872493743896,0.6501462459564209,0.8973753452301025,-0.10775329917669296,0.6390306353569031
yena_fall_normal_15,222,74,7.401005434782609,29.995924466784405,10,0.357464998960495,0.8253566026687622,-0.10078317672014236,0.9869943857192993,0.35222217440605164,0.8147678971290588,-0.09238985180854797,0.9872803688049316,0.3527042269706726,0.8090684413909912,-0.092430979013443,0.9846259951591492,0.35321855545043945,0.8033334016799927,-0.09244147688150406,0.9881902933120728,0.35114097595214844,0.8290595412254333,-0.08503729850053787,0.9897849559783936,0.3508869707584381,0.8333985805511475,-0.08505818992853165,0.9861689805984497,0.3506534993648529,0.8375914692878723,-0.085120789706707,0.9889205098152161,0.35738059878349304,0.7936417460441589,-0.04154354706406593,0.9791199564933777,0.3535255193710327,0.8407163023948669,-0.008019215427339077,0.9773666858673096,0.3659668266773224,0.8168625235557556,-0.08102400600910187,0.9637668132781982,0.3647342324256897,0.8342642784118652,-0.0720042735338211,0.964367151260376,0.3901655972003937,0.7824808955192566,-0.06965259462594986,0.9459653496742249,0.3885723352432251,0.8463405966758728,0.03761383518576622,0.9635471105575562,0.3890111744403839,0.823991060256958,-0.17776323854923248,0.74876469373703,0.3730120062828064,0.8815299272537231,-0.05342317000031471,0.20239092409610748,0.3803359866142273,0.8741496205329895,-0.18150244653224945,0.3384527266025543,0.36487600207328796,0.8949589729309082,-0.18226657807826996,0.10068099945783615,0.37880608439445496,0.8851619362831116,-0.19811835885047913,0.2984331250190735,0.3607769012451172,0.9002695083618164,-0.20126143097877502,0.10312458127737045,0.3777097761631012,0.8830666542053223,-0.18659402430057526,0.2963624894618988,0.36191651225090027,0.8967145085334778,-0.20123419165611267,0.10755309462547302,0.3800102174282074,0.878125786781311,-0.17809394001960754,0.28352656960487366,0.3648532032966614,0.8935685753822327,-0.18757671117782593,0.11740898340940475,0.4960937201976776,0.7752593755722046,-0.03591691330075264,0.995320200920105,0.49530288577079773,0.8196829557418823,0.03588317707180977,0.9934977889060974,0.5620291233062744,0.8436447978019714,-0.09320588409900665,0.6210569739341736,0.5585574507713318,0.8624210953712463,-0.04230944439768791,0.43074437975883484,0.6387085318565369,0.871981680393219,-0.10455434769392014,0.7671513557434082,0.6317301988601685,0.8693774342536926,-0.0440717488527298,0.5667790770530701,0.6540944576263428,0.8731590509414673,-0.10859126597642899,0.6625625491142273,0.642713189125061,0.8638477921485901,-0.048280321061611176,0.4342513978481293,0.6615369319915771,0.8921085000038147,-0.169765904545784,0.8113812208175659,0.6501924991607666,0.8968795537948608,-0.10064574331045151,0.6373605728149414
yena_fall_normal_15,225,75,7.50101902173913,29.995924466784405,10,0.357589453458786,0.8260892629623413,-0.1038026362657547,0.9868388772010803,0.3522223234176636,0.8159326910972595,-0.09659822285175323,0.9871127009391785,0.3527050018310547,0.8104910850524902,-0.0966474786400795,0.984444260597229,0.3532291352748871,0.8048089146614075,-0.09666955471038818,0.9881138205528259,0.35114729404449463,0.829475462436676,-0.09142256528139114,0.9895803332328796,0.350888192653656,0.8336600065231323,-0.09144806116819382,0.9859011173248291,0.35064905881881714,0.8377770185470581,-0.09152720123529434,0.9886331558227539,0.35738080739974976,0.7951419949531555,-0.04285356029868126,0.9791105389595032,0.35353001952171326,0.8407180905342102,-0.021815020591020584,0.9766649603843689,0.3660001754760742,0.818916380405426,-0.08322308957576752,0.9646443724632263,0.3648061156272888,0.8349690437316895,-0.07721244543790817,0.9646863341331482,0.39134109020233154,0.7824697494506836,-0.06965509057044983,0.9477017521858215,0.38893336057662964,0.8482017517089844,0.01891217939555645,0.9649320840835571,0.4066547155380249,0.8061919212341309,-0.1923290193080902,0.7532902359962463,0.3803054392337799,0.8822453022003174,-0.08747197687625885,0.197828471660614,0.39206647872924805,0.8571290373802185,-0.24935604631900787,0.35187476873397827,0.3825242221355438,0.8938848972320557,-0.222682386636734,0.10070039331912994,0.3935032784938812,0.8669151067733765,-0.26982179284095764,0.312852144241333,0.38224440813064575,0.8990883231163025,-0.24304910004138947,0.10436753928661346,0.3879905939102173,0.8661417365074158,-0.25776830315589905,0.3105279207229614,0.3831839859485626,0.8955710530281067,-0.24214161932468414,0.10878311842679977,0.39285552501678467,0.8641583919525146,-0.2465105652809143,0.2969490587711334,0.3851550221443176,0.8928682804107666,-0.22785378992557526,0.11912747472524643,0.49610957503318787,0.7733538150787354,-0.029433775693178177,0.9953243732452393,0.49531087279319763,0.8211067914962769,0.0293724462389946,0.9935230016708374,0.5619591474533081,0.8423222303390503,-0.0871088057756424,0.6207524538040161,0.5544286966323853,0.8652811646461487,-0.05851642042398453,0.4310491681098938,0.6405529379844666,0.8703010082244873,-0.09466201812028885,0.7628132104873657,0.6323739290237427,0.8720049262046814,-0.056471992284059525,0.5653770565986633,0.6540220379829407,0.8748993873596191,-0.09837453812360764,0.655307948589325,0.6458777785301208,0.872119665145874,-0.05975108593702316,0.43176954984664917,0.6615574359893799,0.8921142220497131,-0.16215607523918152,0.8080360293388367,0.6509580612182617,0.8977271318435669,-0.12002722173929214,0.6366943120956421
yena_fall_normal_15,228,76,7.601032608695652,29.995924466784405,10,0.3577534556388855,0.8260744214057922,-0.09734116494655609,0.9866733551025391,0.3523522615432739,0.8157057166099548,-0.0873754695057869,0.9870157241821289,0.3528977632522583,0.8101418018341064,-0.08742687106132507,0.9843806624412537,0.3535579741001129,0.804429829120636,-0.08744987100362778,0.9880369901657104,0.35123392939567566,0.8293043971061707,-0.0839887484908104,0.989532470703125,0.3509451746940613,0.8334017992019653,-0.08402372896671295,0.9859119653701782,0.3506789207458496,0.83746737241745,-0.0841069370508194,0.9885911345481873,0.3577549159526825,0.794822633266449,-0.02351713739335537,0.979017436504364,0.3535526990890503,0.840067982673645,-0.012502770870923996,0.9763611555099487,0.36613020300865173,0.8188581466674805,-0.07309968769550323,0.9639663100242615,0.36485403776168823,0.8349754810333252,-0.06987480819225311,0.9638590216636658,0.3926366865634918,0.7812821269035339,-0.04337623342871666,0.9455621242523193,0.389280766248703,0.8510851860046387,0.02978687733411789,0.964850902557373,0.40974557399749756,0.802554726600647,-0.1525086909532547,0.7452511191368103,0.3823505640029907,0.8849780559539795,-0.06581340730190277,0.19276051223278046,0.40034735202789307,0.8534484505653381,-0.20949797332286835,0.34982913732528687,0.3849850296974182,0.8941633701324463,-0.19962197542190552,0.10045380145311356,0.3961440920829773,0.8580566644668579,-0.22804543375968933,0.31300419569015503,0.38493144512176514,0.8997109532356262,-0.22001099586486816,0.1050318107008934,0.3953581750392914,0.8580037355422974,-0.21903111040592194,0.31089818477630615,0.3858746290206909,0.8956749439239502,-0.21881817281246185,0.10962342470884323,0.3954669237136841,0.8575012683868408,-0.20752252638339996,0.29772597551345825,0.38763996958732605,0.8929840922355652,-0.20438089966773987,0.1200694739818573,0.4964137673377991,0.7725873589515686,-0.026150038465857506,0.9951437711715698,0.4953203499317169,0.8228210210800171,0.026074307039380074,0.9934239983558655,0.5622060298919678,0.8423396944999695,-0.09399730712175369,0.6146858334541321,0.5565465092658997,0.8651794791221619,-0.07804414629936218,0.4334508776664734,0.6390584707260132,0.8711076378822327,-0.1106639951467514,0.7555229663848877,0.6338710784912109,0.8727555871009827,-0.0821809396147728,0.5643610954284668,0.6547165513038635,0.8748419284820557,-0.11511348932981491,0.6485682129859924,0.6489593386650085,0.8724502325057983,-0.08598148077726364,0.42893218994140625,0.6615407466888428,0.8921016454696655,-0.1817549616098404,0.8033934831619263,0.6531177163124084,0.8976495862007141,-0.1502225399017334,0.6352425813674927
yena_fall_normal_15,231,77,7.701046195652173,29.995924466784405,10,0.35752907395362854,0.8261440992355347,-0.10406268388032913,0.9864987730979919,0.3522564470767975,0.8158138990402222,-0.0944809764623642,0.9869001507759094,0.35279226303100586,0.8101918697357178,-0.09453441947698593,0.9842352867126465,0.35344552993774414,0.8044413328170776,-0.09455656260251999,0.9879391193389893,0.35114970803260803,0.8294593691825867,-0.09048746526241302,0.9894955158233643,0.35086768865585327,0.8335331082344055,-0.09051644802093506,0.9858652949333191,0.3506057560443878,0.8375809788703918,-0.09059359133243561,0.9884892702102661,0.3576611876487732,0.794811487197876,-0.030924737453460693,0.978798508644104,0.3534409701824188,0.8402067422866821,-0.017073141410946846,0.9758851528167725,0.36588820815086365,0.8188440799713135,-0.07980044931173325,0.9636486768722534,0.36466190218925476,0.8350579142570496,-0.07575596868991852,0.9633755087852478,0.3921878933906555,0.7809241414070129,-0.04821388050913811,0.9443270564079285,0.3893541097640991,0.8511459827423096,0.027331052348017693,0.9649343490600586,0.4077964723110199,0.8033817410469055,-0.1634838730096817,0.7444714307785034,0.38297659158706665,0.8856362104415894,-0.06433436274528503,0.18564683198928833,0.39706140756607056,0.8528390526771545,-0.22064600884914398,0.353468656539917,0.3882274031639099,0.8914424180984497,-0.19413945078849792,0.09795353561639786,0.3941940367221832,0.8596551418304443,-0.23971478641033173,0.3180961608886719,0.3885025084018707,0.896445095539093,-0.21329261362552643,0.10342666506767273,0.39394834637641907,0.8593921661376953,-0.2296759933233261,0.3160727024078369,0.3889397978782654,0.8932064175605774,-0.21317316591739655,0.10809801518917084,0.39280882477760315,0.858310878276825,-0.21832813322544098,0.3026939630508423,0.3906223177909851,0.8909188508987427,-0.19915474951267242,0.11847344040870667,0.4964284896850586,0.7725396156311035,-0.025817014276981354,0.9950264096260071,0.49532681703567505,0.8237623572349548,0.025740234181284904,0.9933132529258728,0.5623235702514648,0.8419815897941589,-0.09267280250787735,0.611530601978302,0.5569050908088684,0.8623810410499573,-0.07147353142499924,0.43616390228271484,0.6419153809547424,0.8706062436103821,-0.10732206702232361,0.7509258985519409,0.6343732476234436,0.8734597563743591,-0.07415866106748581,0.5670966506004333,0.6547107696533203,0.8763079643249512,-0.11204347014427185,0.6420914530754089,0.6491617560386658,0.8747989535331726,-0.07792387157678604,0.42805495858192444,0.661677360534668,0.8925365209579468,-0.1808638870716095,0.800937294960022,0.6532465219497681,0.8976847529411316,-0.14124058187007904,0.6382694840431213
yena_fall_normal_15,234,78,7.801059782608696,29.995924466784405,10,0.3574617803096771,0.8255487680435181,-0.10585736483335495,0.987295389175415,0.3522203266620636,0.8150728344917297,-0.09560128301382065,0.9876316785812378,0.3527592420578003,0.8094662427902222,-0.09564541280269623,0.9850853681564331,0.35340404510498047,0.8039030432701111,-0.09566687792539597,0.9885854721069336,0.351082980632782,0.8292499780654907,-0.09157019108533859,0.9900749325752258,0.3508112132549286,0.8334690928459167,-0.09159146249294281,0.986583411693573,0.35056740045547485,0.8375870585441589,-0.09165673702955246,0.989098072052002,0.3575880229473114,0.7945985794067383,-0.031670134514570236,0.9799960255622864,0.3533889353275299,0.8405036330223083,-0.01703503355383873,0.9772748351097107,0.3658711314201355,0.8179216384887695,-0.08140721172094345,0.9654672741889954,0.36466291546821594,0.8348696231842041,-0.07721064984798431,0.96529620885849,0.39179202914237976,0.7809458374977112,-0.051348015666007996,0.9470438361167908,0.3877674341201782,0.8516877889633179,0.030299153178930283,0.9662039875984192,0.39793625473976135,0.8133485913276672,-0.15697763860225677,0.7568013072013855,0.37316256761550903,0.8939564824104309,-0.04869185760617256,0.20174454152584076,0.3864894509315491,0.8647775650024414,-0.1826985776424408,0.36411556601524353,0.3673536479473114,0.8887748718261719,-0.15393036603927612,0.10296907275915146,0.3862185776233673,0.8692600727081299,-0.19892020523548126,0.3233770728111267,0.3645368814468384,0.8899953365325928,-0.17007020115852356,0.10613810271024704,0.3863382935523987,0.8678867220878601,-0.18655185401439667,0.3209800124168396,0.36792367696762085,0.8844979405403137,-0.16491805016994476,0.11044677346944809,0.38453131914138794,0.865929126739502,-0.1790170520544052,0.3070121109485626,0.37055569887161255,0.8828339576721191,-0.15670476853847504,0.12089165300130844,0.4964379370212555,0.7731068730354309,-0.0263487808406353,0.9952331781387329,0.4952145218849182,0.8238170742988586,0.026244083419442177,0.9936029314994812,0.5621044039726257,0.8424465656280518,-0.09858516603708267,0.6089596748352051,0.5568730235099792,0.8619072437286377,-0.06980269402265549,0.4329538643360138,0.637182354927063,0.8729384541511536,-0.09875428676605225,0.7513834834098816,0.6321309804916382,0.8726959228515625,-0.054328203201293945,0.5635607242584229,0.6488000750541687,0.8759253025054932,-0.10112057626247406,0.6456212401390076,0.6404508948326111,0.8675355315208435,-0.05590870603919029,0.4278521239757538,0.6607423424720764,0.8894124031066895,-0.163490429520607,0.801990270614624,0.6509100794792175,0.8959554433822632,-0.11677893996238708,0.6364020705223083
yena_fall_normal_15,237,79,7.901073369565217,29.995924466784405,10,0.3575003445148468,0.8255030512809753,-0.10587909817695618,0.9877794981002808,0.3522256314754486,0.8150749206542969,-0.09580682963132858,0.9881740212440491,0.35276392102241516,0.8094627261161804,-0.09585246443748474,0.985707700252533,0.35341185331344604,0.8038956522941589,-0.09587372094392776,0.9890854954719543,0.35108834505081177,0.8292549848556519,-0.09194502979516983,0.9905321002006531,0.3508096933364868,0.8334795236587524,-0.09197032451629639,0.9871866703033447,0.350561261177063,0.8376076221466064,-0.09203726798295975,0.989569365978241,0.3575868606567383,0.7945870161056519,-0.032153159379959106,0.9809635281562805,0.35338571667671204,0.8405566215515137,-0.01904236152768135,0.9782060384750366,0.36587557196617126,0.8178451657295227,-0.08153937757015228,0.9670982360839844,0.36468592286109924,0.8348144888877869,-0.07759106159210205,0.9667919278144836,0.39187172055244446,0.7808294296264648,-0.05473173037171364,0.9483011960983276,0.3879619538784027,0.8518935441970825,0.02383061684668064,0.9673330187797546,0.4019012749195099,0.8080673217773438,-0.17250753939151764,0.7605431079864502,0.37374427914619446,0.8903729319572449,-0.08180945366621017,0.19817566871643066,0.39174777269363403,0.8638885617256165,-0.22165542840957642,0.3692850172519684,0.37815406918525696,0.8913310766220093,-0.21960996091365814,0.10215076804161072,0.38782355189323425,0.8667967319488525,-0.24048420786857605,0.32860150933265686,0.37792956829071045,0.8962018489837646,-0.24021190404891968,0.1060781329870224,0.3883049786090851,0.8657336831092834,-0.22849157452583313,0.32606419920921326,0.3796955347061157,0.8910358548164368,-0.2381630837917328,0.11043938249349594,0.38648688793182373,0.8644092082977295,-0.21855875849723816,0.3119538128376007,0.3817070424556732,0.8883454203605652,-0.2242588996887207,0.12118691205978394,0.49644383788108826,0.7727165222167969,-0.02633042447268963,0.9952791929244995,0.4952242970466614,0.8238418698310852,0.026226457208395004,0.9936702847480774,0.5613391995429993,0.8419778347015381,-0.0998738557100296,0.6049826741218567,0.5550922751426697,0.8657252192497253,-0.07212088257074356,0.42896735668182373,0.6400015950202942,0.8720861673355103,-0.11713901907205582,0.7450393438339233,0.6325964331626892,0.8744518160820007,-0.0810077115893364,0.5577074289321899,0.6513818502426147,0.875905454158783,-0.12169203907251358,0.6385075449943542,0.6454373002052307,0.8714306354522705,-0.08538886159658432,0.42421525716781616,0.6607439517974854,0.8908020853996277,-0.1866338551044464,0.7985097169876099,0.650901734828949,0.901475191116333,-0.14754648506641388,0.6332038640975952
yena_fall_normal_15,240,80,8.001086956521739,29.995924466784405,10,0.3575010597705841,0.8248932361602783,-0.10783030092716217,0.9884843826293945,0.35222893953323364,0.8142829537391663,-0.09742334485054016,0.988783061504364,0.3527691662311554,0.8087121844291687,-0.0974598228931427,0.9864200949668884,0.3534165620803833,0.8032923936843872,-0.0974825918674469,0.9896345734596252,0.35108137130737305,0.8287645578384399,-0.0938325747847557,0.9909942746162415,0.3508003354072571,0.8331079483032227,-0.0938536673784256,0.9877454042434692,0.3505539000034332,0.8373994827270508,-0.09391782432794571,0.9900790452957153,0.3575838804244995,0.7943323254585266,-0.03229853883385658,0.9819117784500122,0.3533753752708435,0.8405672907829285,-0.019449764862656593,0.9795224070549011,0.3658994138240814,0.8173472881317139,-0.08314461261034012,0.9685381650924683,0.36471831798553467,0.8346256613731384,-0.07942970097064972,0.9685298204421997,0.3917961120605469,0.7808162569999695,-0.053164660930633545,0.9508203268051147,0.38740381598472595,0.8518911004066467,0.033755410462617874,0.96816486120224,0.3998109698295593,0.8129135370254517,-0.15274211764335632,0.770642101764679,0.3697449564933777,0.8968967199325562,-0.010396352037787437,0.21345257759094238,0.3891123831272125,0.8641421794891357,-0.18509027361869812,0.37752437591552734,0.36743783950805664,0.889049768447876,-0.06888522207736969,0.10314977169036865,0.3850288987159729,0.8714995384216309,-0.2018311768770218,0.33353614807128906,0.3651585578918457,0.8897164463996887,-0.07918021827936172,0.10477790981531143,0.38511618971824646,0.8698608875274658,-0.18999142944812775,0.3305707275867462,0.3695005476474762,0.8844249844551086,-0.07414387166500092,0.10882693529129028,0.387615829706192,0.866274356842041,-0.18198886513710022,0.31544771790504456,0.3720165491104126,0.8830375671386719,-0.07085824757814407,0.11976876109838486,0.49645110964775085,0.77302485704422,-0.02880522422492504,0.9953537583351135,0.4952257573604584,0.8238627910614014,0.0287002082914114,0.9937626123428345,0.5616243481636047,0.8421348333358765,-0.09905195981264114,0.6069959998130798,0.5565997958183289,0.8655804395675659,-0.07135375589132309,0.4287586808204651,0.6368061900138855,0.8722195625305176,-0.09057904779911041,0.7500094175338745,0.6321890950202942,0.873051643371582,-0.04676580801606178,0.5589020848274231,0.6515794992446899,0.8751325607299805,-0.09212541580200195,0.6443806886672974,0.6403982043266296,0.8660480976104736,-0.04748044162988663,0.42757633328437805,0.660764753818512,0.8909253478050232,-0.15383751690387726,0.8025350570678711,0.6513227224349976,0.8951553106307983,-0.10810969769954681,0.6344267725944519
yena_fall_normal_15,243,81,8.10110054347826,29.995924466784405,10,0.35777202248573303,0.8249081373214722,-0.11839289963245392,0.988319993019104,0.3522883951663971,0.8144333958625793,-0.10918125510215759,0.9884939789772034,0.3528246581554413,0.808873176574707,-0.10922722518444061,0.986040472984314,0.3534790873527527,0.8034375905990601,-0.10925348103046417,0.9893273711204529,0.3511832654476166,0.82883620262146,-0.1060459315776825,0.9907182455062866,0.3508877754211426,0.833199679851532,-0.10607202351093292,0.9874594211578369,0.35061749815940857,0.8375205397605896,-0.10614202916622162,0.9897652864456177,0.3576142489910126,0.7944649457931519,-0.044949017465114594,0.9813896417617798,0.353458434343338,0.8406362533569336,-0.034355927258729935,0.9787323474884033,0.36602261662483215,0.8173598647117615,-0.09354233741760254,0.9687371253967285,0.3649497926235199,0.834620475769043,-0.0905495136976242,0.9682947397232056,0.3919390141963959,0.7807642817497253,-0.06449110060930252,0.9503075480461121,0.3875082731246948,0.8534148931503296,0.004620171617716551,0.9687716960906982,0.4073829650878906,0.7992273569107056,-0.19010339677333832,0.7634279727935791,0.3803965449333191,0.891289234161377,-0.11883798241615295,0.20970338582992554,0.3990537226200104,0.8544423580169678,-0.257308691740036,0.3760034143924713,0.38321760296821594,0.890767514705658,-0.2689746618270874,0.10294631123542786,0.39402228593826294,0.8587055206298828,-0.2790932357311249,0.3352145552635193,0.3835565745830536,0.8956533074378967,-0.29219579696655273,0.1060786321759224,0.39414912462234497,0.858597993850708,-0.26746076345443726,0.33241957426071167,0.38505280017852783,0.8908707499504089,-0.2903693616390228,0.1101994514465332,0.39372366666793823,0.8575548529624939,-0.255105584859848,0.31731870770454407,0.38681504130363464,0.8883550763130188,-0.27411434054374695,0.12152428179979324,0.49643275141716003,0.772683322429657,-0.026553938165307045,0.9953126311302185,0.495221346616745,0.8242830634117126,0.026445278897881508,0.9937254786491394,0.5615913271903992,0.8416057825088501,-0.09376401454210281,0.6090960502624512,0.554531991481781,0.8671568036079407,-0.06983165442943573,0.4295751750469208,0.6403210759162903,0.8693405985832214,-0.09391365200281143,0.74941086769104,0.6322095394134521,0.8722724914550781,-0.05192255228757858,0.5602628588676453,0.6519691348075867,0.8751607537269592,-0.09661223739385605,0.6410379409790039,0.6399504542350769,0.8652644753456116,-0.05349227041006088,0.4268328547477722,0.6609116196632385,0.8910679817199707,-0.1543700098991394,0.8016278743743896,0.6512588262557983,0.8951467275619507,-0.10887141525745392,0.6355957984924316
yena_fall_normal_15,246,82,8.201114130434782,29.995924466784405,10,0.3577364683151245,0.8249784111976624,-0.1068090870976448,0.9884995222091675,0.3522897958755493,0.8144944906234741,-0.09697727113962173,0.9887474179267883,0.35282570123672485,0.808919370174408,-0.09703017771244049,0.9863520264625549,0.3534806966781616,0.8034569025039673,-0.09705261141061783,0.9895704388618469,0.35118091106414795,0.828865647315979,-0.09370240569114685,0.9909568428993225,0.3508826196193695,0.8332086205482483,-0.0937328189611435,0.9877877831459045,0.3506089448928833,0.837522029876709,-0.09380759298801422,0.9899957180023193,0.3576173782348633,0.79445481300354,-0.033470384776592255,0.9818305373191833,0.35343071818351746,0.8406287431716919,-0.022138061001896858,0.9790589809417725,0.3660092353820801,0.8173812627792358,-0.08239760249853134,0.9693050980567932,0.3649247884750366,0.8346657752990723,-0.07919429987668991,0.9687093496322632,0.39193978905677795,0.7804327011108398,-0.051542360335588455,0.9496753215789795,0.38816308975219727,0.8534574508666992,0.01564190909266472,0.9686681628227234,0.40663644671440125,0.8004744052886963,-0.16216297447681427,0.7616721987724304,0.38625022768974304,0.888628363609314,-0.1034560427069664,0.20248277485370636,0.3981739282608032,0.8532464504241943,-0.21188059449195862,0.37355801463127136,0.38543158769607544,0.8907904028892517,-0.21545672416687012,0.10000722855329514,0.3938303589820862,0.8594967722892761,-0.2292303740978241,0.33357807993888855,0.38554009795188904,0.8957117795944214,-0.23502622544765472,0.10384777933359146,0.39352890849113464,0.859375,-0.21904097497463226,0.33088216185569763,0.3865458071231842,0.8912912011146545,-0.23288193345069885,0.10804390162229538,0.39211785793304443,0.8579970598220825,-0.20937810838222504,0.31653672456741333,0.38834327459335327,0.8888259530067444,-0.2198115438222885,0.11935105174779892,0.4964393377304077,0.7726818919181824,-0.024564474821090698,0.9952282309532166,0.49522873759269714,0.8243465423583984,0.024469275027513504,0.9936372637748718,0.5610548257827759,0.8414342403411865,-0.0939776822924614,0.6079388856887817,0.5541650056838989,0.8674320578575134,-0.07209353148937225,0.43177321553230286,0.6412772536277771,0.8695467114448547,-0.11097878962755203,0.745874285697937,0.6330798268318176,0.8743382096290588,-0.08349795639514923,0.5624826550483704,0.6522626876831055,0.8757845759391785,-0.1157330721616745,0.6356840133666992,0.6457754969596863,0.8720629811286926,-0.0881776362657547,0.4264892041683197,0.6609178185462952,0.8912981152534485,-0.18052895367145538,0.8000144958496094,0.651292622089386,0.9001660346984863,-0.1516152173280716,0.6384016871452332
yena_fall_normal_15,249,83,8.301127717391305,29.995924466784405,10,0.35776153206825256,0.8257361650466919,-0.1004638522863388,0.9884096384048462,0.3523242175579071,0.8150293827056885,-0.09198443591594696,0.9887285828590393,0.3528420329093933,0.8094926476478577,-0.09204234927892685,0.9863613843917847,0.3534833788871765,0.8039296865463257,-0.09207061678171158,0.9896218180656433,0.3512412905693054,0.8291369676589966,-0.08621525764465332,0.9909525513648987,0.35095441341400146,0.8334072828292847,-0.08622981607913971,0.987676739692688,0.350698322057724,0.8376193642616272,-0.08629536628723145,0.9898532629013062,0.3576682209968567,0.7944668531417847,-0.03386670723557472,0.9817661046981812,0.35352811217308044,0.8404372930526733,-0.012455428019165993,0.9784151315689087,0.3660658299922943,0.8179293870925903,-0.07877964526414871,0.9688026905059814,0.36501774191856384,0.8351488709449768,-0.07218778878450394,0.9679374694824219,0.39206334948539734,0.7815625071525574,-0.05995688959956169,0.9502163529396057,0.38910138607025146,0.8491549491882324,0.03791555017232895,0.9681476354598999,0.40629035234451294,0.812231719493866,-0.17057792842388153,0.7659317255020142,0.3887302577495575,0.8845754265785217,-0.020589683204889297,0.19301128387451172,0.39726728200912476,0.8584131002426147,-0.21884360909461975,0.3853699564933777,0.38763993978500366,0.8913757801055908,-0.11822463572025299,0.09671679139137268,0.39328983426094055,0.8692805171012878,-0.2365274727344513,0.34652942419052124,0.38743674755096436,0.8963840007781982,-0.13114966452121735,0.10116127133369446,0.3932202458381653,0.867140531539917,-0.22665515542030334,0.34374871850013733,0.38831737637519836,0.8938096165657043,-0.1334172636270523,0.10542876273393631,0.3916250169277191,0.8656821846961975,-0.21622255444526672,0.3277406692504883,0.39025112986564636,0.8916051387786865,-0.12343437224626541,0.11666502803564072,0.49649354815483093,0.7727885842323303,-0.027815112844109535,0.9952571988105774,0.4961935877799988,0.8209429979324341,0.027732495218515396,0.9935389161109924,0.5617578625679016,0.8426323533058167,-0.09162840247154236,0.6053550839424133,0.5561473965644836,0.8670499324798584,-0.0577382929623127,0.42778700590133667,0.6415996551513672,0.8695152997970581,-0.10602246224880219,0.7438626289367676,0.6341597437858582,0.8748320937156677,-0.06624060124158859,0.5589010119438171,0.6526709794998169,0.8729135394096375,-0.10991513729095459,0.6342405676841736,0.6465845108032227,0.873192548751831,-0.07073661684989929,0.422930508852005,0.660882830619812,0.8913295865058899,-0.166238933801651,0.7988215088844299,0.6521278619766235,0.8953078389167786,-0.12699073553085327,0.6360864043235779
yena_fall_normal_15,252,84,8.401141304347826,29.995924466784405,10,0.3579443395137787,0.8252841234207153,-0.09939594566822052,0.989167332649231,0.3524650037288666,0.8147533535957336,-0.09136959910392761,0.9895028471946716,0.3529427945613861,0.8092042803764343,-0.09142017364501953,0.9872438311576843,0.3535282015800476,0.8036935329437256,-0.09144563227891922,0.9902817010879517,0.3514697849750519,0.8290480375289917,-0.08500509709119797,0.9916169047355652,0.3512316048145294,0.8333861231803894,-0.08502503484487534,0.9885662198066711,0.3510279655456543,0.8376172780990601,-0.08508237451314926,0.9905886054039001,0.35766714811325073,0.7944406270980835,-0.03440210968255997,0.9829106330871582,0.3538791537284851,0.8404726982116699,-0.01009286753833294,0.9797781109809875,0.3661917448043823,0.8171698451042175,-0.07828938961029053,0.9705246686935425,0.36537057161331177,0.8347747921943665,-0.07084359228610992,0.9696192741394043,0.39161407947540283,0.7838935852050781,-0.06293321400880814,0.9525805711746216,0.3896419405937195,0.8464407324790955,0.03881513699889183,0.9692323803901672,0.400285929441452,0.8143879175186157,-0.16718313097953796,0.7712088227272034,0.38860321044921875,0.8834041357040405,-0.038367584347724915,0.1883641630411148,0.3930777609348297,0.8670726418495178,-0.20258721709251404,0.386579692363739,0.3841002881526947,0.8953936100006104,-0.18806061148643494,0.09794144332408905,0.39283519983291626,0.8714249134063721,-0.22161255776882172,0.3469635248184204,0.3819332718849182,0.902391254901886,-0.20593827962875366,0.10374768078327179,0.39286524057388306,0.8700094223022461,-0.2107696533203125,0.34412992000579834,0.3819146156311035,0.9001591801643372,-0.2088918387889862,0.10811565071344376,0.39157187938690186,0.868661642074585,-0.19961032271385193,0.3278305232524872,0.38425779342651367,0.8968351483345032,-0.1944122612476349,0.11939193308353424,0.49628499150276184,0.7770941257476807,-0.034403763711452484,0.9955806136131287,0.49644050002098083,0.8153648972511292,0.03426896408200264,0.9938839673995972,0.5617774724960327,0.8430287837982178,-0.09216420352458954,0.626167893409729,0.5584642291069031,0.8622155785560608,-0.004321632906794548,0.42324990034103394,0.6401916146278381,0.8729047775268555,-0.11191883683204651,0.7583263516426086,0.634159505367279,0.8702946305274963,-0.008635188452899456,0.5617168545722961,0.6553457379341125,0.8739460706710815,-0.11641280353069305,0.6539990305900574,0.6464323401451111,0.8702895045280457,-0.012094377540051937,0.43015924096107483,0.6598995923995972,0.8987801671028137,-0.17141543328762054,0.8090741634368896,0.6474689245223999,0.898594081401825,-0.06083998456597328,0.6398123502731323
yena_fall_normal_15,255,85,8.501154891304347,29.995924466784405,10,0.35795068740844727,0.8233372569084167,-0.1094159260392189,0.9897040128707886,0.35275429487228394,0.8125743269920349,-0.09872611612081528,0.9900045394897461,0.3533865511417389,0.8068953156471252,-0.09876623004674911,0.9878189563751221,0.3541353642940521,0.8014599680900574,-0.09879632294178009,0.9907300472259521,0.3514884114265442,0.8270428776741028,-0.09376471489667892,0.9920343160629272,0.3512347638607025,0.8312835097312927,-0.09378089755773544,0.9890602231025696,0.3510074019432068,0.8353968858718872,-0.09384508430957794,0.9910668730735779,0.3584057688713074,0.7929129600524902,-0.03566273674368858,0.9836150407791138,0.3538808822631836,0.8393269777297974,-0.014936729334294796,0.9810336232185364,0.3662596344947815,0.815460741519928,-0.08588436245918274,0.9713577032089233,0.3653178811073303,0.8335162401199341,-0.08013452589511871,0.9708428978919983,0.3917943835258484,0.7821336388587952,-0.05929039418697357,0.9535971283912659,0.3895067870616913,0.8465806841850281,0.04148968681693077,0.9686370491981506,0.3913028836250305,0.8207069635391235,-0.15099157392978668,0.7826675176620483,0.37470391392707825,0.8901031017303467,0.026224596425890923,0.19510456919670105,0.3833931088447571,0.8715338110923767,-0.16982005536556244,0.387785404920578,0.37222689390182495,0.8896004557609558,-0.015255655162036419,0.09632594138383865,0.3811475932598114,0.8816099166870117,-0.18698514997959137,0.34388378262519836,0.36973968148231506,0.8901692628860474,-0.022931156679987907,0.10059511661529541,0.37826472520828247,0.8830732703208923,-0.1764308363199234,0.34108996391296387,0.3729594051837921,0.8871769905090332,-0.022259728983044624,0.10491209477186203,0.3842119574546814,0.8716403841972351,-0.16737708449363708,0.32466408610343933,0.3753470778465271,0.8862396478652954,-0.018526364117860794,0.11613922566175461,0.49712038040161133,0.7759647965431213,-0.03390345722436905,0.9956679344177246,0.49644210934638977,0.8215600252151489,0.033789850771427155,0.9939824938774109,0.5638236999511719,0.8415733575820923,-0.09508445858955383,0.6307019591331482,0.5592633485794067,0.867520809173584,-0.055952705442905426,0.42878660559654236,0.6377599835395813,0.8733533024787903,-0.09169744700193405,0.7667990326881409,0.6338529586791992,0.87006676197052,-0.029255758970975876,0.5676634311676025,0.6548124551773071,0.8743944764137268,-0.09348119795322418,0.6669837832450867,0.6463794708251953,0.865958034992218,-0.032174114137887955,0.43960171937942505,0.6599041819572449,0.894855797290802,-0.15447016060352325,0.8149647116661072,0.6499730348587036,0.8938747048377991,-0.08701404929161072,0.6432965993881226
yena_fall_normal_15,258,86,8.601168478260869,29.995924466784405,10,0.3592297434806824,0.8200343251228333,-0.10965646058320999,0.9904302358627319,0.35463231801986694,0.8100972175598145,-0.09932100772857666,0.9905774593353271,0.35542571544647217,0.8048362135887146,-0.0993487536907196,0.9884865880012512,0.3561911880970001,0.7994535565376282,-0.09937982261180878,0.9912658929824829,0.352818101644516,0.8228157758712769,-0.09440512210130692,0.9924830198287964,0.3523308038711548,0.8265488147735596,-0.09441418200731277,0.9895703196525574,0.3518247902393341,0.8302290439605713,-0.09447825700044632,0.9915930032730103,0.3599208891391754,0.7910760045051575,-0.03639710322022438,0.9844964742660522,0.35504722595214844,0.8333951830863953,-0.01548183523118496,0.9824639558792114,0.36759817600250244,0.8135385513305664,-0.08613862842321396,0.9725538492202759,0.36583223938941956,0.8304824829101562,-0.08034007251262665,0.9726837277412415,0.39345258474349976,0.7811102867126465,-0.04997755214571953,0.9559676051139832,0.387046217918396,0.8457012176513672,0.04696601256728172,0.9700445532798767,0.3871416747570038,0.8281856775283813,-0.09708765894174576,0.7986728549003601,0.356728732585907,0.8956809639930725,0.07964805513620377,0.22911494970321655,0.3795566260814667,0.8762872815132141,-0.04988182708621025,0.39171668887138367,0.3589010536670685,0.8687742948532104,0.11652158200740814,0.0966702476143837,0.3755814731121063,0.8850132822990417,-0.05926970764994621,0.33702799677848816,0.3567506670951843,0.8604205250740051,0.1166684702038765,0.09685944765806198,0.3750571310520172,0.8843597173690796,-0.04873194545507431,0.33421579003334045,0.3629162609577179,0.8566713929176331,0.11826638877391815,0.10102474689483643,0.3808736801147461,0.8728355765342712,-0.046362243592739105,0.319379985332489,0.3656826615333557,0.8591570258140564,0.11507780104875565,0.11225859075784683,0.4987232983112335,0.7748563289642334,-0.033250872045755386,0.9955427646636963,0.4967817962169647,0.8227084875106812,0.033176686614751816,0.9940295219421387,0.5655304789543152,0.8366560339927673,-0.07575369626283646,0.6264129877090454,0.559721827507019,0.8628092408180237,-0.06260255724191666,0.4401994049549103,0.6412068009376526,0.8686289191246033,-0.07263101637363434,0.7726727724075317,0.6337010264396667,0.8682669401168823,-0.033322837203741074,0.5792542099952698,0.6548789143562317,0.8759754300117493,-0.07475718855857849,0.6770918965339661,0.6449061036109924,0.8659002780914307,-0.03649614751338959,0.4530241787433624,0.6555396318435669,0.8902271389961243,-0.1350884586572647,0.8200969696044922,0.6504098176956177,0.8884531855583191,-0.09277279675006866,0.6538493633270264
yena_fall_normal_15,261,87,8.701182065217392,29.995924466784405,10,0.36039555072784424,0.8185524344444275,-0.11679539084434509,0.9903865456581116,0.3561062514781952,0.8066787123680115,-0.10862750560045242,0.9903841018676758,0.3568469285964966,0.80091392993927,-0.10868801921606064,0.9883797764778137,0.3575581908226013,0.7947796583175659,-0.10873379558324814,0.9910796284675598,0.3543100357055664,0.8196706771850586,-0.10131824761629105,0.9922701120376587,0.35383039712905884,0.823082447052002,-0.10132603347301483,0.9892361760139465,0.3532737195491791,0.8264496326446533,-0.10139155387878418,0.9911747574806213,0.3609851002693176,0.7863993048667908,-0.04855763912200928,0.9843184947967529,0.3566949665546417,0.8279784321784973,-0.018429823219776154,0.9818667769432068,0.3694770038127899,0.8112105131149292,-0.09308360517024994,0.9718203544616699,0.36675044894218445,0.8283678293228149,-0.08469218760728836,0.9720582962036133,0.3939265310764313,0.7776221632957458,-0.07417254149913788,0.9572075605392456,0.3862777054309845,0.8450224995613098,0.05155433714389801,0.9695913195610046,0.4038025140762329,0.827939510345459,-0.17758965492248535,0.809874951839447,0.3745522201061249,0.8845071792602539,-0.003614407265558839,0.2167661190032959,0.38487377762794495,0.8819148540496826,-0.20861981809139252,0.41923290491104126,0.37228071689605713,0.8714199066162109,-0.12837357819080353,0.09676915407180786,0.3779312074184418,0.8945200443267822,-0.22812853753566742,0.36075836420059204,0.3705446422100067,0.8725179433822632,-0.14108522236347198,0.09775847941637039,0.37971991300582886,0.8931905031204224,-0.2122996598482132,0.3573428988456726,0.37278562784194946,0.8703097701072693,-0.1425960808992386,0.10169687122106552,0.3814496397972107,0.8826467990875244,-0.2031395435333252,0.3382997214794159,0.3751419484615326,0.8690223693847656,-0.13360728323459625,0.11275320500135422,0.49924567341804504,0.7742490172386169,-0.037751298397779465,0.9956079721450806,0.4967864453792572,0.824560821056366,0.037654560059309006,0.994200587272644,0.5673875212669373,0.8363074064254761,-0.08007310330867767,0.6407678127288818,0.5630239844322205,0.8594790101051331,-0.05753529071807861,0.45072975754737854,0.6436530947685242,0.8681480884552002,-0.06250876188278198,0.7843912839889526,0.6353375315666199,0.8674745559692383,-0.011427748017013073,0.5925253629684448,0.656457781791687,0.8757541179656982,-0.06356750428676605,0.6907516121864319,0.6462509036064148,0.8613406419754028,-0.010599479079246521,0.4658510386943817,0.6606496572494507,0.8906452059745789,-0.12570887804031372,0.8272790908813477,0.6532533764839172,0.8894903063774109,-0.07234593480825424,0.6636895537376404
yena_fall_normal_15,264,88,8.801195652173913,29.995924466784405,10,0.36338508129119873,0.8168718814849854,-0.11608104407787323,0.9900290966033936,0.35851916670799255,0.8021581172943115,-0.1079474613070488,0.9897931814193726,0.3593848943710327,0.7956183552742004,-0.10798715800046921,0.9878125786781311,0.3602190613746643,0.789072573184967,-0.10799138247966766,0.9905841946601868,0.35581332445144653,0.8172683119773865,-0.10030681639909744,0.9916161298751831,0.35483360290527344,0.8212754726409912,-0.1002829521894455,0.9882234930992126,0.3537762761116028,0.8250393867492676,-0.10035466402769089,0.9902541637420654,0.36295586824417114,0.7784863114356995,-0.04663247987627983,0.9830405712127686,0.3566754162311554,0.8242172002792358,-0.01773759163916111,0.9807003140449524,0.373263418674469,0.8083626627922058,-0.09270581603050232,0.9694028496742249,0.36886823177337646,0.8272839188575745,-0.08331184089183807,0.9699642658233643,0.3957598805427551,0.7715569734573364,-0.07220853120088577,0.9565688371658325,0.3856829106807709,0.838483452796936,0.05226161703467369,0.967519998550415,0.4039056599140167,0.8203678727149963,-0.17603255808353424,0.816330075263977,0.37168818712234497,0.874406635761261,0.07061286270618439,0.20784300565719604,0.3827378451824188,0.871938943862915,-0.18290884792804718,0.4367135465145111,0.3664807975292206,0.8742485642433167,0.06080169230699539,0.09642775356769562,0.37555843591690063,0.8837716579437256,-0.2003287672996521,0.37422871589660645,0.363016813993454,0.8748120069503784,0.06134454905986786,0.09723592549562454,0.37441518902778625,0.8788164854049683,-0.18758918344974518,0.3702435791492462,0.3672045171260834,0.8709205985069275,0.05731331184506416,0.10097566992044449,0.37791708111763,0.8749774098396301,-0.17873115837574005,0.3488471210002899,0.36995917558670044,0.8706530928611755,0.05707338824868202,0.1119297593832016,0.4994017779827118,0.7742027640342712,-0.03662782907485962,0.9955328702926636,0.494371235370636,0.8285162448883057,0.03652644529938698,0.9940614104270935,0.5707849860191345,0.8348327875137329,-0.07764778286218643,0.647904098033905,0.5636592507362366,0.859420895576477,-0.05433065816760063,0.46269986033439636,0.6455066204071045,0.8667390942573547,-0.050732966512441635,0.7918042540550232,0.6369618773460388,0.8696609735488892,-0.008411573246121407,0.6011152863502502,0.6570321917533875,0.8693726658821106,-0.05073922500014305,0.695544421672821,0.6505163311958313,0.8696652054786682,-0.006969674490392208,0.46484723687171936,0.6612152457237244,0.8905831575393677,-0.11261362582445145,0.8300985097885132,0.6575857400894165,0.88972008228302,-0.07077264785766602,0.6693502068519592
yena_fall_normal_15,267,89,8.901209239130434,29.995924466784405,10,0.3645678460597992,0.8169456720352173,-0.12892170250415802,0.9896477460861206,0.36093762516975403,0.8003954291343689,-0.12767615914344788,0.9888659715652466,0.3618261218070984,0.7940400838851929,-0.12769019603729248,0.9867916107177734,0.3627393841743469,0.7869033813476562,-0.12773187458515167,0.9897086024284363,0.35790759325027466,0.8142760396003723,-0.1176927387714386,0.9904311895370483,0.3569076359272003,0.8170252442359924,-0.11770744621753693,0.9862229228019714,0.3558382987976074,0.8195423483848572,-0.11779144406318665,0.9890922904014587,0.36620381474494934,0.7744393944740295,-0.08693479001522064,0.9824082255363464,0.3582465946674347,0.8129772543907166,-0.042011335492134094,0.9804549813270569,0.37393665313720703,0.8079162836074829,-0.11062517017126083,0.968766987323761,0.369342178106308,0.8256233334541321,-0.09783246368169785,0.9701254963874817,0.3965514600276947,0.7694209814071655,-0.09207342565059662,0.958793580532074,0.3812357783317566,0.8311981558799744,0.03607584908604622,0.969771683216095,0.39176955819129944,0.8248819708824158,-0.15068277716636658,0.8285596370697021,0.3504001498222351,0.8755414485931396,0.09595105797052383,0.23808416724205017,0.3788091838359833,0.8740296959877014,-0.10386618971824646,0.43847551941871643,0.35444867610931396,0.8644704818725586,0.14755584299564362,0.10407497733831406,0.3729480803012848,0.8854754567146301,-0.11428733915090561,0.3675316274166107,0.3544140160083771,0.8653873801231384,0.15112286806106567,0.09923028945922852,0.3722306489944458,0.8770381212234497,-0.1032312884926796,0.36290961503982544,0.35957786440849304,0.8640623688697815,0.14951951801776886,0.10307534784078598,0.3771514594554901,0.8759716749191284,-0.09960976988077164,0.34304365515708923,0.36008861660957336,0.8645560145378113,0.14523273706436157,0.11447461694478989,0.5010140538215637,0.7749857902526855,-0.03787215054035187,0.9955096244812012,0.49155884981155396,0.830741286277771,0.037752460688352585,0.9942663311958313,0.5707005858421326,0.8305010795593262,-0.07734118402004242,0.6530513167381287,0.563559889793396,0.8523439168930054,-0.03861429914832115,0.47438710927963257,0.6407169699668884,0.8623247146606445,-0.0371214896440506,0.7995221018791199,0.6348522305488586,0.8667114973068237,0.01708374358713627,0.6151526570320129,0.6517423987388611,0.8586037158966064,-0.03523244336247444,0.7041298747062683,0.646375298500061,0.8614726066589355,0.020441170781850815,0.48025670647621155,0.6599180698394775,0.885913610458374,-0.09787707775831223,0.8357710838317871,0.6555309295654297,0.88966304063797,-0.04129963740706444,0.6826254725456238
yena_fall_normal_15,270,90,9.001222826086956,29.995924466784405,10,0.3692708909511566,0.8051554560661316,-0.13217322528362274,0.9896022081375122,0.3660784065723419,0.7905786037445068,-0.13104777038097382,0.9882853031158447,0.36708495020866394,0.7851194143295288,-0.13106031715869904,0.9861043095588684,0.36818423867225647,0.7787702083587646,-0.1310931295156479,0.989220142364502,0.363156795501709,0.8028808832168579,-0.12264132499694824,0.9894871711730957,0.362221896648407,0.8062138557434082,-0.1226680800318718,0.9847009181976318,0.3612489402294159,0.8090741038322449,-0.12275075912475586,0.9883648753166199,0.3718911409378052,0.7652772068977356,-0.08719029277563095,0.9817976355552673,0.3626278340816498,0.8052488565444946,-0.0503346212208271,0.9799959659576416,0.37775447964668274,0.800036609172821,-0.11265908926725388,0.9687494039535522,0.3728647530078888,0.8164830803871155,-0.10214820504188538,0.9710028171539307,0.3981042206287384,0.7636205554008484,-0.09093255549669266,0.9612833261489868,0.3792763352394104,0.8306639194488525,0.02453545853495598,0.9722738265991211,0.39054879546165466,0.8261943459510803,-0.138335719704628,0.8372119665145874,0.35097503662109375,0.8767331838607788,0.07546369731426239,0.2810174822807312,0.3767968714237213,0.8733826875686646,-0.09345117211341858,0.4431287944316864,0.35607436299324036,0.8666154146194458,0.09630640596151352,0.12352404743432999,0.37074214220046997,0.8838356137275696,-0.10270635038614273,0.3667626976966858,0.3552875220775604,0.8671460747718811,0.09593740105628967,0.10919791460037231,0.372487872838974,0.8754881620407104,-0.09418617188930511,0.36132052540779114,0.36052578687667847,0.8645243644714355,0.095391184091568,0.11370426416397095,0.3764401972293854,0.8743543028831482,-0.09006066620349884,0.343359112739563,0.3611831068992615,0.864921510219574,0.09388909488916397,0.1268395632505417,0.5030457377433777,0.7756977081298828,-0.03330221772193909,0.9956532120704651,0.4865020513534546,0.8307319283485413,0.03314990550279617,0.994615375995636,0.5707113146781921,0.8286165595054626,-0.06314989179372787,0.6626908779144287,0.5586317777633667,0.8509095311164856,-0.03928728401660919,0.4992222189903259,0.6376327276229858,0.8624315857887268,-0.013979684561491013,0.808407187461853,0.6274318695068359,0.8594656586647034,0.009499362669885159,0.6379920840263367,0.6497882008552551,0.8684836626052856,-0.011122625321149826,0.7100991010665894,0.6351107954978943,0.8583946824073792,0.013209682889282703,0.5045100450515747,0.6589270830154419,0.8849546909332275,-0.07386243343353271,0.8422186374664307,0.6465877294540405,0.8818380236625671,-0.04647568613290787,0.7025725245475769
yena_fall_normal_15,273,91,9.101236413043479,29.995924466784405,10,0.3745792508125305,0.7979729771614075,-0.17061474919319153,0.9906249642372131,0.37158823013305664,0.784259557723999,-0.1670432835817337,0.98943692445755,0.3727526068687439,0.7792263031005859,-0.16701769828796387,0.9874602556228638,0.3738904595375061,0.7734091877937317,-0.16704805195331573,0.9902626276016235,0.3685820698738098,0.7945927977561951,-0.15728148818016052,0.9905162453651428,0.36767277121543884,0.7970497608184814,-0.15733447670936584,0.9862073063850403,0.36672016978263855,0.7993509769439697,-0.15738001465797424,0.9895056486129761,0.37789759039878845,0.7560794353485107,-0.11686945706605911,0.9835984706878662,0.3674769103527069,0.7936572432518005,-0.0735238716006279,0.9819540977478027,0.38284191489219666,0.7932475209236145,-0.14937086403369904,0.9718453884124756,0.37740692496299744,0.8082195520401001,-0.1367991864681244,0.9738848805427551,0.4052359461784363,0.7537063956260681,-0.1382133513689041,0.9651322960853577,0.37988871335983276,0.8173249363899231,-0.027170896530151367,0.9750033617019653,0.39277318120002747,0.7997229099273682,-0.2706301808357239,0.8515254259109497,0.36348187923431396,0.8639007210731506,-0.19253230094909668,0.29713451862335205,0.37166908383369446,0.8653222322463989,-0.281796395778656,0.48519015312194824,0.35631343722343445,0.867506206035614,-0.3939008116722107,0.15542393922805786,0.3633999526500702,0.880864143371582,-0.30453959107398987,0.40219560265541077,0.3466234505176544,0.8717722296714783,-0.4246692657470703,0.14410123229026794,0.3652662932872772,0.8725149035453796,-0.28781044483184814,0.39444026350975037,0.35482800006866455,0.8647803664207458,-0.4245363473892212,0.14617766439914703,0.36977243423461914,0.8678770661354065,-0.27718082070350647,0.3740469813346863,0.35529932379722595,0.8650376200675964,-0.4016406834125519,0.15824729204177856,0.5098904967308044,0.7756889462471008,-0.03255731239914894,0.9960871338844299,0.486592173576355,0.8249759674072266,0.0324137844145298,0.9951500296592712,0.5764296054840088,0.8292375802993774,-0.06470448523759842,0.6956053972244263,0.43822431564331055,0.8190127015113831,-0.09268119931221008,0.5035243034362793,0.6420490145683289,0.8723434805870056,0.0263308547437191,0.8149119019508362,0.4037116467952728,0.85675448179245,-0.07512184232473373,0.6384126543998718,0.6497511267662048,0.8700584769248962,0.0329245887696743,0.7164415717124939,0.4088936448097229,0.8671383261680603,-0.07473594695329666,0.5338213443756104,0.6600328683853149,0.8936800360679626,-0.03751308470964432,0.8466507792472839,0.3692399859428406,0.8468172550201416,-0.14171986281871796,0.7212031483650208
yena_fall_normal_15,276,92,9.20125,29.995924466784405,10,0.38560569286346436,0.7786121368408203,-0.22951550781726837,0.9915032982826233,0.3818737864494324,0.7644433975219727,-0.2262040227651596,0.9903963804244995,0.38344573974609375,0.7590460181236267,-0.22617213428020477,0.9885780811309814,0.3851335942745209,0.7531941533088684,-0.22619503736495972,0.9910812377929688,0.3776402175426483,0.776528537273407,-0.2215864062309265,0.9914035201072693,0.37616482377052307,0.7797102332115173,-0.22166797518730164,0.9875130653381348,0.37467193603515625,0.7825786471366882,-0.22175435721874237,0.9904946684837341,0.38749998807907104,0.7427128553390503,-0.15664726495742798,0.9850886464118958,0.372466504573822,0.7816989421844482,-0.13889698684215546,0.9836883544921875,0.39335885643959045,0.7741542458534241,-0.19787178933620453,0.9744225144386292,0.3867390751838684,0.7901304960250854,-0.19327998161315918,0.9763093590736389,0.41086703538894653,0.7455731630325317,-0.1349717676639557,0.9682270288467407,0.37843915820121765,0.812510073184967,-0.07209806144237518,0.9774584770202637,0.39283230900764465,0.7899559140205383,-0.17090487480163574,0.8606575131416321,0.35644450783729553,0.8664024472236633,-0.1966860443353653,0.3548102378845215,0.37008044123649597,0.8571230173110962,-0.10668116062879562,0.5009674429893494,0.35976606607437134,0.8679212331771851,-0.3394321799278259,0.21728207170963287,0.3631887137889862,0.8781046867370605,-0.1119023934006691,0.4073946177959442,0.3605678975582123,0.8718063831329346,-0.3605497181415558,0.1946040242910385,0.36404094099998474,0.8693264126777649,-0.0965447872877121,0.39987054467201233,0.3644210696220398,0.8639021515846252,-0.3580990433692932,0.19716164469718933,0.36803361773490906,0.863073468208313,-0.09926237165927887,0.3797443211078644,0.3669770061969757,0.862635612487793,-0.342183381319046,0.20990416407585144,0.5099146366119385,0.7750203013420105,-0.0331026166677475,0.9964392781257629,0.48913875222206116,0.8251292705535889,0.03291677311062813,0.9956076741218567,0.5758384466171265,0.8309714198112488,-0.05702953040599823,0.7202224731445312,0.5466154217720032,0.8350962996482849,0.0021847649477422237,0.5217055082321167,0.6440227627754211,0.8758672475814819,-0.015159460715949535,0.8303425312042236,0.6182137727737427,0.8415069580078125,0.08898764103651047,0.6595315337181091,0.6577444672584534,0.8752106428146362,-0.015503459610044956,0.737616777420044,0.6315581202507019,0.8346895575523376,0.09724775701761246,0.5620801448822021,0.6594111919403076,0.9207902550697327,-0.07911781966686249,0.8573064208030701,0.6315118074417114,0.8622229099273682,0.050880011171102524,0.7345290184020996
yena_fall_normal_15,279,93,9.301263586956521,29.995924466784405,10,0.39034610986709595,0.7678832411766052,-0.21484138071537018,0.992343008518219,0.3877028524875641,0.7535451650619507,-0.21188820898532867,0.9913428425788879,0.38908812403678894,0.7485923171043396,-0.21181245148181915,0.9896966814994812,0.39056476950645447,0.742952287197113,-0.21180133521556854,0.991946816444397,0.3836476504802704,0.763329267501831,-0.2047857642173767,0.9922510981559753,0.38221457600593567,0.7654052376747131,-0.20487143099308014,0.9887491464614868,0.38065943121910095,0.76737380027771,-0.2049255669116974,0.9914325475692749,0.3940626084804535,0.730278730392456,-0.16082526743412018,0.9865543842315674,0.3806712031364441,0.7639332413673401,-0.1305534392595291,0.9852880239486694,0.3982880413532257,0.7641094923019409,-0.19256025552749634,0.9769464731216431,0.39233022928237915,0.7757374048233032,-0.18393740057945251,0.9786661863327026,0.42182648181915283,0.7399718761444092,-0.17232081294059753,0.9713685512542725,0.397647887468338,0.7967538237571716,-0.07271090894937515,0.9796901941299438,0.4050772488117218,0.8043470978736877,-0.2537703812122345,0.872809648513794,0.3735043704509735,0.8642497062683105,-0.20710809528827667,0.37376898527145386,0.37082919478416443,0.8582261204719543,-0.24424561858177185,0.5431308746337891,0.366759717464447,0.8851345777511597,-0.38665977120399475,0.25118306279182434,0.3578352630138397,0.8768512010574341,-0.2627783417701721,0.4526865780353546,0.3643816113471985,0.8978215456008911,-0.4138224720954895,0.23134230077266693,0.358548104763031,0.8676974177360535,-0.2528937757015228,0.4443679451942444,0.36716100573539734,0.886712908744812,-0.41999581456184387,0.23300443589687347,0.36671963334083557,0.863681435585022,-0.2410285323858261,0.4223606586456299,0.3704927861690521,0.8826606273651123,-0.39538076519966125,0.24367021024227142,0.5191591382026672,0.7780975699424744,-0.029280943796038628,0.9967924952507019,0.4907223880290985,0.817341685295105,0.029088744893670082,0.996037483215332,0.5797556638717651,0.837666928768158,-0.02258480153977871,0.7479279637336731,0.4288797080516815,0.8185921311378479,-0.04062262922525406,0.5440252423286438,0.6411120891571045,0.8752924203872681,0.06813307106494904,0.843136727809906,0.3828217387199402,0.8442909121513367,-0.058721549808979034,0.6783819794654846,0.650852382183075,0.8751591444015503,0.07497640699148178,0.74942547082901,0.3882390856742859,0.8553687334060669,-0.06082942709326744,0.5941697955131531,0.6515561938285828,0.9102663993835449,0.018748195841908455,0.8665615916252136,0.3408659100532532,0.8305179476737976,-0.11107862740755081,0.7558358311653137
yena_fall_normal_15,282,94,9.401277173913043,29.995924466784405,10,0.397925466299057,0.7576726675033569,-0.2521814703941345,0.9931002259254456,0.394463449716568,0.7438108325004578,-0.2519696056842804,0.9922005534172058,0.39588087797164917,0.7387219667434692,-0.2518758773803711,0.9907124042510986,0.3972587585449219,0.7335436344146729,-0.2518642544746399,0.9927383065223694,0.39012959599494934,0.7546010613441467,-0.2428399920463562,0.9930169582366943,0.3886496126651764,0.7570701837539673,-0.24296171963214874,0.9898634552955627,0.38715922832489014,0.7594197988510132,-0.24303263425827026,0.9922800064086914,0.4001867175102234,0.7224888205528259,-0.2076643854379654,0.9878901243209839,0.3872724771499634,0.75520920753479,-0.16648593544960022,0.986741840839386,0.4055730402469635,0.7531719207763672,-0.23188622295856476,0.9792374968528748,0.40023693442344666,0.7650298476219177,-0.22033075988292694,0.9807924032211304,0.42502254247665405,0.7291811108589172,-0.22266796231269836,0.9742113947868347,0.39832621812820435,0.7700573801994324,-0.10172788053750992,0.9817005395889282,0.40231746435165405,0.818112313747406,-0.3090415894985199,0.8847201466560364,0.3805241584777832,0.8488996028900146,-0.23575732111930847,0.4109991788864136,0.36311420798301697,0.8572454452514648,-0.30141109228134155,0.5835183262825012,0.36874863505363464,0.8832230567932129,-0.42522096633911133,0.27859869599342346,0.3533655107021332,0.8743062615394592,-0.3231930732727051,0.49659380316734314,0.36615175008773804,0.8956034183502197,-0.4564649760723114,0.25864288210868835,0.3489426076412201,0.8652821779251099,-0.31737813353538513,0.48797985911369324,0.3680914044380188,0.8845556974411011,-0.46283820271492004,0.25873062014579773,0.3577765226364136,0.8609703779220581,-0.30019113421440125,0.46521514654159546,0.3713313937187195,0.8802736401557922,-0.4350818395614624,0.27073806524276733,0.52161705493927,0.7787975668907166,-0.03241390362381935,0.9971033334732056,0.4898681640625,0.8110268712043762,0.03230484202504158,0.9963943362236023,0.572636604309082,0.8381959795951843,-0.06117551028728485,0.772813081741333,0.41580456495285034,0.8332273960113525,-0.04678449407219887,0.5758137106895447,0.6336618661880493,0.8737516403198242,-0.036788210272789,0.8525093197822571,0.3513895869255066,0.876255214214325,-0.0920708030462265,0.6989815831184387,0.6357091665267944,0.8736330270767212,-0.037708159536123276,0.7468832731246948,0.3443773686885834,0.9054263830184937,-0.09809079021215439,0.6278576254844666,0.6449130177497864,0.9051752090454102,-0.11033541709184647,0.8750799298286438,0.30941247940063477,0.8469700217247009,-0.14520391821861267,0.7768513560295105
yena_fall_normal_15,285,95,9.501290760869566,29.995924466784405,10,0.4026927947998047,0.7557846903800964,-0.2504994571208954,0.9937859177589417,0.3996576964855194,0.740274965763092,-0.2503923773765564,0.9929770827293396,0.4012519121170044,0.7355455756187439,-0.25032225251197815,0.9916361570358276,0.4028492867946625,0.731018602848053,-0.25032100081443787,0.9934582710266113,0.39513203501701355,0.7508129477500916,-0.2401687502861023,0.9937110543251038,0.3933164179325104,0.7535960078239441,-0.24027742445468903,0.9908725023269653,0.3914738595485687,0.755950927734375,-0.2403244823217392,0.993046760559082,0.4073411822319031,0.7191251516342163,-0.20829389989376068,0.9890956282615662,0.39223378896713257,0.7489795684814453,-0.1625899374485016,0.9880560636520386,0.4110190272331238,0.7526779770851135,-0.23105135560035706,0.9813052415847778,0.40460917353630066,0.7649182081222534,-0.2181069701910019,0.9827074408531189,0.4363445043563843,0.7307038307189941,-0.222697913646698,0.9767679572105408,0.4034331738948822,0.766498327255249,-0.0915149450302124,0.9834980964660645,0.41388410329818726,0.8214454054832458,-0.28882840275764465,0.8953611254692078,0.37793150544166565,0.8430848121643066,-0.20945578813552856,0.44833776354789734,0.37017151713371277,0.8599615693092346,-0.27954787015914917,0.6212047934532166,0.3636164665222168,0.8776819705963135,-0.3890286087989807,0.3215528130531311,0.35944312810897827,0.873403012752533,-0.30078840255737305,0.5407472848892212,0.35863831639289856,0.8944100141525269,-0.41632336378097534,0.30290117859840393,0.3519590198993683,0.865355908870697,-0.2979133725166321,0.5324031114578247,0.3612528443336487,0.883298933506012,-0.3994925320148468,0.3013995289802551,0.3598558008670807,0.8613619804382324,-0.27831003069877625,0.5098773241043091,0.36639562249183655,0.8790740966796875,-0.4223206341266632,0.3134087324142456,0.5272004008293152,0.7797508239746094,-0.03466246649622917,0.9973830580711365,0.497210830450058,0.808413565158844,0.03464025631546974,0.9966511130332947,0.5702547430992126,0.8439358472824097,-0.14668290317058563,0.7952479720115662,0.4304775893688202,0.8451796174049377,-0.0045729163102805614,0.5980097055435181,0.6375440955162048,0.8737373352050781,-0.15271557867527008,0.8616386651992798,0.38645854592323303,0.8726872205734253,-0.03573159500956535,0.7038936018943787,0.6497879028320312,0.8692142367362976,-0.15440066158771515,0.7526074051856995,0.38780397176742554,0.8930432796478271,-0.03752230107784271,0.6540613770484924,0.6504150032997131,0.9063695669174194,-0.2098177969455719,0.8831560611724854,0.349815309047699,0.8480175137519836,-0.052855249494314194,0.790692925453186
yena_fall_normal_15,288,96,9.601304347826087,29.995924466784405,10,0.4084894061088562,0.7498149275779724,-0.2665613889694214,0.9943975210189819,0.4063209891319275,0.7338736653327942,-0.26724177598953247,0.9936733841896057,0.40795841813087463,0.7295742630958557,-0.26713836193084717,0.9924619793891907,0.40986767411231995,0.7250528335571289,-0.2671704590320587,0.9941021800041199,0.4012206792831421,0.7445812821388245,-0.254675954580307,0.9943304657936096,0.3990955650806427,0.7474390864372253,-0.25477680563926697,0.9917725324630737,0.39692121744155884,0.750202476978302,-0.25479990243911743,0.993729293346405,0.41436222195625305,0.7148879766464233,-0.223331481218338,0.9901795983314514,0.39728668332099915,0.7451497316360474,-0.1675538420677185,0.9892158508300781,0.41719669103622437,0.7482732534408569,-0.2465181201696396,0.983160138130188,0.4105319380760193,0.7614626884460449,-0.23079821467399597,0.9844268560409546,0.44320836663246155,0.7340149283409119,-0.2386694997549057,0.9790741205215454,0.4120473861694336,0.766646146774292,-0.08728405088186264,0.9850720167160034,0.4277334213256836,0.8372597694396973,-0.29820898175239563,0.904638946056366,0.3837834894657135,0.821408748626709,-0.16689133644104004,0.44111040234565735,0.3779189884662628,0.8600947856903076,-0.27339446544647217,0.6541618704795837,0.3725249171257019,0.8529831171035767,-0.3425719141960144,0.31726348400115967,0.36823731660842896,0.8718143105506897,-0.2929428815841675,0.5776691436767578,0.37182092666625977,0.8642755746841431,-0.3557589650154114,0.3046376705169678,0.3666595220565796,0.863031268119812,-0.2878769040107727,0.5692247748374939,0.37428733706474304,0.8560866117477417,-0.36247682571411133,0.30129310488700867,0.37708061933517456,0.8557910919189453,-0.27083534002304077,0.5468575954437256,0.37142372131347656,0.8584235310554504,-0.36089783906936646,0.3152478039264679,0.5349889993667603,0.7853930592536926,-0.04323236644268036,0.9976398348808289,0.4991944134235382,0.8081440329551697,0.04313935339450836,0.9969432950019836,0.5700687170028687,0.8547566533088684,-0.17394225299358368,0.8155433535575867,0.4332905411720276,0.8442873954772949,-0.018748050555586815,0.62498939037323,0.6326622366905212,0.8732209205627441,-0.12315032631158829,0.8722454309463501,0.36358290910720825,0.8833357095718384,-0.041969504207372665,0.7231996059417725,0.6342035531997681,0.8631036281585693,-0.11850283294916153,0.7644517421722412,0.3560101091861725,0.907344400882721,-0.0432063564658165,0.6833022832870483,0.6536905765533447,0.9042353630065918,-0.17754581570625305,0.8921971917152405,0.32990723848342896,0.8695244789123535,-0.05635632202029228,0.8079946637153625
yena_fall_normal_15,291,97,9.701317934782608,29.995924466784405,10,0.41322964429855347,0.7471253871917725,-0.3069612681865692,0.9949546456336975,0.4112743139266968,0.7309936285018921,-0.3056970238685608,0.9943032264709473,0.41307365894317627,0.7265713810920715,-0.30560302734375,0.9932117462158203,0.415147989988327,0.721901535987854,-0.30564019083976746,0.994687020778656,0.4053073227405548,0.7422585487365723,-0.29405447840690613,0.9948933124542236,0.40288591384887695,0.7454465627670288,-0.2941489815711975,0.9925910830497742,0.4004867374897003,0.7485464811325073,-0.29417210817337036,0.9943518042564392,0.41974347829818726,0.712067186832428,-0.2571837306022644,0.9911561012268066,0.40037986636161804,0.7457906007766724,-0.2050376981496811,0.9902796745300293,0.42278435826301575,0.7459576725959778,-0.28567904233932495,0.9848343133926392,0.41479840874671936,0.7599029541015625,-0.2708066403865814,0.9859782457351685,0.45267364382743835,0.7370111346244812,-0.2592507600784302,0.9811533093452454,0.41548871994018555,0.766327440738678,-0.10976539552211761,0.9865392446517944,0.4620741307735443,0.8426429629325867,-0.31512680649757385,0.9130963087081909,0.38290899991989136,0.8148722648620605,-0.17993861436843872,0.46530815958976746,0.41435104608535767,0.8765295743942261,-0.3119255602359772,0.6848705410957336,0.3742090165615082,0.8472583293914795,-0.3355693817138672,0.3574104309082031,0.4005984663963318,0.8844041228294373,-0.33627933263778687,0.6133486032485962,0.37024685740470886,0.8567883372306824,-0.35379084944725037,0.34718188643455505,0.3960646390914917,0.8757343888282776,-0.3286373019218445,0.6051360964775085,0.3698131740093231,0.8581353425979614,-0.36459702253341675,0.34238412976264954,0.400996595621109,0.8722021579742432,-0.309234082698822,0.5819389820098877,0.3736841380596161,0.854665219783783,-0.3471936881542206,0.3543490767478943,0.5398914217948914,0.7850737571716309,-0.04309800639748573,0.997869610786438,0.5051543712615967,0.8076186180114746,0.043053947389125824,0.9972007870674133,0.5808331370353699,0.8590326309204102,-0.14986170828342438,0.8338751792907715,0.43514856696128845,0.8392606973648071,-0.004240504465997219,0.6507070660591125,0.638977587223053,0.8662678003311157,-0.10343614965677261,0.8826798796653748,0.38437578082084656,0.8651217818260193,-0.018320418894290924,0.7377017140388489,0.6411673426628113,0.8548035025596619,-0.09975598752498627,0.7729763388633728,0.3809714615345001,0.8861706852912903,-0.018482284620404243,0.7066127061843872,0.659076988697052,0.9024044871330261,-0.16307832300662994,0.9006450772285461,0.35249051451683044,0.8342553377151489,-0.03843086585402489,0.8231765627861023
yena_fall_normal_15,294,98,9.80133152173913,29.995924466784405,10,0.4159540832042694,0.7449169754981995,-0.29956483840942383,0.9954302310943604,0.41426315903663635,0.7289319634437561,-0.2900022864341736,0.99482661485672,0.41673049330711365,0.7242164015769958,-0.28999945521354675,0.9938219785690308,0.4189525842666626,0.7194463014602661,-0.29010674357414246,0.9951521158218384,0.4078920781612396,0.7405288815498352,-0.27245622873306274,0.9953593611717224,0.4058533310890198,0.7436970472335815,-0.27252140641212463,0.9932751059532166,0.4038616418838501,0.7467761039733887,-0.2725578546524048,0.9948819279670715,0.4234159588813782,0.7106130123138428,-0.22242577373981476,0.9918644428253174,0.4036867022514343,0.7453055381774902,-0.19413986802101135,0.991149365901947,0.42539677023887634,0.7439001798629761,-0.26222166419029236,0.9862088561058044,0.41783851385116577,0.758027195930481,-0.24901416897773743,0.9872817993164062,0.459619402885437,0.7371976971626282,-0.207426056265831,0.9818940162658691,0.41319984197616577,0.7621681690216064,-0.11370495706796646,0.9877933263778687,0.48656174540519714,0.8328022956848145,-0.22668035328388214,0.9146888852119446,0.3837139308452606,0.8108500838279724,-0.1653885692358017,0.5070410966873169,0.44898858666419983,0.8880640268325806,-0.22808438539505005,0.6925864815711975,0.36976879835128784,0.8505856394767761,-0.2793521285057068,0.4150547683238983,0.4414277672767639,0.8954344391822815,-0.2511437237262726,0.6158508658409119,0.35756915807724,0.8609994053840637,-0.307126522064209,0.401970237493515,0.43432238698005676,0.8883801698684692,-0.24763913452625275,0.6088549494743347,0.36418232321739197,0.860062301158905,-0.31444695591926575,0.39818260073661804,0.4357369542121887,0.8857417702674866,-0.22765323519706726,0.5853965878486633,0.36864957213401794,0.8554269075393677,-0.2869114875793457,0.40965551137924194,0.5451311469078064,0.7785118222236633,-0.04256989434361458,0.9978021383285522,0.5151585936546326,0.8017759919166565,0.042470887303352356,0.9972530007362366,0.5903950333595276,0.8576884269714355,-0.0057545811869204044,0.8498395085334778,0.534112274646759,0.8578702211380005,0.07947622239589691,0.6615559458732605,0.6409881711006165,0.8641112446784973,0.11476531624794006,0.893507182598114,0.5739863514900208,0.8429794311523438,0.22084519267082214,0.7435429692268372,0.6450530886650085,0.8534155488014221,0.12631504237651825,0.7903138995170593,0.5799338817596436,0.8335978984832764,0.23547770082950592,0.706655740737915,0.6634718179702759,0.9124810099601746,0.08420194685459137,0.9087722301483154,0.5899547934532166,0.8619044423103333,0.22104528546333313,0.8225029110908508
yena_fall_normal_15,297,99,9.901345108695653,29.995924466784405,10,0.41537314653396606,0.7445452213287354,-0.30839067697525024,0.9958729147911072,0.41338789463043213,0.7288509011268616,-0.3069540858268738,0.9953206181526184,0.4156312346458435,0.7240732312202454,-0.3069097399711609,0.9944022297859192,0.41781187057495117,0.7189458012580872,-0.30697721242904663,0.9956036806106567,0.4073583483695984,0.7396859526634216,-0.2990829050540924,0.9958019256591797,0.40576475858688354,0.7423632740974426,-0.2992352247238159,0.9939185380935669,0.4042336642742157,0.7451872229576111,-0.29926908016204834,0.9953766465187073,0.42318153381347656,0.7088621854782104,-0.2511957883834839,0.9925892353057861,0.4047701060771942,0.7428009510040283,-0.21960683166980743,0.9919846653938293,0.425422728061676,0.7430002689361572,-0.2827240526676178,0.9875115752220154,0.4184117317199707,0.7564108967781067,-0.2735719680786133,0.9884958863258362,0.460317462682724,0.7358461618423462,-0.24190311133861542,0.9833685755729675,0.41323262453079224,0.7530822157859802,-0.12866182625293732,0.9889809489250183,0.4860404133796692,0.8273757100105286,-0.25713294744491577,0.9183148145675659,0.3839230239391327,0.8132757544517517,-0.17912651598453522,0.5468996167182922,0.4566399157047272,0.8961111903190613,-0.27104952931404114,0.7037594318389893,0.36903998255729675,0.8513504862785339,-0.3006274104118347,0.4686431586742401,0.45753562450408936,0.9144291281700134,-0.3022860586643219,0.6241775155067444,0.35755404829978943,0.8626377582550049,-0.3350633978843689,0.45443782210350037,0.4426000714302063,0.9038150906562805,-0.2973642945289612,0.6191455125808716,0.36119112372398376,0.8604759573936462,-0.34603846073150635,0.45142725110054016,0.44462981820106506,0.8993391990661621,-0.2707922160625458,0.5937150716781616,0.36761242151260376,0.855836033821106,-0.3092057406902313,0.4619141221046448,0.5496841669082642,0.7718827128410339,-0.05059890076518059,0.9979338049888611,0.5209596157073975,0.7937154769897461,0.05034499615430832,0.9974798560142517,0.595173180103302,0.8599668741226196,-0.049139682203531265,0.8633315563201904,0.5381547212600708,0.8657916188240051,0.041813842952251434,0.6730872988700867,0.6421598792076111,0.8643236756324768,0.12655872106552124,0.9020313620567322,0.5946778655052185,0.8440656065940857,0.2181321531534195,0.7504241466522217,0.6461459398269653,0.8521165251731873,0.14454475045204163,0.8039846420288086,0.6041831970214844,0.8322850465774536,0.23715396225452423,0.7090563178062439,0.6665307879447937,0.9146396517753601,0.1152210608124733,0.9147900938987732,0.6165300607681274,0.8750235438346863,0.2253556102514267,0.8227938413619995
yena_fall_normal_15,300,100,10.001358695652174,29.995924466784405,10,0.41629230976104736,0.7450678944587708,-0.32817116379737854,0.9962837100028992,0.4139283001422882,0.7294197082519531,-0.3302043080329895,0.9957857131958008,0.416148841381073,0.7246416211128235,-0.33017170429229736,0.9949568510055542,0.4185439348220825,0.7194720506668091,-0.33026355504989624,0.9960396885871887,0.4080105721950531,0.7402733564376831,-0.31976184248924255,0.9962188005447388,0.40641769766807556,0.7429015040397644,-0.3199050724506378,0.9945215582847595,0.4049428403377533,0.7455558180809021,-0.3199210464954376,0.995836079120636,0.423719584941864,0.7079889178276062,-0.2826692461967468,0.9933207035064697,0.4050982892513275,0.7419572472572327,-0.23665791749954224,0.9927799105644226,0.42603740096092224,0.7428227663040161,-0.3048992156982422,0.988754153251648,0.41936248540878296,0.7560094594955444,-0.29177939891815186,0.9896411299705505,0.46002739667892456,0.7296732664108276,-0.28269922733306885,0.984965980052948,0.41282594203948975,0.7477999925613403,-0.1432093232870102,0.9900742173194885,0.4820305407047272,0.8279814720153809,-0.3496699929237366,0.9259597659111023,0.3863849937915802,0.8061084747314453,-0.20877724885940552,0.5812522768974304,0.44874754548072815,0.9061682820320129,-0.36642512679100037,0.7311676144599915,0.3675227463245392,0.8523262739181519,-0.36441487073898315,0.5176898241043091,0.424016535282135,0.9163418412208557,-0.40405043959617615,0.6567858457565308,0.35372889041900635,0.8629776835441589,-0.3971973955631256,0.5035805106163025,0.4131193161010742,0.901751697063446,-0.3936006724834442,0.6523898839950562,0.3573084771633148,0.8611655831336975,-0.40796416997909546,0.5010784268379211,0.4165284335613251,0.8947745561599731,-0.3644697070121765,0.6277375817298889,0.36529508233070374,0.8569324016571045,-0.37404265999794006,0.5104976892471313,0.5538038611412048,0.7650360465049744,-0.05109666660428047,0.9981260895729065,0.5190570950508118,0.7852485179901123,0.05085529386997223,0.997726559638977,0.6014546751976013,0.8653855323791504,-0.12206423282623291,0.8740524649620056,0.5288878679275513,0.8715947270393372,-0.05230480432510376,0.6875700950622559,0.6386744976043701,0.8574461936950684,0.13638469576835632,0.9009127020835876,0.5979119539260864,0.8470216393470764,0.157359778881073,0.751501202583313,0.6371342539787292,0.8394957184791565,0.1641426831483841,0.8038690686225891,0.6052494645118713,0.8394448161125183,0.15995477139949799,0.705265998840332,0.6656093597412109,0.8942565321922302,0.16167102754116058,0.9107641577720642,0.626207709312439,0.8838181495666504,0.14462195336818695,0.8176828622817993
yena_fall_normal_15,303,101,10.101372282608695,29.995924466784405,10,0.4151431620121002,0.7316049337387085,-0.3243277668952942,0.9966491460800171,0.41321927309036255,0.715827465057373,-0.32468512654304504,0.9961995482444763,0.4154340624809265,0.7113282084465027,-0.3246200680732727,0.9954475164413452,0.41773468255996704,0.7062193751335144,-0.32469311356544495,0.9964243769645691,0.407815545797348,0.7246692776679993,-0.31254100799560547,0.9965888857841492,0.4059847295284271,0.7265780568122864,-0.31266510486602783,0.9950589537620544,0.40449434518814087,0.7281969785690308,-0.31269314885139465,0.9962444305419922,0.4232020080089569,0.6929734349250793,-0.28451767563819885,0.9939700365066528,0.4062539339065552,0.7214187979698181,-0.23089493811130524,0.9934737086296082,0.4259171187877655,0.7288342118263245,-0.3058678209781647,0.9898634552955627,0.41878244280815125,0.7409082651138306,-0.29058578610420227,0.9906688332557678,0.4607484042644501,0.7183330059051514,-0.3020177185535431,0.9864290952682495,0.4193510413169861,0.7473940253257751,-0.13374462723731995,0.9910485744476318,0.47010552883148193,0.8264731764793396,-0.3607198894023895,0.9323887228965759,0.39993569254875183,0.8067987561225891,-0.193341925740242,0.5814551711082458,0.42301949858665466,0.8784176111221313,-0.3612109124660492,0.7559519410133362,0.3729725778102875,0.859916627407074,-0.3496710956096649,0.5416058897972107,0.40920117497444153,0.8949047923088074,-0.39412960410118103,0.687150776386261,0.36057010293006897,0.8800209164619446,-0.3770934045314789,0.5302416086196899,0.4012657701969147,0.8837642669677734,-0.3898000419139862,0.6830576062202454,0.3587097227573395,0.8693260550498962,-0.3917059600353241,0.5280064344406128,0.4059256613254547,0.8763978481292725,-0.3607560098171234,0.6589329242706299,0.3665556311607361,0.8636941313743591,-0.3610492944717407,0.535250723361969,0.557020366191864,0.7526810765266418,-0.05054658651351929,0.9983090162277222,0.5180715322494507,0.7782707214355469,0.05028083175420761,0.9979479908943176,0.6045216917991638,0.8620142936706543,-0.05961077660322189,0.8864018321037292,0.45173510909080505,0.8357953429222107,-0.0424690917134285,0.6974624395370483,0.6466432809829712,0.8709328770637512,0.1567552387714386,0.9007419943809509,0.4287664294242859,0.8803375959396362,0.017078548669815063,0.7608651518821716,0.6460756063461304,0.8540905714035034,0.17913590371608734,0.7979568243026733,0.43329498171806335,0.8941032290458679,0.019162945449352264,0.7178551554679871,0.665201723575592,0.8960794806480408,0.1637350171804428,0.9076022505760193,0.39931192994117737,0.8853801488876343,-0.008517015725374222,0.8276024460792542
yena_fall_normal_15,306,102,10.201385869565216,29.995924466784405,10,0.4189179837703705,0.7021008729934692,-0.31986281275749207,0.9969799518585205,0.4159272313117981,0.6850305199623108,-0.3199597895145416,0.9965734481811523,0.41808173060417175,0.6803104281425476,-0.31991255283355713,0.9958927035331726,0.4205869436264038,0.6748477816581726,-0.31998762488365173,0.996773898601532,0.410995751619339,0.6928874254226685,-0.31034961342811584,0.9969249367713928,0.40956181287765503,0.694431722164154,-0.3105120360851288,0.995546281337738,0.40823689103126526,0.69599848985672,-0.31054967641830444,0.9966158866882324,0.4278278648853302,0.6629600524902344,-0.27470511198043823,0.9945504069328308,0.4105991721153259,0.6923757791519165,-0.23353593051433563,0.9941179156303406,0.4293134808540344,0.7038437128067017,-0.298987478017807,0.9908575415611267,0.4236738383769989,0.713148832321167,-0.28725913166999817,0.9915897846221924,0.46804913878440857,0.6976328492164612,-0.28488507866859436,0.9876441359519958,0.4270562529563904,0.7263071537017822,-0.1380573809146881,0.9919203519821167,0.46882763504981995,0.8151366710662842,-0.33221200108528137,0.9381363987922668,0.4141741394996643,0.8066719174385071,-0.19886058568954468,0.6067103147506714,0.4369886517524719,0.8815496563911438,-0.32958927750587463,0.7774757146835327,0.3913317918777466,0.8607760667800903,-0.345912903547287,0.5798843502998352,0.42557522654533386,0.8953768610954285,-0.3688625693321228,0.7129630446434021,0.3817344903945923,0.8790426850318909,-0.37261059880256653,0.5684428215026855,0.4180919826030731,0.8842800259590149,-0.3565446138381958,0.7096393704414368,0.3828173875808716,0.8688109517097473,-0.3872322142124176,0.5673895478248596,0.4263533055782318,0.8794459104537964,-0.3273259103298187,0.6862233281135559,0.3883010149002075,0.8647953867912292,-0.35660651326179504,0.5740963816642761,0.562305748462677,0.7414541244506836,-0.05269617959856987,0.9984528422355652,0.5250367522239685,0.7684129476547241,0.052475832402706146,0.9981384873390198,0.6128545999526978,0.8618090152740479,-0.0956294909119606,0.8960767388343811,0.49241572618484497,0.8688406348228455,-0.019633065909147263,0.7054352164268494,0.6465781331062317,0.8649051785469055,0.13244636356830597,0.903924822807312,0.568906843662262,0.862595796585083,0.14948530495166779,0.7528586983680725,0.6512007117271423,0.8565309643745422,0.14682583510875702,0.8048242330551147,0.5771859288215637,0.842617928981781,0.16830958425998688,0.7093561291694641,0.6651493310928345,0.8974431157112122,0.1480860710144043,0.9084423184394836,0.5994385480880737,0.8886038064956665,0.18912090361118317,0.812765896320343
yena_fall_normal_15,309,103,10.30139945652174,29.995924466784405,10,0.43130120635032654,0.6578963398933411,-0.3154694736003876,0.9972797632217407,0.4299607574939728,0.6406333446502686,-0.31559333205223083,0.9969137907028198,0.4328864812850952,0.6366461515426636,-0.31551292538642883,0.9963003396987915,0.43602946400642395,0.632415235042572,-0.3155509829521179,0.9970934391021729,0.4230723977088928,0.6485844254493713,-0.3050374388694763,0.9972304105758667,0.4210262596607208,0.6501897573471069,-0.3051513135433197,0.9959893226623535,0.41908976435661316,0.651701033115387,-0.3050965964794159,0.9969526529312134,0.44285643100738525,0.6243954300880432,-0.2682552933692932,0.9950897693634033,0.4205276370048523,0.649541974067688,-0.22342973947525024,0.9947032332420349,0.4412791132926941,0.6626088619232178,-0.2946545481681824,0.9917605519294739,0.435435026884079,0.6725025177001953,-0.2815418243408203,0.9924226999282837,0.4804878532886505,0.6749874353408813,-0.2814832925796509,0.9887116551399231,0.43891629576683044,0.6891251802444458,-0.11828136444091797,0.9926705360412598,0.4666789174079895,0.7935028672218323,-0.31461870670318604,0.943142831325531,0.4286148250102997,0.7817434668540955,-0.1303393691778183,0.6254016160964966,0.4365888237953186,0.8715512752532959,-0.31641829013824463,0.7977997660636902,0.4232698678970337,0.8560580611228943,-0.2190312296152115,0.6097080111503601,0.4246475398540497,0.8847603797912598,-0.3505818545818329,0.7385395765304565,0.4104676842689514,0.872634768486023,-0.22887684404850006,0.5971627831459045,0.41890251636505127,0.8759645819664001,-0.3383959233760834,0.7357416152954102,0.41151922941207886,0.8676286935806274,-0.2495458573102951,0.5976589918136597,0.4253004789352417,0.8736698627471924,-0.3134554326534271,0.7132784128189087,0.417707234621048,0.8646523952484131,-0.22986721992492676,0.6044557094573975,0.5685279369354248,0.7267077565193176,-0.054018888622522354,0.9985320568084717,0.5323762893676758,0.7533630132675171,0.05383060872554779,0.998246967792511,0.5939216017723083,0.8180720210075378,-0.21408602595329285,0.9057726263999939,0.5018221139907837,0.8723879456520081,-0.033399734646081924,0.7275476455688477,0.6346814036369324,0.846670389175415,-0.059477511793375015,0.9113314151763916,0.5787904262542725,0.8554120659828186,0.09117277711629868,0.7667792439460754,0.6411414742469788,0.8395442366600037,-0.042350880801677704,0.8177338242530823,0.5908231735229492,0.8354235887527466,0.1061040610074997,0.7225939035415649,0.6520933508872986,0.887348473072052,-0.049623243510723114,0.9146636128425598,0.612436056137085,0.891264796257019,0.12002047896385193,0.8181314468383789
yena_fall_normal_15,312,104,10.40141304347826,29.995924466784405,10,0.4478178024291992,0.6173651814460754,-0.28912848234176636,0.9975478053092957,0.44894397258758545,0.6004840135574341,-0.2898772358894348,0.9972183108329773,0.45250022411346436,0.5967004299163818,-0.2897947430610657,0.9966651797294617,0.4558764398097992,0.5926862955093384,-0.28984472155570984,0.9973792433738708,0.44002634286880493,0.606122612953186,-0.2836393117904663,0.9975034594535828,0.4372253715991974,0.6071946024894714,-0.28374868631362915,0.9963861703872681,0.43458566069602966,0.6082798838615417,-0.2837461233139038,0.9972543716430664,0.4607029855251312,0.5873585939407349,-0.2446712702512741,0.9955730438232422,0.43255770206451416,0.6088487505912781,-0.21951888501644135,0.9952279925346375,0.4563072621822357,0.6229161620140076,-0.26891231536865234,0.9925758242607117,0.44811880588531494,0.6318245530128479,-0.261733740568161,0.9931744337081909,0.49520593881607056,0.6367541551589966,-0.26403144001960754,0.989684522151947,0.43521034717559814,0.6656231880187988,-0.13162361085414886,0.9933630228042603,0.4834519326686859,0.7424564957618713,-0.3091188073158264,0.9476792812347412,0.42845529317855835,0.7576555013656616,-0.16346608102321625,0.6556580066680908,0.4439487159252167,0.8202710151672363,-0.3215439021587372,0.8164569139480591,0.41792866587638855,0.8301688432693481,-0.2631116509437561,0.643328070640564,0.4361918568611145,0.84187251329422,-0.3595302700996399,0.7621299624443054,0.4070381820201874,0.8546164035797119,-0.2801858186721802,0.6302355527877808,0.43040427565574646,0.8413541316986084,-0.35185086727142334,0.7598125338554382,0.41096553206443787,0.8461417555809021,-0.29881131649017334,0.631406843662262,0.4329037070274353,0.8341745734214783,-0.320806622505188,0.7384858131408691,0.41769134998321533,0.8372898101806641,-0.2739037871360779,0.6379808187484741,0.5668360590934753,0.7076608538627625,-0.047787610441446304,0.9985008835792542,0.5317195057868958,0.7437199950218201,0.047669146209955215,0.9982548952102661,0.5917107462882996,0.776708722114563,-0.2531161308288574,0.914370059967041,0.5059210062026978,0.8737150430679321,-0.07023270428180695,0.7502104043960571,0.6239017248153687,0.8348668217658997,-0.09569474309682846,0.9161960482597351,0.5820614695549011,0.8538466095924377,0.05825739726424217,0.7781116962432861,0.62467360496521,0.8333961367607117,-0.07775045931339264,0.8264018297195435,0.5931770205497742,0.8363934755325317,0.07327628880739212,0.728692889213562,0.6400138735771179,0.8852997422218323,-0.092649906873703,0.9179279208183289,0.6140650510787964,0.8904315829277039,0.0693913996219635,0.8164380192756653
yena_fall_normal_15,315,105,10.501426630434782,29.995924466784405,10,0.4564072787761688,0.5973123908042908,-0.360372394323349,0.9977898597717285,0.45810964703559875,0.580258309841156,-0.35811647772789,0.9974923729896545,0.4614194333553314,0.5767308473587036,-0.3580203056335449,0.9969931840896606,0.46415406465530396,0.5733337998390198,-0.35810229182243347,0.9976364374160767,0.44911640882492065,0.5869038105010986,-0.3550765812397003,0.9977481365203857,0.44628632068634033,0.5880889296531677,-0.35520610213279724,0.996741771697998,0.4435027241706848,0.589104175567627,-0.35525402426719666,0.9975254535675049,0.4691762328147888,0.5680875778198242,-0.29545584321022034,0.9960072636604309,0.4406419098377228,0.5884556770324707,-0.2858266234397888,0.9957010746002197,0.464828222990036,0.6031412482261658,-0.3332797884941101,0.993311882019043,0.45590275526046753,0.6125771999359131,-0.33053234219551086,0.9938517212867737,0.5018720030784607,0.6013935804367065,-0.29076045751571655,0.9906247854232788,0.4402020573616028,0.6642544269561768,-0.1892649531364441,0.9940128922462463,0.5205186605453491,0.6972097754478455,-0.3430952727794647,0.9517945647239685,0.42672422528266907,0.7561302185058594,-0.20990362763404846,0.6886225342750549,0.4755406975746155,0.7663439512252808,-0.39791956543922424,0.8331620097160339,0.41281214356422424,0.832933783531189,-0.27210214734077454,0.6763778924942017,0.46627336740493774,0.7913573384284973,-0.4365953803062439,0.782550036907196,0.4019608497619629,0.8568631410598755,-0.29118233919143677,0.6622808575630188,0.45828354358673096,0.7860438823699951,-0.43027937412261963,0.7807707786560059,0.40645790100097656,0.849511444568634,-0.3168788552284241,0.6638405919075012,0.45911604166030884,0.7802103161811829,-0.3982160985469818,0.7601445317268372,0.412349671125412,0.8420038223266602,-0.2858563959598541,0.6699990630149841,0.5660163760185242,0.6988922953605652,-0.0418073907494545,0.998121440410614,0.5322260856628418,0.7425656318664551,0.041683223098516464,0.9979973435401917,0.5707947015762329,0.7965356707572937,-0.23375540971755981,0.9189347624778748,0.5070905089378357,0.8739092350006104,-0.08993064612150192,0.7633933424949646,0.6232527494430542,0.8448737859725952,-0.06132330000400543,0.910939633846283,0.5915917754173279,0.8511953353881836,0.050751667469739914,0.7624911665916443,0.6274493336677551,0.8438922166824341,-0.04253164678812027,0.8221637606620789,0.5887903571128845,0.8360173106193542,0.06651921570301056,0.7037614583969116,0.6425510048866272,0.8941419720649719,-0.06111613288521767,0.9077514410018921,0.6184654235839844,0.890078067779541,0.05217534676194191,0.7807092070579529
yena_fall_normal_15,318,106,10.601440217391303,29.995924466784405,10,0.4583866000175476,0.5971620678901672,-0.30605408549308777,0.998008131980896,0.4598580598831177,0.5812137722969055,-0.3023907244205475,0.997740626335144,0.4633062481880188,0.5781620144844055,-0.30230987071990967,0.9972907304763794,0.4663943648338318,0.5747555494308472,-0.30240684747695923,0.9978700280189514,0.45153507590293884,0.5867553949356079,-0.299217164516449,0.9979686141014099,0.4488157629966736,0.5878615379333496,-0.2992890179157257,0.9970618486404419,0.44619426131248474,0.5887806415557861,-0.2992919683456421,0.9977688193321228,0.4714222550392151,0.5707497596740723,-0.23117083311080933,0.996402382850647,0.4439767599105835,0.5907312631607056,-0.21927012503147125,0.9961264729499817,0.46664920449256897,0.6039606928825378,-0.27541202306747437,0.9939774870872498,0.45761576294898987,0.6138647198677063,-0.2722853124141693,0.99446040391922,0.49973928928375244,0.5894863605499268,-0.2203281670808792,0.9915474057197571,0.443922221660614,0.6625505089759827,-0.10899877548217773,0.9945918917655945,0.5486657619476318,0.6318897008895874,-0.2756240963935852,0.9555400609970093,0.4313367009162903,0.7537263035774231,-0.08712305873632431,0.7185161709785461,0.5114884376525879,0.7190814018249512,-0.37162017822265625,0.8471831679344177,0.41503116488456726,0.8354483246803284,-0.14591674506664276,0.7053802013397217,0.504634439945221,0.7405250072479248,-0.40716660022735596,0.7987671494483948,0.40351060032844543,0.8574813008308411,-0.1597941666841507,0.6899093985557556,0.4973093271255493,0.7328458428382874,-0.4011472165584564,0.79753577709198,0.40777671337127686,0.8536887168884277,-0.18507656455039978,0.6918936967849731,0.49905866384506226,0.7279310822486877,-0.371198445558548,0.7774260640144348,0.4131108522415161,0.8508327007293701,-0.15866707265377045,0.6976287961006165,0.5646950602531433,0.7049810290336609,-0.049181096255779266,0.998235285282135,0.533443808555603,0.7454617023468018,0.049080535769462585,0.9980503916740417,0.5302925705909729,0.8348888158798218,-0.23021870851516724,0.9210876822471619,0.5000914335250854,0.8802460432052612,0.0036950339563190937,0.7475127577781677,0.6028067469596863,0.8456087112426758,-0.06787338852882385,0.8992921113967896,0.5740523934364319,0.8304248452186584,0.1347782462835312,0.7181189060211182,0.6103283166885376,0.8336679935455322,-0.04769006744027138,0.8200923800468445,0.5762325525283813,0.8071034550666809,0.1507512629032135,0.662878155708313,0.6291359066963196,0.8971967101097107,-0.04503263160586357,0.8911103010177612,0.6028547883033752,0.8539179563522339,0.15633760392665863,0.7291997075080872
yena_fall_normal_15,321,107,10.701453804347826,29.995924466784405,10,0.45573899149894714,0.5947717428207397,-0.234989196062088,0.9982030987739563,0.4576372802257538,0.5800597667694092,-0.22549721598625183,0.9979633092880249,0.4611210525035858,0.5773336887359619,-0.22545447945594788,0.9975576996803284,0.4643985331058502,0.5750319361686707,-0.22554883360862732,0.9980804920196533,0.44936907291412354,0.5854060649871826,-0.22301848232746124,0.998167872428894,0.4466213285923004,0.5871517658233643,-0.2230825573205948,0.9973495006561279,0.44407325983047485,0.5890031456947327,-0.22310331463813782,0.9979868531227112,0.47148916125297546,0.5725365877151489,-0.1507582664489746,0.9967561364173889,0.4428611695766449,0.5933396220207214,-0.14304454624652863,0.9965072274208069,0.4651772379875183,0.6031703948974609,-0.20572921633720398,0.9945777654647827,0.4550778269767761,0.6123527884483337,-0.2037515938282013,0.9950104355812073,0.5045995712280273,0.5961639881134033,-0.14552447199821472,0.9923765659332275,0.44755399227142334,0.6651188731193542,-0.04672503471374512,0.9951143264770508,0.5678598880767822,0.5995301008224487,-0.21851463615894318,0.9593234062194824,0.4329931437969208,0.7556871771812439,-0.03322611004114151,0.7447267174720764,0.5362176299095154,0.6786647439002991,-0.3387669026851654,0.8609253168106079,0.4158072769641876,0.8441469669342041,-0.09194581210613251,0.7260809540748596,0.529262125492096,0.7018886208534241,-0.3697938024997711,0.8144891262054443,0.40296363830566406,0.8579807877540588,-0.09903352707624435,0.703881561756134,0.5208812952041626,0.694804310798645,-0.36205390095710754,0.8134957551956177,0.40732917189598083,0.8591482639312744,-0.12174363434314728,0.7072240710258484,0.5218666195869446,0.6881857514381409,-0.33705389499664307,0.7936970591545105,0.4143410623073578,0.8580548167228699,-0.10284245759248734,0.7129296064376831,0.5651791095733643,0.7105459570884705,-0.044162191450595856,0.9983224868774414,0.5389448404312134,0.7464250326156616,0.044075675308704376,0.9981968402862549,0.5149837732315063,0.7629465460777283,-0.24051016569137573,0.9241092801094055,0.5353251099586487,0.8768851161003113,-0.01855112425982952,0.7675356864929199,0.5045122504234314,0.8689779043197632,-0.1444133073091507,0.8852912187576294,0.6174709796905518,0.8317580819129944,0.08006341010332108,0.7177948355674744,0.5050904154777527,0.8750905990600586,-0.13063837587833405,0.8185401558876038,0.6258574724197388,0.8112077713012695,0.09071246534585953,0.6562637686729431,0.49237748980522156,0.9032246470451355,-0.14548496901988983,0.8758177161216736,0.6418479084968567,0.859220027923584,0.06613394618034363,0.7138180136680603
yena_fall_normal_15,324,108,10.801467391304348,29.995924466784405,10,0.45455309748649597,0.5815216898918152,-0.245030477643013,0.9983792901039124,0.45623427629470825,0.5663284063339233,-0.23796382546424866,0.9981639385223389,0.45964744687080383,0.5634530782699585,-0.23791052401065826,0.9977990984916687,0.46286484599113464,0.5604771375656128,-0.23795871436595917,0.9982702136039734,0.44855883717536926,0.5724473595619202,-0.23287911713123322,0.9983482360839844,0.44622182846069336,0.5745930075645447,-0.23300501704216003,0.9976108074188232,0.4440450668334961,0.5762631297111511,-0.2330498844385147,0.9981843829154968,0.4712563753128052,0.5615358352661133,-0.175600066781044,0.9970740079879761,0.4451829493045807,0.5809167623519897,-0.15646030008792877,0.9968487620353699,0.4638795852661133,0.5927541255950928,-0.2204713225364685,0.9951171278953552,0.4541010558605194,0.5982341766357422,-0.215226411819458,0.9955023527145386,0.5126302242279053,0.5968119502067566,-0.16192121803760529,0.9930431246757507,0.45122483372688293,0.6568503975868225,-0.07263711094856262,0.9955638647079468,0.5751692056655884,0.6099622249603271,-0.2217271625995636,0.961966872215271,0.4387861490249634,0.7434868216514587,-0.042279116809368134,0.768764853477478,0.5411379337310791,0.6900147795677185,-0.32122737169265747,0.8730133771896362,0.42100340127944946,0.8318487405776978,-0.07500873506069183,0.7498505711555481,0.531833291053772,0.7101566195487976,-0.34521913528442383,0.8292359113693237,0.40611833333969116,0.8508893251419067,-0.07832825928926468,0.7254217863082886,0.5239521861076355,0.7007495760917664,-0.3398386240005493,0.8285868763923645,0.4108687937259674,0.8537976145744324,-0.09832373261451721,0.7294041514396667,0.5258496999740601,0.694908082485199,-0.3197416067123413,0.8095737099647522,0.41579675674438477,0.849406361579895,-0.08414634317159653,0.7348275780677795,0.5660190582275391,0.7127504944801331,-0.040026403963565826,0.9983510375022888,0.5380653738975525,0.7449252009391785,0.03996016085147858,0.9981778860092163,0.5038244128227234,0.7386501431465149,-0.20555712282657623,0.9276676774024963,0.51113361120224,0.8619613647460938,0.0619068518280983,0.7775349617004395,0.4898010790348053,0.8795673251152039,-0.19218404591083527,0.8917058110237122,0.5594265460968018,0.8286040425300598,0.24379563331604004,0.6913206577301025,0.49207067489624023,0.9025253057479858,-0.18809543550014496,0.8319066762924194,0.5648524165153503,0.8134316802024841,0.2643776834011078,0.6334697604179382,0.45668038725852966,0.9257961511611938,-0.23367668688297272,0.8830755352973938,0.5735596418380737,0.8424389958381653,0.26037460565567017,0.6872804760932922
yena_fall_normal_15,327,109,10.901480978260869,29.995924466784405,10,0.45511099696159363,0.5484395027160645,-0.25255337357521057,0.9985384345054626,0.4585200846195221,0.5327118635177612,-0.2439778745174408,0.9983459711074829,0.462130069732666,0.529983639717102,-0.2439296990633011,0.9980176091194153,0.46586671471595764,0.5278119444847107,-0.24398547410964966,0.9984419345855713,0.44986894726753235,0.5387211441993713,-0.2410832941532135,0.9985118508338928,0.44755151867866516,0.5404831171035767,-0.24120135605335236,0.9978474378585815,0.4456178545951843,0.5420100688934326,-0.2412569224834442,0.9983638525009155,0.47347456216812134,0.5309913158416748,-0.1748962700366974,0.9973626732826233,0.4470237195491791,0.5489550828933716,-0.16665329039096832,0.9971599578857422,0.46445485949516296,0.5610977411270142,-0.22575654089450836,0.995603621006012,0.45449841022491455,0.5658578276634216,-0.22340838611125946,0.9959478378295898,0.5142354369163513,0.581044614315033,-0.1670498102903366,0.9936496615409851,0.45002809166908264,0.6339242458343506,-0.08075780421495438,0.9959505796432495,0.5699273347854614,0.6221473813056946,-0.22280022501945496,0.963123619556427,0.44236046075820923,0.7280882000923157,-0.06311430782079697,0.7878496646881104,0.530941903591156,0.7005603909492493,-0.3233349919319153,0.8824759721755981,0.4282502830028534,0.8230213522911072,-0.0884058028459549,0.765376627445221,0.5210447907447815,0.7204105257987976,-0.3489072024822235,0.8408538103103638,0.4197550117969513,0.8429956436157227,-0.11850731819868088,0.7381293177604675,0.5131950974464417,0.7109149694442749,-0.3482588231563568,0.8407440185546875,0.4217076301574707,0.8439570665359497,-0.12936629354953766,0.7434136271476746,0.5147145986557007,0.7053728699684143,-0.32370609045028687,0.8222838044166565,0.42552000284194946,0.8403050899505615,-0.0898909792304039,0.748677670955658,0.5630006194114685,0.7090202569961548,-0.03744214400649071,0.9984309673309326,0.530778706073761,0.7394629120826721,0.0373079776763916,0.9982048273086548,0.4967552125453949,0.7347232103347778,-0.21457619965076447,0.9309477210044861,0.5116772055625916,0.8638898730278015,0.036806877702474594,0.7850869297981262,0.4961370527744293,0.8777730464935303,-0.18904849886894226,0.8950609564781189,0.5615513324737549,0.8294739127159119,0.21013116836547852,0.6560250520706177,0.5015835165977478,0.8981455564498901,-0.18222676217556,0.8399201035499573,0.5724340677261353,0.8015313148498535,0.2302411049604416,0.6013508439064026,0.46802961826324463,0.945370614528656,-0.22012649476528168,0.8869249820709229,0.5799720287322998,0.8419590592384338,0.22755275666713715,0.6477492451667786
yena_fall_normal_15,330,110,11.00149456521739,29.995924466784405,10,0.45756056904792786,0.5014675259590149,-0.26411062479019165,0.9986821413040161,0.463264137506485,0.4868096113204956,-0.2484757900238037,0.9985095262527466,0.46731874346733093,0.4855383336544037,-0.248517706990242,0.9982137084007263,0.47077545523643494,0.48473453521728516,-0.2485417276620865,0.9985958933830261,0.4530126452445984,0.4911767542362213,-0.24608416855335236,0.9986591339111328,0.44996774196624756,0.49232494831085205,-0.2462036907672882,0.9980607032775879,0.4473155736923218,0.49351513385772705,-0.24632643163204193,0.998525857925415,0.4786736071109772,0.4891272187232971,-0.18006300926208496,0.9976205229759216,0.4490415155887604,0.49971336126327515,-0.16909076273441315,0.9974411129951477,0.4675709307193756,0.5161136388778687,-0.23422710597515106,0.996041476726532,0.4553118646144867,0.5183975696563721,-0.23166510462760925,0.9963503479957581,0.5133601427078247,0.5462592244148254,-0.17083744704723358,0.994157612323761,0.4497526288032532,0.5987786650657654,-0.07943472266197205,0.9962949156761169,0.5545656681060791,0.628879964351654,-0.19902780652046204,0.9643077254295349,0.4505637288093567,0.7020538449287415,-0.046505287289619446,0.8051224946975708,0.515840470790863,0.7040857076644897,-0.2836082875728607,0.8894480466842651,0.4461471438407898,0.7945694327354431,-0.10042092204093933,0.7756317257881165,0.5106745362281799,0.7238855361938477,-0.30992773175239563,0.8488430380821228,0.4377079904079437,0.8261616826057434,-0.11329483985900879,0.7438864707946777,0.5027382969856262,0.7156553864479065,-0.3136020600795746,0.8494676947593689,0.4400486946105957,0.82432621717453,-0.13575933873653412,0.7504550814628601,0.5033787488937378,0.7094787359237671,-0.28521105647087097,0.830589771270752,0.44504085183143616,0.8128994703292847,-0.11050225794315338,0.7556448578834534,0.5551117658615112,0.6911445260047913,-0.038077786564826965,0.9985576868057251,0.5188758969306946,0.7234460115432739,0.037948284298181534,0.9983446002006531,0.5053860545158386,0.7458314895629883,-0.270736426115036,0.93532395362854,0.5059467554092407,0.8709656596183777,-0.032441869378089905,0.7993263602256775,0.4926947355270386,0.8723231554031372,-0.17290225625038147,0.8927012085914612,0.5592755079269409,0.8415756225585938,0.1725568026304245,0.6288273334503174,0.49581918120384216,0.8920861482620239,-0.16035707294940948,0.8388029336929321,0.5655820965766907,0.8214398622512817,0.1977268010377884,0.5738686919212341,0.46975284814834595,0.9299259185791016,-0.19168990850448608,0.8840097188949585,0.5846980214118958,0.8567888736724854,0.17706629633903503,0.6114862561225891
yena_fall_normal_15,333,111,11.101508152173913,29.995924466784405,10,0.4639608561992645,0.43879809975624084,-0.33666354417800903,0.9988114237785339,0.4684305489063263,0.42638254165649414,-0.3235960304737091,0.9986553192138672,0.47195619344711304,0.4252675473690033,-0.32360029220581055,0.9983882904052734,0.4754684865474701,0.42434027791023254,-0.323637992143631,0.9987326264381409,0.45797887444496155,0.42873281240463257,-0.3206430673599243,0.9987906217575073,0.4543198347091675,0.4305039346218109,-0.3207933008670807,0.99825119972229,0.4505649209022522,0.43244197964668274,-0.3208829462528229,0.9986704587936401,0.48100900650024414,0.4299749732017517,-0.23824305832386017,0.997844934463501,0.44897347688674927,0.4438379108905792,-0.2294682413339615,0.9976910948753357,0.472453773021698,0.4551275372505188,-0.30392515659332275,0.9964338541030884,0.4591604173183441,0.45946988463401794,-0.3013685941696167,0.9967097043991089,0.5126542448997498,0.5086565613746643,-0.2126440852880478,0.9945282936096191,0.44745728373527527,0.5459789633750916,-0.12435636669397354,0.9966166019439697,0.5298590064048767,0.6166916489601135,-0.20949409902095795,0.9649074673652649,0.4531678259372711,0.6556982398033142,-0.08768004924058914,0.8228198289871216,0.502379298210144,0.6974835991859436,-0.2851044535636902,0.8936014175415039,0.45337802171707153,0.7555478811264038,-0.14808101952075958,0.7883815169334412,0.49717190861701965,0.7220506072044373,-0.3142752945423126,0.852728009223938,0.44904181361198425,0.7831757068634033,-0.16393670439720154,0.751135528087616,0.4895894229412079,0.7155385613441467,-0.32190439105033875,0.8543447852134705,0.4508746266365051,0.7833150625228882,-0.19004906713962555,0.7590330243110657,0.48959091305732727,0.7094873785972595,-0.2884027063846588,0.8334855437278748,0.4550381004810333,0.7720704674720764,-0.15983368456363678,0.7629079818725586,0.5474496483802795,0.6555092930793762,-0.040630582720041275,0.9984767436981201,0.5113303065299988,0.6812614798545837,0.040574073791503906,0.9982684850692749,0.49373146891593933,0.741573691368103,-0.26531916856765747,0.9346339702606201,0.5301334261894226,0.8483619689941406,0.005443130154162645,0.8070847392082214,0.4867863655090332,0.8830275535583496,-0.19608478248119354,0.8993617296218872,0.5871725082397461,0.8628632426261902,0.18448574841022491,0.6274489164352417,0.49174225330352783,0.9045950770378113,-0.1918523758649826,0.8418938517570496,0.5981385707855225,0.8595955967903137,0.1998109370470047,0.5770052075386047,0.46096915006637573,0.9250091314315796,-0.2817706763744354,0.8894153833389282,0.6041099429130554,0.9173954725265503,0.13115936517715454,0.5985206365585327
yena_fall_normal_15,336,112,11.201521739130435,29.995924466784405,10,0.46424660086631775,0.39082071185112,-0.35584917664527893,0.9989283680915833,0.46916845440864563,0.3783925771713257,-0.3456936180591583,0.9987874627113342,0.47287142276763916,0.37836316227912903,-0.3457215428352356,0.9985462427139282,0.4762097895145416,0.3780675530433655,-0.34579625725746155,0.9988572001457214,0.4583878517150879,0.37814101576805115,-0.3388882577419281,0.9989093542098999,0.4545113742351532,0.37856900691986084,-0.3389911949634552,0.9984224438667297,0.45089542865753174,0.378916472196579,-0.33906063437461853,0.9988012313842773,0.48090845346450806,0.3841919004917145,-0.2699979543685913,0.9980542063713074,0.44872698187828064,0.38930678367614746,-0.24348266422748566,0.9979161024093628,0.4717123806476593,0.4083041846752167,-0.32621708512306213,0.9967876672744751,0.4587090313434601,0.40982505679130554,-0.3185069262981415,0.9970346689224243,0.5076590180397034,0.4738796651363373,-0.2612549662590027,0.994988203048706,0.44479912519454956,0.49085479974746704,-0.12307926267385483,0.9969200491905212,0.5141603350639343,0.59144127368927,-0.26536256074905396,0.9659278988838196,0.45184820890426636,0.6039671897888184,-0.08486262708902359,0.8321219086647034,0.49755164980888367,0.688042402267456,-0.2940114736557007,0.8941648006439209,0.455457866191864,0.7106143236160278,-0.1426859050989151,0.7889145612716675,0.49522027373313904,0.714307963848114,-0.32960274815559387,0.8528987169265747,0.45378583669662476,0.7398071885108948,-0.15716975927352905,0.7459641695022583,0.48785096406936646,0.7114138603210449,-0.3427335023880005,0.8557904958724976,0.45559316873550415,0.7415116429328918,-0.1836603730916977,0.7552300095558167,0.48714593052864075,0.704237163066864,-0.301734060049057,0.8336248993873596,0.45764580368995667,0.7312256693840027,-0.1548270732164383,0.7585216760635376,0.5419462323188782,0.6246922612190247,-0.05488575994968414,0.9984397292137146,0.5063029527664185,0.6400137543678284,0.05490116775035858,0.9982427358627319,0.4931674897670746,0.7435405850410461,-0.22636106610298157,0.929996132850647,0.5322730541229248,0.7879838943481445,0.008806980215013027,0.8100128769874573,0.49380284547805786,0.8814788460731506,-0.12735095620155334,0.9060190320014954,0.6004878878593445,0.8539588451385498,0.14336170256137848,0.644047200679779,0.4968814253807068,0.9061859250068665,-0.1217140331864357,0.8493486046791077,0.6124580502510071,0.8490076661109924,0.1528697907924652,0.5959628224372864,0.46044811606407166,0.9201390147209167,-0.2159244567155838,0.8951014876365662,0.6104243993759155,0.9087345600128174,0.07896004617214203,0.6042625308036804
yena_fall_normal_15,339,113,11.301535326086956,29.995924466784405,10,0.46197062730789185,0.34792980551719666,-0.36280328035354614,0.9990341663360596,0.46796008944511414,0.33617928624153137,-0.3542810082435608,0.9989063143730164,0.4715866446495056,0.33625078201293945,-0.35432863235473633,0.9986885786056519,0.4742776155471802,0.3366156220436096,-0.35440391302108765,0.9989688396453857,0.4571564793586731,0.336208701133728,-0.34513214230537415,0.9990161061286926,0.4534977078437805,0.337047815322876,-0.3452138304710388,0.9985776543617249,0.4498501718044281,0.33781135082244873,-0.345254123210907,0.9989191293716431,0.4790363013744354,0.3446824848651886,-0.28128576278686523,0.9982451796531677,0.4478498697280884,0.34765028953552246,-0.24389006197452545,0.9981204867362976,0.4674600660800934,0.3656294047832489,-0.3341037333011627,0.997107207775116,0.4552391469478607,0.36605459451675415,-0.3231501877307892,0.9973295331001282,0.500204861164093,0.44028711318969727,-0.26885825395584106,0.9954841136932373,0.4403036832809448,0.4530738890171051,-0.11947200447320938,0.9972167015075684,0.5045775175094604,0.5600458979606628,-0.25573354959487915,0.968136727809906,0.44745904207229614,0.5657515525817871,-0.05988999828696251,0.8360318541526794,0.497657835483551,0.6618072986602783,-0.2791503965854645,0.9006180167198181,0.4535429775714874,0.6648650169372559,-0.12790797650814056,0.7905929088592529,0.4968663156032562,0.6876040697097778,-0.3129202127456665,0.8612377643585205,0.4482618570327759,0.6911860108375549,-0.1386106312274933,0.7447091937065125,0.48939093947410583,0.6905326843261719,-0.32436975836753845,0.8642030358314514,0.45092979073524475,0.6916159987449646,-0.1720425933599472,0.7543138265609741,0.48884931206703186,0.6854113340377808,-0.2836027443408966,0.8418542742729187,0.45315560698509216,0.6834962368011475,-0.14223794639110565,0.7576443552970886,0.5341507196426392,0.6025428771972656,-0.055968642234802246,0.9985620975494385,0.4989801049232483,0.6147395968437195,0.05601437762379646,0.9983316659927368,0.49926769733428955,0.737231969833374,-0.18313895165920258,0.9290106892585754,0.48529842495918274,0.7468716502189636,0.007990644313395023,0.7903575897216797,0.4998752772808075,0.8813436627388,-0.056141797453165054,0.9081943035125732,0.49753016233444214,0.8634519577026367,0.1415533572435379,0.6353589296340942,0.5057240724563599,0.9046756029129028,-0.04900544881820679,0.8466426730155945,0.4991294741630554,0.890931248664856,0.15026579797267914,0.5897166728973389,0.4705766439437866,0.9199542999267578,-0.14085868000984192,0.8977552652359009,0.47135984897613525,0.9102727174758911,0.07645849883556366,0.6067056655883789
yena_fall_normal_15,342,114,11.401548913043477,29.995924466784405,10,0.45658519864082336,0.31223824620246887,-0.38267144560813904,0.9991291165351868,0.4626289904117584,0.2993515431880951,-0.3746487498283386,0.9990129470825195,0.4667043387889862,0.2999463677406311,-0.3747168779373169,0.9988166689872742,0.4699905514717102,0.300530344247818,-0.37483131885528564,0.9990695118904114,0.45235684514045715,0.29946961998939514,-0.3632413446903229,0.999111533164978,0.4490111768245697,0.29988202452659607,-0.3633054196834564,0.9987163543701172,0.44582420587539673,0.3003232777118683,-0.36333146691322327,0.9990243315696716,0.47544196248054504,0.30852067470550537,-0.29991599917411804,0.998417854309082,0.44456613063812256,0.3098701536655426,-0.25177228450775146,0.9983027577400208,0.46227261424064636,0.3296264410018921,-0.3531345725059509,0.9973943829536438,0.45056501030921936,0.33004170656204224,-0.33912381529808044,0.9975939393043518,0.49573954939842224,0.40459373593330383,-0.29291269183158875,0.9959321022033691,0.4368983805179596,0.4124404489994049,-0.10061218589544296,0.9974828362464905,0.5039398074150085,0.5192471742630005,-0.2774654030799866,0.9704151749610901,0.43775254487991333,0.5164807438850403,-0.022890141233801842,0.8230926990509033,0.498777836561203,0.624586820602417,-0.28524261713027954,0.9070454239845276,0.4354362487792969,0.6153591871261597,-0.083616703748703,0.7826372385025024,0.500710666179657,0.6557888388633728,-0.31710535287857056,0.8697066307067871,0.43080538511276245,0.6489481925964355,-0.09065783768892288,0.7344374060630798,0.4920102059841156,0.658757746219635,-0.3258135914802551,0.872617244720459,0.4333173334598541,0.6503915190696716,-0.12785539031028748,0.7449232935905457,0.4899628758430481,0.6534644365310669,-0.28923362493515015,0.8502495288848877,0.4367421269416809,0.6421319246292114,-0.10006806999444962,0.7502671480178833,0.5253952145576477,0.5769481658935547,-0.06533615291118622,0.9986734390258789,0.48559778928756714,0.5835812091827393,0.06544144451618195,0.998438835144043,0.5034578442573547,0.7231650352478027,-0.15847405791282654,0.9291875958442688,0.4591869115829468,0.7058415412902832,-0.017997335642576218,0.7897958159446716,0.5001469850540161,0.8600859045982361,-0.02349393256008625,0.9132698178291321,0.49386757612228394,0.836798906326294,0.1260146051645279,0.6475729942321777,0.5056825280189514,0.8860147595405579,-0.016293145716190338,0.8482806086540222,0.5015811324119568,0.8653597235679626,0.13567577302455902,0.6036807894706726,0.4689456522464752,0.9121248722076416,-0.11419561505317688,0.9026382565498352,0.4693300127983093,0.8851597905158997,0.057927507907152176,0.6254202723503113
yena_fall_normal_15,345,115,11.5015625,29.995924466784405,10,0.4535422921180725,0.2854503095149994,-0.30858927965164185,0.9992151260375977,0.4589138627052307,0.27420923113822937,-0.2978358864784241,0.9991094470024109,0.462666392326355,0.2742363512516022,-0.29790812730789185,0.9989321827888489,0.4667847454547882,0.2745816111564636,-0.29797208309173584,0.9991602301597595,0.4499312937259674,0.27572891116142273,-0.2882610559463501,0.999197781085968,0.44672974944114685,0.2765637934207916,-0.2882676124572754,0.9988415241241455,0.4438953995704651,0.27703869342803955,-0.2882739007472992,0.9991194009780884,0.47227028012275696,0.2822498679161072,-0.21861837804317474,0.9985737204551697,0.4421767592430115,0.2872703969478607,-0.17690877616405487,0.9984675049781799,0.4596175253391266,0.30298876762390137,-0.2783709168434143,0.997653603553772,0.44850024580955505,0.30124256014823914,-0.2660787105560303,0.9978327751159668,0.49459558725357056,0.3732013404369354,-0.2194400131702423,0.9963374137878418,0.43386080861091614,0.39489060640335083,-0.03585946187376976,0.9977135062217712,0.5017771124839783,0.4888792335987091,-0.21982501447200775,0.9725346565246582,0.4309120774269104,0.49517470598220825,0.03165270388126373,0.8048596978187561,0.49463722109794617,0.593089759349823,-0.26089000701904297,0.9144685864448547,0.41660216450691223,0.5926136374473572,-0.05114562064409256,0.7767044305801392,0.4990878999233246,0.6239996552467346,-0.29251524806022644,0.8795504570007324,0.4096676707267761,0.6221876740455627,-0.06219743564724922,0.7278249859809875,0.49007275700569153,0.6263192892074585,-0.3044027090072632,0.8822562098503113,0.41034215688705444,0.6254175901412964,-0.10120018571615219,0.7396544218063354,0.48779967427253723,0.6192438006401062,-0.26592931151390076,0.8606950044631958,0.4140357971191406,0.6165677905082703,-0.0695045068860054,0.7468966841697693,0.5166364312171936,0.5759109854698181,-0.06242327019572258,0.9987852573394775,0.47607702016830444,0.5783801078796387,0.06247878074645996,0.998558759689331,0.5035056471824646,0.7270343899726868,-0.10804372280836105,0.9343836903572083,0.44066792726516724,0.7006083726882935,-0.054946839809417725,0.8021455407142639,0.5004985928535461,0.8620254993438721,0.0633416473865509,0.9195041656494141,0.4474107623100281,0.8325485587120056,0.10491465032100677,0.672552227973938,0.5049176812171936,0.8863338828086853,0.07332667708396912,0.8421536684036255,0.4532293379306793,0.8580760359764099,0.11567970365285873,0.6269964575767517,0.4792662262916565,0.9130112528800964,-0.02905036322772503,0.9082077741622925,0.4216063916683197,0.8799914121627808,0.033576544374227524,0.6552724242210388
yena_fall_normal_15,348,116,11.601576086956522,29.995924466784405,10,0.4525953531265259,0.27214762568473816,-0.26964619755744934,0.9992926120758057,0.45755064487457275,0.2605604827404022,-0.2566070854663849,0.9991961121559143,0.4605063498020172,0.26058489084243774,-0.25666096806526184,0.9990360140800476,0.463998019695282,0.2610049247741699,-0.25668230652809143,0.9992417097091675,0.4491087794303894,0.26193591952323914,-0.25028255581855774,0.9992746710777283,0.4457545578479767,0.26287972927093506,-0.2502821683883667,0.9989531636238098,0.44243940711021423,0.26383841037750244,-0.25028303265571594,0.999203622341156,0.4684373736381531,0.26985713839530945,-0.17025163769721985,0.998713493347168,0.43797537684440613,0.27615055441856384,-0.1428470015525818,0.9986093640327454,0.4582972526550293,0.28972238302230835,-0.23724518716335297,0.9978873133659363,0.4471961557865143,0.28919675946235657,-0.22926156222820282,0.9980480074882507,0.4937171936035156,0.36081066727638245,-0.1510428786277771,0.9967023730278015,0.42655810713768005,0.38192278146743774,-0.02228870987892151,0.997927188873291,0.5031201243400574,0.47058963775634766,-0.1378639042377472,0.9747990369796753,0.42035990953445435,0.4833332896232605,0.0499231182038784,0.8051442503929138,0.49112623929977417,0.5683337450027466,-0.21086947619915009,0.9223184585571289,0.40197432041168213,0.5767794847488403,-0.0414077565073967,0.7832260727882385,0.49313825368881226,0.6008402705192566,-0.24261720478534698,0.890132486820221,0.39431729912757874,0.6037445068359375,-0.05636041983962059,0.7337985634803772,0.4845704734325409,0.5992580056190491,-0.2602211833000183,0.8925983309745789,0.3948182463645935,0.6051845550537109,-0.09727425873279572,0.7465311288833618,0.4825248718261719,0.5923572182655334,-0.21787065267562866,0.8723663687705994,0.39808177947998047,0.5975354313850403,-0.06023675203323364,0.7527670860290527,0.5053414702415466,0.5772894024848938,-0.03605349361896515,0.9988940358161926,0.4601053297519684,0.5829727053642273,0.03607631474733353,0.9986872673034668,0.5051847100257874,0.7387097477912903,-0.04426801577210426,0.9402929544448853,0.436972051858902,0.7211997509002686,-0.008123403415083885,0.8201169967651367,0.5026758909225464,0.8732525706291199,0.15974579751491547,0.9263238906860352,0.4088851809501648,0.8688576221466064,0.13443541526794434,0.7039487957954407,0.5018743276596069,0.8869621157646179,0.17269977927207947,0.8429822325706482,0.40803852677345276,0.8981655836105347,0.140204057097435,0.6573303937911987,0.49739786982536316,0.9186030626296997,0.06873969733715057,0.9151102304458618,0.3783676028251648,0.9068103432655334,0.04425796493887901,0.6879380345344543
yena_fall_normal_15,351,117,11.701589673913043,29.995924466784405,10,0.44980353116989136,0.26920169591903687,-0.21780042350292206,0.9993515610694885,0.4550441801548004,0.25937002897262573,-0.20637322962284088,0.9992480874061584,0.45765408873558044,0.2594441771507263,-0.20645053684711456,0.9991008639335632,0.46079814434051514,0.259573757648468,-0.20649868249893188,0.9992917776107788,0.445881187915802,0.2589041292667389,-0.20120477676391602,0.9993098974227905,0.44267258048057556,0.2591196894645691,-0.20120550692081451,0.9990132451057434,0.4395168721675873,0.2596993148326874,-0.2012195587158203,0.9992422461509705,0.46506965160369873,0.2680189609527588,-0.12649056315422058,0.9988159537315369,0.4351629316806793,0.269774466753006,-0.10318295657634735,0.9986525774002075,0.45587867498397827,0.2873043417930603,-0.18733517825603485,0.9980916976928711,0.4441698491573334,0.2864735424518585,-0.18066665530204773,0.9982312917709351,0.4896550178527832,0.35876956582069397,-0.10649553686380386,0.9970295429229736,0.415767639875412,0.37301331758499146,0.000504088238812983,0.9981096982955933,0.5073122382164001,0.4567156434059143,-0.10037372261285782,0.9768180251121521,0.40693339705467224,0.47623154520988464,0.06670740246772766,0.8077058792114258,0.49142754077911377,0.5500880479812622,-0.186544269323349,0.9286567568778992,0.3904390037059784,0.565906286239624,-0.015856198966503143,0.7906628847122192,0.49034303426742554,0.5837711691856384,-0.21912895143032074,0.8982368111610413,0.3813037574291229,0.5918083786964417,-0.033319536596536636,0.7409064769744873,0.4810958802700043,0.5768101215362549,-0.23520542681217194,0.9004624485969543,0.38271284103393555,0.5929504036903381,-0.0720307007431984,0.7540474534034729,0.4800405204296112,0.5675554275512695,-0.19338279962539673,0.8810574412345886,0.38670483231544495,0.5848055481910706,-0.0339026115834713,0.7596431970596313,0.4877117872238159,0.5814741253852844,-0.032200928777456284,0.9989778399467468,0.44160354137420654,0.58984375,0.032243069261312485,0.9987717866897583,0.5037792921066284,0.7466418743133545,-0.04474439471960068,0.9436643719673157,0.433288037776947,0.7410829067230225,0.03459792584180832,0.8317826986312866,0.5050467848777771,0.8826027512550354,0.1245885044336319,0.9278472661972046,0.4085802733898163,0.889370858669281,0.18735693395137787,0.7271875739097595,0.5025861859321594,0.894181489944458,0.13450424373149872,0.8115144968032837,0.40961360931396484,0.9101071953773499,0.19617155194282532,0.6698483824729919,0.5033233761787415,0.9213472604751587,0.032681141048669815,0.9132250547409058,0.38619890809059143,0.9249623417854309,0.10124550759792328,0.7108449339866638
yena_fall_normal_15,354,118,11.801603260869564,29.995924466784405,10,0.4443892240524292,0.2669098973274231,-0.17135319113731384,0.9993914365768433,0.4506693482398987,0.2558881342411041,-0.16004039347171783,0.99925297498703,0.45417308807373047,0.25620147585868835,-0.16011753678321838,0.9991216659545898,0.4567084014415741,0.2564004361629486,-0.1601727306842804,0.9993025660514832,0.4403698146343231,0.255654513835907,-0.1547512412071228,0.9992895126342773,0.43724319338798523,0.2557748258113861,-0.15472371876239777,0.9990048408508301,0.43400806188583374,0.25633302330970764,-0.15475110709667206,0.9992139935493469,0.4616556465625763,0.2648809552192688,-0.08440718799829483,0.9988714456558228,0.431108295917511,0.2650352418422699,-0.05822571739554405,0.9985643625259399,0.4514935612678528,0.28678274154663086,-0.14223232865333557,0.9982675909996033,0.43875834345817566,0.2858426868915558,-0.13483597338199615,0.9983792304992676,0.4854096472263336,0.3594401180744171,-0.06644986569881439,0.9973232746124268,0.40902242064476013,0.3642175495624542,0.0273076631128788,0.9982744455337524,0.503865122795105,0.4524941146373749,-0.06271501630544662,0.9774300456047058,0.39595121145248413,0.466612309217453,0.09351079165935516,0.815257728099823,0.4915081262588501,0.5413526892662048,-0.1591459959745407,0.9315819144248962,0.38306814432144165,0.5586047172546387,0.025151442736387253,0.8021693825721741,0.4908786714076996,0.5693042278289795,-0.19059769809246063,0.9020894765853882,0.37713557481765747,0.5864244103431702,0.005232363007962704,0.7531424760818481,0.48144906759262085,0.5651592016220093,-0.21095825731754303,0.9041809439659119,0.37960684299468994,0.5870606899261475,-0.02809121459722519,0.7662232518196106,0.480855256319046,0.5564687252044678,-0.16833724081516266,0.8849313259124756,0.3830362856388092,0.5777859091758728,0.009197259321808815,0.7711109519004822,0.4746280014514923,0.5843187570571899,-0.03102818876504898,0.9990341663360596,0.4269925355911255,0.5911880731582642,0.031063856557011604,0.9988246560096741,0.4893976151943207,0.7514151930809021,-0.05169159546494484,0.9450695514678955,0.42863279581069946,0.7483929991722107,0.03828826919198036,0.8382856249809265,0.5049536228179932,0.8817620873451233,0.12297826260328293,0.9203260540962219,0.418258935213089,0.886298656463623,0.20700809359550476,0.7386043667793274,0.5032780170440674,0.8920301198959351,0.13394859433174133,0.7554563879966736,0.42703157663345337,0.9047754406929016,0.21873052418231964,0.666401207447052,0.4994668960571289,0.9219591617584229,0.02791142277419567,0.893157422542572,0.401568740606308,0.9188194870948792,0.12580369412899017,0.7202531099319458
yena_fall_normal_15,357,119,11.901616847826087,29.995924466784405,10,0.4418124854564667,0.2680904269218445,-0.15875892341136932,0.9994415640830994,0.447990745306015,0.25644779205322266,-0.14578649401664734,0.9992930889129639,0.4516649842262268,0.2572234272956848,-0.1458449512720108,0.9991744160652161,0.45418688654899597,0.25800207257270813,-0.14587704837322235,0.9993375539779663,0.43765968084335327,0.2551650404930115,-0.14317499101161957,0.9993259906768799,0.4346323311328888,0.25527283549308777,-0.14315089583396912,0.9990637302398682,0.43110281229019165,0.2557738125324249,-0.14316219091415405,0.9992506504058838,0.45851242542266846,0.2663193643093109,-0.06951986998319626,0.9989373683929443,0.428314745426178,0.26584187150001526,-0.05597486346960068,0.9986281991004944,0.44846710562705994,0.2874838411808014,-0.1302308291196823,0.9984265565872192,0.4355958104133606,0.28675127029418945,-0.1263631284236908,0.9985204935073853,0.4810997247695923,0.36303651332855225,-0.043196119368076324,0.9975835084915161,0.4046379625797272,0.36153632402420044,0.008051023818552494,0.9984332323074341,0.49554765224456787,0.45859411358833313,-0.03309677913784981,0.9774192571640015,0.38847413659095764,0.4643116593360901,0.06134116277098656,0.826066792011261,0.49263760447502136,0.5398781895637512,-0.12087614089250565,0.9335803985595703,0.3741857707500458,0.5505130290985107,0.0009646278340369463,0.8145260214805603,0.49395450949668884,0.5673304200172424,-0.14791569113731384,0.9040235877037048,0.3680156469345093,0.5783346891403198,-0.004200019408017397,0.7661217451095581,0.4896361231803894,0.5644989609718323,-0.17087817192077637,0.9061429500579834,0.3712002635002136,0.5790992379188538,-0.05054276064038277,0.7789211869239807,0.48786887526512146,0.5560960173606873,-0.1319187730550766,0.8874987959861755,0.37495309114456177,0.5695635676383972,-0.01708356849849224,0.7835411429405212,0.4682844281196594,0.5845112204551697,-0.019176550209522247,0.999042272567749,0.4203086197376251,0.5898596048355103,0.019217519089579582,0.9988778829574585,0.477266401052475,0.7452549934387207,-0.00972019787877798,0.9480661749839783,0.42296668887138367,0.7469902038574219,0.03170789033174515,0.8502352833747864,0.49607977271080017,0.8799579739570618,0.11516635864973068,0.919874906539917,0.41902822256088257,0.8831622004508972,0.16002598404884338,0.757231593132019,0.4954521954059601,0.8921650052070618,0.12173476070165634,0.7266780138015747,0.4261046051979065,0.9015257954597473,0.1663224697113037,0.674295961856842,0.4984176754951477,0.912074863910675,0.021987799555063248,0.8851332664489746,0.3999631106853485,0.9170783162117004,0.07474260777235031,0.7362387180328369
yena_fall_normal_15,360,120,12.001630434782609,29.995924466784405,10,0.43963387608528137,0.26830071210861206,-0.13253797590732574,0.9994944930076599,0.44605752825737,0.25658565759658813,-0.11794937402009964,0.9993566274642944,0.44940057396888733,0.2573716938495636,-0.1180325597524643,0.9992493391036987,0.45174869894981384,0.25818899273872375,-0.1180814579129219,0.9993966221809387,0.4354110062122345,0.25576290488243103,-0.11742261797189713,0.9993829131126404,0.4321286380290985,0.2558700740337372,-0.11741451174020767,0.9991434216499329,0.4287363290786743,0.2564111351966858,-0.11739027500152588,0.9993093013763428,0.45657235383987427,0.2678190767765045,-0.03624037653207779,0.9990344047546387,0.4254540801048279,0.2670328915119171,-0.034873731434345245,0.9987322688102722,0.44637852907180786,0.2877329885959625,-0.1024254634976387,0.9985783100128174,0.4333222508430481,0.2870216369628906,-0.10205890983343124,0.9986578822135925,0.476511150598526,0.36504364013671875,-0.010151674970984459,0.9978213906288147,0.4014502465724945,0.3622019290924072,0.013832414522767067,0.9985662698745728,0.492019921541214,0.46070724725723267,-0.01953176036477089,0.9775364398956299,0.38657745718955994,0.46130773425102234,0.0013596054632216692,0.8260993957519531,0.5046164989471436,0.5337377190589905,-0.11883258819580078,0.9383329749107361,0.3615323603153229,0.49997299909591675,-0.13181369006633759,0.8252434134483337,0.5126115679740906,0.556816041469574,-0.14551256597042084,0.9103384017944336,0.3530019223690033,0.5146158933639526,-0.16111427545547485,0.7804201245307922,0.5093318819999695,0.5535305738449097,-0.16928108036518097,0.9124847650527954,0.3531626760959625,0.5122144222259521,-0.19036035239696503,0.7930779457092285,0.5052515268325806,0.5460480451583862,-0.13094286620616913,0.895331859588623,0.356569766998291,0.5070326924324036,-0.1489248424768448,0.7972589135169983,0.4615193009376526,0.5849466919898987,-0.0077936844900250435,0.9991127848625183,0.41346701979637146,0.5903462767601013,0.007822112180292606,0.9989573955535889,0.4714866578578949,0.7472200393676758,-0.005587687715888023,0.9514539241790771,0.41841572523117065,0.7468168139457703,0.01840035803616047,0.8628852367401123,0.4916549623012543,0.8791289329528809,0.11492274701595306,0.9223340153694153,0.4144829213619232,0.8833831548690796,0.14086924493312836,0.7777687311172485,0.4895845949649811,0.8922903537750244,0.12129681557416916,0.7250556945800781,0.4208197295665741,0.9001317024230957,0.14753295481204987,0.6829880475997925,0.5038119554519653,0.9120982885360718,0.030364153906702995,0.8873653411865234,0.3984261751174927,0.9161877632141113,0.05731429159641266,0.7561067342758179
yena_fall_normal_15,363,121,12.10164402173913,29.995924466784405,10,0.4375703036785126,0.2697324752807617,-0.14626039564609528,0.9995445609092712,0.44386541843414307,0.25808238983154297,-0.13059855997562408,0.9994199275970459,0.4475457966327667,0.25883540511131287,-0.13068945705890656,0.9993233680725098,0.44978758692741394,0.25960657000541687,-0.13074250519275665,0.9994559288024902,0.43328657746315,0.2570127248764038,-0.12979456782341003,0.999442994594574,0.4302268922328949,0.25699830055236816,-0.12977144122123718,0.9992268681526184,0.42680200934410095,0.2574537694454193,-0.1297084540128708,0.9993757009506226,0.4544210433959961,0.2690390348434448,-0.04222450032830238,0.999129593372345,0.4235047698020935,0.26825177669525146,-0.03969932720065117,0.9988537430763245,0.44404712319374084,0.28909963369369507,-0.11386103928089142,0.9987196922302246,0.4309965968132019,0.28832221031188965,-0.11301212012767792,0.9987906217575073,0.4748590886592865,0.36586853861808777,-0.008640757761895657,0.9980378746986389,0.3985729217529297,0.3610439598560333,0.017520863562822342,0.998694121837616,0.49094727635383606,0.46141377091407776,-0.03211401402950287,0.9784507751464844,0.3827928304672241,0.46309781074523926,-0.021764397621154785,0.8371936082839966,0.5043749213218689,0.5082895159721375,-0.1661193072795868,0.943425178527832,0.3598140478134155,0.444412499666214,-0.2115192711353302,0.8410016298294067,0.5115587711334229,0.5269827246665955,-0.201765775680542,0.9172613620758057,0.3505673110485077,0.4426157772541046,-0.251590371131897,0.8000518083572388,0.5086977481842041,0.5201015472412109,-0.22518290579319,0.9193860292434692,0.35154828429222107,0.4320063591003418,-0.27070796489715576,0.8116885423660278,0.5048754215240479,0.5130248665809631,-0.17933885753154755,0.9036687612533569,0.35413435101509094,0.4322938024997711,-0.22564473748207092,0.815051257610321,0.4570731818675995,0.5831490159034729,-0.003253333969041705,0.9991872310638428,0.4085772633552551,0.588460385799408,0.003327383426949382,0.9990337491035461,0.4710223972797394,0.7430005669593811,-0.015101715922355652,0.9555898308753967,0.4169725775718689,0.7442342042922974,0.025390805676579475,0.8756426572799683,0.48899510502815247,0.870024561882019,0.1230492889881134,0.9273834824562073,0.41463011503219604,0.8686825037002563,0.2020551860332489,0.7970401644706726,0.4865403473377228,0.8869107365608215,0.13164860010147095,0.73853999376297,0.4198976159095764,0.8791955709457397,0.2152414470911026,0.6947584748268127,0.5040212869644165,0.9064808487892151,0.03827153518795967,0.8938905000686646,0.4093931317329407,0.9075928926467896,0.1285104751586914,0.7752302289009094
yena_fall_normal_15,366,122,12.201657608695651,29.995924466784405,10,0.4374021291732788,0.2705255150794983,-0.12423299998044968,0.9995850920677185,0.44374626874923706,0.2593277394771576,-0.11023979634046555,0.9994683861732483,0.44683393836021423,0.2599252164363861,-0.11029697954654694,0.999379575252533,0.4494667053222656,0.2605724036693573,-0.11035701632499695,0.9994969964027405,0.4327370226383209,0.2583172023296356,-0.10836836695671082,0.9994897842407227,0.42926380038261414,0.2585321068763733,-0.10832366347312927,0.9992921352386475,0.4257625341415405,0.25906234979629517,-0.10827166587114334,0.9994255304336548,0.4541865885257721,0.26938632130622864,-0.024635041132569313,0.9992052316665649,0.42202967405319214,0.26850780844688416,-0.015754802152514458,0.9989544153213501,0.4437304139137268,0.2899683117866516,-0.09139139205217361,0.998841404914856,0.43062299489974976,0.28944528102874756,-0.08897721767425537,0.9989057779312134,0.4722394645214081,0.36404189467430115,0.00354554271325469,0.9982253909111023,0.3983238935470581,0.35981109738349915,0.040338627994060516,0.9988158941268921,0.4825485944747925,0.4611515402793884,-0.05583466589450836,0.9792667627334595,0.38272449374198914,0.45783600211143494,-0.02967202104628086,0.8499892354011536,0.4485621750354767,0.447242796421051,-0.18610426783561707,0.9476523995399475,0.40335142612457275,0.4478076100349426,-0.1929323971271515,0.8552260398864746,0.4388960003852844,0.4411419630050659,-0.22308488190174103,0.922529399394989,0.4109240472316742,0.4394876956939697,-0.22819799184799194,0.8167887926101685,0.43866556882858276,0.4257107079029083,-0.22379855811595917,0.9243108630180359,0.41210880875587463,0.42316529154777527,-0.23050154745578766,0.8269988894462585,0.440645694732666,0.42762359976768494,-0.18838447332382202,0.9087910056114197,0.4112607538700104,0.4270162880420685,-0.19741033017635345,0.8287745714187622,0.45643436908721924,0.5819947719573975,-0.005521449260413647,0.999220073223114,0.40539005398750305,0.5806821584701538,0.0059946272522211075,0.9990979433059692,0.46983572840690613,0.7400323152542114,-0.012764442712068558,0.9582011103630066,0.41583386063575745,0.7396257519721985,0.03268483653664589,0.8861038088798523,0.488224059343338,0.866551399230957,0.11874482780694962,0.9274939894676208,0.4156785011291504,0.8690282106399536,0.19914023578166962,0.8133809566497803,0.4843626320362091,0.8836054801940918,0.12436164915561676,0.7414687275886536,0.4208854138851166,0.8858891129493713,0.2045322060585022,0.7107383012771606,0.5033957362174988,0.9034701585769653,0.03347060829401016,0.8901526927947998,0.400386244058609,0.9070706963539124,0.12256379425525665,0.7885221838951111
