sample_id,frame_idx,pose_idx,time_sec,original_fps,target_fps,kp_0_x,kp_0_y,kp_0_z,kp_0_visibility,kp_1_x,kp_1_y,kp_1_z,kp_1_visibility,kp_2_x,kp_2_y,kp_2_z,kp_2_visibility,kp_3_x,kp_3_y,kp_3_z,kp_3_visibility,kp_4_x,kp_4_y,kp_4_z,kp_4_visibility,kp_5_x,kp_5_y,kp_5_z,kp_5_visibility,kp_6_x,kp_6_y,kp_6_z,kp_6_visibility,kp_7_x,kp_7_y,kp_7_z,kp_7_visibility,kp_8_x,kp_8_y,kp_8_z,kp_8_visibility,kp_9_x,kp_9_y,kp_9_z,kp_9_visibility,kp_10_x,kp_10_y,kp_10_z,kp_10_visibility,kp_11_x,kp_11_y,kp_11_z,kp_11_visibility,kp_12_x,kp_12_y,kp_12_z,kp_12_visibility,kp_13_x,kp_13_y,kp_13_z,kp_13_visibility,kp_14_x,kp_14_y,kp_14_z,kp_14_visibility,kp_15_x,kp_15_y,kp_15_z,kp_15_visibility,kp_16_x,kp_16_y,kp_16_z,kp_16_visibility,kp_17_x,kp_17_y,kp_17_z,kp_17_visibility,kp_18_x,kp_18_y,kp_18_z,kp_18_visibility,kp_19_x,kp_19_y,kp_19_z,kp_19_visibility,kp_20_x,kp_20_y,kp_20_z,kp_20_visibility,kp_21_x,kp_21_y,kp_21_z,kp_21_visibility,kp_22_x,kp_22_y,kp_22_z,kp_22_visibility,kp_23_x,kp_23_y,kp_23_z,kp_23_visibility,kp_24_x,kp_24_y,kp_24_z,kp_24_visibility,kp_25_x,kp_25_y,kp_25_z,kp_25_visibility,kp_26_x,kp_26_y,kp_26_z,kp_26_visibility,kp_27_x,kp_27_y,kp_27_z,kp_27_visibility,kp_28_x,kp_28_y,kp_28_z,kp_28_visibility,kp_29_x,kp_29_y,kp_29_z,kp_29_visibility,kp_30_x,kp_30_y,kp_30_z,kp_30_visibility,kp_31_x,kp_31_y,kp_31_z,kp_31_visibility,kp_32_x,kp_32_y,kp_32_z,kp_32_visibility
sujin_stand_normal_10,0,0,0.0,29.99608406213288,10,0.31884220242500305,0.7272998094558716,-0.08987585455179214,0.9987727999687195,0.3166503608226776,0.7372922301292419,-0.07474004477262497,0.9976205229759216,0.3149298131465912,0.7364470958709717,-0.07477641105651855,0.9973981380462646,0.31238386034965515,0.7354431748390198,-0.07480257004499435,0.9976473450660706,0.3230033218860626,0.7389663457870483,-0.07831211388111115,0.9970327615737915,0.32540151476860046,0.7393451929092407,-0.07830659300088882,0.9962924122810364,0.3284316956996918,0.7395922541618347,-0.0783153846859932,0.9968174695968628,0.3095068633556366,0.7275745868682861,0.015235058031976223,0.9950863718986511,0.3348636031150818,0.7313833236694336,-0.001466603484004736,0.9953585267066956,0.3160037398338318,0.7135337591171265,-0.05531562492251396,0.998206615447998,0.32480937242507935,0.7155330181121826,-0.06012939289212227,0.9980772733688354,0.2930133044719696,0.6625361442565918,0.05279695242643356,0.9997251629829407,0.35414665937423706,0.6616936922073364,0.03751629963517189,0.9991063475608826,0.2790932357311249,0.5790777802467346,-0.02433309331536293,0.9530842304229736,0.35625335574150085,0.5781562328338623,-0.02382327988743782,0.9671895503997803,0.31286561489105225,0.6359887719154358,-0.16084715723991394,0.9620391130447388,0.3253916800022125,0.6409285068511963,-0.12880831956863403,0.9698067307472229,0.31613340973854065,0.6567254066467285,-0.19231544435024261,0.9192630648612976,0.3168122470378876,0.657680869102478,-0.1562473177909851,0.9271677732467651,0.3179340660572052,0.6645185351371765,-0.18430563807487488,0.9149268269538879,0.3184262812137604,0.6666315197944641,-0.15172125399112701,0.9200572371482849,0.3185274302959442,0.6598555445671082,-0.16082067787647247,0.8858855366706848,0.32127273082733154,0.6625744104385376,-0.12884506583213806,0.8881458640098572,0.3022535443305969,0.5004363656044006,0.003583962796255946,0.9994329810142517,0.34044578671455383,0.49682509899139404,-0.0034383712336421013,0.9982024431228638,0.3056718707084656,0.3389468193054199,-0.06166864559054375,0.9390103816986084,0.3420048654079437,0.3533470332622528,-0.013720882125198841,0.8634718060493469,0.3070127069950104,0.19228467345237732,0.008827943354845047,0.895630419254303,0.33687564730644226,0.23637527227401733,0.15544581413269043,0.6629213690757751,0.310123085975647,0.18369486927986145,0.0115021588280797,0.603501558303833,0.334320992231369,0.22394263744354248,0.1684322953224182,0.33966514468193054,0.30431804060935974,0.14398464560508728,-0.09318286925554276,0.8688050508499146,0.333456426858902,0.18919435143470764,0.08470503985881805,0.6582906246185303
sujin_stand_normal_10,3,1,0.1000130548302872,29.99608406213288,10,0.3191037178039551,0.7276902794837952,-0.11140667647123337,0.9988031387329102,0.3167063891887665,0.7372965216636658,-0.09618930518627167,0.9977083206176758,0.3149299919605255,0.7364859580993652,-0.09622479230165482,0.9974806904792786,0.3123570382595062,0.7355669736862183,-0.09624220430850983,0.9977079033851624,0.32322123646736145,0.7389093637466431,-0.09897104650735855,0.9971528649330139,0.3255715072154999,0.7391552925109863,-0.09896893054246902,0.9964513778686523,0.3286726176738739,0.7391931414604187,-0.09898874908685684,0.9969643950462341,0.3094991147518158,0.7283788919448853,-0.005383534822613001,0.9952651858329773,0.3345341384410858,0.731285572052002,-0.018095530569553375,0.9956154227256775,0.31602826714515686,0.7138396501541138,-0.0768975019454956,0.9982897043228149,0.3248095214366913,0.7156239151954651,-0.08052641898393631,0.9981951117515564,0.2921033203601837,0.6619516015052795,0.04018883407115936,0.9996917843818665,0.3533397316932678,0.6607863306999207,0.02171308360993862,0.9991185069084167,0.2788933217525482,0.579171359539032,-0.039216503500938416,0.9505523443222046,0.3620486259460449,0.5780017971992493,-0.03169390186667442,0.968124508857727,0.309420645236969,0.6098555326461792,-0.20521260797977448,0.958391547203064,0.3259471356868744,0.611585795879364,-0.13202880322933197,0.9680018424987793,0.31396088004112244,0.6217314600944519,-0.24256953597068787,0.9130403995513916,0.31681230664253235,0.621839165687561,-0.15871642529964447,0.9226145148277283,0.31487271189689636,0.6328875422477722,-0.23777569830417633,0.9088396430015564,0.31791242957115173,0.6314522624015808,-0.15666118264198303,0.9151987433433533,0.3146436810493469,0.6308944821357727,-0.20781980454921722,0.8781188726425171,0.32055944204330444,0.6294480562210083,-0.1324058473110199,0.8822416663169861,0.30365052819252014,0.4988502860069275,0.004434011410921812,0.9992751479148865,0.34098735451698303,0.4947647154331207,-0.00433072866871953,0.998050332069397,0.30635866522789,0.34054428339004517,-0.03760978952050209,0.9343801736831665,0.3423321843147278,0.35409781336784363,-0.023912811651825905,0.8648256063461304,0.31023648381233215,0.21036304533481598,0.086585633456707,0.8898472785949707,0.33648788928985596,0.23134839534759521,0.11474893242120743,0.674958348274231,0.3138445019721985,0.19583596289157867,0.09387939423322678,0.5953941345214844,0.3343040347099304,0.21976801753044128,0.12325624376535416,0.3480514585971832,0.30730345845222473,0.16659215092658997,-0.010517078451812267,0.8621800541877747,0.3330453038215637,0.18880242109298706,0.01675800234079361,0.6670643091201782
sujin_stand_normal_10,6,2,0.2000261096605744,29.99608406213288,10,0.31974712014198303,0.7278121113777161,-0.13224142789840698,0.9987291097640991,0.31675705313682556,0.7375229597091675,-0.11704404652118683,0.997593104839325,0.3149533271789551,0.7368855476379395,-0.11708687990903854,0.9973347187042236,0.31236881017684937,0.7361666560173035,-0.11711180210113525,0.9975244998931885,0.32350394129753113,0.7388998866081238,-0.12077363580465317,0.9971199035644531,0.3261317014694214,0.73907870054245,-0.12078388780355453,0.9964738488197327,0.32924944162368774,0.7389264702796936,-0.1208271011710167,0.9970035552978516,0.3094974160194397,0.7288420796394348,-0.026973208412528038,0.99486243724823,0.33443933725357056,0.7310249209403992,-0.04336937889456749,0.995815634727478,0.3161781132221222,0.7139925956726074,-0.09811992943286896,0.9983090758323669,0.3250390589237213,0.7156720757484436,-0.1027829572558403,0.9982885122299194,0.29188811779022217,0.6581792831420898,0.024492790922522545,0.999622642993927,0.353156179189682,0.6592314839363098,-0.00911575835198164,0.9991617202758789,0.2827591300010681,0.5765532851219177,-0.03061976470053196,0.9228337407112122,0.3655977249145508,0.5763208270072937,-0.050360631197690964,0.9697407484054565,0.30073419213294983,0.5722513198852539,-0.1871909499168396,0.9217219352722168,0.32793667912483215,0.5727583169937134,-0.144756019115448,0.9664079546928406,0.30886703729629517,0.5709864497184753,-0.22017453610897064,0.8770405650138855,0.3167652189731598,0.5676232576370239,-0.17282475531101227,0.9200899004936218,0.3104279935359955,0.5839380025863647,-0.2202044427394867,0.8741841316223145,0.3156159818172455,0.5769646167755127,-0.1775180846452713,0.9129208922386169,0.3095441162586212,0.5873708128929138,-0.18801836669445038,0.8415436148643494,0.31844109296798706,0.5794761180877686,-0.14725767076015472,0.8795076608657837,0.30403584241867065,0.48561158776283264,0.006085122469812632,0.9992138743400574,0.34109482169151306,0.48777803778648376,-0.00598817877471447,0.9979987144470215,0.3066091537475586,0.34024783968925476,-0.03626551479101181,0.9340925216674805,0.3424009680747986,0.3509804904460907,0.009822347201406956,0.865029513835907,0.30981194972991943,0.201702281832695,0.05696656182408333,0.8927994966506958,0.3361841142177582,0.23072810471057892,0.1561524122953415,0.6850960850715637,0.3132665753364563,0.19182053208351135,0.06026730313897133,0.5956249237060547,0.33405351638793945,0.21954768896102905,0.16440336406230927,0.3531109094619751,0.3071548044681549,0.15411017835140228,-0.04886871948838234,0.8636234998703003,0.3321939706802368,0.18701277673244476,0.03916236385703087,0.6780156493186951
sujin_stand_normal_10,9,3,0.30003916449086165,29.99608406213288,10,0.3200890123844147,0.7283374071121216,-0.15223124623298645,0.9988292455673218,0.31678634881973267,0.7376928925514221,-0.13634762167930603,0.9977794885635376,0.3149557113647461,0.7371086478233337,-0.13639500737190247,0.9975409507751465,0.3123595118522644,0.7364619970321655,-0.13641825318336487,0.9977095127105713,0.3237416446208954,0.7389041781425476,-0.13922138512134552,0.9973477721214294,0.3265460431575775,0.7390563488006592,-0.13922648131847382,0.9967622756958008,0.3296911120414734,0.7388460636138916,-0.1392534226179123,0.9972428679466248,0.30940523743629456,0.7292613983154297,-0.04517947882413864,0.9952611327171326,0.3344404995441437,0.7310081720352173,-0.05854443460702896,0.9961702227592468,0.3161933124065399,0.7143533229827881,-0.11789156496524811,0.9984549880027771,0.3254550099372864,0.7158432602882385,-0.12167009711265564,0.9984392523765564,0.2911054491996765,0.6579160690307617,0.006554588209837675,0.999649167060852,0.3528742492198944,0.6586953401565552,-0.016146467998623848,0.9992157816886902,0.28267067670822144,0.5757936239242554,-0.015996480360627174,0.9248998165130615,0.3641575872898102,0.5747911930084229,-0.046303387731313705,0.9705427289009094,0.30203357338905334,0.5393552184104919,-0.14235106110572815,0.9225544929504395,0.3286455571651459,0.5403245687484741,-0.12712223827838898,0.9648863673210144,0.3081423044204712,0.521298885345459,-0.17809288203716278,0.8782500624656677,0.31735458970069885,0.5235618948936462,-0.15708772838115692,0.9192247986793518,0.31128910183906555,0.5292422771453857,-0.19400958716869354,0.8759873509407043,0.31520888209342957,0.5294772386550903,-0.16951815783977509,0.9126192331314087,0.31078389286994934,0.5358618497848511,-0.15086010098457336,0.8437874913215637,0.3175908327102661,0.5353583693504333,-0.134176567196846,0.87957364320755,0.30386701226234436,0.48659276962280273,0.004431384615600109,0.9992116093635559,0.34086665511131287,0.4880705177783966,-0.004322347696870565,0.9980289936065674,0.30659863352775574,0.33789393305778503,-0.0346745140850544,0.9289340376853943,0.34227630496025085,0.34955134987831116,0.00129118247423321,0.8604039549827576,0.30960729718208313,0.2010539472103119,0.046738676726818085,0.8861027956008911,0.33564719557762146,0.22840048372745514,0.11225894093513489,0.6887590885162354,0.3130185306072235,0.1848687082529068,0.049077220261096954,0.5854751467704773,0.33335351943969727,0.21550361812114716,0.11778188496828079,0.35587558150291443,0.30698397755622864,0.1532563716173172,-0.055781591683626175,0.8554238080978394,0.33209893107414246,0.18529769778251648,0.017181312665343285,0.6809708476066589
sujin_stand_normal_10,12,4,0.4000522193211488,29.99608406213288,10,0.32034870982170105,0.7284544706344604,-0.2371916025876999,0.9989352822303772,0.3167852759361267,0.7377018928527832,-0.22322127223014832,0.9979674220085144,0.3149223327636719,0.7371212840080261,-0.2232399880886078,0.9977472424507141,0.3122760057449341,0.736481249332428,-0.223270446062088,0.9978933334350586,0.32384639978408813,0.7388663291931152,-0.2261718213558197,0.9975806474685669,0.32678985595703125,0.7389123439788818,-0.22620327770709991,0.9970552325248718,0.3299379050731659,0.7386074662208557,-0.22623877227306366,0.9974897503852844,0.3092398941516876,0.7292628884315491,-0.13309568166732788,0.9956254363059998,0.3344413638114929,0.7308253645896912,-0.1471041738986969,0.9965149164199829,0.31624433398246765,0.714360773563385,-0.20223598182201385,0.9985909461975098,0.3259521722793579,0.7158411145210266,-0.20628009736537933,0.9985785484313965,0.2910265028476715,0.6578481793403625,-0.05461837351322174,0.9996640086174011,0.352782279253006,0.6583311557769775,-0.09016788750886917,0.9992707967758179,0.28488460183143616,0.5718348026275635,-0.016096163541078568,0.9243888258934021,0.36005479097366333,0.5692156553268433,-0.06546474248170853,0.9715170860290527,0.3028980493545532,0.5139837265014648,-0.09854547679424286,0.9169442057609558,0.33068808913230896,0.509610116481781,-0.13194268941879272,0.9640510678291321,0.30881214141845703,0.4947696328163147,-0.12210381776094437,0.8685385584831238,0.3214312791824341,0.4921824634075165,-0.15855829417705536,0.9192434549331665,0.3118232190608978,0.502718985080719,-0.13995361328125,0.8670058846473694,0.3163089156150818,0.5027827024459839,-0.1744273453950882,0.9133055806159973,0.3113372027873993,0.5093963146209717,-0.1070842295885086,0.8346819877624512,0.31801971793174744,0.5088182091712952,-0.13946594297885895,0.8813669681549072,0.303986519575119,0.4885985255241394,0.0035526598803699017,0.9991669654846191,0.34081488847732544,0.4883718490600586,-0.003512687049806118,0.9980432987213135,0.3061136305332184,0.34362325072288513,-0.03729914128780365,0.9121168255805969,0.34218838810920715,0.35436227917671204,-0.010086546652019024,0.8398292064666748,0.30867356061935425,0.20827244222164154,0.040334828197956085,0.8668842315673828,0.3353208899497986,0.22889859974384308,0.08665844798088074,0.680043637752533,0.3115658462047577,0.19090619683265686,0.043103642761707306,0.560653805732727,0.3333093523979187,0.21601444482803345,0.09174862504005432,0.35088664293289185,0.3073374629020691,0.1615898311138153,-0.059056606143713,0.8355617523193359,0.33132144808769226,0.18568859994411469,-0.002929162234067917,0.6737762689590454
sujin_stand_normal_10,15,5,0.5000652741514361,29.99608406213288,10,0.3206581771373749,0.7284929752349854,-0.28536948561668396,0.999031126499176,0.31678566336631775,0.7376940250396729,-0.271594375371933,0.9981400966644287,0.31490129232406616,0.7371163368225098,-0.27159783244132996,0.9979357123374939,0.3122110366821289,0.7364780306816101,-0.27163398265838623,0.998062789440155,0.32398539781570435,0.7387828230857849,-0.27501145005226135,0.9977959394454956,0.3270679712295532,0.7387394309043884,-0.27506160736083984,0.99732506275177,0.33017829060554504,0.7383849024772644,-0.275104820728302,0.9977194666862488,0.30908533930778503,0.7292419672012329,-0.17730841040611267,0.99595707654953,0.33444225788116455,0.7306241393089294,-0.19320426881313324,0.9968341588973999,0.3163160979747772,0.7143610119819641,-0.2484770268201828,0.9987105131149292,0.3264264464378357,0.7158434391021729,-0.25313249230384827,0.9987034201622009,0.2909840941429138,0.657214343547821,-0.08901038020849228,0.999651312828064,0.35275277495384216,0.6566138863563538,-0.1320769339799881,0.9993165731430054,0.2871841788291931,0.5697323679924011,-0.03389141708612442,0.9116845726966858,0.35653239488601685,0.5618957281112671,-0.10487058013677597,0.9711911082267761,0.3013334572315216,0.5046681761741638,-0.10825029015541077,0.8823331594467163,0.331210732460022,0.5012893080711365,-0.1670839637517929,0.9590188264846802,0.3069954514503479,0.48607438802719116,-0.12885721027851105,0.8280163407325745,0.3233046233654022,0.4835382401943207,-0.19172604382038116,0.9125746488571167,0.3103019893169403,0.4923834800720215,-0.1481608748435974,0.8272848725318909,0.317233681678772,0.49216601252555847,-0.20807959139347076,0.9072210192680359,0.3097202181816101,0.4989108145236969,-0.11740226298570633,0.795873761177063,0.3184414803981781,0.4989714026451111,-0.1736840158700943,0.8750079870223999,0.3040371239185333,0.48964723944664,0.0032373652793467045,0.9991368651390076,0.3407145142555237,0.4881449341773987,-0.003240644931793213,0.9980924129486084,0.3059387505054474,0.3435349464416504,-0.030665159225463867,0.9015251994132996,0.34218719601631165,0.35529887676239014,-0.008976011537015438,0.8299618363380432,0.30814188718795776,0.20813363790512085,0.057512156665325165,0.8581454157829285,0.3353216052055359,0.22913309931755066,0.11036625504493713,0.6820565462112427,0.31062036752700806,0.19130247831344604,0.06040714681148529,0.5435450673103333,0.3333360254764557,0.2163485586643219,0.11793693900108337,0.351461261510849,0.307161420583725,0.16002899408340454,-0.04207105189561844,0.825637936592102,0.3315548896789551,0.18658854067325592,0.022812187671661377,0.6770344376564026
sujin_stand_normal_10,18,6,0.6000783289817233,29.99608406213288,10,0.3208375871181488,0.7285683751106262,-0.26368817687034607,0.9991181492805481,0.3167817294597626,0.7376810908317566,-0.24973289668560028,0.9982965588569641,0.31486275792121887,0.7371077537536621,-0.24974727630615234,0.9981069564819336,0.3121248483657837,0.7364689111709595,-0.24978147447109222,0.9982163906097412,0.32405227422714233,0.7387493848800659,-0.25275689363479614,0.9979894161224365,0.32719048857688904,0.7386828660964966,-0.2527972161769867,0.9975672364234924,0.33027827739715576,0.7383270859718323,-0.252834677696228,0.9979245662689209,0.30889809131622314,0.7292347550392151,-0.15736062824726105,0.9962594509124756,0.3344205319881439,0.7305809855461121,-0.1717541515827179,0.9971182942390442,0.3163507282733917,0.7143654227256775,-0.22771510481834412,0.9988198280334473,0.32668447494506836,0.7159066796302795,-0.2319062501192093,0.9988160133361816,0.2907232642173767,0.6573311686515808,-0.07438772171735764,0.9996553659439087,0.35273829102516174,0.6563259363174438,-0.11073453724384308,0.9993556141853333,0.28742578625679016,0.5702205300331116,-0.03309022635221481,0.9087076783180237,0.3554430305957794,0.5612341165542603,-0.08502037823200226,0.9714240431785583,0.30100858211517334,0.5080626010894775,-0.09975516051054001,0.8714171051979065,0.3311467170715332,0.503000795841217,-0.15477004647254944,0.9572532773017883,0.3067401647567749,0.488868772983551,-0.1211811974644661,0.8120517730712891,0.32318639755249023,0.4860394597053528,-0.18022243678569794,0.9110537767410278,0.3102344572544098,0.4947476387023926,-0.14029274880886078,0.8120595812797546,0.3172825872898102,0.495431512594223,-0.19358283281326294,0.9062623977661133,0.30964919924736023,0.5013474822044373,-0.1087903082370758,0.7805124521255493,0.3185461759567261,0.5019375085830688,-0.16027206182479858,0.8745575547218323,0.30403080582618713,0.49083513021469116,0.0020240717567503452,0.9990922212600708,0.3406316041946411,0.4885548949241638,-0.0020572722423821688,0.9981051087379456,0.305781751871109,0.3433245122432709,-0.035162050276994705,0.887492299079895,0.3420334756374359,0.3561217784881592,-0.018867667764425278,0.8162539601325989,0.30736011266708374,0.20964379608631134,0.048662278801202774,0.844224214553833,0.335172176361084,0.2294207662343979,0.08549094945192337,0.6792771816253662,0.30967962741851807,0.192629873752594,0.05140114948153496,0.525840163230896,0.33321741223335266,0.216377392411232,0.09114495664834976,0.3512292206287384,0.3070586025714874,0.16298361122608185,-0.04934830591082573,0.8105565905570984,0.3316083252429962,0.18697410821914673,-0.003926730249077082,0.6741882562637329
sujin_stand_normal_10,21,7,0.7000913838120104,29.99608406213288,10,0.3209476172924042,0.7285742163658142,-0.2649010717868805,0.9991958141326904,0.31677088141441345,0.7376571893692017,-0.25086072087287903,0.9984360337257385,0.31480222940444946,0.7370886206626892,-0.2508738338947296,0.9982591271400452,0.31201717257499695,0.7364532947540283,-0.2509083151817322,0.9983525276184082,0.3240751326084137,0.7386872172355652,-0.2539433240890503,0.998163104057312,0.32722237706184387,0.7385857105255127,-0.25398534536361694,0.9977850914001465,0.3303122818470001,0.7382231950759888,-0.2540247440338135,0.9981092810630798,0.30869853496551514,0.7292123436927795,-0.15846148133277893,0.9965245723724365,0.3343644440174103,0.7305297255516052,-0.17308089137077332,0.9973748922348022,0.3163844645023346,0.7143519520759583,-0.22895975410938263,0.9989165663719177,0.3268299698829651,0.7159103751182556,-0.23322096467018127,0.9989164471626282,0.2905522286891937,0.6574254035949707,-0.07523222267627716,0.9996522665023804,0.3526919186115265,0.6561069488525391,-0.11309489607810974,0.9993899464607239,0.28716427087783813,0.5701708197593689,-0.031060805544257164,0.9052211046218872,0.3549324870109558,0.5611082911491394,-0.08768214285373688,0.9717417359352112,0.3000878691673279,0.5077895522117615,-0.10257043689489365,0.8590764999389648,0.33109936118125916,0.5029189586639404,-0.1557152420282364,0.9558718800544739,0.30610406398773193,0.48878800868988037,-0.12420175969600677,0.7947255373001099,0.3231009542942047,0.48624539375305176,-0.18092267215251923,0.9098454117774963,0.3097706437110901,0.4948638379573822,-0.14284807443618774,0.7953888773918152,0.3173244595527649,0.49601972103118896,-0.1956261843442917,0.9055419564247131,0.3091352880001068,0.5013607740402222,-0.11149431765079498,0.7636867165565491,0.31862327456474304,0.5024845004081726,-0.16166405379772186,0.8742760419845581,0.30400341749191284,0.4914989471435547,0.0013454277068376541,0.9990414977073669,0.3404372036457062,0.4885920286178589,-0.00138645910192281,0.9981120824813843,0.30518996715545654,0.3449386954307556,-0.036501310765743256,0.8757655024528503,0.3420291244983673,0.3582972288131714,-0.02119087241590023,0.8053478002548218,0.306853324174881,0.21072138845920563,0.046124301850795746,0.8326023817062378,0.33517736196517944,0.2295009344816208,0.08468487113714218,0.6782453656196594,0.3091653287410736,0.19352521002292633,0.04866926744580269,0.5114454030990601,0.3332604467868805,0.21656446158885956,0.09039115160703659,0.35291609168052673,0.3070192337036133,0.1642051488161087,-0.05068499594926834,0.7974433302879333,0.3318133056163788,0.1876586228609085,-0.004097527824342251,0.67264723777771
sujin_stand_normal_10,24,8,0.8001044386422976,29.99608406213288,10,0.32094383239746094,0.7287200689315796,-0.27519017457962036,0.9992650151252747,0.3167470395565033,0.7376572489738464,-0.26074880361557007,0.9985595941543579,0.31472891569137573,0.7370879650115967,-0.2607558071613312,0.998392641544342,0.31190961599349976,0.7364514470100403,-0.2607894837856293,0.9984700083732605,0.3240740895271301,0.7386833429336548,-0.2641097903251648,0.9983192682266235,0.3272158205509186,0.7385703325271606,-0.26415836811065674,0.9979816675186157,0.33030974864959717,0.7382013201713562,-0.2642010450363159,0.9982768297195435,0.30858418345451355,0.7291973829269409,-0.16641397774219513,0.9967448711395264,0.33433160185813904,0.7305023074150085,-0.18208342790603638,0.997607409954071,0.3163885772228241,0.7143873572349548,-0.23853279650211334,0.9990003108978271,0.32685136795043945,0.7159984111785889,-0.2431039661169052,0.9990058541297913,0.2905176281929016,0.6573453545570374,-0.07900802046060562,0.9996328949928284,0.3526507019996643,0.6557921171188354,-0.1248936876654625,0.9994235038757324,0.2873443365097046,0.5695173740386963,-0.030068932101130486,0.8957772850990295,0.3547864556312561,0.5602831840515137,-0.10140909999608994,0.9724353551864624,0.3003784120082855,0.5053720474243164,-0.10002610832452774,0.8368037939071655,0.33102259039878845,0.5015032291412354,-0.16656427085399628,0.954982340335846,0.30628320574760437,0.4869628846645355,-0.12047470360994339,0.7675855755805969,0.32298707962036133,0.4849681854248047,-0.1918005645275116,0.9091057181358337,0.30969861149787903,0.4925764203071594,-0.13945862650871277,0.7688454389572144,0.3173329532146454,0.49427932500839233,-0.20644590258598328,0.9052044749259949,0.30908969044685364,0.49898824095726013,-0.10915012657642365,0.737587571144104,0.3186817467212677,0.5008242726325989,-0.17239026725292206,0.8742743134498596,0.304193913936615,0.4920330047607422,0.0014251344837248325,0.9990079402923584,0.3404493033885956,0.48875680565834045,-0.0014902424300089478,0.9981415867805481,0.30522647500038147,0.34587782621383667,-0.034276630729436874,0.8636614084243774,0.34208205342292786,0.35924068093299866,-0.0197142343968153,0.7945541143417358,0.3067970275878906,0.2125365138053894,0.052519362419843674,0.8213889002799988,0.33541595935821533,0.22962750494480133,0.0923578068614006,0.6762165427207947,0.3091045320034027,0.19552753865718842,0.05546057969331741,0.49738261103630066,0.3336764872074127,0.21687260270118713,0.09871675074100494,0.3515482246875763,0.3069539964199066,0.16469143331050873,-0.04271319881081581,0.7858588099479675,0.3320913016796112,0.1881960779428482,0.003493474330753088,0.6712679862976074
sujin_stand_normal_10,27,9,0.9001174934725849,29.99608406213288,10,0.3209821581840515,0.728704035282135,-0.2798795998096466,0.9993270635604858,0.3167448937892914,0.7376076579093933,-0.2656915485858917,0.9986690878868103,0.3147147297859192,0.7370445728302002,-0.2657000422477722,0.9985116720199585,0.31187906861305237,0.7364110350608826,-0.2657374143600464,0.9985740780830383,0.3240920901298523,0.7385849952697754,-0.26889750361442566,0.9984592795372009,0.32724469900131226,0.738436758518219,-0.268949419260025,0.9981580972671509,0.330340176820755,0.7380561828613281,-0.2689938247203827,0.9984269738197327,0.30853161215782166,0.7291290760040283,-0.17211945354938507,0.9969359040260315,0.33432283997535706,0.7303835153579712,-0.18705469369888306,0.9978163838386536,0.316410094499588,0.7143402099609375,-0.24342136085033417,0.9990746378898621,0.3269082009792328,0.7159667611122131,-0.24777857959270477,0.9990856647491455,0.29048851132392883,0.6573793888092041,-0.08473988622426987,0.999617338180542,0.3526155650615692,0.6553745269775391,-0.12658843398094177,0.9994538426399231,0.28747889399528503,0.5695293545722961,-0.03424898907542229,0.8884092569351196,0.3546897768974304,0.5597458481788635,-0.10048586875200272,0.9728947877883911,0.30055657029151917,0.5051724314689636,-0.10763121396303177,0.8164650797843933,0.3309134840965271,0.5006691813468933,-0.16583015024662018,0.9541043043136597,0.3064676523208618,0.48674413561820984,-0.12905898690223694,0.7431465983390808,0.32277828454971313,0.48469531536102295,-0.1909964233636856,0.9084888100624084,0.3097577393054962,0.4921337068080902,-0.14704498648643494,0.744927167892456,0.31729450821876526,0.49363115429878235,-0.20540118217468262,0.9049373865127563,0.30915459990501404,0.498585045337677,-0.1164233535528183,0.7140984535217285,0.3186621069908142,0.5001392364501953,-0.17152443528175354,0.8743050694465637,0.3043099343776703,0.49405986070632935,0.0013113042805343866,0.9989768266677856,0.3404461443424225,0.48899003863334656,-0.0013738431734964252,0.9981630444526672,0.3052009344100952,0.3461311459541321,-0.03528498485684395,0.8539834022521973,0.34206196665763855,0.360117644071579,-0.017383040860295296,0.782904863357544,0.3057748079299927,0.2120741605758667,0.04903624579310417,0.8125041723251343,0.3354201912879944,0.2312002331018448,0.09830132871866226,0.6725120544433594,0.307721346616745,0.19525782763957977,0.051991209387779236,0.48408159613609314,0.3336954414844513,0.21782580018043518,0.10496684163808823,0.3493613600730896,0.30693289637565613,0.16426204144954681,-0.047896623611450195,0.7755529284477234,0.3322535753250122,0.18958492577075958,0.010591808706521988,0.668156623840332
sujin_stand_normal_10,30,10,1.0001305483028722,29.99608406213288,10,0.32097896933555603,0.7286279201507568,-0.2712210714817047,0.9993802309036255,0.3167213201522827,0.7375332117080688,-0.2571750283241272,0.9987595081329346,0.31466108560562134,0.7369734048843384,-0.25718551874160767,0.9986090660095215,0.311810702085495,0.7363426089286804,-0.2572227120399475,0.9986576437950134,0.3240903317928314,0.7384688854217529,-0.260842502117157,0.9985785484313965,0.32724109292030334,0.7382843494415283,-0.2608932554721832,0.9983101487159729,0.33034130930900574,0.7378847002983093,-0.2609396278858185,0.9985565543174744,0.30849263072013855,0.7290293574333191,-0.16399404406547546,0.9970795512199402,0.3343157470226288,0.7302179336547852,-0.18088243901729584,0.9979983568191528,0.31641238927841187,0.7142394185066223,-0.23485495150089264,0.9991386532783508,0.3269030749797821,0.7158478498458862,-0.2397497147321701,0.9991552829742432,0.2904917597770691,0.6574136018753052,-0.07682646065950394,0.9996054768562317,0.3526037931442261,0.6551893353462219,-0.12174420058727264,0.9994816184043884,0.2873704731464386,0.569712221622467,-0.030480623245239258,0.8799006342887878,0.35469210147857666,0.5597999691963196,-0.09529323875904083,0.973526656627655,0.2996593415737152,0.5067863464355469,-0.1025388091802597,0.7968957424163818,0.3308664560317993,0.5022428631782532,-0.16117361187934875,0.9534763693809509,0.3055259883403778,0.4882754385471344,-0.12407230585813522,0.72055584192276,0.32276758551597595,0.48553839325904846,-0.18643949925899506,0.9081768989562988,0.3091312646865845,0.4933624863624573,-0.14366227388381958,0.7229796648025513,0.31729984283447266,0.49482935667037964,-0.2003818303346634,0.9049591422080994,0.308589905500412,0.49986618757247925,-0.1120830774307251,0.6924762725830078,0.3186866044998169,0.5015243291854858,-0.1667117327451706,0.8746668696403503,0.30430182814598083,0.4950692057609558,0.001618730602785945,0.9989457726478577,0.3403569757938385,0.48909392952919006,-0.0016873481217771769,0.9981757402420044,0.30490294098854065,0.3459661900997162,-0.035987451672554016,0.8473753333091736,0.34205958247184753,0.3604617714881897,-0.016998296603560448,0.7729051113128662,0.304953008890152,0.21131035685539246,0.04596399515867233,0.8056867718696594,0.33548736572265625,0.2321806102991104,0.10055680572986603,0.667616069316864,0.3070019781589508,0.19487617909908295,0.04822433367371559,0.4730202555656433,0.3338581919670105,0.21866366267204285,0.10739292949438095,0.34522026777267456,0.306897908449173,0.16408005356788635,-0.05215640738606453,0.7673829197883606,0.33206114172935486,0.1902759075164795,0.012123854830861092,0.6639319658279419
sujin_stand_normal_10,33,11,1.1001436031331593,29.99608406213288,10,0.32097095251083374,0.7285782694816589,-0.2730826437473297,0.9994289875030518,0.316702276468277,0.737482488155365,-0.25927311182022095,0.99884432554245,0.3146200478076935,0.7369258999824524,-0.25928330421447754,0.9987012147903442,0.31176117062568665,0.7362949848175049,-0.2593216300010681,0.998738706111908,0.324087917804718,0.7383673787117004,-0.2628649175167084,0.9986878037452698,0.32723844051361084,0.7381479144096375,-0.2629150152206421,0.9984486103057861,0.33033934235572815,0.7377266883850098,-0.2629592716693878,0.9986743330955505,0.30846107006073,0.7289499640464783,-0.1661023646593094,0.9972266554832458,0.3343064486980438,0.7300562858581543,-0.1827208250761032,0.9981625080108643,0.3164125680923462,0.7141899466514587,-0.23662418127059937,0.9991980195045471,0.32689863443374634,0.7157676219940186,-0.2414523959159851,0.9992184638977051,0.29048001766204834,0.6574426293373108,-0.07841420918703079,0.9995974898338318,0.3525928556919098,0.6551138162612915,-0.12172120064496994,0.9995049834251404,0.28722551465034485,0.5698205232620239,-0.029488561674952507,0.8734186291694641,0.3546797037124634,0.5599594712257385,-0.09342338889837265,0.9738103151321411,0.2992783486843109,0.5075078010559082,-0.10067068785429001,0.7810963988304138,0.3308325409889221,0.5030907392501831,-0.15917864441871643,0.9521942734718323,0.3048735558986664,0.48883554339408875,-0.1219097152352333,0.7018380761146545,0.32272225618362427,0.4859018921852112,-0.184353306889534,0.9068469405174255,0.30877891182899475,0.493770956993103,-0.14190909266471863,0.704846978187561,0.3172978460788727,0.49497488141059875,-0.19842539727687836,0.9039369821548462,0.30830082297325134,0.5002589225769043,-0.11026759445667267,0.6745440363883972,0.3186632990837097,0.5017442107200623,-0.16477900743484497,0.8737516403198242,0.30426594614982605,0.4956558346748352,0.0016549223801121116,0.9989134073257446,0.340234637260437,0.48929885029792786,-0.0017287618247792125,0.9981848001480103,0.3048366606235504,0.34583142399787903,-0.0366256907582283,0.8419246077537537,0.34204256534576416,0.3603723645210266,-0.01672685332596302,0.7662674188613892,0.30468669533729553,0.21096991002559662,0.04518141970038414,0.8007051944732666,0.33550789952278137,0.23249123990535736,0.09924498945474625,0.6667196154594421,0.3068103492259979,0.1946284919977188,0.04753166809678078,0.4645077884197235,0.333935409784317,0.2189393788576126,0.10579868406057358,0.3435802161693573,0.3068767488002777,0.16392619907855988,-0.05302173271775246,0.761253833770752,0.33227619528770447,0.19042350351810455,0.009636075235903263,0.6629950404167175
sujin_stand_normal_10,36,12,1.2001566579634466,29.99608406213288,10,0.32096588611602783,0.7284985184669495,-0.26668235659599304,0.9994688034057617,0.3166957497596741,0.737427294254303,-0.2530703842639923,0.9989088773727417,0.3146013617515564,0.7368777394294739,-0.2530834674835205,0.9987710118293762,0.31173425912857056,0.7362502217292786,-0.25312066078186035,0.9987988471984863,0.3240897059440613,0.7382445931434631,-0.25673964619636536,0.9987753033638,0.32723963260650635,0.7379838228225708,-0.25678884983062744,0.9985623359680176,0.33034375309944153,0.7375369071960449,-0.2568375766277313,0.9987711310386658,0.3084295392036438,0.7288742661476135,-0.1605125367641449,0.9973199963569641,0.33430036902427673,0.7298367619514465,-0.17743892967700958,0.9982995390892029,0.31641310453414917,0.7141153812408447,-0.2304382473230362,0.9992474913597107,0.32689377665519714,0.7156460285186768,-0.23533126711845398,0.9992722868919373,0.2904101312160492,0.6574580669403076,-0.07427312433719635,0.9995928406715393,0.35259008407592773,0.654994785785675,-0.11810184270143509,0.9995267987251282,0.2871221601963043,0.5699281692504883,-0.027219552546739578,0.8669416308403015,0.35465946793556213,0.5597409009933472,-0.09015186876058578,0.9739034175872803,0.2991471290588379,0.5073098540306091,-0.10180284827947617,0.7650770545005798,0.33073967695236206,0.5030122399330139,-0.15690989792346954,0.9500799179077148,0.30465033650398254,0.4886316955089569,-0.12402220815420151,0.6833419799804688,0.32265040278434753,0.4859670102596283,-0.1808614581823349,0.9041638970375061,0.30861160159111023,0.4935600459575653,-0.1436041295528412,0.6869427561759949,0.31724873185157776,0.49498432874679565,-0.19688890874385834,0.9015151858329773,0.3081478774547577,0.5000419616699219,-0.11138772964477539,0.6570078134536743,0.3185713589191437,0.5017314553260803,-0.16385529935359955,0.8712154626846313,0.30421629548072815,0.4955526292324066,0.0032985052093863487,0.9988877773284912,0.3401722311973572,0.48942649364471436,-0.00335980043746531,0.9981887936592102,0.30480852723121643,0.34426137804985046,-0.03655370697379112,0.8356490135192871,0.3419770300388336,0.35925760865211487,-0.015406418591737747,0.7586399912834167,0.3046736717224121,0.2095457762479782,0.045008618384599686,0.7951969504356384,0.33551260828971863,0.23262405395507812,0.10358928889036179,0.6618579030036926,0.30689534544944763,0.19243988394737244,0.04731740057468414,0.45692598819732666,0.33392590284347534,0.21873484551906586,0.11036571115255356,0.33859682083129883,0.306132048368454,0.15653130412101746,-0.05347972735762596,0.7551732063293457,0.331635057926178,0.18881404399871826,0.010091345757246017,0.6592540740966797
sujin_stand_normal_10,39,13,1.3001697127937337,29.99608406213288,10,0.32094642519950867,0.7284249067306519,-0.2634301483631134,0.9995036125183105,0.31667783856391907,0.7373851537704468,-0.24973049759864807,0.9989635348320007,0.31456559896469116,0.7368440628051758,-0.24974563717842102,0.9988303184509277,0.311695396900177,0.7362248301506042,-0.24978342652320862,0.9988492131233215,0.3240855932235718,0.7381229996681213,-0.2533513903617859,0.998849630355835,0.3272339999675751,0.7378209829330444,-0.25339677929878235,0.9986605644226074,0.33034196496009827,0.7373422980308533,-0.25344276428222656,0.9988539218902588,0.3084038496017456,0.7288389205932617,-0.15774782001972198,0.997395396232605,0.33428213000297546,0.7296357750892639,-0.1745154708623886,0.9984152913093567,0.31640177965164185,0.7140464782714844,-0.22751781344413757,0.9992913007736206,0.32686254382133484,0.7155266404151917,-0.23237153887748718,0.9993191361427307,0.29039859771728516,0.657473087310791,-0.07328354567289352,0.999591588973999,0.35257500410079956,0.6549656391143799,-0.11550874263048172,0.9995414614677429,0.28704196214675903,0.5699537992477417,-0.02644631266593933,0.8633823990821838,0.35464853048324585,0.5597831010818481,-0.088538259267807,0.9738588333129883,0.29899564385414124,0.5081201791763306,-0.10130853205919266,0.755196750164032,0.3304458558559418,0.5027483701705933,-0.15534676611423492,0.9479225277900696,0.3042188882827759,0.48929986357688904,-0.12356170266866684,0.6708994507789612,0.32263001799583435,0.486148476600647,-0.17922119796276093,0.9014151692390442,0.3083987236022949,0.4941924512386322,-0.14303384721279144,0.6749229431152344,0.3171085715293884,0.4950479567050934,-0.19600051641464233,0.8989831805229187,0.3080173432826996,0.5006734132766724,-0.1107868030667305,0.6450801491737366,0.31838640570640564,0.5017156600952148,-0.16290970146656036,0.8685660362243652,0.3041504919528961,0.4955710470676422,0.0036555277183651924,0.9988742470741272,0.34007886052131653,0.4895816445350647,-0.0037069215904921293,0.998195230960846,0.304577499628067,0.34423351287841797,-0.03613987937569618,0.832997739315033,0.3419508635997772,0.3589899241924286,-0.014217264018952847,0.7550565004348755,0.30461472272872925,0.2094140648841858,0.04754504933953285,0.792491614818573,0.33558955788612366,0.2329743504524231,0.10578487813472748,0.6621841788291931,0.3069522976875305,0.1924332231283188,0.05005882307887077,0.45205169916152954,0.3341338038444519,0.21914716064929962,0.11261749267578125,0.3371630907058716,0.306130975484848,0.15864545106887817,-0.05123281851410866,0.7516921162605286,0.331563264131546,0.18913087248802185,0.010326563380658627,0.6596530079841614
sujin_stand_normal_10,42,14,1.4001827676240208,29.99608406213288,10,0.3209591209888458,0.7283133268356323,-0.26272112131118774,0.9995349645614624,0.31667807698249817,0.7373023629188538,-0.24894417822360992,0.9990129470825195,0.3145633041858673,0.7367820739746094,-0.24895797669887543,0.9988831877708435,0.3116926848888397,0.7361757755279541,-0.24899466335773468,0.9988936185836792,0.324106901884079,0.737924337387085,-0.25251737236976624,0.9989172220230103,0.3272645175457001,0.7375770211219788,-0.25256219506263733,0.9987495541572571,0.3303634822368622,0.7370808124542236,-0.25260862708091736,0.9989293217658997,0.30840224027633667,0.7287715077400208,-0.15649767220020294,0.9974618554115295,0.3342805504798889,0.7293530106544495,-0.1729622185230255,0.9985212683677673,0.316409707069397,0.7139283418655396,-0.2266242355108261,0.999330997467041,0.32686084508895874,0.7153693437576294,-0.2313927710056305,0.999362051486969,0.29040029644966125,0.6574909090995789,-0.07124511152505875,0.9995896816253662,0.3525696098804474,0.6549781560897827,-0.11480539292097092,0.9995577931404114,0.28698015213012695,0.5700112581253052,-0.024456381797790527,0.8592824339866638,0.35467225313186646,0.5599800944328308,-0.08813366293907166,0.9739600419998169,0.2989986836910248,0.5085594058036804,-0.09988629817962646,0.7446081638336182,0.33041679859161377,0.502701461315155,-0.1543702334165573,0.9460457563400269,0.3041675388813019,0.48977017402648926,-0.12204420566558838,0.6578684449195862,0.3225893974304199,0.4863060414791107,-0.1781761646270752,0.8988821506500244,0.3083477020263672,0.49464914202690125,-0.14139720797538757,0.6622772812843323,0.3170633614063263,0.49518659710884094,-0.19547398388385773,0.8966401815414429,0.3079974949359894,0.5010746121406555,-0.10932940989732742,0.632561206817627,0.3183390200138092,0.5017174482345581,-0.16217316687107086,0.8660967946052551,0.30414143204689026,0.4955902695655823,0.004482608754187822,0.9988617897033691,0.3400769829750061,0.48969709873199463,-0.004525792319327593,0.9982004761695862,0.30454766750335693,0.34416648745536804,-0.03605429828166962,0.8303775787353516,0.34194934368133545,0.3588537573814392,-0.013378849253058434,0.7517651319503784,0.3046276271343231,0.2092810720205307,0.04832491651177406,0.7900774478912354,0.3356615900993347,0.2331487089395523,0.10684908926486969,0.6622676253318787,0.30698710680007935,0.19240933656692505,0.05090697109699249,0.44747206568717957,0.3343661427497864,0.21954216063022614,0.11365456879138947,0.33553245663642883,0.3061140179634094,0.1593712866306305,-0.05085092410445213,0.7489069700241089,0.33151912689208984,0.18914130330085754,0.011975770816206932,0.6602597236633301
sujin_stand_normal_10,45,15,1.5001958224543082,29.99608406213288,10,0.321005642414093,0.7281917333602905,-0.26294204592704773,0.9995627999305725,0.3166957497596741,0.7372028827667236,-0.24907317757606506,0.9990569949150085,0.3145825266838074,0.7367088794708252,-0.2490876019001007,0.9989303946495056,0.311716228723526,0.7361164689064026,-0.24912472069263458,0.9989327192306519,0.3241804540157318,0.7376963496208191,-0.25273144245147705,0.9989774823188782,0.3273776173591614,0.7372967004776001,-0.2527773976325989,0.9988293051719666,0.33043625950813293,0.7367795705795288,-0.2528253495693207,0.998996376991272,0.30841362476348877,0.7286982536315918,-0.15633217990398407,0.9975185394287109,0.334288626909256,0.728956401348114,-0.17316003143787384,0.9986156821250916,0.3164267838001251,0.7138205170631409,-0.22672893106937408,0.9993653893470764,0.32687172293663025,0.715178906917572,-0.23160400986671448,0.9993995428085327,0.2904074490070343,0.6575031280517578,-0.07047479599714279,0.9995875954627991,0.35256993770599365,0.6549884676933289,-0.11571558564901352,0.9995707869529724,0.2869327664375305,0.5700811147689819,-0.024103699252009392,0.856699526309967,0.35469141602516174,0.5600898861885071,-0.08915632218122482,0.9740819931030273,0.29906007647514343,0.5087292790412903,-0.10089726001024246,0.7375097870826721,0.3302980065345764,0.5026949644088745,-0.1542700231075287,0.9446253776550293,0.3042277693748474,0.4898041784763336,-0.12326359003782272,0.6482763886451721,0.3225603699684143,0.4863121211528778,-0.17788812518119812,0.897005558013916,0.3083980679512024,0.49475008249282837,-0.1420653909444809,0.6530433893203735,0.31698739528656006,0.49507278203964233,-0.19470606744289398,0.8949310779571533,0.3080510199069977,0.5012107491493225,-0.11013902723789215,0.623283326625824,0.3182598650455475,0.5015603303909302,-0.16184110939502716,0.8643131256103516,0.30413201451301575,0.49560439586639404,0.005160769447684288,0.99883633852005,0.34008169174194336,0.48977792263031006,-0.005198122933506966,0.998186469078064,0.30448654294013977,0.3441047966480255,-0.03551318496465683,0.8253251910209656,0.34194308519363403,0.3586637079715729,-0.013644629158079624,0.7454484701156616,0.3045513331890106,0.20917968451976776,0.047895397990942,0.7852475643157959,0.33578434586524963,0.23315691947937012,0.10384766757488251,0.6590573787689209,0.30699995160102844,0.19210802018642426,0.05041700601577759,0.44156351685523987,0.3345058560371399,0.219153493642807,0.1104203313589096,0.3322537839412689,0.30540281534194946,0.1549062877893448,-0.051101021468639374,0.7437684535980225,0.33147844672203064,0.18921566009521484,0.011084605008363724,0.6576192378997803
sujin_stand_normal_10,48,16,1.6002088772845953,29.99608406213288,10,0.32108527421951294,0.7281172871589661,-0.26053062081336975,0.9995895028114319,0.3167213797569275,0.7371211647987366,-0.24659256637096405,0.9991016387939453,0.3146095871925354,0.7366377711296082,-0.24660752713680267,0.9989789128303528,0.31174877285957336,0.7360463738441467,-0.2466452419757843,0.9989749789237976,0.3242674469947815,0.7375565767288208,-0.2502864897251129,0.999036431312561,0.3275047838687897,0.7371295690536499,-0.25033143162727356,0.9989051222801208,0.33052313327789307,0.7366023659706116,-0.2503780126571655,0.9990599751472473,0.30843040347099304,0.728586733341217,-0.1540355086326599,0.997593104839325,0.3343084752559662,0.7286815047264099,-0.17107082903385162,0.9987051486968994,0.3164626955986023,0.7137381434440613,-0.22441726922988892,0.9993988871574402,0.3269091844558716,0.7150599956512451,-0.22935056686401367,0.9994344711303711,0.2904547154903412,0.6574952006340027,-0.06944120675325394,0.9995863437652588,0.3525785505771637,0.6549757719039917,-0.11343923211097717,0.999579668045044,0.28690993785858154,0.5701030492782593,-0.022556601092219353,0.8545549511909485,0.354663223028183,0.5601953864097595,-0.08835010230541229,0.9737933874130249,0.2991224527359009,0.5086372494697571,-0.09767759591341019,0.7308611869812012,0.32999828457832336,0.5026209354400635,-0.1502304971218109,0.9424984455108643,0.30427414178848267,0.4895472824573517,-0.11962860077619553,0.6395538449287415,0.32250139117240906,0.4861927628517151,-0.17380139231681824,0.8941665291786194,0.3084457516670227,0.49440324306488037,-0.1386697143316269,0.6446597576141357,0.31687411665916443,0.49464359879493713,-0.19030237197875977,0.8922591209411621,0.30809691548347473,0.5008837580680847,-0.1069263145327568,0.6149104237556458,0.31811562180519104,0.5011553168296814,-0.15707726776599884,0.8614742159843445,0.3040372133255005,0.49559807777404785,0.005099473521113396,0.9988067150115967,0.3400731086730957,0.4898037314414978,-0.005133627913892269,0.9981626272201538,0.304286926984787,0.34380143880844116,-0.035673778504133224,0.822340726852417,0.34190306067466736,0.3584526777267456,-0.013629076071083546,0.7400432229042053,0.3042452931404114,0.20838892459869385,0.04648052155971527,0.7820164561271667,0.335806280374527,0.23316343128681183,0.10310240089893341,0.6564573049545288,0.3067258596420288,0.19110985100269318,0.048584043979644775,0.43665748834609985,0.33450669050216675,0.21878665685653687,0.10961924493312836,0.3301353454589844,0.30488988757133484,0.15285097062587738,-0.05282887443900108,0.7395618557929993,0.33140623569488525,0.18927694857120514,0.011757423169910908,0.6552793383598328
sujin_stand_normal_10,51,17,1.7002219321148826,29.99608406213288,10,0.3212597966194153,0.7278841137886047,-0.26790305972099304,0.9996166825294495,0.31678587198257446,0.7369782328605652,-0.25411272048950195,0.9991510510444641,0.31467607617378235,0.7365104556083679,-0.2541258633136749,0.9990332722663879,0.3118390142917633,0.7359312176704407,-0.2541666030883789,0.9990242123603821,0.3244209587574005,0.7373305559158325,-0.2575753927230835,0.9990969896316528,0.3276963531970978,0.7368797659873962,-0.2576218843460083,0.9989805817604065,0.3306472599506378,0.736355185508728,-0.25766584277153015,0.9991233348846436,0.30847448110580444,0.7284467816352844,-0.16120892763137817,0.9976874589920044,0.33434125781059265,0.7283568382263184,-0.17734865844249725,0.9987921714782715,0.3165586590766907,0.7135475277900696,-0.23156701028347015,0.9994324445724487,0.3269954025745392,0.7148147821426392,-0.23625309765338898,0.9994683861732483,0.2906249165534973,0.6574546694755554,-0.07459567487239838,0.9995880126953125,0.35258808732032776,0.6548729538917542,-0.11685632914304733,0.9995870590209961,0.2870473265647888,0.5701549649238586,-0.023243891075253487,0.8536410927772522,0.3545883297920227,0.5602236390113831,-0.088991180062294,0.9734081625938416,0.29916176199913025,0.5085974931716919,-0.0983416810631752,0.7271065711975098,0.3295873701572418,0.5019931197166443,-0.15041150152683258,0.9406183362007141,0.30434563755989075,0.4895273745059967,-0.12000078707933426,0.6338578462600708,0.3222411870956421,0.485893189907074,-0.1739576905965805,0.8917367458343506,0.3084726333618164,0.4943724572658539,-0.13912083208560944,0.639246940612793,0.31667014956474304,0.49421849846839905,-0.1904304027557373,0.8899739384651184,0.30811575055122375,0.500777542591095,-0.10751595348119736,0.6094058752059937,0.3179456293582916,0.5006358623504639,-0.15717290341854095,0.8590127229690552,0.30405721068382263,0.4960153102874756,0.004871787503361702,0.9987935423851013,0.34011784195899963,0.48991817235946655,-0.004908238537609577,0.9981529712677002,0.30428439378738403,0.3437879979610443,-0.03675878793001175,0.8193665742874146,0.34187835454940796,0.35843977332115173,-0.013878513127565384,0.7339058518409729,0.3041846454143524,0.20825013518333435,0.04247978702187538,0.779320478439331,0.33585450053215027,0.23316983878612518,0.0997617170214653,0.6543118953704834,0.30664607882499695,0.19091077148914337,0.0443810299038887,0.4322214126586914,0.3346395194530487,0.21921171247959137,0.10603154450654984,0.3281776010990143,0.3047805428504944,0.15194571018218994,-0.05676759034395218,0.7356863617897034,0.3314099609851837,0.1893955022096634,0.008794032968580723,0.6531331539154053
sujin_stand_normal_10,54,18,1.8002349869451697,29.99608406213288,10,0.32142332196235657,0.7277055382728577,-0.26798126101493835,0.9996388554573059,0.31686821579933167,0.7368873357772827,-0.2541394531726837,0.9991888999938965,0.31476956605911255,0.7364304065704346,-0.2541521489620209,0.9990740418434143,0.3119746744632721,0.7358648180961609,-0.2541918456554413,0.9990593791007996,0.3245706856250763,0.7371789813041687,-0.25767478346824646,0.9991457462310791,0.3278856873512268,0.7367041110992432,-0.25772184133529663,0.9990434646606445,0.3307839035987854,0.7361787557601929,-0.25776657462120056,0.9991758465766907,0.30854323506355286,0.7283930778503418,-0.16116772592067719,0.9977434873580933,0.3344098925590515,0.7281390428543091,-0.1776844710111618,0.9988642334938049,0.31666409969329834,0.713394045829773,-0.23163504898548126,0.9994581341743469,0.3270951509475708,0.7145950794219971,-0.23643042147159576,0.9994960427284241,0.2907768189907074,0.657454788684845,-0.07453657686710358,0.9995842576026917,0.35262617468833923,0.6548717021942139,-0.11857731640338898,0.9995941519737244,0.28731152415275574,0.5701873898506165,-0.023363422602415085,0.8522530794143677,0.35452714562416077,0.5602772235870361,-0.09126052260398865,0.9734310507774353,0.29923108220100403,0.508539617061615,-0.09695989638566971,0.7240472435951233,0.3291034698486328,0.50174880027771,-0.15151545405387878,0.9394475817680359,0.30439144372940063,0.4893205463886261,-0.11843211948871613,0.6288928985595703,0.3217780888080597,0.4858904778957367,-0.1749800592660904,0.8901593685150146,0.30848929286003113,0.49436554312705994,-0.13755875825881958,0.6345705389976501,0.3164059817790985,0.49438565969467163,-0.19111190736293793,0.8885182738304138,0.3081263303756714,0.5007789731025696,-0.10612285137176514,0.6046878695487976,0.3177195191383362,0.5007525682449341,-0.15790493786334991,0.8575084209442139,0.30406877398490906,0.49634525179862976,0.004950931761413813,0.9987649321556091,0.34013378620147705,0.4901285171508789,-0.004985594656318426,0.9981377124786377,0.3042612671852112,0.34430915117263794,-0.036013372242450714,0.8136218786239624,0.34179961681365967,0.358402281999588,-0.016048919409513474,0.7276337742805481,0.3041962683200836,0.2092313915491104,0.04549998790025711,0.7726414799690247,0.3358573019504547,0.2331802248954773,0.09510905295610428,0.6511519551277161,0.3067094385623932,0.19199666380882263,0.047863591462373734,0.4267379641532898,0.3347097337245941,0.21902431547641754,0.10125541687011719,0.32556048035621643,0.30497583746910095,0.1583934724330902,-0.051220957189798355,0.7283814549446106,0.33134016394615173,0.1894182711839676,0.0038464246317744255,0.6495170593261719
sujin_stand_normal_10,57,19,1.900248041775457,29.99608406213288,10,0.32159626483917236,0.7275145649909973,-0.26672157645225525,0.9996580481529236,0.31694889068603516,0.7367952466011047,-0.2528471052646637,0.9992201924324036,0.31485700607299805,0.7363461852073669,-0.25285956263542175,0.9991074800491333,0.3121053874492645,0.7357975840568542,-0.25289830565452576,0.9990872144699097,0.3247317969799042,0.7370399236679077,-0.2564355134963989,0.9991876482963562,0.32808980345726013,0.736547589302063,-0.25648295879364014,0.9990987181663513,0.33094218373298645,0.7360256314277649,-0.25652843713760376,0.9992220997810364,0.3086165487766266,0.7283526062965393,-0.1601027548313141,0.9977783560752869,0.33451607823371887,0.7279735207557678,-0.17683835327625275,0.9989277720451355,0.3167998492717743,0.7132548689842224,-0.2304769903421402,0.9994804859161377,0.327230304479599,0.7143952250480652,-0.2353365570306778,0.9995208978652954,0.2908867299556732,0.6574413180351257,-0.0738375186920166,0.9995817542076111,0.35268548130989075,0.6548612117767334,-0.11859191209077835,0.9996017813682556,0.2874997556209564,0.5700837969779968,-0.023418495431542397,0.851137101650238,0.35450732707977295,0.5602618455886841,-0.09183759242296219,0.9736555814743042,0.2993941307067871,0.5081588625907898,-0.09689118713140488,0.721537172794342,0.3288842439651489,0.501253068447113,-0.15188175439834595,0.9390701651573181,0.3045235574245453,0.48888441920280457,-0.11851449310779572,0.6248211860656738,0.3215070962905884,0.48574039340019226,-0.17539721727371216,0.8897586464881897,0.30856162309646606,0.494034081697464,-0.13742868602275848,0.630763828754425,0.31631436944007874,0.4943896234035492,-0.19127938151359558,0.8882339000701904,0.3081895709037781,0.5004456043243408,-0.10599996149539948,0.6007595658302307,0.31764307618141174,0.5006540417671204,-0.15807099640369415,0.8573086857795715,0.304070383310318,0.4965381622314453,0.004999830387532711,0.9987427592277527,0.3401350677013397,0.4902160167694092,-0.005033812485635281,0.9981236457824707,0.30414655804634094,0.3446445167064667,-0.035646285861730576,0.8090303540229797,0.3415740728378296,0.3583718538284302,-0.01636369153857231,0.7211378216743469,0.3040815591812134,0.2095544934272766,0.046440478414297104,0.7671681642532349,0.33585894107818604,0.23320484161376953,0.09551428258419037,0.6473658084869385,0.3066179156303406,0.19240902364253998,0.04893196374177933,0.42136675119400024,0.33487024903297424,0.21958202123641968,0.1018160954117775,0.3224929869174957,0.3050664961338043,0.1606367975473404,-0.04980786144733429,0.7221412658691406,0.33111003041267395,0.1893690526485443,0.004843203350901604,0.6456459760665894
sujin_stand_normal_10,60,20,2.0002610966057444,29.99608406213288,10,0.32172778248786926,0.7274409532546997,-0.26551827788352966,0.9996764063835144,0.3170187771320343,0.7367538809776306,-0.25164473056793213,0.9992527365684509,0.3149384558200836,0.7363075017929077,-0.25165802240371704,0.9991423487663269,0.3122316598892212,0.7357690930366516,-0.25169700384140015,0.9991173148155212,0.324846476316452,0.7369824051856995,-0.255160927772522,0.9992290139198303,0.3282296359539032,0.7364851236343384,-0.25520792603492737,0.9991515874862671,0.33105531334877014,0.7359663248062134,-0.2552528977394104,0.9992663264274597,0.30869260430336,0.7283440828323364,-0.15909507870674133,0.9978284239768982,0.3345963656902313,0.7279271483421326,-0.17552657425403595,0.9989882111549377,0.3169170320034027,0.7132024765014648,-0.2293483167886734,0.9995008111000061,0.32734814286231995,0.7143238186836243,-0.23412403464317322,0.9995430111885071,0.29094773530960083,0.6574416160583496,-0.07332529872655869,0.9995776414871216,0.3527132570743561,0.6548630595207214,-0.11720390617847443,0.9996058344841003,0.28762248158454895,0.5701043605804443,-0.02344260737299919,0.8511013984680176,0.35445621609687805,0.5603266954421997,-0.09111946076154709,0.973760187625885,0.2994912266731262,0.508150041103363,-0.09692904353141785,0.7214842438697815,0.3285517394542694,0.5016236901283264,-0.15156975388526917,0.9387279152870178,0.3045841455459595,0.4887083172798157,-0.11872104555368423,0.623378574848175,0.3212476074695587,0.4860225021839142,-0.17519813776016235,0.8894177675247192,0.3086386024951935,0.4938947856426239,-0.13764788210391998,0.6296035051345825,0.3161729574203491,0.4946773946285248,-0.19072869420051575,0.8880163431167603,0.30826273560523987,0.5003239512443542,-0.1060497984290123,0.5994120836257935,0.3174975514411926,0.5009594559669495,-0.15759319067001343,0.8572244048118591,0.30407384037971497,0.4972824156284332,0.0048346612602472305,0.9986934065818787,0.34013503789901733,0.4908459186553955,-0.004868755117058754,0.9980857968330383,0.30397579073905945,0.34552618861198425,-0.03566278517246246,0.8016602993011475,0.34154704213142395,0.35834580659866333,-0.021695684641599655,0.7132651209831238,0.30397579073905945,0.20999211072921753,0.045363496989011765,0.7582358717918396,0.33586132526397705,0.23318533599376678,0.0820147693157196,0.6417101621627808,0.3065204918384552,0.19283540546894073,0.047772131860256195,0.4140796363353729,0.33490613102912903,0.2189875990152359,0.08749764412641525,0.31927692890167236,0.30512088537216187,0.16234222054481506,-0.05021549016237259,0.7121727466583252,0.3310377895832062,0.1890971064567566,-0.009257713332772255,0.6389145255088806
sujin_stand_normal_10,63,21,2.1002741514360315,29.99608406213288,10,0.32180774211883545,0.7273591756820679,-0.26005682349205017,0.9996898174285889,0.3170589506626129,0.7367056012153625,-0.24639394879341125,0.9992730021476746,0.3149835169315338,0.7362596988677979,-0.24641229212284088,0.9991647005081177,0.31229737401008606,0.7357314825057983,-0.24645309150218964,0.9991360902786255,0.32490986585617065,0.7369188666343689,-0.25021323561668396,0.9992570877075195,0.3283025324344635,0.73641437292099,-0.2502571940422058,0.9991894364356995,0.331118643283844,0.7358992099761963,-0.2503037750720978,0.9992963075637817,0.3087478578090668,0.7283312678337097,-0.15505078434944153,0.9978482127189636,0.3346453905105591,0.7278727293014526,-0.17310838401317596,0.9990288615226746,0.31699422001838684,0.7131557464599609,-0.22432349622249603,0.9995161890983582,0.3274233639240265,0.714264452457428,-0.2295243740081787,0.9995593428611755,0.2910718321800232,0.6574427485466003,-0.07076596468687057,0.9995784759521484,0.35272645950317383,0.6548776626586914,-0.11542275547981262,0.9996057748794556,0.2878094017505646,0.5701778531074524,-0.020577482879161835,0.8512346744537354,0.35443809628486633,0.5605430603027344,-0.08704680949449539,0.9735087156295776,0.2995258569717407,0.5085241794586182,-0.0954635813832283,0.7232123613357544,0.3285079002380371,0.5021880269050598,-0.1470259130001068,0.9379108548164368,0.3045794367790222,0.4890471398830414,-0.11778302490711212,0.6244617700576782,0.3212435841560364,0.4864255487918854,-0.17080028355121613,0.888559877872467,0.3086632788181305,0.4942496418952942,-0.13701131939888,0.6310427784919739,0.3161729574203491,0.4952050745487213,-0.18633070588111877,0.887279748916626,0.3082934319972992,0.5007324814796448,-0.10475637018680573,0.6005752682685852,0.31748369336128235,0.5015574097633362,-0.15299075841903687,0.8565154075622559,0.3040665090084076,0.49721962213516235,0.004880123306065798,0.9986632466316223,0.3400944471359253,0.4908668100833893,-0.004908749368041754,0.998045802116394,0.3040075898170471,0.3443146049976349,-0.03573441132903099,0.7968745231628418,0.34147554636001587,0.3579632341861725,-0.020463978871703148,0.7054218649864197,0.30398139357566833,0.20940066874027252,0.04209326207637787,0.7522152066230774,0.3358149230480194,0.23305833339691162,0.08534456789493561,0.6353611350059509,0.3065519630908966,0.19199439883232117,0.04400898888707161,0.41028717160224915,0.33488550782203674,0.2188798189163208,0.09156598895788193,0.31553059816360474,0.3052895963191986,0.16344822943210602,-0.05413064733147621,0.7058302164077759,0.33103978633880615,0.18927468359470367,-0.005503134801983833,0.6327246427536011
sujin_stand_normal_10,66,22,2.2002872062663186,29.99608406213288,10,0.3218511939048767,0.7273178100585938,-0.2582305669784546,0.9997038245201111,0.3170832395553589,0.7366815805435181,-0.24465760588645935,0.9992968440055847,0.31501448154449463,0.7362355589866638,-0.24467799067497253,0.9991923570632935,0.31234070658683777,0.7357146143913269,-0.24471989274024963,0.9991617798805237,0.3249436616897583,0.7368790507316589,-0.24855606257915497,0.9992856383323669,0.328340083360672,0.7363650798797607,-0.24859780073165894,0.9992262721061707,0.3311544954776764,0.73585045337677,-0.24864289164543152,0.9993246793746948,0.3087971806526184,0.7283227443695068,-0.1540604680776596,0.9978938698768616,0.3346923589706421,0.7278409600257874,-0.1729833334684372,0.9990652799606323,0.3170406222343445,0.7131372094154358,-0.22277754545211792,0.99953293800354,0.3274723291397095,0.714227020740509,-0.2281312495470047,0.9995744824409485,0.2911381721496582,0.657452404499054,-0.07062240689992905,0.9995855689048767,0.3527434170246124,0.6549021005630493,-0.11458952724933624,0.9995994567871094,0.2878861725330353,0.5702002048492432,-0.021505003795027733,0.8542612195014954,0.3541865050792694,0.5607291460037231,-0.08533315360546112,0.9727944135665894,0.299466073513031,0.5087809562683105,-0.0969325602054596,0.7298828959465027,0.32838234305381775,0.5025421380996704,-0.14564798772335052,0.9365875124931335,0.3043389320373535,0.4893170893192291,-0.12002286314964294,0.6308771371841431,0.3212408125400543,0.486631840467453,-0.1695740818977356,0.8871057629585266,0.3086591064929962,0.49459707736968994,-0.13957759737968445,0.6377043724060059,0.31617146730422974,0.4955112040042877,-0.18513160943984985,0.8859561681747437,0.30830395221710205,0.5011247396469116,-0.10629524290561676,0.606895387172699,0.31744152307510376,0.5019470453262329,-0.1516636461019516,0.8551626205444336,0.30396586656570435,0.49711140990257263,0.004623676184564829,0.9986380934715271,0.3399910032749176,0.4908830523490906,-0.004643967840820551,0.9980059266090393,0.3039996922016144,0.34384167194366455,-0.035462137311697006,0.7936793565750122,0.34142574667930603,0.35769572854042053,-0.019187171012163162,0.6996115446090698,0.3039852976799011,0.20934419333934784,0.04183139652013779,0.7476978898048401,0.3358069658279419,0.23316195607185364,0.08664681017398834,0.6313318610191345,0.306559294462204,0.19182994961738586,0.04371187835931778,0.40785932540893555,0.3348293602466583,0.21878398954868317,0.09263381361961365,0.313708633184433,0.30543291568756104,0.16460789740085602,-0.05428725481033325,0.7009665369987488,0.3310418725013733,0.18959011137485504,-0.001082471921108663,0.6282831430435181
sujin_stand_normal_10,69,23,2.3003002610966057,29.99608406213288,10,0.32189369201660156,0.7272891402244568,-0.2599874436855316,0.9997185468673706,0.3171077370643616,0.7366637587547302,-0.2462696135044098,0.9993242025375366,0.3150431513786316,0.7362187504768372,-0.2462887465953827,0.9992231726646423,0.31238046288490295,0.7357048392295837,-0.24632950127124786,0.999191403388977,0.32498830556869507,0.7368495464324951,-0.2501186430454254,0.9993168115615845,0.3283911347389221,0.7363322377204895,-0.250160813331604,0.9992651343345642,0.3312012255191803,0.7358191609382629,-0.25020506978034973,0.9993563294410706,0.30885133147239685,0.7283123731613159,-0.1552116572856903,0.9979490637779236,0.3347536325454712,0.7278175354003906,-0.17362317442893982,0.9991059303283691,0.31708624958992004,0.7131275534629822,-0.22445745766162872,0.9995513558387756,0.3275265693664551,0.7142019271850586,-0.22976793348789215,0.9995917677879333,0.2912002205848694,0.6574321985244751,-0.07267148047685623,0.999591052532196,0.3527892231941223,0.6549088954925537,-0.11521518230438232,0.999596357345581,0.28798654675483704,0.570159912109375,-0.025947535410523415,0.8573270440101624,0.35412561893463135,0.5607724189758301,-0.0873832032084465,0.9725086092948914,0.29948779940605164,0.5089820027351379,-0.10195262730121613,0.7359651923179626,0.32828643918037415,0.5028197765350342,-0.14733222126960754,0.9358466863632202,0.3043617606163025,0.48941463232040405,-0.12503722310066223,0.6362926363945007,0.3212379515171051,0.48678916692733765,-0.1713244765996933,0.8862532377243042,0.30866867303848267,0.49483516812324524,-0.1439199149608612,0.6432496309280396,0.31617334485054016,0.49574410915374756,-0.18678636848926544,0.8851961493492126,0.30831488966941833,0.5013867020606995,-0.1110033169388771,0.6121307015419006,0.3174299895763397,0.5022121667861938,-0.1532963663339615,0.854408860206604,0.30395999550819397,0.4971025288105011,0.00447445223107934,0.9986186027526855,0.3399864435195923,0.49090576171875,-0.004494077526032925,0.9979830384254456,0.30415549874305725,0.3437802791595459,-0.03462626785039902,0.7894235253334045,0.34141337871551514,0.3576626777648926,-0.018883908167481422,0.6948782205581665,0.3041236102581024,0.21010947227478027,0.0455997996032238,0.7425158619880676,0.3358083963394165,0.23324763774871826,0.08996357768774033,0.6284156441688538,0.3067529499530792,0.1927521675825119,0.04798846319317818,0.40471020340919495,0.3348980247974396,0.21956215798854828,0.096141017973423,0.3120864927768707,0.30569976568222046,0.16614626348018646,-0.04926379397511482,0.6959072351455688,0.3310331702232361,0.18980611860752106,0.0012664905516430736,0.6248733997344971
sujin_stand_normal_10,72,24,2.4003133159268932,29.99608406213288,10,0.3219306766986847,0.7272021174430847,-0.26109716296195984,0.9997345209121704,0.31714150309562683,0.7365990281105042,-0.2472141683101654,0.9993569850921631,0.3150818645954132,0.736161470413208,-0.24723254144191742,0.999260425567627,0.31243816018104553,0.7356581091880798,-0.24727314710617065,0.9992283582687378,0.3250476121902466,0.7367702126502991,-0.2510465383529663,0.9993516206741333,0.32846078276634216,0.7362527847290039,-0.25108861923217773,0.9993060231208801,0.33126136660575867,0.7357433438301086,-0.2511310577392578,0.9993898272514343,0.3089178800582886,0.7282898426055908,-0.1554715931415558,0.998031735420227,0.3348333537578583,0.7277446389198303,-0.1736704409122467,0.9991497993469238,0.3171209394931793,0.7130690813064575,-0.22529874742031097,0.9995725154876709,0.32756346464157104,0.7141233086585999,-0.23058190941810608,0.9996104836463928,0.29127418994903564,0.6573808193206787,-0.07269345968961716,0.9996021389961243,0.35282614827156067,0.654914379119873,-0.11529166251420975,0.9995936155319214,0.2880384624004364,0.5701712369918823,-0.026747705414891243,0.8613309860229492,0.35407739877700806,0.5607864260673523,-0.08784445375204086,0.9720836281776428,0.29950472712516785,0.5091291069984436,-0.10300640761852264,0.744023859500885,0.3280974328517914,0.503034770488739,-0.14758990705013275,0.9346845746040344,0.3043779134750366,0.48942944407463074,-0.12606962025165558,0.6440406441688538,0.3212180733680725,0.4869300127029419,-0.17168179154396057,0.8848010301589966,0.30870893597602844,0.4950243830680847,-0.14449559152126312,0.6510952711105347,0.3161705732345581,0.49589046835899353,-0.18697220087051392,0.8838396668434143,0.3083582818508148,0.5015855431556702,-0.11184100806713104,0.6197555065155029,0.3174022138118744,0.502380907535553,-0.15350347757339478,0.8530102968215942,0.30396443605422974,0.49705493450164795,0.004478509072214365,0.9986016750335693,0.34001269936561584,0.49091634154319763,-0.004497892688959837,0.9979543089866638,0.30415812134742737,0.3442828059196472,-0.03469209000468254,0.7816583514213562,0.3413901925086975,0.35757195949554443,-0.02039659395813942,0.687116801738739,0.3045055568218231,0.21018263697624207,0.04556170850992203,0.7341697216033936,0.3358039855957031,0.23263630270957947,0.08854230493307114,0.6221780776977539,0.30722036957740784,0.1928660124540329,0.04790792614221573,0.3998253047466278,0.334898442029953,0.2188790887594223,0.09465580433607101,0.30897924304008484,0.3058302104473114,0.1665046662092209,-0.04955901950597763,0.6882436871528625,0.33088418841362,0.18793290853500366,-0.0005781337968073785,0.6185766458511353
sujin_stand_normal_10,75,25,2.5003263707571803,29.99608406213288,10,0.3219960927963257,0.727120041847229,-0.2642752230167389,0.9997513294219971,0.3172074258327484,0.7365338802337646,-0.25016024708747864,0.9993933439254761,0.31514987349510193,0.7361036539077759,-0.25017696619033813,0.999301552772522,0.3125450909137726,0.7356098890304565,-0.2502180337905884,0.9992696046829224,0.32515376806259155,0.7366867065429688,-0.25387465953826904,0.9993892908096313,0.3285752236843109,0.7361714243888855,-0.2539162039756775,0.9993488192558289,0.33134275674819946,0.7356669902801514,-0.2539539337158203,0.99942547082901,0.30901098251342773,0.7282646894454956,-0.15770919620990753,0.9981313347816467,0.33493486046791077,0.7276690602302551,-0.17550688982009888,0.9991970658302307,0.3171762228012085,0.7130053639411926,-0.2283010184764862,0.9995956420898438,0.3276192247867584,0.7140442728996277,-0.23345866799354553,0.9996306300163269,0.29146018624305725,0.6573197841644287,-0.07469858229160309,0.999615490436554,0.35284581780433655,0.654950737953186,-0.11655805259943008,0.9995936155319214,0.2880953252315521,0.5702090859413147,-0.02925511635839939,0.8659525513648987,0.3540059030056,0.5610119700431824,-0.08961426466703415,0.9717552065849304,0.2994990348815918,0.509192168712616,-0.1047251895070076,0.752987265586853,0.32800185680389404,0.5031870603561401,-0.14890865981578827,0.9338610768318176,0.30433934926986694,0.48955145478248596,-0.1275300234556198,0.652765691280365,0.32126373052597046,0.4869849383831024,-0.1726873815059662,0.8837721347808838,0.3087202310562134,0.49515923857688904,-0.14560723304748535,0.6598131656646729,0.316179096698761,0.49587804079055786,-0.18792587518692017,0.8828899264335632,0.3083639442920685,0.5016394257545471,-0.11335477232933044,0.6283698678016663,0.3173888921737671,0.5024355053901672,-0.15478481352329254,0.8521410822868347,0.3040427565574646,0.49725425243377686,0.004303775727748871,0.9985998868942261,0.34010979533195496,0.4911024868488312,-0.0043229004368186,0.9979458451271057,0.3041836619377136,0.34590908885002136,-0.03546256572008133,0.7755268812179565,0.34138259291648865,0.3575828969478607,-0.02087082900106907,0.6799929738044739,0.30491629242897034,0.21149562299251556,0.04436846077442169,0.7268126606941223,0.33578959107398987,0.23278073966503143,0.08607316762208939,0.6172314286231995,0.30768510699272156,0.19435618817806244,0.046796198934316635,0.3955232799053192,0.3349064588546753,0.21952365338802338,0.09192311018705368,0.30662307143211365,0.3060239255428314,0.16789202392101288,-0.04986356198787689,0.6812110543251038,0.3309420645236969,0.18858718872070312,-0.00302021112293005,0.6133816242218018
sujin_stand_normal_10,78,26,2.6003394255874674,29.99608406213288,10,0.3220882713794708,0.7270468473434448,-0.2669062912464142,0.9997658133506775,0.31727418303489685,0.7364954352378845,-0.2527451813220978,0.9994246363639832,0.31521695852279663,0.736066460609436,-0.25276121497154236,0.9993363618850708,0.3126491904258728,0.7355777621269226,-0.252803236246109,0.9993040561676025,0.32525739073753357,0.7366523146629333,-0.25641903281211853,0.9994224309921265,0.32868507504463196,0.7361462712287903,-0.2564619779586792,0.9993863105773926,0.3314250707626343,0.7356480360031128,-0.2564992308616638,0.9994567632675171,0.30909717082977295,0.7282550930976868,-0.15983615815639496,0.9982134699821472,0.33503082394599915,0.7276601791381836,-0.1774287074804306,0.9992388486862183,0.317264199256897,0.7129535675048828,-0.23073719441890717,0.9996141791343689,0.3277164697647095,0.7140029668807983,-0.23583267629146576,0.9996472001075745,0.29177379608154297,0.6572553515434265,-0.07599757611751556,0.9996241331100464,0.35286980867385864,0.6550275087356567,-0.11845558136701584,0.999594509601593,0.2883465886116028,0.570290207862854,-0.030900169163942337,0.8691332936286926,0.3539963960647583,0.5611706376075745,-0.09192268550395966,0.9715285301208496,0.29950276017189026,0.5092894434928894,-0.10672986507415771,0.759444534778595,0.3277833163738251,0.5033031702041626,-0.15054446458816528,0.9330904483795166,0.3043079674243927,0.48962917923927307,-0.12950368225574493,0.6587227582931519,0.3212619423866272,0.4870217740535736,-0.17407141625881195,0.8827136754989624,0.3087296783924103,0.49528124928474426,-0.1475512534379959,0.6658316850662231,0.3161581754684448,0.4958174526691437,-0.18917523324489594,0.881902277469635,0.30837827920913696,0.5017301440238953,-0.11538560688495636,0.6343153119087219,0.31732091307640076,0.5024595856666565,-0.15631362795829773,0.8512284159660339,0.3042592406272888,0.49751976132392883,0.004260000307112932,0.9985859990119934,0.34028422832489014,0.49137720465660095,-0.004278805572539568,0.9979256987571716,0.3042007386684418,0.34703490138053894,-0.03610888496041298,0.7670525908470154,0.3413776457309723,0.35764989256858826,-0.0208271611481905,0.6701043844223022,0.30500951409339905,0.212067648768425,0.04158061742782593,0.7162952423095703,0.3357900381088257,0.2327980399131775,0.08399716019630432,0.608709454536438,0.3077945411205292,0.19494371116161346,0.043862324208021164,0.388903945684433,0.33487072587013245,0.21906539797782898,0.08958429843187332,0.30239349603652954,0.3061354458332062,0.1685890108346939,-0.05173101648688316,0.6712843179702759,0.3310473561286926,0.18880243599414825,-0.005534978583455086,0.6048558354377747
sujin_stand_normal_10,81,27,2.7003524804177546,29.99608406213288,10,0.32218149304389954,0.7269663214683533,-0.2661297917366028,0.9997770190238953,0.31734731793403625,0.736451268196106,-0.25204387307167053,0.9994475245475769,0.31528961658477783,0.736025869846344,-0.2520587742328644,0.9993622303009033,0.31276676058769226,0.7355433106422424,-0.2520989179611206,0.9993289709091187,0.32537516951560974,0.7366092801094055,-0.25568050146102905,0.9994480013847351,0.328804075717926,0.7361117601394653,-0.2557235360145569,0.9994159936904907,0.33151161670684814,0.7356212139129639,-0.25576233863830566,0.9994809031486511,0.3091968595981598,0.7282438278198242,-0.15917029976844788,0.9982694983482361,0.3351183831691742,0.727648138999939,-0.1766364872455597,0.9992726445198059,0.3173392117023468,0.7129018306732178,-0.22994595766067505,0.9996287226676941,0.3277963101863861,0.7139564156532288,-0.23499242961406708,0.9996606111526489,0.2919841408729553,0.6572375893592834,-0.07541373372077942,0.9996311664581299,0.3529091477394104,0.6550369262695312,-0.11788887530565262,0.999592125415802,0.2885255217552185,0.5703762769699097,-0.030367720872163773,0.8715339303016663,0.3539997935295105,0.5611791014671326,-0.09120801836252213,0.9712727665901184,0.2995466887950897,0.5093082785606384,-0.10642407089471817,0.7644940614700317,0.327774316072464,0.5032512545585632,-0.14886648952960968,0.9322615265846252,0.30431926250457764,0.48968732357025146,-0.12909652292728424,0.6636766791343689,0.3212739825248718,0.4869430959224701,-0.17228969931602478,0.8816375732421875,0.3088093400001526,0.49537521600723267,-0.1471422165632248,0.6708729863166809,0.3161725103855133,0.4955742061138153,-0.18735335767269135,0.8808853626251221,0.30848637223243713,0.5018201470375061,-0.11510152369737625,0.6392191052436829,0.31732073426246643,0.5022394061088562,-0.15461111068725586,0.8502731919288635,0.30433449149131775,0.497526615858078,0.0042442334815859795,0.9985741972923279,0.3404623568058014,0.4913824498653412,-0.0042625232599675655,0.9978945255279541,0.3041653633117676,0.34695953130722046,-0.03663010895252228,0.7642320394515991,0.34137392044067383,0.3575977087020874,-0.01937601901590824,0.6635753512382507,0.30483630299568176,0.21088621020317078,0.035860493779182434,0.7114059329032898,0.33578041195869446,0.2324039191007614,0.08601082116365433,0.6020058989524841,0.30758365988731384,0.19352956116199493,0.03743623569607735,0.38386163115501404,0.3348316550254822,0.21856756508350372,0.09187861531972885,0.2981278598308563,0.30616453289985657,0.16835032403469086,-0.059764761477708817,0.6654415130615234,0.33103999495506287,0.18714243173599243,-0.0035638546105474234,0.5982632040977478
sujin_stand_normal_10,84,28,2.8003655352480417,29.99608406213288,10,0.3222316801548004,0.7269006967544556,-0.26584431529045105,0.9997870922088623,0.31738653779029846,0.7364123463630676,-0.2518729865550995,0.9994672536849976,0.3153316080570221,0.735988438129425,-0.2518889307975769,0.9993852376937866,0.3128298819065094,0.7355103492736816,-0.2519300878047943,0.999351441860199,0.3254375755786896,0.7365760207176208,-0.2556012272834778,0.9994705319404602,0.32886675000190735,0.7360849380493164,-0.2556447684764862,0.9994423985481262,0.33156251907348633,0.7356017231941223,-0.2556845545768738,0.9995021820068359,0.30926796793937683,0.7282305955886841,-0.15953946113586426,0.9983159899711609,0.3351772129535675,0.7276440262794495,-0.1774022877216339,0.9993017911911011,0.3173820674419403,0.7128522396087646,-0.22981281578540802,0.9996414184570312,0.32784798741340637,0.713925838470459,-0.23495171964168549,0.9996722340583801,0.2920660972595215,0.6572327613830566,-0.07607563585042953,0.9996373057365417,0.3529571294784546,0.6550420522689819,-0.11779914796352386,0.9995879530906677,0.28862491250038147,0.5704337358474731,-0.030116019770503044,0.8732115030288696,0.35399705171585083,0.5611686110496521,-0.09087661653757095,0.9706961512565613,0.2995818853378296,0.5093385577201843,-0.10611546039581299,0.7675113081932068,0.3277595341205597,0.5032029747962952,-0.14771811664104462,0.9307122826576233,0.30432605743408203,0.48974356055259705,-0.12875719368457794,0.666740357875824,0.3213050663471222,0.4868316650390625,-0.17092828452587128,0.879622757434845,0.30885472893714905,0.49544715881347656,-0.14695116877555847,0.6740678548812866,0.3162108361721039,0.49527955055236816,-0.18613190948963165,0.8789138793945312,0.30856022238731384,0.5019117593765259,-0.11484875530004501,0.642237663269043,0.3173292577266693,0.501980721950531,-0.15348538756370544,0.8481857180595398,0.3043370246887207,0.4975385367870331,0.004196679685264826,0.9985710382461548,0.34053122997283936,0.4914458096027374,-0.00421447167173028,0.9978640675544739,0.3041331470012665,0.34673282504081726,-0.03665206953883171,0.7645536661148071,0.34128573536872864,0.35760611295700073,-0.013370562344789505,0.6587795615196228,0.3046310544013977,0.20855587720870972,0.03284214437007904,0.7117542028427124,0.33578386902809143,0.23253515362739563,0.09654820710420609,0.5980319380760193,0.3072545826435089,0.19099919497966766,0.033967968076467514,0.38189029693603516,0.3348076641559601,0.21848967671394348,0.10270997881889343,0.29524222016334534,0.30585241317749023,0.1579292267560959,-0.06472712010145187,0.6647433042526245,0.3310299515724182,0.18720129132270813,0.008488809689879417,0.5948283672332764
sujin_stand_normal_10,87,29,2.900378590078329,29.99608406213288,10,0.32225215435028076,0.7268573045730591,-0.2653076946735382,0.9997950792312622,0.31740328669548035,0.7363854646682739,-0.2515121102333069,0.999482274055481,0.315353661775589,0.7359629273414612,-0.2515292465686798,0.9994035959243774,0.3128601908683777,0.7354888319969177,-0.251571387052536,0.9993694424629211,0.3254621624946594,0.7365527153015137,-0.2555006146430969,0.9994881749153137,0.32889309525489807,0.7360640168190002,-0.2555445730686188,0.9994634985923767,0.3315892219543457,0.7355851531028748,-0.255585253238678,0.9995182752609253,0.30931395292282104,0.7282242178916931,-0.1592789739370346,0.9983500242233276,0.33521026372909546,0.7276396751403809,-0.17698374390602112,0.9993250370025635,0.3174039125442505,0.7128146886825562,-0.2295011430978775,0.9996521472930908,0.32787004113197327,0.7138976454734802,-0.234893336892128,0.9996819496154785,0.2921147644519806,0.6572276949882507,-0.0757165402173996,0.9996426105499268,0.3529990315437317,0.6550520658493042,-0.11751661449670792,0.9995818734169006,0.2887044847011566,0.5704418420791626,-0.03002294711768627,0.8750447034835815,0.35399129986763,0.5611649751663208,-0.09022288024425507,0.9702858328819275,0.2995854616165161,0.5094496607780457,-0.10752863436937332,0.7716459035873413,0.32775580883026123,0.5032249093055725,-0.14631356298923492,0.9295988082885742,0.3043176829814911,0.48978808522224426,-0.1305166780948639,0.671431303024292,0.32133540511131287,0.48676154017448425,-0.16945603489875793,0.8782076239585876,0.308864563703537,0.4955030083656311,-0.14909352362155914,0.6788536310195923,0.31623873114585876,0.49513137340545654,-0.18482191860675812,0.8775221109390259,0.3085876703262329,0.5019717812538147,-0.1164347305893898,0.6467827558517456,0.31733229756355286,0.5018786787986755,-0.15211887657642365,0.8467228412628174,0.3043353259563446,0.4974764287471771,0.004268041346222162,0.9985677599906921,0.34056395292282104,0.4914485812187195,-0.00428376579657197,0.9978302121162415,0.30415937304496765,0.345490038394928,-0.036475203931331635,0.7684337496757507,0.34123116731643677,0.3575604557991028,-0.009388641454279423,0.6578980684280396,0.30441564321517944,0.20515911281108856,0.029969533905386925,0.7158282995223999,0.3357841372489929,0.23248004913330078,0.10263419151306152,0.5968860387802124,0.30705124139785767,0.1872563660144806,0.03056333214044571,0.3831891417503357,0.33480721712112427,0.2184632420539856,0.108836330473423,0.29342836141586304,0.30557459592819214,0.1535932868719101,-0.06947401165962219,0.6674184799194336,0.3309815227985382,0.18725937604904175,0.01436298806220293,0.5939958691596985
sujin_stand_normal_10,90,30,3.0003916449086163,29.99608406213288,10,0.3222682774066925,0.7268184423446655,-0.2647134065628052,0.9998033046722412,0.3174183964729309,0.7363636493682861,-0.250823974609375,0.9994997382164001,0.3153701424598694,0.7359437346458435,-0.2508428990840912,0.9994240403175354,0.3128768801689148,0.7354728579521179,-0.25088584423065186,0.9993891716003418,0.32547757029533386,0.7365275621414185,-0.2549174427986145,0.9995072484016418,0.32890617847442627,0.7360382676124573,-0.254960834980011,0.9994857907295227,0.3316035568714142,0.7355617880821228,-0.2550007104873657,0.9995359778404236,0.30933326482772827,0.7282175421714783,-0.15857742726802826,0.9983949661254883,0.33522215485572815,0.7276259064674377,-0.1767987459897995,0.9993510246276855,0.3174167275428772,0.7127841711044312,-0.2288944572210312,0.9996634721755981,0.32787975668907166,0.7138692140579224,-0.2344004511833191,0.9996923804283142,0.2921679615974426,0.6572028994560242,-0.07499348372220993,0.9996477365493774,0.3530026078224182,0.6550605297088623,-0.11709776520729065,0.9995784759521484,0.28880444169044495,0.5704565644264221,-0.02998819388449192,0.8769516348838806,0.3539886474609375,0.5611715316772461,-0.0889781191945076,0.9701071977615356,0.2996188998222351,0.5095067024230957,-0.10788866877555847,0.7761439085006714,0.3277624547481537,0.5032351613044739,-0.14615757763385773,0.9291267395019531,0.30432137846946716,0.4898236393928528,-0.1311454176902771,0.6762685179710388,0.3214048445224762,0.48673444986343384,-0.16947844624519348,0.8776581287384033,0.3089032471179962,0.49554696679115295,-0.1497129648923874,0.6837824583053589,0.3162984251976013,0.49504896998405457,-0.18483281135559082,0.8770208358764648,0.30864816904067993,0.5020198225975037,-0.1168496385216713,0.6515050530433655,0.31736239790916443,0.5018235445022583,-0.1519903689622879,0.8462696671485901,0.3043938875198364,0.4975130558013916,0.004348814021795988,0.9985561966896057,0.3406577408313751,0.4915088713169098,-0.004364219959825277,0.9977983832359314,0.3042159974575043,0.34536975622177124,-0.03653761371970177,0.7700953483581543,0.3412274718284607,0.35755521059036255,-0.009800959378480911,0.6569487452507019,0.30428898334503174,0.20503778755664825,0.03139512613415718,0.7169879674911499,0.3357681930065155,0.23242270946502686,0.09973879903554916,0.5954191088676453,0.3069506585597992,0.18722723424434662,0.03237787261605263,0.3825669586658478,0.3348067104816437,0.2184428572654724,0.10551563650369644,0.29184797406196594,0.30538466572761536,0.1531592756509781,-0.067059725522995,0.6672014594078064,0.3308669924736023,0.18729998171329498,0.010722611099481583,0.592183530330658
sujin_stand_normal_10,93,31,3.1004046997389034,29.99608406213288,10,0.3222701847553253,0.7268076539039612,-0.262508749961853,0.9998093843460083,0.3174217641353607,0.7363526225090027,-0.2484588623046875,0.9995114803314209,0.3153728246688843,0.7359324097633362,-0.2484789341688156,0.9994375109672546,0.31287911534309387,0.7354615926742554,-0.24852141737937927,0.9994018077850342,0.3254803717136383,0.736517071723938,-0.25255903601646423,0.9995207190513611,0.3289071023464203,0.7360290884971619,-0.25260183215141296,0.9995024800300598,0.3316064774990082,0.735554039478302,-0.25264260172843933,0.999549388885498,0.3093363642692566,0.7282097339630127,-0.1563086062669754,0.9984195828437805,0.33522549271583557,0.7276216745376587,-0.17488940060138702,0.9993699193000793,0.31741926074028015,0.7127746939659119,-0.22673925757408142,0.9996716976165771,0.3278820812702179,0.7138609886169434,-0.23224931955337524,0.9997005462646484,0.29219430685043335,0.6571404337882996,-0.07292354851961136,0.9996501207351685,0.3530060946941376,0.6550824046134949,-0.11610134690999985,0.9995763897895813,0.28883951902389526,0.5704687833786011,-0.02821105718612671,0.8778387308120728,0.3539985120296478,0.5611868500709534,-0.08813028782606125,0.9700304865837097,0.29965418577194214,0.5095417499542236,-0.10728417336940765,0.7784131169319153,0.3277628719806671,0.5032646656036377,-0.14609412848949432,0.9286332130432129,0.3043527901172638,0.4898530840873718,-0.13081718981266022,0.6783192753791809,0.3214356601238251,0.48674124479293823,-0.1695469319820404,0.8769963979721069,0.3089808225631714,0.49558234214782715,-0.14926894009113312,0.6859492659568787,0.316319078207016,0.49505096673965454,-0.18484191596508026,0.876408040523529,0.3087253272533417,0.5020566582679749,-0.11626185476779938,0.6534892916679382,0.3173713684082031,0.5018370747566223,-0.15192314982414246,0.845680832862854,0.3044825494289398,0.4975129961967468,0.004682329948991537,0.9985432028770447,0.34074729681015015,0.4915162920951843,-0.004699403420090675,0.9977725744247437,0.3041926920413971,0.34534940123558044,-0.03654763847589493,0.769499659538269,0.34122228622436523,0.3575505316257477,-0.011692607775330544,0.6547372341156006,0.30430281162261963,0.20520088076591492,0.03173193335533142,0.715826153755188,0.33575770258903503,0.23236913979053497,0.09686487168073654,0.5930318236351013,0.3069760203361511,0.18744699656963348,0.032794371247291565,0.3801458477973938,0.33480945229530334,0.21844133734703064,0.10259028524160385,0.2894323468208313,0.3053711950778961,0.15329760313034058,-0.06617327779531479,0.6652830839157104,0.33061304688453674,0.18662726879119873,0.00667972257360816,0.5899099111557007
sujin_stand_normal_10,96,32,3.2004177545691905,29.99608406213288,10,0.32227209210395813,0.7268007397651672,-0.26121264696121216,0.9998161792755127,0.317425400018692,0.7363417148590088,-0.24698208272457123,0.9995254278182983,0.3153761029243469,0.7359209060668945,-0.24700284004211426,0.9994534850120544,0.31287381052970886,0.7354503870010376,-0.24704459309577942,0.9994174242019653,0.3254780173301697,0.7365085482597351,-0.25096210837364197,0.9995359182357788,0.3288986384868622,0.7360227704048157,-0.2510033845901489,0.9995204210281372,0.3316071331501007,0.7355502247810364,-0.2510433793067932,0.9995642304420471,0.309338241815567,0.7281990051269531,-0.15488381683826447,0.9984554052352905,0.335223525762558,0.7276219725608826,-0.17317911982536316,0.9993894100189209,0.31743085384368896,0.7127665281295776,-0.2255277782678604,0.9996814131736755,0.3278852701187134,0.713854968547821,-0.23091231286525726,0.99970942735672,0.2922127842903137,0.6570792198181152,-0.07254818081855774,0.9996538162231445,0.3530091941356659,0.6550934314727783,-0.11455711722373962,0.9995735287666321,0.2888459861278534,0.5704782009124756,-0.02818980999290943,0.8791950941085815,0.3539963960647583,0.5611632466316223,-0.08677057176828384,0.9695839881896973,0.2996773421764374,0.5096104145050049,-0.10708162188529968,0.7798959612846375,0.32775965332984924,0.5032572746276855,-0.14544148743152618,0.9274148344993591,0.3043571412563324,0.48987439274787903,-0.1304858773946762,0.6792382001876831,0.321450412273407,0.4866757392883301,-0.16903947293758392,0.8753509521484375,0.30901458859443665,0.49561113119125366,-0.14901429414749146,0.6869399547576904,0.31634435057640076,0.4949791133403778,-0.18432991206645966,0.8748186230659485,0.3087666630744934,0.5020939707756042,-0.1160685196518898,0.6544049978256226,0.31738272309303284,0.5017878413200378,-0.15131983160972595,0.8439878225326538,0.3045442998409271,0.4975000023841858,0.004657968878746033,0.9985425472259521,0.34081175923347473,0.4915147125720978,-0.004675591830164194,0.9977577328681946,0.30462905764579773,0.3453114926815033,-0.03655996173620224,0.7698535919189453,0.34121811389923096,0.35748061537742615,-0.01229419931769371,0.653468668460846,0.3043060004711151,0.20523805916309357,0.03320940211415291,0.7158545851707458,0.33575737476348877,0.23196811974048615,0.0967324823141098,0.5926130414009094,0.306975394487381,0.18758785724639893,0.034528739750385284,0.3783145844936371,0.3348105847835541,0.2182396799325943,0.1025674045085907,0.2884761393070221,0.30534112453460693,0.15293681621551514,-0.06504741311073303,0.6648299694061279,0.3306107223033905,0.18586410582065582,0.006675592623651028,0.5896837115287781
sujin_stand_normal_10,99,33,3.300430809399478,29.99608406213288,10,0.3222687542438507,0.7267935872077942,-0.2571864128112793,0.9998213648796082,0.31741926074028015,0.7363333702087402,-0.2429196685552597,0.9995360970497131,0.3153667449951172,0.7359141707420349,-0.2429404854774475,0.9994661808013916,0.31283411383628845,0.7354426383972168,-0.24298009276390076,0.9994298219680786,0.3254590332508087,0.7365003824234009,-0.24709412455558777,0.9995478391647339,0.32886818051338196,0.7360158562660217,-0.24713383615016937,0.9995344877243042,0.33159589767456055,0.7355450391769409,-0.2471734583377838,0.9995750188827515,0.30932772159576416,0.7281579375267029,-0.150813028216362,0.9984808564186096,0.33520954847335815,0.7276230454444885,-0.17008744180202484,0.999405026435852,0.317435622215271,0.7127612233161926,-0.22145411372184753,0.999689519405365,0.3278868496417999,0.7138502597808838,-0.22706764936447144,0.9997169971466064,0.2922559082508087,0.657040536403656,-0.06978198885917664,0.9996572136878967,0.3530120849609375,0.6550889611244202,-0.11195443570613861,0.9995712637901306,0.28886517882347107,0.5704855918884277,-0.028471918776631355,0.8802574872970581,0.35398709774017334,0.5611650347709656,-0.08388907462358475,0.9693191647529602,0.2996831238269806,0.5098475217819214,-0.11270296573638916,0.7823135256767273,0.3277287781238556,0.5032715201377869,-0.14181987941265106,0.9266201853752136,0.30436134338378906,0.4898991882801056,-0.13721755146980286,0.682077169418335,0.32144975662231445,0.48667263984680176,-0.16533547639846802,0.8743261694908142,0.3090282678604126,0.49563294649124146,-0.15518775582313538,0.6898630261421204,0.31634390354156494,0.4949907660484314,-0.1809242069721222,0.873835563659668,0.3087858259677887,0.5021978616714478,-0.12168309837579727,0.657179057598114,0.3173683285713196,0.5017940402030945,-0.14775297045707703,0.8429340124130249,0.3045486509799957,0.49736374616622925,0.00478958897292614,0.9985443353652954,0.3408122658729553,0.49135059118270874,-0.004806394688785076,0.9977434277534485,0.3048996925354004,0.34478676319122314,-0.03527914360165596,0.771979808807373,0.341183602809906,0.35734108090400696,-0.011236375197768211,0.653752863407135,0.30421826243400574,0.20436698198318481,0.03382540121674538,0.7179068922996521,0.3357582688331604,0.23182527720928192,0.09993365406990051,0.5925401449203491,0.30691319704055786,0.18675804138183594,0.03482108563184738,0.37827837467193604,0.334811806678772,0.21810689568519592,0.10599000751972198,0.2875766456127167,0.3052774667739868,0.15185190737247467,-0.06433936208486557,0.6662310361862183,0.33059927821159363,0.18553432822227478,0.010074619203805923,0.589905321598053
sujin_stand_normal_10,102,34,3.400443864229765,29.99608406213288,10,0.3222060203552246,0.7267898321151733,-0.25490015745162964,0.9998243451118469,0.3173827528953552,0.7363129258155823,-0.2405189573764801,0.9995415210723877,0.3153124749660492,0.7358896732330322,-0.240540012717247,0.9994730949401855,0.31271472573280334,0.7354096174240112,-0.24057957530021667,0.9994359612464905,0.3254046142101288,0.7364881634712219,-0.2446889728307724,0.9995543360710144,0.32879170775413513,0.7360053658485413,-0.2447274625301361,0.9995429515838623,0.33155596256256104,0.7355358004570007,-0.2447679340839386,0.9995806813240051,0.30927741527557373,0.7280811071395874,-0.14795547723770142,0.9984940886497498,0.3351666331291199,0.7276175618171692,-0.16714119911193848,0.9994137287139893,0.31740814447402954,0.7127471566200256,-0.21897955238819122,0.9996938705444336,0.32784146070480347,0.7138453722000122,-0.22454410791397095,0.9997208714485168,0.2922561764717102,0.656951367855072,-0.06752243638038635,0.9996585249900818,0.353010356426239,0.6550413370132446,-0.10984095185995102,0.9995651245117188,0.28884968161582947,0.5704978704452515,-0.028908388689160347,0.8807000517845154,0.3539792597293854,0.5611680150032043,-0.08306104689836502,0.9688201546669006,0.29968830943107605,0.5101522207260132,-0.1157098114490509,0.7832000255584717,0.3275756537914276,0.5035488605499268,-0.14122869074344635,0.9250009059906006,0.30432528257369995,0.48996061086654663,-0.1405017226934433,0.683026909828186,0.32142749428749084,0.48668619990348816,-0.1648825705051422,0.872019350528717,0.30903926491737366,0.49568289518356323,-0.158198744058609,0.6908777356147766,0.31632062792778015,0.49506598711013794,-0.18040281534194946,0.8715546131134033,0.30879858136177063,0.5023602247238159,-0.12466103583574295,0.6579893827438354,0.31731006503105164,0.501987636089325,-0.1471528857946396,0.8403714895248413,0.30454471707344055,0.49698665738105774,0.004854793194681406,0.998541533946991,0.3407764732837677,0.49098894000053406,-0.0048701283521950245,0.9977233409881592,0.30490541458129883,0.344302773475647,-0.03425805643200874,0.775161862373352,0.34116417169570923,0.357206791639328,-0.01051091868430376,0.6559644341468811,0.3039757311344147,0.20361419022083282,0.03721952065825462,0.7211700677871704,0.3357284963130951,0.2316550314426422,0.10247603803873062,0.5945934057235718,0.30671727657318115,0.1861170381307602,0.03840310499072075,0.37865516543388367,0.3347596824169159,0.2179160863161087,0.10869334638118744,0.28791654109954834,0.305176317691803,0.151066854596138,-0.06237773224711418,0.6689939498901367,0.3305991590023041,0.1853557974100113,0.012386065907776356,0.592154860496521
sujin_stand_normal_10,105,35,3.5004569190600523,29.99608406213288,10,0.3220450282096863,0.726783812046051,-0.25005969405174255,0.9998267292976379,0.31730222702026367,0.7362795472145081,-0.23568123579025269,0.9995466470718384,0.31519609689712524,0.7358532547950745,-0.23570264875888824,0.9994802474975586,0.3125140070915222,0.7353547811508179,-0.23574060201644897,0.9994429349899292,0.3252660036087036,0.7364716529846191,-0.23993752896785736,0.999559760093689,0.3285995423793793,0.7359980344772339,-0.23997411131858826,0.999549925327301,0.33143991231918335,0.7355311512947083,-0.24001362919807434,0.9995853304862976,0.3091793656349182,0.7279902100563049,-0.1432604044675827,0.9985139966011047,0.3350529670715332,0.7276146411895752,-0.16264505684375763,0.9994233846664429,0.3173287808895111,0.712739109992981,-0.2141994833946228,0.9996997714042664,0.3276994824409485,0.7138484120368958,-0.21980129182338715,0.999725878238678,0.2922389805316925,0.6568881869316101,-0.06398551911115646,0.9996623992919922,0.3529815971851349,0.6549824476242065,-0.10660691559314728,0.9995632171630859,0.2888171374797821,0.5706122517585754,-0.030288035050034523,0.8808668851852417,0.3539745509624481,0.5611633062362671,-0.08082949370145798,0.9685140252113342,0.2996661067008972,0.5108148455619812,-0.12362483888864517,0.7833786010742188,0.3273225426673889,0.5037503242492676,-0.13852646946907043,0.9235087633132935,0.3041734993457794,0.49019232392311096,-0.1495409905910492,0.6834403872489929,0.321319043636322,0.4867313504219055,-0.1623685657978058,0.8698016405105591,0.3090144097805023,0.4958215355873108,-0.16704651713371277,0.6913371682167053,0.316171258687973,0.4951592981815338,-0.17787174880504608,0.8693388104438782,0.3088013827800751,0.5026153922080994,-0.13274334371089935,0.6583265066146851,0.3171482980251312,0.502180814743042,-0.14444507658481598,0.8378526568412781,0.3045453727245331,0.49657729268074036,0.0050786929205060005,0.9985542893409729,0.3407765328884125,0.4907189905643463,-0.005090522114187479,0.9977223873138428,0.30493900179862976,0.34233489632606506,-0.03271305188536644,0.7808995842933655,0.3411928415298462,0.35684770345687866,-0.00753674004226923,0.6618793606758118,0.3038981854915619,0.20190660655498505,0.038804687559604645,0.7275134325027466,0.33572831749916077,0.23163272440433502,0.10806850343942642,0.5989465117454529,0.3066698908805847,0.18454565107822418,0.03986881673336029,0.380678653717041,0.33470553159713745,0.21784257888793945,0.11444894969463348,0.2885391116142273,0.30513447523117065,0.14985011518001556,-0.06210552155971527,0.674785315990448,0.3306058347225189,0.18532352149486542,0.017360270023345947,0.596928596496582
sujin_stand_normal_10,108,36,3.6004699738903394,29.99608406213288,10,0.3216734528541565,0.7267159819602966,-0.24653492867946625,0.9998278021812439,0.31715336441993713,0.7362139821052551,-0.23239311575889587,0.9995473623275757,0.3149939179420471,0.7357895374298096,-0.2324133664369583,0.9994824528694153,0.31224486231803894,0.7352890968322754,-0.2324489951133728,0.9994445443153381,0.3250225782394409,0.7364183068275452,-0.23675872385501862,0.9995617866516113,0.32828330993652344,0.7359650731086731,-0.23679406940937042,0.9995533227920532,0.33124369382858276,0.7354992628097534,-0.23683318495750427,0.99958735704422,0.3090735673904419,0.7279497385025024,-0.14070941507816315,0.9985193014144897,0.33492469787597656,0.7276120185852051,-0.16040296852588654,0.9994314312934875,0.3171277344226837,0.7127031087875366,-0.21091075241565704,0.9997039437294006,0.3272949457168579,0.7138315439224243,-0.21659411489963531,0.9997303485870361,0.2921684980392456,0.6568830013275146,-0.06120675429701805,0.9996649622917175,0.3529130518436432,0.6549732089042664,-0.10551545768976212,0.9995660781860352,0.2887687683105469,0.5706692337989807,-0.030240008607506752,0.8796626925468445,0.3539804220199585,0.5611650943756104,-0.07977224141359329,0.9686437845230103,0.2995242774486542,0.5113254189491272,-0.1230580136179924,0.7808359861373901,0.3269425332546234,0.5040607452392578,-0.13626116514205933,0.9223442077636719,0.3038989007472992,0.49035876989364624,-0.14871631562709808,0.6810186505317688,0.3211748003959656,0.4868333041667938,-0.15996292233467102,0.8679021000862122,0.30891478061676025,0.4959057867527008,-0.16630148887634277,0.688957929611206,0.315964013338089,0.49529021978378296,-0.1752905696630478,0.8674045205116272,0.308744877576828,0.5027890801429749,-0.13223741948604584,0.6558513045310974,0.3169419467449188,0.5023983716964722,-0.1420900672674179,0.8357214331626892,0.3045446276664734,0.49621498584747314,0.005753119010478258,0.9985648393630981,0.3407837748527527,0.4905499517917633,-0.005760313011705875,0.9977257251739502,0.30398237705230713,0.34152036905288696,-0.03170403465628624,0.7875644564628601,0.34127649664878845,0.35642313957214355,-0.006009387318044901,0.6695123910903931,0.3035476803779602,0.20019423961639404,0.03814781829714775,0.7355759739875793,0.33573243021965027,0.2316368669271469,0.10974876582622528,0.6046324968338013,0.30640697479248047,0.18287929892539978,0.038852937519550323,0.38390469551086426,0.33468252420425415,0.2178194671869278,0.11609366536140442,0.2901495397090912,0.30487120151519775,0.14777334034442902,-0.06488611549139023,0.6826021075248718,0.33057501912117004,0.18530957400798798,0.019013047218322754,0.6030678749084473
sujin_stand_normal_10,111,37,3.700483028720627,29.99608406213288,10,0.32134345173835754,0.7266829013824463,-0.2456064224243164,0.9998270869255066,0.3170012831687927,0.7361851930618286,-0.23157772421836853,0.9995425939559937,0.31479471921920776,0.7357629537582397,-0.23159827291965485,0.9994788765907288,0.31201332807540894,0.7352641820907593,-0.23163370788097382,0.9994401931762695,0.32479000091552734,0.7363985776901245,-0.23573824763298035,0.9995592832565308,0.32798993587493896,0.7359552383422852,-0.235773503780365,0.999552845954895,0.331055611371994,0.7354894280433655,-0.2358146607875824,0.9995859265327454,0.30897945165634155,0.7279343008995056,-0.14042459428310394,0.9985073208808899,0.33480340242385864,0.7276186943054199,-0.15931037068367004,0.9994339942932129,0.31695181131362915,0.7126882672309875,-0.21019186079502106,0.9997049570083618,0.32699790596961975,0.7138268351554871,-0.21563619375228882,0.9997326731681824,0.2920873463153839,0.6568926572799683,-0.06119918450713158,0.9996652603149414,0.35289573669433594,0.6549667119979858,-0.10334191471338272,0.9995639324188232,0.2886658310890198,0.5707804560661316,-0.027079662308096886,0.8787970542907715,0.35407859086990356,0.5611599087715149,-0.07814431935548782,0.9687768816947937,0.29939335584640503,0.5115700960159302,-0.11968109011650085,0.7793536186218262,0.32681262493133545,0.5041443705558777,-0.13707512617111206,0.9219763278961182,0.30364280939102173,0.4903968572616577,-0.1460709571838379,0.6798996925354004,0.32108888030052185,0.4868902564048767,-0.16108371317386627,0.8672201037406921,0.30875885486602783,0.4959275424480438,-0.16563422977924347,0.6878340244293213,0.3158702254295349,0.49539411067962646,-0.17633230984210968,0.8666905164718628,0.3086303472518921,0.5028029084205627,-0.1296582818031311,0.6544917225837708,0.31685811281204224,0.5025256872177124,-0.1429392546415329,0.8349229693412781,0.3044738471508026,0.4960452616214752,0.005746298469603062,0.9985684156417847,0.3407673239707947,0.49050384759902954,-0.005755074787884951,0.9977250099182129,0.3036941885948181,0.340580552816391,-0.03179936110973358,0.797416090965271,0.34131425619125366,0.35526740550994873,-0.006295150611549616,0.681122362613678,0.3034578561782837,0.19855986535549164,0.037762079387903214,0.7474309206008911,0.3357759118080139,0.23163871467113495,0.10828035324811935,0.6165552735328674,0.3079122304916382,0.18306763470172882,0.03827059641480446,0.39200451970100403,0.33468547463417053,0.2178094983100891,0.1144343838095665,0.2966674268245697,0.3042488396167755,0.1393551081418991,-0.06692982465028763,0.6940916180610657,0.3305980861186981,0.18522924184799194,0.017250780016183853,0.6143381595611572
sujin_stand_normal_10,114,38,3.800496083550914,29.99608406213288,10,0.32107865810394287,0.7266454696655273,-0.2475738674402237,0.9998246431350708,0.31686586141586304,0.736164391040802,-0.2335204780101776,0.9995332360267639,0.3146272897720337,0.7357444763183594,-0.23354056477546692,0.9994685053825378,0.311832994222641,0.7352455258369446,-0.2335774004459381,0.999428391456604,0.3245772123336792,0.7363865375518799,-0.23763729631900787,0.9995536804199219,0.3277212977409363,0.7359509468078613,-0.2376742660999298,0.9995496273040771,0.3308715522289276,0.7354853749275208,-0.23771566152572632,0.9995836019515991,0.30889979004859924,0.7279179692268372,-0.1420925259590149,0.9984747171401978,0.334665983915329,0.7276370525360107,-0.1608826071023941,0.9994343519210815,0.31682083010673523,0.7126647233963013,-0.21203379333019257,0.9997014999389648,0.3267750144004822,0.7138238549232483,-0.21745522320270538,0.9997321367263794,0.2920241355895996,0.6568896770477295,-0.062050845474004745,0.9996556043624878,0.3528454005718231,0.6549548506736755,-0.10436848551034927,0.9995616674423218,0.2886018455028534,0.57087641954422,-0.022585546597838402,0.8752391338348389,0.3541550934314728,0.5611843466758728,-0.07874343544244766,0.968965470790863,0.299219012260437,0.5116588473320007,-0.10751499980688095,0.7716729044914246,0.3267926871776581,0.5043759942054749,-0.13767078518867493,0.9217056035995483,0.30333319306373596,0.49043500423431396,-0.13167577981948853,0.6718903183937073,0.321079283952713,0.4869430661201477,-0.1613660305738449,0.8666045069694519,0.3084999918937683,0.49593478441238403,-0.1516367346048355,0.6799171566963196,0.31586772203445435,0.4955257177352905,-0.17680025100708008,0.8660748600959778,0.3084111511707306,0.5028399229049683,-0.11747189611196518,0.64668869972229,0.31685206294059753,0.5027114152908325,-0.14353708922863007,0.8342390656471252,0.30447500944137573,0.4960477948188782,0.00569934444501996,0.9985558986663818,0.340762734413147,0.4905778169631958,-0.005706536117941141,0.9977149963378906,0.30373719334602356,0.3406430184841156,-0.031896255910396576,0.8046571016311646,0.34139707684516907,0.3552258312702179,-0.006740851327776909,0.6899333596229553,0.30343928933143616,0.1989440619945526,0.03967474028468132,0.7558766603469849,0.33584797382354736,0.23253154754638672,0.10732145607471466,0.6253820657730103,0.30905207991600037,0.18522289395332336,0.04059407860040665,0.3966931402683258,0.3346900939941406,0.21791870892047882,0.11353299021720886,0.3012339174747467,0.30425527691841125,0.141095370054245,-0.0658019483089447,0.701742947101593,0.33069297671318054,0.18649430572986603,0.016265438869595528,0.6224676966667175
sujin_stand_normal_10,117,39,3.900509138381201,29.99608406213288,10,0.3208537697792053,0.7266237735748291,-0.24863006174564362,0.9998214244842529,0.316739559173584,0.7361477017402649,-0.23456454277038574,0.9995211958885193,0.31446805596351624,0.7357287406921387,-0.23458446562290192,0.9994545578956604,0.31166794896125793,0.7352259159088135,-0.23462186753749847,0.9994128942489624,0.32438597083091736,0.7363812923431396,-0.2386617660522461,0.9995450973510742,0.32748091220855713,0.7359442710876465,-0.23869943618774414,0.999543309211731,0.3306928277015686,0.7354797720909119,-0.23874075710773468,0.9995784759521484,0.30881136655807495,0.7278984785079956,-0.14300282299518585,0.9984251856803894,0.3345238268375397,0.7276824712753296,-0.16173401474952698,0.9994305968284607,0.31670916080474854,0.7126437425613403,-0.21303407847881317,0.9996982216835022,0.32659202814102173,0.7138209342956543,-0.21844826638698578,0.9997315406799316,0.29191505908966064,0.6568881869316101,-0.06235701963305473,0.9996479153633118,0.35281476378440857,0.654944896697998,-0.10497848689556122,0.9995606541633606,0.2885147035121918,0.5708979964256287,-0.022053543478250504,0.8725540637969971,0.35432860255241394,0.5612232089042664,-0.07894068211317062,0.9693887233734131,0.299189954996109,0.5116953253746033,-0.10676424950361252,0.7666305303573608,0.32679349184036255,0.5044309496879578,-0.1391017884016037,0.9218252301216125,0.3033055067062378,0.4904510974884033,-0.13083375990390778,0.6664390563964844,0.321067214012146,0.48695141077041626,-0.1636100858449936,0.8665550947189331,0.3084527850151062,0.4959406554698944,-0.15026253461837769,0.6744746565818787,0.31585559248924255,0.4955739378929138,-0.17851047217845917,0.8659955263137817,0.3083657920360565,0.502866268157959,-0.11649969965219498,0.6412565112113953,0.3168445825576782,0.5027672648429871,-0.14488105475902557,0.8341600894927979,0.30447524785995483,0.49611833691596985,0.005977508146315813,0.998559832572937,0.3407610058784485,0.49066975712776184,-0.005985332652926445,0.9977232217788696,0.30380183458328247,0.3406996428966522,-0.03206236660480499,0.8109352588653564,0.3415389060974121,0.3552117347717285,-0.0070122238248586655,0.6979970335960388,0.3034033477306366,0.19922810792922974,0.04426021873950958,0.7629242539405823,0.33618828654289246,0.23373748362064362,0.1097632572054863,0.6322320103645325,0.309476375579834,0.1864098757505417,0.04591112583875656,0.4003700017929077,0.33513396978378296,0.2198878824710846,0.11648101359605789,0.30371615290641785,0.3042573630809784,0.1421269327402115,-0.05978621914982796,0.7083548903465271,0.3308362662792206,0.1876891553401947,0.018402891233563423,0.6289414763450623
sujin_stand_normal_10,120,40,4.000522193211489,29.99608406213288,10,0.32070615887641907,0.7266187071800232,-0.24924997985363007,0.9998180270195007,0.316652774810791,0.7361395359039307,-0.23517292737960815,0.9995093941688538,0.3143618702888489,0.735719621181488,-0.23519250750541687,0.9994409084320068,0.3115523159503937,0.7352174520492554,-0.23523001372814178,0.9993976950645447,0.3242539167404175,0.7363727688789368,-0.2392607480287552,0.9995364546775818,0.32731714844703674,0.7359398007392883,-0.23929886519908905,0.9995369911193848,0.3305639326572418,0.7354800701141357,-0.2393403947353363,0.9995735883712769,0.30873051285743713,0.727886974811554,-0.14350607991218567,0.9983776211738586,0.33440735936164856,0.7277467250823975,-0.16218294203281403,0.9994267821311951,0.3166210949420929,0.712632954120636,-0.21361248195171356,0.9996948838233948,0.32645851373672485,0.7138223648071289,-0.2190115749835968,0.9997310042381287,0.29179126024246216,0.6569011211395264,-0.0619853138923645,0.9996412396430969,0.35278505086898804,0.6549373865127563,-0.10536912828683853,0.9995614886283875,0.28837117552757263,0.5709518194198608,-0.020428678020834923,0.869598388671875,0.3543878197669983,0.5612324476242065,-0.079249307513237,0.969860851764679,0.29916438460350037,0.5117564797401428,-0.10456538945436478,0.7608767747879028,0.32682034373283386,0.5044406056404114,-0.1394370049238205,0.9220412373542786,0.3032374382019043,0.49049094319343567,-0.12852151691913605,0.6603459715843201,0.3210664689540863,0.4869607388973236,-0.16424371302127838,0.866704523563385,0.30838558077812195,0.4959438741207123,-0.14777179062366486,0.6684123277664185,0.31585603952407837,0.4955807626247406,-0.17906107008457184,0.8661366701126099,0.3083123564720154,0.5028818249702454,-0.11424321681261063,0.6353266835212708,0.3168485760688782,0.5027731657028198,-0.14521975815296173,0.8343381285667419,0.30450040102005005,0.49618998169898987,0.006460880860686302,0.9985639452934265,0.3407622277736664,0.4907993972301483,-0.006470076739788055,0.9977295994758606,0.30385643243789673,0.34071385860443115,-0.03203140199184418,0.8160946369171143,0.3416402041912079,0.3552205264568329,-0.007138846907764673,0.704626739025116,0.3034241795539856,0.19946788251399994,0.04642857611179352,0.7691137194633484,0.33649933338165283,0.23464100062847137,0.10974805802106857,0.6377988457679749,0.3101826310157776,0.18741931021213531,0.048291899263858795,0.4036948084831238,0.3356339633464813,0.22117632627487183,0.1165035292506218,0.3054918646812439,0.30424076318740845,0.14305782318115234,-0.05650431662797928,0.7142454981803894,0.3308730721473694,0.18843519687652588,0.0183324683457613,0.6344118714332581
sujin_stand_normal_10,123,41,4.100535248041775,29.99608406213288,10,0.32060298323631287,0.7266142964363098,-0.2493995726108551,0.9998145699501038,0.3165857195854187,0.7361321449279785,-0.2352311909198761,0.99949711561203,0.31428420543670654,0.7357109189033508,-0.23525071144104004,0.999427318572998,0.31146982312202454,0.7352078557014465,-0.23528841137886047,0.9993829131126404,0.32415327429771423,0.736365795135498,-0.2393515259027481,0.9995272159576416,0.32719412446022034,0.7359353303909302,-0.23938962817192078,0.9995298385620117,0.3304585814476013,0.7354789972305298,-0.23942965269088745,0.9995679259300232,0.3086671531200409,0.7278763055801392,-0.14367324113845825,0.9983361959457397,0.33428245782852173,0.7278007864952087,-0.1623113602399826,0.9994214773178101,0.3165578842163086,0.7126266956329346,-0.21372416615486145,0.99969083070755,0.3263622224330902,0.7138230204582214,-0.2191765457391739,0.9997291564941406,0.29162725806236267,0.6568999290466309,-0.062217798084020615,0.9996342062950134,0.35274457931518555,0.6549373865127563,-0.10554202646017075,0.9995631575584412,0.2882736921310425,0.5709631443023682,-0.020540358498692513,0.8670641183853149,0.3544628322124481,0.5612347722053528,-0.07946829497814178,0.9701880812644958,0.29916778206825256,0.5117708444595337,-0.10259231179952621,0.7547310590744019,0.32687458395957947,0.504447340965271,-0.14035837352275848,0.921976625919342,0.3032417893409729,0.49050405621528625,-0.12600448727607727,0.6535214185714722,0.3210640847682953,0.48696866631507874,-0.1652134209871292,0.8663483262062073,0.3083772659301758,0.49591562151908875,-0.1452767252922058,0.6615710258483887,0.31585586071014404,0.4955863654613495,-0.17999456822872162,0.8657609224319458,0.3083041310310364,0.5028623938560486,-0.11219472438097,0.6286088228225708,0.316851943731308,0.502781331539154,-0.14618061482906342,0.8339074850082397,0.304502010345459,0.4961916208267212,0.006442049518227577,0.9985612034797668,0.34076258540153503,0.490821897983551,-0.006450972985476255,0.9977350831031799,0.30386024713516235,0.34072843194007874,-0.031427014619112015,0.8209663033485413,0.34166958928108215,0.3552217483520508,-0.007221419829875231,0.7112727165222168,0.3034639060497284,0.19995351135730743,0.046873874962329865,0.7746365666389465,0.3364942967891693,0.2347320318222046,0.1105768010020256,0.6442196369171143,0.31051018834114075,0.1889103502035141,0.0485975481569767,0.4068322479724884,0.33562391996383667,0.2216019630432129,0.11725965887308121,0.30811595916748047,0.3042459785938263,0.14335747063159943,-0.05604071170091629,0.7196143865585327,0.33090150356292725,0.1884981393814087,0.01871076226234436,0.640728235244751
sujin_stand_normal_10,126,42,4.200548302872063,29.99608406213288,10,0.3204475939273834,0.726609468460083,-0.24948649108409882,0.9998109936714172,0.31649285554885864,0.736125648021698,-0.23530656099319458,0.999485433101654,0.3141723871231079,0.7357059717178345,-0.2353261262178421,0.9994142055511475,0.31136325001716614,0.7352021932601929,-0.23536403477191925,0.9993689656257629,0.3240188956260681,0.7363606691360474,-0.23947641253471375,0.9995182752609253,0.32702991366386414,0.7359314560890198,-0.239515021443367,0.9995225071907043,0.330318808555603,0.7354782819747925,-0.23955678939819336,0.9995620250701904,0.308603972196579,0.7278680205345154,-0.1438656449317932,0.9982942938804626,0.3341692388057709,0.7278521656990051,-0.16260313987731934,0.9994165301322937,0.31647592782974243,0.7126211524009705,-0.21388424932956696,0.9996864199638367,0.32623985409736633,0.7138248085975647,-0.2192172110080719,0.9997271299362183,0.2915586233139038,0.6569008231163025,-0.06240256503224373,0.9996277093887329,0.3527129590511322,0.6549358367919922,-0.10613999515771866,0.9995623230934143,0.28821122646331787,0.570989727973938,-0.019601993262767792,0.8638865947723389,0.3544827103614807,0.5612329840660095,-0.07978285849094391,0.9704558253288269,0.29916226863861084,0.5118085145950317,-0.10177871584892273,0.7483727931976318,0.32691681385040283,0.5044517517089844,-0.14098338782787323,0.921765923500061,0.3032279908657074,0.49054092168807983,-0.1252502202987671,0.6468219757080078,0.32107284665107727,0.4869748055934906,-0.16587814688682556,0.865854024887085,0.308340460062027,0.4959104657173157,-0.14463311433792114,0.6549031734466553,0.3158598244190216,0.4955970346927643,-0.18079346418380737,0.8652553558349609,0.30827099084854126,0.5028637647628784,-0.11144765466451645,0.6220354437828064,0.3168577253818512,0.5027896165847778,-0.14687389135360718,0.8333439230918884,0.30450665950775146,0.49620237946510315,0.006643954198807478,0.9985618591308594,0.34076282382011414,0.4909246861934662,-0.006652254145592451,0.9977390170097351,0.3038574159145355,0.34075042605400085,-0.03150855749845505,0.8255109190940857,0.3417317569255829,0.355364590883255,-0.0074690417386591434,0.7172131538391113,0.30345630645751953,0.1999957412481308,0.04622577503323555,0.7800854444503784,0.3365025818347931,0.23537959158420563,0.11192985624074936,0.6494190692901611,0.3104836642742157,0.18965663015842438,0.04786156490445137,0.4100145101547241,0.33564460277557373,0.22237609326839447,0.11876137554645538,0.31022241711616516,0.30425402522087097,0.14363862574100494,-0.05647783353924751,0.7248550653457642,0.33094170689582825,0.18902680277824402,0.020124264061450958,0.6458961963653564
sujin_stand_normal_10,129,43,4.30056135770235,29.99608406213288,10,0.32029324769973755,0.7266043424606323,-0.24567528069019318,0.9998043775558472,0.31641292572021484,0.7361199259757996,-0.23158062994480133,0.9994676113128662,0.314084529876709,0.7357004880905151,-0.23160158097743988,0.9993952512741089,0.31128427386283875,0.7351959943771362,-0.2316369265317917,0.9993494153022766,0.32390156388282776,0.7363565564155579,-0.23602041602134705,0.9995015263557434,0.32689011096954346,0.7359280586242676,-0.23605796694755554,0.9995071291923523,0.3302041292190552,0.7354760766029358,-0.23610180616378784,0.9995482563972473,0.308571457862854,0.7278590798377991,-0.140090212225914,0.9982396960258484,0.33409789204597473,0.7278743386268616,-0.16003404557704926,0.9994024038314819,0.31638815999031067,0.712611973285675,-0.21010543406009674,0.9996803998947144,0.32610177993774414,0.7138252854347229,-0.21582822501659393,0.9997231960296631,0.29148048162460327,0.6569415926933289,-0.05937053635716438,0.9996236562728882,0.3526689112186432,0.6549103856086731,-0.10482829064130783,0.9995595216751099,0.28818148374557495,0.5711013674736023,-0.019305843859910965,0.8602901697158813,0.3544810712337494,0.5612283945083618,-0.07886486500501633,0.970676064491272,0.2990630567073822,0.5120725035667419,-0.10370617359876633,0.7430825233459473,0.326917439699173,0.5044324398040771,-0.13977812230587006,0.9212674498558044,0.30292946100234985,0.4907527267932892,-0.1286647915840149,0.6418480277061462,0.3210688829421997,0.4869752526283264,-0.1647205948829651,0.8650440573692322,0.3081184923648834,0.4959304928779602,-0.14860934019088745,0.6500558257102966,0.3158247768878937,0.4955986440181732,-0.17984434962272644,0.8644353747367859,0.30809634923934937,0.5028757452964783,-0.11396007239818573,0.6172942519187927,0.3168167173862457,0.5027787685394287,-0.14575137197971344,0.8324309587478638,0.3044399619102478,0.4962007999420166,0.007196277845650911,0.9985676407814026,0.340690940618515,0.49097588658332825,-0.007199267391115427,0.9977462887763977,0.3037199079990387,0.3407773971557617,-0.031521473079919815,0.8298649191856384,0.3417447805404663,0.3553617298603058,-0.007533577270805836,0.7239596247673035,0.3034806251525879,0.2001590132713318,0.04726029559969902,0.7849647998809814,0.33656543493270874,0.2359931915998459,0.11335776001214981,0.6544467806816101,0.3106541037559509,0.19001296162605286,0.04900557920336723,0.4135006368160248,0.3357097804546356,0.22294248640537262,0.12036807090044022,0.31179749965667725,0.30425670742988586,0.1438474953174591,-0.056071750819683075,0.7298116087913513,0.33100706338882446,0.18960356712341309,0.021177852526307106,0.6507259607315063
sujin_stand_normal_10,132,44,4.400574412532637,29.99608406213288,10,0.3202400803565979,0.7265991568565369,-0.2435939610004425,0.9997981190681458,0.3163762092590332,0.7361147403717041,-0.22957076132297516,0.9994503259658813,0.3140491247177124,0.7356945276260376,-0.2295931875705719,0.9993768334388733,0.311247855424881,0.73518967628479,-0.22962860763072968,0.9993293881416321,0.3238571286201477,0.7363522052764893,-0.23401883244514465,0.9994853734970093,0.3268464505672455,0.7359248995780945,-0.23405636847019196,0.9994917511940002,0.3301658034324646,0.7354743480682373,-0.2341011017560959,0.9995338916778564,0.30854761600494385,0.7278512716293335,-0.13813649117946625,0.9981871247291565,0.33407512307167053,0.7278897166252136,-0.15816646814346313,0.999387800693512,0.3163383901119232,0.712602972984314,-0.20803570747375488,0.9996747970581055,0.3260480463504791,0.7138273119926453,-0.2137867957353592,0.9997191429138184,0.29142871499061584,0.6570145487785339,-0.0577847845852375,0.9996217489242554,0.35265177488327026,0.6549062132835388,-0.10346624255180359,0.9995594024658203,0.28817474842071533,0.5712377429008484,-0.019530462101101875,0.8566705584526062,0.35448160767555237,0.5612392425537109,-0.07736645638942719,0.9707900285720825,0.2990071177482605,0.5122787356376648,-0.10712460428476334,0.7377083897590637,0.3269217610359192,0.5044246315956116,-0.1375226229429245,0.9207571744918823,0.30277761816978455,0.49088695645332336,-0.13282011449337006,0.6370339393615723,0.3210696876049042,0.4869794547557831,-0.16230405867099762,0.8643692135810852,0.3080143332481384,0.4959419071674347,-0.1525997668504715,0.6453769207000732,0.3158111274242401,0.4956025183200836,-0.17769533395767212,0.8637630939483643,0.3080182373523712,0.5028871297836304,-0.11746358126401901,0.6128687858581543,0.31679925322532654,0.5027723908424377,-0.14356541633605957,0.8316832780838013,0.3043616712093353,0.4961760938167572,0.007511246483772993,0.9985803365707397,0.34060394763946533,0.49098002910614014,-0.007510127499699593,0.9977547526359558,0.30345389246940613,0.3408266305923462,-0.03211921080946922,0.8323289155960083,0.34170395135879517,0.3553520441055298,-0.007335387635976076,0.7271542549133301,0.30331531167030334,0.2002716213464737,0.04708191007375717,0.7872965335845947,0.3365568518638611,0.23602880537509918,0.11570627987384796,0.6556376814842224,0.31059208512306213,0.18997396528720856,0.048720888793468475,0.4150976836681366,0.33570635318756104,0.22292940318584442,0.12287037819623947,0.31146591901779175,0.3042353093624115,0.14414533972740173,-0.05660273879766464,0.7323082685470581,0.33100879192352295,0.18985749781131744,0.02399502880871296,0.652243435382843
sujin_stand_normal_10,135,45,4.500587467362925,29.99608406213288,10,0.32017603516578674,0.7265884876251221,-0.24112170934677124,0.9997904896736145,0.3163377046585083,0.7361007332801819,-0.22711855173110962,0.9994279146194458,0.31401169300079346,0.7356823086738586,-0.22714190185070038,0.9993528723716736,0.31121399998664856,0.7351771593093872,-0.22717690467834473,0.9993051886558533,0.3237961232662201,0.7363383769989014,-0.23167799413204193,0.9994649887084961,0.3267761170864105,0.7359166741371155,-0.2317139357328415,0.999472439289093,0.330104261636734,0.7354657053947449,-0.23175844550132751,0.9995163679122925,0.30853036046028137,0.7278406023979187,-0.13618946075439453,0.9981216192245483,0.3340364098548889,0.7278914451599121,-0.15672525763511658,0.9993667006492615,0.31629401445388794,0.7125944495201111,-0.2057991474866867,0.9996666312217712,0.3259710371494293,0.7138257622718811,-0.21171648800373077,0.999713122844696,0.2914339303970337,0.6570320129394531,-0.056693486869335175,0.9996162056922913,0.35263165831565857,0.6549172401428223,-0.10269578546285629,0.999552845954895,0.2881583571434021,0.5714114904403687,-0.015947850421071053,0.8531221747398376,0.3544836640357971,0.5612919926643372,-0.07711397111415863,0.970729410648346,0.29894909262657166,0.5123519897460938,-0.10000091046094894,0.7308940291404724,0.3269231915473938,0.5044491291046143,-0.13691921532154083,0.9194967746734619,0.3027186393737793,0.4908963739871979,-0.1244329959154129,0.6302897334098816,0.3210713565349579,0.4870056211948395,-0.16157875955104828,0.862510621547699,0.30796095728874207,0.4959319531917572,-0.14439533650875092,0.6387221217155457,0.3158109784126282,0.4956114590167999,-0.176991268992424,0.8619046211242676,0.30796319246292114,0.5028887987136841,-0.11015306413173676,0.6065024733543396,0.3167986571788788,0.5027753114700317,-0.1430104821920395,0.8296970129013062,0.30433595180511475,0.4961174428462982,0.007678039371967316,0.9985796213150024,0.3405590057373047,0.4909835755825043,-0.007674017455428839,0.9977436065673828,0.3033883273601532,0.3408593237400055,-0.03202788531780243,0.836543083190918,0.3416799008846283,0.3553539514541626,-0.006827475968748331,0.7326849699020386,0.3032810091972351,0.20037399232387543,0.046899326145648956,0.7922069430351257,0.3365558683872223,0.23620299994945526,0.1156545877456665,0.6609042286872864,0.3105502426624298,0.19012410938739777,0.04867926612496376,0.4193362295627594,0.3357158899307251,0.22305096685886383,0.12263724952936172,0.3144932985305786,0.30421513319015503,0.14422324299812317,-0.057572875171899796,0.7373452186584473,0.33097729086875916,0.1899670958518982,0.023906582966446877,0.6573895812034607
sujin_stand_normal_10,138,46,4.600600522193211,29.99608406213288,10,0.32014402747154236,0.7265715003013611,-0.24091796576976776,0.9997861981391907,0.3163124620914459,0.7360710501670837,-0.22713182866573334,0.9994144439697266,0.31398826837539673,0.7356511354446411,-0.22715164721012115,0.9993383288383484,0.311190128326416,0.735135555267334,-0.2271825671195984,0.9992906451225281,0.32376086711883545,0.7363172769546509,-0.23186174035072327,0.9994559288024902,0.3267410397529602,0.7359037399291992,-0.23189964890480042,0.9994643330574036,0.3300747573375702,0.7354537844657898,-0.23194579780101776,0.9995099306106567,0.3085210919380188,0.7277844548225403,-0.13652253150939941,0.9980731010437012,0.33402565121650696,0.7278829216957092,-0.1574845016002655,0.9993636608123779,0.316266804933548,0.7125734090805054,-0.20565596222877502,0.999664843082428,0.32594284415245056,0.7138211131095886,-0.21178846061229706,0.9997140169143677,0.29144710302352905,0.6570075154304504,-0.05662994086742401,0.9996092319488525,0.3526290953159332,0.654894232749939,-0.10275116562843323,0.9995562434196472,0.2881556749343872,0.5713911652565002,-0.016130901873111725,0.8472180366516113,0.35448381304740906,0.5612860918045044,-0.0773252546787262,0.9709821343421936,0.2986031770706177,0.5121816992759705,-0.10105378180742264,0.720266580581665,0.32692956924438477,0.5044625997543335,-0.13605286180973053,0.9189490675926208,0.30239593982696533,0.49085262417793274,-0.12526173889636993,0.620877742767334,0.3210844099521637,0.48703834414482117,-0.16039329767227173,0.8616718649864197,0.3077252209186554,0.49576473236083984,-0.14501571655273438,0.6294366717338562,0.31582555174827576,0.4956223666667938,-0.17583933472633362,0.8610398173332214,0.30772143602371216,0.5026761293411255,-0.11062022298574448,0.5977023839950562,0.31680557131767273,0.5027784705162048,-0.1420620083808899,0.8287968039512634,0.30416232347488403,0.49531131982803345,0.008204538375139236,0.998595118522644,0.34046515822410583,0.49074819684028625,-0.008198853582143784,0.9977591037750244,0.30325931310653687,0.34016576409339905,-0.03206949681043625,0.8428234457969666,0.34167638421058655,0.35510554909706116,-0.0008589282515458763,0.7395370602607727,0.30316245555877686,0.19863826036453247,0.04221941903233528,0.8002046942710876,0.33660200238227844,0.2364787608385086,0.12764383852481842,0.6674313545227051,0.310445100069046,0.18986839056015015,0.043079178780317307,0.4280408024787903,0.3357321619987488,0.22344398498535156,0.13508661091327667,0.3187413811683655,0.3038654923439026,0.13920608162879944,-0.06549163907766342,0.7459861636161804,0.3310288190841675,0.19004416465759277,0.03648437187075615,0.6642747521400452
sujin_stand_normal_10,141,47,4.700613577023499,29.99608406213288,10,0.32011115550994873,0.726564884185791,-0.24155139923095703,0.9997845888137817,0.3162856996059418,0.7360453009605408,-0.22778959572315216,0.9994077086448669,0.3139612376689911,0.735623836517334,-0.22780689597129822,0.999331533908844,0.31116631627082825,0.7350995540618896,-0.22783596813678741,0.9992845058441162,0.3237271308898926,0.7363032102584839,-0.232579305768013,0.9994524121284485,0.32670658826828003,0.7358967661857605,-0.2326173335313797,0.9994609951972961,0.33004656434059143,0.7354491949081421,-0.2326628863811493,0.9995070099830627,0.3085179328918457,0.7277361154556274,-0.13708215951919556,0.9980345368385315,0.33401650190353394,0.7278807163238525,-0.15793021023273468,0.9993629455566406,0.3162400424480438,0.7125657200813293,-0.20622406899929047,0.9996652007102966,0.32592201232910156,0.7138205766677856,-0.21243195235729218,0.9997162222862244,0.291460245847702,0.6569777131080627,-0.05679130554199219,0.999605119228363,0.3526274859905243,0.6548320055007935,-0.10399310290813446,0.9995578527450562,0.28815799951553345,0.5713213682174683,-0.016250116750597954,0.8420066833496094,0.3544698655605316,0.5611598491668701,-0.07830491662025452,0.9713130593299866,0.29832884669303894,0.512117862701416,-0.10934039950370789,0.7127828598022461,0.32692068815231323,0.5045911073684692,-0.13643063604831696,0.9187255501747131,0.30210429430007935,0.4908265173435211,-0.13457220792770386,0.614922046661377,0.32108500599861145,0.48711496591567993,-0.16079038381576538,0.8613474369049072,0.30757448077201843,0.4956890642642975,-0.1546766757965088,0.6236170530319214,0.3158254027366638,0.49570155143737793,-0.1761832982301712,0.8606817126274109,0.3075712025165558,0.5025938749313354,-0.11958291381597519,0.592012882232666,0.3168019652366638,0.5028369426727295,-0.1424308866262436,0.8283516764640808,0.30400514602661133,0.4948444962501526,0.008975442498922348,0.9986199140548706,0.34039774537086487,0.4906807839870453,-0.008974581025540829,0.9977791905403137,0.3031800091266632,0.3393888473510742,-0.032824303954839706,0.8487963080406189,0.3416510224342346,0.35513779520988464,0.0014376918552443385,0.7459448575973511,0.3028983175754547,0.1971210539340973,0.036739595234394073,0.8085066080093384,0.3367667496204376,0.23788991570472717,0.1346135139465332,0.6729522347450256,0.3102797567844391,0.18898871541023254,0.037143684923648834,0.43753600120544434,0.3359735906124115,0.22483214735984802,0.1425730437040329,0.32222893834114075,0.3035789430141449,0.13681139051914215,-0.07205293327569962,0.7551526427268982,0.331011027097702,0.1904904991388321,0.04524457827210426,0.6705000996589661
sujin_stand_normal_10,144,48,4.8006266318537865,29.99608406213288,10,0.3200766146183014,0.7265569567680359,-0.24094107747077942,0.9997822046279907,0.31626465916633606,0.7360303401947021,-0.2272828370332718,0.9993991255760193,0.31394147872924805,0.7356105446815491,-0.22729946672916412,0.9993234276771545,0.31114819645881653,0.7350834608078003,-0.2273271083831787,0.9992766380310059,0.32370102405548096,0.7362902164459229,-0.23209981620311737,0.9994468688964844,0.3266817033290863,0.7358900308609009,-0.23213686048984528,0.9994555115699768,0.33002275228500366,0.7354452013969421,-0.23218165338039398,0.9995018839836121,0.30851614475250244,0.7277249097824097,-0.13687531650066376,0.9980014562606812,0.3340094983577728,0.7278778553009033,-0.15803536772727966,0.9993591904640198,0.3162112236022949,0.7125604152679443,-0.20569977164268494,0.9996631741523743,0.32589417695999146,0.7138170003890991,-0.21191956102848053,0.99971604347229,0.291465699672699,0.6569747924804688,-0.05675312504172325,0.9995999336242676,0.35262569785118103,0.654830276966095,-0.10416782647371292,0.9995566010475159,0.28815725445747375,0.5713244676589966,-0.01680482178926468,0.837510883808136,0.35446685552597046,0.5611581206321716,-0.07837534695863724,0.9714033603668213,0.2980624735355377,0.5121053457260132,-0.10968498885631561,0.7058412432670593,0.326940655708313,0.5048615336418152,-0.13653472065925598,0.918109655380249,0.3017328083515167,0.4908246695995331,-0.1347583830356598,0.6094209551811218,0.32116323709487915,0.48717328906059265,-0.1608729064464569,0.860572874546051,0.3073495626449585,0.4956556558609009,-0.15494650602340698,0.618227481842041,0.31586378812789917,0.4957725703716278,-0.17627255618572235,0.8598820567131042,0.30737754702568054,0.5025627613067627,-0.11999280005693436,0.5867809653282166,0.31682077050209045,0.502913236618042,-0.14253073930740356,0.8274518251419067,0.3039592504501343,0.4946070909500122,0.008964584209024906,0.9986297488212585,0.34038636088371277,0.49065613746643066,-0.008963068947196007,0.9977827072143555,0.30316001176834106,0.3390808701515198,-0.03275309503078461,0.8544354438781738,0.341653436422348,0.3553115725517273,0.001783594023436308,0.7528170347213745,0.3026948571205139,0.19629226624965668,0.03442498669028282,0.8164172172546387,0.3369133770465851,0.2385750710964203,0.13165824115276337,0.6793137788772583,0.310203492641449,0.18883955478668213,0.03452792018651962,0.44644275307655334,0.3360797166824341,0.2252298891544342,0.13925538957118988,0.3270321786403656,0.30341005325317383,0.13591966032981873,-0.07406609505414963,0.7635838985443115,0.331011027097702,0.19076374173164368,0.04241402819752693,0.6768730282783508
sujin_stand_normal_10,147,49,4.900639686684073,29.99608406213288,10,0.32003968954086304,0.7265514135360718,-0.2415597289800644,0.9997825026512146,0.3162473440170288,0.7360245585441589,-0.22785396873950958,0.9993995428085327,0.3139246106147766,0.7356042265892029,-0.22787117958068848,0.9993255138397217,0.3111320436000824,0.7350767850875854,-0.22790029644966125,0.9992794990539551,0.3236807584762573,0.736284613609314,-0.2325795739889145,0.999447762966156,0.3266611695289612,0.7358859777450562,-0.23261703550815582,0.9994559288024902,0.3300029933452606,0.7354410886764526,-0.23266200721263885,0.9995006918907166,0.3085133731365204,0.7277168035507202,-0.13727779686450958,0.9979948997497559,0.33400553464889526,0.7278763651847839,-0.15822596848011017,0.9993587136268616,0.3161788880825043,0.7125529050827026,-0.20626863837242126,0.9996644854545593,0.32585248351097107,0.7138161063194275,-0.2123848795890808,0.9997173547744751,0.29146450757980347,0.6569750308990479,-0.0570293553173542,0.999601423740387,0.3526242971420288,0.654803454875946,-0.10445506870746613,0.9995533227920532,0.2880338728427887,0.5714672207832336,-0.02127895876765251,0.8367753028869629,0.3544468283653259,0.5611392855644226,-0.07865685969591141,0.9713823795318604,0.2976369261741638,0.5123534202575684,-0.11923256516456604,0.7055697441101074,0.3269151747226715,0.5051685571670532,-0.13666613399982452,0.9170635938644409,0.30106478929519653,0.4909444749355316,-0.14537864923477173,0.6101449131965637,0.3211883008480072,0.48723021149635315,-0.16100658476352692,0.8592032194137573,0.3070349395275116,0.49578818678855896,-0.16508054733276367,0.6190917491912842,0.3158647418022156,0.4958485960960388,-0.1763497292995453,0.8584856986999512,0.3071048855781555,0.5027371048927307,-0.12947462499141693,0.5874898433685303,0.31681638956069946,0.5030275583267212,-0.14262543618679047,0.8258119821548462,0.3039247691631317,0.49455589056015015,0.009331163950264454,0.99864262342453,0.34036582708358765,0.4906529188156128,-0.009329319931566715,0.9977805614471436,0.3031478524208069,0.33874183893203735,-0.03235035017132759,0.8580731153488159,0.34163761138916016,0.35528048872947693,0.0011128331534564495,0.7574653029441833,0.3027234971523285,0.1956757754087448,0.03399455547332764,0.822020411491394,0.33702903985977173,0.23881663382053375,0.12934871017932892,0.6826786994934082,0.3101903200149536,0.18846046924591064,0.03410237655043602,0.45355984568595886,0.33628061413764954,0.2252628207206726,0.1367761492729187,0.32924532890319824,0.30331501364707947,0.13556599617004395,-0.07359432429075241,0.7696149349212646,0.33100321888923645,0.1908685564994812,0.039782676845788956,0.680218517780304
sujin_stand_normal_10,150,50,5.000652741514361,29.99608406213288,10,0.3200385272502899,0.7265468835830688,-0.24917571246623993,0.9997845888137817,0.31624534726142883,0.7360177040100098,-0.23539790511131287,0.9994028210639954,0.31392282247543335,0.735596239566803,-0.23540863394737244,0.9993308782577515,0.31112948060035706,0.7350665926933289,-0.2354377955198288,0.9992852807044983,0.32367950677871704,0.7362753748893738,-0.2399165779352188,0.9994511604309082,0.3266622722148895,0.7358762621879578,-0.23995596170425415,0.9994598031044006,0.3300016224384308,0.7354305982589722,-0.23999939858913422,0.9995028376579285,0.3085048496723175,0.7277101874351501,-0.1442965716123581,0.9980016946792603,0.3340040445327759,0.7278679609298706,-0.16457639634609222,0.9993606209754944,0.3161642849445343,0.7125477194786072,-0.21363036334514618,0.9996646046638489,0.3258432447910309,0.7138119339942932,-0.2194983959197998,0.9997163414955139,0.2914513945579529,0.6568859219551086,-0.06333919614553452,0.9996010065078735,0.3526088297367096,0.6547921299934387,-0.10927686095237732,0.9995438456535339,0.2879406213760376,0.5710574388504028,-0.02630673162639141,0.836789071559906,0.35438674688339233,0.5611401796340942,-0.08348400145769119,0.9707910418510437,0.29739493131637573,0.5120521187782288,-0.11811192333698273,0.705277681350708,0.32680219411849976,0.5054357051849365,-0.1407504826784134,0.9149259924888611,0.3010711967945099,0.4908319413661957,-0.1431616246700287,0.6100283861160278,0.3211836516857147,0.48737844824790955,-0.16472771763801575,0.856365442276001,0.30704203248023987,0.4957757592201233,-0.1627044677734375,0.6190059185028076,0.31584784388542175,0.4960052967071533,-0.1799813061952591,0.8556097745895386,0.30710306763648987,0.5027244091033936,-0.1280553787946701,0.5872366428375244,0.31679439544677734,0.503177285194397,-0.1466408222913742,0.8225936889648438,0.30384790897369385,0.49442800879478455,0.00896088220179081,0.9986454248428345,0.34033203125,0.4906534254550934,-0.00896452646702528,0.9977762699127197,0.303146630525589,0.3382916748523712,-0.03173963725566864,0.8622303605079651,0.34163957834243774,0.3555881381034851,0.0004128798027522862,0.7620090842247009,0.30273163318634033,0.19506968557834625,0.034859057515859604,0.8286877274513245,0.33704376220703125,0.23876670002937317,0.12752225995063782,0.6876829862594604,0.31018179655075073,0.1877613365650177,0.03513546288013458,0.45983755588531494,0.33628180623054504,0.2252475917339325,0.13486775755882263,0.3326006531715393,0.30328571796417236,0.13539458811283112,-0.07214676588773727,0.7762386202812195,0.33100759983062744,0.19078165292739868,0.037446994334459305,0.6849755048751831
sujin_stand_normal_10,153,51,5.100665796344647,29.99608406213288,10,0.3200298547744751,0.7265377044677734,-0.2532297372817993,0.999781608581543,0.3162407875061035,0.7360118627548218,-0.2396925538778305,0.9993895888328552,0.3139181435108185,0.7355894446372986,-0.23969949781894684,0.9993161559104919,0.3111223578453064,0.7350581288337708,-0.23972691595554352,0.9992688894271851,0.32367685437202454,0.7362633943557739,-0.24425631761550903,0.9994426965713501,0.3266611397266388,0.7358641028404236,-0.24429917335510254,0.9994527101516724,0.3299993872642517,0.7354161143302917,-0.24434562027454376,0.9994973540306091,0.308489054441452,0.7277045249938965,-0.1484806388616562,0.9979416131973267,0.3340010643005371,0.7278470993041992,-0.1688668131828308,0.9993561506271362,0.3161469101905823,0.7125332355499268,-0.21749980747699738,0.9996585249900818,0.3258237838745117,0.7137917876243591,-0.22337476909160614,0.9997132420539856,0.2913133203983307,0.6567411422729492,-0.06465476006269455,0.9995904564857483,0.3525955379009247,0.6547432541847229,-0.11535145342350006,0.9995465874671936,0.28793391585350037,0.5703191161155701,-0.025800172239542007,0.8311614394187927,0.354366272687912,0.5611118674278259,-0.08936009556055069,0.9709680676460266,0.2974332571029663,0.5107827186584473,-0.11373033374547958,0.6940233707427979,0.3268521726131439,0.5054097771644592,-0.1455514281988144,0.9139828085899353,0.3013485372066498,0.49046602845191956,-0.13690021634101868,0.5992194414138794,0.321240097284317,0.4873824417591095,-0.1694941520690918,0.8547776341438293,0.30719053745269775,0.49544650316238403,-0.15650862455368042,0.6082108616828918,0.3158999979496002,0.49598732590675354,-0.18439795076847076,0.8539571762084961,0.307158887386322,0.5022413730621338,-0.12358321249485016,0.5768296718597412,0.31684860587120056,0.5031195878982544,-0.15126672387123108,0.8207789659500122,0.3038468360900879,0.49404579401016235,0.009298507124185562,0.9986576437950134,0.34034591913223267,0.49063482880592346,-0.009308611042797565,0.9977939128875732,0.3031514883041382,0.33826228976249695,-0.03179115429520607,0.8650539517402649,0.3416754901409149,0.3561738133430481,0.0009546104120090604,0.7646335363388062,0.30268487334251404,0.19517304003238678,0.035400789231061935,0.8341817259788513,0.3373730778694153,0.23901593685150146,0.1350112408399582,0.6902549862861633,0.3101746141910553,0.18774595856666565,0.0358085073530674,0.46536144614219666,0.3367622494697571,0.22542476654052734,0.1432071328163147,0.33466747403144836,0.3031765818595886,0.13528159260749817,-0.07148893177509308,0.782247006893158,0.3310171365737915,0.19079332053661346,0.046482861042022705,0.6882076859474182
sujin_stand_normal_10,156,52,5.200678851174935,29.99608406213288,10,0.3200257122516632,0.726513683795929,-0.25453147292137146,0.9997778534889221,0.31623491644859314,0.7359985709190369,-0.24098743498325348,0.9993738532066345,0.31391265988349915,0.7355786561965942,-0.24099141359329224,0.9992955923080444,0.311115562915802,0.7350497245788574,-0.2410133332014084,0.9992439150810242,0.323675274848938,0.7362445592880249,-0.2457258254289627,0.9994361996650696,0.32666102051734924,0.735846757888794,-0.2457718849182129,0.9994477033615112,0.3299979567527771,0.7353971600532532,-0.24582360684871674,0.9994960427284241,0.3084745705127716,0.7276964783668518,-0.1491238921880722,0.9978482127189636,0.33399951457977295,0.7278220057487488,-0.17018313705921173,0.9993604421615601,0.31613674759864807,0.7124966979026794,-0.2184717059135437,0.9996506571769714,0.32581794261932373,0.7137582898139954,-0.22453148663043976,0.9997127056121826,0.29115810990333557,0.6565214991569519,-0.06429322808980942,0.9995729923248291,0.35258665680885315,0.654726505279541,-0.11944007128477097,0.9995601177215576,0.28797292709350586,0.5690281391143799,-0.025682033970952034,0.8185698390007019,0.35436737537384033,0.5610911250114441,-0.09464970976114273,0.971436619758606,0.29784953594207764,0.5093501806259155,-0.11352098733186722,0.6729444265365601,0.32690921425819397,0.5051376223564148,-0.14686070382595062,0.9136687517166138,0.30215343832969666,0.4901754856109619,-0.13626213371753693,0.5804425477981567,0.3212455213069916,0.48735833168029785,-0.17054302990436554,0.8539043068885803,0.3075745403766632,0.4949670433998108,-0.1558888554573059,0.5893604159355164,0.3158990442752838,0.4957764744758606,-0.18509043753147125,0.8529638051986694,0.3073578476905823,0.5014600157737732,-0.12350135296583176,0.5590190291404724,0.3168506324291229,0.502718448638916,-0.15226991474628448,0.8196816444396973,0.3038276433944702,0.4925224483013153,0.010106446221470833,0.99867844581604,0.34035032987594604,0.4901885986328125,-0.010122315026819706,0.9978334903717041,0.3031522333621979,0.33829307556152344,-0.03176792338490486,0.8673898577690125,0.34165629744529724,0.35680079460144043,0.005559180863201618,0.7660459876060486,0.302593857049942,0.19521287083625793,0.036665141582489014,0.839179277420044,0.3374628722667694,0.23965659737586975,0.15005426108837128,0.6911885738372803,0.31015145778656006,0.18775039911270142,0.03723307326436043,0.47108569741249084,0.33690550923347473,0.22582648694515228,0.15931016206741333,0.3363266885280609,0.3031004071235657,0.13542985916137695,-0.07097963988780975,0.788550853729248,0.3309701085090637,0.19101697206497192,0.06323251128196716,0.691281795501709
sujin_stand_normal_10,159,53,5.300691906005222,29.99608406213288,10,0.3200429379940033,0.7264887094497681,-0.25366446375846863,0.9997719526290894,0.31623294949531555,0.735986053943634,-0.24016247689723969,0.9993541240692139,0.3139142692089081,0.7355695962905884,-0.2401665300130844,0.999269962310791,0.3111150562763214,0.7350447177886963,-0.2401871532201767,0.9992120265960693,0.3236861824989319,0.7362216114997864,-0.24488060176372528,0.9994282126426697,0.32669034600257874,0.735816478729248,-0.24492669105529785,0.9994418025016785,0.3300119936466217,0.7353602647781372,-0.2449805736541748,0.9994942545890808,0.3084627091884613,0.7276923656463623,-0.14843185245990753,0.9977430105209351,0.3339977264404297,0.7277632355690002,-0.16938398778438568,0.9993674159049988,0.3161335587501526,0.7124626636505127,-0.21766617894172668,0.9996410012245178,0.32582125067710876,0.7137222290039062,-0.22369149327278137,0.9997125864028931,0.29091235995292664,0.6564269065856934,-0.06387881934642792,0.9995493292808533,0.3525760769844055,0.6547229886054993,-0.12069068104028702,0.9995785355567932,0.2880328893661499,0.5681988000869751,-0.022015182301402092,0.8014395236968994,0.35445088148117065,0.561126172542572,-0.09740177541971207,0.9720684885978699,0.2977367043495178,0.5080827474594116,-0.10867027938365936,0.6470922827720642,0.3271734118461609,0.5048523545265198,-0.1472872942686081,0.913873016834259,0.30212870240211487,0.48980170488357544,-0.1311839520931244,0.5583429336547852,0.321329802274704,0.48724958300590515,-0.1708424985408783,0.8536412119865417,0.30748894810676575,0.4942539930343628,-0.15171565115451813,0.5671356320381165,0.31590649485588074,0.49544039368629456,-0.18530109524726868,0.85256427526474,0.307185560464859,0.500479519367218,-0.11924398690462112,0.5382034182548523,0.3168710470199585,0.5022196173667908,-0.15259790420532227,0.8192973136901855,0.3037586212158203,0.49131152033805847,0.01089143194258213,0.9987080097198486,0.3403454124927521,0.4896050989627838,-0.010905125178396702,0.9978972673416138,0.3030756711959839,0.3383762240409851,-0.03182140737771988,0.8709264993667603,0.3415530323982239,0.356796532869339,0.01043021958321333,0.7693355083465576,0.30254262685775757,0.19517436623573303,0.03673667088150978,0.844820499420166,0.3374618589878082,0.23967736959457397,0.15651924908161163,0.6952354907989502,0.3101058602333069,0.1877341866493225,0.03735511004924774,0.478761225938797,0.3368852436542511,0.22584164142608643,0.1657443791627884,0.3402477204799652,0.3030153512954712,0.13498379290103912,-0.07118960469961166,0.7956467866897583,0.33095604181289673,0.19108806550502777,0.06895961612462997,0.6972808837890625
sujin_stand_normal_10,162,54,5.400704960835509,29.99608406213288,10,0.3200417459011078,0.7263613343238831,-0.2572726607322693,0.9997634291648865,0.31622880697250366,0.7359231114387512,-0.24415573477745056,0.9993290305137634,0.31391093134880066,0.735515832901001,-0.24415223300457,0.9992362856864929,0.31111037731170654,0.7350056767463684,-0.24416427314281464,0.9991701245307922,0.32368576526641846,0.7361384034156799,-0.2492372840642929,0.9994175434112549,0.32669323682785034,0.7357223629951477,-0.24929232895374298,0.9994338154792786,0.33001166582107544,0.735239565372467,-0.24935799837112427,0.9994917511940002,0.30844181776046753,0.7276667952537537,-0.15198326110839844,0.9976053237915039,0.3339885473251343,0.7276002764701843,-0.17440810799598694,0.9993783235549927,0.31612303853034973,0.7123499512672424,-0.22089356184005737,0.9996321201324463,0.325801819562912,0.7135814428329468,-0.22731269896030426,0.999715268611908,0.2907751798629761,0.656107485294342,-0.06377935409545898,0.9995183348655701,0.3525424599647522,0.6546913981437683,-0.1302386373281479,0.9996024370193481,0.2884243428707123,0.5665980577468872,-0.019071519374847412,0.7756536602973938,0.3545260429382324,0.561115562915802,-0.10702376067638397,0.9730605483055115,0.29655733704566956,0.5064500570297241,-0.10683818906545639,0.6128287315368652,0.32748743891716003,0.5034856200218201,-0.15068525075912476,0.9147807359695435,0.30110061168670654,0.4888629913330078,-0.1293104588985443,0.5294453501701355,0.321353018283844,0.48655587434768677,-0.17388063669204712,0.8540953993797302,0.30539947748184204,0.4928899109363556,-0.15080450475215912,0.5380343794822693,0.3159072995185852,0.49438828229904175,-0.18806441128253937,0.8528521656990051,0.3051260709762573,0.49887463450431824,-0.11802898347377777,0.511323869228363,0.3169045150279999,0.5008840560913086,-0.15566158294677734,0.8197531700134277,0.3036136329174042,0.48953473567962646,0.014126434922218323,0.998741865158081,0.3403245210647583,0.48834189772605896,-0.014135805889964104,0.9979669451713562,0.3026437759399414,0.33797574043273926,-0.03182050958275795,0.8745002150535583,0.3414114713668823,0.35589689016342163,0.017195653170347214,0.7720321416854858,0.30240678787231445,0.1946038156747818,0.03881288692355156,0.8497340083122253,0.3374650776386261,0.23950737714767456,0.17231588065624237,0.6971386075019836,0.30767467617988586,0.18037594854831696,0.039529986679553986,0.48647981882095337,0.3368750214576721,0.225816547870636,0.1822844296693802,0.34140756726264954,0.3027539849281311,0.13387975096702576,-0.07105745375156403,0.8024402260780334,0.33077824115753174,0.19088149070739746,0.08270347118377686,0.7023184895515442
sujin_stand_normal_10,165,55,5.500718015665797,29.99608406213288,10,0.3200373947620392,0.7262358069419861,-0.25616323947906494,0.9997522234916687,0.31622493267059326,0.7358441948890686,-0.24279837310314178,0.9992932081222534,0.3139088749885559,0.7354491353034973,-0.24280032515525818,0.9991921782493591,0.3111075758934021,0.7349564433097839,-0.24281981587409973,0.9991174936294556,0.3236851394176483,0.7360302805900574,-0.24776892364025116,0.9993951320648193,0.32669419050216675,0.735602080821991,-0.24781888723373413,0.9994143843650818,0.33001047372817993,0.7350927591323853,-0.24787494540214539,0.9994770884513855,0.30841439962387085,0.727633535861969,-0.15100012719631195,0.9974213242530823,0.3339695334434509,0.7274306416511536,-0.17329320311546326,0.9993714690208435,0.31610482931137085,0.7122535109519958,-0.22008928656578064,0.9996227622032166,0.3257604241371155,0.7134369611740112,-0.22650644183158875,0.99971604347229,0.2907484769821167,0.6560494303703308,-0.060689568519592285,0.9995073676109314,0.35248762369155884,0.6546934843063354,-0.12671314179897308,0.9996230006217957,0.2886480987071991,0.5662485361099243,-0.017284344881772995,0.7615852952003479,0.3546583950519562,0.5610230565071106,-0.10708977282047272,0.974261999130249,0.2960364520549774,0.5057051181793213,-0.10701696574687958,0.5938575863838196,0.3275038003921509,0.5022278428077698,-0.1574898064136505,0.9175745844841003,0.3005529046058655,0.48874568939208984,-0.12984761595726013,0.513213038444519,0.32119226455688477,0.4862440228462219,-0.1822672337293625,0.8576965928077698,0.304564505815506,0.49283361434936523,-0.15096908807754517,0.5217357873916626,0.3156413435935974,0.4940319359302521,-0.19640401005744934,0.8563690185546875,0.30427783727645874,0.4985791742801666,-0.11812195926904678,0.4962891936302185,0.31680071353912354,0.5002453327178955,-0.1626099944114685,0.8237022757530212,0.3036077916622162,0.4890967905521393,0.0153940599411726,0.9987848997116089,0.3403230607509613,0.48760032653808594,-0.015400991775095463,0.9980337023735046,0.3026183545589447,0.3378012478351593,-0.03273267671465874,0.8777744770050049,0.3411736488342285,0.35513901710510254,0.018532786518335342,0.7738151550292969,0.3023913502693176,0.1946600377559662,0.04035353660583496,0.8532717823982239,0.33731967210769653,0.23843474686145782,0.17485706508159637,0.69770348072052,0.3069986402988434,0.17935390770435333,0.04148649796843529,0.4936447739601135,0.3368101716041565,0.2254825383424759,0.18499919772148132,0.3414624035358429,0.302638441324234,0.13367648422718048,-0.07050920277833939,0.8076661229133606,0.32971104979515076,0.18978913128376007,0.08553694933652878,0.7059347629547119
sujin_stand_normal_10,168,56,5.600731070496083,29.99608406213288,10,0.32002097368240356,0.7261653542518616,-0.2439948171377182,0.9997265338897705,0.3162175416946411,0.7357749938964844,-0.2305305004119873,0.9992250204086304,0.3139057457447052,0.7353842854499817,-0.23054224252700806,0.9991130828857422,0.31110432744026184,0.734897792339325,-0.23055748641490936,0.9990273714065552,0.32368069887161255,0.7359540462493896,-0.23558150231838226,0.9993400573730469,0.3266920745372772,0.7355162501335144,-0.2356278896331787,0.9993600249290466,0.3300045132637024,0.7349889874458313,-0.23569613695144653,0.9994276165962219,0.30839893221855164,0.727588951587677,-0.13870300352573395,0.9971203207969666,0.33396008610725403,0.7272921800613403,-0.16074949502944946,0.9993240237236023,0.31607627868652344,0.7122116088867188,-0.20792298018932343,0.9995932579040527,0.32571840286254883,0.713347852230072,-0.21422483026981354,0.9997010827064514,0.2907484769821167,0.6560460329055786,-0.05191708356142044,0.9994834065437317,0.3523702025413513,0.654783308506012,-0.12116988748311996,0.9996316432952881,0.28916552662849426,0.5663537979125977,-0.01909516379237175,0.7480543851852417,0.3546067774295807,0.5610359311103821,-0.10279534757137299,0.9749193787574768,0.29608482122421265,0.505744993686676,-0.12420371919870377,0.5795386433601379,0.3273502588272095,0.5021920800209045,-0.15600106120109558,0.9189981818199158,0.3002990484237671,0.4887560307979584,-0.1504388451576233,0.5020020008087158,0.3210935890674591,0.4862510859966278,-0.18040721118450165,0.8595263957977295,0.30438917875289917,0.49287962913513184,-0.1708812415599823,0.5105903744697571,0.3153053820133209,0.4940500855445862,-0.19497036933898926,0.8581172823905945,0.30439290404319763,0.4985979497432709,-0.13542817533016205,0.48594748973846436,0.31651178002357483,0.5002501010894775,-0.16159068048000336,0.8255407810211182,0.30355966091156006,0.488820344209671,0.016220903024077415,0.9988090991973877,0.34029605984687805,0.48736435174942017,-0.016215045005083084,0.9980550408363342,0.30127769708633423,0.33738020062446594,-0.03800322860479355,0.8782109618186951,0.341121643781662,0.3541872203350067,0.016872413456439972,0.7720934152603149,0.3017740547657013,0.19421373307704926,0.02747970074415207,0.8530995845794678,0.33715513348579407,0.23716820776462555,0.16553588211536407,0.6936315298080444,0.30604711174964905,0.17684897780418396,0.027693577110767365,0.49634674191474915,0.336722731590271,0.22418491542339325,0.174838587641716,0.33882948756217957,0.3023458421230316,0.1334627866744995,-0.08339136093854904,0.8086715936660767,0.32860642671585083,0.18898551166057587,0.07606933265924454,0.7044370174407959
sujin_stand_normal_10,171,57,5.700744125326371,29.99608406213288,10,0.31983134150505066,0.7261049151420593,-0.24110627174377441,0.9997060298919678,0.3161354064941406,0.7356938719749451,-0.22724662721157074,0.9991689324378967,0.3138146996498108,0.7353019714355469,-0.2272638976573944,0.9990501999855042,0.31103551387786865,0.7348154187202454,-0.22728265821933746,0.9989581108093262,0.32359379529953003,0.735885500907898,-0.23245178163051605,0.9992903470993042,0.32659804821014404,0.7354466915130615,-0.23249496519565582,0.9993094801902771,0.32992708683013916,0.734898567199707,-0.2325586974620819,0.9993788003921509,0.3083750307559967,0.7275299429893494,-0.1351037174463272,0.9969024658203125,0.3339371979236603,0.7271709442138672,-0.15796174108982086,0.9992637634277344,0.31597036123275757,0.7121713161468506,-0.20506972074508667,0.9995672106742859,0.3255644738674164,0.7132760882377625,-0.2116132378578186,0.9996827244758606,0.29077011346817017,0.6560816764831543,-0.051831357181072235,0.999471127986908,0.35231292247772217,0.654845654964447,-0.11690747737884521,0.9996283054351807,0.2894093096256256,0.5666913986206055,-0.02247997373342514,0.7427571415901184,0.3544093370437622,0.5611618757247925,-0.1021445244550705,0.9750707745552063,0.2961219549179077,0.505882740020752,-0.12856201827526093,0.5744657516479492,0.3269091546535492,0.5023210644721985,-0.15491656959056854,0.918866753578186,0.3002867102622986,0.48899462819099426,-0.15538157522678375,0.4982909858226776,0.32067403197288513,0.4866604208946228,-0.17878848314285278,0.8593180179595947,0.3044620156288147,0.4938338100910187,-0.17528656125068665,0.5070748329162598,0.31484803557395935,0.49468204379081726,-0.19317986071109772,0.8579257726669312,0.3044886589050293,0.4994643032550812,-0.1394660472869873,0.482692688703537,0.31607168912887573,0.5007054209709167,-0.16031242907047272,0.825192391872406,0.30329403281211853,0.4889269173145294,0.01576872728765011,0.9988079071044922,0.3401835858821869,0.48723992705345154,-0.015762200579047203,0.9980260133743286,0.300699383020401,0.33763793110847473,-0.038495056331157684,0.8767003417015076,0.3408927023410797,0.353725403547287,0.014718595892190933,0.7681981325149536,0.30118873715400696,0.19622953236103058,0.030060572549700737,0.8490490317344666,0.3367670476436615,0.23652134835720062,0.15972115099430084,0.6870612502098083,0.3051183521747589,0.17731085419654846,0.030539777129888535,0.4945044219493866,0.3365562856197357,0.2234005182981491,0.16870592534542084,0.3349922299385071,0.30232396721839905,0.1395484209060669,-0.08063758164644241,0.805655300617218,0.32788151502609253,0.18894033133983612,0.07038025557994843,0.6995630264282227
sujin_stand_normal_10,174,58,5.800757180156658,29.99608406213288,10,0.3195081651210785,0.7260627746582031,-0.2365724742412567,0.9996988773345947,0.3159755766391754,0.7356191873550415,-0.22236506640911102,0.999150812625885,0.3136087656021118,0.7352197766304016,-0.2223844826221466,0.9990310668945312,0.31088629364967346,0.7347298860549927,-0.22240465879440308,0.998935878276825,0.32342126965522766,0.7358454465866089,-0.227549210190773,0.9992724061012268,0.326402485370636,0.7354167699813843,-0.2275877445936203,0.9992901682853699,0.3297770619392395,0.7348645329475403,-0.22764497995376587,0.9993563890457153,0.3083241581916809,0.7274988293647766,-0.13027873635292053,0.9968277215957642,0.3339080512523651,0.72715163230896,-0.1531551629304886,0.999235987663269,0.3158227503299713,0.7121299505233765,-0.20072026550769806,0.9995584487915039,0.32536113262176514,0.7132391333580017,-0.20726369321346283,0.9996755123138428,0.29078763723373413,0.6562950015068054,-0.05007251352071762,0.9994714260101318,0.35227277874946594,0.6548631191253662,-0.10956952720880508,0.9996222257614136,0.2895731031894684,0.5676320195198059,-0.025185050442814827,0.7437876462936401,0.35412922501564026,0.5611975789070129,-0.09416365623474121,0.9752939343452454,0.29633423686027527,0.5059249997138977,-0.13424436748027802,0.5804579854011536,0.32654231786727905,0.5026299953460693,-0.14992640912532806,0.9196580052375793,0.3004257380962372,0.48912110924720764,-0.16202400624752045,0.5049129724502563,0.3202721178531647,0.4869125485420227,-0.17466787993907928,0.8606736063957214,0.3048229217529297,0.4942913353443146,-0.18134286999702454,0.5138442516326904,0.3144083619117737,0.4951423406600952,-0.18958337604999542,0.8593334555625916,0.30475279688835144,0.5000537633895874,-0.1448836475610733,0.4890991151332855,0.31561142206192017,0.5011724233627319,-0.1555922031402588,0.8266909122467041,0.3029644191265106,0.4889569878578186,0.015477731823921204,0.9988119006156921,0.34003591537475586,0.48722487688064575,-0.015475485473871231,0.9980027675628662,0.3002713918685913,0.3377121090888977,-0.03913717716932297,0.8762181401252747,0.3406957685947418,0.35323554277420044,0.014442848041653633,0.7658085823059082,0.3010476529598236,0.19627545773983002,0.028335167095065117,0.8462538123130798,0.33634766936302185,0.2357100397348404,0.15178132057189941,0.6824407577514648,0.304983913898468,0.1778591424226761,0.028858529403805733,0.49354609847068787,0.3362504243850708,0.22248899936676025,0.1600644439458847,0.3322606384754181,0.30230724811553955,0.14134760200977325,-0.07921414822340012,0.8030698299407959,0.3275425136089325,0.18879276514053345,0.06359120458364487,0.6956386566162109
sujin_stand_normal_10,177,59,5.900770234986945,29.99608406213288,10,0.3192151188850403,0.7260562181472778,-0.23696598410606384,0.9996981024742126,0.3158224821090698,0.7355946898460388,-0.2228497415781021,0.9991503357887268,0.313405841588974,0.7351890802383423,-0.22286714613437653,0.999032199382782,0.3107369840145111,0.7346987724304199,-0.22288699448108673,0.9989372491836548,0.32324692606925964,0.735837459564209,-0.22786127030849457,0.9992687106132507,0.326189786195755,0.7354112267494202,-0.2278984934091568,0.9992842674255371,0.32959502935409546,0.7348598837852478,-0.22795142233371735,0.9993467330932617,0.3082655072212219,0.727489173412323,-0.13100585341453552,0.9968274831771851,0.33385494351387024,0.7271486520767212,-0.1530478447675705,0.9992215633392334,0.3156675398349762,0.7121114134788513,-0.2011885941028595,0.9995607733726501,0.32514113187789917,0.7132255434989929,-0.2074948400259018,0.999674916267395,0.2907906770706177,0.6565660238265991,-0.05090169236063957,0.9994806051254272,0.35222622752189636,0.6548765301704407,-0.10827212780714035,0.9996173977851868,0.28958866000175476,0.5682697296142578,-0.0285613015294075,0.7481259703636169,0.35364454984664917,0.5611973404884338,-0.09187768399715424,0.9753890633583069,0.2965196371078491,0.505977988243103,-0.13681307435035706,0.5892281532287598,0.32591918110847473,0.5027611255645752,-0.1481182873249054,0.9199217557907104,0.30073148012161255,0.48918989300727844,-0.16453483700752258,0.5136949419975281,0.31971386075019836,0.48705095052719116,-0.17316411435604095,0.8612491488456726,0.305288165807724,0.49469372630119324,-0.1832815259695053,0.522615373134613,0.3139553666114807,0.49539756774902344,-0.18816488981246948,0.8599207997322083,0.30509892106056213,0.5006207227706909,-0.14711005985736847,0.4974254369735718,0.3151654601097107,0.5014472007751465,-0.15386366844177246,0.8272922039031982,0.30287736654281616,0.48897579312324524,0.015331427566707134,0.9988313913345337,0.34001046419143677,0.487220823764801,-0.015333256684243679,0.9979982972145081,0.2999418377876282,0.33781659603118896,-0.03913598880171776,0.8776834011077881,0.340659499168396,0.3530365526676178,0.014371287077665329,0.7660223841667175,0.3010430634021759,0.1963593065738678,0.027015332132577896,0.846994936466217,0.3362593948841095,0.23570294678211212,0.1527986079454422,0.6814043521881104,0.3061513304710388,0.1813749074935913,0.027429362758994102,0.49632349610328674,0.3362060785293579,0.22232705354690552,0.1612183302640915,0.33202075958251953,0.30229681730270386,0.1423214077949524,-0.07976280152797699,0.8043196797370911,0.32740554213523865,0.18880659341812134,0.06556825339794159,0.6952025890350342
sujin_stand_normal_10,180,60,6.000783289817233,29.99608406213288,10,0.3191176950931549,0.7260468006134033,-0.2383713275194168,0.9996914267539978,0.3157484233379364,0.7355861663818359,-0.2243669629096985,0.9991315007209778,0.313302218914032,0.7351815104484558,-0.22438333928585052,0.9990113973617554,0.31064510345458984,0.7346894145011902,-0.22440339624881744,0.9989144206047058,0.32316967844963074,0.735826313495636,-0.2292560487985611,0.999252200126648,0.32609355449676514,0.7354041337966919,-0.22929488122463226,0.9992660880088806,0.32951244711875916,0.734854519367218,-0.22934956848621368,0.9993273019790649,0.30818063020706177,0.7274844646453857,-0.13254651427268982,0.9967517852783203,0.3338233232498169,0.7271565198898315,-0.1540134996175766,0.9991961717605591,0.3155919015407562,0.7121031880378723,-0.20256108045578003,0.9995547533035278,0.3250824213027954,0.7132196426391602,-0.20871737599372864,0.9996699094772339,0.2907665967941284,0.6568373441696167,-0.05168597772717476,0.9994843602180481,0.35221555829048157,0.6549786329269409,-0.10873044282197952,0.9996160864830017,0.28959882259368896,0.5685319304466248,-0.027910569682717323,0.7497690916061401,0.35356757044792175,0.5612683296203613,-0.09168125689029694,0.9755123257637024,0.2965621054172516,0.5060608386993408,-0.13226932287216187,0.5921038389205933,0.3258019685745239,0.5029095411300659,-0.147982656955719,0.9200924634933472,0.30091020464897156,0.4891989231109619,-0.1592535525560379,0.5167426466941833,0.3195528984069824,0.48718589544296265,-0.17288418114185333,0.8615624904632568,0.3056177794933319,0.494944304227829,-0.17838385701179504,0.5256823897361755,0.31389981508255005,0.49575942754745483,-0.18784423172473907,0.8602517247200012,0.30535823106765747,0.5010648965835571,-0.14262400567531586,0.5004163980484009,0.3151134252548218,0.5018537044525146,-0.15368245542049408,0.8276419043540955,0.30284354090690613,0.4890500605106354,0.01513381116092205,0.9988467693328857,0.34000852704048157,0.48703595995903015,-0.015136467292904854,0.997988224029541,0.2998987138271332,0.3378201127052307,-0.040320347994565964,0.8779232501983643,0.34061065316200256,0.35236653685569763,0.015925472602248192,0.7629685997962952,0.30105188488960266,0.19632567465305328,0.02554420754313469,0.8461994528770447,0.3361585736274719,0.23553124070167542,0.15697546303272247,0.6771519184112549,0.30683401226997375,0.18278783559799194,0.025957008823752403,0.49760186672210693,0.33614078164100647,0.2220231145620346,0.1656889021396637,0.3299819231033325,0.3022981882095337,0.142865851521492,-0.08149455487728119,0.8040825128555298,0.3273715376853943,0.18880997598171234,0.06985301524400711,0.6924522519111633
sujin_stand_normal_10,183,61,6.10079634464752,29.99608406213288,10,0.31908082962036133,0.7261096239089966,-0.24084511399269104,0.9996877908706665,0.3157028257846832,0.7355899214744568,-0.2269773781299591,0.9991157650947571,0.3132348656654358,0.735177218914032,-0.22699041664600372,0.9989940524101257,0.3105774521827698,0.7346834540367126,-0.2270089089870453,0.9988953471183777,0.323130339384079,0.735858678817749,-0.23152950406074524,0.9992392063140869,0.3260495066642761,0.7354444265365601,-0.2315710484981537,0.999254584312439,0.32947826385498047,0.7348994016647339,-0.23162592947483063,0.9993159770965576,0.3080880343914032,0.7274808287620544,-0.1358374059200287,0.9966868162155151,0.33380386233329773,0.7271984815597534,-0.15596191585063934,0.9991844296455383,0.3155463635921478,0.7121086716651917,-0.20530517399311066,0.9995527863502502,0.3250749409198761,0.7132344841957092,-0.21107283234596252,0.9996695518493652,0.2907249629497528,0.6569260954856873,-0.05424681678414345,0.999488353729248,0.3522108495235443,0.6550928950309753,-0.11321303248405457,0.9996198415756226,0.28960075974464417,0.5685326457023621,-0.02780025638639927,0.7529119253158569,0.3535710573196411,0.5612960457801819,-0.09796424210071564,0.9760693311691284,0.2977185845375061,0.5059630870819092,-0.12022067606449127,0.5946394801139832,0.32514259219169617,0.5029343366622925,-0.15193520486354828,0.9207971096038818,0.3028913736343384,0.48894789814949036,-0.14543990790843964,0.517753005027771,0.318339467048645,0.4873678684234619,-0.17680397629737854,0.8621981739997864,0.30712297558784485,0.49493616819381714,-0.16378095746040344,0.5265359878540039,0.3131963014602661,0.4959672689437866,-0.19069762527942657,0.860801100730896,0.3065835237503052,0.5010697245597839,-0.12984402477741241,0.5013688802719116,0.3145679235458374,0.5019746422767639,-0.15714670717716217,0.8282591104507446,0.3029070198535919,0.48908573389053345,0.015181509777903557,0.9988634586334229,0.3401144742965698,0.487064391374588,-0.015184734016656876,0.9979984760284424,0.30049198865890503,0.33787962794303894,-0.03729722648859024,0.8772068619728088,0.3405942916870117,0.35229864716529846,0.015070679597556591,0.7611310482025146,0.30135971307754517,0.19633395969867706,0.028196463361382484,0.8459374904632568,0.3361608684062958,0.2354249209165573,0.15605758130550385,0.6746507883071899,0.30784091353416443,0.18391555547714233,0.028718437999486923,0.4997866749763489,0.3361894190311432,0.22192250192165375,0.16476678848266602,0.3281516134738922,0.30228620767593384,0.1430015116930008,-0.07737623900175095,0.8046383857727051,0.3273444175720215,0.18877755105495453,0.06852582097053528,0.6910989284515381
sujin_stand_normal_10,186,62,6.200809399477807,29.99608406213288,10,0.31906095147132874,0.7261489033699036,-0.24782942235469818,0.9996836185455322,0.3156701922416687,0.7355945110321045,-0.2339433878660202,0.999098002910614,0.3131864368915558,0.7351773977279663,-0.23395486176013947,0.998974621295929,0.3105242848396301,0.7346848249435425,-0.2339783012866974,0.9988732933998108,0.32310423254966736,0.7358710765838623,-0.23818597197532654,0.9992244839668274,0.3260199725627899,0.7354587316513062,-0.238231360912323,0.9992417097091675,0.32945141196250916,0.7349135279655457,-0.23828595876693726,0.9993034601211548,0.30798080563545227,0.7274914979934692,-0.14215263724327087,0.9966204166412354,0.333771288394928,0.7272151708602905,-0.16083815693855286,0.9991679787635803,0.31550344824790955,0.7121213674545288,-0.21197955310344696,0.9995470643043518,0.32506874203681946,0.7132412195205688,-0.21734975278377533,0.999664843082428,0.2904888987541199,0.6571061015129089,-0.05832834169268608,0.9994878172874451,0.352202832698822,0.6551022529602051,-0.11669179052114487,0.9996189475059509,0.2892788350582123,0.5685288310050964,-0.027260761708021164,0.756328284740448,0.35356059670448303,0.5613002777099609,-0.10000347346067429,0.9764037728309631,0.29815807938575745,0.5058272480964661,-0.11511579900979996,0.5962390303611755,0.3248377740383148,0.5029588937759399,-0.1540277898311615,0.9208896160125732,0.30363401770591736,0.48876699805259705,-0.13950350880622864,0.5175593495368958,0.318096786737442,0.48752132058143616,-0.17890430986881256,0.8619323372840881,0.3079104423522949,0.49490344524383545,-0.1577921062707901,0.5261934399604797,0.3129262328147888,0.49601292610168457,-0.19247226417064667,0.8604601621627808,0.3072766959667206,0.5010522603988647,-0.12455860525369644,0.5010884404182434,0.3143310844898224,0.5019928216934204,-0.1591176688671112,0.8278142809867859,0.3029342293739319,0.48924317955970764,0.015052512288093567,0.9988697171211243,0.3401922583580017,0.4871809780597687,-0.015054574236273766,0.9979901313781738,0.3006116449832916,0.3379291892051697,-0.03615419566631317,0.8756734132766724,0.3406052589416504,0.3523131310939789,0.014586272649466991,0.7574027180671692,0.3014294505119324,0.19668476283550262,0.032514721155166626,0.8444241285324097,0.3361774981021881,0.23551231622695923,0.15555138885974884,0.6702229976654053,0.3072536885738373,0.182763934135437,0.03352499380707741,0.49907970428466797,0.3362348973751068,0.22192645072937012,0.16422472894191742,0.32524949312210083,0.30228689312934875,0.1433425396680832,-0.07218897342681885,0.8034878969192505,0.3273240625858307,0.18880662322044373,0.0677417442202568,0.6876598596572876
sujin_stand_normal_10,189,63,6.300822454308094,29.99608406213288,10,0.31898581981658936,0.726127028465271,-0.25425687432289124,0.9996767044067383,0.3156038522720337,0.7355797290802002,-0.24038633704185486,0.9990736246109009,0.3130930960178375,0.7351674437522888,-0.24039970338344574,0.9989480972290039,0.31044042110443115,0.7346795797348022,-0.24042962491512299,0.9988418221473694,0.3230532109737396,0.7358415126800537,-0.24423904716968536,0.9991995692253113,0.32596859335899353,0.7354282140731812,-0.24428582191467285,0.9992210268974304,0.32940229773521423,0.7348740100860596,-0.24434028565883636,0.9992836713790894,0.3078473210334778,0.7274909019470215,-0.14822369813919067,0.9965502619743347,0.33370646834373474,0.7271881103515625,-0.1651676446199417,0.9991400241851807,0.3154067099094391,0.7120893001556396,-0.2182353287935257,0.9995367527008057,0.32497432827949524,0.7131737470626831,-0.2231287956237793,0.9996546506881714,0.2900685667991638,0.6572227478027344,-0.06324805319309235,0.999487042427063,0.3521658778190613,0.6552103161811829,-0.11972935497760773,0.999616801738739,0.288938969373703,0.5684587955474854,-0.02797454595565796,0.7609535455703735,0.35356253385543823,0.5615507960319519,-0.10277938842773438,0.9766187071800232,0.2985616624355316,0.5058538913726807,-0.11301054805517197,0.5986778736114502,0.3248010277748108,0.5029816031455994,-0.1577504426240921,0.9205427169799805,0.3042704164981842,0.4887044131755829,-0.1367066204547882,0.5172706842422485,0.31804901361465454,0.48773324489593506,-0.1827547550201416,0.8609882593154907,0.30857643485069275,0.4949174225330353,-0.15431362390518188,0.5256977081298828,0.31285959482192993,0.49615347385406494,-0.19588010013103485,0.8594424724578857,0.3079085648059845,0.5010861754417419,-0.12208924442529678,0.5007115006446838,0.3142904043197632,0.502058744430542,-0.16276320815086365,0.8266021609306335,0.30308160185813904,0.4900909960269928,0.014987779781222343,0.9988621473312378,0.34035953879356384,0.4879286587238312,-0.01499597355723381,0.9979693293571472,0.30104777216911316,0.3384295701980591,-0.03305623680353165,0.8710278868675232,0.34075185656547546,0.35276517271995544,0.007156647741794586,0.7532610297203064,0.3016122877597809,0.20114246010780334,0.049995385110378265,0.8385812044143677,0.33625543117523193,0.2356308102607727,0.14481523633003235,0.6649341583251953,0.3085494041442871,0.19259443879127502,0.052745308727025986,0.4931763708591461,0.3364931344985962,0.2220713049173355,0.15353912115097046,0.3213500678539276,0.30230024456977844,0.14496318995952606,-0.05006762966513634,0.7976359128952026,0.32730531692504883,0.18878982961177826,0.05642980709671974,0.6822556853294373
sujin_stand_normal_10,192,64,6.400835509138381,29.99608406213288,10,0.3189842104911804,0.7261071801185608,-0.26506608724594116,0.9996841549873352,0.3155805170536041,0.7355630397796631,-0.25116240978240967,0.9990920424461365,0.31307172775268555,0.7351514101028442,-0.25117290019989014,0.9989657998085022,0.31040337681770325,0.73466956615448,-0.25120458006858826,0.9988566637039185,0.32304781675338745,0.735823392868042,-0.25432446599006653,0.9992137551307678,0.32596778869628906,0.7354114651679993,-0.2543720304965973,0.999237596988678,0.32940059900283813,0.7348606586456299,-0.2544223666191101,0.9992997646331787,0.3077526390552521,0.7274886965751648,-0.158427894115448,0.9966301918029785,0.33369842171669006,0.7271779775619507,-0.17268802225589752,0.9991483092308044,0.3153753876686096,0.7120582461357117,-0.22888179123401642,0.9995379447937012,0.324972927570343,0.713128387928009,-0.23303471505641937,0.999653697013855,0.2897969186306,0.6573464274406433,-0.07341094315052032,0.9994850754737854,0.3521333336830139,0.6555540561676025,-0.12347794324159622,0.9996185898780823,0.2887987494468689,0.5683948993682861,-0.03273804113268852,0.7666586637496948,0.3536076843738556,0.5621413588523865,-0.10631437599658966,0.9765135049819946,0.2986953556537628,0.5058868527412415,-0.11160014569759369,0.6014302968978882,0.32481953501701355,0.502994954586029,-0.16453154385089874,0.9197168946266174,0.30438193678855896,0.48865553736686707,-0.13400857150554657,0.5164402723312378,0.31806430220603943,0.48779550194740295,-0.18949291110038757,0.8593727350234985,0.30877959728240967,0.49493205547332764,-0.15093247592449188,0.524600625038147,0.3128660321235657,0.496194452047348,-0.2026338130235672,0.8578025698661804,0.30816543102264404,0.5011320114135742,-0.12019510567188263,0.49970123171806335,0.3143343925476074,0.5021060705184937,-0.16971823573112488,0.824730396270752,0.3033997714519501,0.49193063378334045,0.012119208462536335,0.9988464117050171,0.3405856192111969,0.489475280046463,-0.012147198431193829,0.9979738593101501,0.30120813846588135,0.34570077061653137,-0.030817143619060516,0.8621711730957031,0.3408840000629425,0.3548474609851837,-0.0024186386726796627,0.7495883107185364,0.3028065860271454,0.21500088274478912,0.06872761994600296,0.8273230791091919,0.3363026976585388,0.23721010982990265,0.1309337019920349,0.6630393266677856,0.31085336208343506,0.20649518072605133,0.07341843098402023,0.4844873547554016,0.3367423117160797,0.2229243814945221,0.13957439363002777,0.3211745023727417,0.30427128076553345,0.1626884937286377,-0.024350885301828384,0.7869142293930054,0.3277416527271271,0.19015955924987793,0.04328542202711105,0.6782405972480774
sujin_stand_normal_10,195,65,6.500848563968669,29.99608406213288,10,0.3189917802810669,0.7261030077934265,-0.26310065388679504,0.9996917843818665,0.3155713975429535,0.735556423664093,-0.24900446832180023,0.9991115927696228,0.3130699396133423,0.7351446151733398,-0.24901644885540009,0.9989861249923706,0.31039130687713623,0.734663724899292,-0.24904824793338776,0.9988742470741272,0.32304611802101135,0.7358232736587524,-0.25238481163978577,0.9992296099662781,0.32598161697387695,0.7354140281677246,-0.2524312138557434,0.9992555379867554,0.3294009268283844,0.7348669171333313,-0.25248342752456665,0.9993158578872681,0.3077048361301422,0.7274907827377319,-0.15593454241752625,0.9967167973518372,0.33369359374046326,0.7271814346313477,-0.17124199867248535,0.9991632103919983,0.3153687119483948,0.7120475769042969,-0.2268112450838089,0.9995422959327698,0.32499808073043823,0.7131165266036987,-0.2312341332435608,0.999655544757843,0.28976359963417053,0.6574512720108032,-0.07092156261205673,0.9994900822639465,0.3521290123462677,0.6558963656425476,-0.12248310446739197,0.9996247887611389,0.288785457611084,0.5683791637420654,-0.03154309093952179,0.7731754779815674,0.35371553897857666,0.562778115272522,-0.10551910102367401,0.976589560508728,0.2990892231464386,0.5059037804603577,-0.10854611545801163,0.6063413619995117,0.32493269443511963,0.5030670762062073,-0.16316205263137817,0.9197525978088379,0.30481964349746704,0.48865073919296265,-0.1308675855398178,0.5176261067390442,0.318074494600296,0.48790374398231506,-0.187897726893425,0.8590041995048523,0.30923840403556824,0.4949990212917328,-0.14723964035511017,0.5255770087242126,0.31287682056427,0.4962886571884155,-0.2014368623495102,0.8574402928352356,0.3086681663990021,0.5012142658233643,-0.11687513440847397,0.5005879402160645,0.31441840529441833,0.5021979212760925,-0.1684451401233673,0.8242709040641785,0.30360719561576843,0.4927282929420471,0.01139806117862463,0.9988381266593933,0.34077122807502747,0.49005788564682007,-0.011426270939409733,0.9979857802391052,0.3014136254787445,0.3472669720649719,-0.030023474246263504,0.8546423316001892,0.34088170528411865,0.3551711142063141,-0.0025952912401407957,0.744668185710907,0.3038739562034607,0.2153172791004181,0.06325221806764603,0.8180723786354065,0.3363051414489746,0.23720484972000122,0.12564371526241302,0.6608771681785583,0.31169435381889343,0.20788106322288513,0.06699934601783752,0.478299617767334,0.33680999279022217,0.22285409271717072,0.13358844816684723,0.3205878734588623,0.30550897121429443,0.16494446992874146,-0.03148307651281357,0.7782264351844788,0.3282570540904999,0.19009339809417725,0.03701679781079292,0.6749913692474365
sujin_stand_normal_10,198,66,6.600861618798956,29.99608406213288,10,0.3190544545650482,0.7260843515396118,-0.2599593698978424,0.9997001886367798,0.3155681788921356,0.7355485558509827,-0.2459106147289276,0.9991355538368225,0.3130902945995331,0.7351330518722534,-0.24592265486717224,0.9990105032920837,0.3103954493999481,0.734649121761322,-0.24595145881175995,0.9988967180252075,0.32307910919189453,0.7358201146125793,-0.24979470670223236,0.9992471933364868,0.32610267400741577,0.7354093790054321,-0.2498416155576706,0.9992743134498596,0.3294540047645569,0.7348634600639343,-0.24989701807498932,0.9993325471878052,0.3077006936073303,0.7274923920631409,-0.1535859853029251,0.9968122243881226,0.33371004462242126,0.7271793484687805,-0.16779714822769165,0.9991739988327026,0.3153652250766754,0.7120195031166077,-0.22377075254917145,0.9995432496070862,0.32509133219718933,0.7130709290504456,-0.22864119708538055,0.9996541142463684,0.2897769808769226,0.657663881778717,-0.0687570720911026,0.9994930028915405,0.3521253764629364,0.6562446355819702,-0.11669067293405533,0.9996220469474792,0.28876611590385437,0.5688114166259766,-0.031193574890494347,0.7814201712608337,0.353777140378952,0.5637572407722473,-0.10014098137617111,0.976561427116394,0.2995113134384155,0.5065845251083374,-0.10610959678888321,0.6166306138038635,0.3250049948692322,0.503109335899353,-0.16243252158164978,0.9198027849197388,0.3049851357936859,0.48875704407691956,-0.12885238230228424,0.5243555307388306,0.3181089162826538,0.48793426156044006,-0.18687960505485535,0.8587946891784668,0.3095294237136841,0.4951017498970032,-0.14479534327983856,0.5321783423423767,0.31288594007492065,0.49632394313812256,-0.20005352795124054,0.8573082089424133,0.3090639114379883,0.5013704299926758,-0.11428774148225784,0.5068153142929077,0.3144318163394928,0.5022348761558533,-0.16784067451953888,0.8242065906524658,0.30421212315559387,0.4956236183643341,0.010105323977768421,0.9987921714782715,0.341038316488266,0.49209290742874146,-0.010132253170013428,0.9979568719863892,0.3016931116580963,0.35122162103652954,-0.030294371768832207,0.8419861197471619,0.34094753861427307,0.35811981558799744,-0.015593355521559715,0.7379595041275024,0.30499494075775146,0.2198847383260727,0.06269598752260208,0.8033541440963745,0.33630433678627014,0.23751138150691986,0.09605924785137177,0.6572040319442749,0.31242725253105164,0.21046686172485352,0.0666564404964447,0.468189537525177,0.3368450701236725,0.22285284101963043,0.102430060505867,0.3200051784515381,0.3073134422302246,0.1795380562543869,-0.02893347665667534,0.7639414072036743,0.32862791419029236,0.19036203622817993,0.00607107300311327,0.6686655282974243
sujin_stand_normal_10,201,67,6.700874673629243,29.99608406213288,10,0.3191494345664978,0.7260704636573792,-0.2443591207265854,0.9996882677078247,0.3155689537525177,0.7355440855026245,-0.230060413479805,0.9991019368171692,0.31312325596809387,0.735127866268158,-0.23008528351783752,0.998971700668335,0.31040844321250916,0.7346384525299072,-0.23011761903762817,0.9988492131233215,0.3231423497200012,0.735816478729248,-0.2336866855621338,0.9992150068283081,0.3262936472892761,0.7354059219360352,-0.23372235894203186,0.9992437958717346,0.3295530080795288,0.7348586320877075,-0.23377791047096252,0.9993011951446533,0.30769699811935425,0.7274966835975647,-0.13767950236797333,0.9967004656791687,0.33378028869628906,0.7271779775619507,-0.15292276442050934,0.999139666557312,0.31536808609962463,0.7119936347007751,-0.20832549035549164,0.9995262622833252,0.325247198343277,0.7130294442176819,-0.21287328004837036,0.999641478061676,0.28982532024383545,0.657717764377594,-0.05556555837392807,0.9994926452636719,0.3521120250225067,0.656444787979126,-0.10541858524084091,0.9996189475059509,0.28872743248939514,0.5689806342124939,-0.027702417224645615,0.7859663367271423,0.3538317382335663,0.5640522837638855,-0.09022357314825058,0.9765044450759888,0.29949939250946045,0.5072870254516602,-0.11237530410289764,0.6237815022468567,0.32515016198158264,0.5036168098449707,-0.15089593827724457,0.9203059077262878,0.3049038350582123,0.48900920152664185,-0.13761872053146362,0.5305291414260864,0.318332701921463,0.48817455768585205,-0.175735741853714,0.8595884442329407,0.30948060750961304,0.4952739477157593,-0.15357421338558197,0.5382921695709229,0.31296059489250183,0.4963844120502472,-0.18954701721668243,0.8581356406211853,0.3090223968029022,0.5015794038772583,-0.12094605714082718,0.5125330090522766,0.3144799470901489,0.50230872631073,-0.15632086992263794,0.8250463008880615,0.30423805117607117,0.49545609951019287,0.01021730899810791,0.9987732768058777,0.34103888273239136,0.49203988909721375,-0.010245176963508129,0.9979264140129089,0.3013954758644104,0.3501589596271515,-0.03061152622103691,0.8413686752319336,0.3409508168697357,0.3580555021762848,-0.00869907159358263,0.7378028631210327,0.3045355975627899,0.21555323898792267,0.061185963451862335,0.8010656833648682,0.33629852533340454,0.23747114837169647,0.11307598650455475,0.6573157906532288,0.30970844626426697,0.1970842033624649,0.06438949704170227,0.46537402272224426,0.33669307827949524,0.2217303067445755,0.12011386454105377,0.32063475251197815,0.30659884214401245,0.16519193351268768,-0.03188813850283623,0.7604580521583557,0.32862645387649536,0.19034971296787262,0.022650739178061485,0.6676499843597412
sujin_stand_normal_10,204,68,6.80088772845953,29.99608406213288,10,0.3193172812461853,0.7260007262229919,-0.23662999272346497,0.9996718168258667,0.3155857026576996,0.7355166077613831,-0.22242441773414612,0.9990569949150085,0.31319183111190796,0.735095739364624,-0.22245411574840546,0.9989198446273804,0.31045782566070557,0.7345981001853943,-0.22248682379722595,0.9987875819206238,0.3232423663139343,0.7357888221740723,-0.22597016394138336,0.999172031879425,0.32651907205581665,0.7353696227073669,-0.2260041981935501,0.9992023706436157,0.32968416810035706,0.734821617603302,-0.22606179118156433,0.9992602467536926,0.3076942265033722,0.7274900078773499,-0.1304943859577179,0.9965483546257019,0.3338744342327118,0.7271652221679688,-0.14591087400913239,0.9990939497947693,0.3154021203517914,0.7119186520576477,-0.20080731809139252,0.9995046854019165,0.32545894384384155,0.7129220366477966,-0.20526225864887238,0.9996261596679688,0.2898997962474823,0.6577457785606384,-0.04946484789252281,0.9994894862174988,0.35210415720939636,0.6566298007965088,-0.09951245784759521,0.9996159076690674,0.28872597217559814,0.5690534710884094,-0.02370447665452957,0.7886491417884827,0.3539417088031769,0.5643610954284668,-0.08421418070793152,0.9765481352806091,0.2994784712791443,0.5077823996543884,-0.11398006230592728,0.6293767690658569,0.32550132274627686,0.5038055777549744,-0.144656240940094,0.9211595058441162,0.30468079447746277,0.4892488121986389,-0.14020699262619019,0.535812258720398,0.3186076581478119,0.48823899030685425,-0.16963210701942444,0.8609655499458313,0.309457004070282,0.4953889548778534,-0.15677247941493988,0.5436272025108337,0.3130474388599396,0.49638959765434265,-0.18381160497665405,0.8595659136772156,0.3090093433856964,0.501717746257782,-0.12292912602424622,0.5176184773445129,0.31458035111427307,0.5023378133773804,-0.15014596283435822,0.8266255259513855,0.304237425327301,0.4954032599925995,0.010250663384795189,0.9987449645996094,0.3410368263721466,0.4918801188468933,-0.01028409507125616,0.9978776574134827,0.3013162612915039,0.34906989336013794,-0.03187958151102066,0.8377158045768738,0.3409600853919983,0.35775813460350037,-0.007223961874842644,0.7342667579650879,0.3044379651546478,0.2127418965101242,0.05496261268854141,0.7940346002578735,0.33621746301651,0.23653040826320648,0.11420972645282745,0.6523420810699463,0.30932122468948364,0.19169414043426514,0.057749103754758835,0.4590892195701599,0.3364720940589905,0.2204035520553589,0.12115389853715897,0.3180844783782959,0.3062655031681061,0.15971630811691284,-0.03677644953131676,0.7527927160263062,0.3286202549934387,0.1902691274881363,0.02305077388882637,0.6621938943862915
sujin_stand_normal_10,207,69,6.900900783289817,29.99608406213288,10,0.31945717334747314,0.7259129881858826,-0.23733189702033997,0.9996578097343445,0.31561020016670227,0.7354730367660522,-0.22325290739536285,0.9990167617797852,0.3132706582546234,0.7350479364395142,-0.2232789248228073,0.9988729357719421,0.3105261027812958,0.7345411777496338,-0.22330999374389648,0.99873286485672,0.32334184646606445,0.7357463240623474,-0.22683601081371307,0.9991351962089539,0.32670801877975464,0.7353205680847168,-0.22687092423439026,0.9991673231124878,0.3297930359840393,0.7347752451896667,-0.22692802548408508,0.9992265105247498,0.3077027201652527,0.727472186088562,-0.1314944326877594,0.9964100122451782,0.3339576721191406,0.7271416187286377,-0.14722558856010437,0.9990549087524414,0.3154362142086029,0.7118092775344849,-0.20154961943626404,0.999483585357666,0.32561513781547546,0.7127770185470581,-0.2060714066028595,0.9996113777160645,0.28997933864593506,0.6577620506286621,-0.05000295862555504,0.9994833469390869,0.35210132598876953,0.6566958427429199,-0.10067928582429886,0.9996111989021301,0.28873777389526367,0.5691762566566467,-0.02071954682469368,0.7896860241889954,0.3539700210094452,0.5644934773445129,-0.08514202386140823,0.9765270352363586,0.2994724214076996,0.5080031156539917,-0.11164696514606476,0.6326122283935547,0.32558250427246094,0.503990113735199,-0.14486531913280487,0.9216589331626892,0.3044680058956146,0.4893735647201538,-0.13725589215755463,0.5387921929359436,0.31870827078819275,0.48826152086257935,-0.1697923243045807,0.8617575764656067,0.3094150722026825,0.4954393804073334,-0.15473943948745728,0.5466365814208984,0.31306517124176025,0.4963815212249756,-0.18383243680000305,0.860384464263916,0.30898046493530273,0.5017730593681335,-0.12095866352319717,0.5204339027404785,0.31460148096084595,0.502348780632019,-0.15029272437095642,0.8275429606437683,0.3042328953742981,0.49536052346229553,0.010382262989878654,0.998715877532959,0.3410310745239258,0.49180784821510315,-0.010413173586130142,0.9978382587432861,0.30128127336502075,0.34831538796424866,-0.03230136260390282,0.836529552936554,0.3409990966320038,0.35758939385414124,-0.006870779674500227,0.7336590886116028,0.30436715483665466,0.2110682874917984,0.052297379821538925,0.7910239696502686,0.33621689677238464,0.23649366199970245,0.11480265110731125,0.6512913107872009,0.3101359009742737,0.19462411105632782,0.054778289049863815,0.45537668466567993,0.3364161550998688,0.2201092392206192,0.12176178395748138,0.31770122051239014,0.30604758858680725,0.15542316436767578,-0.04110387712717056,0.7489872574806213,0.3286738693714142,0.19020332396030426,0.023551950231194496,0.6603572964668274
sujin_stand_normal_10,210,70,7.000913838120105,29.99608406213288,10,0.3195555508136749,0.7258525490760803,-0.23975524306297302,0.9996508955955505,0.31563031673431396,0.7354458570480347,-0.22572191059589386,0.998995840549469,0.31333938241004944,0.7350125908851624,-0.22574521601200104,0.9988484978675842,0.310590535402298,0.7344890236854553,-0.22577574849128723,0.9987049698829651,0.32340219616889954,0.7357234358787537,-0.22940364480018616,0.9991145133972168,0.32681944966316223,0.7352932691574097,-0.22944018244743347,0.9991465210914612,0.32985618710517883,0.7347491383552551,-0.22949577867984772,0.999205470085144,0.3077179193496704,0.7274246215820312,-0.1338021457195282,0.9963420033454895,0.3340197205543518,0.727120578289032,-0.15005359053611755,0.9990289211273193,0.3154684901237488,0.7117096781730652,-0.20389454066753387,0.9994716048240662,0.325715035200119,0.7126646041870117,-0.208561509847641,0.9996015429496765,0.29010242223739624,0.6577740907669067,-0.05178128927946091,0.9994831681251526,0.3520968556404114,0.6567263603210449,-0.10289343446493149,0.9996060729026794,0.28874486684799194,0.5692358016967773,-0.021154604852199554,0.7916901707649231,0.3539508283138275,0.5645386576652527,-0.08630827069282532,0.9762452840805054,0.29942262172698975,0.5080666542053223,-0.1118539497256279,0.6370673775672913,0.32559484243392944,0.5041225552558899,-0.14550013840198517,0.9213778972625732,0.3042670786380768,0.4894101321697235,-0.13726674020290375,0.5429143309593201,0.3187456429004669,0.4882687032222748,-0.1703757345676422,0.8615379333496094,0.3093169629573822,0.4954538941383362,-0.15491928160190582,0.5507910251617432,0.31307438015937805,0.4963368773460388,-0.18454794585704803,0.8602085709571838,0.3088962137699127,0.5017924308776855,-0.12124142795801163,0.5244160294532776,0.3146127164363861,0.5023537278175354,-0.15098075568675995,0.8273748755455017,0.3042082190513611,0.49523693323135376,0.010479344986379147,0.9986949563026428,0.3410145938396454,0.49178194999694824,-0.01050500851124525,0.9978089332580566,0.30128830671310425,0.3471137583255768,-0.03199072554707527,0.8361199498176575,0.34100452065467834,0.3575178384780884,-0.00580765213817358,0.7334513068199158,0.30431705713272095,0.2090117633342743,0.05200419947504997,0.7891921401023865,0.3361629843711853,0.23636110126972198,0.1161082461476326,0.6511688232421875,0.3101879358291626,0.1940307766199112,0.054147716611623764,0.45275014638900757,0.3361778259277344,0.21976536512374878,0.1230316236615181,0.31763285398483276,0.3058494031429291,0.15274325013160706,-0.04182353988289833,0.7464949488639832,0.3287210762500763,0.19011858105659485,0.02496699057519436,0.6596490144729614
sujin_stand_normal_10,213,71,7.100926892950392,29.99608406213288,10,0.3196815252304077,0.7258425951004028,-0.24032117426395416,0.9996493458747864,0.3156644105911255,0.7354402542114258,-0.22625531256198883,0.9989904165267944,0.3134259879589081,0.7350027561187744,-0.2262776494026184,0.9988403916358948,0.3106772303581238,0.7344663143157959,-0.2263079285621643,0.9986956715583801,0.3234831690788269,0.7357199192047119,-0.2299918383359909,0.9991095066070557,0.32694751024246216,0.7352892160415649,-0.23002812266349792,0.9991412162780762,0.32992562651634216,0.7347439527511597,-0.2300828993320465,0.9991995692253113,0.3077385723590851,0.7273945808410645,-0.13415144383907318,0.9963130354881287,0.33408862352371216,0.7271122336387634,-0.15071269869804382,0.9990215301513672,0.31551435589790344,0.7116580009460449,-0.2043897807598114,0.999466061592102,0.32583087682724,0.7126182317733765,-0.20914608240127563,0.9995974898338318,0.2902325987815857,0.6577742695808411,-0.052095770835876465,0.9994804859161377,0.35209476947784424,0.6567464470863342,-0.10360275954008102,0.999603807926178,0.28874656558036804,0.569281280040741,-0.02148529328405857,0.7934587597846985,0.35391807556152344,0.5646451711654663,-0.08716537058353424,0.976137101650238,0.29924407601356506,0.5080700516700745,-0.11251714825630188,0.6410312652587891,0.32557523250579834,0.5043913125991821,-0.14571741223335266,0.9215561747550964,0.3039751350879669,0.489419162273407,-0.13803094625473022,0.5464544296264648,0.3187611699104309,0.488273561000824,-0.1704626977443695,0.861828088760376,0.3091161847114563,0.49545761942863464,-0.1558970808982849,0.5543869733810425,0.3130837678909302,0.49628910422325134,-0.18463414907455444,0.8605336546897888,0.30871111154556274,0.501796543598175,-0.12202511727809906,0.527791440486908,0.3146020472049713,0.5023608803749084,-0.15116405487060547,0.8277445435523987,0.30418702960014343,0.4951353371143341,0.010551286861300468,0.9986749887466431,0.3409816324710846,0.4916163682937622,-0.010573551058769226,0.9977871179580688,0.301308274269104,0.34619978070259094,-0.03199362754821777,0.8353661298751831,0.3410285711288452,0.35745969414711,-0.005781278945505619,0.7329037189483643,0.30437153577804565,0.20738929510116577,0.04969146102666855,0.7873826026916504,0.3361263573169708,0.2361806482076645,0.11531755328178406,0.6507431268692017,0.309883177280426,0.18931950628757477,0.051477424800395966,0.45065829157829285,0.33601534366607666,0.21936069428920746,0.12213941663503647,0.31745946407318115,0.3056612014770508,0.15125560760498047,-0.04638822004199028,0.7442483305931091,0.328770250082016,0.19011205434799194,0.024211764335632324,0.6588882803916931
sujin_stand_normal_10,216,72,7.200939947780679,29.99608406213288,10,0.3198328912258148,0.7258386611938477,-0.2344823032617569,0.9996386766433716,0.31571945548057556,0.7354361414909363,-0.22040535509586334,0.9989616274833679,0.31353309750556946,0.7349951863288879,-0.22043229639530182,0.998805046081543,0.31080010533332825,0.7344469428062439,-0.22046151757240295,0.9986550211906433,0.32358741760253906,0.7357150316238403,-0.22403059899806976,0.9990837574005127,0.32709041237831116,0.7352845668792725,-0.2240639328956604,0.9991154670715332,0.3300046920776367,0.7347397208213806,-0.22412000596523285,0.9991752505302429,0.3077811598777771,0.7273721098899841,-0.1292511224746704,0.9961892366409302,0.3341591954231262,0.7271100878715515,-0.1453186720609665,0.9989901185035706,0.3155779242515564,0.7116290330886841,-0.19901618361473083,0.999448299407959,0.3259548246860504,0.7125966548919678,-0.20362244546413422,0.9995869994163513,0.290423721075058,0.6577768325805664,-0.04953981935977936,0.9994707107543945,0.352094441652298,0.656766414642334,-0.09957843273878098,0.9996001720428467,0.2888212203979492,0.5694103240966797,-0.021684641018509865,0.7931956648826599,0.35398805141448975,0.5647856593132019,-0.08390451222658157,0.976151704788208,0.2989751994609833,0.5083274245262146,-0.11954768747091293,0.6426184177398682,0.32566964626312256,0.5046207904815674,-0.14182360470294952,0.9221507906913757,0.30328187346458435,0.4896495044231415,-0.1459888368844986,0.5487022995948792,0.31876838207244873,0.4882776439189911,-0.16637715697288513,0.8628581166267395,0.30858853459358215,0.4955526888370514,-0.1638420671224594,0.5567418932914734,0.31309306621551514,0.4963037669658661,-0.18047428131103516,0.8616245985031128,0.3083420991897583,0.5019235610961914,-0.1292637586593628,0.5302100777626038,0.3146081864833832,0.5024985671043396,-0.1471756249666214,0.8289790749549866,0.3041814863681793,0.4950113892555237,0.01060281042009592,0.9986511468887329,0.3409794569015503,0.4915883243083954,-0.010623910464346409,0.9977478981018066,0.3012326955795288,0.345914363861084,-0.03390175476670265,0.8314980268478394,0.34102967381477356,0.35736533999443054,-0.006550404243171215,0.7293203473091125,0.30434855818748474,0.20723672211170197,0.04424532502889633,0.7801291942596436,0.3360773026943207,0.23567211627960205,0.11276597529649734,0.6450319290161133,0.30957502126693726,0.18885500729084015,0.046091340482234955,0.4439731538295746,0.3359721899032593,0.21910405158996582,0.11952750384807587,0.31387850642204285,0.30546486377716064,0.15122473239898682,-0.052514877170324326,0.7367175221443176,0.3287716805934906,0.19010698795318604,0.021961228922009468,0.6528515219688416
sujin_stand_normal_10,219,73,7.300953002610966,29.99608406213288,10,0.3198811709880829,0.7257939577102661,-0.23468518257141113,0.9996297955513,0.31574270129203796,0.7353793978691101,-0.22073715925216675,0.9989365935325623,0.3135862648487091,0.7349336743354797,-0.22076687216758728,0.9987740516662598,0.3108617663383484,0.7343695759773254,-0.22079698741436005,0.9986189007759094,0.32362765073776245,0.7356777191162109,-0.22435259819030762,0.99906325340271,0.3271437883377075,0.7352529168128967,-0.22438471019268036,0.9990953207015991,0.33003777265548706,0.7347140312194824,-0.22444409132003784,0.999156653881073,0.30782076716423035,0.7273138165473938,-0.13011009991168976,0.996078372001648,0.334203839302063,0.7270880341529846,-0.14632348716259003,0.9989652037620544,0.3156032860279083,0.7115596532821655,-0.19938494265079498,0.999428927898407,0.32599514722824097,0.7125115990638733,-0.20403215289115906,0.9995757937431335,0.2906610667705536,0.6577999591827393,-0.0507286936044693,0.9994560480117798,0.35209307074546814,0.6568046808242798,-0.10005414485931396,0.9995934367179871,0.28911644220352173,0.5695680975914001,-0.021761680021882057,0.7909421324729919,0.3539898693561554,0.5648176670074463,-0.08421064168214798,0.9760240316390991,0.2985246479511261,0.5085256695747375,-0.11565960198640823,0.6405940055847168,0.32565662264823914,0.5046956539154053,-0.14228571951389313,0.9222372174263,0.30256935954093933,0.4898259937763214,-0.14105072617530823,0.5471760034561157,0.31873464584350586,0.4882630407810211,-0.16692829132080078,0.8630712628364563,0.3079548478126526,0.49561846256256104,-0.16047480702400208,0.5553123950958252,0.3130521774291992,0.4962831735610962,-0.1811077743768692,0.8618743419647217,0.3077993392944336,0.5020002722740173,-0.12583421170711517,0.5290812253952026,0.31456974148750305,0.5025036334991455,-0.14771170914173126,0.8292742371559143,0.30417734384536743,0.49491971731185913,0.010615567676723003,0.9986289143562317,0.34097734093666077,0.49152103066444397,-0.01063303742557764,0.9977204203605652,0.30110108852386475,0.34566861391067505,-0.033781927078962326,0.8318725228309631,0.341135174036026,0.35728347301483154,-0.006137455813586712,0.7298717498779297,0.3041022717952728,0.207133486866951,0.045183856040239334,0.7788628935813904,0.336096853017807,0.23587165772914886,0.11502809822559357,0.6452281475067139,0.30865737795829773,0.1889714151620865,0.047136738896369934,0.4421862065792084,0.33602234721183777,0.22005018591880798,0.12202110141515732,0.3139869272708893,0.3054233491420746,0.15116654336452484,-0.05229249969124794,0.7344919443130493,0.3288643956184387,0.1900993138551712,0.024467140436172485,0.6521474719047546
sujin_stand_normal_10,222,74,7.400966057441254,29.99608406213288,10,0.31990867853164673,0.7257897853851318,-0.23893310129642487,0.9996251463890076,0.31575578451156616,0.7353608012199402,-0.22473888099193573,0.9989272952079773,0.3136184513568878,0.7349083423614502,-0.22476932406425476,0.9987578392028809,0.31089451909065247,0.734330415725708,-0.22479908168315887,0.9985964298248291,0.3236445486545563,0.7356694936752319,-0.22786103188991547,0.9990556240081787,0.3271650969982147,0.7352461814880371,-0.22789707779884338,0.9990888833999634,0.330051988363266,0.7347085475921631,-0.22795936465263367,0.9991511106491089,0.3078393042087555,0.7272620797157288,-0.13324794173240662,0.996019184589386,0.33422836661338806,0.7270750403404236,-0.14752578735351562,0.9989493489265442,0.3156196177005768,0.7115346193313599,-0.20343855023384094,0.9994116425514221,0.3260210156440735,0.7124778032302856,-0.20757456123828888,0.999567449092865,0.2909063994884491,0.6577617526054382,-0.052984800189733505,0.9994346499443054,0.3520914316177368,0.6568421125411987,-0.10088566690683365,0.9995908737182617,0.28931543231010437,0.5695598721504211,-0.02232380025088787,0.7895660400390625,0.3540075719356537,0.5648574233055115,-0.08638770133256912,0.9760357141494751,0.29786598682403564,0.5085581541061401,-0.11564946919679642,0.6396128535270691,0.32566002011299133,0.5047044157981873,-0.1453680694103241,0.9226195812225342,0.30155104398727417,0.48997730016708374,-0.1410357803106308,0.5459328293800354,0.31874242424964905,0.4881965219974518,-0.1698731631040573,0.8636704087257385,0.30669105052948,0.4956813156604767,-0.16023704409599304,0.5542367100715637,0.3130301833152771,0.4961690306663513,-0.1840745061635971,0.8625502586364746,0.306951105594635,0.5020601749420166,-0.12575405836105347,0.5283911824226379,0.3145427405834198,0.5024660229682922,-0.1507735401391983,0.8300989270210266,0.30424660444259644,0.49489209055900574,0.010623354464769363,0.9985798597335815,0.3409842252731323,0.4914555847644806,-0.010641676373779774,0.9976814389228821,0.3007955849170685,0.3466969132423401,-0.03364642709493637,0.8265260457992554,0.3411758244037628,0.35723328590393066,-0.011652305722236633,0.7283551692962646,0.30387061834335327,0.21132464706897736,0.0547172911465168,0.7691984176635742,0.3360520303249359,0.23522357642650604,0.10482001304626465,0.6423442363739014,0.3082110285758972,0.19312874972820282,0.05813807621598244,0.43629583716392517,0.336002379655838,0.21915535628795624,0.11140359193086624,0.31196916103363037,0.3054548501968384,0.16334736347198486,-0.039127446711063385,0.7244479060173035,0.3292459547519684,0.1900940239429474,0.012280318886041641,0.6469980478286743
sujin_stand_normal_10,225,75,7.500979112271541,29.99608406213288,10,0.3199472427368164,0.725784182548523,-0.2458377182483673,0.9996232390403748,0.31577011942863464,0.7353532314300537,-0.23162026703357697,0.9989264607429504,0.31364378333091736,0.7348992228507996,-0.23164673149585724,0.9987497329711914,0.31091588735580444,0.7343239784240723,-0.231675922870636,0.9985845685005188,0.323666512966156,0.7356706857681274,-0.23458479344844818,0.9990547895431519,0.3271900713443756,0.7352515459060669,-0.2346246987581253,0.9990886449813843,0.3300650715827942,0.7347148656845093,-0.2346854954957962,0.9991532564163208,0.307848185300827,0.7272421717643738,-0.1389937400817871,0.9959880709648132,0.33424708247184753,0.7270734310150146,-0.1524992436170578,0.9989411234855652,0.3156416118144989,0.7115265727043152,-0.2099105268716812,0.9993980526924133,0.32606732845306396,0.7124715447425842,-0.21386274695396423,0.9995627403259277,0.29108816385269165,0.6577422022819519,-0.055974967777729034,0.9994102716445923,0.35208895802497864,0.6569486260414124,-0.10409440845251083,0.9995895624160767,0.28952082991600037,0.5694345235824585,-0.022124381735920906,0.7869090437889099,0.35407206416130066,0.5650055408477783,-0.08833213895559311,0.9761146903038025,0.297622948884964,0.5085451602935791,-0.11100625991821289,0.6364207863807678,0.32593804597854614,0.5047120451927185,-0.1485769897699356,0.9229652881622314,0.3012150526046753,0.49000537395477295,-0.13569317758083344,0.5422512292861938,0.3190220594406128,0.48816806077957153,-0.17301148176193237,0.864208996295929,0.3061511218547821,0.49568668007850647,-0.15515661239624023,0.5507030487060547,0.31311124563217163,0.4961053431034088,-0.18759602308273315,0.8631822466850281,0.3065893352031708,0.5020672082901001,-0.12113454192876816,0.5254607796669006,0.3146608769893646,0.5024364590644836,-0.15414118766784668,0.8309316635131836,0.304393470287323,0.4949627220630646,0.010976536199450493,0.9985219836235046,0.3409948945045471,0.49139878153800964,-0.010996956378221512,0.9976354837417603,0.30076149106025696,0.3473965525627136,-0.033629342913627625,0.8181095123291016,0.3412030041217804,0.3572187125682831,-0.017532287165522575,0.7254143953323364,0.3039790391921997,0.21372918784618378,0.05968582257628441,0.7566049695014954,0.33605173230171204,0.2348424792289734,0.09695558249950409,0.6372897028923035,0.3083255887031555,0.1960100382566452,0.06368055939674377,0.4292614161968231,0.3360389769077301,0.21852166950702667,0.10339637100696564,0.30856624245643616,0.3054824769496918,0.16775964200496674,-0.033258188515901566,0.7123146653175354,0.3292345106601715,0.1900143027305603,0.0030462215654551983,0.6398338675498962
sujin_stand_normal_10,228,76,7.600992167101828,29.99608406213288,10,0.31997254490852356,0.7257841229438782,-0.2460130900144577,0.9996243715286255,0.31577762961387634,0.7353523373603821,-0.23170098662376404,0.998932421207428,0.3136568069458008,0.7348916530609131,-0.23172703385353088,0.998749315738678,0.3109242022037506,0.7343153953552246,-0.23175588250160217,0.9985817074775696,0.32368147373199463,0.7356905937194824,-0.23468922078609467,0.9990594387054443,0.3272119462490082,0.7352762222290039,-0.2347288429737091,0.9990930557250977,0.330079585313797,0.7347360849380493,-0.23478876054286957,0.9991592168807983,0.3078501522541046,0.727228581905365,-0.1389484405517578,0.9959842562675476,0.33427131175994873,0.7270799875259399,-0.15260052680969238,0.998937726020813,0.31565719842910767,0.7115204930305481,-0.21000021696090698,0.9993918538093567,0.3261169493198395,0.7124636769294739,-0.21397079527378082,0.9995619058609009,0.29117390513420105,0.6577459573745728,-0.055982913821935654,0.9993939995765686,0.35209766030311584,0.6570404171943665,-0.10442391782999039,0.9995862245559692,0.28968346118927,0.5693839192390442,-0.021182997152209282,0.7852134704589844,0.35409265756607056,0.5650175213813782,-0.08854158967733383,0.976092517375946,0.2975795865058899,0.5084876418113708,-0.10784823447465897,0.6345147490501404,0.32613885402679443,0.5046717524528503,-0.14870291948318481,0.9228894710540771,0.30121609568595886,0.48999425768852234,-0.13243071734905243,0.5398746132850647,0.31917402148246765,0.4880712330341339,-0.17316563427448273,0.8641790151596069,0.30618125200271606,0.4956827759742737,-0.15145978331565857,0.5484187602996826,0.3131595849990845,0.4960050880908966,-0.18777945637702942,0.8632561564445496,0.30652862787246704,0.5020443797111511,-0.11777649074792862,0.5237334966659546,0.31474244594573975,0.5023617744445801,-0.15429171919822693,0.8311594724655151,0.3044496178627014,0.4949279725551605,0.011106166988611221,0.9984769821166992,0.3409964442253113,0.49122586846351624,-0.01112706121057272,0.9975894093513489,0.30064621567726135,0.3474745750427246,-0.03458484262228012,0.8102552890777588,0.34122732281684875,0.3571690618991852,-0.02043261006474495,0.7222741842269897,0.304004967212677,0.21457144618034363,0.06146404519677162,0.7441185116767883,0.33600178360939026,0.23396198451519012,0.09537684172391891,0.6317355632781982,0.30835169553756714,0.19732871651649475,0.06584464758634567,0.4225401282310486,0.33607444167137146,0.2179548591375351,0.10202712565660477,0.30530571937561035,0.3054400384426117,0.168251171708107,-0.030797282233834267,0.7005446553230286,0.32901403307914734,0.18954811990261078,0.001909879152663052,0.6324164867401123
sujin_stand_normal_10,231,77,7.701005221932115,29.99608406213288,10,0.31999146938323975,0.725780189037323,-0.24713927507400513,0.9996258020401001,0.31578120589256287,0.7353478074073792,-0.2327406108379364,0.9989363551139832,0.3136625587940216,0.7348871827125549,-0.23276565968990326,0.9987465739250183,0.310926228761673,0.734302818775177,-0.23279380798339844,0.9985775351524353,0.3236902952194214,0.735691249370575,-0.23572354018688202,0.9990630149841309,0.3272242248058319,0.7352801561355591,-0.23576346039772034,0.9990967512130737,0.33008873462677,0.7347407937049866,-0.2358226329088211,0.9991660118103027,0.30785050988197327,0.7272011041641235,-0.1396394670009613,0.9959775805473328,0.33428287506103516,0.7270830869674683,-0.15313424170017242,0.9989352226257324,0.3156680762767792,0.7114992141723633,-0.21103526651859283,0.9993875026702881,0.32615745067596436,0.712454080581665,-0.2150009423494339,0.9995620250701904,0.2912013828754425,0.6577483415603638,-0.0565117746591568,0.9993804097175598,0.35210922360420227,0.6571231484413147,-0.10453089326620102,0.999584972858429,0.289743036031723,0.5692968368530273,-0.018984615802764893,0.7830820083618164,0.35418134927749634,0.5650251507759094,-0.08875162154436111,0.9761337637901306,0.297568678855896,0.508422315120697,-0.10119879245758057,0.6317227482795715,0.32665976881980896,0.5046709179878235,-0.15018825232982635,0.9231854677200317,0.30123475193977356,0.4899659752845764,-0.12507683038711548,0.5365133285522461,0.31971246004104614,0.4880220890045166,-0.17493872344493866,0.8646916747093201,0.3062085807323456,0.4956696629524231,-0.14420999586582184,0.545096755027771,0.31355664134025574,0.495988130569458,-0.18957401812076569,0.8638661503791809,0.3065033257007599,0.5020214915275574,-0.11105465143918991,0.5209668278694153,0.3151034116744995,0.502358078956604,-0.15588241815567017,0.83201003074646,0.30455076694488525,0.4949045181274414,0.011142662726342678,0.9984450936317444,0.341012567281723,0.49097567796707153,-0.011164679192006588,0.997563898563385,0.30077826976776123,0.34739595651626587,-0.03466033935546875,0.8042724132537842,0.341334730386734,0.3571467995643616,-0.020218878984451294,0.7204380631446838,0.30445724725723267,0.21527132391929626,0.065219447016716,0.7349289655685425,0.3360339105129242,0.23397617042064667,0.0984891951084137,0.628612756729126,0.3087647259235382,0.19848617911338806,0.0699554905295372,0.4171260893344879,0.3361985385417938,0.21789321303367615,0.10541532188653946,0.3033526539802551,0.30550870299339294,0.1693282574415207,-0.02708333544433117,0.6923272013664246,0.32900068163871765,0.1895247995853424,0.005330340471118689,0.6280948519706726
sujin_stand_normal_10,234,78,7.801018276762402,29.99608406213288,10,0.3201011121273041,0.7257841229438782,-0.24771828949451447,0.9996290802955627,0.315809428691864,0.7353563904762268,-0.23327845335006714,0.9989449977874756,0.3136961758136749,0.7348862886428833,-0.23330269753932953,0.998750627040863,0.310951292514801,0.7342949509620667,-0.23332984745502472,0.9985811710357666,0.32373708486557007,0.7357105612754822,-0.23611749708652496,0.9990710020065308,0.3272723853588104,0.7353030443191528,-0.23615695536136627,0.9991050958633423,0.3301134407520294,0.734760046005249,-0.23621563613414764,0.9991765022277832,0.30785053968429565,0.7271963357925415,-0.14030487835407257,0.9960006475448608,0.3342919647693634,0.7270963191986084,-0.15314626693725586,0.9989367127418518,0.31571629643440247,0.7114892601966858,-0.21175432205200195,0.9993858337402344,0.3262695074081421,0.7124460935592651,-0.21551868319511414,0.9995630383491516,0.29119861125946045,0.6577350497245789,-0.05790858715772629,0.9993634223937988,0.35211068391799927,0.6571751236915588,-0.10471828281879425,0.9995826482772827,0.2897475063800812,0.5692545771598816,-0.01910373754799366,0.7824055552482605,0.3542003035545349,0.565044641494751,-0.08908869326114655,0.975961446762085,0.2975248396396637,0.508366584777832,-0.09883181005716324,0.6292998790740967,0.32702338695526123,0.504652738571167,-0.15138225257396698,0.9228016138076782,0.3012145161628723,0.4899320900440216,-0.12210424244403839,0.5332383513450623,0.3201484680175781,0.48794928193092346,-0.17627154290676117,0.8641281723976135,0.3062072992324829,0.4956666827201843,-0.14079803228378296,0.5417441725730896,0.3139379620552063,0.4959825277328491,-0.19079717993736267,0.8633527159690857,0.30645328760147095,0.5020192861557007,-0.10840162634849548,0.518156886100769,0.31543785333633423,0.5023589730262756,-0.15714511275291443,0.831635594367981,0.3046243488788605,0.49488434195518494,0.011100370436906815,0.9984163641929626,0.3410220742225647,0.49085646867752075,-0.011121540330350399,0.9975519776344299,0.3009263873100281,0.34784549474716187,-0.03310908004641533,0.7998208403587341,0.34150248765945435,0.3571062982082367,-0.019136613234877586,0.7213593125343323,0.3053901493549347,0.21756084263324738,0.07309665530920029,0.7281772494316101,0.33618590235710144,0.23407922685146332,0.10118649154901505,0.6294052004814148,0.30974480509757996,0.20120862126350403,0.07833775132894516,0.41383928060531616,0.33660298585891724,0.21842534840106964,0.10823353379964828,0.30453038215637207,0.30570393800735474,0.17099660634994507,-0.017633963376283646,0.6864631772041321,0.32926490902900696,0.18959490954875946,0.008722939528524876,0.6272050738334656
sujin_stand_normal_10,237,79,7.90103133159269,29.99608406213288,10,0.3201700448989868,0.7258170247077942,-0.2468942105770111,0.9996262192726135,0.31583279371261597,0.7354262471199036,-0.23250709474086761,0.9989354610443115,0.31372547149658203,0.7349386215209961,-0.23253266513347626,0.99873286485672,0.31097570061683655,0.7343296408653259,-0.23255793750286102,0.9985608458518982,0.3237789571285248,0.7357776761054993,-0.2351413518190384,0.9990635514259338,0.32731756567955017,0.7353699207305908,-0.23518088459968567,0.9990977644920349,0.3301366865634918,0.7348103523254395,-0.23524166643619537,0.9991732835769653,0.3078509271144867,0.7272104620933533,-0.13995757699012756,0.9959521889686584,0.3343059718608856,0.7271298766136169,-0.15236926078796387,0.9989214539527893,0.3157424330711365,0.7114893794059753,-0.21119610965251923,0.9993777871131897,0.3263416290283203,0.7124443054199219,-0.2147105187177658,0.9995604157447815,0.29113906621932983,0.6577355861663818,-0.057837534695863724,0.9993482232093811,0.3521116375923157,0.6572389006614685,-0.10452871024608612,0.999582827091217,0.28973278403282166,0.5692539811134338,-0.018577363342046738,0.7810477018356323,0.3542543053627014,0.5650544166564941,-0.08915065228939056,0.9758134484291077,0.2975224554538727,0.5083645582199097,-0.09796862304210663,0.6265732049942017,0.32743147015571594,0.5046287775039673,-0.15134699642658234,0.9224045872688293,0.30122652649879456,0.48993349075317383,-0.12139201909303665,0.5299414396286011,0.3204744756221771,0.48789453506469727,-0.1762421727180481,0.8635650873184204,0.3062232434749603,0.49567508697509766,-0.1399306356906891,0.5383844375610352,0.31423285603523254,0.4959820806980133,-0.1907290369272232,0.8628017902374268,0.3064446747303009,0.5020242929458618,-0.10748066753149033,0.5153126120567322,0.31572434306144714,0.5023597478866577,-0.1570996642112732,0.8311845660209656,0.3046293258666992,0.4946710169315338,0.011219773441553116,0.9983971118927002,0.34102195501327515,0.49059176445007324,-0.011239347979426384,0.9975496530532837,0.3011385202407837,0.3478914499282837,-0.030807528644800186,0.7946459054946899,0.3415272533893585,0.35708552598953247,-0.017757292836904526,0.7214691638946533,0.3060966730117798,0.21862439811229706,0.07638263702392578,0.7208215594291687,0.3362579345703125,0.2342781275510788,0.10457810759544373,0.6287434697151184,0.31061023473739624,0.20241223275661469,0.08168669790029526,0.41107073426246643,0.33677157759666443,0.21891194581985474,0.11239171028137207,0.3043747842311859,0.30593204498291016,0.17208421230316162,-0.014058059081435204,0.6806750297546387,0.3295093774795532,0.18970535695552826,0.012619709596037865,0.6254152655601501
sujin_stand_normal_10,240,80,8.001044386422977,29.99608406213288,10,0.32028326392173767,0.7258395552635193,-0.24643762409687042,0.9996271729469299,0.3158789575099945,0.7354848980903625,-0.23203738033771515,0.9989364743232727,0.31378236413002014,0.734982430934906,-0.2320631891489029,0.9987272024154663,0.31103867292404175,0.7343599796295166,-0.23208637535572052,0.9985513687133789,0.32384806871414185,0.7358373999595642,-0.23444005846977234,0.9990666508674622,0.32737869024276733,0.7354333996772766,-0.2344793826341629,0.9991011023521423,0.33016183972358704,0.7348624467849731,-0.23454101383686066,0.9991796016693115,0.3078549802303314,0.727232038974762,-0.13958533108234406,0.9959345459938049,0.3343150317668915,0.7271706461906433,-0.15110720694065094,0.9989187121391296,0.31580206751823425,0.7114881873130798,-0.21082137525081635,0.9993722438812256,0.3264475464820862,0.7124436497688293,-0.2140170782804489,0.9995599985122681,0.2910546064376831,0.6577515006065369,-0.05767642706632614,0.9993311166763306,0.352107435464859,0.6574460864067078,-0.10340646654367447,0.9995866417884827,0.2897172272205353,0.5692477226257324,-0.017513399943709373,0.7788199186325073,0.3543870151042938,0.5652511715888977,-0.08824671804904938,0.9758759140968323,0.29750293493270874,0.5083863139152527,-0.09695984423160553,0.6231619715690613,0.3280388116836548,0.504635214805603,-0.15126560628414154,0.9229549169540405,0.3012288212776184,0.48994767665863037,-0.1204308271408081,0.5263600945472717,0.3208456039428711,0.48788028955459595,-0.1761435568332672,0.8644629120826721,0.3062148094177246,0.49568650126457214,-0.1390506476163864,0.5348184704780579,0.31452375650405884,0.49604085087776184,-0.19061614573001862,0.8637475967407227,0.3063994348049164,0.5020409822463989,-0.10652397572994232,0.5122462511062622,0.3160383105278015,0.5024391412734985,-0.1569923758506775,0.8323843479156494,0.30463525652885437,0.4947245717048645,0.011219391599297523,0.9983725547790527,0.3410220146179199,0.49056825041770935,-0.011237920261919498,0.9975478053092957,0.3014163672924042,0.34851008653640747,-0.030899904668331146,0.786878764629364,0.3415543735027313,0.35713914036750793,-0.018580639734864235,0.7188926935195923,0.30675122141838074,0.2201455980539322,0.07359602302312851,0.7111465334892273,0.33627983927726746,0.2342887669801712,0.10301320999860764,0.625602126121521,0.31128165125846863,0.20411647856235504,0.07875620573759079,0.4066469371318817,0.3368180990219116,0.21910110116004944,0.11051926016807556,0.3034689426422119,0.3060852885246277,0.17307299375534058,-0.01662081852555275,0.6729937195777893,0.329613596200943,0.18970228731632233,0.01114325225353241,0.621369481086731
sujin_stand_normal_10,243,81,8.101057441253264,29.99608406213288,10,0.32033100724220276,0.7258533239364624,-0.2491721659898758,0.9996307492256165,0.31589749455451965,0.7355026602745056,-0.2348957657814026,0.9989447593688965,0.3138071298599243,0.7349912524223328,-0.23491808772087097,0.9987329244613647,0.31106436252593994,0.7343623638153076,-0.2349419742822647,0.9985557794570923,0.3238714933395386,0.7358652949333191,-0.23728136718273163,0.9990751147270203,0.3273955285549164,0.7354665398597717,-0.2373216450214386,0.999110221862793,0.3301672339439392,0.7348918318748474,-0.23738257586956024,0.9991900324821472,0.3078573942184448,0.7272348999977112,-0.14256611466407776,0.9959593415260315,0.3343183696269989,0.7272034883499146,-0.1536577045917511,0.9989248514175415,0.3158343732357025,0.7114834189414978,-0.21350441873073578,0.9993725419044495,0.3265022933483124,0.7124409675598145,-0.21669845283031464,0.9995614290237427,0.2910096347332001,0.657774806022644,-0.06051613390445709,0.9993215799331665,0.3521067500114441,0.657504677772522,-0.10440616309642792,0.9995883703231812,0.289716899394989,0.5692259073257446,-0.017725137993693352,0.7785764336585999,0.35443559288978577,0.5653131604194641,-0.08912343531847,0.9758923053741455,0.29751110076904297,0.5083792805671692,-0.09749123454093933,0.6225304007530212,0.32814353704452515,0.5045744180679321,-0.15341021120548248,0.9236547946929932,0.30124861001968384,0.4899486303329468,-0.12063977867364883,0.5251943469047546,0.32090920209884644,0.48780468106269836,-0.1786007285118103,0.8655439615249634,0.30622348189353943,0.4956800639629364,-0.1394275575876236,0.533572256565094,0.31455036997795105,0.4960201680660248,-0.1929946094751358,0.864845335483551,0.3063896894454956,0.5020276308059692,-0.10703124105930328,0.5111585855484009,0.3160654902458191,0.5024293065071106,-0.15918274223804474,0.8336889147758484,0.3046285808086395,0.4949483275413513,0.01065369974821806,0.9983684420585632,0.34101980924606323,0.4906100928783417,-0.010671156458556652,0.9975706338882446,0.30140745639801025,0.3492926359176636,-0.03101704642176628,0.7858274579048157,0.3415950834751129,0.3574339747428894,-0.01803020015358925,0.7211935520172119,0.30671700835227966,0.22128212451934814,0.07492463290691376,0.7088160514831543,0.33639878034591675,0.23489220440387726,0.10523940622806549,0.6283973455429077,0.31126007437705994,0.2053687423467636,0.08025635033845901,0.40600988268852234,0.3368978202342987,0.22023425996303558,0.1132109984755516,0.306260883808136,0.30635866522789,0.17319898307323456,-0.015885882079601288,0.6708745956420898,0.32993459701538086,0.18984277546405792,0.014359729364514351,0.6227457523345947
sujin_stand_normal_10,246,82,8.20107049608355,29.99608406213288,10,0.32035523653030396,0.7258481383323669,-0.2513490617275238,0.9996287822723389,0.31590238213539124,0.7354974746704102,-0.2372720092535019,0.9989386200904846,0.3138139545917511,0.7349820137023926,-0.23729340732097626,0.9987230896949768,0.3110697567462921,0.7343494296073914,-0.23732031881809235,0.9985424280166626,0.3238809406757355,0.735866904258728,-0.23979243636131287,0.9990718960762024,0.3274029493331909,0.7354743480682373,-0.2398340106010437,0.9991077780723572,0.3301698565483093,0.734904408454895,-0.23989707231521606,0.9991890788078308,0.3078579604625702,0.7272331118583679,-0.14505580067634583,0.995937168598175,0.33432233333587646,0.7272469997406006,-0.1566188633441925,0.9989208579063416,0.3158594071865082,0.711453378200531,-0.2155745029449463,0.9993648529052734,0.32653599977493286,0.7124361991882324,-0.2189270406961441,0.9995574951171875,0.29099228978157043,0.6577734351158142,-0.06249195337295532,0.9993088841438293,0.35211095213890076,0.6575171947479248,-0.10600290447473526,0.9995889067649841,0.2897471785545349,0.5688794851303101,-0.018778670579195023,0.7771493196487427,0.3544541597366333,0.5653435587882996,-0.09062731266021729,0.975688636302948,0.2975241243839264,0.5082988142967224,-0.09855259209871292,0.6197384595870972,0.328179270029068,0.5044282674789429,-0.15525992214679718,0.923917829990387,0.3012559115886688,0.4898778200149536,-0.12166853249073029,0.5222162008285522,0.3209773600101471,0.4876709580421448,-0.18046419322490692,0.8659558296203613,0.30622491240501404,0.49554726481437683,-0.14065270125865936,0.5305352210998535,0.3145813047885895,0.49588921666145325,-0.19483257830142975,0.8652653694152832,0.3063746988773346,0.5018407106399536,-0.10814883559942245,0.5082921385765076,0.31608250737190247,0.5023016333580017,-0.16099952161312103,0.8341537117958069,0.30459341406822205,0.4950944185256958,0.010105631314218044,0.9983701109886169,0.3410190939903259,0.49059969186782837,-0.010120312683284283,0.9975932836532593,0.3011895716190338,0.34923383593559265,-0.03263784945011139,0.7869451642036438,0.3415972590446472,0.357293963432312,-0.016627416014671326,0.7220749855041504,0.3063826560974121,0.22061161696910858,0.07330652326345444,0.7089072465896606,0.33644142746925354,0.23490478098392487,0.11105291545391083,0.6301746368408203,0.3107849657535553,0.2048036754131317,0.07819558680057526,0.40611979365348816,0.3368910551071167,0.22043494880199432,0.11901351809501648,0.3081746995449066,0.30645444989204407,0.1724669635295868,-0.016467774286866188,0.6701077222824097,0.330325722694397,0.18987447023391724,0.019818905740976334,0.623731791973114
sujin_stand_normal_10,249,83,8.30108355091384,29.99608406213288,10,0.3204045295715332,0.7258488535881042,-0.25260838866233826,0.9996261596679688,0.31592366099357605,0.7355031967163086,-0.23867379128932953,0.9989299178123474,0.31384000182151794,0.7349843978881836,-0.2386941760778427,0.9987115859985352,0.3110978901386261,0.7343491315841675,-0.2387220859527588,0.9985264539718628,0.32391247153282166,0.735880970954895,-0.24126598238945007,0.999068558216095,0.32742956280708313,0.7354936003684998,-0.24130885303020477,0.9991057515144348,0.3301815092563629,0.7349209785461426,-0.24137401580810547,0.9991884827613831,0.3078589141368866,0.7272382378578186,-0.1466447412967682,0.9959060549736023,0.3343281149864197,0.7272764444351196,-0.15838126838207245,0.9989203214645386,0.31588730216026306,0.7114484310150146,-0.21680432558059692,0.999356746673584,0.32657739520072937,0.7124330401420593,-0.22021394968032837,0.9995529055595398,0.2908235490322113,0.657774031162262,-0.06372759491205215,0.999299943447113,0.3521151840686798,0.657509982585907,-0.10757192224264145,0.9995923638343811,0.28974640369415283,0.5684393644332886,-0.019847003743052483,0.7747126221656799,0.3544999659061432,0.5653455257415771,-0.0923650935292244,0.9753934741020203,0.2975594103336334,0.5079687833786011,-0.09907454997301102,0.6140474677085876,0.3283340632915497,0.5043375492095947,-0.15689483284950256,0.9239259362220764,0.3013048768043518,0.4897725284099579,-0.12193384766578674,0.5167146921157837,0.32122886180877686,0.48759761452674866,-0.18206603825092316,0.865911602973938,0.30630263686180115,0.49539387226104736,-0.14090600609779358,0.5249640941619873,0.31476643681526184,0.495792418718338,-0.19650404155254364,0.865224301815033,0.3064172863960266,0.5016398429870605,-0.10863857716321945,0.5028074383735657,0.31620919704437256,0.5022085905075073,-0.16265533864498138,0.8340315818786621,0.3044242858886719,0.49509620666503906,0.009404921904206276,0.9983813762664795,0.34096235036849976,0.49059364199638367,-0.009419762529432774,0.9976218342781067,0.30090537667274475,0.3491845428943634,-0.033461689949035645,0.788521409034729,0.34153082966804504,0.35722851753234863,-0.011374695226550102,0.7211319208145142,0.30503252148628235,0.21995355188846588,0.06740053743124008,0.710838794708252,0.33643513917922974,0.23500292003154755,0.11992492526769638,0.6307263970375061,0.30892035365104675,0.20361106097698212,0.0714980810880661,0.4060468375682831,0.3367806077003479,0.22061389684677124,0.1280393749475479,0.309533953666687,0.3064822852611542,0.17194318771362305,-0.028646845370531082,0.6711016893386841,0.33054447174072266,0.18998360633850098,0.02929472178220749,0.6245882511138916
sujin_stand_normal_10,252,84,8.401096605744126,29.99608406213288,10,0.32042625546455383,0.7258485555648804,-0.2558440864086151,0.9996244311332703,0.31593552231788635,0.7355044484138489,-0.2418249100446701,0.9989264607429504,0.31385597586631775,0.7349849939346313,-0.24184536933898926,0.9987034797668457,0.3111129701137543,0.7343482971191406,-0.24187599122524261,0.9985117316246033,0.32393285632133484,0.735882043838501,-0.2444223314523697,0.9990721940994263,0.3274492621421814,0.7354950904846191,-0.24446822702884674,0.9991108179092407,0.3301922082901001,0.7349227070808411,-0.24453483521938324,0.9991959929466248,0.3078593611717224,0.7272411584854126,-0.14909401535987854,0.9958890080451965,0.3343351483345032,0.7272833585739136,-0.1608160436153412,0.9989312291145325,0.3158929944038391,0.7114439606666565,-0.21974171698093414,0.9993460774421692,0.3265904486179352,0.7124290466308594,-0.2231292873620987,0.9995488524436951,0.2906751334667206,0.6577851176261902,-0.06457564979791641,0.9992698431015015,0.3521136939525604,0.6575003862380981,-0.11031202971935272,0.9995977878570557,0.28975459933280945,0.5679752826690674,-0.020369824022054672,0.7681595087051392,0.3546786904335022,0.5653430819511414,-0.09513823688030243,0.9753729104995728,0.29740777611732483,0.5074203014373779,-0.09949452430009842,0.6021060347557068,0.32885563373565674,0.5041627287864685,-0.16044411063194275,0.9242234826087952,0.3011416494846344,0.4895189106464386,-0.12237869948148727,0.5056352615356445,0.3219394087791443,0.48736926913261414,-0.1857292354106903,0.8662521243095398,0.3060236871242523,0.4948945641517639,-0.14139533042907715,0.5138570070266724,0.3153204917907715,0.49559393525123596,-0.20040614902973175,0.865595281124115,0.3063335120677948,0.5011889934539795,-0.10908914357423782,0.49227356910705566,0.31669721007347107,0.5020527839660645,-0.16630692780017853,0.8343992829322815,0.304423987865448,0.495156466960907,0.009222789667546749,0.9983604550361633,0.340950071811676,0.49060726165771484,-0.009236528538167477,0.9976310133934021,0.3009091019630432,0.34915995597839355,-0.03495856747031212,0.7848954796791077,0.3415331542491913,0.35721156001091003,-0.011456113308668137,0.7169193029403687,0.3050280809402466,0.21962857246398926,0.06512852758169174,0.7066399455070496,0.3364247977733612,0.23503752052783966,0.11812775582075119,0.6270561814308167,0.3089264929294586,0.20343704521656036,0.06930739432573318,0.4031638503074646,0.33671820163726807,0.22063663601875305,0.1259789615869522,0.3086172342300415,0.3064810335636139,0.17169798910617828,-0.030512988567352295,0.6669022440910339,0.3306358754634857,0.19002071022987366,0.027413053438067436,0.6208553910255432
sujin_stand_normal_10,255,85,8.501109660574413,29.99608406213288,10,0.3204309344291687,0.7258425354957581,-0.2558167576789856,0.9996233582496643,0.3159378170967102,0.7355042099952698,-0.24186484515666962,0.9989245533943176,0.3138587772846222,0.734984815120697,-0.24188457429409027,0.9986984133720398,0.31111589074134827,0.7343477606773376,-0.2419147938489914,0.9985027313232422,0.32394108176231384,0.7358813881874084,-0.2446095496416092,0.9990760684013367,0.32745954394340515,0.7354956865310669,-0.2446553111076355,0.9991157054901123,0.3301986753940582,0.7349228858947754,-0.24472185969352722,0.9992031455039978,0.3078586757183075,0.7272498607635498,-0.14917556941509247,0.9958761930465698,0.33433881402015686,0.727285623550415,-0.1615321785211563,0.9989439845085144,0.3158967196941376,0.7114309072494507,-0.2196962833404541,0.9993387460708618,0.3265927731990814,0.7124104499816895,-0.2232605665922165,0.9995470643043518,0.2905782163143158,0.6577862501144409,-0.06422927230596542,0.9992480874061584,0.352105051279068,0.6574975848197937,-0.11155416071414948,0.9996047616004944,0.289762407541275,0.5676161646842957,-0.020328491926193237,0.7619699239730835,0.35479703545570374,0.5653447508811951,-0.09645572304725647,0.9754539132118225,0.2972622215747833,0.506941020488739,-0.0994650349020958,0.5921553373336792,0.32910507917404175,0.5041133165359497,-0.16151902079582214,0.9249268174171448,0.30105268955230713,0.4893029034137726,-0.12218055129051208,0.4965873658657074,0.32226040959358215,0.4872950315475464,-0.18677470088005066,0.867182195186615,0.3057926297187805,0.4944978356361389,-0.14139214158058167,0.5048164129257202,0.3155938684940338,0.4955345392227173,-0.2013680785894394,0.8665300607681274,0.30621492862701416,0.5008302330970764,-0.10915599018335342,0.4835768938064575,0.3169260621070862,0.5020152926445007,-0.1673155426979065,0.835344135761261,0.3044234812259674,0.49526989459991455,0.009245087392628193,0.9983553886413574,0.3409392535686493,0.49068135023117065,-0.009258696809411049,0.9976590275764465,0.3009640872478485,0.3491322696208954,-0.03598238527774811,0.782758891582489,0.34153449535369873,0.35722029209136963,-0.011732681654393673,0.7146721482276917,0.30504798889160156,0.21949151158332825,0.062348589301109314,0.7050313949584961,0.336407870054245,0.23527978360652924,0.11648643761873245,0.6255670785903931,0.3089431822299957,0.20304128527641296,0.06639007478952408,0.4017629623413086,0.33663079142570496,0.22083081305027008,0.12422236800193787,0.3086690902709961,0.30650433897972107,0.17154057323932648,-0.03380990028381348,0.6652315258979797,0.33067160844802856,0.19005180895328522,0.025446832180023193,0.6195939183235168
sujin_stand_normal_10,258,86,8.6011227154047,29.99608406213288,10,0.32042819261550903,0.725848376750946,-0.2549806237220764,0.9996179938316345,0.3159373104572296,0.7355150580406189,-0.2409854531288147,0.9989109039306641,0.3138591945171356,0.7349945902824402,-0.2410057932138443,0.9986789226531982,0.31111016869544983,0.734356701374054,-0.2410353273153305,0.998476505279541,0.3239419162273407,0.7358949184417725,-0.24380221962928772,0.9990711808204651,0.32746103405952454,0.7355126142501831,-0.24384735524654388,0.9991122484207153,0.3302021324634552,0.7349392771720886,-0.243913471698761,0.9992031455039978,0.30785319209098816,0.7272605895996094,-0.14837558567523956,0.995811402797699,0.33434173464775085,0.7273045778274536,-0.16110077500343323,0.99894779920578,0.31589794158935547,0.7114271521568298,-0.21892067790031433,0.9993240833282471,0.3265938460826874,0.7124075889587402,-0.22257865965366364,0.999542236328125,0.29051265120506287,0.6577829718589783,-0.0638357400894165,0.9992160797119141,0.35210275650024414,0.6574801802635193,-0.11182999610900879,0.9996104836463928,0.28986188769340515,0.5672370195388794,-0.019912617281079292,0.7539301514625549,0.3549647331237793,0.5653377175331116,-0.0969519093632698,0.975639283657074,0.29700767993927,0.506432831287384,-0.0991458147764206,0.5800864100456238,0.32936742901802063,0.5040513277053833,-0.16155892610549927,0.92571622133255,0.3008174002170563,0.48894140124320984,-0.12180276960134506,0.4859946072101593,0.3225176930427551,0.48721539974212646,-0.18679486215114594,0.8682612776756287,0.305227130651474,0.4941016435623169,-0.14125774800777435,0.4942246079444885,0.31583014130592346,0.4954895079135895,-0.20139914751052856,0.8676225543022156,0.305871844291687,0.5004900693893433,-0.10899820178747177,0.47361359000205994,0.31713971495628357,0.5019900798797607,-0.16735155880451202,0.8365148901939392,0.30442526936531067,0.49530237913131714,0.009300041943788528,0.9983459115028381,0.340938538312912,0.4906972348690033,-0.009313596412539482,0.9976781606674194,0.30096516013145447,0.34909701347351074,-0.03623900189995766,0.7811753153800964,0.3415360748767853,0.35721126198768616,-0.011849669739603996,0.7128233313560486,0.3050481081008911,0.21941353380680084,0.06093479320406914,0.7034257054328918,0.3363909125328064,0.23534928262233734,0.11647932976484299,0.6236329674720764,0.30896198749542236,0.20283572375774384,0.06488657742738724,0.4008137583732605,0.33654582500457764,0.2208971530199051,0.12426535040140152,0.30804845690727234,0.30652809143066406,0.1713184416294098,-0.035290591418743134,0.6636226177215576,0.3306904435157776,0.19006730616092682,0.025180758908391,0.6178559064865112
sujin_stand_normal_10,261,87,8.701135770234988,29.99608406213288,10,0.3203948438167572,0.7258560657501221,-0.2551678717136383,0.9996123909950256,0.31592661142349243,0.7355349659919739,-0.2411256730556488,0.9988979697227478,0.31384798884391785,0.7350166440010071,-0.24114657938480377,0.9986603856086731,0.31108707189559937,0.7343824505805969,-0.2411760538816452,0.9984503388404846,0.323928564786911,0.7359131574630737,-0.2439795583486557,0.9990667104721069,0.3274509310722351,0.7355319261550903,-0.24402625858783722,0.9991094470024109,0.33020082116127014,0.7349564433097839,-0.24409468472003937,0.9992036819458008,0.30783921480178833,0.7272965908050537,-0.14835888147354126,0.9957559108734131,0.33434298634529114,0.7273157835006714,-0.16119427978992462,0.9989537596702576,0.3158782124519348,0.7114349007606506,-0.2190481573343277,0.9993101358413696,0.3265756070613861,0.7124061584472656,-0.22273914515972137,0.9995378851890564,0.29025474190711975,0.6577905416488647,-0.06359856575727463,0.9991833567619324,0.35209330916404724,0.6574642658233643,-0.11245471984148026,0.9996166229248047,0.2898607850074768,0.5669222474098206,-0.019928421825170517,0.7465975880622864,0.35509124398231506,0.5653265714645386,-0.09808006137609482,0.9759495854377747,0.29671910405158997,0.5058706402778625,-0.09931877255439758,0.5687330961227417,0.3295263648033142,0.5039994120597839,-0.16299515962600708,0.9268147349357605,0.30066701769828796,0.4884275197982788,-0.12206309288740158,0.4759192168712616,0.32264482975006104,0.48710235953330994,-0.18835850059986115,0.8697802424430847,0.30482250452041626,0.49363839626312256,-0.14140105247497559,0.48412346839904785,0.3159472644329071,0.4954374432563782,-0.20297785103321075,0.8691545724868774,0.30553266406059265,0.49996304512023926,-0.10911879688501358,0.46418264508247375,0.3172498941421509,0.5019757747650146,-0.1687808632850647,0.8381922841072083,0.30441850423812866,0.4953005611896515,0.009331051260232925,0.9983258247375488,0.34093788266181946,0.4906969964504242,-0.009343982674181461,0.9976871609687805,0.300964891910553,0.3490707576274872,-0.03616253286600113,0.7785564064979553,0.34155797958374023,0.3571038842201233,-0.011949867010116577,0.7105876207351685,0.30504894256591797,0.21935537457466125,0.061092231422662735,0.7004398107528687,0.3363567888736725,0.23533105850219727,0.1159907728433609,0.6207736134529114,0.30897384881973267,0.20264412462711334,0.06506571173667908,0.39946210384368896,0.33642688393592834,0.22090211510658264,0.1237618550658226,0.3072199523448944,0.3065245449542999,0.17115873098373413,-0.03474520519375801,0.6606656312942505,0.33080750703811646,0.19006729125976562,0.024523170664906502,0.6149836182594299
sujin_stand_normal_10,264,88,8.801148825065274,29.99608406213288,10,0.320358008146286,0.725874125957489,-0.25579753518104553,0.9996146559715271,0.3159116208553314,0.7355502247810364,-0.2416245937347412,0.9989069104194641,0.3138319253921509,0.7350331544876099,-0.24164550006389618,0.9986673593521118,0.3110557198524475,0.7344006299972534,-0.2416742742061615,0.9984545111656189,0.32391273975372314,0.735930860042572,-0.24445033073425293,0.9990778565406799,0.32744017243385315,0.7355527281761169,-0.24449676275253296,0.9991205334663391,0.33019787073135376,0.7349762320518494,-0.2445632666349411,0.9992156028747559,0.30781710147857666,0.7273331880569458,-0.14850224554538727,0.9957774877548218,0.33434394001960754,0.7273369431495667,-0.16124986112117767,0.9989681839942932,0.31585371494293213,0.7114524841308594,-0.21957340836524963,0.9993051886558533,0.3265543282032013,0.7124165296554565,-0.22322756052017212,0.9995377063751221,0.29011425375938416,0.6578718423843384,-0.06345238536596298,0.9991585612297058,0.3520753085613251,0.6574474573135376,-0.11247093230485916,0.999620258808136,0.2898578941822052,0.5669019222259521,-0.019773609936237335,0.7411577105522156,0.3551309406757355,0.5653276443481445,-0.09774652868509293,0.9761977791786194,0.29652902483940125,0.5057137608528137,-0.09908068180084229,0.5608872175216675,0.32969167828559875,0.5039172172546387,-0.16272714734077454,0.9275569319725037,0.30055612325668335,0.4883043169975281,-0.12182183563709259,0.4687753915786743,0.32277926802635193,0.4869768023490906,-0.18806666135787964,0.8708288073539734,0.30457332730293274,0.49350833892822266,-0.1412702053785324,0.47701773047447205,0.31604596972465515,0.49535679817199707,-0.20279690623283386,0.8702478408813477,0.3053140640258789,0.49987295269966125,-0.10896345973014832,0.45752638578414917,0.3173414468765259,0.5019326210021973,-0.168573796749115,0.8394235968589783,0.3044181168079376,0.4956088066101074,0.009373458102345467,0.9983018040657043,0.34093576669692993,0.49098828434944153,-0.009386221878230572,0.9976912140846252,0.3009142279624939,0.3497198224067688,-0.03664326295256615,0.773300290107727,0.3416096270084381,0.3572929799556732,-0.016006840392947197,0.708135187625885,0.3050632178783417,0.21961170434951782,0.061133138835430145,0.694597601890564,0.33628949522972107,0.23517297208309174,0.10717377811670303,0.6177260279655457,0.3090404272079468,0.20297913253307343,0.06521221995353699,0.3970515727996826,0.33636829257011414,0.2208516150712967,0.11452885717153549,0.306627094745636,0.3065222203731537,0.17135174572467804,-0.03444186598062515,0.6554090976715088,0.33082348108291626,0.19001054763793945,0.015247522853314877,0.6111302375793457
sujin_stand_normal_10,267,89,8.901161879895561,29.99608406213288,10,0.3201664686203003,0.7258739471435547,-0.25539103150367737,0.9996120929718018,0.3158288896083832,0.7355503439903259,-0.2412663996219635,0.9989014267921448,0.3137095272541046,0.7350338101387024,-0.24128827452659607,0.9986569881439209,0.31090423464775085,0.7344058156013489,-0.2413160800933838,0.9984418153762817,0.32379764318466187,0.7359312772750854,-0.24421732127666473,0.9990742802619934,0.32730069756507874,0.735554575920105,-0.24426384270191193,0.9991168975830078,0.3301297426223755,0.7349787950515747,-0.24433061480522156,0.9992157816886902,0.30775585770606995,0.7273663282394409,-0.14818133413791656,0.9957488179206848,0.3343096077442169,0.727349579334259,-0.16112060844898224,0.998968243598938,0.3157471716403961,0.7114557027816772,-0.2191765308380127,0.9992985725402832,0.326382577419281,0.7124196290969849,-0.22298474609851837,0.9995365142822266,0.28997114300727844,0.6579121947288513,-0.06285698711872101,0.9991424679756165,0.35203808546066284,0.657430112361908,-0.11225125938653946,0.9996240139007568,0.2898648679256439,0.5668611526489258,-0.01907927915453911,0.735001266002655,0.35514646768569946,0.5653279423713684,-0.09750084578990936,0.9764956831932068,0.29627615213394165,0.50553959608078,-0.09896230697631836,0.5536118149757385,0.32975640892982483,0.5039033889770508,-0.16208674013614655,0.9284597635269165,0.3002578914165497,0.4881261885166168,-0.12179648131132126,0.46234726905822754,0.32284829020500183,0.48690664768218994,-0.18739251792430878,0.8721712231636047,0.30410468578338623,0.49331197142601013,-0.1413370668888092,0.47056710720062256,0.31610891222953796,0.4953151047229767,-0.20206741988658905,0.8716091513633728,0.30495256185531616,0.4996553659439087,-0.10893617570400238,0.4515896439552307,0.31739726662635803,0.5019214749336243,-0.16791050136089325,0.8409877419471741,0.30441778898239136,0.4957176446914673,0.0097062261775136,0.9982925057411194,0.3409266471862793,0.49107757210731506,-0.009718717075884342,0.9977058172225952,0.3009127378463745,0.349729061126709,-0.036566149443387985,0.7703934907913208,0.34162965416908264,0.3572857677936554,-0.01760564185678959,0.7085988521575928,0.3050869405269623,0.21979022026062012,0.06432034075260162,0.6907171607017517,0.3362637758255005,0.23518367111682892,0.1077599972486496,0.616646945476532,0.3091481924057007,0.2033565640449524,0.06899714469909668,0.39494118094444275,0.33635076880455017,0.22093069553375244,0.11527169495820999,0.30599841475486755,0.30653515458106995,0.17167861759662628,-0.029892634600400925,0.6523541212081909,0.330826073884964,0.1900111436843872,0.015820344910025597,0.6095830798149109
sujin_stand_normal_10,270,90,9.00117493472585,29.99608406213288,10,0.31987372040748596,0.7258747220039368,-0.2563018202781677,0.99961256980896,0.3156948983669281,0.7355453372001648,-0.24215258657932281,0.9989028573036194,0.31350862979888916,0.7350295186042786,-0.24217377603054047,0.9986546635627747,0.3106919527053833,0.7344055771827698,-0.24220237135887146,0.9984365105628967,0.32361188530921936,0.7359314560890198,-0.24509605765342712,0.9990756511688232,0.3270682990550995,0.735556423664093,-0.24514175951480865,0.9991192817687988,0.33000698685646057,0.7349815368652344,-0.2452043890953064,0.9992205500602722,0.3076688349246979,0.7273771166801453,-0.14900968968868256,0.9957411885261536,0.3342374861240387,0.7273669838905334,-0.16218937933444977,0.9989684820175171,0.31560036540031433,0.7114660739898682,-0.2200922966003418,0.9992932081222534,0.32613345980644226,0.712435781955719,-0.2239258587360382,0.9995347857475281,0.28996461629867554,0.6580684781074524,-0.06344858556985855,0.9991254210472107,0.35199153423309326,0.6574254631996155,-0.11270622164011002,0.9996233582496643,0.28986600041389465,0.5669119954109192,-0.019089341163635254,0.7311971783638,0.35516348481178284,0.5653097033500671,-0.09742192924022675,0.976825475692749,0.2962437570095062,0.5055035352706909,-0.09870774298906326,0.5501365661621094,0.329765647649765,0.503848671913147,-0.16267690062522888,0.9295663237571716,0.30021658539772034,0.4881287217140198,-0.12146260589361191,0.45890432596206665,0.3228488266468048,0.4868449568748474,-0.1882251352071762,0.8739548921585083,0.30405986309051514,0.49329179525375366,-0.14112316071987152,0.4670875072479248,0.31611260771751404,0.4952939748764038,-0.2026464194059372,0.873434841632843,0.3048931062221527,0.49964267015457153,-0.10872281342744827,0.44843241572380066,0.3174012303352356,0.5019146800041199,-0.16845093667507172,0.8430683612823486,0.30443888902664185,0.49639344215393066,0.009724324569106102,0.9982742071151733,0.34092554450035095,0.4914563298225403,-0.009736653417348862,0.997706949710846,0.3009278476238251,0.3507192134857178,-0.03708193823695183,0.7679815888404846,0.3417375981807709,0.35764646530151367,-0.021022344008088112,0.7097762227058411,0.3052670657634735,0.22196358442306519,0.06632042676210403,0.686413586139679,0.33627694845199585,0.2353629171848297,0.10173395276069641,0.6169058680534363,0.30948954820632935,0.20611444115638733,0.07150639593601227,0.39284682273864746,0.3363632261753082,0.22116319835186005,0.10917098075151443,0.30608174204826355,0.3070165812969208,0.18045403063297272,-0.025636844336986542,0.6485785245895386,0.33082276582717896,0.19004562497138977,0.009538812562823296,0.6083882451057434
sujin_stand_normal_10,273,91,9.101187989556136,29.99608406213288,10,0.3197394013404846,0.7258815169334412,-0.25683701038360596,0.9996185302734375,0.31560996174812317,0.7355460524559021,-0.2426261007785797,0.9989184737205505,0.3133755624294281,0.735029935836792,-0.24264726042747498,0.9986702799797058,0.31053826212882996,0.7344080209732056,-0.2426753044128418,0.9984522461891174,0.32352349162101746,0.7359364628791809,-0.24548505246639252,0.9990881681442261,0.32697054743766785,0.7355644106864929,-0.24552986025810242,0.9991321563720703,0.3299476206302643,0.7349941730499268,-0.24559098482131958,0.9992337226867676,0.30756381154060364,0.7273910045623779,-0.1493947058916092,0.9957871437072754,0.3341922163963318,0.7273903489112854,-0.1623460203409195,0.9989787340164185,0.3155052363872528,0.7114840745925903,-0.2206423133611679,0.9992991089820862,0.3260054886341095,0.7124601006507874,-0.22437784075737,0.9995393753051758,0.2899576723575592,0.6582408547401428,-0.06362797319889069,0.9991193413734436,0.351948618888855,0.6574116945266724,-0.11289820075035095,0.9996252059936523,0.289758563041687,0.566994845867157,-0.019067730754613876,0.7289792895317078,0.35510683059692383,0.565123438835144,-0.09741685539484024,0.9771513938903809,0.2957201898097992,0.505437970161438,-0.09791813045740128,0.5486302375793457,0.32975947856903076,0.5036031603813171,-0.16325820982456207,0.9310007095336914,0.29957523941993713,0.4881153106689453,-0.12053769081830978,0.45718443393707275,0.3228417634963989,0.4867132604122162,-0.18905441462993622,0.8763447999954224,0.30326366424560547,0.4932163953781128,-0.14037173986434937,0.46530237793922424,0.31610971689224243,0.49517109990119934,-0.20360597968101501,0.8758795261383057,0.30425259470939636,0.4994930028915405,-0.10799439251422882,0.44703513383865356,0.3173893690109253,0.5017751455307007,-0.16913151741027832,0.8459250330924988,0.30445700883865356,0.49702000617980957,0.00973961316049099,0.9982724785804749,0.34092119336128235,0.4916599988937378,-0.009751852601766586,0.9977207183837891,0.3009168207645416,0.35175132751464844,-0.037038300186395645,0.7669112682342529,0.34183505177497864,0.35791274905204773,-0.021669071167707443,0.711919367313385,0.30529263615608215,0.22387772798538208,0.06938695162534714,0.6839223504066467,0.3363397717475891,0.23556867241859436,0.10120582580566406,0.6188458204269409,0.309577614068985,0.20832519233226776,0.07494013756513596,0.3924400806427002,0.33649536967277527,0.22150519490242004,0.10869988054037094,0.30725955963134766,0.3072226345539093,0.1833161562681198,-0.021227944642305374,0.6468347311019897,0.3307550847530365,0.19012627005577087,0.009021549485623837,0.6089655160903931
sujin_stand_normal_10,276,92,9.201201044386423,29.99608406213288,10,0.31960245966911316,0.7259832620620728,-0.2599324882030487,0.9996297955513,0.3155362904071808,0.7356342077255249,-0.24562771618366241,0.9989479780197144,0.31326520442962646,0.7350937128067017,-0.24564708769321442,0.9987024664878845,0.3104100823402405,0.7344594597816467,-0.24567238986492157,0.998487114906311,0.32340237498283386,0.7360934615135193,-0.2483493536710739,0.9991134405136108,0.3268156349658966,0.735731840133667,-0.24839511513710022,0.9991576671600342,0.32984909415245056,0.7351562976837158,-0.24845252931118011,0.9992585778236389,0.307446151971817,0.7274211049079895,-0.15199126303195953,0.9958785772323608,0.33411338925361633,0.7274880409240723,-0.1644289493560791,0.9990061521530151,0.3154110014438629,0.7115781307220459,-0.22362861037254333,0.9993119835853577,0.32586950063705444,0.7126072645187378,-0.22721396386623383,0.9995502233505249,0.28995493054389954,0.6582853198051453,-0.06542902439832687,0.9991074204444885,0.3518805503845215,0.657414972782135,-0.11485505104064941,0.999629557132721,0.2897377610206604,0.5670227408409119,-0.01949901506304741,0.7271916270256042,0.3549816906452179,0.5649616122245789,-0.09902214258909225,0.9776563048362732,0.2955792248249054,0.5054392218589783,-0.09747307002544403,0.5470148324966431,0.32974129915237427,0.5032541751861572,-0.16549746692180634,0.9326615929603577,0.29924002289772034,0.4881204068660736,-0.11972455680370331,0.4552059769630432,0.3228374719619751,0.4865071177482605,-0.19163107872009277,0.8789153695106506,0.3029356598854065,0.49317383766174316,-0.13958294689655304,0.4632408916950226,0.31608447432518005,0.49489739537239075,-0.2059393972158432,0.8784974813461304,0.3040320575237274,0.4993809461593628,-0.10752891004085541,0.44515755772590637,0.31734806299209595,0.5014731287956238,-0.17133828997612,0.8489921689033508,0.3044688105583191,0.49774396419525146,0.009728793054819107,0.9982612729072571,0.34092018008232117,0.4920938014984131,-0.0097419498488307,0.9977371096611023,0.30086082220077515,0.35332080721855164,-0.03764685243368149,0.7660117149353027,0.3421073853969574,0.35879001021385193,-0.03195520490407944,0.7167289853096008,0.3052178621292114,0.2262171059846878,0.06966321915388107,0.6816182136535645,0.3370869755744934,0.23675177991390228,0.09043844044208527,0.6222788095474243,0.309548944234848,0.21078656613826752,0.07525293529033661,0.3914048969745636,0.3373218774795532,0.22246253490447998,0.09797288477420807,0.3095718026161194,0.30248698592185974,0.18208076059818268,-0.021063096821308136,0.6455227732658386,0.33072784543037415,0.1908665895462036,-0.0023302508052438498,0.610926628112793
sujin_stand_normal_10,279,93,9.301214099216711,29.99608406213288,10,0.3195764422416687,0.7259843945503235,-0.26076188683509827,0.9996399283409119,0.31549006700515747,0.7356196045875549,-0.24662835896015167,0.9989760518074036,0.31320542097091675,0.7350807785987854,-0.24664588272571564,0.998734712600708,0.31033265590667725,0.7344526648521423,-0.2466719150543213,0.9985238909721375,0.3233504295349121,0.7360910177230835,-0.24928118288516998,0.999136745929718,0.32674306631088257,0.7357340455055237,-0.24932627379894257,0.9991805553436279,0.3297831118106842,0.7351635098457336,-0.24938280880451202,0.9992798566818237,0.30735763907432556,0.7274237871170044,-0.15342751145362854,0.9959781169891357,0.3340122401714325,0.7275384664535522,-0.16554005444049835,0.9990302324295044,0.31537649035453796,0.7115857005119324,-0.22458529472351074,0.9993254542350769,0.32581838965415955,0.7126544117927551,-0.22808489203453064,0.9995595812797546,0.2899481952190399,0.6582880020141602,-0.06694331020116806,0.9991036057472229,0.3517671525478363,0.6574094295501709,-0.11524959653615952,0.9996314644813538,0.2896656394004822,0.5670251846313477,-0.020100947469472885,0.7270017862319946,0.35493236780166626,0.5648133754730225,-0.0992443785071373,0.9779672026634216,0.295585960149765,0.5054353475570679,-0.09739630669355392,0.5479565262794495,0.3296753168106079,0.5031220316886902,-0.16572365164756775,0.9338789582252502,0.2992178201675415,0.48812222480773926,-0.11954309046268463,0.45555388927459717,0.3228195607662201,0.4864552319049835,-0.1917269229888916,0.8808211088180542,0.3029406666755676,0.4931580126285553,-0.1394970566034317,0.4635251760482788,0.31605345010757446,0.49477121233940125,-0.20599903166294098,0.8804188966751099,0.30401304364204407,0.49931612610816956,-0.10744722187519073,0.4454568326473236,0.31730061769485474,0.5013008117675781,-0.1715250015258789,0.8511952757835388,0.30442461371421814,0.49796661734580994,0.009645219892263412,0.9982689023017883,0.34088975191116333,0.49234625697135925,-0.009661093354225159,0.9977641105651855,0.3007011413574219,0.3533470034599304,-0.03763614967465401,0.7686691880226135,0.342168927192688,0.3588138222694397,-0.02823466993868351,0.722753643989563,0.3050767183303833,0.2258959859609604,0.06978757679462433,0.6840128898620605,0.33722010254859924,0.2367837131023407,0.0951254665851593,0.6278910040855408,0.3094788193702698,0.21036238968372345,0.0752662867307663,0.393320769071579,0.33754590153694153,0.2226073443889618,0.10266020894050598,0.3127948045730591,0.3005484938621521,0.18119266629219055,-0.021669527515769005,0.647661030292511,0.33072707056999207,0.19112028181552887,0.002648049034178257,0.6146348714828491
sujin_stand_normal_10,282,94,9.401227154046998,29.99608406213288,10,0.319514662027359,0.7259055376052856,-0.2622944116592407,0.9996518492698669,0.31539908051490784,0.7354044318199158,-0.2480154186487198,0.9990094900131226,0.3130675256252289,0.7348829507827759,-0.24803327023983002,0.9987736940383911,0.3101924955844879,0.7342928647994995,-0.2480613887310028,0.9985693097114563,0.3232559263706207,0.7359219789505005,-0.25073695182800293,0.9991641640663147,0.3266013562679291,0.7356131672859192,-0.25078171491622925,0.9992064237594604,0.32967984676361084,0.7351041436195374,-0.25083452463150024,0.9993033409118652,0.30723342299461365,0.7273539304733276,-0.15431846678256989,0.9961050748825073,0.3338795304298401,0.727543830871582,-0.16675028204917908,0.9990569949150085,0.31532713770866394,0.7115602493286133,-0.22593362629413605,0.9993414878845215,0.32573965191841125,0.7126560211181641,-0.22952944040298462,0.9995694756507874,0.28994500637054443,0.6582456827163696,-0.06813399493694305,0.9991065859794617,0.3516731858253479,0.6573960185050964,-0.11519298702478409,0.9996293783187866,0.289631187915802,0.5670313835144043,-0.021195802837610245,0.7293127775192261,0.35484299063682556,0.5646093487739563,-0.09908058494329453,0.9780542254447937,0.29604142904281616,0.5055306553840637,-0.09769900888204575,0.5510774850845337,0.32954105734825134,0.5030997395515442,-0.16536672413349152,0.9341972470283508,0.2995556592941284,0.4883165657520294,-0.11982748657464981,0.45757198333740234,0.3227944076061249,0.48644760251045227,-0.19124320149421692,0.881367564201355,0.3034113049507141,0.49322476983070374,-0.13984623551368713,0.46553149819374084,0.31603556871414185,0.4947400689125061,-0.20556101202964783,0.8809987306594849,0.3043074905872345,0.49936285614967346,-0.10772690176963806,0.44730496406555176,0.31727632880210876,0.5012363195419312,-0.1711462289094925,0.8518524169921875,0.30441364645957947,0.49802789092063904,0.009479154832661152,0.9982650279998779,0.3408678472042084,0.49255624413490295,-0.009497617371380329,0.9977742433547974,0.3005761504173279,0.35336220264434814,-0.039057500660419464,0.7701041102409363,0.34222689270973206,0.35909679532051086,-0.02984308823943138,0.7275828719139099,0.30480632185935974,0.22571603953838348,0.06961103528738022,0.6841030120849609,0.3372177481651306,0.23674818873405457,0.09187504649162292,0.631657063961029,0.30924755334854126,0.21015667915344238,0.07506018131971359,0.3931872248649597,0.33754029870033264,0.22260324656963348,0.09921478480100632,0.31492066383361816,0.29961565136909485,0.18056868016719818,-0.022044628858566284,0.6473875641822815,0.3306815028190613,0.19119249284267426,-0.0010528896236792207,0.6163411140441895
sujin_stand_normal_10,285,95,9.501240208877284,29.99608406213288,10,0.31946370005607605,0.7257989645004272,-0.2602958083152771,0.9996592998504639,0.3153255879878998,0.7351999282836914,-0.245974600315094,0.9990307688713074,0.3129548132419586,0.7346988916397095,-0.24599458277225494,0.998798131942749,0.3100779354572296,0.734144926071167,-0.24602340161800385,0.9985983371734619,0.32319608330726624,0.7357359528541565,-0.2487579882144928,0.9991809725761414,0.3265156149864197,0.7354642152786255,-0.24880078434944153,0.9992220997810364,0.32961082458496094,0.7350100874900818,-0.24885083734989166,0.9993178844451904,0.3071245849132538,0.7272987365722656,-0.15212175250053406,0.9961802959442139,0.3337855935096741,0.7275384664535522,-0.1647128015756607,0.9990739226341248,0.3152816593647003,0.7115166187286377,-0.22383861243724823,0.9993516206741333,0.32567188143730164,0.7126500606536865,-0.22747360169887543,0.9995757937431335,0.28991934657096863,0.6582143902778625,-0.0661243423819542,0.9991133213043213,0.35157135128974915,0.6573633551597595,-0.11294432729482651,0.9996281266212463,0.28953301906585693,0.5670268535614014,-0.020062148571014404,0.7307283878326416,0.3547869324684143,0.5644525289535522,-0.09582488983869553,0.9781215190887451,0.2962337136268616,0.505729615688324,-0.09775605797767639,0.5544687509536743,0.32947176694869995,0.5030933022499084,-0.16303279995918274,0.9347032904624939,0.29974690079689026,0.4885272681713104,-0.11988350749015808,0.4602581262588501,0.3227626085281372,0.4864504635334015,-0.18903152644634247,0.8822062611579895,0.3036583364009857,0.4933914244174957,-0.13986733555793762,0.4682997465133667,0.31601884961128235,0.49473413825035095,-0.203358992934227,0.8818603157997131,0.3044542074203491,0.49951794743537903,-0.10777866095304489,0.44970545172691345,0.3172587752342224,0.5012274384498596,-0.1688266545534134,0.8527815341949463,0.3043721616268158,0.4978693723678589,0.0094932084903121,0.9982610940933228,0.34083521366119385,0.49255692958831787,-0.009512356482446194,0.997776448726654,0.30054858326911926,0.35295429825782776,-0.03893367946147919,0.7709330320358276,0.3422594368457794,0.359201043844223,-0.0292879119515419,0.7314584851264954,0.30441948771476746,0.22535310685634613,0.06949614733457565,0.6845563650131226,0.33728495240211487,0.23682460188865662,0.09386443346738815,0.6336285471916199,0.3088553845882416,0.20974785089492798,0.07500166445970535,0.3926778733730316,0.3376047909259796,0.22271502017974854,0.10132212191820145,0.31571900844573975,0.3021402955055237,0.17923177778720856,-0.02281295880675316,0.6475425958633423,0.33063697814941406,0.1912994235754013,0.001108721480704844,0.61709064245224
sujin_stand_normal_10,288,96,9.601253263707573,29.99608406213288,10,0.3193637430667877,0.725752592086792,-0.2603837847709656,0.99966961145401,0.3152241110801697,0.7350928783416748,-0.24594441056251526,0.9990606904029846,0.3128080368041992,0.7345972657203674,-0.24596434831619263,0.9988327026367188,0.3099445402622223,0.7340593338012695,-0.24599343538284302,0.9986388087272644,0.32308778166770935,0.7356451749801636,-0.24875685572624207,0.9992058277130127,0.3263626992702484,0.7353964447975159,-0.24880042672157288,0.9992457032203674,0.3294937312602997,0.7349739074707031,-0.24885159730911255,0.999339759349823,0.3070015013217926,0.7272617220878601,-0.15194007754325867,0.9962925314903259,0.3336670696735382,0.7275418043136597,-0.16462360322475433,0.9991006851196289,0.3152066767215729,0.7115011811256409,-0.2238667756319046,0.9993662238121033,0.32557213306427,0.7126531004905701,-0.22754353284835815,0.9995852708816528,0.28989923000335693,0.6581797003746033,-0.06599419564008713,0.999114453792572,0.35148683190345764,0.6573398113250732,-0.11290326714515686,0.9996262192726135,0.2894802689552307,0.5670651793479919,-0.019828276708722115,0.7322566509246826,0.35474154353141785,0.5644114017486572,-0.09539293497800827,0.9782662391662598,0.29626405239105225,0.5058817863464355,-0.09746009856462479,0.556905210018158,0.3293904960155487,0.5031185150146484,-0.1628246307373047,0.9352609515190125,0.29977938532829285,0.4886261522769928,-0.1197432354092598,0.4618644714355469,0.32268837094306946,0.4864782691001892,-0.1889166384935379,0.8830701112747192,0.3036976456642151,0.49347546696662903,-0.13966268301010132,0.4699283540248871,0.31600436568260193,0.4947536885738373,-0.2031889408826828,0.8827546834945679,0.30446597933769226,0.49962684512138367,-0.10746428370475769,0.45109501481056213,0.31724151968955994,0.5012397766113281,-0.16861815750598907,0.8537853360176086,0.3043367564678192,0.4979172945022583,0.009415874257683754,0.9982476234436035,0.34077978134155273,0.49272653460502625,-0.009435889311134815,0.9977778792381287,0.3003409802913666,0.352995902299881,-0.04068474471569061,0.7706443071365356,0.3423171937465668,0.35940927267074585,-0.03460304066538811,0.734566867351532,0.3040771186351776,0.22542540729045868,0.0691613033413887,0.682551920413971,0.3373013138771057,0.23681607842445374,0.08735883235931396,0.6349504590034485,0.30850687623023987,0.20986749231815338,0.07493921369314194,0.39070239663124084,0.3376340866088867,0.22271691262722015,0.09475825726985931,0.31661519408226013,0.2999156713485718,0.17899397015571594,-0.02296830527484417,0.645301103591919,0.33056512475013733,0.1912982165813446,-0.005833819042891264,0.6167975664138794
sujin_stand_normal_10,291,97,9.70126631853786,29.99608406213288,10,0.31925976276397705,0.7256696820259094,-0.260172575712204,0.9996790289878845,0.3151244819164276,0.7349309921264648,-0.24586579203605652,0.9990882873535156,0.3126683831214905,0.7344462871551514,-0.24588607251644135,0.9988648891448975,0.30982258915901184,0.7339261770248413,-0.2459143102169037,0.9986770749092102,0.32298457622528076,0.735511302947998,-0.2486426681280136,0.9992286562919617,0.3262281119823456,0.7352938652038574,-0.24868707358837128,0.9992672204971313,0.3293921649456024,0.7349112629890442,-0.24874083697795868,0.9993596076965332,0.3069065511226654,0.7271840572357178,-0.15168680250644684,0.9963973164558411,0.3335593342781067,0.7275413274765015,-0.16454645991325378,0.9991260170936584,0.31513920426368713,0.7114474177360535,-0.22372744977474213,0.9993793368339539,0.3254695236682892,0.7126498222351074,-0.22737255692481995,0.9995932579040527,0.2898910641670227,0.6581461429595947,-0.06590474396944046,0.9991181492805481,0.35140350461006165,0.6573054790496826,-0.11213221400976181,0.9996230006217957,0.2893863022327423,0.5671219229698181,-0.019607428461313248,0.7340744137763977,0.3547121584415436,0.5644047856330872,-0.09457163512706757,0.9783096313476562,0.29626503586769104,0.5060951709747314,-0.09743379801511765,0.5604826807975769,0.3293324410915375,0.5031874179840088,-0.16234050691127777,0.9358150362968445,0.2997837960720062,0.488760381937027,-0.11979027092456818,0.46465688943862915,0.3226090669631958,0.4865170419216156,-0.18850040435791016,0.8839355111122131,0.30370476841926575,0.493612676858902,-0.13969850540161133,0.4727296233177185,0.3159554898738861,0.4948110580444336,-0.20258766412734985,0.8836227059364319,0.30447182059288025,0.4998111426830292,-0.10744038969278336,0.4534413516521454,0.3171842694282532,0.5012934803962708,-0.16808702051639557,0.8547128438949585,0.30430862307548523,0.4981077313423157,0.008894350379705429,0.9982427954673767,0.3407382667064667,0.49302661418914795,-0.008915304206311703,0.9977936148643494,0.30031025409698486,0.3529992997646332,-0.04157816246151924,0.7731436491012573,0.3424617350101471,0.3598070740699768,-0.035543907433748245,0.7396742105484009,0.3039049506187439,0.22540265321731567,0.06743111461400986,0.6848610043525696,0.33733758330345154,0.23708820343017578,0.08649349212646484,0.6394855976104736,0.30826860666275024,0.2098551094532013,0.07306978106498718,0.39113181829452515,0.3376309275627136,0.22291430830955505,0.09387057274580002,0.3196428716182709,0.29953888058662415,0.17881253361701965,-0.025389311835169792,0.6464260220527649,0.3305952250957489,0.19166061282157898,-0.006311568431556225,0.6195641160011292
sujin_stand_normal_10,294,98,9.801279373368146,29.99608406213288,10,0.31920138001441956,0.7256423234939575,-0.25800657272338867,0.9996833205223083,0.31507065892219543,0.734848141670227,-0.24364371597766876,0.9991029500961304,0.31260207295417786,0.7343688011169434,-0.24366547167301178,0.9988815784454346,0.30975911021232605,0.7338579893112183,-0.24369601905345917,0.9986972808837891,0.3229258954524994,0.7354368567466736,-0.24642835557460785,0.9992401599884033,0.3261522948741913,0.7352330684661865,-0.24647024273872375,0.999277651309967,0.329327791929245,0.7348693609237671,-0.24652287364006042,0.9993694424629211,0.306854248046875,0.7271416783332825,-0.15014132857322693,0.9964559078216553,0.333491712808609,0.7275372743606567,-0.16292890906333923,0.9991377592086792,0.31509730219841003,0.7114328742027283,-0.22185677289962769,0.9993838667869568,0.32540562748908997,0.7126496434211731,-0.22549837827682495,0.9995959997177124,0.2898831069469452,0.6581385731697083,-0.06498711556196213,0.9991117119789124,0.35129880905151367,0.6572609543800354,-0.11053815484046936,0.9996172785758972,0.2893287241458893,0.5672674775123596,-0.01952492445707321,0.7348836064338684,0.35466575622558594,0.5644027590751648,-0.09306899458169937,0.9783599972724915,0.29616305232048035,0.5064404606819153,-0.09789576381444931,0.5629882216453552,0.3292597234249115,0.5032450556755066,-0.1605486273765564,0.9362225532531738,0.299619197845459,0.4890427887439728,-0.12052837014198303,0.46664491295814514,0.3225032091140747,0.48655837774276733,-0.1864587664604187,0.8846127390861511,0.3035829961299896,0.493854820728302,-0.14053966104984283,0.4747351109981537,0.31586024165153503,0.4948781430721283,-0.2003551572561264,0.8842930197715759,0.30437853932380676,0.5001124739646912,-0.10796986520290375,0.4552063047885895,0.31707170605659485,0.5013571977615356,-0.16620416939258575,0.8554375171661377,0.3042683005332947,0.4985131025314331,0.008815791457891464,0.9982194304466248,0.34068697690963745,0.49327895045280457,-0.00883525237441063,0.997787356376648,0.30001693964004517,0.3531089127063751,-0.04252545163035393,0.775452733039856,0.34257256984710693,0.35979995131492615,-0.034720566123723984,0.7443090081214905,0.3035534918308258,0.22535240650177002,0.06363649666309357,0.6864522695541382,0.3373328745365143,0.23672795295715332,0.08386490494012833,0.6432642340660095,0.30798405408859253,0.20978234708309174,0.068863146007061,0.39201393723487854,0.3375398516654968,0.222497820854187,0.09077238291501999,0.3213716745376587,0.29850631952285767,0.1786700040102005,-0.029343729838728905,0.6467947959899902,0.33059385418891907,0.19156579673290253,-0.009803932160139084,0.6208168268203735
sujin_stand_normal_10,297,99,9.901292428198433,29.99608406213288,10,0.3191753625869751,0.7256296277046204,-0.2573818266391754,0.9996904730796814,0.3150431513786316,0.7348052859306335,-0.2428978532552719,0.9991246461868286,0.3125762641429901,0.7343239784240723,-0.24291931092739105,0.9989060759544373,0.3097293972969055,0.7338115572929382,-0.24294964969158173,0.9987261295318604,0.3229010999202728,0.7354053258895874,-0.24568510055541992,0.9992582201957703,0.32612836360931396,0.7352083325386047,-0.24572664499282837,0.9992943406105042,0.32930296659469604,0.7348530292510986,-0.24577854573726654,0.9993849992752075,0.30682313442230225,0.7271058559417725,-0.1495261788368225,0.9965326189994812,0.3334674537181854,0.727538526058197,-0.16232874989509583,0.9991563558578491,0.3150695562362671,0.7114244103431702,-0.22133414447307587,0.9993929862976074,0.32537463307380676,0.7126506567001343,-0.22498245537281036,0.9996024966239929,0.2898816168308258,0.6581010222434998,-0.06445613503456116,0.9991064071655273,0.35124340653419495,0.6571825742721558,-0.11029459536075592,0.9996140599250793,0.2893211543560028,0.5673257112503052,-0.01951831392943859,0.7359282970428467,0.3545980751514435,0.5644009709358215,-0.09296797960996628,0.9785524010658264,0.2959900498390198,0.5069109797477722,-0.09886588901281357,0.5657645463943481,0.32904449105262756,0.5033552050590515,-0.159808948636055,0.9368476271629333,0.29933103919029236,0.489406943321228,-0.12183823436498642,0.4687979519367218,0.322257936000824,0.4865857660770416,-0.1855507642030716,0.8855711817741394,0.3033517599105835,0.4941476285457611,-0.1417679488658905,0.47691988945007324,0.3156432807445526,0.49492865800857544,-0.19920334219932556,0.8852385878562927,0.30393746495246887,0.500382661819458,-0.10897694528102875,0.4571877717971802,0.31682178378105164,0.5014313459396362,-0.16533760726451874,0.8565043210983276,0.30424734950065613,0.49936914443969727,0.008818480186164379,0.9981967806816101,0.34063851833343506,0.4936186671257019,-0.008837711066007614,0.9977817535400391,0.29979926347732544,0.3536439538002014,-0.04492288455367088,0.7759023308753967,0.3426586091518402,0.35990631580352783,-0.03731694445014,0.7474001049995422,0.3035406470298767,0.22568760812282562,0.06027873605489731,0.6856353878974915,0.33732345700263977,0.23644106090068817,0.07795560359954834,0.6452953815460205,0.3079967796802521,0.2101757675409317,0.06546325236558914,0.39164307713508606,0.3374764621257782,0.22209681570529938,0.08458627015352249,0.32201436161994934,0.29843395948410034,0.1786632537841797,-0.0319371372461319,0.645262598991394,0.3305926024913788,0.1915644407272339,-0.016137484461069107,0.6203739643096924
sujin_stand_normal_10,300,100,10.001305483028721,29.99608406213288,10,0.3191682994365692,0.7256277203559875,-0.2552880644798279,0.9996979236602783,0.31503260135650635,0.7347968816757202,-0.24096158146858215,0.999146044254303,0.3125726580619812,0.7343136072158813,-0.24098224937915802,0.9989321827888489,0.30972349643707275,0.7337993383407593,-0.24101175367832184,0.9987574219703674,0.3228895366191864,0.7354028224945068,-0.24372214078903198,0.9992753267288208,0.32612043619155884,0.7352068424224854,-0.24376264214515686,0.9993104934692383,0.32929107546806335,0.7348521947860718,-0.24381279945373535,0.9993995428085327,0.30681362748146057,0.7270967364311218,-0.1484878808259964,0.9966191053390503,0.3334488570690155,0.7275505661964417,-0.16111239790916443,0.999176025390625,0.31505993008613586,0.7114224433898926,-0.21957571804523468,0.9994048476219177,0.32536306977272034,0.7126577496528625,-0.22317424416542053,0.9996095299720764,0.28987976908683777,0.6580992341041565,-0.06388785690069199,0.999113142490387,0.35118454694747925,0.6571611762046814,-0.10893045365810394,0.9996113181114197,0.2893189787864685,0.5675495266914368,-0.018944213166832924,0.7382875084877014,0.3544374704360962,0.5643991827964783,-0.09066655486822128,0.9786210656166077,0.2961265742778778,0.5075258016586304,-0.09788624942302704,0.5698210597038269,0.328830748796463,0.503365695476532,-0.15624652802944183,0.9370496869087219,0.2995535433292389,0.4897962808609009,-0.12061120569705963,0.47228214144706726,0.32189512252807617,0.4865885376930237,-0.18158091604709625,0.8858405947685242,0.3036389648914337,0.49453046917915344,-0.14047080278396606,0.48046332597732544,0.3153569996356964,0.49495527148246765,-0.1950673907995224,0.8855041265487671,0.30417558550834656,0.5008533000946045,-0.10790985077619553,0.4603380560874939,0.31654882431030273,0.5014655590057373,-0.16166116297245026,0.8568159937858582,0.30424433946609497,0.5000978708267212,0.008629754185676575,0.9981821179389954,0.3406258821487427,0.4939919412136078,-0.008649240247905254,0.997779130935669,0.29983317852020264,0.35363295674324036,-0.04672310873866081,0.776762068271637,0.3427281677722931,0.360159307718277,-0.04027654603123665,0.749896764755249,0.3035462498664856,0.2253362387418747,0.051042597740888596,0.6866925954818726,0.3372632563114166,0.2359061986207962,0.0709223672747612,0.6469672918319702,0.30800625681877136,0.20979677140712738,0.055282752960920334,0.39031100273132324,0.33721983432769775,0.2216913104057312,0.07707864791154861,0.3221879005432129,0.3037513792514801,0.17752298712730408,-0.04351700842380524,0.6451220512390137,0.3305927813053131,0.1912636160850525,-0.023691536858677864,0.6205205321311951
sujin_stand_normal_10,303,101,10.101318537859008,29.99608406213288,10,0.3191674053668976,0.7256253361701965,-0.2518964111804962,0.9997051358222961,0.3150310814380646,0.734794557094574,-0.23776158690452576,0.9991664290428162,0.3125743865966797,0.7343103289604187,-0.23778216540813446,0.9989572763442993,0.3097239136695862,0.7337948083877563,-0.23781074583530426,0.998787522315979,0.3228875398635864,0.7354015707969666,-0.24055545032024384,0.9992910623550415,0.32612016797065735,0.7352063655853271,-0.24059459567070007,0.9993253946304321,0.3292892873287201,0.7348531484603882,-0.240646094083786,0.9994128346443176,0.30681154131889343,0.7270950078964233,-0.14623092114925385,0.9967007040977478,0.33343902230262756,0.7275636792182922,-0.1588926762342453,0.9991960525512695,0.31505629420280457,0.7114201188087463,-0.21647898852825165,0.9994198679924011,0.32535800337791443,0.7126590609550476,-0.22009341418743134,0.9996188879013062,0.28988125920295715,0.6580987572669983,-0.06186530366539955,0.9991300702095032,0.3511299192905426,0.6570942401885986,-0.10780473053455353,0.9996128678321838,0.2893136739730835,0.5676090717315674,-0.017871756106615067,0.7409710884094238,0.35431545972824097,0.564363420009613,-0.0900050699710846,0.9789249897003174,0.2961166501045227,0.5077102780342102,-0.0978921577334404,0.5771313309669495,0.3286016583442688,0.5033616423606873,-0.15576273202896118,0.9383848905563354,0.29955628514289856,0.4899493157863617,-0.12073620408773422,0.47930651903152466,0.32145053148269653,0.48658841848373413,-0.1813175231218338,0.8879686594009399,0.3036440908908844,0.4947451651096344,-0.14071302115917206,0.4874805212020874,0.31504660844802856,0.4949956238269806,-0.19476450979709625,0.8876176476478577,0.30418163537979126,0.5011528730392456,-0.1079462543129921,0.46691057085990906,0.31628403067588806,0.5015101432800293,-0.16115060448646545,0.8593005537986755,0.3042410910129547,0.500349223613739,0.008623377420008183,0.998192310333252,0.3406016528606415,0.4942331910133362,-0.008642563596367836,0.9977999329566956,0.29985567927360535,0.3533954620361328,-0.046107761561870575,0.7806658744812012,0.3427923917770386,0.3601812720298767,-0.03843975439667702,0.7546907663345337,0.30374500155448914,0.2247752547264099,0.05423657223582268,0.690860390663147,0.33725056052207947,0.23593337833881378,0.07692844420671463,0.6515750885009766,0.3082725405693054,0.20932598412036896,0.05880342796444893,0.3915244936943054,0.33717167377471924,0.22168149054050446,0.08355430513620377,0.3239441514015198,0.3063339591026306,0.17713750898838043,-0.039591215550899506,0.6481974124908447,0.33057984709739685,0.19128762185573578,-0.01692352443933487,0.6242150068283081
sujin_stand_normal_10,306,102,10.201331592689295,29.99608406213288,10,0.31921035051345825,0.725653350353241,-0.2502366304397583,0.9997134804725647,0.31504306197166443,0.7348220944404602,-0.23605577647686005,0.9991897344589233,0.3126271069049835,0.7343316078186035,-0.23607434332370758,0.9989866018295288,0.30976560711860657,0.7338064908981323,-0.23610180616378784,0.9988232851028442,0.32290592789649963,0.73545241355896,-0.23892450332641602,0.9993091225624084,0.3261612355709076,0.7352628707885742,-0.2389640510082245,0.9993427991867065,0.3292950987815857,0.7349016070365906,-0.23901551961898804,0.999428391456604,0.30681565403938293,0.727101743221283,-0.14450983703136444,0.9968057870864868,0.33343735337257385,0.7275985479354858,-0.1574937254190445,0.9992185235023499,0.3150595724582672,0.7114319801330566,-0.21481731534004211,0.9994399547576904,0.32537761330604553,0.7126896977424622,-0.2185399979352951,0.999630331993103,0.28987377882003784,0.6580973863601685,-0.06057857349514961,0.999155580997467,0.3511200547218323,0.657035231590271,-0.10723214596509933,0.9996163845062256,0.28924399614334106,0.56775963306427,-0.015173410065472126,0.7438251376152039,0.35429656505584717,0.5643130540847778,-0.08986249566078186,0.9790251851081848,0.29638710618019104,0.5079675316810608,-0.09242971986532211,0.5824583172798157,0.3284859359264374,0.5033458471298218,-0.1552913337945938,0.9384601712226868,0.3000634014606476,0.49006029963493347,-0.11473620682954788,0.48408499360084534,0.3213282823562622,0.4865674078464508,-0.18082833290100098,0.8880248069763184,0.30447059869766235,0.4948756992816925,-0.13435034453868866,0.49220332503318787,0.31494075059890747,0.4949893057346344,-0.19429339468479156,0.8876430988311768,0.3046032786369324,0.5013008117675781,-0.10223880410194397,0.4711490571498871,0.31619685888290405,0.5015112161636353,-0.16071796417236328,0.8593427538871765,0.30423861742019653,0.5001405477523804,0.008627994917333126,0.998214840888977,0.34058353304862976,0.4941430687904358,-0.008647458627820015,0.997826337814331,0.30014684796333313,0.35273870825767517,-0.04569985345005989,0.7833353877067566,0.34279516339302063,0.35982105135917664,-0.03779779002070427,0.7581602334976196,0.30423179268836975,0.22401094436645508,0.054909348487854004,0.6948007941246033,0.33718717098236084,0.23590052127838135,0.07940087467432022,0.655604898929596,0.3104029595851898,0.20957200229167938,0.05968112498521805,0.39297017455101013,0.33712533116340637,0.22168201208114624,0.08621016889810562,0.3256796598434448,0.30686622858047485,0.17668746411800385,-0.03809603676199913,0.6517965793609619,0.33034229278564453,0.19119946658611298,-0.014235157519578934,0.628217339515686
sujin_stand_normal_10,309,103,10.301344647519583,29.99608406213288,10,0.31932392716407776,0.7256866693496704,-0.25679177045822144,0.9997227787971497,0.3150722086429596,0.7348783612251282,-0.24246583878993988,0.9992163181304932,0.3127024471759796,0.7343778610229492,-0.24248212575912476,0.9990187287330627,0.30982595682144165,0.7338355183601379,-0.2425113171339035,0.9988602995872498,0.32295748591423035,0.7355369925498962,-0.2451232373714447,0.9993312954902649,0.3262443244457245,0.7353569865226746,-0.2451668679714203,0.9993638396263123,0.32931557297706604,0.7349808216094971,-0.24521787464618683,0.9994468092918396,0.30682042241096497,0.7271199822425842,-0.14984408020973206,0.9969093799591064,0.33344024419784546,0.7276745438575745,-0.16205625236034393,0.9992427825927734,0.3150850832462311,0.7114460468292236,-0.22095932066440582,0.9994574189186096,0.3254472017288208,0.7127345204353333,-0.2244553565979004,0.9996408224105835,0.2898482382297516,0.6580966114997864,-0.06418286263942719,0.9991722702980042,0.3510986566543579,0.6569690108299255,-0.11045675724744797,0.9996196031570435,0.2891865670681,0.5677894353866577,-0.018243545666337013,0.747473418712616,0.35429951548576355,0.5642133355140686,-0.09234368801116943,0.9791861772537231,0.2968384027481079,0.5082231163978577,-0.09517935663461685,0.5882953405380249,0.3284088671207428,0.5030733942985535,-0.1579885631799698,0.9388165473937988,0.30062735080718994,0.49012434482574463,-0.11769114434719086,0.4889172315597534,0.3212161362171173,0.48634257912635803,-0.18357177078723907,0.8885288238525391,0.30518805980682373,0.49491044878959656,-0.1369895040988922,0.49697789549827576,0.3148654103279114,0.4947696924209595,-0.1971026360988617,0.888126015663147,0.3051011264324188,0.5013771057128906,-0.10480249673128128,0.47551408410072327,0.31614336371421814,0.5013661980628967,-0.16343697905540466,0.8599039316177368,0.3042416572570801,0.500147819519043,0.00863244105130434,0.9982272386550903,0.34056949615478516,0.49414095282554626,-0.00865184236317873,0.9978423714637756,0.30014488101005554,0.3527868390083313,-0.04516976326704025,0.7829773426055908,0.34279748797416687,0.35949721932411194,-0.037235330790281296,0.7579482793807983,0.30427122116088867,0.22399578988552094,0.05619572103023529,0.693880558013916,0.33711034059524536,0.2357373684644699,0.08004947006702423,0.6552977561950684,0.31038588285446167,0.2094477266073227,0.060993533581495285,0.3928743898868561,0.3371066451072693,0.22167912125587463,0.08671719580888748,0.32519322633743286,0.3069974482059479,0.17667634785175323,-0.03694828972220421,0.6506603360176086,0.33018720149993896,0.19086328148841858,-0.013492117635905743,0.6273263096809387
sujin_stand_normal_10,312,104,10.40135770234987,29.99608406213288,10,0.319401353597641,0.7257035970687866,-0.25859904289245605,0.9997310042381287,0.315096378326416,0.7349084615707397,-0.24418681859970093,0.9992402195930481,0.31276455521583557,0.7344017028808594,-0.24420396983623505,0.9990472793579102,0.30988436937332153,0.7338503003120422,-0.244233176112175,0.9988930225372314,0.3230014443397522,0.735586404800415,-0.24674350023269653,0.9993516802787781,0.32632073760032654,0.7354099154472351,-0.24678809940814972,0.9993830919265747,0.32934197783470154,0.7350219488143921,-0.24683958292007446,0.9994639754295349,0.306831032037735,0.7271365523338318,-0.15131354331970215,0.9970046281814575,0.33344945311546326,0.7277114391326904,-0.1631096750497818,0.9992654323577881,0.31510502099990845,0.7114503979682922,-0.22270892560482025,0.9994727373123169,0.32550764083862305,0.7127437591552734,-0.22608265280723572,0.9996503591537476,0.28980889916419983,0.6580984592437744,-0.06566660851240158,0.9991822838783264,0.35108625888824463,0.6568762063980103,-0.11154519021511078,0.9996221661567688,0.28915709257125854,0.5678898096084595,-0.019624881446361542,0.7502806186676025,0.35430219769477844,0.5641553401947021,-0.0937640592455864,0.9794241786003113,0.29709509015083313,0.5083825588226318,-0.09604831039905548,0.5928837656974792,0.32835471630096436,0.5028618574142456,-0.1597491204738617,0.9393099546432495,0.30091074109077454,0.4901556372642517,-0.11865636706352234,0.4927810728549957,0.3211314082145691,0.4862019717693329,-0.18546518683433533,0.8892400860786438,0.30549487471580505,0.49492475390434265,-0.13795205950737,0.5007709264755249,0.3148108422756195,0.49468186497688293,-0.19899289309978485,0.8888198733329773,0.30533120036125183,0.5014050602912903,-0.10565871745347977,0.4790760576725006,0.31610357761383057,0.5012977123260498,-0.16522282361984253,0.8607291579246521,0.30424052476882935,0.5001407861709595,0.008624947629868984,0.9982278943061829,0.3405565917491913,0.4941248595714569,-0.00864462275058031,0.9978517293930054,0.30013468861579895,0.35295569896698,-0.04491468146443367,0.7823360562324524,0.3428536057472229,0.35896748304367065,-0.03653616085648537,0.7585431337356567,0.3042988181114197,0.22419457137584686,0.05669184774160385,0.6921940445899963,0.3370527923107147,0.2354438602924347,0.0790252760052681,0.6553670167922974,0.31036585569381714,0.2094561606645584,0.06170809268951416,0.39311450719833374,0.33708876371383667,0.22164739668369293,0.08550122380256653,0.3252417743206024,0.3069922626018524,0.1766703724861145,-0.03489922732114792,0.6489988565444946,0.3299673795700073,0.19008901715278625,-0.014568054117262363,0.626237154006958
sujin_stand_normal_10,315,105,10.501370757180156,29.99608406213288,10,0.31949540972709656,0.7257336974143982,-0.258323073387146,0.9997381567955017,0.31513574719429016,0.7349733114242554,-0.24393151700496674,0.999260663986206,0.31285181641578674,0.7344635725021362,-0.2439490705728531,0.9990723133087158,0.3099719285964966,0.7338992357254028,-0.24397817254066467,0.9989219307899475,0.3230736553668976,0.7356410622596741,-0.24652594327926636,0.9993689656257629,0.3264332711696625,0.7354573011398315,-0.24657030403614044,0.9993998408317566,0.3293868899345398,0.7350499629974365,-0.24662227928638458,0.999478816986084,0.3068481981754303,0.7271779775619507,-0.15110331773757935,0.9970864057540894,0.33346953988075256,0.7277372479438782,-0.16302035748958588,0.999286413192749,0.31512966752052307,0.7114664912223816,-0.22243398427963257,0.9994887113571167,0.32558295130729675,0.7127528190612793,-0.22585231065750122,0.9996602535247803,0.2897839844226837,0.6581090092658997,-0.06554260849952698,0.9991991519927979,0.35107743740081787,0.6568456292152405,-0.11182136088609695,0.9996282458305359,0.28910019993782043,0.5679998397827148,-0.019583119079470634,0.7535927891731262,0.35433289408683777,0.564135730266571,-0.09423873573541641,0.9798468351364136,0.29734718799591064,0.5085245370864868,-0.09616242349147797,0.5989651679992676,0.32834652066230774,0.5027945637702942,-0.16015729308128357,0.9403866529464722,0.30124861001968384,0.49018922448158264,-0.11877189576625824,0.49808433651924133,0.3210756182670593,0.4861675202846527,-0.18589335680007935,0.8908358216285706,0.30583906173706055,0.4949505925178528,-0.13816066086292267,0.506024181842804,0.3147788643836975,0.4946717321872711,-0.19933003187179565,0.8903865814208984,0.3056105077266693,0.5014558434486389,-0.10582580417394638,0.48393353819847107,0.31608572602272034,0.5012955665588379,-0.16557364165782928,0.8625528216362,0.3042408227920532,0.5001720786094666,0.008752290159463882,0.998231053352356,0.34055307507514954,0.494130402803421,-0.008772303350269794,0.9978570938110352,0.3001747131347656,0.3529551923274994,-0.044672828167676926,0.7808111310005188,0.3428719639778137,0.35882753133773804,-0.03626371920108795,0.7572652697563171,0.30436354875564575,0.22416745126247406,0.05730210617184639,0.6895558834075928,0.3370490074157715,0.23543833196163177,0.07946460694074631,0.6526516079902649,0.3103168308734894,0.20930446684360504,0.062283746898174286,0.39185044169425964,0.33705833554267883,0.22094127535820007,0.08595255017280579,0.3229379951953888,0.30709919333457947,0.17666363716125488,-0.03463803231716156,0.6464870572090149,0.32986611127853394,0.19003140926361084,-0.014190549962222576,0.6232256293296814
sujin_stand_normal_10,318,106,10.601383812010445,29.99608406213288,10,0.3195544481277466,0.725752055644989,-0.25732171535491943,0.9997439384460449,0.3151620924472809,0.7350096702575684,-0.24285989999771118,0.999276340007782,0.31291183829307556,0.7344969511032104,-0.24287813901901245,0.9990912079811096,0.31003671884536743,0.7339252233505249,-0.24290579557418823,0.998943030834198,0.3231238126754761,0.7356800436973572,-0.24549397826194763,0.9993826746940613,0.326516717672348,0.7354934215545654,-0.24553900957107544,0.9994133710861206,0.3294264078140259,0.7350724339485168,-0.24559251964092255,0.9994906187057495,0.30687105655670166,0.7272060513496399,-0.15000754594802856,0.9971446990966797,0.3335001766681671,0.7277504205703735,-0.16213469207286835,0.9993031024932861,0.31515371799468994,0.7114750742912292,-0.2214694619178772,0.9995022416114807,0.3256426155567169,0.7127567529678345,-0.22493427991867065,0.999669075012207,0.28978365659713745,0.6581296324729919,-0.06400711834430695,0.9992159605026245,0.3510732650756836,0.6568266153335571,-0.111793152987957,0.9996357560157776,0.2890801429748535,0.5680872201919556,-0.01793215610086918,0.7562500238418579,0.3543858230113983,0.5640876293182373,-0.09437654912471771,0.9802886843681335,0.297648161649704,0.508621871471405,-0.0948873832821846,0.6041696071624756,0.32834476232528687,0.5027756094932556,-0.16027989983558655,0.941615104675293,0.30163732171058655,0.4902191162109375,-0.11769064515829086,0.5026410818099976,0.32104530930519104,0.4861661493778229,-0.18605941534042358,0.8927390575408936,0.3061913549900055,0.49496951699256897,-0.13684521615505219,0.51052325963974,0.3147716522216797,0.49469682574272156,-0.1995057314634323,0.8922658562660217,0.3059084713459015,0.5014876127243042,-0.10450657457113266,0.4881786108016968,0.3160843849182129,0.5013259053230286,-0.16568796336650848,0.8647247552871704,0.30425992608070374,0.5001695156097412,0.00922195054590702,0.9982424378395081,0.34054842591285706,0.49412158131599426,-0.009240294806659222,0.9978656768798828,0.30025699734687805,0.3530048727989197,-0.04291653633117676,0.778715968132019,0.34287551045417786,0.35874953866004944,-0.03255895525217056,0.7548420429229736,0.3045736849308014,0.22417199611663818,0.057827241718769073,0.6865830421447754,0.33704647421836853,0.23543670773506165,0.08183693140745163,0.6495118141174316,0.3102788031101227,0.20929193496704102,0.06276092678308487,0.3914918303489685,0.3370439410209656,0.2203742116689682,0.0883277952671051,0.32071831822395325,0.30712825059890747,0.1766822189092636,-0.033260542899370193,0.6442909836769104,0.3298124372959137,0.19003355503082275,-0.011798826977610588,0.620274543762207
sujin_stand_normal_10,321,107,10.701396866840732,29.99608406213288,10,0.3196025788784027,0.7257677912712097,-0.25296783447265625,0.9997466802597046,0.31518158316612244,0.7350376844406128,-0.23861797153949738,0.999284029006958,0.3129568099975586,0.7345224022865295,-0.23863765597343445,0.9991008639335632,0.3100849390029907,0.7339441180229187,-0.238664448261261,0.9989549517631531,0.3231552243232727,0.7357057332992554,-0.24138624966144562,0.9993886351585388,0.3265684247016907,0.7355143427848816,-0.24142995476722717,0.9994193911552429,0.32944995164871216,0.7350838780403137,-0.2414860725402832,0.9994962215423584,0.30688562989234924,0.7272236347198486,-0.14637310802936554,0.9971789121627808,0.3335120379924774,0.7277540564537048,-0.15897886455059052,0.9993125796318054,0.3151721954345703,0.7114864587783813,-0.2173321545124054,0.9995130300521851,0.3256864845752716,0.7127633094787598,-0.22093923389911652,0.9996758699417114,0.2897842824459076,0.6581218242645264,-0.06105228140950203,0.999231219291687,0.35106897354125977,0.6567739248275757,-0.11001505702733994,0.9996417760848999,0.28906962275505066,0.56809401512146,-0.015740517526865005,0.7575441002845764,0.3544538915157318,0.5640164613723755,-0.09325301647186279,0.9805697202682495,0.2976733148097992,0.5086313486099243,-0.09366808831691742,0.6071550846099854,0.3283649981021881,0.502770185470581,-0.15900643169879913,0.9424659013748169,0.3017018735408783,0.49022290110588074,-0.11659553647041321,0.5052527189254761,0.32105332612991333,0.4861643612384796,-0.18479296565055847,0.8940420150756836,0.3062255084514618,0.49497172236442566,-0.13582868874073029,0.5130998492240906,0.31478771567344666,0.49470531940460205,-0.19829709827899933,0.893554151058197,0.30593517422676086,0.5014886260032654,-0.10337622463703156,0.49062758684158325,0.31610405445098877,0.5013424754142761,-0.16442061960697174,0.866239070892334,0.3042675852775574,0.4998301863670349,0.00950651429593563,0.9982571601867676,0.3405488133430481,0.4938710033893585,-0.009524790570139885,0.9978770613670349,0.300468385219574,0.3522902727127075,-0.04167737066745758,0.779421865940094,0.3428782522678375,0.3579670786857605,-0.02986895851790905,0.754511833190918,0.3047177195549011,0.22332967817783356,0.05921856686472893,0.6874887347221375,0.33693769574165344,0.2349843978881836,0.08632589876651764,0.6490564942359924,0.31023797392845154,0.20816084742546082,0.06404566019773483,0.3921467661857605,0.33694908022880554,0.2200898677110672,0.09301605820655823,0.3195326626300812,0.3072149157524109,0.17637021839618683,-0.03270440548658371,0.6454004049301147,0.329010933637619,0.18790847063064575,-0.007681707385927439,0.6207028031349182
sujin_stand_normal_10,324,108,10.801409921671018,29.99608406213288,10,0.31964385509490967,0.7257716059684753,-0.24999165534973145,0.9997507333755493,0.315193772315979,0.7350441813468933,-0.2356012463569641,0.9992951154708862,0.31298163533210754,0.734528124332428,-0.2356216013431549,0.9991140961647034,0.3101085126399994,0.733948290348053,-0.23564720153808594,0.9989702701568604,0.3231808841228485,0.7357154488563538,-0.2383708655834198,0.9993978142738342,0.32661107182502747,0.7355251312255859,-0.2384137660264969,0.999428391456604,0.3294726610183716,0.7350912690162659,-0.23847103118896484,0.9995042681694031,0.3068910539150238,0.7272322177886963,-0.14328761398792267,0.9972205758094788,0.33352401852607727,0.7277606129646301,-0.15591903030872345,0.999325692653656,0.315187007188797,0.7114874720573425,-0.21434006094932556,0.9995248317718506,0.3257288634777069,0.7127670645713806,-0.21794573962688446,0.999683678150177,0.2897838056087494,0.6581228971481323,-0.057788100093603134,0.9992465972900391,0.3510650396347046,0.656758189201355,-0.10787776857614517,0.9996498227119446,0.2890534996986389,0.5680997371673584,-0.012387107126414776,0.7583295702934265,0.35452699661254883,0.5640081763267517,-0.09165754169225693,0.9808624982833862,0.2977186441421509,0.5086354613304138,-0.09053368121385574,0.6096060276031494,0.32843050360679626,0.5027734041213989,-0.15745815634727478,0.9433947801589966,0.30183541774749756,0.490229070186615,-0.11343669146299362,0.5072813630104065,0.3210996687412262,0.48616430163383484,-0.1831665337085724,0.8954983353614807,0.30630430579185486,0.49497392773628235,-0.13261252641677856,0.515113115310669,0.31484222412109375,0.4947333335876465,-0.19681648910045624,0.8950022459030151,0.3059913218021393,0.5014902353286743,-0.10025189816951752,0.4925824701786041,0.3161631226539612,0.5013851523399353,-0.1629015952348709,0.867946982383728,0.30427566170692444,0.4997389614582062,0.01002564188092947,0.9982731938362122,0.340556800365448,0.4937458634376526,-0.010045086964964867,0.9978917837142944,0.3006713092327118,0.351800799369812,-0.04156174883246422,0.7780178189277649,0.3428807854652405,0.35759830474853516,-0.029958946630358696,0.7527612447738647,0.3048447370529175,0.2225644886493683,0.05916159972548485,0.6865094900131226,0.33665931224823,0.234339639544487,0.08623933792114258,0.6470325589179993,0.31022098660469055,0.20709198713302612,0.06391248106956482,0.392263799905777,0.336669385433197,0.21963286399841309,0.09283716976642609,0.31775903701782227,0.3071799874305725,0.17613087594509125,-0.03314791992306709,0.6450150012969971,0.3283185362815857,0.18638741970062256,-0.00823119841516018,0.6196596026420593
sujin_stand_normal_10,327,109,10.901422976501307,29.99608406213288,10,0.3196566700935364,0.7257744669914246,-0.2506464123725891,0.9997567534446716,0.3151976466178894,0.7350459694862366,-0.2362617552280426,0.999312162399292,0.3129897713661194,0.7345295548439026,-0.23628173768520355,0.9991337656974792,0.3101147413253784,0.7339493632316589,-0.23630790412425995,0.9989931583404541,0.32319313287734985,0.7357215881347656,-0.23903359472751617,0.9994121789932251,0.32663214206695557,0.7355339527130127,-0.23907658457756042,0.9994422197341919,0.32948264479637146,0.7350994348526001,-0.23913311958312988,0.9995169639587402,0.30689290165901184,0.7272344827651978,-0.1435914784669876,0.9972754716873169,0.33353084325790405,0.727774441242218,-0.1563621163368225,0.9993438720703125,0.31518974900245667,0.7114883065223694,-0.21492518484592438,0.9995378851890564,0.32574015855789185,0.7127727270126343,-0.21854376792907715,0.9996925592422485,0.289779931306839,0.6581220626831055,-0.05736808851361275,0.9992597103118896,0.35106170177459717,0.6567271947860718,-0.10790702700614929,0.9996557831764221,0.2890340983867645,0.5680994391441345,-0.012011479586362839,0.7586888074874878,0.35459575057029724,0.5639812350273132,-0.09169922024011612,0.9811971783638,0.29771700501441956,0.5086893439292908,-0.091239795088768,0.6121801733970642,0.32846012711524963,0.5027925968170166,-0.1577160507440567,0.9445934295654297,0.30184781551361084,0.4903058707714081,-0.11416317522525787,0.5094062685966492,0.3211266100406647,0.4861704409122467,-0.18368472158908844,0.8973948955535889,0.30629757046699524,0.49501314759254456,-0.13343095779418945,0.5172421336174011,0.31489297747612,0.4947579801082611,-0.19718898832798004,0.8968902230262756,0.3059898912906647,0.5015276074409485,-0.10100957006216049,0.49441906809806824,0.31620585918426514,0.5014364719390869,-0.16310392320156097,0.8700854778289795,0.3042748272418976,0.4997142553329468,0.010177464224398136,0.9982897043228149,0.340554803609848,0.49372610449790955,-0.010199480690062046,0.9979118704795837,0.3006921410560608,0.3515179455280304,-0.04178416356444359,0.7788774371147156,0.34290286898612976,0.35759252309799194,-0.03317289799451828,0.7545211911201477,0.3048367500305176,0.22231987118721008,0.06022385507822037,0.6881179809570312,0.33666932582855225,0.23451204597949982,0.08442630618810654,0.6485417485237122,0.31013020873069763,0.20683570206165314,0.06517503410577774,0.3933367431163788,0.33669203519821167,0.2197125405073166,0.09122133255004883,0.3182600140571594,0.3072461783885956,0.17587408423423767,-0.03262149542570114,0.6466633677482605,0.3281104266643524,0.18620216846466064,-0.010205787606537342,0.6214554905891418
sujin_stand_normal_10,330,110,11.001436031331593,29.99608406213288,10,0.3196578323841095,0.7257856726646423,-0.24891358613967896,0.9997569918632507,0.3151986300945282,0.7350542545318604,-0.23467998206615448,0.9993132948875427,0.3129918873310089,0.7345396876335144,-0.23469994962215424,0.9991347789764404,0.3101164400577545,0.7339602708816528,-0.2347259670495987,0.9989961385726929,0.3231951594352722,0.7357275485992432,-0.2376825362443924,0.9994125962257385,0.3266367018222809,0.7355403900146484,-0.23772574961185455,0.9994425773620605,0.32948407530784607,0.7351056337356567,-0.23778395354747772,0.9995184540748596,0.30689340829849243,0.7272506356239319,-0.14222170412540436,0.9972730278968811,0.3335314989089966,0.7277936935424805,-0.1557566374540329,0.9993485808372498,0.3151894509792328,0.7114982008934021,-0.2131367325782776,0.9995424151420593,0.3257414698600769,0.7127848267555237,-0.21701772511005402,0.9996961951255798,0.28976497054100037,0.6581237316131592,-0.05565591901540756,0.9992649555206299,0.3510451018810272,0.6567189693450928,-0.10781446844339371,0.9996606707572937,0.2890692353248596,0.5681037902832031,-0.010836686939001083,0.7548849582672119,0.3546046316623688,0.5639752745628357,-0.09142119437456131,0.9814022183418274,0.29746466875076294,0.508716881275177,-0.0916023775935173,0.6092341542243958,0.3285515606403351,0.5029338002204895,-0.1569128781557083,0.9451260566711426,0.30159297585487366,0.4904065728187561,-0.11458403617143631,0.5069885849952698,0.3212445080280304,0.486191987991333,-0.18280810117721558,0.898180365562439,0.30581364035606384,0.4950506091117859,-0.13391362130641937,0.5149015784263611,0.3149915635585785,0.4947883188724518,-0.19633430242538452,0.8976542949676514,0.3057314157485962,0.5015820264816284,-0.10146316885948181,0.49209317564964294,0.3162778317928314,0.5015178918838501,-0.16227854788303375,0.8709544539451599,0.30428287386894226,0.4996533989906311,0.0107864486053586,0.9983030557632446,0.3405531346797943,0.493723601102829,-0.010806992650032043,0.9979269504547119,0.3007988929748535,0.35109251737594604,-0.041990917176008224,0.779742419719696,0.3429626524448395,0.35757407546043396,-0.033156316727399826,0.7556940317153931,0.3049543797969818,0.22179792821407318,0.059770382940769196,0.6897205710411072,0.33679789304733276,0.23560775816440582,0.0876784399151802,0.6485074162483215,0.31016790866851807,0.20627377927303314,0.06459783762693405,0.3937039077281952,0.3368302285671234,0.22011606395244598,0.09486877918243408,0.3170456290245056,0.30724045634269714,0.17560334503650665,-0.03454095497727394,0.6486274003982544,0.3280566334724426,0.18630148470401764,-0.006871784571558237,0.6225110292434692
sujin_stand_normal_10,333,111,11.10144908616188,29.99608406213288,10,0.31965216994285583,0.7257922291755676,-0.24801471829414368,0.9997552037239075,0.3151971101760864,0.7350589632987976,-0.23394733667373657,0.9993090629577637,0.31299296021461487,0.7345504760742188,-0.23396848142147064,0.999129593372345,0.3101159334182739,0.7339775562286377,-0.23399534821510315,0.9989913702011108,0.3231908977031708,0.735728919506073,-0.23692944645881653,0.9994084239006042,0.32663124799728394,0.7355408072471619,-0.2369726300239563,0.9994387626647949,0.3294796645641327,0.7351069450378418,-0.23703141510486603,0.9995163083076477,0.30689355731010437,0.727275013923645,-0.1420329362154007,0.9972583651542664,0.33352169394493103,0.7277973890304565,-0.15547725558280945,0.9993484616279602,0.3151809275150299,0.7115190625190735,-0.21241073310375214,0.9995437264442444,0.32572275400161743,0.7127974629402161,-0.216255322098732,0.9996978044509888,0.2897506654262543,0.6580644845962524,-0.05570652335882187,0.9992654919624329,0.3510267436504364,0.6566539406776428,-0.10764090716838837,0.9996659755706787,0.28909265995025635,0.5680388808250427,-0.011344910599291325,0.7528644800186157,0.3546225130558014,0.5639737844467163,-0.09115780144929886,0.9816933274269104,0.29699113965034485,0.5087167024612427,-0.0926714614033699,0.6079307794570923,0.32858458161354065,0.5032198429107666,-0.15695072710514069,0.946056604385376,0.3010506331920624,0.49043184518814087,-0.11612994223833084,0.5059003233909607,0.3212568461894989,0.48626720905303955,-0.18285247683525085,0.8996391892433167,0.3049830496311188,0.49506208300590515,-0.13600954413414001,0.5138645768165588,0.31503087282180786,0.49490633606910706,-0.1963804066181183,0.8991038203239441,0.3051859736442566,0.501624345779419,-0.10287273675203323,0.49114513397216797,0.3163011372089386,0.5017216801643372,-0.16232310235500336,0.8726254105567932,0.30431583523750305,0.4996383786201477,0.010958908125758171,0.9982994198799133,0.3405560255050659,0.49372225999832153,-0.010978187434375286,0.9979346990585327,0.3009784519672394,0.35089540481567383,-0.04129292070865631,0.7802749872207642,0.3430631458759308,0.35743555426597595,-0.03289182111620903,0.757340669631958,0.3051390051841736,0.2216659039258957,0.06028358265757561,0.690366268157959,0.33679527044296265,0.235309436917305,0.0873744785785675,0.6493949890136719,0.31028643250465393,0.20613273978233337,0.06505129486322403,0.39389875531196594,0.33682122826576233,0.22001022100448608,0.09452566504478455,0.3163384199142456,0.30728739500045776,0.17557421326637268,-0.03407736122608185,0.6493715643882751,0.32806554436683655,0.18605229258537292,-0.007072362583130598,0.6236669421195984
sujin_stand_normal_10,336,112,11.201462140992167,29.99608406213288,10,0.31962451338768005,0.7258603572845459,-0.2473379522562027,0.9997591972351074,0.3151853382587433,0.7350893616676331,-0.2331048548221588,0.9993200302124023,0.3129871189594269,0.7345812320709229,-0.23312515020370483,0.9991421103477478,0.310108482837677,0.7340070009231567,-0.23315003514289856,0.9990054965019226,0.3231644928455353,0.7357552647590637,-0.23611825704574585,0.9994181990623474,0.3266056478023529,0.7355642914772034,-0.2361607551574707,0.9994483590126038,0.32946303486824036,0.7351323366165161,-0.2362174093723297,0.9995253682136536,0.3068932592868805,0.7272847890853882,-0.14122702181339264,0.9972949028015137,0.3335018455982208,0.7278197407722473,-0.15493330359458923,0.999361515045166,0.3151606023311615,0.7115970849990845,-0.21182900667190552,0.9995522499084473,0.3257021903991699,0.7128868103027344,-0.21573881804943085,0.9997045993804932,0.2897503077983856,0.6579068899154663,-0.055108897387981415,0.9992663860321045,0.35102349519729614,0.656637966632843,-0.10765022784471512,0.9996742010116577,0.2891884446144104,0.5677940845489502,-0.010434361174702644,0.7515047788619995,0.3546261787414551,0.5640862584114075,-0.09120263159275055,0.9821472764015198,0.2968367338180542,0.5087314248085022,-0.09139899164438248,0.6079816818237305,0.32863280177116394,0.5036467909812927,-0.15699556469917297,0.947354793548584,0.3009563088417053,0.4904407560825348,-0.11463543772697449,0.5059252977371216,0.3212682008743286,0.4863816499710083,-0.18288104236125946,0.9017346501350403,0.30473917722702026,0.49507588148117065,-0.1345689296722412,0.5138880014419556,0.31507745385169983,0.4951305389404297,-0.1963929831981659,0.9011980891227722,0.3050289750099182,0.5017005205154419,-0.10163949429988861,0.49142733216285706,0.31633538007736206,0.5020392537117004,-0.16237004101276398,0.8751218318939209,0.30439111590385437,0.4996682107448578,0.011361092329025269,0.9983030557632446,0.34055501222610474,0.49381887912750244,-0.011379263363778591,0.9979580044746399,0.30120325088500977,0.35122841596603394,-0.03888948634266853,0.7794274091720581,0.34306997060775757,0.3574620485305786,-0.032847803086042404,0.7593173384666443,0.3058779835700989,0.22261683642864227,0.06260626018047333,0.6895390152931213,0.3367880880832672,0.23530669510364532,0.0831289142370224,0.6514132022857666,0.311113566160202,0.2070900946855545,0.067444808781147,0.3949522376060486,0.33679497241973877,0.21976378560066223,0.08962749689817429,0.3166675269603729,0.30736085772514343,0.17574700713157654,-0.02910124510526657,0.6495282649993896,0.32807639241218567,0.18651428818702698,-0.011447873897850513,0.6253750920295715
sujin_stand_normal_10,339,113,11.301475195822455,29.99608406213288,10,0.31958675384521484,0.7258883714675903,-0.24758993089199066,0.9997625350952148,0.3151664137840271,0.7350917458534241,-0.2332727015018463,0.9993295669555664,0.3129689395427704,0.7345833778381348,-0.2332918792963028,0.9991518259048462,0.3100852370262146,0.734009325504303,-0.2333160787820816,0.9990172982215881,0.3231211304664612,0.7357577681541443,-0.23631839454174042,0.9994264841079712,0.32654860615730286,0.7355669140815735,-0.23636074364185333,0.9994563460350037,0.3294285237789154,0.7351359128952026,-0.23641660809516907,0.9995336532592773,0.30688172578811646,0.727287232875824,-0.1410512924194336,0.997318685054779,0.33345362544059753,0.7278241515159607,-0.15496738255023956,0.9993723630905151,0.3151352107524872,0.7116355895996094,-0.21197476983070374,0.9995592832565308,0.32566678524017334,0.7129426002502441,-0.21593260765075684,0.9997103214263916,0.289748877286911,0.6577964425086975,-0.05442707985639572,0.9992649555206299,0.3510020971298218,0.6566276550292969,-0.1079578846693039,0.9996817111968994,0.28923913836479187,0.5676391124725342,-0.00912619661539793,0.7476829290390015,0.3546276390552521,0.5642929077148438,-0.09221461415290833,0.9824930429458618,0.2965780794620514,0.508728563785553,-0.08949922025203705,0.6047750115394592,0.32865387201309204,0.5039141774177551,-0.1575167030096054,0.9481720328330994,0.30075475573539734,0.4904135763645172,-0.11235689371824265,0.5030167698860168,0.3212665617465973,0.48641589283943176,-0.18345001339912415,0.9030008912086487,0.30435124039649963,0.49507877230644226,-0.13240204751491547,0.5109717845916748,0.3150894343852997,0.4952169358730316,-0.19677795469760895,0.9024481773376465,0.3047538995742798,0.5017194151878357,-0.09980498999357224,0.48887041211128235,0.31634655594825745,0.5022064447402954,-0.1628258228302002,0.8765894174575806,0.30449533462524414,0.49968957901000977,0.012169617228209972,0.9983165264129639,0.3405543863773346,0.4939459264278412,-0.012190577574074268,0.9979900121688843,0.3016193211078644,0.3515724241733551,-0.03689335659146309,0.7783351540565491,0.34310415387153625,0.3576990067958832,-0.03310743719339371,0.7622391581535339,0.3067350387573242,0.2242409586906433,0.06868298351764679,0.6894693374633789,0.336922824382782,0.23595811426639557,0.08290931582450867,0.6549673676490784,0.31203165650367737,0.20898129045963287,0.07402212917804718,0.39638692140579224,0.3371467590332031,0.2215362936258316,0.08949881047010422,0.3178928792476654,0.30403032898902893,0.17686288058757782,-0.02173905447125435,0.6507886052131653,0.3280857801437378,0.18703417479991913,-0.0115397609770298,0.6288635730743408
sujin_stand_normal_10,342,114,11.401488250652742,29.99608406213288,10,0.3195381760597229,0.7258873581886292,-0.24754966795444489,0.999765157699585,0.31513288617134094,0.7350679039955139,-0.2333318442106247,0.9993367195129395,0.3129216730594635,0.7345620393753052,-0.23335060477256775,0.9991604089736938,0.3100314140319824,0.7339910864830017,-0.23337535560131073,0.9990278482437134,0.32306206226348877,0.7357383370399475,-0.2364518642425537,0.9994323253631592,0.3264625668525696,0.7355505228042603,-0.23649455606937408,0.9994619488716125,0.32937583327293396,0.7351312637329102,-0.23654988408088684,0.9995393753051758,0.30684617161750793,0.7272631525993347,-0.1411803811788559,0.997345507144928,0.3333720862865448,0.7278289794921875,-0.15513305366039276,0.9993820190429688,0.31510689854621887,0.7116363644599915,-0.2118985652923584,0.9995672702789307,0.3256148397922516,0.7129478454589844,-0.21597352623939514,0.9997158050537109,0.28971317410469055,0.6577631831169128,-0.05444808304309845,0.9992750883102417,0.35099294781684875,0.6566188931465149,-0.10798101872205734,0.9996896982192993,0.289253294467926,0.5675910115242004,-0.008476855233311653,0.7456960678100586,0.3546498715877533,0.5646076798439026,-0.09155859798192978,0.9827473163604736,0.2965373992919922,0.5087224245071411,-0.08872060477733612,0.603147029876709,0.3288254141807556,0.5043686628341675,-0.15564337372779846,0.9487866759300232,0.3007551431655884,0.490418940782547,-0.11148907989263535,0.501719057559967,0.3213975727558136,0.48658668994903564,-0.18118585646152496,0.9039866328239441,0.3043387532234192,0.4950841963291168,-0.13159723579883575,0.5097617506980896,0.3152424693107605,0.4954766035079956,-0.19467788934707642,0.9034415483474731,0.3047235310077667,0.5017451047897339,-0.09901463240385056,0.4877963066101074,0.316494882106781,0.5025414228439331,-0.1609562486410141,0.8777564167976379,0.3045176863670349,0.49968039989471436,0.012196432799100876,0.9983334541320801,0.3405611217021942,0.49395108222961426,-0.012217572890222073,0.9980124831199646,0.3021526038646698,0.35140249133110046,-0.03727705031633377,0.7772121429443359,0.3431084454059601,0.3576313555240631,-0.03206263482570648,0.7614520788192749,0.30672934651374817,0.22383268177509308,0.06634361296892166,0.6893686056137085,0.3369221091270447,0.23594532907009125,0.08347300440073013,0.654342770576477,0.31194841861724854,0.20852339267730713,0.07115010917186737,0.3954000473022461,0.3371433615684509,0.2215198427438736,0.09004533290863037,0.3162694573402405,0.3050508201122284,0.1764710694551468,-0.025696514174342155,0.6515896916389465,0.3280560076236725,0.1863112598657608,-0.011073279194533825,0.6293461322784424
sujin_stand_normal_10,345,115,11.501501305483028,29.99608406213288,10,0.3194442391395569,0.725889265537262,-0.24561211466789246,0.9997655749320984,0.3150765597820282,0.735043466091156,-0.23139014840126038,0.9993389844894409,0.312837690114975,0.7345361709594727,-0.2314109057188034,0.9991627931594849,0.30994388461112976,0.7339667081832886,-0.23143619298934937,0.9990307092666626,0.32297590374946594,0.7357268333435059,-0.23467271029949188,0.9994338750839233,0.32634299993515015,0.7355425357818604,-0.23471547663211823,0.9994632601737976,0.32930344343185425,0.7351316213607788,-0.23477087914943695,0.9995412230491638,0.30678790807724,0.7272322177886963,-0.13930083811283112,0.9973545074462891,0.33327627182006836,0.7278337478637695,-0.1540801227092743,0.999386727809906,0.31505268812179565,0.7116382718086243,-0.20996293425559998,0.9995706677436829,0.32553398609161377,0.7129638195037842,-0.21423500776290894,0.9997187256813049,0.28971144556999207,0.6577481031417847,-0.05264580622315407,0.9992786645889282,0.3509445786476135,0.6566135883331299,-0.10724702477455139,0.9996948838233948,0.2892802059650421,0.5676014423370361,-0.007446363568305969,0.7439666986465454,0.3546528220176697,0.564934492111206,-0.08985857665538788,0.9830090403556824,0.29651814699172974,0.5087562203407288,-0.08846433460712433,0.6024296283721924,0.32891035079956055,0.5046311616897583,-0.15262556076049805,0.9493639469146729,0.30075544118881226,0.49046507477760315,-0.11144272238016129,0.5011191964149475,0.3214589059352875,0.48668891191482544,-0.177827388048172,0.9049068689346313,0.3043270409107208,0.4951155483722687,-0.13145282864570618,0.5092240571975708,0.3153027594089508,0.49559417366981506,-0.19140805304050446,0.904363214969635,0.3047037720680237,0.5018124580383301,-0.0987476110458374,0.4874356985092163,0.3165534734725952,0.502699077129364,-0.1579187661409378,0.8788774013519287,0.3045634329319,0.4996788799762726,0.0124198654666543,0.9983315467834473,0.34058699011802673,0.4939694404602051,-0.012437600642442703,0.9980162382125854,0.30235761404037476,0.35141363739967346,-0.03748570382595062,0.775911808013916,0.3431404232978821,0.3576112687587738,-0.03196663782000542,0.7609796524047852,0.3068631589412689,0.22380396723747253,0.06471426784992218,0.6878564953804016,0.3369418680667877,0.23564954102039337,0.08217200636863708,0.6531574130058289,0.3120133578777313,0.2084873467683792,0.06930994242429733,0.3946143388748169,0.3371657133102417,0.22127054631710052,0.08853649348020554,0.3141826391220093,0.30578985810279846,0.17653930187225342,-0.026990633457899094,0.650891125202179,0.3280629813671112,0.18603107333183289,-0.012909413315355778,0.628369152545929
sujin_stand_normal_10,348,116,11.601514360313317,29.99608406213288,10,0.3193245530128479,0.7258950471878052,-0.24769297242164612,0.9997714161872864,0.31500035524368286,0.7350332140922546,-0.2331829071044922,0.9993568658828735,0.31272655725479126,0.7345215082168579,-0.2332019805908203,0.9991840720176697,0.3098348081111908,0.7339501976966858,-0.23322680592536926,0.9990549087524414,0.32286325097084045,0.7357269525527954,-0.23670145869255066,0.9994492530822754,0.326191782951355,0.7355434894561768,-0.2367440164089203,0.9994778633117676,0.3292098641395569,0.7351382374763489,-0.23679493367671967,0.9995543956756592,0.3067213296890259,0.7272027730941772,-0.1399744153022766,0.997414231300354,0.33318841457366943,0.7278442978858948,-0.15588639676570892,0.9994044899940491,0.3149908483028412,0.7116469144821167,-0.21162758767604828,0.9995801448822021,0.3254454731941223,0.713012158870697,-0.21623490750789642,0.9997257590293884,0.2897323668003082,0.6577327251434326,-0.05312906578183174,0.9992818236351013,0.3509043753147125,0.6566102504730225,-0.10829805582761765,0.999700665473938,0.28934770822525024,0.5677124857902527,-0.007190464064478874,0.7422221302986145,0.3546878695487976,0.5651894211769104,-0.09003953635692596,0.9833556413650513,0.29648977518081665,0.5087732672691345,-0.087917760014534,0.6021245718002319,0.3290332853794098,0.5049306750297546,-0.15294963121414185,0.950350821018219,0.3007359206676483,0.4905027747154236,-0.11082984507083893,0.5008134245872498,0.3215550184249878,0.4868335425853729,-0.17827925086021423,0.9065375328063965,0.30424320697784424,0.49512171745300293,-0.1309587061405182,0.5089560151100159,0.31538715958595276,0.4957605004310608,-0.1918591856956482,0.9059992432594299,0.3046284317970276,0.501845121383667,-0.09825220704078674,0.487289160490036,0.31663915514945984,0.5029188990592957,-0.15829139947891235,0.8807626962661743,0.30466800928115845,0.5001874566078186,0.012546996586024761,0.9983365535736084,0.34061357378959656,0.4946307837963104,-0.01256618183106184,0.9980326890945435,0.30263552069664,0.3521401584148407,-0.03748314455151558,0.7739388942718506,0.3431761562824249,0.358157217502594,-0.03325861319899559,0.7613285183906555,0.3073349893093109,0.22445252537727356,0.06434188783168793,0.6867225766181946,0.3370634913444519,0.235822394490242,0.0754566341638565,0.6541486978530884,0.3124464750289917,0.20914249122142792,0.06887796521186829,0.3948572874069214,0.3374522626399994,0.22212807834148407,0.081402488052845,0.3138132691383362,0.3038329780101776,0.17720237374305725,-0.027363816276192665,0.6507470011711121,0.3281646966934204,0.18666410446166992,-0.019843678921461105,0.6291894912719727
sujin_stand_normal_10,351,117,11.701527415143604,29.99608406213288,10,0.31924673914909363,0.7259145975112915,-0.2528493106365204,0.9997772574424744,0.3149510622024536,0.7350308895111084,-0.23831507563591003,0.9993749856948853,0.31265828013420105,0.7345177531242371,-0.2383328080177307,0.9992067217826843,0.30976369976997375,0.7339457869529724,-0.23836185038089752,0.9990801811218262,0.3227796256542206,0.7357283234596252,-0.24172383546829224,0.9994645118713379,0.32606545090675354,0.7355481386184692,-0.24176755547523499,0.9994924068450928,0.3291141092777252,0.7351555824279785,-0.24181605875492096,0.9995668530464172,0.30666258931159973,0.72719407081604,-0.1444309800863266,0.997487485408783,0.33306169509887695,0.7278575897216797,-0.16001088917255402,0.999420702457428,0.31493809819221497,0.7116729021072388,-0.21651554107666016,0.9995902180671692,0.32535457611083984,0.7130781412124634,-0.220988929271698,0.9997320771217346,0.28974249958992004,0.6577259302139282,-0.054778262972831726,0.9992879629135132,0.350833922624588,0.6566057801246643,-0.11068865656852722,0.9997058510780334,0.28933826088905334,0.5677383542060852,-0.007570028770714998,0.7413036227226257,0.35468998551368713,0.5654491782188416,-0.09127359092235565,0.98356032371521,0.296114444732666,0.5086981058120728,-0.08811891078948975,0.6015881896018982,0.329219788312912,0.5050525665283203,-0.1556507796049118,0.9510501027107239,0.3005017340183258,0.49049434065818787,-0.11095862835645676,0.500129759311676,0.3217037320137024,0.4868728220462799,-0.18107065558433533,0.9077436327934265,0.3038334846496582,0.49506938457489014,-0.13118362426757812,0.5083181262016296,0.3155643045902252,0.4958023726940155,-0.19502517580986023,0.9072273373603821,0.30426982045173645,0.5018147230148315,-0.09846291691064835,0.4867537319660187,0.31683096289634705,0.5029946565628052,-0.16115783154964447,0.8821396231651306,0.30476948618888855,0.500788688659668,0.012524887919425964,0.998343825340271,0.34064731001853943,0.49502235651016235,-0.012543981894850731,0.9980472326278687,0.3027884066104889,0.35259342193603516,-0.03878369182348251,0.7720031142234802,0.3431803286075592,0.35826951265335083,-0.033214617520570755,0.7592276930809021,0.30744877457618713,0.22448432445526123,0.05917143449187279,0.68534916639328,0.3369687497615814,0.2350984364748001,0.07234001904726028,0.6539361476898193,0.31247472763061523,0.2091822326183319,0.06352326273918152,0.3939080834388733,0.33736518025398254,0.22180788218975067,0.0779002234339714,0.3126450479030609,0.3049152195453644,0.17731870710849762,-0.03241477906703949,0.6500372886657715,0.32817792892456055,0.18607912957668304,-0.02350880578160286,0.6292424201965332
sujin_stand_normal_10,354,118,11.80154046997389,29.99608406213288,10,0.3191920518875122,0.7259679436683655,-0.2609756886959076,0.9997870326042175,0.31492024660110474,0.7350371479988098,-0.24680577218532562,0.9994034767150879,0.3126233220100403,0.7345232367515564,-0.24682091176509857,0.9992429614067078,0.3097260296344757,0.7339503765106201,-0.2468520700931549,0.9991218447685242,0.32270532846450806,0.7357342839241028,-0.24995024502277374,0.9994881749153137,0.32594722509384155,0.7355527877807617,-0.24999679625034332,0.9995148777961731,0.32902559638023376,0.7351651787757874,-0.250038743019104,0.9995855689048767,0.3066212832927704,0.7271907329559326,-0.15376313030719757,0.997610330581665,0.33292821049690247,0.7278612852096558,-0.1683644950389862,0.9994441866874695,0.3148949444293976,0.7117338180541992,-0.22492767870426178,0.9996076822280884,0.32525941729545593,0.7131690979003906,-0.22912056744098663,0.9997420310974121,0.2897469103336334,0.6576470732688904,-0.0631750077009201,0.999302089214325,0.35076600313186646,0.6565917134284973,-0.11732327938079834,0.9997124671936035,0.2892821133136749,0.5677397847175598,-0.012705865316092968,0.7454790472984314,0.3546399176120758,0.5656201243400574,-0.09617961943149567,0.983822226524353,0.29597797989845276,0.5084774494171143,-0.08944160491228104,0.6065186262130737,0.32931748032569885,0.505054771900177,-0.1616329848766327,0.9517865777015686,0.3004927337169647,0.49034371972084045,-0.11179662495851517,0.5039769411087036,0.3218032717704773,0.48687613010406494,-0.18727949261665344,0.9089942574501038,0.30381298065185547,0.4949065148830414,-0.13249650597572327,0.5122018456459045,0.3157065212726593,0.49580302834510803,-0.20116178691387177,0.9084980487823486,0.3042023777961731,0.5016440749168396,-0.09982462972402573,0.4905602037906647,0.31697559356689453,0.5029962062835693,-0.16720600426197052,0.8836163878440857,0.30498796701431274,0.5018040537834167,0.01225877646356821,0.9983483552932739,0.3406905233860016,0.49564027786254883,-0.012278614565730095,0.998062789440155,0.30306360125541687,0.35409805178642273,-0.038934480398893356,0.7668968439102173,0.3432003855705261,0.3588241934776306,-0.033309850841760635,0.7555135488510132,0.3077613115310669,0.2251747101545334,0.05543477088212967,0.6799789071083069,0.33678969740867615,0.23406124114990234,0.06448610872030258,0.6517522931098938,0.31270545721054077,0.20983272790908813,0.05959745869040489,0.39121487736701965,0.33721187710762024,0.22100652754306793,0.06928405165672302,0.3109244406223297,0.303775817155838,0.1781131625175476,-0.035008497536182404,0.6459386944770813,0.32889100909233093,0.18609434366226196,-0.03172849491238594,0.6265506148338318
sujin_stand_normal_10,357,119,11.901553524804179,29.99608406213288,10,0.31900808215141296,0.7260147929191589,-0.2653442919254303,0.999798059463501,0.314846009016037,0.735045850276947,-0.2514612376689911,0.9994349479675293,0.31252986192703247,0.734528124332428,-0.2514731287956238,0.9992834329605103,0.30964231491088867,0.7339537739753723,-0.25150421261787415,0.9991681575775146,0.3225666880607605,0.7357439994812012,-0.25472280383110046,0.9995147585868835,0.32575470209121704,0.7355571389198303,-0.2547711133956909,0.9995405673980713,0.3289037346839905,0.7351706027984619,-0.25481072068214417,0.9996067881584167,0.3065676987171173,0.727185845375061,-0.15897148847579956,0.99774169921875,0.33280763030052185,0.7278649806976318,-0.1741204559803009,0.9994722008705139,0.3147936761379242,0.7117829918861389,-0.22938944399356842,0.9996266961097717,0.3250363767147064,0.7132253646850586,-0.23374244570732117,0.9997532963752747,0.2897637188434601,0.6574813723564148,-0.06753247231245041,0.9993212819099426,0.35069140791893005,0.6565262675285339,-0.12217167764902115,0.9997204542160034,0.28910520672798157,0.5676857829093933,-0.015005710534751415,0.7502633333206177,0.354561448097229,0.5656223297119141,-0.09973394870758057,0.9841329455375671,0.29579681158065796,0.508327305316925,-0.0899486243724823,0.6120724678039551,0.32936492562294006,0.5050302147865295,-0.1644558161497116,0.9527754783630371,0.3004596531391144,0.49032795429229736,-0.11182041466236115,0.5085651874542236,0.3218493163585663,0.486870139837265,-0.18983148038387299,0.9106028079986572,0.3037891685962677,0.49482816457748413,-0.13281649351119995,0.5169392824172974,0.315763920545578,0.4957481622695923,-0.2037278711795807,0.9101484417915344,0.30416497588157654,0.5015389323234558,-0.10035941004753113,0.49508780241012573,0.3170263469219208,0.5029405355453491,-0.1699826866388321,0.8855454325675964,0.3052380383014679,0.5030194520950317,0.011708295904099941,0.9983579516410828,0.3407372236251831,0.4966256618499756,-0.011733624152839184,0.9980790615081787,0.30358776450157166,0.3545699715614319,-0.039126455783843994,0.7638801336288452,0.3431797921657562,0.35970839858055115,-0.03320898488163948,0.7512582540512085,0.3078944981098175,0.22495269775390625,0.047589484602212906,0.6782026290893555,0.3366842269897461,0.23347264528274536,0.060989368706941605,0.6504208445549011,0.31269171833992004,0.20945382118225098,0.05084275081753731,0.38893094658851624,0.33704906702041626,0.22048203647136688,0.06530655175447464,0.30972525477409363,0.30506211519241333,0.1779259443283081,-0.04447095841169357,0.6442928314208984,0.3297675549983978,0.1862681359052658,-0.03519768640398979,0.6255829930305481
sujin_stand_normal_10,360,120,12.001566579634465,29.99608406213288,10,0.31896764039993286,0.7260251045227051,-0.26373568177223206,0.9998040199279785,0.3147986829280853,0.7350495457649231,-0.24994061887264252,0.9994528293609619,0.3124636113643646,0.734531819820404,-0.24995045363903046,0.9993064403533936,0.3095751702785492,0.7339568138122559,-0.2499825358390808,0.9991946816444397,0.32252684235572815,0.7357443571090698,-0.2540959417819977,0.9995304942131042,0.3257172703742981,0.735552966594696,-0.2541559338569641,0.9995558261871338,0.3288719058036804,0.7351674437522888,-0.2542071044445038,0.9996190071105957,0.3065023720264435,0.7271829843521118,-0.15803416073322296,0.9978087544441223,0.332737535238266,0.7278450131416321,-0.17075687646865845,0.9994893670082092,0.31474393606185913,0.7117923498153687,-0.2286112904548645,0.9996379613876343,0.32496708631515503,0.7132388353347778,-0.23303142189979553,0.9997602105140686,0.2897663116455078,0.6572147011756897,-0.06671187281608582,0.9993338584899902,0.3506659269332886,0.6563000082969666,-0.11999047547578812,0.9997276067733765,0.28837448358535767,0.5672131776809692,-0.014632215723395348,0.7530564665794373,0.3544600307941437,0.5653910040855408,-0.09949777275323868,0.9844527244567871,0.2939789891242981,0.5077395439147949,-0.09171553701162338,0.6168607473373413,0.3293578326702118,0.5050141215324402,-0.1636698842048645,0.9540907740592957,0.29906538128852844,0.4899812340736389,-0.11413559317588806,0.51288241147995,0.32180893421173096,0.4868733584880829,-0.18964800238609314,0.9127629995346069,0.30321693420410156,0.49458590149879456,-0.13488617539405823,0.5215579271316528,0.31574371457099915,0.4957442581653595,-0.20350220799446106,0.9123450517654419,0.30297228693962097,0.5011361241340637,-0.10210464894771576,0.49948930740356445,0.31700214743614197,0.5029340386390686,-0.16932103037834167,0.8881745338439941,0.3052205741405487,0.5031229853630066,0.011715392582118511,0.998350203037262,0.3407219648361206,0.49663081765174866,-0.011740007437765598,0.9980752468109131,0.30359408259391785,0.35441964864730835,-0.04090667888522148,0.7560868263244629,0.3429369628429413,0.3596879243850708,-0.03318382427096367,0.738878071308136,0.30779072642326355,0.2228795439004898,0.03931566700339317,0.6706686019897461,0.33643120527267456,0.23146867752075195,0.06286899745464325,0.6393559575080872,0.31238943338394165,0.20671583712100983,0.04205267131328583,0.3840848505496979,0.3367452621459961,0.21876057982444763,0.06748735159635544,0.30317622423171997,0.305636465549469,0.17675702273845673,-0.05343250185251236,0.637618899345398,0.33032670617103577,0.1862637847661972,-0.03305232152342796,0.616175651550293
sujin_stand_normal_10,363,121,12.101579634464752,29.99608406213288,10,0.3188619613647461,0.7260861992835999,-0.23605479300022125,0.9998012185096741,0.31473857164382935,0.7350893616676331,-0.2220110148191452,0.9994468688964844,0.3123811185359955,0.7345780730247498,-0.22202618420124054,0.9993008971214294,0.3094954788684845,0.7340081930160522,-0.22204531729221344,0.9991893172264099,0.32245519757270813,0.735755205154419,-0.22632184624671936,0.9995238184928894,0.3256208598613739,0.7355561852455139,-0.22636812925338745,0.9995506405830383,0.32879477739334106,0.7351690530776978,-0.22642801702022552,0.9996137619018555,0.306427538394928,0.7272102236747742,-0.13134166598320007,0.9977644681930542,0.33261433243751526,0.7278420925140381,-0.14986245334148407,0.999488890171051,0.3146292567253113,0.7118533849716187,-0.20090483129024506,0.9996363520622253,0.3247968554496765,0.713260293006897,-0.20633158087730408,0.9997603297233582,0.2897888422012329,0.6572006940841675,-0.04438797011971474,0.9993444085121155,0.35051241517066956,0.6565001010894775,-0.11159374564886093,0.9997369647026062,0.2880767583847046,0.5671951770782471,-0.00873150397092104,0.7498416304588318,0.354317307472229,0.5655317902565002,-0.09740711003541946,0.98506098985672,0.29286161065101624,0.5076915621757507,-0.09532598406076431,0.6183358430862427,0.32702305912971497,0.5075786113739014,-0.14985401928424835,0.9558079242706299,0.29796162247657776,0.49016496539115906,-0.1195397675037384,0.5156773328781128,0.31911900639533997,0.4887940585613251,-0.17383494973182678,0.9155199527740479,0.30244287848472595,0.49510711431503296,-0.13933096826076508,0.5247949361801147,0.3133332133293152,0.4975174367427826,-0.18583224713802338,0.9150729775428772,0.3017427325248718,0.5014791488647461,-0.1058451235294342,0.5027114748954773,0.3144439160823822,0.504452645778656,-0.15396621823310852,0.8913766741752625,0.3051430284976959,0.5028373003005981,0.013497382402420044,0.998344361782074,0.3407091200351715,0.49694105982780457,-0.01350389514118433,0.9980714917182922,0.3038080036640167,0.3531965911388397,-0.03994327411055565,0.7462246417999268,0.34247180819511414,0.3598267138004303,-0.03431955724954605,0.7307420969009399,0.3077397048473358,0.21991217136383057,0.038399092853069305,0.6632571816444397,0.33639904856681824,0.23108436167240143,0.06218665838241577,0.6291134357452393,0.312238484621048,0.20313629508018494,0.040792983025312424,0.3790144622325897,0.3367399573326111,0.2181040197610855,0.06695885956287384,0.29659250378608704,0.30574989318847656,0.17550301551818848,-0.05473526939749718,0.6318578124046326,0.32970425486564636,0.18573887646198273,-0.0330815352499485,0.6085261702537537
sujin_stand_normal_10,366,122,12.20159268929504,29.99608406213288,10,0.3188762664794922,0.7260994911193848,-0.16131146252155304,0.9997845888137817,0.31473618745803833,0.7351125478744507,-0.14634199440479279,0.9994274377822876,0.3123803436756134,0.7346092462539673,-0.1463851034641266,0.9992806911468506,0.3094937205314636,0.7340409755706787,-0.14640668034553528,0.9991682767868042,0.3224540948867798,0.7357677817344666,-0.1496609002351761,0.9994960427284241,0.3256205916404724,0.7355692982673645,-0.149680033326149,0.9995180368423462,0.32878533005714417,0.7351877689361572,-0.14973272383213043,0.9995838403701782,0.3063993453979492,0.7272429466247559,-0.05549228563904762,0.9977648854255676,0.332541286945343,0.7278701066970825,-0.07081189006567001,0.9994741082191467,0.31462711095809937,0.7118633389472961,-0.1265118271112442,0.9996379613876343,0.32479578256607056,0.7132922410964966,-0.1308458000421524,0.9997646808624268,0.2897116541862488,0.6568475961685181,0.014449727721512318,0.9993814826011658,0.3500763475894928,0.6574629545211792,-0.038758181035518646,0.9997504353523254,0.2876926064491272,0.5680906176567078,0.02490299753844738,0.7537909746170044,0.3570815920829773,0.5696440935134888,-0.053850069642066956,0.9854030013084412,0.28912150859832764,0.5162573456764221,-0.09064969420433044,0.6360464692115784,0.3291146457195282,0.5245340466499329,-0.14419017732143402,0.9580080509185791,0.29161933064460754,0.5003711581230164,-0.11919091641902924,0.538995623588562,0.31930091977119446,0.5061550140380859,-0.172849640250206,0.9197174906730652,0.29557740688323975,0.5100780129432678,-0.13872836530208588,0.5485480427742004,0.3137584328651428,0.518059492111206,-0.18470141291618347,0.9192635416984558,0.295805424451828,0.5149094462394714,-0.10161815583705902,0.5256265997886658,0.3156524896621704,0.5235690474510193,-0.1490938812494278,0.8961706161499023,0.30440348386764526,0.4965422451496124,0.01437979843467474,0.9984253644943237,0.340011328458786,0.49490487575531006,-0.014307857491075993,0.9981432557106018,0.301605224609375,0.34992995858192444,-0.03932688385248184,0.7432742714881897,0.3418310284614563,0.35691171884536743,-0.0284529197961092,0.7255632877349854,0.3059023320674896,0.2170134037733078,0.056590404361486435,0.6558824181556702,0.33542773127555847,0.2283376306295395,0.09927279502153397,0.6191871762275696,0.31080588698387146,0.2001078724861145,0.06143397465348244,0.37903064489364624,0.33606916666030884,0.2147870659828186,0.10725788027048111,0.29304295778274536,0.3045782744884491,0.17375728487968445,-0.034860990941524506,0.6266604065895081,0.32899659872055054,0.18392136693000793,0.0054952846840023994,0.5988723039627075
sujin_stand_normal_10,369,123,12.301605744125327,29.99608406213288,10,0.31890764832496643,0.7259534001350403,-0.20307663083076477,0.9997860789299011,0.3147417902946472,0.7350767850875854,-0.18860428035259247,0.9994439482688904,0.31243211030960083,0.7346028089523315,-0.18862754106521606,0.9993022680282593,0.30956125259399414,0.7340424060821533,-0.18864835798740387,0.9991941452026367,0.32245397567749023,0.7356613278388977,-0.1920468509197235,0.9995042085647583,0.32561975717544556,0.7354714870452881,-0.19208697974681854,0.9995253086090088,0.32876256108283997,0.7351210713386536,-0.1921388804912567,0.9995895624160767,0.30639684200286865,0.7273418307304382,-0.09488515555858612,0.997896134853363,0.33243629336357117,0.7279061079025269,-0.11140863597393036,0.9994857311248779,0.31462591886520386,0.7118675708770752,-0.16692161560058594,0.999649703502655,0.32476866245269775,0.7132676839828491,-0.17164970934391022,0.9997692108154297,0.28906726837158203,0.6567988991737366,-0.012989564798772335,0.9994065165519714,0.34994038939476013,0.6576542854309082,-0.06739375740289688,0.9997454881668091,0.28139787912368774,0.5681189298629761,0.02748393826186657,0.7614637613296509,0.3602861762046814,0.5719616413116455,-0.09050993621349335,0.9842493534088135,0.277641236782074,0.5163477063179016,-0.05582293123006821,0.6456687450408936,0.3406577706336975,0.5698133111000061,-0.2114940583705902,0.9581420421600342,0.2716560661792755,0.4990588128566742,-0.07689177244901657,0.5479243397712708,0.33247026801109314,0.5600904226303101,-0.2400832325220108,0.9203487634658813,0.27306243777275085,0.5086249113082886,-0.09838929772377014,0.558543860912323,0.32910773158073425,0.5701720118522644,-0.25146645307540894,0.9199751019477844,0.27599748969078064,0.5144230127334595,-0.06687012314796448,0.5371265411376953,0.33098554611206055,0.5738118886947632,-0.2174193263053894,0.8969452977180481,0.304251104593277,0.4967285692691803,0.01430302020162344,0.9984740614891052,0.3398036062717438,0.49554821848869324,-0.014242173172533512,0.9981784820556641,0.304880291223526,0.3469955325126648,-0.03800419718027115,0.7460102438926697,0.3418228328227997,0.3567614257335663,-0.028567250818014145,0.7264599204063416,0.311318576335907,0.21740806102752686,0.08736209571361542,0.6601828932762146,0.33544549345970154,0.22847774624824524,0.10160376876592636,0.6233405470848083,0.31615421175956726,0.2002680003643036,0.09432464092969894,0.38589027523994446,0.33607199788093567,0.21501579880714417,0.10991493612527847,0.2962075471878052,0.30691322684288025,0.17846691608428955,-0.007897879928350449,0.633104681968689,0.32954949140548706,0.18483036756515503,0.002517139073461294,0.6044233441352844
sujin_stand_normal_10,372,124,12.401618798955614,29.99608406213288,10,0.31884515285491943,0.7258308529853821,-0.13743823766708374,0.9998066425323486,0.31463924050331116,0.7350172400474548,-0.12199891358613968,0.9994982481002808,0.31234046816825867,0.7345765829086304,-0.1220608726143837,0.9993706345558167,0.3094795048236847,0.7340413928031921,-0.12211993336677551,0.9992731809616089,0.32232311367988586,0.7355660796165466,-0.1245056688785553,0.9995513558387756,0.3254460394382477,0.7354011535644531,-0.12450943887233734,0.9995695948600769,0.3286137878894806,0.7350839972496033,-0.12449410557746887,0.9996267557144165,0.306294709444046,0.727573037147522,-0.024616606533527374,0.9981050491333008,0.3323521018028259,0.7281719446182251,-0.038324132561683655,0.9995332956314087,0.31456470489501953,0.7118969559669495,-0.1004682332277298,0.9996839761734009,0.32469800114631653,0.7132703065872192,-0.10431350767612457,0.9997908473014832,0.2883569002151489,0.6569206118583679,0.04536345228552818,0.9994651079177856,0.3496292531490326,0.6576772332191467,0.01821202039718628,0.9997586607933044,0.27767449617385864,0.5715136528015137,0.022124875336885452,0.7840149998664856,0.35781148076057434,0.5717124938964844,-0.04751744121313095,0.9807693362236023,0.2477612942457199,0.6008458733558655,-0.12263622879981995,0.680876612663269,0.3674473464488983,0.6061417460441589,-0.237033873796463,0.9614875912666321,0.2370777577161789,0.6060142517089844,-0.1538649946451187,0.5926107168197632,0.3728262484073639,0.6155745983123779,-0.27154552936553955,0.9269871711730957,0.2370544821023941,0.6151933670043945,-0.16544826328754425,0.6022249460220337,0.37245699763298035,0.6249002814292908,-0.28697481751441956,0.9267475605010986,0.24068109691143036,0.6148925423622131,-0.1316748410463333,0.5827319025993347,0.37069255113601685,0.6236060261726379,-0.2482886165380478,0.9056433439254761,0.30290931463241577,0.496902197599411,0.01090936828404665,0.99858158826828,0.3395252525806427,0.4957263469696045,-0.010737097822129726,0.9982626438140869,0.30484622716903687,0.3435470461845398,-0.0377163290977478,0.7597178220748901,0.34184011816978455,0.35662487149238586,-0.03425592929124832,0.7332689166069031,0.31082046031951904,0.21179386973381042,0.07540447264909744,0.6679345965385437,0.33511239290237427,0.22736893594264984,0.09316564351320267,0.6258662343025208,0.31557461619377136,0.19491258263587952,0.080304354429245,0.3954801857471466,0.3352915346622467,0.2133007049560547,0.10001501441001892,0.30296191573143005,0.3068847060203552,0.16764843463897705,-0.017726995050907135,0.6415759325027466,0.3301282227039337,0.1850186139345169,-0.00451456755399704,0.6076584458351135
sujin_stand_normal_10,375,125,12.5016318537859,29.99608406213288,10,0.31883805990219116,0.725862443447113,-0.14702019095420837,0.9998254776000977,0.3145977556705475,0.7350174188613892,-0.13081151247024536,0.9995474815368652,0.31229540705680847,0.7345823645591736,-0.13085368275642395,0.9994325637817383,0.309440553188324,0.7340633273124695,-0.13090389966964722,0.999344527721405,0.32229387760162354,0.7355665564537048,-0.1324724406003952,0.9995948076248169,0.3254149258136749,0.735408365726471,-0.1324848085641861,0.9996110200881958,0.3285673260688782,0.7351083159446716,-0.132459819316864,0.9996621608734131,0.30616089701652527,0.7277008891105652,-0.03367479145526886,0.998293399810791,0.3323100507259369,0.7285575866699219,-0.042363155633211136,0.9995781779289246,0.31454306840896606,0.712083101272583,-0.11055869609117508,0.9997147917747498,0.32468461990356445,0.7133707404136658,-0.11297614872455597,0.9998105764389038,0.28782206773757935,0.6582878232002258,0.039936259388923645,0.9995155930519104,0.34892594814300537,0.6582818031311035,0.011343027465045452,0.9997648000717163,0.274183452129364,0.5853047966957092,0.01696469821035862,0.8036253452301025,0.3576410114765167,0.572354793548584,-0.0510721355676651,0.9797928333282471,0.2414989024400711,0.6492087841033936,-0.11351767927408218,0.7121576070785522,0.37828484177589417,0.6310485005378723,-0.23180384933948517,0.9647927284240723,0.23037424683570862,0.6520397663116455,-0.13941630721092224,0.6318109631538391,0.3891534209251404,0.6428666114807129,-0.2624097168445587,0.9332423806190491,0.22946663200855255,0.6596985459327698,-0.1517806202173233,0.640588104724884,0.3889933228492737,0.6509937644004822,-0.27532944083213806,0.9330876469612122,0.2334716022014618,0.6594132781028748,-0.12147195637226105,0.6227077841758728,0.38511911034584045,0.6475077867507935,-0.2417832314968109,0.9138327240943909,0.30295541882514954,0.49651652574539185,0.00988735631108284,0.9986684918403625,0.33952802419662476,0.4960927963256836,-0.009737242944538593,0.9983142614364624,0.305475652217865,0.3409057855606079,-0.041538678109645844,0.7721441984176636,0.3420597016811371,0.356005996465683,-0.03728051483631134,0.7420985102653503,0.3111317455768585,0.21025735139846802,0.06899650394916534,0.6756905913352966,0.3351209759712219,0.2269720435142517,0.08981569856405258,0.629264235496521,0.3155916929244995,0.19437333941459656,0.07360449433326721,0.3997863233089447,0.3353121876716614,0.21308235824108124,0.09713219106197357,0.30875664949417114,0.3071637451648712,0.1652277708053589,-0.023093294352293015,0.6492714285850525,0.33016571402549744,0.1849246323108673,-0.0028748943004757166,0.6125215291976929
sujin_stand_normal_10,378,126,12.601644908616189,29.99608406213288,10,0.31877562403678894,0.7259157299995422,-0.12714901566505432,0.9998376369476318,0.3145418167114258,0.7350576519966125,-0.11038421839475632,0.9995859861373901,0.31226423382759094,0.7346389889717102,-0.11041607707738876,0.9994791746139526,0.30940380692481995,0.7341291308403015,-0.11046700179576874,0.9994013905525208,0.32225295901298523,0.7355679273605347,-0.11522149294614792,0.9996271133422852,0.3253704607486725,0.7354098558425903,-0.11521876603364944,0.9996396899223328,0.32848936319351196,0.735109269618988,-0.11523274332284927,0.9996877312660217,0.3061407208442688,0.7277383208274841,-0.014345050789415836,0.9984477162361145,0.3323100805282593,0.7285453677177429,-0.036675382405519485,0.9996091723442078,0.31446295976638794,0.712157666683197,-0.09120447188615799,0.9997338056564331,0.32458844780921936,0.7133813500404358,-0.0977259948849678,0.9998181462287903,0.28980404138565063,0.6589372158050537,0.047069210559129715,0.9995191097259521,0.34856879711151123,0.6587816476821899,-0.016171609982848167,0.9996810555458069,0.27650001645088196,0.5919615626335144,-0.03141111508011818,0.8123062252998352,0.34936556220054626,0.5725328922271729,-0.12238914519548416,0.9756661057472229,0.2582102119922638,0.6711910963058472,-0.17669552564620972,0.7341964244842529,0.3625160753726959,0.6590324640274048,-0.2770406901836395,0.9647437334060669,0.25322431325912476,0.686872661113739,-0.20386797189712524,0.6553994417190552,0.3679288327693939,0.6686760783195496,-0.30754145979881287,0.9333094358444214,0.25427231192588806,0.692678689956665,-0.19685517251491547,0.6628698110580444,0.36849749088287354,0.6697090268135071,-0.3096562325954437,0.933070182800293,0.2569435238838196,0.6853089928627014,-0.17900623381137848,0.644178032875061,0.36472874879837036,0.666754424571991,-0.2821597754955292,0.9139038324356079,0.3032325804233551,0.49660390615463257,0.013995254412293434,0.99870765209198,0.33934271335601807,0.4970288872718811,-0.01394310500472784,0.9982744455337524,0.30643904209136963,0.34161511063575745,-0.04947208613157272,0.7728806138038635,0.3420617878437042,0.3560222387313843,-0.055529069155454636,0.7411957383155823,0.3110186755657196,0.21110403537750244,0.04178668186068535,0.6728238463401794,0.3356730341911316,0.22766932845115662,0.061366576701402664,0.623602032661438,0.31536445021629333,0.19507451355457306,0.04616246372461319,0.3961873948574066,0.3367895185947418,0.21409223973751068,0.06906105577945709,0.30642223358154297,0.30752164125442505,0.1698836237192154,-0.04670616611838341,0.6496472954750061,0.3297072947025299,0.18494553864002228,-0.024829411879181862,0.6086180806159973
sujin_stand_normal_10,381,127,12.701657963446475,29.99608406213288,10,0.3186483383178711,0.7242169976234436,-0.10399896651506424,0.9996594786643982,0.3145281970500946,0.7346392273902893,-0.09103813767433167,0.9993002414703369,0.3122670352458954,0.7343120574951172,-0.09109177440404892,0.9991587400436401,0.30943360924720764,0.7338278889656067,-0.09112438559532166,0.9991106986999512,0.3221941888332367,0.7350770831108093,-0.09264308959245682,0.9991922378540039,0.3253556191921234,0.7348883748054504,-0.09264395385980606,0.9990699291229248,0.3284713327884674,0.7345622777938843,-0.09266593307256699,0.9991716146469116,0.3061198592185974,0.7275161147117615,-0.0046974848955869675,0.9981346130371094,0.3323971927165985,0.7281322479248047,-0.011659636162221432,0.9989147782325745,0.314357191324234,0.7105827927589417,-0.070186085999012,0.9995738863945007,0.32422834634780884,0.7117795348167419,-0.07222609966993332,0.9995993971824646,0.2894195020198822,0.6609513759613037,0.03975841775536537,0.999525785446167,0.34850338101387024,0.6597468256950378,0.03364136070013046,0.9995741248130798,0.27828511595726013,0.5904998183250427,-0.035933904349803925,0.8263739347457886,0.34840133786201477,0.5731008052825928,-0.013260576874017715,0.9700587391853333,0.307341068983078,0.6365747451782227,-0.17333678901195526,0.7563952803611755,0.3313230872154236,0.6435951590538025,-0.11512818932533264,0.9623849391937256,0.30931758880615234,0.6547815799713135,-0.2050333321094513,0.6802899837493896,0.3245743215084076,0.6581257581710815,-0.14026214182376862,0.9287509322166443,0.30988359451293945,0.6644401550292969,-0.1972523182630539,0.6865684986114502,0.32791703939437866,0.6671128273010254,-0.14033569395542145,0.9277009963989258,0.3110488951206207,0.6591773629188538,-0.17362381517887115,0.6661540865898132,0.33063802123069763,0.6640380620956421,-0.11706854403018951,0.9062997698783875,0.30302390456199646,0.4984493553638458,0.007784164045006037,0.9986587166786194,0.33934158086776733,0.4997486174106598,-0.007660310249775648,0.998102068901062,0.3063065707683563,0.3435662090778351,-0.04750855639576912,0.780430018901825,0.34277862310409546,0.35647454857826233,-0.05103423446416855,0.7531269788742065,0.3113955855369568,0.21712419390678406,0.07116667926311493,0.6849154829978943,0.3359961211681366,0.22869469225406647,0.08739516139030457,0.6382362246513367,0.3158093988895416,0.2013537734746933,0.07913266122341156,0.4088972508907318,0.3370886445045471,0.21554051339626312,0.09630639106035233,0.32042983174324036,0.30897536873817444,0.18560799956321716,-0.018902109935879707,0.6630067825317383,0.3299540579319,0.18600408732891083,-0.0032204033341258764,0.620049774646759
