sample_id,frame_idx,pose_idx,time_sec,original_fps,target_fps,kp_0_x,kp_0_y,kp_0_z,kp_0_visibility,kp_1_x,kp_1_y,kp_1_z,kp_1_visibility,kp_2_x,kp_2_y,kp_2_z,kp_2_visibility,kp_3_x,kp_3_y,kp_3_z,kp_3_visibility,kp_4_x,kp_4_y,kp_4_z,kp_4_visibility,kp_5_x,kp_5_y,kp_5_z,kp_5_visibility,kp_6_x,kp_6_y,kp_6_z,kp_6_visibility,kp_7_x,kp_7_y,kp_7_z,kp_7_visibility,kp_8_x,kp_8_y,kp_8_z,kp_8_visibility,kp_9_x,kp_9_y,kp_9_z,kp_9_visibility,kp_10_x,kp_10_y,kp_10_z,kp_10_visibility,kp_11_x,kp_11_y,kp_11_z,kp_11_visibility,kp_12_x,kp_12_y,kp_12_z,kp_12_visibility,kp_13_x,kp_13_y,kp_13_z,kp_13_visibility,kp_14_x,kp_14_y,kp_14_z,kp_14_visibility,kp_15_x,kp_15_y,kp_15_z,kp_15_visibility,kp_16_x,kp_16_y,kp_16_z,kp_16_visibility,kp_17_x,kp_17_y,kp_17_z,kp_17_visibility,kp_18_x,kp_18_y,kp_18_z,kp_18_visibility,kp_19_x,kp_19_y,kp_19_z,kp_19_visibility,kp_20_x,kp_20_y,kp_20_z,kp_20_visibility,kp_21_x,kp_21_y,kp_21_z,kp_21_visibility,kp_22_x,kp_22_y,kp_22_z,kp_22_visibility,kp_23_x,kp_23_y,kp_23_z,kp_23_visibility,kp_24_x,kp_24_y,kp_24_z,kp_24_visibility,kp_25_x,kp_25_y,kp_25_z,kp_25_visibility,kp_26_x,kp_26_y,kp_26_z,kp_26_visibility,kp_27_x,kp_27_y,kp_27_z,kp_27_visibility,kp_28_x,kp_28_y,kp_28_z,kp_28_visibility,kp_29_x,kp_29_y,kp_29_z,kp_29_visibility,kp_30_x,kp_30_y,kp_30_z,kp_30_visibility,kp_31_x,kp_31_y,kp_31_z,kp_31_visibility,kp_32_x,kp_32_y,kp_32_z,kp_32_visibility
yena_fall_normal_17,0,0,0.0,29.996032270863644,10,0.37217479944229126,0.6835579872131348,-0.0868329182267189,0.9991996884346008,0.36853116750717163,0.6944969296455383,-0.06674455106258392,0.9992485642433167,0.3660723865032196,0.694339394569397,-0.06674621999263763,0.9990550875663757,0.36351844668388367,0.6941385865211487,-0.06675337255001068,0.9991050362586975,0.37558525800704956,0.6952500343322754,-0.06945019215345383,0.9990329742431641,0.37810736894607544,0.6955060362815857,-0.06946107000112534,0.998791515827179,0.3805672526359558,0.6958484649658203,-0.06949318945407867,0.9988430738449097,0.36093151569366455,0.6889711618423462,0.02115410938858986,0.99928218126297,0.3865341246128082,0.6897622346878052,0.010426903143525124,0.9992603659629822,0.36763614416122437,0.6698897480964661,-0.05522072687745094,0.9991692304611206,0.37744590640068054,0.669699490070343,-0.05841391906142235,0.9987958669662476,0.34602588415145874,0.6208626627922058,0.0021668910048902035,0.9963542222976685,0.4000805914402008,0.6166971325874329,-0.022662974894046783,0.9970155954360962,0.3449445366859436,0.6768075227737427,-0.18883070349693298,0.9459089636802673,0.4012365937232971,0.6686385273933411,-0.2223181426525116,0.9794533848762512,0.3661082088947296,0.7477346658706665,-0.3224413990974426,0.9031925201416016,0.3722931742668152,0.7422139048576355,-0.33896246552467346,0.945781946182251,0.36870184540748596,0.7691987752914429,-0.36282971501350403,0.8410255908966064,0.3689625561237335,0.7621959447860718,-0.3753039240837097,0.8873507976531982,0.3694190979003906,0.7713090181350708,-0.34841346740722656,0.8345217704772949,0.36991044878959656,0.7666451334953308,-0.36358362436294556,0.8766899704933167,0.36872273683547974,0.7632178068161011,-0.3237687349319458,0.8364866971969604,0.37080228328704834,0.758101224899292,-0.34008198976516724,0.8705258369445801,0.34919270873069763,0.41565850377082825,0.0028121969662606716,0.9998062252998352,0.39084187150001526,0.41211891174316406,-0.002821469446644187,0.9996793270111084,0.35089823603630066,0.2654624581336975,-0.05867055431008339,0.915830671787262,0.3843174874782562,0.265352338552475,-0.0123549560084939,0.839804470539093,0.3552851676940918,0.12870734930038452,0.05236189067363739,0.689225971698761,0.38259074091911316,0.1478986144065857,0.17019020020961761,0.4039704501628876,0.35735055804252625,0.11266309022903442,0.0583176426589489,0.32576385140419006,0.3826358914375305,0.13483470678329468,0.18355336785316467,0.195316344499588,0.35727694630622864,0.10005030035972595,-0.03886227309703827,0.5710019469261169,0.3860664963722229,0.10969534516334534,0.09954766184091568,0.3635847270488739
yena_fall_normal_17,3,1,0.10001322751322751,29.996032270863644,10,0.371590256690979,0.6835763454437256,-0.09743459522724152,0.9991890788078308,0.36787575483322144,0.6944286823272705,-0.07848014682531357,0.9992440938949585,0.36555996537208557,0.6942349076271057,-0.07848678529262543,0.9990456104278564,0.3630809783935547,0.6940006017684937,-0.0784992203116417,0.9990997314453125,0.3748422861099243,0.6951906085014343,-0.08183291554450989,0.9990371465682983,0.3773297071456909,0.6953860521316528,-0.08183325082063675,0.9987965822219849,0.3798294961452484,0.6956468820571899,-0.08187311142683029,0.9988558292388916,0.3599456548690796,0.6886427998542786,0.007722186855971813,0.9992629289627075,0.38491860032081604,0.6896090507507324,-0.005923820193856955,0.9992645978927612,0.3671172559261322,0.6696776151657104,-0.06609468907117844,0.9991576671600342,0.37692248821258545,0.6696116328239441,-0.07006027549505234,0.9987942576408386,0.3435726761817932,0.6208357810974121,-0.0053881374187767506,0.9961909651756287,0.40008020401000977,0.6185904741287231,-0.03507594019174576,0.9969633221626282,0.33890488743782043,0.6753061413764954,-0.20710201561450958,0.9451520442962646,0.40966251492500305,0.6679328680038452,-0.23738692700862885,0.9794064164161682,0.36310866475105286,0.7440429925918579,-0.3549503684043884,0.8989047408103943,0.3764245808124542,0.7387593388557434,-0.35590431094169617,0.9455929398536682,0.3671344220638275,0.764617383480072,-0.3951341211795807,0.834052562713623,0.37080463767051697,0.7574019432067871,-0.39095452427864075,0.88638836145401,0.36807793378829956,0.7658559083938599,-0.37700212001800537,0.8269950151443481,0.37129342555999756,0.7600557208061218,-0.37767136096954346,0.8753538131713867,0.36745500564575195,0.7588367462158203,-0.3549900949001312,0.8289949893951416,0.3724789321422577,0.7525909543037415,-0.35598811507225037,0.8682763576507568,0.34919288754463196,0.4161638021469116,0.0026957059744745493,0.9997991323471069,0.39089804887771606,0.41321486234664917,-0.002707510022446513,0.9996621608734131,0.3510451018810272,0.2656848728656769,-0.06386670470237732,0.9137576222419739,0.3846510052680969,0.26759418845176697,-0.005228688940405846,0.8343513607978821,0.3526853322982788,0.12830662727355957,0.009056806564331055,0.6905869245529175,0.3838464915752411,0.1457074135541916,0.158405140042305,0.4013441205024719,0.35532325506210327,0.11227625608444214,0.01079094223678112,0.3285568356513977,0.383516788482666,0.13088048994541168,0.16921097040176392,0.19462676346302032,0.356293261051178,0.0990968570113182,-0.08843429386615753,0.5737138986587524,0.3863105773925781,0.10718832165002823,0.08571407943964005,0.3631993532180786
yena_fall_normal_17,6,2,0.20002645502645502,29.996032270863644,10,0.37151944637298584,0.6855613589286804,-0.10122145712375641,0.9992378950119019,0.3676197826862335,0.6952382922172546,-0.08182888478040695,0.999291181564331,0.36536678671836853,0.6947146654129028,-0.08181212097406387,0.999099612236023,0.36296170949935913,0.694307267665863,-0.08181601017713547,0.999154269695282,0.3745554983615875,0.6967113614082336,-0.08748336136341095,0.9991047978401184,0.37709081172943115,0.6969231367111206,-0.08749065548181534,0.9988803863525391,0.379669189453125,0.6971290707588196,-0.08752408623695374,0.9989414215087891,0.35963985323905945,0.6888346076011658,0.008174684830009937,0.9992963075637817,0.38475221395492554,0.6900588870048523,-0.016604507341980934,0.9993194937705994,0.36711204051971436,0.6706929802894592,-0.06854363530874252,0.9992069005966187,0.37690067291259766,0.6713953614234924,-0.07569914311170578,0.9988798499107361,0.3422546088695526,0.6207116842269897,0.007499136496335268,0.9963080883026123,0.40159866213798523,0.6193860769271851,-0.04165058583021164,0.9971408843994141,0.3255748152732849,0.6556513905525208,-0.18481746315956116,0.9459680318832397,0.41791751980781555,0.6502358913421631,-0.24207624793052673,0.9805589914321899,0.3571961224079132,0.7249663472175598,-0.3364810645580292,0.8977046012878418,0.3847075402736664,0.7158892750740051,-0.3537956476211548,0.9478427767753601,0.3651432693004608,0.7416605353355408,-0.3690398037433624,0.828039288520813,0.3764760196208954,0.732262372970581,-0.3874456584453583,0.8885781168937683,0.36569178104400635,0.742938220500946,-0.3455880582332611,0.8195855021476746,0.37620308995246887,0.7330017685890198,-0.37541934847831726,0.8771650791168213,0.3645278513431549,0.7354106903076172,-0.33288487792015076,0.8207502365112305,0.37770411372184753,0.7260854244232178,-0.3531014621257782,0.869245171546936,0.34918513894081116,0.4159599542617798,0.005855012219399214,0.9997952580451965,0.39096972346305847,0.4129876494407654,-0.00585943041369319,0.9996535181999207,0.3510497808456421,0.26513609290122986,-0.05664975941181183,0.9124928116798401,0.38483086228370667,0.267036497592926,0.0027192712295800447,0.8292802572250366,0.35165026783943176,0.12798060476779938,-0.004344713408499956,0.6930110454559326,0.38450658321380615,0.14442868530750275,0.1604994237422943,0.39815396070480347,0.35247141122817993,0.11163567751646042,-0.005025116261094809,0.337135374546051,0.3843282163143158,0.1310388594865799,0.171865776181221,0.19421596825122833,0.3555888235569,0.09760934114456177,-0.10180942714214325,0.5813851952552795,0.3879889249801636,0.10423863679170609,0.08821141719818115,0.36580103635787964
yena_fall_normal_17,9,3,0.30003968253968255,29.996032270863644,10,0.3712763786315918,0.6853073239326477,-0.07918467372655869,0.9992826581001282,0.3674999475479126,0.694062352180481,-0.059173583984375,0.9993307590484619,0.3652978241443634,0.6938772797584534,-0.059141483157873154,0.9991487264633179,0.36292123794555664,0.6937153935432434,-0.0591464601457119,0.999207079410553,0.374410480260849,0.6939445734024048,-0.0637143924832344,0.9991607069969177,0.37699806690216064,0.6934149861335754,-0.06372074782848358,0.9989495873451233,0.3796047866344452,0.6927632093429565,-0.06372980773448944,0.9990142583847046,0.3596227765083313,0.6876225471496582,0.029419327154755592,0.9993271827697754,0.3845192492008209,0.6846967339515686,0.007706338074058294,0.9993564486503601,0.3667706847190857,0.6706944704055786,-0.048181258141994476,0.9992355108261108,0.37633654475212097,0.6712576746940613,-0.05438543111085892,0.998940646648407,0.3396780788898468,0.6138932108879089,0.039280004799366,0.9965609312057495,0.4018833339214325,0.6138359904289246,0.000374961324268952,0.9972296953201294,0.31224825978279114,0.6178616285324097,-0.10549019277095795,0.949701726436615,0.4268794059753418,0.609532356262207,-0.160549595952034,0.981600284576416,0.3453012704849243,0.6895703077316284,-0.20535925030708313,0.903130829334259,0.39233478903770447,0.6740825772285461,-0.2500767409801483,0.9483833312988281,0.35613393783569336,0.6997618675231934,-0.23206280171871185,0.8308991193771362,0.3826616704463959,0.6888624429702759,-0.27599287033081055,0.8844630718231201,0.3578125536441803,0.7005997896194458,-0.21137627959251404,0.8214289546012878,0.3809686303138733,0.6900871992111206,-0.25693434476852417,0.8715710043907166,0.35576552152633667,0.6951345205307007,-0.2014273703098297,0.821297287940979,0.3831073045730591,0.6839150786399841,-0.2465069442987442,0.862568736076355,0.349138081073761,0.41172680258750916,0.006600682623684406,0.9997742176055908,0.39089104533195496,0.4107629358768463,-0.006573570892214775,0.9995999932289124,0.35105904936790466,0.2648908495903015,-0.04707462713122368,0.9100798964500427,0.38501912355422974,0.2670195698738098,0.0028796254191547632,0.823821485042572,0.3513268828392029,0.1268628090620041,-0.011790393851697445,0.6981293559074402,0.38527509570121765,0.14369331300258636,0.12541867792606354,0.4071023166179657,0.35270965099334717,0.11089092493057251,-0.013940584845840931,0.3492583930492401,0.3857887387275696,0.12880025804042816,0.13276806473731995,0.19834981858730316,0.3518787622451782,0.096991166472435,-0.10841105878353119,0.5926693677902222,0.3882899582386017,0.10384343564510345,0.05525128170847893,0.3790106475353241
yena_fall_normal_17,12,4,0.40005291005291005,29.996032270863644,10,0.3710072636604309,0.6853309273719788,-0.05783340707421303,0.9992713332176208,0.3673655092716217,0.6944171190261841,-0.03890318050980568,0.9992854595184326,0.3652016818523407,0.6941676735877991,-0.038908910006284714,0.9990913271903992,0.3627292215824127,0.6939090490341187,-0.038926221430301666,0.9991650581359863,0.37443599104881287,0.6940685510635376,-0.041951775550842285,0.9991490840911865,0.3771096467971802,0.6934475302696228,-0.04196099564433098,0.9989497661590576,0.37974846363067627,0.6929044127464294,-0.04199979826807976,0.9990321397781372,0.35905179381370544,0.687106192111969,0.04649808630347252,0.9991862177848816,0.38477760553359985,0.6841596364974976,0.03136202692985535,0.999328076839447,0.3663836717605591,0.6707550883293152,-0.02729048952460289,0.9991553425788879,0.376060426235199,0.671364963054657,-0.03170657530426979,0.9989306926727295,0.33698713779449463,0.6085784435272217,0.06147164851427078,0.996720016002655,0.4019220769405365,0.6098318696022034,0.02288251370191574,0.9973771572113037,0.3050227463245392,0.5739337205886841,-0.08549758791923523,0.9527264833450317,0.42988473176956177,0.5539719462394714,-0.11825600266456604,0.9822037220001221,0.33916589617729187,0.6294529438018799,-0.22261261940002441,0.9086244106292725,0.3921833038330078,0.6044120192527771,-0.22291472554206848,0.9508805274963379,0.3502773344516754,0.6394113898277283,-0.2539471685886383,0.8360331654548645,0.3820198178291321,0.6092082262039185,-0.24805408716201782,0.8881277441978455,0.3531186282634735,0.6378998756408691,-0.23208634555339813,0.8262856006622314,0.38000062108039856,0.6121188402175903,-0.23308706283569336,0.8755544424057007,0.35169079899787903,0.632037878036499,-0.2181195318698883,0.8241065144538879,0.38198739290237427,0.6101158261299133,-0.21891334652900696,0.8649681210517883,0.3490283787250519,0.4111085832118988,0.00737179908901453,0.999629020690918,0.3908979296684265,0.410633385181427,-0.007335782051086426,0.9993622303009033,0.3509216904640198,0.26467761397361755,-0.050460152328014374,0.8892931342124939,0.385017454624176,0.26640331745147705,-0.028517398983240128,0.7972440719604492,0.3513655364513397,0.12154106050729752,0.0012981899781152606,0.6724763512611389,0.3842580020427704,0.13177211582660675,0.0547759011387825,0.4001061022281647,0.3534407913684845,0.10068396478891373,0.002336387522518635,0.3373156785964966,0.3857208788394928,0.1126943826675415,0.0585857629776001,0.19304944574832916,0.35127878189086914,0.07843362540006638,-0.08956312388181686,0.574356198310852,0.38657909631729126,0.09443153440952301,-0.034728921949863434,0.37290316820144653
yena_fall_normal_17,15,5,0.5000661375661375,29.996032270863644,10,0.3705150783061981,0.685235857963562,-0.06870105117559433,0.9993382692337036,0.36705583333969116,0.6944441199302673,-0.04929282143712044,0.9993473887443542,0.36501961946487427,0.6941839456558228,-0.04928725212812424,0.9991708397865295,0.36246827244758606,0.6939117908477783,-0.049295127391815186,0.9992380738258362,0.37431585788726807,0.6941202878952026,-0.05230293422937393,0.9992259740829468,0.3770830035209656,0.6934787034988403,-0.05231079086661339,0.9990447759628296,0.3797478973865509,0.6929581761360168,-0.05235946550965309,0.9991202354431152,0.35882967710494995,0.6868252158164978,0.03853626176714897,0.9992507696151733,0.3847487270832062,0.6844379305839539,0.02274356037378311,0.9993840456008911,0.36600252985954285,0.6704097390174866,-0.03699284791946411,0.9992334246635437,0.3757800757884979,0.6712738871574402,-0.04181412607431412,0.9990321397781372,0.3369617164134979,0.6084569692611694,0.0712057426571846,0.9970422983169556,0.4043811559677124,0.6078507304191589,0.03734201192855835,0.9976180791854858,0.30972468852996826,0.5387688875198364,0.008823180571198463,0.9560503363609314,0.4262816607952118,0.5224461555480957,-0.03188030794262886,0.9828028082847595,0.3356921076774597,0.539221465587616,-0.13677532970905304,0.9154735207557678,0.3934900462627411,0.5300288200378418,-0.1557340770959854,0.9543153643608093,0.3427709639072418,0.5348495244979858,-0.1737256795167923,0.8476349115371704,0.3849513828754425,0.5281674265861511,-0.18641121685504913,0.8959708213806152,0.3462755084037781,0.5461899638175964,-0.17131644487380981,0.838927686214447,0.38275662064552307,0.5424116849899292,-0.18812324106693268,0.8845808506011963,0.3456359803676605,0.5481666326522827,-0.13906912505626678,0.8352843523025513,0.38435834646224976,0.5431022644042969,-0.1578442007303238,0.8735131025314331,0.34889355301856995,0.41029906272888184,0.007200372871011496,0.9996351599693298,0.3909303843975067,0.4091317057609558,-0.007137490902096033,0.9993146657943726,0.3507903516292572,0.2647566497325897,-0.13842421770095825,0.8923550844192505,0.38503751158714294,0.2663973569869995,-0.008238477632403374,0.7845616340637207,0.35115018486976624,0.1219497099518776,-0.08136724680662155,0.679860532283783,0.3842760920524597,0.13359716534614563,0.14031873643398285,0.40415653586387634,0.3535919785499573,0.10193760693073273,-0.08030814677476883,0.3541491627693176,0.3856208026409149,0.11644424498081207,0.15097777545452118,0.19867843389511108,0.3516298830509186,0.07865339517593384,-0.1808149665594101,0.5856333374977112,0.3863798677921295,0.09610916674137115,0.06327666342258453,0.37721142172813416
yena_fall_normal_17,18,6,0.6000793650793651,29.996032270863644,10,0.37054920196533203,0.6869055032730103,-0.051145922392606735,0.9993859529495239,0.36706721782684326,0.6960923671722412,-0.03723199665546417,0.9993653297424316,0.36502087116241455,0.6955844163894653,-0.03725294768810272,0.9992044568061829,0.3624752163887024,0.6952078342437744,-0.03728950396180153,0.9992706775665283,0.374672532081604,0.6960189938545227,-0.039652563631534576,0.9992548823356628,0.3775123655796051,0.6952145099639893,-0.03965233266353607,0.9990846514701843,0.38034871220588684,0.6944356560707092,-0.039661310613155365,0.9991583824157715,0.35879918932914734,0.6871530413627625,0.03512011095881462,0.999251127243042,0.38502612709999084,0.6850464940071106,0.021664537489414215,0.9993650913238525,0.3659847378730774,0.6713855266571045,-0.02544543333351612,0.9992809891700745,0.3759579360485077,0.6727088093757629,-0.028716539964079857,0.999097466468811,0.33651813864707947,0.6084274053573608,0.05826038122177124,0.9973313212394714,0.40483537316322327,0.606722354888916,0.03600682318210602,0.9978280663490295,0.3151406943798065,0.5280653834342957,0.0699295848608017,0.9558776617050171,0.42335036396980286,0.5200105309486389,0.022874504327774048,0.9803688526153564,0.3276260495185852,0.4714200794696808,0.0142813166603446,0.9196241497993469,0.3981087803840637,0.46222659945487976,-0.03795258700847626,0.9524362087249756,0.32901430130004883,0.4449675381183624,-0.007716198917478323,0.8560276031494141,0.39555978775024414,0.43714821338653564,-0.05891493335366249,0.8962206244468689,0.33419275283813477,0.44917458295822144,-0.020755836740136147,0.8484441637992859,0.3906859755516052,0.44225460290908813,-0.07187473773956299,0.8863057494163513,0.335487961769104,0.4557851254940033,0.00801001489162445,0.843957781791687,0.3904043436050415,0.4500875473022461,-0.04428311064839363,0.8753939867019653,0.3486950099468231,0.41045552492141724,0.007065899204462767,0.9996185898780823,0.3905475437641144,0.4101685583591461,-0.007008442189544439,0.9993070960044861,0.350698322057724,0.2648843824863434,-0.05728529766201973,0.8891722559928894,0.385057657957077,0.26685601472854614,-0.013554666191339493,0.7674387693405151,0.35169070959091187,0.1302858144044876,0.05507795885205269,0.6756132245063782,0.3830093741416931,0.1407068967819214,0.11465958505868912,0.41302600502967834,0.3552013635635376,0.11203059554100037,0.0625227689743042,0.3464888036251068,0.3797599971294403,0.11766719818115234,0.12340325862169266,0.2004617601633072,0.3518499732017517,0.07879626005887985,-0.01519094593822956,0.581121563911438,0.38582488894462585,0.09713420271873474,0.042142461985349655,0.3848133087158203
yena_fall_normal_17,21,7,0.7000925925925926,29.996032270863644,10,0.3708975613117218,0.6880400776863098,-0.055994171649217606,0.9994407892227173,0.36734217405319214,0.6972061395645142,-0.04243631660938263,0.9994089007377625,0.3651873469352722,0.6966934204101562,-0.04245440289378166,0.9992652535438538,0.3627294898033142,0.6961314678192139,-0.04247535020112991,0.9993252754211426,0.3753984868526459,0.6970247626304626,-0.04508284106850624,0.9993066787719727,0.37831053137779236,0.6961737275123596,-0.045083947479724884,0.9991514682769775,0.38118699193000793,0.6951395273208618,-0.045091912150382996,0.9992165565490723,0.3589206039905548,0.6875807046890259,0.02762712724506855,0.999294102191925,0.38573262095451355,0.6853947639465332,0.016402360051870346,0.9993894696235657,0.36600640416145325,0.6722424030303955,-0.03068218007683754,0.999342679977417,0.3764136731624603,0.6734817028045654,-0.034221529960632324,0.9991748929023743,0.33691656589508057,0.6090731024742126,0.04834533855319023,0.9975955486297607,0.4055652916431427,0.6063699722290039,0.025515681132674217,0.9980282187461853,0.3164006173610687,0.5229977369308472,0.05678510665893555,0.9572190642356873,0.41976457834243774,0.5150497555732727,0.012803680263459682,0.9789241552352905,0.32639726996421814,0.4392860531806946,-0.002217542612925172,0.9253418445587158,0.4014662206172943,0.44097745418548584,-0.044675957411527634,0.9521858096122742,0.3252096176147461,0.41173824667930603,-0.022598449140787125,0.8665019869804382,0.402304083108902,0.4146495759487152,-0.06488218158483505,0.8985679745674133,0.33067765831947327,0.4148779511451721,-0.037898480892181396,0.8598222136497498,0.39625290036201477,0.41795432567596436,-0.0787096843123436,0.8898509740829468,0.3326105773448944,0.423469603061676,-0.009230044670403004,0.8550901412963867,0.39463284611701965,0.4266580641269684,-0.05125562474131584,0.8792447447776794,0.3485930263996124,0.4095543324947357,0.006633020471781492,0.9996341466903687,0.38989517092704773,0.40988239645957947,-0.006580601446330547,0.9993307590484619,0.34993377327919006,0.2644078731536865,-0.05310535803437233,0.8896499872207642,0.38504326343536377,0.26640626788139343,-0.0055677578784525394,0.7544587254524231,0.35130777955055237,0.13036921620368958,0.04621312767267227,0.678975522518158,0.3814581036567688,0.1440303474664688,0.12383077293634415,0.42201685905456543,0.35518449544906616,0.11281713843345642,0.05216126888990402,0.3443634510040283,0.37633582949638367,0.11799552291631699,0.13360759615898132,0.20257069170475006,0.35134443640708923,0.08540187776088715,-0.02830493450164795,0.5861908793449402,0.3840973675251007,0.09801170229911804,0.04950143024325371,0.3953651487827301
yena_fall_normal_17,24,8,0.8001058201058201,29.996032270863644,10,0.3714350163936615,0.6885842680931091,-0.05521998181939125,0.9994868636131287,0.367653489112854,0.6977411508560181,-0.04295925050973892,0.9994374513626099,0.36536121368408203,0.6972396969795227,-0.04297349601984024,0.9993084669113159,0.3629229664802551,0.6965222954750061,-0.042994461953639984,0.9993640184402466,0.3760656416416168,0.697516679763794,-0.044874146580696106,0.9993430972099304,0.378982275724411,0.6966862082481384,-0.044874999672174454,0.9991998076438904,0.3818019926548004,0.6954776048660278,-0.04488559439778328,0.9992595314979553,0.3590072989463806,0.687790036201477,0.020800985395908356,0.9993159174919128,0.3861483335494995,0.6855345964431763,0.013912247493863106,0.9993944764137268,0.36615556478500366,0.6726182699203491,-0.03188967704772949,0.9993932843208313,0.3770049214363098,0.6736972332000732,-0.03452640026807785,0.999239981174469,0.3371189832687378,0.6086665391921997,0.04758554697036743,0.9978315830230713,0.40587615966796875,0.6065213084220886,0.02314695715904236,0.9982085824012756,0.31768888235092163,0.5168702602386475,0.05136634036898613,0.9557583332061768,0.41907361149787903,0.5172224044799805,0.017438583076000214,0.9763568639755249,0.32625284790992737,0.4310232102870941,0.006256042513996363,0.9272511005401611,0.4069652259349823,0.43980181217193604,-0.030548715963959694,0.9485710859298706,0.3259989321231842,0.4022691547870636,-0.011263764463365078,0.8716999292373657,0.40823179483413696,0.4109657406806946,-0.048325251787900925,0.8959106206893921,0.3309679329395294,0.40426918864250183,-0.025740792974829674,0.8659182786941528,0.40187785029411316,0.41364970803260803,-0.06207522377371788,0.8884626030921936,0.33246004581451416,0.41236937046051025,-0.00015481931040994823,0.8608242273330688,0.3993679881095886,0.4225144684314728,-0.03708597645163536,0.8785560727119446,0.34830906987190247,0.4080660939216614,0.004116779658943415,0.9996415376663208,0.3894309997558594,0.4082369804382324,-0.004084954038262367,0.9993456602096558,0.34902188181877136,0.26395183801651,-0.0510685034096241,0.8862892985343933,0.38502979278564453,0.2662579417228699,-0.003073811298236251,0.7357616424560547,0.35080021619796753,0.1301586925983429,0.05839535966515541,0.6703066825866699,0.38012680411338806,0.14647603034973145,0.12812158465385437,0.4226057231426239,0.35318395495414734,0.11417904496192932,0.06584544479846954,0.3306308090686798,0.3743676543235779,0.11908009648323059,0.138015016913414,0.2020394653081894,0.3514208495616913,0.08828049898147583,-0.00925864651799202,0.5782586932182312,0.3832769989967346,0.0985197201371193,0.061873164027929306,0.39833831787109375
yena_fall_normal_17,27,9,0.9001190476190476,29.996032270863644,10,0.3714483082294464,0.6888896226882935,-0.044657740741968155,0.9995332956314087,0.367641419172287,0.698123037815094,-0.0330832302570343,0.9994794726371765,0.3653600811958313,0.6974995732307434,-0.03309517353773117,0.9993638396263123,0.36292266845703125,0.6966411471366882,-0.033118899911642075,0.9994149208068848,0.3760480582714081,0.6981424689292908,-0.03531442582607269,0.9993935227394104,0.3789880871772766,0.6973612904548645,-0.03531056270003319,0.9992623925209045,0.38181406259536743,0.6962046027183533,-0.035311147570610046,0.9993157982826233,0.3590100407600403,0.687798261642456,0.023300226777791977,0.9993627667427063,0.38620710372924805,0.6859495639801025,0.015087272971868515,0.999427080154419,0.3661673367023468,0.672764778137207,-0.023030312731862068,0.9994463324546814,0.37711432576179504,0.6738055944442749,-0.026044141501188278,0.9993064403533936,0.3372775614261627,0.6089633703231812,0.0439838282763958,0.9980464577674866,0.4062243402004242,0.6067627668380737,0.026100289076566696,0.9983739852905273,0.3191066384315491,0.5230249762535095,0.05761187896132469,0.9572740197181702,0.4185751974582672,0.5160735845565796,0.02355887182056904,0.9746557474136353,0.3240933418273926,0.43691134452819824,0.01592600904405117,0.9321591258049011,0.4086863100528717,0.4358951151371002,-0.018240848556160927,0.9466774463653564,0.3229297399520874,0.40975049138069153,-0.0012013966916128993,0.8805963397026062,0.4092040956020355,0.4080078601837158,-0.03493843227624893,0.8953885436058044,0.3280154764652252,0.412994921207428,-0.01493804156780243,0.8755328059196472,0.40351402759552,0.4103662371635437,-0.04900813102722168,0.8890489339828491,0.32983145117759705,0.42147016525268555,0.010141667909920216,0.8703252673149109,0.4012490212917328,0.4187953770160675,-0.024723146110773087,0.8795997500419617,0.34807872772216797,0.4079110324382782,0.003950076177716255,0.9996584057807922,0.38927987217903137,0.4077826142311096,-0.003926125355064869,0.9993716478347778,0.3478347063064575,0.26399707794189453,-0.05128885805606842,0.8852687478065491,0.38521090149879456,0.2660496234893799,0.0009728688164614141,0.7209805250167847,0.34888073801994324,0.13011875748634338,0.04781053215265274,0.666333794593811,0.3801708519458771,0.14891836047172546,0.1300240159034729,0.42356908321380615,0.35195353627204895,0.11443057656288147,0.05420808866620064,0.32262280583381653,0.374193400144577,0.11942803859710693,0.14035016298294067,0.20119941234588623,0.34916216135025024,0.07687340676784515,-0.01913253404200077,0.5751509070396423,0.38335996866226196,0.0986592024564743,0.07676684111356735,0.40145689249038696
yena_fall_normal_17,30,10,1.000132275132275,29.996032270863644,10,0.37141087651252747,0.6892247200012207,-0.04748252406716347,0.9995747804641724,0.36756470799446106,0.6984992027282715,-0.03542264178395271,0.9995160102844238,0.3653337061405182,0.6978172659873962,-0.035436734557151794,0.9994122982025146,0.36287766695022583,0.6968793869018555,-0.03546115383505821,0.9994597434997559,0.37598055601119995,0.6986833810806274,-0.03811440244317055,0.9994369149208069,0.37897077202796936,0.6980069279670715,-0.038110844790935516,0.9993162751197815,0.3818020224571228,0.6969855427742004,-0.038114797323942184,0.9993637800216675,0.3589726984500885,0.6878398656845093,0.02349352464079857,0.9994034767150879,0.38625046610832214,0.686408281326294,0.014077204279601574,0.9994526505470276,0.3661711812019348,0.6728468537330627,-0.024780752137303352,0.999494731426239,0.3771129548549652,0.6738442778587341,-0.028429558500647545,0.9993662238121033,0.33738547563552856,0.6092033386230469,0.04300839081406593,0.9982404112815857,0.40627235174179077,0.6069020628929138,0.023757237941026688,0.998521625995636,0.3198398947715759,0.5250914096832275,0.06185951083898544,0.9595615863800049,0.41833800077438354,0.5166413187980652,0.021110350266098976,0.9733722805976868,0.3226163685321808,0.43993082642555237,0.01761520467698574,0.9374638199806213,0.40830644965171814,0.4361586570739746,-0.0215729009360075,0.9453612565994263,0.32089176774024963,0.41280055046081543,-0.00027001628768630326,0.8898563981056213,0.40882933139801025,0.40804728865623474,-0.03874346986413002,0.8953645825386047,0.32626667618751526,0.41626009345054626,-0.014430767856538296,0.8854113817214966,0.40316256880760193,0.4104650914669037,-0.05395042896270752,0.890049397945404,0.328363299369812,0.42504414916038513,0.011751397512853146,0.8802003860473633,0.40092727541923523,0.4193699359893799,-0.028435174375772476,0.8809828758239746,0.3476092517375946,0.407971054315567,0.004123010206967592,0.9996731877326965,0.3890213668346405,0.40773090720176697,-0.004103848710656166,0.9993894696235657,0.34760230779647827,0.2632480561733246,-0.05230036750435829,0.8806564211845398,0.38534849882125854,0.26511895656585693,-0.0004686680040322244,0.6989128589630127,0.3484979271888733,0.12947127223014832,0.044513024389743805,0.6543444991111755,0.3802914023399353,0.14866727590560913,0.13139913976192474,0.4139999747276306,0.35183560848236084,0.11425621807575226,0.05076440051198006,0.3112986981868744,0.3750084340572357,0.12005812674760818,0.1415652334690094,0.19537153840065002,0.3485307991504669,0.07182879000902176,-0.023697704076766968,0.5642132759094238,0.38344189524650574,0.09895164519548416,0.07608365267515182,0.39448949694633484
yena_fall_normal_17,33,11,1.1001455026455025,29.996032270863644,10,0.37139031291007996,0.6893718838691711,-0.05036753788590431,0.9996118545532227,0.3674966096878052,0.6986703872680664,-0.03794027119874954,0.9995478987693787,0.3653033673763275,0.6979538798332214,-0.03795470669865608,0.99945467710495,0.36282452940940857,0.6969747543334961,-0.03797969967126846,0.9994989633560181,0.3759283721446991,0.6989684700965881,-0.04088647663593292,0.9994746446609497,0.37895628809928894,0.6983879208564758,-0.040881093591451645,0.9993632435798645,0.3817942440509796,0.6975021958351135,-0.04088590294122696,0.9994058609008789,0.35893309116363525,0.6878463625907898,0.02333715185523033,0.9994374513626099,0.38627153635025024,0.6868378520011902,0.011003061197698116,0.9994737505912781,0.36617571115493774,0.6728642582893372,-0.02687954530119896,0.999538004398346,0.37711217999458313,0.6738370656967163,-0.030866529792547226,0.9994200468063354,0.337411105632782,0.6093598008155823,0.043206702917814255,0.9984148144721985,0.40637677907943726,0.6069726347923279,0.022304736077785492,0.9986549615859985,0.3203916847705841,0.5247839689254761,0.06612183153629303,0.9613759517669678,0.4180957078933716,0.5165988206863403,0.02619306370615959,0.9726947546005249,0.322892963886261,0.4399271011352539,0.020972929894924164,0.9421074986457825,0.40810614824295044,0.43632274866104126,-0.010324082337319851,0.9448951482772827,0.32138317823410034,0.4128226339817047,0.0027523948810994625,0.897933304309845,0.4087370038032532,0.4083755314350128,-0.02702718786895275,0.8961790204048157,0.32666727900505066,0.41624996066093445,-0.011955756694078445,0.8940571546554565,0.4030572772026062,0.41053155064582825,-0.04298458620905876,0.8917821049690247,0.3287096917629242,0.425188273191452,0.014755887910723686,0.8888091444969177,0.4007633626461029,0.4192943572998047,-0.01724589616060257,0.8830509185791016,0.3474864065647125,0.4080866873264313,0.004432661924511194,0.9996830821037292,0.38888072967529297,0.4077684283256531,-0.004416140727698803,0.9994006752967834,0.34752991795539856,0.26289355754852295,-0.052023258060216904,0.8751788139343262,0.3853859603404999,0.2646576166152954,-0.006903360132128,0.6788241863250732,0.3486021161079407,0.1294071525335312,0.0503653883934021,0.6416410207748413,0.38008913397789,0.14848673343658447,0.12543617188930511,0.4056178331375122,0.3519083559513092,0.11420203000307083,0.05738852173089981,0.3000675439834595,0.3752760589122772,0.1201346218585968,0.1356702297925949,0.18969199061393738,0.3482610881328583,0.07114277780056,-0.016628794372081757,0.5529494881629944,0.38342010974884033,0.09912801533937454,0.06705112755298615,0.3883422315120697
yena_fall_normal_17,36,12,1.2001587301587302,29.996032270863644,10,0.37149155139923096,0.6893877983093262,-0.04980088770389557,0.99964439868927,0.36750367283821106,0.6987412571907043,-0.037578340619802475,0.999573826789856,0.36531510949134827,0.6980251669883728,-0.037597496062517166,0.99949049949646,0.3628341853618622,0.6970283389091492,-0.0376262441277504,0.9995321035385132,0.3760277032852173,0.6990619897842407,-0.03970763459801674,0.999504804611206,0.379189670085907,0.698516309261322,-0.03969772160053253,0.9994007349014282,0.38200923800468445,0.6976821422576904,-0.03969807177782059,0.9994394779205322,0.3589344620704651,0.6878622770309448,0.023437252268195152,0.9994654655456543,0.3864738643169403,0.6869772672653198,0.01287577860057354,0.9994813799858093,0.366233229637146,0.6728602647781372,-0.026749813929200172,0.9995749592781067,0.3772764205932617,0.673816442489624,-0.029715202748775482,0.9994657635688782,0.33743616938591003,0.6094998121261597,0.04304451867938042,0.9985716342926025,0.4065376818180084,0.6070592403411865,0.030958592891693115,0.9987737536430359,0.3205321729183197,0.5231625437736511,0.05515500530600548,0.9627951979637146,0.41803228855133057,0.5170839428901672,0.041783105581998825,0.9712236523628235,0.3250865042209625,0.43666595220565796,0.009345967322587967,0.9456254243850708,0.40845081210136414,0.43720391392707825,0.0064874435774981976,0.9429935812950134,0.32449281215667725,0.40836769342422485,-0.010485919192433357,0.9041756391525269,0.4090798497200012,0.40931448340415955,-0.00998952891677618,0.894806981086731,0.32960063219070435,0.41173648834228516,-0.023776238784193993,0.9008308053016663,0.403313547372818,0.4114793837070465,-0.025901319459080696,0.8913256525993347,0.33123600482940674,0.420562744140625,0.003554865252226591,0.8954594731330872,0.40093889832496643,0.4202704429626465,-0.00048177881399169564,0.8829910755157471,0.3474890887737274,0.4081248939037323,0.001434991369023919,0.9996880292892456,0.3888898491859436,0.4078004062175751,-0.001399603090249002,0.9994003176689148,0.3475882112979889,0.26293107867240906,-0.0531127043068409,0.8664191365242004,0.38547584414482117,0.2645953595638275,-0.006684573832899332,0.6559754610061646,0.34869033098220825,0.1292843222618103,0.04614920914173126,0.6263341903686523,0.3796256482601166,0.14761626720428467,0.12284577637910843,0.3968447744846344,0.35184040665626526,0.11413079500198364,0.05275493860244751,0.286607563495636,0.3746725618839264,0.11910277605056763,0.13246215879917145,0.18530093133449554,0.34837013483047485,0.07139614224433899,-0.023076143115758896,0.5397850871086121,0.38236716389656067,0.08969931304454803,0.06126038357615471,0.3815136253833771
yena_fall_normal_17,39,13,1.3001719576719577,29.996032270863644,10,0.37227338552474976,0.6893566846847534,-0.05091089382767677,0.9996753931045532,0.3679770529270172,0.6987244486808777,-0.038789890706539154,0.9996021389961243,0.3656288981437683,0.698016881942749,-0.038809340447187424,0.9995275139808655,0.3633040189743042,0.6970231533050537,-0.03883541747927666,0.9995659589767456,0.37679246068000793,0.6990548372268677,-0.040408674627542496,0.999538004398346,0.3799075484275818,0.6985105276107788,-0.04039996862411499,0.9994415640830994,0.38263148069381714,0.6976650357246399,-0.040401242673397064,0.9994767904281616,0.35931745171546936,0.6878664493560791,0.021162766963243484,0.9994987845420837,0.38693830370903015,0.6870291233062744,0.01363900862634182,0.9995007514953613,0.36666372418403625,0.6728545427322388,-0.02793031744658947,0.9996111392974854,0.37796977162361145,0.6737486720085144,-0.03023681603372097,0.9995107054710388,0.33785802125930786,0.6095818877220154,0.03564498573541641,0.9987131953239441,0.4069182574748993,0.6069270372390747,0.034650858491659164,0.9988834857940674,0.3210521638393402,0.5230696201324463,0.04575653374195099,0.9644215703010559,0.4186314046382904,0.5170710682868958,0.04214441776275635,0.970186173915863,0.32666775584220886,0.4379432499408722,-0.001044242293573916,0.9491080045700073,0.4094729721546173,0.43579378724098206,-0.00016383854381274432,0.9425275325775146,0.32666364312171936,0.41046008467674255,-0.02130221761763096,0.9103540778160095,0.40987545251846313,0.4083136022090912,-0.017168456688523293,0.895300567150116,0.3311658203601837,0.4147232472896576,-0.034086111932992935,0.9074313044548035,0.4040326774120331,0.4108787775039673,-0.032603297382593155,0.8925192952156067,0.3325115144252777,0.4227944612503052,-0.00646183779463172,0.9019836187362671,0.4017496705055237,0.4191074073314667,-0.007063756231218576,0.884615957736969,0.34768006205558777,0.40780961513519287,-0.0036496929824352264,0.9996976256370544,0.3889189660549164,0.40730899572372437,0.003693837672472,0.9994055032730103,0.34761983156204224,0.26175424456596375,-0.058010466396808624,0.8632560968399048,0.3859679102897644,0.26321059465408325,0.004131021443754435,0.6381106376647949,0.34785592555999756,0.12763671576976776,0.038170553743839264,0.6198896169662476,0.37949612736701965,0.1462673395872116,0.13094770908355713,0.39160391688346863,0.3479069471359253,0.1129729226231575,0.044562455266714096,0.27592992782592773,0.37388572096824646,0.11774422228336334,0.14056611061096191,0.18387232720851898,0.34847599267959595,0.06785120815038681,-0.02765859290957451,0.5343791842460632,0.3820805847644806,0.08512997627258301,0.07202327251434326,0.3787917494773865
yena_fall_normal_17,42,14,1.4001851851851852,29.996032270863644,10,0.3740285038948059,0.6892865300178528,-0.052181221544742584,0.9997040033340454,0.3692318797111511,0.6986154317855835,-0.039932623505592346,0.999629557132721,0.3665826916694641,0.6979362368583679,-0.03995506837964058,0.9995629191398621,0.36434808373451233,0.6969732642173767,-0.03996952995657921,0.99959796667099,0.3782876431941986,0.6989607214927673,-0.04119781404733658,0.999570906162262,0.38125234842300415,0.6983933448791504,-0.04118920862674713,0.9994822144508362,0.3841414451599121,0.6975336670875549,-0.041193392127752304,0.9995136260986328,0.36042338609695435,0.6878725290298462,0.014606192708015442,0.9995304346084595,0.38777071237564087,0.6870663166046143,0.012030106037855148,0.9995248317718506,0.3678378164768219,0.6728339195251465,-0.03003925271332264,0.9996446371078491,0.3794408142566681,0.6736328601837158,-0.03070337325334549,0.9995526075363159,0.33873775601387024,0.6098260879516602,0.02537734992802143,0.9988406300544739,0.4075985848903656,0.6069483757019043,0.03108394704759121,0.9989838004112244,0.3218056857585907,0.5229321122169495,0.03518242761492729,0.9662680625915527,0.42004576325416565,0.5164881348609924,0.030206652358174324,0.9700064659118652,0.3275633156299591,0.43695133924484253,-0.013749048113822937,0.9526377320289612,0.4115872085094452,0.4332547187805176,-0.017548995092511177,0.9434521794319153,0.3278679847717285,0.4094032645225525,-0.03334515169262886,0.9165990948677063,0.41166767477989197,0.4064880311489105,-0.03467195853590965,0.8976922631263733,0.332163006067276,0.41375213861465454,-0.04590992256999016,0.9140205383300781,0.4057103991508484,0.40951046347618103,-0.04898350313305855,0.8953917026519775,0.33336442708969116,0.4217287600040436,-0.01893915981054306,0.9085966348648071,0.403682142496109,0.41753557324409485,-0.024071266874670982,0.8878578543663025,0.34841710329055786,0.4073724150657654,-0.005991346202790737,0.9997124671936035,0.3893895149230957,0.4063960015773773,0.006019440479576588,0.9994245767593384,0.34775763750076294,0.26107731461524963,-0.05943125858902931,0.867569625377655,0.38688260316848755,0.2631174921989441,0.021675897762179375,0.6365577578544617,0.3465542197227478,0.12676477432250977,0.02396383136510849,0.6305035948753357,0.3798739016056061,0.1465928703546524,0.15680070221424103,0.39941632747650146,0.34594640135765076,0.11204099655151367,0.02861201949417591,0.2767690122127533,0.37376371026039124,0.12055212259292603,0.16738322377204895,0.19041435420513153,0.34830933809280396,0.06850747764110565,-0.04554970934987068,0.5452173948287964,0.3826923966407776,0.09572207182645798,0.10430547595024109,0.38829031586647034
yena_fall_normal_17,45,15,1.5001984126984127,29.996032270863644,10,0.3760140538215637,0.6892725229263306,-0.0496087484061718,0.9997293949127197,0.37125685811042786,0.6986082196235657,-0.038143351674079895,0.9996530413627625,0.36831408739089966,0.6979221105575562,-0.038165293633937836,0.9995943307876587,0.3658423125743866,0.6969699859619141,-0.03818441182374954,0.9996265769004822,0.3802773654460907,0.6988901495933533,-0.03849703446030617,0.9995988607406616,0.38327664136886597,0.6983027458190918,-0.03849422186613083,0.9995167255401611,0.3862544298171997,0.6974501013755798,-0.038497112691402435,0.9995442628860474,0.36228543519973755,0.6879355311393738,0.016259366646409035,0.9995604157447815,0.3890952169895172,0.6870772838592529,0.01609276607632637,0.999541699886322,0.3696599006652832,0.6728415489196777,-0.028527842834591866,0.9996742606163025,0.38141313195228577,0.6736035346984863,-0.028586426749825478,0.9995887875556946,0.34021300077438354,0.609867513179779,0.02562057040631771,0.9989554286003113,0.40848416090011597,0.6070499420166016,0.0352412685751915,0.9990717768669128,0.32293421030044556,0.521979570388794,0.03120097517967224,0.9678171873092651,0.42147764563560486,0.5181965827941895,0.031384263187646866,0.9681872129440308,0.32811129093170166,0.4361227750778198,-0.018288511782884598,0.9555948972702026,0.41360098123550415,0.43593886494636536,-0.019206324592232704,0.9420358538627625,0.3285892903804779,0.4083748161792755,-0.037641409784555435,0.9219909906387329,0.41373616456985474,0.40793663263320923,-0.03735107555985451,0.8967651128768921,0.33285191655158997,0.4127233922481537,-0.050889547914266586,0.9197154641151428,0.4076782763004303,0.41037043929100037,-0.05152438208460808,0.8949894309043884,0.33392131328582764,0.4207724928855896,-0.023816967383027077,0.9142576456069946,0.40577319264411926,0.4187944829463959,-0.026101714000105858,0.8878143429756165,0.3496445417404175,0.4072219133377075,-0.00812467746436596,0.9997273087501526,0.3906940817832947,0.40610262751579285,0.008156207390129566,0.9994420409202576,0.34782904386520386,0.2609214782714844,-0.06446713954210281,0.8743009567260742,0.38827720284461975,0.2631285786628723,0.03159695491194725,0.6416090130805969,0.3450119197368622,0.12544158101081848,0.007181105203926563,0.6470800638198853,0.380160927772522,0.14663714170455933,0.1626885086297989,0.417328804731369,0.3435346186161041,0.10984247922897339,0.010338244028389454,0.2777455449104309,0.3720454275608063,0.1219312995672226,0.17245565354824066,0.20307616889476776,0.34855565428733826,0.06677331030368805,-0.06938358396291733,0.5628762245178223,0.38302093744277954,0.09919286519289017,0.10924559086561203,0.4083597660064697
yena_fall_normal_17,48,16,1.6002116402116402,29.996032270863644,10,0.3779880106449127,0.6890853643417358,-0.0503583624958992,0.9997515082359314,0.3734373152256012,0.6985881924629211,-0.04051071032881737,0.9996715784072876,0.3702327013015747,0.697885274887085,-0.040537264198064804,0.999619722366333,0.36745521426200867,0.6969525218009949,-0.04055286943912506,0.9996495842933655,0.3825940191745758,0.698762059211731,-0.03986593708395958,0.9996210336685181,0.38586434721946716,0.6981838941574097,-0.03986305743455887,0.9995441436767578,0.3883607089519501,0.6973653435707092,-0.03986632823944092,0.9995678067207336,0.36423808336257935,0.6879766583442688,0.013392017222940922,0.9995808005332947,0.39143940806388855,0.6870744824409485,0.013300985097885132,0.9995495676994324,0.371945858001709,0.6727787256240845,-0.030979087576270103,0.9996994137763977,0.3839494287967682,0.6734727025032043,-0.03004293702542782,0.9996195435523987,0.34227877855300903,0.6100665926933289,0.024345431476831436,0.9990583658218384,0.4106172025203705,0.6070836782455444,0.032671935856342316,0.999150276184082,0.3245658874511719,0.5223203897476196,0.032532356679439545,0.9690161347389221,0.423442006111145,0.5177958011627197,0.026125885546207428,0.9660761952400208,0.32835519313812256,0.4368971586227417,-0.017127132043242455,0.9582529067993164,0.414716899394989,0.43585750460624695,-0.02445158362388611,0.9401853084564209,0.32902124524116516,0.40897637605667114,-0.03607325628399849,0.9267866611480713,0.41476333141326904,0.40741395950317383,-0.04197274148464203,0.8955842852592468,0.33338668942451477,0.41256073117256165,-0.04984743893146515,0.9248151779174805,0.40902015566825867,0.4094846546649933,-0.05638983100652695,0.8943126201629639,0.33430519700050354,0.4209536015987396,-0.022783972322940826,0.9193710684776306,0.4072926342487335,0.41823241114616394,-0.031255342066287994,0.8874672651290894,0.3511190414428711,0.4072507619857788,-0.006661479827016592,0.9997367262840271,0.392336368560791,0.40608787536621094,0.0066896723583340645,0.9994562864303589,0.34817445278167725,0.260836660861969,-0.054315824061632156,0.8751950263977051,0.38917216658592224,0.2631515860557556,0.024350404739379883,0.636772096157074,0.3465414047241211,0.12570573389530182,0.019947001710534096,0.6523398756980896,0.3799790143966675,0.14672432839870453,0.15520578622817993,0.42401185631752014,0.34611615538597107,0.10995453596115112,0.023178705945611,0.27733492851257324,0.3719020485877991,0.12204205244779587,0.16501428186893463,0.20868267118930817,0.3488266170024872,0.06802777945995331,-0.0477328896522522,0.5692819952964783,0.3829320967197418,0.09944765269756317,0.09938463568687439,0.417007714509964
yena_fall_normal_17,51,17,1.7002248677248677,29.996032270863644,10,0.38046109676361084,0.6890542507171631,-0.05647795647382736,0.9997698664665222,0.37599629163742065,0.6985320448875427,-0.046401266008615494,0.9996827244758606,0.3728436231613159,0.6978393793106079,-0.04643198102712631,0.9996369481086731,0.3699253797531128,0.6968486905097961,-0.04644940420985222,0.9996650218963623,0.3850648105144501,0.6986680626869202,-0.045433398336172104,0.9996346831321716,0.3882395923137665,0.6981393098831177,-0.045428719371557236,0.9995620250701904,0.3902606964111328,0.6973444819450378,-0.045444171875715256,0.999582827091217,0.3664398193359375,0.6879826188087463,0.008887563832104206,0.9995911121368408,0.3942056894302368,0.6870712637901306,0.01017649844288826,0.9995447993278503,0.3748582601547241,0.672749400138855,-0.03662370145320892,0.9997196793556213,0.38659003376960754,0.6734551787376404,-0.03543023392558098,0.9996440410614014,0.34512007236480713,0.6102876663208008,0.02190590091049671,0.9991501569747925,0.41315731406211853,0.6071266531944275,0.03151789680123329,0.9992192387580872,0.3274018168449402,0.5217714309692383,0.03368065878748894,0.9693952798843384,0.4259371757507324,0.51678466796875,0.024837827309966087,0.963436484336853,0.3289080262184143,0.4363124370574951,-0.013557346537709236,0.9600169062614441,0.4181652367115021,0.4352482855319977,-0.029457753524184227,0.9385676980018616,0.329305499792099,0.40933090448379517,-0.03166633099317551,0.9302244782447815,0.4187665283679962,0.4066380262374878,-0.04732177406549454,0.8949257731437683,0.3337225317955017,0.4119991362094879,-0.04614495486021042,0.9285608530044556,0.4132233262062073,0.4095052182674408,-0.06310165673494339,0.8942739963531494,0.3344360291957855,0.4200859069824219,-0.019498687237501144,0.9230933785438538,0.4116035997867584,0.4186677038669586,-0.0370485745370388,0.8879685997962952,0.3527492880821228,0.40727317333221436,-0.006020212545990944,0.9997406601905823,0.39508405327796936,0.40611761808395386,0.006042356602847576,0.9994660019874573,0.3489573299884796,0.2602168023586273,-0.04629938676953316,0.8737287521362305,0.38957273960113525,0.2623879611492157,0.01905377395451069,0.6283745169639587,0.34806835651397705,0.12611795961856842,0.0463063046336174,0.6511062383651733,0.37960150837898254,0.14582929015159607,0.14840522408485413,0.4255738854408264,0.3476652503013611,0.11056198179721832,0.05194393917918205,0.27203133702278137,0.3721993565559387,0.11975881457328796,0.15743082761764526,0.21117517352104187,0.35012397170066833,0.06835660338401794,-0.021206382662057877,0.5681484341621399,0.3829205632209778,0.09920912235975266,0.09276764839887619,0.41938865184783936
yena_fall_normal_17,54,18,1.8002380952380952,29.996032270863644,10,0.38276928663253784,0.6887485980987549,-0.058507002890110016,0.9997788667678833,0.3785770535469055,0.6982475519180298,-0.04775034636259079,0.9996675252914429,0.37568289041519165,0.6976375579833984,-0.04778074100613594,0.999630868434906,0.3728541433811188,0.6966058611869812,-0.04780397191643715,0.9996576905250549,0.3875492811203003,0.6983463764190674,-0.04782639816403389,0.9996170401573181,0.3904152810573578,0.6979021430015564,-0.047827232629060745,0.9995461106300354,0.39227214455604553,0.6971240639686584,-0.04785136133432388,0.9995617270469666,0.3691352307796478,0.6879717707633972,0.010581787675619125,0.999561607837677,0.3968752324581146,0.6867868304252625,0.008232825435698032,0.9994882345199585,0.3775315582752228,0.6726205348968506,-0.03718545660376549,0.9997275471687317,0.3887093663215637,0.6731956005096436,-0.0372350700199604,0.9996517896652222,0.34827184677124023,0.6100029945373535,0.02682291343808174,0.9992315769195557,0.41653260588645935,0.6070783138275146,0.02979217655956745,0.9992767572402954,0.33171817660331726,0.520167350769043,0.04577193409204483,0.9688543081283569,0.4285948872566223,0.5168754458427429,0.02768528275191784,0.9618375897407532,0.3306754231452942,0.43502742052078247,-0.007600372191518545,0.9608950018882751,0.4221879839897156,0.43454375863075256,-0.02196456864476204,0.9377764463424683,0.32982781529426575,0.408883273601532,-0.025979947298765182,0.9323141574859619,0.42390960454940796,0.4062529504299164,-0.040171943604946136,0.8950233459472656,0.33448588848114014,0.4119698703289032,-0.04219792038202286,0.9310011863708496,0.4178503751754761,0.4091300368309021,-0.05717743560671806,0.8948867321014404,0.3361889123916626,0.41981425881385803,-0.014631258323788643,0.9253296256065369,0.41599199175834656,0.4182155132293701,-0.03000893071293831,0.8888259530067444,0.3555005192756653,0.4072935879230499,-0.002881948370486498,0.9997363090515137,0.39782774448394775,0.4061760902404785,0.0029025310650467873,0.9994625449180603,0.35052725672721863,0.2602063715457916,-0.04312834516167641,0.8704723119735718,0.39025935530662537,0.2619883418083191,0.01054485235363245,0.617597222328186,0.3495388627052307,0.1266273707151413,0.04963821917772293,0.6466838121414185,0.379969984292984,0.14571060240268707,0.1416359543800354,0.4226004183292389,0.3497338891029358,0.11061175167560577,0.05509399622678757,0.2661316394805908,0.3737271726131439,0.11983533948659897,0.15079329907894135,0.20966604351997375,0.35089990496635437,0.06884998083114624,-0.022781115025281906,0.5623423457145691,0.3835345208644867,0.09879855066537857,0.07799555361270905,0.4169517755508423
yena_fall_normal_17,57,19,1.9002513227513227,29.996032270863644,10,0.3873034715652466,0.6883149743080139,-0.06945881247520447,0.9997738003730774,0.3829527795314789,0.6981477737426758,-0.05824849382042885,0.9996205568313599,0.3800431489944458,0.6975686550140381,-0.058290258049964905,0.999596118927002,0.3772544264793396,0.6965949535369873,-0.05832960084080696,0.9996230006217957,0.3917040526866913,0.6981076002120972,-0.058276403695344925,0.9995537996292114,0.39390191435813904,0.6976563930511475,-0.05829166993498802,0.999481201171875,0.39657914638519287,0.6968832612037659,-0.058330047875642776,0.999483585357666,0.3730567693710327,0.6879746913909912,0.004822787828743458,0.9994959235191345,0.40038615465164185,0.6862710118293762,0.0034327239263802767,0.9993579983711243,0.3816285729408264,0.6724055409431458,-0.04579950124025345,0.9997251033782959,0.39213332533836365,0.6727133393287659,-0.04590525105595589,0.9996402859687805,0.35154280066490173,0.6089212894439697,0.028807273134589195,0.9993038177490234,0.41988831758499146,0.6068312525749207,0.021386442705988884,0.9993284344673157,0.3358336389064789,0.5172191262245178,0.048639632761478424,0.9685024619102478,0.43185943365097046,0.5159950256347656,0.02540852501988411,0.9598602652549744,0.33429959416389465,0.4331182837486267,-0.007814467884600163,0.961898922920227,0.4289635717868805,0.4330923557281494,-0.0499383769929409,0.9361661076545715,0.3325956463813782,0.40727299451828003,-0.027363864704966545,0.9342299103736877,0.4324598014354706,0.40681231021881104,-0.07228989899158478,0.8944090008735657,0.3380289077758789,0.410062700510025,-0.04390902817249298,0.9332911968231201,0.4256083071231842,0.4086584746837616,-0.09216225147247314,0.8948040008544922,0.34023839235305786,0.4174669682979584,-0.015196620486676693,0.9273993372917175,0.42348581552505493,0.41684678196907043,-0.060108087956905365,0.8890462517738342,0.3597528636455536,0.40599894523620605,0.004012927878648043,0.999721109867096,0.40277737379074097,0.4051365554332733,-0.003987690433859825,0.9994487762451172,0.3539886176586151,0.2593342661857605,-0.014355921186506748,0.8475035429000854,0.39276039600372314,0.26008906960487366,0.004888305906206369,0.5933670997619629,0.3527607023715973,0.1265018731355667,0.0790560320019722,0.6186708807945251,0.3832632303237915,0.13940152525901794,0.13249944150447845,0.4012945890426636,0.3552006483078003,0.11030995100736618,0.08483563363552094,0.2558728754520416,0.38300153613090515,0.11787733435630798,0.14137805998325348,0.20009461045265198,0.35148653388023376,0.07193798571825027,0.005931139457970858,0.5367581844329834,0.383431613445282,0.09064435213804245,0.06063399091362953,0.3963726758956909
yena_fall_normal_17,60,20,2.00026455026455,29.996032270863644,10,0.3919074833393097,0.6876171231269836,-0.11943400651216507,0.9997696876525879,0.3872385323047638,0.6977856755256653,-0.10682212561368942,0.9995754957199097,0.3839893341064453,0.6971954703330994,-0.10687902569770813,0.9995594620704651,0.3811217248439789,0.6962557435035706,-0.10691666603088379,0.9995869398117065,0.3953542411327362,0.697780430316925,-0.10629237443208694,0.9994835257530212,0.39791232347488403,0.697364866733551,-0.10631159693002701,0.9994090795516968,0.40095463395118713,0.6965762972831726,-0.10635510832071304,0.9993982315063477,0.37651970982551575,0.6875089406967163,-0.03516950085759163,0.9993991851806641,0.4039669334888458,0.6858131885528564,-0.033930499106645584,0.9991825222969055,0.3859027624130249,0.6718228459358215,-0.09295333921909332,0.9997262358665466,0.39596959948539734,0.6721448302268982,-0.09246226400136948,0.9996352195739746,0.35531193017959595,0.6064841151237488,0.0068215192295610905,0.9993674159049988,0.42423951625823975,0.6049228310585022,-0.008533626794815063,0.9993733167648315,0.340453565120697,0.5136239528656006,0.03389166668057442,0.9686280488967896,0.4350697696208954,0.5088094472885132,0.006745011545717716,0.9593248963356018,0.33864328265190125,0.4285733997821808,-0.04226646572351456,0.9625860452651978,0.4371204674243927,0.4274956285953522,-0.06525639444589615,0.9347990155220032,0.3367851972579956,0.40252310037612915,-0.06530022621154785,0.9352554082870483,0.43957728147506714,0.403586745262146,-0.08870425820350647,0.8937562108039856,0.34279775619506836,0.4050796627998352,-0.08566857874393463,0.9346624612808228,0.4343622624874115,0.4058135449886322,-0.11038234084844589,0.8946123719215393,0.3450706899166107,0.4122830629348755,-0.05173459276556969,0.9284222722053528,0.43205317854881287,0.4133208096027374,-0.07602473348379135,0.8889163136482239,0.36569732427597046,0.4045591652393341,0.009660896845161915,0.9996955990791321,0.40801092982292175,0.4039459824562073,-0.00964554026722908,0.999421238899231,0.35994234681129456,0.25911322236061096,-0.00927570927888155,0.8241127729415894,0.39579689502716064,0.25832340121269226,-0.009837048128247261,0.5879063606262207,0.3581249415874481,0.1323188990354538,0.11055286973714828,0.5929347276687622,0.38583871722221375,0.1392008364200592,0.12790608406066895,0.38876405358314514,0.36074092984199524,0.11499624699354172,0.11896027624607086,0.25044339895248413,0.38700100779533386,0.11920009553432465,0.1376245766878128,0.19291600584983826,0.350506454706192,0.09319353848695755,0.038165535777807236,0.5160087943077087,0.38438379764556885,0.09124021232128143,0.04922568053007126,0.3834522068500519
yena_fall_normal_17,63,21,2.1002777777777775,29.996032270863644,10,0.3966617286205292,0.6787245273590088,-0.16203546524047852,0.9997691512107849,0.3919418752193451,0.68971848487854,-0.14987070858478546,0.9995456337928772,0.38865941762924194,0.6893105506896973,-0.14994457364082336,0.9995414018630981,0.3855758607387543,0.6888667345046997,-0.14999458193778992,0.9995746612548828,0.3993459939956665,0.6894283890724182,-0.14663474261760712,0.999411940574646,0.40218132734298706,0.6886352300643921,-0.1466381996870041,0.9993156790733337,0.40475067496299744,0.6879788041114807,-0.14668211340904236,0.9992897510528564,0.3797492980957031,0.6802811026573181,-0.07846249639987946,0.9993526935577393,0.4067850708961487,0.6784217357635498,-0.06388428062200546,0.9988697171211243,0.3905488848686218,0.664289116859436,-0.13565975427627563,0.999738335609436,0.40059754252433777,0.6642022728919983,-0.13148006796836853,0.9996335506439209,0.3568040728569031,0.5954107642173767,-0.042075082659721375,0.9994283318519592,0.42768898606300354,0.597774863243103,-0.016561634838581085,0.9994007349014282,0.341280996799469,0.5037522315979004,-0.0189262256026268,0.970392107963562,0.4426487684249878,0.5039624571800232,0.02818196266889572,0.9571308493614197,0.3457765579223633,0.42065027356147766,-0.09550727903842926,0.9642170667648315,0.44992998242378235,0.42040106654167175,-0.025132067501544952,0.930061399936676,0.3458023965358734,0.3951333463191986,-0.11839143931865692,0.9377637505531311,0.4516642987728119,0.39658012986183167,-0.04385821893811226,0.8877660036087036,0.3520207405090332,0.39848074316978455,-0.1396893858909607,0.937399685382843,0.4481811821460724,0.3975244164466858,-0.07067378610372543,0.8895851969718933,0.35369598865509033,0.4051612317562103,-0.10437699407339096,0.9308341145515442,0.445922315120697,0.40500491857528687,-0.03762419894337654,0.8844109773635864,0.37333929538726807,0.3999066948890686,0.006615938153117895,0.9997018575668335,0.41557785868644714,0.3986576795578003,-0.006680543068796396,0.9994236826896667,0.3660096526145935,0.2594118118286133,-0.016443386673927307,0.8241381645202637,0.4004634618759155,0.2541828155517578,-0.026435386389493942,0.6034891605377197,0.3574252724647522,0.13801373541355133,0.11397235095500946,0.5896845459938049,0.38681259751319885,0.15469659864902496,0.17701707780361176,0.3736391067504883,0.3576890826225281,0.12139143794775009,0.125777006149292,0.24731630086898804,0.38555723428726196,0.13685831427574158,0.1958366483449936,0.1846528947353363,0.3531879782676697,0.09082426875829697,0.04526461660861969,0.5148425102233887,0.38447079062461853,0.1068539172410965,0.12707819044589996,0.37227943539619446
yena_fall_normal_17,66,22,2.200291005291005,29.996032270863644,10,0.40052974224090576,0.6473402976989746,-0.1499587893486023,0.9997870326042175,0.3958345353603363,0.6579370498657227,-0.13698063790798187,0.9995827078819275,0.39263278245925903,0.6577052474021912,-0.13705649971961975,0.9995789527893066,0.38949254155158997,0.6574438810348511,-0.13714562356472015,0.999610424041748,0.4030473828315735,0.6577887535095215,-0.13253089785575867,0.9994531869888306,0.4058413803577423,0.6571720838546753,-0.13253261148929596,0.9993605613708496,0.4080999195575714,0.6568424701690674,-0.13254480063915253,0.999336302280426,0.38349443674087524,0.6491454243659973,-0.061813779175281525,0.9994067549705505,0.4091387689113617,0.6479632258415222,-0.04334115982055664,0.9989187717437744,0.39528343081474304,0.6312296986579895,-0.12211747467517853,0.999763011932373,0.40479809045791626,0.6329941153526306,-0.11661707609891891,0.9996650218963623,0.3606378436088562,0.5665627121925354,-0.03327875956892967,0.9994850754737854,0.43063411116600037,0.5735355615615845,0.002118197735399008,0.999449610710144,0.34272247552871704,0.47843390703201294,-0.027742857113480568,0.9726643562316895,0.45181673765182495,0.4838898181915283,0.06309511512517929,0.9561882615089417,0.3608490228652954,0.4052099287509918,-0.11569669097661972,0.9666846990585327,0.46973058581352234,0.40465742349624634,-0.006613732781261206,0.930016279220581,0.3646334707736969,0.3777487576007843,-0.14436228573322296,0.9411516785621643,0.4774003326892853,0.3794940710067749,-0.02861153334379196,0.8880991339683533,0.3703385889530182,0.3834761679172516,-0.16225288808345795,0.9408645629882812,0.47294342517852783,0.37671753764152527,-0.056205350905656815,0.8906081318855286,0.37083473801612854,0.3911075294017792,-0.12336846441030502,0.9340863823890686,0.46958664059638977,0.38486573100090027,-0.02017260529100895,0.8859981894493103,0.3825041949748993,0.37718090415000916,-0.0023572815116494894,0.9997301697731018,0.4245135486125946,0.37566515803337097,0.0022048375103622675,0.9994775652885437,0.37087783217430115,0.21695756912231445,-0.05449751764535904,0.830603837966919,0.40387269854545593,0.18901218473911285,-0.05078263580799103,0.6247200965881348,0.35748931765556335,0.14318262040615082,0.18573786318302155,0.5512800216674805,0.38661816716194153,0.15589909255504608,0.22627049684524536,0.3415653109550476,0.35791537165641785,0.13832031190395355,0.2115258127450943,0.2335568368434906,0.3844948410987854,0.15378311276435852,0.2567993998527527,0.1701231747865677,0.3511119782924652,0.09817404299974442,0.18096821010112762,0.4820939004421234,0.38070374727249146,0.11032363027334213,0.24040867388248444,0.3425370156764984
yena_fall_normal_17,69,23,2.3003042328042325,29.996032270863644,10,0.40287813544273376,0.5923693180084229,-0.2059953212738037,0.9997861981391907,0.3973991274833679,0.6027157306671143,-0.19546571373939514,0.999573826789856,0.39401179552078247,0.602514386177063,-0.19553858041763306,0.9995744228363037,0.39104583859443665,0.6019643545150757,-0.1955931931734085,0.9996111392974854,0.4047126770019531,0.602108359336853,-0.19049100577831268,0.9994102120399475,0.40718144178390503,0.6016000509262085,-0.19050639867782593,0.9992823600769043,0.4097965657711029,0.6008089780807495,-0.1905486136674881,0.9992599487304688,0.3847068250179291,0.5940471887588501,-0.12357621639966965,0.9994122982025146,0.41065141558647156,0.5942339301109314,-0.10134516656398773,0.9986891150474548,0.39715564250946045,0.5770845413208008,-0.17841194570064545,0.9997754096984863,0.40637826919555664,0.5781199932098389,-0.1721823662519455,0.9996718764305115,0.3642154037952423,0.5167216658592224,-0.09543423354625702,0.9995353817939758,0.4335837960243225,0.5276904702186584,-0.03420444577932358,0.9994858503341675,0.35164061188697815,0.4268020689487457,-0.11210116744041443,0.9750568866729736,0.45883649587631226,0.44817301630973816,0.021672043949365616,0.9556388258934021,0.3899203836917877,0.3789108693599701,-0.2146199494600296,0.9696189761161804,0.48510321974754333,0.38055822253227234,-0.06338652968406677,0.9324127435684204,0.39702436327934265,0.35443130135536194,-0.243474081158638,0.9459609985351562,0.4970245957374573,0.3583601117134094,-0.08866868913173676,0.8922659754753113,0.40352264046669006,0.36324480175971985,-0.2534831762313843,0.9456682205200195,0.4956950843334198,0.3551200330257416,-0.11217371374368668,0.8949931263923645,0.40293121337890625,0.3704846501350403,-0.21856063604354858,0.9389429092407227,0.490643709897995,0.3621457517147064,-0.07632295042276382,0.8902514576911926,0.391856849193573,0.33286795020103455,-0.0038095919881016016,0.9997273087501526,0.4369330406188965,0.33424127101898193,0.003700080094859004,0.9994950294494629,0.37312760949134827,0.21525636315345764,-0.06991900503635406,0.8261279463768005,0.43218594789505005,0.20445995032787323,-0.10619654506444931,0.6500883102416992,0.3733634650707245,0.13591314852237701,0.130466490983963,0.5419667959213257,0.38707515597343445,0.12447620183229446,0.11395036429166794,0.3500904142856598,0.37725603580474854,0.13561880588531494,0.1483849734067917,0.2396152913570404,0.38435569405555725,0.12824708223342896,0.1362220197916031,0.1808285266160965,0.3690255582332611,0.09201839566230774,0.08480749279260635,0.4828454554080963,0.3775039613246918,0.07041186839342117,0.08058325946331024,0.35235512256622314
yena_fall_normal_17,72,24,2.4003174603174604,29.996032270863644,10,0.40830197930336,0.528148353099823,-0.10666152089834213,0.9998072385787964,0.4030458629131317,0.537002682685852,-0.09805931895971298,0.9996158480644226,0.3998953700065613,0.5363402962684631,-0.09809114784002304,0.9996165037155151,0.39704063534736633,0.5353499054908752,-0.09813504666090012,0.9996495842933655,0.40979862213134766,0.5370107889175415,-0.09115307033061981,0.9994679689407349,0.4120257794857025,0.5366188883781433,-0.09117134660482407,0.9993525147438049,0.4145359396934509,0.5359585285186768,-0.09119535237550735,0.9993324279785156,0.39148321747779846,0.525458812713623,-0.056700512766838074,0.9994702935218811,0.4153376519680023,0.5276142954826355,-0.0201399102807045,0.9988184571266174,0.4026789963245392,0.5119816660881042,-0.09074680507183075,0.9997976422309875,0.411671906709671,0.5140866637229919,-0.08175921440124512,0.999704122543335,0.37622275948524475,0.443787157535553,-0.04689374193549156,0.999581515789032,0.4424102008342743,0.465772807598114,0.011379967443645,0.9995352029800415,0.3755108416080475,0.35544392466545105,-0.08380906283855438,0.9768187999725342,0.4755115807056427,0.40164703130722046,0.025830887258052826,0.9569050669670105,0.41920119524002075,0.3440057635307312,-0.16479577124118805,0.9720330238342285,0.505297064781189,0.3403435945510864,-0.04305550828576088,0.9333942532539368,0.43147414922714233,0.3328608572483063,-0.18564924597740173,0.9499666690826416,0.5156357884407043,0.32258424162864685,-0.060704100877046585,0.893424928188324,0.4351139962673187,0.3446551263332367,-0.1856088787317276,0.9496327638626099,0.5146186947822571,0.32014504075050354,-0.07463749498128891,0.8959917426109314,0.4317390024662018,0.3494563400745392,-0.1641681045293808,0.942557156085968,0.5108605027198792,0.3242296576499939,-0.052382826805114746,0.891007661819458,0.4078962504863739,0.2860175669193268,-0.0042212242260575294,0.9997484683990479,0.4506078064441681,0.277946412563324,0.004113155882805586,0.999538004398346,0.3770958483219147,0.22480542957782745,-0.18263311684131622,0.8431017398834229,0.4731731712818146,0.18091070652008057,-0.2310115396976471,0.6848254799842834,0.364374041557312,0.12930645048618317,-0.12011032551527023,0.5867244005203247,0.40213584899902344,0.12683533132076263,-0.01480166707187891,0.396129846572876,0.3513379991054535,0.11780105531215668,-0.11436145752668381,0.3052125573158264,0.39157480001449585,0.13635174930095673,0.008412955328822136,0.21261470019817352,0.33642736077308655,0.09611037373542786,-0.18210147321224213,0.5328382849693298,0.38350433111190796,0.07329025864601135,-0.013259184546768665,0.3952804505825043
yena_fall_normal_17,75,25,2.500330687830688,29.996032270863644,10,0.43468454480171204,0.4577157497406006,-0.13254360854625702,0.9998264312744141,0.4283815920352936,0.46681568026542664,-0.12541544437408447,0.9996541738510132,0.4255913496017456,0.46625033020973206,-0.12543314695358276,0.9996547698974609,0.4228770136833191,0.4656367897987366,-0.1254473626613617,0.9996845722198486,0.4356966018676758,0.4678538143634796,-0.11881209909915924,0.9995209574699402,0.43786847591400146,0.46792441606521606,-0.11887037009000778,0.9994170069694519,0.43999069929122925,0.46778008341789246,-0.11891449242830276,0.999398946762085,0.4168792963027954,0.45616695284843445,-0.07974279671907425,0.9995231032371521,0.4389532506465912,0.4598892629146576,-0.0536532886326313,0.9989363551139832,0.4298454821109772,0.442874938249588,-0.11674776673316956,0.9998178482055664,0.4385373294353485,0.44504356384277344,-0.10925411432981491,0.9997336268424988,0.40136799216270447,0.3759031891822815,-0.07853571325540543,0.9996230006217957,0.46484991908073425,0.3943064510822296,-0.027333101257681847,0.9995811581611633,0.41886499524116516,0.28200381994247437,-0.1184333860874176,0.9776425361633301,0.503139853477478,0.33430367708206177,-0.02420778200030327,0.9573509693145752,0.47157153487205505,0.2765394449234009,-0.172834575176239,0.9738351106643677,0.5376309156417847,0.26787346601486206,-0.08101804554462433,0.9333897233009338,0.48699820041656494,0.26814544200897217,-0.18792814016342163,0.9527565836906433,0.5484804511070251,0.25250184535980225,-0.09521616995334625,0.8924713134765625,0.48985525965690613,0.27784544229507446,-0.1856740266084671,0.9523394107818604,0.5476697087287903,0.25045040249824524,-0.10780694335699081,0.894744873046875,0.487120121717453,0.28193607926368713,-0.17022593319416046,0.9443250894546509,0.5429712533950806,0.254498690366745,-0.08834432810544968,0.8895443081855774,0.42277970910072327,0.22967228293418884,-0.0013849569950252771,0.9997718334197998,0.4643259644508362,0.21567286550998688,0.0011659757001325488,0.999582052230835,0.3785949945449829,0.22541822493076324,-0.17828135192394257,0.8584566116333008,0.4933302700519562,0.13833637535572052,-0.2650514543056488,0.7160334587097168,0.35893383622169495,0.12875032424926758,-0.1341065913438797,0.627047061920166,0.41537538170814514,0.12922728061676025,-0.049615856260061264,0.42896348237991333,0.34915176033973694,0.10394763201475143,-0.12924881279468536,0.36913973093032837,0.4054338037967682,0.14587831497192383,-0.02417808026075363,0.23739348351955414,0.32622799277305603,0.10890712589025497,-0.1851518154144287,0.5779283046722412,0.3900737762451172,0.09100578725337982,-0.03682753071188927,0.42931193113327026
yena_fall_normal_17,78,26,2.6003439153439154,29.996032270863644,10,0.48428618907928467,0.3890782594680786,-0.2410200536251068,0.9998350143432617,0.47755467891693115,0.3997725248336792,-0.23689481616020203,0.9996838569641113,0.47421568632125854,0.399214506149292,-0.23693561553955078,0.9996836185455322,0.4707719385623932,0.3985278308391571,-0.23697207868099213,0.9997113347053528,0.48485052585601807,0.40127113461494446,-0.23036044836044312,0.9995632171630859,0.4864661395549774,0.40159177780151367,-0.23042578995227814,0.9994673132896423,0.4877185821533203,0.4017195403575897,-0.23047207295894623,0.999453067779541,0.4640958607196808,0.3913826048374176,-0.19482816755771637,0.9995601177215576,0.48548629879951477,0.3942996561527252,-0.16792123019695282,0.9990304708480835,0.47836601734161377,0.37367406487464905,-0.22470755875110626,0.999832272529602,0.48696520924568176,0.3747650980949402,-0.21682217717170715,0.9997574687004089,0.4469418227672577,0.3122977614402771,-0.1714463233947754,0.9996238350868225,0.5049867630004883,0.32625630497932434,-0.13330338895320892,0.9996159076690674,0.4781685769557953,0.21509391069412231,-0.2161119133234024,0.9771273136138916,0.5394905805587769,0.2544308006763458,-0.15338167548179626,0.9569093585014343,0.5341172814369202,0.192552849650383,-0.2606745660305023,0.9708489775657654,0.5738716721534729,0.1992000788450241,-0.2144521027803421,0.9325315356254578,0.5497207641601562,0.18056610226631165,-0.28070068359375,0.9469828009605408,0.5879836678504944,0.18774987757205963,-0.23715725541114807,0.8912767767906189,0.5526090264320374,0.19165967404842377,-0.28088486194610596,0.9465718865394592,0.5872095227241516,0.18439634144306183,-0.24711111187934875,0.8942193984985352,0.5487341284751892,0.19552461802959442,-0.2606850564479828,0.9345821738243103,0.5815533399581909,0.18619658052921295,-0.22140473127365112,0.8890640735626221,0.4543522298336029,0.2030661553144455,0.008620976470410824,0.9997316598892212,0.490007609128952,0.193685382604599,-0.008826306089758873,0.9995368123054504,0.3964012861251831,0.1799163669347763,-0.14804032444953918,0.8578829765319824,0.4591609239578247,0.15642349421977997,-0.15921474993228912,0.7195134162902832,0.35645321011543274,0.13082240521907806,-0.1555463969707489,0.635563313961029,0.4118292033672333,0.1451873928308487,-0.13857579231262207,0.4224931299686432,0.347729355096817,0.10569674521684647,-0.16245827078819275,0.4035091698169708,0.39944538474082947,0.1431242823600769,-0.13843682408332825,0.2553718686103821,0.32794949412345886,0.13738039135932922,-0.21937988698482513,0.6021213531494141,0.3723198473453522,0.15650391578674316,-0.176703080534935,0.4415501058101654
yena_fall_normal_17,81,27,2.700357142857143,29.996032270863644,10,0.540289580821991,0.31182339787483215,-0.3532872796058655,0.9998311400413513,0.5371032953262329,0.3273318409919739,-0.3559061884880066,0.9997063279151917,0.5338255763053894,0.3291623890399933,-0.35594719648361206,0.9997017979621887,0.5304008722305298,0.3311599791049957,-0.3560436964035034,0.9997305870056152,0.544535219669342,0.3236926198005676,-0.3462008237838745,0.9995973110198975,0.5463168621063232,0.3229418396949768,-0.3462570309638977,0.9995017051696777,0.5478869080543518,0.3222648501396179,-0.3463331162929535,0.9994974136352539,0.52187579870224,0.33362120389938354,-0.3221729099750519,0.9995942115783691,0.5452212691307068,0.32157665491104126,-0.27750542759895325,0.9991142749786377,0.5315649509429932,0.3010067045688629,-0.33702918887138367,0.9998390078544617,0.5402308702468872,0.2977682948112488,-0.3239588439464569,0.9997732639312744,0.49020177125930786,0.2743222117424011,-0.2728891670703888,0.9995964169502258,0.5476328134536743,0.2699921131134033,-0.2272363305091858,0.9996432065963745,0.5150406956672668,0.17085222899913788,-0.3307476043701172,0.9769504070281982,0.568035900592804,0.1953708827495575,-0.2559296786785126,0.9481900334358215,0.570673406124115,0.1323603391647339,-0.38109543919563293,0.965996265411377,0.606024980545044,0.13398997485637665,-0.32052215933799744,0.925462543964386,0.5867042541503906,0.11944570392370224,-0.40959227085113525,0.9374601244926453,0.6229645013809204,0.12844552099704742,-0.3445144593715668,0.8828318119049072,0.5915372371673584,0.12899988889694214,-0.4054030179977417,0.9363448023796082,0.6223693490028381,0.12765879929065704,-0.3608357608318329,0.8868699669837952,0.5868709683418274,0.13588391244411469,-0.3807738423347473,0.9182597994804382,0.6145891547203064,0.12809166312217712,-0.3303934931755066,0.8814652562141418,0.48347681760787964,0.18899975717067719,0.008304084651172161,0.9995601773262024,0.5188584327697754,0.18801891803741455,-0.00826185755431652,0.9993395209312439,0.418891966342926,0.1703505963087082,-0.07819349318742752,0.8474526405334473,0.5019232630729675,0.15964984893798828,-0.08770524710416794,0.7094070911407471,0.3594745695590973,0.12985026836395264,-0.07646140456199646,0.6137427687644958,0.4734092354774475,0.12332671880722046,-0.06177235767245293,0.3965199887752533,0.35913407802581787,0.101716049015522,-0.0777803584933281,0.40066108107566833,0.46971654891967773,0.11154644936323166,-0.05844071879982948,0.25172242522239685,0.33366629481315613,0.12298186868429184,-0.12549002468585968,0.5856050252914429,0.4584617614746094,0.13016949594020844,-0.08957692980766296,0.41971397399902344
yena_fall_normal_17,84,28,2.8003703703703704,29.996032270863644,10,0.5937418341636658,0.22618772089481354,-0.13165023922920227,0.9997302889823914,0.5973644256591797,0.2399456799030304,-0.15257850289344788,0.9996947646141052,0.5961801409721375,0.24302922189235687,-0.1526610553264618,0.9996925592422485,0.5947521924972534,0.24625904858112335,-0.1526990681886673,0.9997240304946899,0.6000131368637085,0.23506635427474976,-0.1329239457845688,0.999586820602417,0.6008493900299072,0.23449915647506714,-0.13292557001113892,0.9994838237762451,0.6015852689743042,0.23386439681053162,-0.13302604854106903,0.9994802474975586,0.5879819989204407,0.2608259320259094,-0.17052489519119263,0.9996211528778076,0.5981361865997314,0.24274258315563202,-0.15720675885677338,0.9991616010665894,0.5869554281234741,0.22550296783447266,-0.14503227174282074,0.9998313784599304,0.5901539325714111,0.22034665942192078,-0.11847981810569763,0.9997590184211731,0.5336944460868835,0.24302127957344055,-0.15802201628684998,0.999632716178894,0.5771483778953552,0.23882488906383514,-0.11502648890018463,0.9996482729911804,0.5313869118690491,0.1588359922170639,-0.19477646052837372,0.9693697094917297,0.5910472869873047,0.1637996882200241,-0.10666708648204803,0.8602604269981384,0.5677540302276611,0.13165763020515442,-0.23185031116008759,0.9294549822807312,0.6287114024162292,0.1431204378604889,-0.2016860842704773,0.8356029391288757,0.5750470757484436,0.11920205503702164,-0.2538996636867523,0.8913692235946655,0.6336828470230103,0.1333131641149521,-0.2152801901102066,0.7977708578109741,0.5822161436080933,0.1346103698015213,-0.25844094157218933,0.88820481300354,0.6346495151519775,0.1371561884880066,-0.2280523180961609,0.8016396760940552,0.579021692276001,0.1374688744544983,-0.23262915015220642,0.863163948059082,0.6286084055900574,0.13755513727664948,-0.21016933023929596,0.7973974943161011,0.5078586339950562,0.13741225004196167,-0.018814295530319214,0.9995829463005066,0.5455300211906433,0.1378551870584488,0.01892411708831787,0.9993757009506226,0.4696045517921448,0.13310080766677856,-0.12909406423568726,0.85324627161026,0.5901158452033997,0.1594426929950714,-0.012933177873492241,0.6976460218429565,0.42185264825820923,0.12799474596977234,-0.20285376906394958,0.6136021614074707,0.60007244348526,0.09865882247686386,-0.0661432296037674,0.4096298813819885,0.41340360045433044,0.1025017574429512,-0.2086668163537979,0.4241608679294586,0.5963939428329468,0.0796390250325203,-0.07019846886396408,0.2882675528526306,0.41946646571159363,0.15594902634620667,-0.2340852916240692,0.5956723690032959,0.6176765561103821,0.1271204948425293,-0.09013589471578598,0.4321105480194092
yena_fall_normal_17,87,29,2.900383597883598,29.996032270863644,10,0.5808389186859131,0.1742553561925888,-0.249820739030838,0.9982492327690125,0.578525185585022,0.18712656199932098,-0.2735436260700226,0.9994450211524963,0.5758017301559448,0.18942300975322723,-0.2736186981201172,0.9994125366210938,0.5730568766593933,0.1916435807943344,-0.2738134264945984,0.9994531273841858,0.5852916240692139,0.18577362596988678,-0.26172706484794617,0.9990810751914978,0.587053120136261,0.1867181807756424,-0.2617473900318146,0.9987982511520386,0.5888490676879883,0.18758311867713928,-0.26175108551979065,0.9988169074058533,0.5628215074539185,0.21434324979782104,-0.3064551055431366,0.9996010661125183,0.5878715515136719,0.20770013332366943,-0.25383082032203674,0.9990754723548889,0.5721015930175781,0.18108925223350525,-0.2542397081851959,0.999567985534668,0.5781298875808716,0.17832538485527039,-0.23820294439792633,0.999107301235199,0.5128508806228638,0.23523037135601044,-0.23717708885669708,0.999580979347229,0.5950063467025757,0.22341543436050415,-0.1920357495546341,0.9993489980697632,0.46742501854896545,0.21569326519966125,-0.1815701425075531,0.9367679953575134,0.6129084825515747,0.1939580887556076,-0.09272357821464539,0.777651309967041,0.49949565529823303,0.18620556592941284,-0.1042405441403389,0.847627580165863,0.5991528034210205,0.14610444009304047,-0.012269940227270126,0.7523534893989563,0.5432425737380981,0.18003444373607635,-0.09946604818105698,0.808874249458313,0.5974725484848022,0.13288582861423492,0.0056476471945643425,0.7183837890625,0.5797093510627747,0.1842728704214096,-0.09792476147413254,0.8062379956245422,0.5934193730354309,0.13805799186229706,-0.004117389675229788,0.7219487428665161,0.5262617468833923,0.1849663406610489,-0.09981851279735565,0.7829276323318481,0.5920476913452148,0.14334756135940552,-0.012034432031214237,0.7183113098144531,0.5079659223556519,0.17635703086853027,-0.017776133492588997,0.9996141195297241,0.5553637146949768,0.16362789273262024,0.01788262277841568,0.9994168877601624,0.4458964765071869,0.163643479347229,-0.049561917781829834,0.8474849462509155,0.5979525446891785,0.12312120199203491,0.05412990599870682,0.6752741932868958,0.39319154620170593,0.1341007798910141,-0.016891689971089363,0.6448692083358765,0.6033504605293274,0.08706065267324448,0.1216307207942009,0.43391525745391846,0.3963313102722168,0.11812011152505875,-0.013721761293709278,0.4700980484485626,0.598074197769165,0.0782904177904129,0.12888754904270172,0.31873032450675964,0.3573635220527649,0.1442427784204483,-0.054551612585783005,0.6222294569015503,0.61991286277771,0.07936135679483414,0.10395362973213196,0.44172245264053345
yena_fall_normal_17,90,30,3.0003968253968254,29.996032270863644,10,0.6269116997718811,0.18301939964294434,-0.252064973115921,0.9980103969573975,0.6302101016044617,0.19024786353111267,-0.2736641466617584,0.9994462132453918,0.6004467606544495,0.18206408619880676,-0.27375179529190063,0.9994087219238281,0.5980047583580017,0.18420526385307312,-0.2739516496658325,0.9994522333145142,0.6346262097358704,0.19008491933345795,-0.2624579668045044,0.999052882194519,0.634207010269165,0.18892382085323334,-0.26244285702705383,0.998721718788147,0.6333151459693909,0.18753185868263245,-0.26242655515670776,0.9987137913703918,0.5869511961936951,0.20589208602905273,-0.30569785833358765,0.9996263384819031,0.6252802014350891,0.18860673904418945,-0.25336116552352905,0.9990910887718201,0.5942031145095825,0.17196805775165558,-0.2559264600276947,0.9995344877243042,0.5994226336479187,0.16966648399829865,-0.24072453379631042,0.9989718794822693,0.5314221978187561,0.21760578453540802,-0.24373094737529755,0.9996157288551331,0.6066529750823975,0.2116353064775467,-0.20477090775966644,0.9992988109588623,0.4657619595527649,0.19026561081409454,-0.20847058296203613,0.938746988773346,0.5915277004241943,0.1760081946849823,-0.09953795373439789,0.7029775381088257,0.4301661252975464,0.14709842205047607,-0.16670562326908112,0.8053807616233826,0.5658410787582397,0.11507373303174973,-0.01622527465224266,0.6775743961334229,0.417493611574173,0.14726243913173676,-0.158159077167511,0.7560293078422546,0.5606162548065186,0.10171911120414734,-0.0034974224399775267,0.6471272706985474,0.4230610728263855,0.14625650644302368,-0.18145309388637543,0.7556338310241699,0.5539565682411194,0.10584411025047302,-0.012173769995570183,0.6504190564155579,0.42733320593833923,0.14356887340545654,-0.17079149186611176,0.7300724387168884,0.5639460682868958,0.11142478138208389,-0.015535787679255009,0.6473013758659363,0.5238856673240662,0.17782463133335114,-0.01643618382513523,0.999649167060852,0.5693762302398682,0.16468442976474762,0.016511553898453712,0.9994661211967468,0.44994670152664185,0.16855747997760773,-0.05247792974114418,0.8502641916275024,0.6261512637138367,0.12417900562286377,0.05655188858509064,0.6751798987388611,0.383120596408844,0.13977280259132385,-0.023307042196393013,0.6748200058937073,0.6422245502471924,0.09324118494987488,0.1413821429014206,0.463543176651001,0.38055282831192017,0.1279953271150589,-0.019658803939819336,0.5131331086158752,0.6374685168266296,0.08552899211645126,0.15205799043178558,0.3581749200820923,0.35135242342948914,0.14838147163391113,-0.05776207149028778,0.6476919651031494,0.6670876145362854,0.08089254051446915,0.14531488716602325,0.45432209968566895
yena_fall_normal_17,93,31,3.100410052910053,29.996032270863644,10,0.6443819403648376,0.20235496759414673,-0.12797409296035767,0.9981570839881897,0.645535409450531,0.19887015223503113,-0.14616809785366058,0.9994843006134033,0.6446740627288818,0.19808591902256012,-0.14621835947036743,0.9994503259658813,0.6443130373954773,0.19743944704532623,-0.14634118974208832,0.9994869828224182,0.6449004411697388,0.19763465225696564,-0.13491393625736237,0.9991233348846436,0.6441034078598022,0.19640544056892395,-0.1348615288734436,0.998819887638092,0.6431841254234314,0.19502457976341248,-0.13481830060482025,0.9988109469413757,0.6370627880096436,0.1964712142944336,-0.22226199507713318,0.9996570348739624,0.6380532383918762,0.1943880021572113,-0.14586861431598663,0.9991701245307922,0.6378660798072815,0.20866037905216217,-0.13775208592414856,0.9995635151863098,0.6371414661407471,0.20709973573684692,-0.12308017909526825,0.9990484118461609,0.5659733414649963,0.2334141880273819,-0.18907096982002258,0.9996497631072998,0.6172266006469727,0.2232131063938141,-0.1805640310049057,0.9993595480918884,0.528143584728241,0.19320501387119293,-0.14157700538635254,0.9320676326751709,0.596977174282074,0.18684536218643188,-0.06608899682760239,0.6539223194122314,0.5098382234573364,0.15729132294654846,-0.09108876436948776,0.7445308566093445,0.5651657581329346,0.13242553174495697,-0.034521814435720444,0.6117356419563293,0.5039799213409424,0.15275537967681885,-0.09789036214351654,0.6937607526779175,0.5595694184303284,0.12022186815738678,-0.03530849888920784,0.584122896194458,0.5061140656471252,0.1537226289510727,-0.1021120697259903,0.693269670009613,0.5558290481567383,0.12424810975790024,-0.04023037478327751,0.5873005986213684,0.5089678168296814,0.1538960039615631,-0.09136611968278885,0.6695054173469543,0.558638334274292,0.12889932096004486,-0.03553168103098869,0.5850814580917358,0.5474891066551208,0.1885189265012741,-0.015995485708117485,0.9996834993362427,0.5813684463500977,0.17177563905715942,0.01604633405804634,0.9995175004005432,0.48150697350502014,0.17349226772785187,-0.06482081115245819,0.8585559129714966,0.6196136474609375,0.12998495995998383,0.021951718255877495,0.6799290180206299,0.3952871859073639,0.1392982006072998,-0.07864890247583389,0.7043001651763916,0.638846755027771,0.10173632204532623,0.08863130956888199,0.4826030135154724,0.3869571387767792,0.12505823373794556,-0.07993142306804657,0.5550552010536194,0.636666476726532,0.09338244795799255,0.09737689048051834,0.3913341164588928,0.3600446581840515,0.13980215787887573,-0.1153317540884018,0.6759768724441528,0.6574305295944214,0.08707407861948013,0.08459791541099548,0.4605832099914551
yena_fall_normal_17,96,32,3.2004232804232804,29.996032270863644,10,0.6453883647918701,0.1907910406589508,-0.13212835788726807,0.9982767105102539,0.6461621522903442,0.1921660304069519,-0.14438585937023163,0.9995030164718628,0.6461557149887085,0.19157947599887848,-0.1444532871246338,0.9994726181030273,0.6458609104156494,0.19071733951568604,-0.14455270767211914,0.999503493309021,0.6444669365882874,0.19160428643226624,-0.13434162735939026,0.9991697669029236,0.6433219909667969,0.19047030806541443,-0.13430194556713104,0.998892605304718,0.6419017314910889,0.1889919489622116,-0.13429787755012512,0.9988802075386047,0.6386217474937439,0.18934449553489685,-0.182401642203331,0.999668538570404,0.6270104646682739,0.18609052896499634,-0.12805885076522827,0.9992260336875916,0.6199171543121338,0.17776381969451904,-0.13813289999961853,0.9995729923248291,0.6212564706802368,0.17750073969364166,-0.12520509958267212,0.9991008043289185,0.5664746761322021,0.21472768485546112,-0.171875,0.9996769428253174,0.6074569821357727,0.20488722622394562,-0.13103526830673218,0.9994106888771057,0.5314724445343018,0.18557320535182953,-0.13998955488204956,0.9268419742584229,0.583710253238678,0.1819915473461151,-0.07545530796051025,0.6060314178466797,0.5115633606910706,0.15120840072631836,-0.1119706854224205,0.6969076991081238,0.5597410202026367,0.12736952304840088,-0.056710075587034225,0.5524885058403015,0.5058107972145081,0.1468307375907898,-0.11895673722028732,0.6425561904907227,0.5567317605018616,0.11612888425588608,-0.06045951694250107,0.5274617075920105,0.5075075030326843,0.14652837812900543,-0.12287941575050354,0.6423311233520508,0.5534477829933167,0.11636390537023544,-0.06413259357213974,0.5304959416389465,0.5100687742233276,0.1460411101579666,-0.11277655512094498,0.6199625730514526,0.5538336634635925,0.12015020847320557,-0.05827398598194122,0.5292032957077026,0.5463512539863586,0.18070048093795776,-0.015165283344686031,0.9997116923332214,0.5747789740562439,0.16593165695667267,0.015271651558578014,0.9995588064193726,0.4881117045879364,0.15601296722888947,-0.04874035343527794,0.851550281047821,0.5942022800445557,0.13863782584667206,-0.01455728616565466,0.6734845638275146,0.3944195508956909,0.13530991971492767,-0.0675683468580246,0.7276842594146729,0.6087111830711365,0.09069482237100601,-0.02043250761926174,0.5117661952972412,0.38340485095977783,0.12347958981990814,-0.06920646131038666,0.5860274434089661,0.6066859364509583,0.08356011658906937,-0.020204512402415276,0.4253814220428467,0.3629458546638489,0.13641342520713806,-0.10818896442651749,0.6941906213760376,0.6207566857337952,0.0752115249633789,-0.049913059920072556,0.4784448742866516
yena_fall_normal_17,99,33,3.300436507936508,29.996032270863644,10,0.6460400223731995,0.20269328355789185,-0.14334096014499664,0.9970785975456238,0.6475731134414673,0.19074296951293945,-0.15201273560523987,0.9991301894187927,0.6486484408378601,0.188348650932312,-0.15207378566265106,0.9991448521614075,0.6497538685798645,0.18596698343753815,-0.15212972462177277,0.9992405772209167,0.6427126526832581,0.19438566267490387,-0.14586572349071503,0.9987438321113586,0.6403678059577942,0.19452698528766632,-0.1457984894514084,0.998410701751709,0.6375335454940796,0.19448690116405487,-0.14581002295017242,0.9984574913978577,0.6469420194625854,0.18136966228485107,-0.1647167056798935,0.9993309378623962,0.6298617124557495,0.1905841827392578,-0.1311347633600235,0.9987666606903076,0.6455231308937073,0.20523077249526978,-0.1437583863735199,0.999167799949646,0.6376994252204895,0.20959126949310303,-0.13577772676944733,0.9987894892692566,0.6251331567764282,0.19224967062473297,-0.1355672925710678,0.9996408820152283,0.5852397084236145,0.21951907873153687,-0.12331927567720413,0.9994580149650574,0.6238000988960266,0.1482667773962021,-0.13621561229228973,0.8925294280052185,0.548045814037323,0.19809122383594513,-0.11414941400289536,0.6106280088424683,0.5983686447143555,0.12731285393238068,-0.11301714926958084,0.6456474661827087,0.5350927114486694,0.13755223155021667,-0.13592328131198883,0.5075487494468689,0.5965198874473572,0.12383082509040833,-0.11352216452360153,0.5949713587760925,0.5316011309623718,0.1271892935037613,-0.14500728249549866,0.4842447340488434,0.5900127291679382,0.12692369520664215,-0.11600734293460846,0.59357750415802,0.5372768640518188,0.12327893823385239,-0.14209996163845062,0.4865705966949463,0.5889362692832947,0.1279260814189911,-0.112644724547863,0.5733122825622559,0.5385711193084717,0.12625724077224731,-0.1362941861152649,0.4867165982723236,0.5844446420669556,0.16880743205547333,0.0028169520664960146,0.9997195601463318,0.5560927987098694,0.16974490880966187,-0.002812964143231511,0.9996010661125183,0.5944756865501404,0.14704884588718414,0.022801006212830544,0.8272136449813843,0.4893399178981781,0.15663215517997742,-0.07720150798559189,0.7031908631324768,0.5956292748451233,0.11544178426265717,0.03092050738632679,0.7349860072135925,0.40622633695602417,0.11439619213342667,-0.14245997369289398,0.5557242631912231,0.5955849885940552,0.11401600390672684,0.032275374978780746,0.6004143953323364,0.3955801725387573,0.10504137724637985,-0.1490085870027542,0.475342720746994,0.6010400652885437,0.1101459339261055,0.013294114731252193,0.6831773519515991,0.3830227553844452,0.12659811973571777,-0.18356488645076752,0.5123303532600403
yena_fall_normal_17,102,34,3.4004497354497354,29.996032270863644,10,0.6412082314491272,0.19497588276863098,-0.21151940524578094,0.9966225624084473,0.6447874903678894,0.18710646033287048,-0.22040525078773499,0.9985495209693909,0.6450145244598389,0.1871078461408615,-0.22045136988162994,0.9986231923103333,0.6452487707138062,0.18693743646144867,-0.22054143249988556,0.9987526535987854,0.6436102986335754,0.1861634999513626,-0.21671530604362488,0.9981651306152344,0.6430151462554932,0.18531788885593414,-0.21670374274253845,0.9977718591690063,0.6423609256744385,0.18413275480270386,-0.21673649549484253,0.9978145956993103,0.6419802904129028,0.1895124465227127,-0.22433871030807495,0.9988676309585571,0.6385955810546875,0.1832377165555954,-0.20779888331890106,0.9982235431671143,0.6376235485076904,0.20263054966926575,-0.2094683051109314,0.9988418221473694,0.6360186338424683,0.20023159682750702,-0.2050102800130844,0.9982470273971558,0.5983240604400635,0.22544226050376892,-0.17054064571857452,0.9996380805969238,0.6102312803268433,0.1977960765361786,-0.18945881724357605,0.9994195103645325,0.577143669128418,0.18683704733848572,-0.12127743661403656,0.831130862236023,0.5725551247596741,0.16953401267528534,-0.15965427458286285,0.5725833177566528,0.5709655284881592,0.15980246663093567,-0.04413102567195892,0.586472749710083,0.5431712865829468,0.1388183981180191,-0.11549074202775955,0.45844975113868713,0.5703923106193542,0.15033024549484253,-0.036609407514333725,0.5414915680885315,0.5357370972633362,0.12840726971626282,-0.12082132697105408,0.43815577030181885,0.5692155957221985,0.15261825919151306,-0.04432745650410652,0.540232241153717,0.5394758582115173,0.13025817275047302,-0.12356238067150116,0.4402366876602173,0.5688446164131165,0.15446104109287262,-0.043905891478061676,0.5215604901313782,0.5392300486564636,0.1346147656440735,-0.11632850021123886,0.44067224860191345,0.568363606929779,0.1798028200864792,0.002910860814154148,0.9997434020042419,0.5834985375404358,0.1549449861049652,-0.002987851155921817,0.9996280670166016,0.5053691267967224,0.14744305610656738,-0.033079080283641815,0.8373796939849854,0.587390124797821,0.149931862950325,-0.09328048676252365,0.7097374200820923,0.43685802817344666,0.13095329701900482,-0.059857968240976334,0.7592763900756836,0.5406032800674438,0.0992249846458435,-0.04224240034818649,0.5607303977012634,0.4205065667629242,0.1245788037776947,-0.061413444578647614,0.6301356554031372,0.5340738296508789,0.0980662852525711,-0.036066606640815735,0.4749210774898529,0.3959605395793915,0.13404826819896698,-0.12015531957149506,0.7093340754508972,0.5233896970748901,0.0789034441113472,-0.06507119536399841,0.5144835710525513
yena_fall_normal_17,105,35,3.500462962962963,29.996032270863644,10,0.6373531222343445,0.17151688039302826,-0.23025411367416382,0.9914856553077698,0.641594648361206,0.17424072325229645,-0.24341660737991333,0.997147262096405,0.6411444544792175,0.1762942373752594,-0.24346795678138733,0.9972103238105774,0.6409116387367249,0.1773734986782074,-0.24364274740219116,0.997763991355896,0.6413733959197998,0.17160530388355255,-0.23143209517002106,0.9956099987030029,0.6411731839179993,0.17113085091114044,-0.23142220079898834,0.9942853450775146,0.6409274339675903,0.17009864747524261,-0.23139247298240662,0.9954907298088074,0.6371806263923645,0.18632030487060547,-0.2577669322490692,0.9984784722328186,0.6375787854194641,0.17442648112773895,-0.20189343392848969,0.9972731471061707,0.6306988596916199,0.18279488384723663,-0.23031415045261383,0.9969979524612427,0.6314500570297241,0.17734716832637787,-0.2143196165561676,0.9953774809837341,0.5759130716323853,0.2354535162448883,-0.20277762413024902,0.9995490312576294,0.6188148856163025,0.18415381014347076,-0.16699613630771637,0.9989357590675354,0.5366182327270508,0.20473793148994446,-0.16158424317836761,0.790456235408783,0.5988161563873291,0.13692012429237366,-0.1181606873869896,0.5180858373641968,0.5340518355369568,0.17204833030700684,-0.08829744905233383,0.5368064641952515,0.5641554594039917,0.1266029328107834,-0.05997825413942337,0.41351351141929626,0.532961905002594,0.16071917116641998,-0.08923637866973877,0.49507445096969604,0.5534125566482544,0.12291432172060013,-0.05971277132630348,0.39576297998428345,0.5349867939949036,0.16250865161418915,-0.08977459371089935,0.49323588609695435,0.5545165538787842,0.12973526120185852,-0.06743799149990082,0.39772313833236694,0.5360825657844543,0.1638309210538864,-0.08619008958339691,0.47593650221824646,0.5567967891693115,0.13251996040344238,-0.06159016862511635,0.39845219254493713,0.5545993447303772,0.18970684707164764,-0.016012556850910187,0.9997178912162781,0.5756950378417969,0.16053912043571472,0.01620928756892681,0.9995592832565308,0.49723559617996216,0.15718331933021545,-0.0938325896859169,0.8172378540039062,0.5460436940193176,0.1664901226758957,-0.08772557228803635,0.6645533442497253,0.41175881028175354,0.1309204250574112,-0.10372891277074814,0.7594952583312988,0.44107285141944885,0.13589337468147278,-0.037174854427576065,0.5304277539253235,0.39846399426460266,0.12614837288856506,-0.10590481013059616,0.631618082523346,0.42825227975845337,0.14146177470684052,-0.030665401369333267,0.4659963846206665,0.37084123492240906,0.12667465209960938,-0.17226460576057434,0.7079221606254578,0.41130706667900085,0.10856185108423233,-0.06996046751737595,0.49274879693984985
yena_fall_normal_17,108,36,3.6004761904761904,29.996032270863644,10,0.6334381699562073,0.1513502299785614,-0.2938627302646637,0.9819560647010803,0.6394582390785217,0.15984736382961273,-0.3113378882408142,0.994884192943573,0.6390015482902527,0.1627197414636612,-0.31142106652259827,0.9951613545417786,0.6380289196968079,0.1669304519891739,-0.31164538860321045,0.9960241317749023,0.6406878232955933,0.15659525990486145,-0.29731065034866333,0.9895292520523071,0.6409943699836731,0.15706366300582886,-0.2973235547542572,0.9869362711906433,0.6411691904067993,0.15714764595031738,-0.29731979966163635,0.9885004758834839,0.6339501142501831,0.18650145828723907,-0.331967830657959,0.9977957606315613,0.6388561725616455,0.16883563995361328,-0.26560160517692566,0.9947211742401123,0.6261458992958069,0.15803776681423187,-0.2944439947605133,0.9950029850006104,0.6278056502342224,0.15599967539310455,-0.2751818001270294,0.991434633731842,0.5656681060791016,0.22377441823482513,-0.2631710171699524,0.9995194673538208,0.6273496747016907,0.1776328682899475,-0.2076774388551712,0.9976368546485901,0.5159391760826111,0.21183116734027863,-0.2598201632499695,0.7954825162887573,0.6175265908241272,0.14210088551044464,-0.1080322414636612,0.46840715408325195,0.47449347376823425,0.15920375287532806,-0.2525659203529358,0.5116702318191528,0.5799767374992371,0.1096561923623085,-0.0229288712143898,0.37299299240112305,0.4642048180103302,0.15323558449745178,-0.26909253001213074,0.46631526947021484,0.5710505247116089,0.10458962619304657,-0.009716855362057686,0.3575344681739807,0.4709324240684509,0.1501731276512146,-0.2705875337123871,0.4647435247898102,0.5695077180862427,0.10767471045255661,-0.02180417999625206,0.35952284932136536,0.47661858797073364,0.1490737944841385,-0.2537478506565094,0.4468918442726135,0.5701261758804321,0.1110936775803566,-0.024048851802945137,0.3606458604335785,0.5412991642951965,0.1923881322145462,-0.02306464873254299,0.9996272921562195,0.5768755078315735,0.1693543940782547,0.02324913628399372,0.9989064931869507,0.4684361517429352,0.16283312439918518,-0.04502791911363602,0.796850860118866,0.5600773096084595,0.1564972698688507,0.030345790088176727,0.6085171103477478,0.3884359300136566,0.1350380927324295,-0.007107722107321024,0.7701973915100098,0.5161257386207581,0.1025729849934578,0.11626627296209335,0.5020464062690735,0.3797180950641632,0.13662461936473846,-0.006318909581750631,0.6390153765678406,0.5060533285140991,0.10076414048671722,0.1250990331172943,0.4603177607059479,0.35564714670181274,0.11795753985643387,-0.08342059701681137,0.7104414105415344,0.5083571672439575,0.061273109167814255,0.08107849955558777,0.47088322043418884
yena_fall_normal_17,111,37,3.700489417989418,29.996032270863644,10,0.6219598054885864,0.1289720982313156,-0.29913854598999023,0.9795045852661133,0.6390801072120667,0.15729688107967377,-0.3151513934135437,0.994586169719696,0.6387935280799866,0.16059255599975586,-0.31524327397346497,0.9949250221252441,0.6218530535697937,0.15287967026233673,-0.3154783248901367,0.9958318471908569,0.6400249600410461,0.15248526632785797,-0.3015587627887726,0.988362193107605,0.640170156955719,0.15276014804840088,-0.3015410304069519,0.9855068922042847,0.6404053568840027,0.15223971009254456,-0.3015119731426239,0.9868133068084717,0.6335765719413757,0.18738046288490295,-0.33215999603271484,0.9978128671646118,0.6379067301750183,0.1652272641658783,-0.267763614654541,0.994108259677887,0.612299382686615,0.14281317591667175,-0.29894593358039856,0.9948388934135437,0.6260026097297668,0.15280623733997345,-0.2801951467990875,0.9905254244804382,0.5647704005241394,0.2206869125366211,-0.2676687240600586,0.999547004699707,0.624500572681427,0.17286640405654907,-0.2100755125284195,0.9968537092208862,0.5016187429428101,0.21555647253990173,-0.2681780457496643,0.8095797300338745,0.6006824970245361,0.14683878421783447,-0.12093506008386612,0.422870934009552,0.45958560705184937,0.1635248064994812,-0.2655811309814453,0.5054993033409119,0.5719181895256042,0.12107760459184647,-0.052148815244436264,0.33614420890808105,0.4496862590312958,0.15936073660850525,-0.2831808626651764,0.4501001238822937,0.5520992279052734,0.1184912919998169,-0.04566577821969986,0.3224928379058838,0.457250714302063,0.1571289747953415,-0.2824559807777405,0.4492640495300293,0.5532683730125427,0.12091898173093796,-0.05497921258211136,0.3244108259677887,0.46227654814720154,0.15574918687343597,-0.26586541533470154,0.4281783998012543,0.5553369522094727,0.12394680082798004,-0.0537441112101078,0.325594425201416,0.53912353515625,0.19898898899555206,-0.02327514812350273,0.9996410608291626,0.578982949256897,0.17444564402103424,0.02342234179377556,0.9987252950668335,0.463617205619812,0.1657467484474182,-0.051387086510658264,0.7875016927719116,0.5846604704856873,0.13927826285362244,0.04670436680316925,0.5624514818191528,0.38500726222991943,0.1426098793745041,-0.026493899524211884,0.7808718085289001,0.5721737146377563,0.08023396879434586,0.12170109152793884,0.4791141450405121,0.37727850675582886,0.14372605085372925,-0.02563527412712574,0.6450985074043274,0.5652127861976624,0.0748424306511879,0.1299292892217636,0.4558752477169037,0.35160061717033386,0.11802889406681061,-0.09933450073003769,0.7162237763404846,0.5758020281791687,0.04406171664595604,0.09315978735685349,0.4523746073246002
yena_fall_normal_17,114,38,3.8005026455026454,29.996032270863644,10,0.6324557065963745,0.14718718826770782,-0.29381266236305237,0.9793163537979126,0.6407683491706848,0.1570211797952652,-0.30737635493278503,0.9947496652603149,0.6404901742935181,0.1606922149658203,-0.30746111273765564,0.9950231313705444,0.6384538412094116,0.16378800570964813,-0.3077056109905243,0.9959566593170166,0.6413540244102478,0.1527242362499237,-0.2947161793708801,0.9882565140724182,0.6414981484413147,0.15305361151695251,-0.2946828603744507,0.9851463437080383,0.6417032480239868,0.15289688110351562,-0.2946702241897583,0.9862761497497559,0.6364514827728271,0.1849939227104187,-0.3271810710430145,0.9979188442230225,0.6396570205688477,0.16703368723392487,-0.2678385078907013,0.9939022064208984,0.6241365671157837,0.15733638405799866,-0.29593393206596375,0.9950338006019592,0.6268402934074402,0.15403898060321808,-0.27862587571144104,0.9906867146492004,0.5681020021438599,0.21639961004257202,-0.2748774290084839,0.9995890259742737,0.6281346678733826,0.18384170532226562,-0.21052637696266174,0.996631920337677,0.49294745922088623,0.21451382339000702,-0.2960582673549652,0.8215925693511963,0.6001020669937134,0.16695363819599152,-0.12452363967895508,0.381067156791687,0.43372923135757446,0.16175897419452667,-0.31921976804733276,0.504952609539032,0.5657548308372498,0.12891492247581482,-0.04839957132935524,0.30282431840896606,0.4194474518299103,0.1627446562051773,-0.3425890803337097,0.4395756423473358,0.5459080934524536,0.13937070965766907,-0.03524860367178917,0.2907874286174774,0.42644622921943665,0.15509483218193054,-0.3418480157852173,0.4398118257522583,0.5463926792144775,0.13738638162612915,-0.04470085725188255,0.2926104664802551,0.4329059422016144,0.15131400525569916,-0.32099756598472595,0.4186651110649109,0.5484249591827393,0.1343224048614502,-0.0488535538315773,0.29384079575538635,0.5448294878005981,0.19966158270835876,-0.02349332720041275,0.9996731877326965,0.5854243636131287,0.17696960270404816,0.023580294102430344,0.9987750053405762,0.4608936309814453,0.1652718037366867,-0.048867590725421906,0.7476848363876343,0.6080698370933533,0.13963627815246582,0.08283909410238266,0.5102909803390503,0.39216259121894836,0.14090625941753387,-0.017532672733068466,0.7802860140800476,0.6319402456283569,0.07704907655715942,0.1722140908241272,0.4465274214744568,0.3851832151412964,0.1400981992483139,-0.016207780689001083,0.6362005472183228,0.6290249228477478,0.06909199059009552,0.1817895472049713,0.4450981616973877,0.36373794078826904,0.11805498600006104,-0.08862520754337311,0.7101657390594482,0.6484092473983765,0.04618934169411659,0.15447835624217987,0.42580997943878174
yena_fall_normal_17,117,39,3.900515873015873,29.996032270863644,10,0.6304713487625122,0.15403048694133759,-0.2611180245876312,0.9801878929138184,0.6381456851959229,0.16408947110176086,-0.2733312249183655,0.995093584060669,0.6379625201225281,0.16688278317451477,-0.2734149396419525,0.9953385591506958,0.6374930143356323,0.17195925116539001,-0.2736422121524811,0.9962279200553894,0.6385547518730164,0.15942829847335815,-0.2615329325199127,0.9886972904205322,0.6386931538581848,0.1589614748954773,-0.2615034282207489,0.9856753945350647,0.638745129108429,0.1579173356294632,-0.26149657368659973,0.9866822957992554,0.6345639824867249,0.1884552240371704,-0.29688727855682373,0.9980783462524414,0.6370373964309692,0.16667897999286652,-0.24097004532814026,0.9941762089729309,0.6223185062408447,0.16352562606334686,-0.265169233083725,0.9953225255012512,0.6241760849952698,0.15888500213623047,-0.24900434911251068,0.9911296367645264,0.5704246163368225,0.2179027795791626,-0.27077627182006836,0.9996285438537598,0.6207433342933655,0.18565331399440765,-0.1895257532596588,0.9964207410812378,0.47959190607070923,0.21147894859313965,-0.2982429563999176,0.8366473913192749,0.5931968688964844,0.1587214320898056,-0.11880385130643845,0.3437199294567108,0.4159191846847534,0.15468594431877136,-0.3266450762748718,0.5356205701828003,0.5508951544761658,0.12375647574663162,-0.043799418956041336,0.27326714992523193,0.39974677562713623,0.16157741844654083,-0.3526725172996521,0.46265819668769836,0.5375896096229553,0.1272779107093811,-0.030206751078367233,0.26281046867370605,0.4056132137775421,0.14917658269405365,-0.3494911789894104,0.4646657705307007,0.5382481813430786,0.12583467364311218,-0.03967447951436043,0.2646101415157318,0.41308993101119995,0.14282703399658203,-0.32863059639930725,0.4411294162273407,0.5390112400054932,0.12617558240890503,-0.04504775255918503,0.2659163475036621,0.5446958541870117,0.19997793436050415,-0.03221460431814194,0.9996987581253052,0.5812809467315674,0.178388312458992,0.032328855246305466,0.9988073110580444,0.48212289810180664,0.15479731559753418,-0.027012575417757034,0.6931374669075012,0.5913307666778564,0.12110413610935211,0.12298866361379623,0.4635438621044159,0.4330410063266754,0.13495676219463348,0.05618846416473389,0.7297586798667908,0.6085589528083801,0.06940869241952896,0.21054460108280182,0.4112866222858429,0.42768165469169617,0.13760791718959808,0.06331600993871689,0.5936440229415894,0.6056665778160095,0.0654601976275444,0.21992163360118866,0.42445769906044006,0.41421452164649963,0.10458960384130478,0.023908253759145737,0.6596470475196838,0.6210334300994873,0.03285983204841614,0.2080407440662384,0.3944564461708069
yena_fall_normal_17,120,40,4.0005291005291,29.996032270863644,10,0.6310363411903381,0.15272638201713562,-0.29032430052757263,0.9810349345207214,0.6384496092796326,0.1635042279958725,-0.3024240732192993,0.9954397082328796,0.6381356716156006,0.16747920215129852,-0.3024975657463074,0.9956485629081726,0.6377604007720947,0.1709456741809845,-0.3027372658252716,0.9965003132820129,0.6391518712043762,0.15778088569641113,-0.2901824712753296,0.989135205745697,0.6394617557525635,0.15712134540081024,-0.29012250900268555,0.9860327243804932,0.6396933197975159,0.15593262016773224,-0.29010534286499023,0.9868966937065125,0.6347216963768005,0.18825966119766235,-0.32281333208084106,0.9982272386550903,0.6377456784248352,0.16622735559940338,-0.2649184465408325,0.9941717982292175,0.6234380006790161,0.16178034245967865,-0.2930523455142975,0.9956761002540588,0.6252470016479492,0.1566612422466278,-0.2761951982975006,0.9916130304336548,0.5697303414344788,0.21745291352272034,-0.2846195101737976,0.999664843082428,0.6230695247650146,0.18301396071910858,-0.20537813007831573,0.9961639046669006,0.475617915391922,0.2091560959815979,-0.3061189651489258,0.8505959510803223,0.5930293798446655,0.15486674010753632,-0.1247822567820549,0.30995261669158936,0.40865767002105713,0.14971883594989777,-0.3418661057949066,0.5670051574707031,0.546621561050415,0.1321449875831604,-0.04765550047159195,0.24673926830291748,0.39039283990859985,0.15772517025470734,-0.36837318539619446,0.48900139331817627,0.5341042876243591,0.1319219172000885,-0.03420386463403702,0.23785537481307983,0.39749911427497864,0.14198049902915955,-0.369794100522995,0.4923911988735199,0.5350093245506287,0.13105109333992004,-0.044530536979436874,0.23965595662593842,0.40580999851226807,0.13538148999214172,-0.34511467814445496,0.46783339977264404,0.5360353589057922,0.13366182148456573,-0.0485883429646492,0.2410617619752884,0.5471234917640686,0.20060786604881287,-0.03158879652619362,0.9997255802154541,0.5871445536613464,0.17928975820541382,0.03170279040932655,0.9988542199134827,0.4851260185241699,0.15051499009132385,-0.03328068181872368,0.6537215113639832,0.6122632622718811,0.1127372682094574,0.1340346783399582,0.4229341745376587,0.43821725249290466,0.13459071516990662,0.03406580165028572,0.686494767665863,0.6402953863143921,0.069107286632061,0.23463422060012817,0.3777701258659363,0.43537279963493347,0.13671106100082397,0.04221094399690628,0.5526145696640015,0.6380245685577393,0.064816415309906,0.24743345379829407,0.4037720263004303,0.4166354835033417,0.10778439790010452,0.009709288366138935,0.6166428327560425,0.6573516726493835,0.036794353276491165,0.2565002739429474,0.36510688066482544
yena_fall_normal_17,123,41,4.100542328042327,29.996032270863644,10,0.6311159133911133,0.1553574949502945,-0.2663498818874359,0.9804203510284424,0.6382297873497009,0.16528843343257904,-0.27941033244132996,0.9953439235687256,0.638052225112915,0.16758793592453003,-0.2794845402240753,0.9955747723579407,0.6376713514328003,0.17285196483135223,-0.2796986401081085,0.9964042901992798,0.6386736631393433,0.16222825646400452,-0.2671688497066498,0.9884275794029236,0.6387532353401184,0.16226112842559814,-0.2671339809894562,0.9851786494255066,0.6387646198272705,0.1615341156721115,-0.2671218514442444,0.985685408115387,0.6351301670074463,0.18754842877388,-0.3027786612510681,0.9981927275657654,0.6363758444786072,0.17035382986068726,-0.24333350360393524,0.9937253594398499,0.6229261159896851,0.16561101377010345,-0.2692663371562958,0.9955549836158752,0.6249180436134338,0.16213259100914001,-0.2524302899837494,0.9912180304527283,0.5684879422187805,0.22168822586536407,-0.2606810927391052,0.999693751335144,0.622169554233551,0.17978471517562866,-0.19243690371513367,0.9960238337516785,0.4836110472679138,0.20711326599121094,-0.27222153544425964,0.8610133528709412,0.5963037014007568,0.1494637131690979,-0.11919806897640228,0.28058159351348877,0.4373984634876251,0.15278109908103943,-0.2940487563610077,0.5882782936096191,0.5475766658782959,0.12934762239456177,-0.052628520876169205,0.2237153798341751,0.42400896549224854,0.15853232145309448,-0.3155560791492462,0.5057064294815063,0.5365985631942749,0.13123412430286407,-0.043494388461112976,0.2165452241897583,0.4293483793735504,0.14731572568416595,-0.3160704970359802,0.5102448463439941,0.537060558795929,0.13179157674312592,-0.05274007096886635,0.21856757998466492,0.43566495180130005,0.14226257801055908,-0.2960890829563141,0.48389357328414917,0.5380784869194031,0.1328972578048706,-0.05383878946304321,0.2202160507440567,0.544384241104126,0.20211882889270782,-0.028507454320788383,0.9997459053993225,0.5839619040489197,0.17977887392044067,0.028590012341737747,0.9988788366317749,0.46255093812942505,0.1542482227087021,-0.025858376175165176,0.6297405958175659,0.6039060950279236,0.12171603739261627,0.09596220403909683,0.3864704966545105,0.4034799635410309,0.14007242023944855,0.029409823939204216,0.682807445526123,0.6277534365653992,0.07119294255971909,0.20053942501544952,0.35085803270339966,0.39839014410972595,0.14345481991767883,0.03428751602768898,0.5375232100486755,0.6245078444480896,0.06595785915851593,0.2128124088048935,0.38974764943122864,0.36668580770492554,0.1087125614285469,-0.013268081471323967,0.6035037040710449,0.6429522633552551,0.039703257381916046,0.20295436680316925,0.340536892414093
yena_fall_normal_17,126,42,4.200555555555555,29.996032270863644,10,0.6306576132774353,0.1578204333782196,-0.2536419928073883,0.9812051653862,0.6378039717674255,0.16703233122825623,-0.2761976420879364,0.9955188035964966,0.6377797722816467,0.1696464717388153,-0.2762756943702698,0.9957484602928162,0.6375820636749268,0.17248903214931488,-0.2765253484249115,0.9964989423751831,0.6378776431083679,0.1636994332075119,-0.2563510537147522,0.9888048768043518,0.6378890872001648,0.16372737288475037,-0.2562772333621979,0.98577880859375,0.6378430128097534,0.16312380135059357,-0.25623875856399536,0.9860813617706299,0.6351069211959839,0.18688707053661346,-0.29147452116012573,0.9982588887214661,0.6359661221504211,0.17131765186786652,-0.23792752623558044,0.9939252138137817,0.623645007610321,0.16843315958976746,-0.26756551861763,0.9957132935523987,0.6245123147964478,0.16492760181427002,-0.23989076912403107,0.9914799928665161,0.5767723917961121,0.21996687352657318,-0.248019278049469,0.9997217655181885,0.6239096522331238,0.1891360878944397,-0.18307600915431976,0.9961974620819092,0.5018259286880493,0.2089579552412033,-0.2586140036582947,0.8692840337753296,0.5931436419487,0.15767748653888702,-0.09947734326124191,0.25334686040878296,0.4624564051628113,0.154830664396286,-0.2786422669887543,0.5984210968017578,0.5431251525878906,0.14153850078582764,-0.040147196501493454,0.20188553631305695,0.45015013217926025,0.1586848646402359,-0.3062934875488281,0.5112317800521851,0.5314919948577881,0.14568081498146057,-0.030729301273822784,0.19575513899326324,0.4557003378868103,0.14865297079086304,-0.31469470262527466,0.5167251229286194,0.5331617593765259,0.14467628300189972,-0.039423611015081406,0.1977374255657196,0.4610217809677124,0.14479365944862366,-0.2838854491710663,0.4884894788265228,0.5349003076553345,0.14477863907814026,-0.041058532893657684,0.19945459067821503,0.5477716326713562,0.20374147593975067,-0.027190126478672028,0.999767541885376,0.5873367786407471,0.18298585712909698,0.02724986895918846,0.9989270567893982,0.4618718922138214,0.15712331235408783,-0.03543532267212868,0.6210875511169434,0.6121448278427124,0.12459462136030197,0.07599103450775146,0.3548702597618103,0.40067365765571594,0.1438477337360382,-0.017099032178521156,0.6764404773712158,0.6458489298820496,0.07213089615106583,0.15782077610492706,0.32679474353790283,0.3947826623916626,0.14547960460186005,-0.014679491519927979,0.519146203994751,0.6441466808319092,0.06396490335464478,0.1683207005262375,0.3791680335998535,0.3716686964035034,0.1219041720032692,-0.05548270419239998,0.5922816395759583,0.6655586957931519,0.04224998131394386,0.16454266011714935,0.31969550251960754
yena_fall_normal_17,129,43,4.300568783068782,29.996032270863644,10,0.6323909163475037,0.1558682769536972,-0.2318122684955597,0.9828536510467529,0.6386193037033081,0.16455723345279694,-0.24909408390522003,0.9958881735801697,0.6384387612342834,0.16726712882518768,-0.24916388094425201,0.9961153864860535,0.6382154226303101,0.16955001652240753,-0.2493448406457901,0.9967710375785828,0.6387496590614319,0.16232599318027496,-0.2320995330810547,0.9897597432136536,0.6387845873832703,0.1628759354352951,-0.23203730583190918,0.9870630502700806,0.6391781568527222,0.1623281091451645,-0.23199623823165894,0.9872674345970154,0.635506808757782,0.18482165038585663,-0.27705350518226624,0.9984086155891418,0.6371558904647827,0.1723202019929886,-0.20365236699581146,0.9944589138031006,0.6252061128616333,0.16578206419944763,-0.23963958024978638,0.9960583448410034,0.6260755658149719,0.16312070190906525,-0.21633265912532806,0.9921755790710449,0.5770127177238464,0.21812812983989716,-0.22973300516605377,0.9997456669807434,0.6257984638214111,0.18897798657417297,-0.15978024899959564,0.9964497089385986,0.517313539981842,0.20760448276996613,-0.19830122590065002,0.8745948672294617,0.5929436087608337,0.15975593030452728,-0.094114750623703,0.229543074965477,0.5066158175468445,0.15721996128559113,-0.16688868403434753,0.5879243016242981,0.5388650298118591,0.14475789666175842,-0.057752422988414764,0.18213492631912231,0.5015859007835388,0.15465722978115082,-0.1761336475610733,0.498864084482193,0.5266906023025513,0.14839185774326324,-0.05689220875501633,0.17686407268047333,0.5093335509300232,0.15151651203632355,-0.17648249864578247,0.5055823922157288,0.5291124582290649,0.14991483092308044,-0.05896569415926933,0.1787952482700348,0.5113198757171631,0.14728185534477234,-0.1658114492893219,0.4778542220592499,0.5316693186759949,0.1504179984331131,-0.05738786980509758,0.18052999675273895,0.5486103296279907,0.20400625467300415,-0.026097316294908524,0.9997880458831787,0.5907478332519531,0.18560290336608887,0.026164038106799126,0.9989950656890869,0.46281078457832336,0.1596241444349289,-0.05905834957957268,0.6271058917045593,0.6204786896705627,0.14315558969974518,0.04957834258675575,0.3314218521118164,0.3986583352088928,0.14395353198051453,-0.06434382498264313,0.6802886724472046,0.6524181962013245,0.07164384424686432,0.08163110911846161,0.3160462975502014,0.39223673939704895,0.14441150426864624,-0.06455514580011368,0.5179371237754822,0.650743305683136,0.05964895337820053,0.08734109997749329,0.3873620927333832,0.371896356344223,0.12695132195949554,-0.10817878693342209,0.600257933139801,0.6733492612838745,0.040035415440797806,0.08086515963077545,0.31701555848121643
yena_fall_normal_17,132,44,4.40058201058201,29.996032270863644,10,0.6314777135848999,0.15490195155143738,-0.2156166285276413,0.9838806390762329,0.6374474167823792,0.16152001917362213,-0.23200556635856628,0.9961071610450745,0.637225329875946,0.16350491344928741,-0.23208175599575043,0.9963291883468628,0.6368816494941711,0.16500507295131683,-0.23228059709072113,0.9969068169593811,0.6377788782119751,0.16077058017253876,-0.21642084419727325,0.990298867225647,0.6378015875816345,0.16177919507026672,-0.2163553535938263,0.9878821969032288,0.637915849685669,0.1620747148990631,-0.2163160890340805,0.9879336953163147,0.6349691152572632,0.18240222334861755,-0.26590248942375183,0.998492419719696,0.6363076567649841,0.1733277142047882,-0.19369228184223175,0.994768500328064,0.6248198747634888,0.16455133259296417,-0.2236676812171936,0.9962487816810608,0.6254009008407593,0.1635623574256897,-0.20255030691623688,0.9925457835197449,0.5775009989738464,0.21715132892131805,-0.22583793103694916,0.9997668266296387,0.6245622634887695,0.19231387972831726,-0.1535264551639557,0.996580183506012,0.5122317671775818,0.20669801533222198,-0.20770534873008728,0.8769918084144592,0.5909128785133362,0.16117247939109802,-0.09222374856472015,0.2072022557258606,0.4882534444332123,0.15814127027988434,-0.18795457482337952,0.5726442933082581,0.5342041254043579,0.15126702189445496,-0.04853043332695961,0.16410087049007416,0.48077112436294556,0.15508565306663513,-0.2005174458026886,0.48205724358558655,0.5218187570571899,0.1540534943342209,-0.04287486523389816,0.15946786105632782,0.4869074821472168,0.15440413355827332,-0.20094017684459686,0.4898175299167633,0.523813784122467,0.15480878949165344,-0.048571862280368805,0.1612614095211029,0.4903680384159088,0.15213441848754883,-0.18816311657428741,0.4626811146736145,0.5264629125595093,0.15539531409740448,-0.049238599836826324,0.16293805837631226,0.5469945073127747,0.20013856887817383,-0.02560160867869854,0.9998064041137695,0.5869452953338623,0.18544542789459229,0.025658631697297096,0.9990485310554504,0.463833749294281,0.15970110893249512,-0.059461675584316254,0.6209872364997864,0.619650661945343,0.15659880638122559,0.04692871496081352,0.30548179149627686,0.4006185531616211,0.14451700448989868,-0.04781346023082733,0.6687831878662109,0.6450799703598022,0.07398779690265656,0.08959520608186722,0.2968798279762268,0.3943776488304138,0.1452745795249939,-0.04640086740255356,0.5063090324401855,0.6426783204078674,0.06245096027851105,0.0963430181145668,0.37982234358787537,0.3741540312767029,0.1314452588558197,-0.08701271563768387,0.5893068909645081,0.6636587381362915,0.040929585695266724,0.09179282188415527,0.3013712763786316
yena_fall_normal_17,135,45,4.500595238095237,29.996032270863644,10,0.632229745388031,0.15334977209568024,-0.22513502836227417,0.9849521517753601,0.6382313966751099,0.15995262563228607,-0.23980404436588287,0.9963577389717102,0.6380363702774048,0.16206005215644836,-0.23987941443920135,0.9965789318084717,0.6378361582756042,0.16366104781627655,-0.24007077515125275,0.9970808625221252,0.6383528113365173,0.15961283445358276,-0.22586579620838165,0.990903913974762,0.6383450031280518,0.1608726978302002,-0.22581492364406586,0.9887381792068481,0.6388199925422668,0.16090141236782074,-0.2257862240076065,0.9886658191680908,0.6356871724128723,0.1811816543340683,-0.27094566822052,0.9985947012901306,0.6372280716896057,0.17302335798740387,-0.20099350810050964,0.9951057434082031,0.6251054406166077,0.16308079659938812,-0.2300400286912918,0.9964818358421326,0.6258719563484192,0.16228662431240082,-0.21127507090568542,0.9929713010787964,0.5777332782745361,0.21553398668766022,-0.22970519959926605,0.9997867941856384,0.6262472867965698,0.19306962192058563,-0.15834006667137146,0.9967226982116699,0.5109232068061829,0.20713993906974792,-0.21436543762683868,0.8797382712364197,0.590014636516571,0.16245843470096588,-0.095221146941185,0.18715374171733856,0.4860404431819916,0.15641336143016815,-0.19994871318340302,0.5716617107391357,0.5350925922393799,0.15170307457447052,-0.049806851893663406,0.1480056345462799,0.47783878445625305,0.1523096263408661,-0.21403458714485168,0.4792458713054657,0.5220811367034912,0.15414629876613617,-0.04301803931593895,0.14404332637786865,0.4851594567298889,0.15230382978916168,-0.21496883034706116,0.4888555407524109,0.5244535207748413,0.1553611159324646,-0.0510222353041172,0.14577701687812805,0.48868048191070557,0.15258154273033142,-0.2003510594367981,0.46193382143974304,0.527277410030365,0.15603679418563843,-0.05107933282852173,0.14749948680400848,0.5473548769950867,0.19739694893360138,-0.025178810581564903,0.9998236298561096,0.5880318880081177,0.18439173698425293,0.025235014036297798,0.9991065859794617,0.46421369910240173,0.1602451205253601,-0.03427858278155327,0.6097965240478516,0.6268883347511292,0.156541109085083,0.07039545476436615,0.28256887197494507,0.4015711843967438,0.14480195939540863,-0.011935221031308174,0.6563705801963806,0.6497662663459778,0.07406959682703018,0.15127307176589966,0.27815499901771545,0.3951566517353058,0.1451515555381775,-0.009535925462841988,0.4900646507740021,0.6473042964935303,0.06273790448904037,0.1619897484779358,0.3684077858924866,0.37527185678482056,0.13084758818149567,-0.04696948453783989,0.5790009498596191,0.6645260453224182,0.03889403119683266,0.16825009882450104,0.2853809595108032
yena_fall_normal_17,138,46,4.600608465608465,29.996032270863644,10,0.6321612596511841,0.15411654114723206,-0.2541843354701996,0.9843356609344482,0.6381132006645203,0.16183710098266602,-0.2691976726055145,0.9959320425987244,0.6377756595611572,0.16441233456134796,-0.26926708221435547,0.9964247345924377,0.6374789476394653,0.16628193855285645,-0.269464373588562,0.996680736541748,0.6384401321411133,0.16017939150333405,-0.2542168200016022,0.9900370240211487,0.638505220413208,0.16094765067100525,-0.25417131185531616,0.9884235262870789,0.6392749547958374,0.16023185849189758,-0.25415340065956116,0.9874182939529419,0.6355336308479309,0.18207155168056488,-0.29221054911613464,0.9984597563743591,0.637789785861969,0.17077864706516266,-0.22074094414710999,0.9946198463439941,0.6248378753662109,0.16388607025146484,-0.25715065002441406,0.995981752872467,0.6261014938354492,0.1617836207151413,-0.2367859184741974,0.9919210076332092,0.5759012699127197,0.21807411313056946,-0.23894818127155304,0.999789297580719,0.6276102662086487,0.1871969997882843,-0.17331473529338837,0.9964109063148499,0.5172630548477173,0.20746435225009918,-0.21644572913646698,0.8782506585121155,0.5899338126182556,0.15920399129390717,-0.0963262990117073,0.16914290189743042,0.4962571859359741,0.15656475722789764,-0.19094952940940857,0.5522156357765198,0.5369859337806702,0.15218167006969452,-0.051404159516096115,0.13347932696342468,0.4890901446342468,0.15251705050468445,-0.20083864033222198,0.46309158205986023,0.5246606469154358,0.15460076928138733,-0.044717010110616684,0.13015338778495789,0.49473217129707336,0.1547836810350418,-0.20482029020786285,0.47381773591041565,0.5263054966926575,0.15653230249881744,-0.05258786305785179,0.13180117309093475,0.49783456325531006,0.15526501834392548,-0.19170530140399933,0.44699475169181824,0.5289096236228943,0.1573237031698227,-0.052365027368068695,0.13349540531635284,0.5485811829566956,0.1980811506509781,-0.024305010214447975,0.999833881855011,0.5912741422653198,0.18377277255058289,0.024416349828243256,0.9990735650062561,0.46351903676986694,0.16211605072021484,-0.03650974854826927,0.6286590099334717,0.6338512301445007,0.15455003082752228,0.04164078086614609,0.27119770646095276,0.3894522488117218,0.14646892249584198,-0.04928091913461685,0.6799163818359375,0.6606853604316711,0.07490281015634537,0.1073976680636406,0.2775964140892029,0.3818186819553375,0.14561091363430023,-0.04993194714188576,0.5137417316436768,0.6583573818206787,0.06382033228874207,0.1166914775967598,0.3831346929073334,0.36063340306282043,0.13443024456501007,-0.10044391453266144,0.6059290766716003,0.6799077391624451,0.040610361844301224,0.11281564831733704,0.29288795590400696
yena_fall_normal_17,141,47,4.700621693121693,29.996032270863644,10,0.631017804145813,0.15453341603279114,-0.2381945252418518,0.9854027628898621,0.6370427012443542,0.16143035888671875,-0.2538818418979645,0.9961870908737183,0.636702299118042,0.16397684812545776,-0.25394561886787415,0.9966625571250916,0.6362695097923279,0.16589130461215973,-0.25411707162857056,0.9968640208244324,0.6375761032104492,0.15922142565250397,-0.2378339171409607,0.9906965494155884,0.637703537940979,0.15975674986839294,-0.23778900504112244,0.9892748594284058,0.6381611227989197,0.1594768911600113,-0.23777556419372559,0.9882478713989258,0.6346643567085266,0.18227702379226685,-0.28403910994529724,0.9985508918762207,0.6368396878242493,0.16998985409736633,-0.20736528933048248,0.9949533939361572,0.6238603591918945,0.1638813465833664,-0.24410104751586914,0.9962377548217773,0.6251157522201538,0.16177316009998322,-0.2222541868686676,0.9924625754356384,0.5762730836868286,0.21863305568695068,-0.23242788016796112,0.9997994899749756,0.6256040334701538,0.18732985854148865,-0.16346171498298645,0.9964413046836853,0.5176006555557251,0.19429659843444824,-0.1925923228263855,0.8739719986915588,0.589068591594696,0.15711064636707306,-0.0905541405081749,0.15328598022460938,0.501630961894989,0.15060703456401825,-0.14622071385383606,0.5247498154640198,0.5377302765846252,0.1509011834859848,-0.04495544731616974,0.12037701159715652,0.4958323836326599,0.14649590849876404,-0.15312393009662628,0.44144678115844727,0.5260573625564575,0.15299196541309357,-0.0399642251431942,0.11758207529783249,0.5023892521858215,0.14750143885612488,-0.15741275250911713,0.4526209831237793,0.5272566676139832,0.15596534311771393,-0.044695597141981125,0.11913548409938812,0.5050222277641296,0.149049773812294,-0.1464533805847168,0.42633160948753357,0.5296326279640198,0.156762033700943,-0.044912997633218765,0.1207762062549591,0.5462008714675903,0.19662243127822876,-0.02414996549487114,0.9998459219932556,0.5885975360870361,0.18328320980072021,0.02425573393702507,0.9990835189819336,0.45429500937461853,0.16107679903507233,-0.05196065455675125,0.6553563475608826,0.6327715516090393,0.1577262431383133,0.047328200191259384,0.2625035345554352,0.37920185923576355,0.14688271284103394,-0.07052232325077057,0.7048567533493042,0.6571992039680481,0.07513388246297836,0.10007250308990479,0.2809205949306488,0.3710172474384308,0.1467338651418686,-0.0719776302576065,0.5412157773971558,0.6538127660751343,0.06453387439250946,0.107120081782341,0.3999369740486145,0.35307031869888306,0.13568417727947235,-0.12083983421325684,0.6352334022521973,0.6779225468635559,0.04147215932607651,0.10258081555366516,0.30400368571281433
yena_fall_normal_17,144,48,4.800634920634921,29.996032270863644,10,0.6303116679191589,0.1544373631477356,-0.2437903881072998,0.98553067445755,0.6364777684211731,0.16128788888454437,-0.2597874701023102,0.9961278438568115,0.6361526250839233,0.1638566106557846,-0.25985586643218994,0.9966521263122559,0.6356410384178162,0.16617126762866974,-0.2600346803665161,0.9967448115348816,0.6371193528175354,0.15926909446716309,-0.24328109622001648,0.9906958937644958,0.6372800469398499,0.159992977976799,-0.2432442307472229,0.9895122051239014,0.6376069188117981,0.1600281000137329,-0.24323520064353943,0.9882886409759521,0.6342788338661194,0.18245075643062592,-0.28689542412757874,0.9985094666481018,0.6364127397537231,0.17045992612838745,-0.20812292397022247,0.9948127865791321,0.6231852173805237,0.1636645644903183,-0.24872435629367828,0.9961220622062683,0.624428391456604,0.16214612126350403,-0.22623476386070251,0.9923713803291321,0.5783026218414307,0.21741890907287598,-0.23647145926952362,0.9997962713241577,0.6249085664749146,0.18595758080482483,-0.16361169517040253,0.996292233467102,0.51966792345047,0.19019050896167755,-0.19903673231601715,0.8589295744895935,0.588408887386322,0.15344932675361633,-0.09253241866827011,0.13879570364952087,0.5060112476348877,0.15024372935295105,-0.1509249359369278,0.49337562918663025,0.5381104946136475,0.15033487975597382,-0.046260006725788116,0.10858810693025589,0.500547468662262,0.1460617631673813,-0.1582471877336502,0.41679731011390686,0.5264747738838196,0.15257255733013153,-0.040418434888124466,0.1062915027141571,0.5068995356559753,0.14718833565711975,-0.16209694743156433,0.4281057119369507,0.5277852416038513,0.1553284078836441,-0.04682124778628349,0.10776416957378387,0.5093016028404236,0.14903905987739563,-0.15086157619953156,0.4029844105243683,0.5302091240882874,0.1562620997428894,-0.04686274379491806,0.10938076674938202,0.5445522665977478,0.19452962279319763,-0.024893412366509438,0.9998566508293152,0.587311327457428,0.18008451163768768,0.02500798925757408,0.9990985989570618,0.45292767882347107,0.16154128313064575,-0.053927190601825714,0.6799364686012268,0.6278793811798096,0.16181975603103638,0.054230447858572006,0.25525012612342834,0.3735049366950989,0.14920400083065033,-0.06129344925284386,0.7285563945770264,0.6480980515480042,0.0753999575972557,0.10745149105787277,0.29001981019973755,0.36558791995048523,0.1495707929134369,-0.0621284656226635,0.5666138529777527,0.6445221304893494,0.06487061828374863,0.11431565880775452,0.41806599497795105,0.3446967303752899,0.13636834919452667,-0.11485748738050461,0.6622592806816101,0.6660657525062561,0.042658764868974686,0.11039990931749344,0.3181690275669098
yena_fall_normal_17,147,49,4.900648148148148,29.996032270863644,10,0.6299436092376709,0.1544952541589737,-0.23885133862495422,0.9861764907836914,0.636145293712616,0.16173076629638672,-0.25446000695228577,0.9962547421455383,0.6358482837677002,0.16406846046447754,-0.2545263171195984,0.9967710375785828,0.6353938579559326,0.16603226959705353,-0.25469645857810974,0.9968090057373047,0.6367919445037842,0.16028371453285217,-0.23779122531414032,0.9910883903503418,0.6369547247886658,0.16121621429920197,-0.23775556683540344,0.9900781512260437,0.6372112035751343,0.16141167283058167,-0.2377506047487259,0.9887962937355042,0.634077250957489,0.1819080263376236,-0.2849322557449341,0.9985364675521851,0.6360066533088684,0.17197467386722565,-0.20533932745456696,0.9949937462806702,0.6230353713035583,0.1630912721157074,-0.2449575513601303,0.9962332844734192,0.6240994334220886,0.16261091828346252,-0.22220174968242645,0.9926723837852478,0.5788282752037048,0.2163095623254776,-0.2357129156589508,0.9998042583465576,0.6241750717163086,0.1860608458518982,-0.159627303481102,0.9963186979293823,0.5196995139122009,0.19058622419834137,-0.20285223424434662,0.8530337810516357,0.5881282091140747,0.1555049568414688,-0.0874045267701149,0.12572042644023895,0.5012463927268982,0.15196473896503448,-0.163418248295784,0.4680316746234894,0.5384789705276489,0.15085692703723907,-0.03610611334443092,0.09791241586208344,0.49504655599594116,0.14834773540496826,-0.1715920865535736,0.3976065516471863,0.5270402431488037,0.15279272198677063,-0.029562054201960564,0.09601254016160965,0.5006638169288635,0.14856761693954468,-0.17533686757087708,0.40884122252464294,0.52811199426651,0.15603817999362946,-0.035509053617715836,0.09738272428512573,0.5035207271575928,0.1500096619129181,-0.1636902540922165,0.3843257427215576,0.53055739402771,0.1568673998117447,-0.03632410988211632,0.09894821792840958,0.5439096093177795,0.1914689987897873,-0.025965489447116852,0.9998669028282166,0.5864492654800415,0.1773594617843628,0.02610161527991295,0.9991177916526794,0.45113465189933777,0.1609485000371933,-0.06869862973690033,0.7055536508560181,0.6317942142486572,0.1609007567167282,0.05337318405508995,0.2525351047515869,0.3728065490722656,0.1485295444726944,-0.09002085775136948,0.7518908381462097,0.6608818769454956,0.0754702165722847,0.09705232083797455,0.30620861053466797,0.3639017939567566,0.14878490567207336,-0.09235549718141556,0.5960055589675903,0.6580970287322998,0.0648009330034256,0.10333117097616196,0.44552311301231384,0.3452378809452057,0.13559341430664062,-0.14618219435214996,0.6897965669631958,0.6837311387062073,0.04598455876111984,0.09466319531202316,0.3397509753704071
yena_fall_normal_17,150,50,5.000661375661376,29.996032270863644,10,0.6297390460968018,0.15378905832767487,-0.24247626960277557,0.9868552088737488,0.6359540820121765,0.1613028645515442,-0.2579432427883148,0.9964203834533691,0.6356452703475952,0.16363634169101715,-0.2580089271068573,0.9969179034233093,0.6351891160011292,0.16555176675319672,-0.25818106532096863,0.9969190955162048,0.6366708874702454,0.16010649502277374,-0.24121154844760895,0.9915188550949097,0.6368530988693237,0.16124571859836578,-0.24117222428321838,0.990642249584198,0.6370733976364136,0.16165389120578766,-0.24115832149982452,0.9893333315849304,0.6339283585548401,0.18172991275787354,-0.2854022979736328,0.9985915422439575,0.6358855962753296,0.17280037701129913,-0.2055792510509491,0.9951891303062439,0.6228974461555481,0.16197361052036285,-0.24774692952632904,0.9963775277137756,0.6239404678344727,0.1621433049440384,-0.22501017153263092,0.992981493473053,0.5775571465492249,0.2170841246843338,-0.23663786053657532,0.9998114705085754,0.6243525743484497,0.1846875548362732,-0.16048383712768555,0.9963342547416687,0.5185517072677612,0.1914648860692978,-0.20425789058208466,0.8475485444068909,0.5880358219146729,0.1552051603794098,-0.08958788216114044,0.1140947937965393,0.49874863028526306,0.151993066072464,-0.1611194759607315,0.44727975130081177,0.5380834341049194,0.15102466940879822,-0.04097157344222069,0.08834195882081985,0.49226275086402893,0.1489223688840866,-0.16925090551376343,0.3811272978782654,0.5263639092445374,0.15281261503696442,-0.03508726507425308,0.08680330961942673,0.49806103110313416,0.1484297513961792,-0.17315027117729187,0.3924323618412018,0.5272679924964905,0.15652061998844147,-0.04104574769735336,0.08809041231870651,0.5011246800422668,0.14939957857131958,-0.16123782098293304,0.3681754767894745,0.5300389528274536,0.15734802186489105,-0.0412992425262928,0.08961383253335953,0.5431299805641174,0.18990029394626617,-0.026252223178744316,0.9998774528503418,0.5859516859054565,0.17449529469013214,0.02638254314661026,0.9991537928581238,0.4521053433418274,0.16122357547283173,-0.07557937502861023,0.7267346382141113,0.6345303058624268,0.15964306890964508,0.05280692130327225,0.24847321212291718,0.37231290340423584,0.14804770052433014,-0.0973234623670578,0.7724279165267944,0.6636636853218079,0.07527840882539749,0.09945383667945862,0.3187912106513977,0.36350947618484497,0.14736203849315643,-0.09989999234676361,0.6220900416374207,0.6607120633125305,0.06226963549852371,0.10617753863334656,0.46825262904167175,0.3436727523803711,0.13502433896064758,-0.15865187346935272,0.7145835757255554,0.6864326000213623,0.04612944275140762,0.09527410566806793,0.35919785499572754
yena_fall_normal_17,153,51,5.100674603174603,29.996032270863644,10,0.6295658349990845,0.15266819298267365,-0.26080402731895447,0.9867064356803894,0.6358381509780884,0.15954554080963135,-0.27654263377189636,0.9963603615760803,0.6355273127555847,0.16184230148792267,-0.276616632938385,0.9968637824058533,0.6320198774337769,0.15353074669837952,-0.27680763602256775,0.9968411326408386,0.636592447757721,0.15885408222675323,-0.2609456479549408,0.9913439750671387,0.6367778778076172,0.16031001508235931,-0.26090821623802185,0.9905522465705872,0.6369750499725342,0.16107448935508728,-0.2608913779258728,0.9890653491020203,0.6338720917701721,0.18130695819854736,-0.30254966020584106,0.998553454875946,0.6357510685920715,0.17314547300338745,-0.22884376347064972,0.9949855804443359,0.6226943135261536,0.16108553111553192,-0.2652587294578552,0.9963279366493225,0.6237463355064392,0.16172529757022858,-0.2439468502998352,0.9928544163703918,0.5768001079559326,0.2172757089138031,-0.24983085691928864,0.9998171925544739,0.6251649260520935,0.18453146517276764,-0.1776311695575714,0.9962092041969299,0.5164169669151306,0.19176127016544342,-0.2196362167596817,0.8478290438652039,0.5891920924186707,0.1553800255060196,-0.09391678124666214,0.10348261892795563,0.4900761842727661,0.1522078663110733,-0.1745031476020813,0.4331033229827881,0.5389071702957153,0.14885352551937103,-0.03694603592157364,0.07972867041826248,0.481823593378067,0.15034011006355286,-0.18102052807807922,0.3690532147884369,0.5272772908210754,0.14982286095619202,-0.028866488486528397,0.07852219045162201,0.48726996779441833,0.14876359701156616,-0.1892671287059784,0.38072365522384644,0.527619481086731,0.153256356716156,-0.03605496883392334,0.07974431663751602,0.49127286672592163,0.14989076554775238,-0.17590096592903137,0.35582780838012695,0.5303769111633301,0.1544763445854187,-0.0371694378554821,0.08123611658811569,0.5416284203529358,0.19044645130634308,-0.02610880881547928,0.9998849034309387,0.5857123732566833,0.17497362196445465,0.026224883273243904,0.9991441369056702,0.45095738768577576,0.16016148030757904,-0.06951931864023209,0.7417662739753723,0.6350564956665039,0.15881678462028503,0.053453851491212845,0.2387869954109192,0.3709724247455597,0.14766231179237366,-0.07650299370288849,0.7890118956565857,0.6607794165611267,0.0750098004937172,0.10214319080114365,0.3181993365287781,0.3624240756034851,0.1470494419336319,-0.07762645930051804,0.6399889588356018,0.6569679379463196,0.06094060838222504,0.10871539264917374,0.4769304692745209,0.3433327376842499,0.1359315812587738,-0.13261424005031586,0.7337520718574524,0.683597207069397,0.045686833560466766,0.09685494750738144,0.36410602927207947
yena_fall_normal_17,156,52,5.200687830687831,29.996032270863644,10,0.6296236515045166,0.15273112058639526,-0.2550162672996521,0.9867544174194336,0.6359545588493347,0.15984821319580078,-0.27056771516799927,0.9963192343711853,0.635650634765625,0.162275493144989,-0.27063560485839844,0.9968416094779968,0.6312274932861328,0.15184906125068665,-0.27081960439682007,0.9967670440673828,0.6367887258529663,0.15871906280517578,-0.255224347114563,0.9912647604942322,0.6369971036911011,0.16001589596271515,-0.2551892399787903,0.9905812740325928,0.6371782422065735,0.16064445674419403,-0.25517791509628296,0.9889014959335327,0.6340751647949219,0.18188485503196716,-0.2967885136604309,0.9985016584396362,0.6360266208648682,0.17303574085235596,-0.224481001496315,0.9948293566703796,0.6228103637695312,0.16162003576755524,-0.25951284170150757,0.9962829351425171,0.6238809823989868,0.16182301938533783,-0.23866723477840424,0.9927078485488892,0.5683389902114868,0.2192094624042511,-0.2461961954832077,0.9998188018798828,0.625691831111908,0.1850142925977707,-0.17459841072559357,0.9959973692893982,0.5160723924636841,0.1943189799785614,-0.21842683851718903,0.8494158983230591,0.5909720063209534,0.15460717678070068,-0.0855792760848999,0.0940411388874054,0.4872913062572479,0.15471261739730835,-0.17821760475635529,0.43262991309165955,0.5435493588447571,0.14373023808002472,-0.016994083300232887,0.07214032113552094,0.4781971871852875,0.15344032645225525,-0.18300777673721313,0.3687201142311096,0.5323423743247986,0.14310841262340546,-0.006556998006999493,0.0713590607047081,0.48365074396133423,0.15018047392368317,-0.1938830018043518,0.38141146302223206,0.5324679613113403,0.1458069235086441,-0.01401805505156517,0.07257577776908875,0.48801174759864807,0.15081508457660675,-0.18018603324890137,0.35562917590141296,0.5349045395851135,0.14767521619796753,-0.01688235253095627,0.07412368804216385,0.5415540933609009,0.19105121493339539,-0.02604323998093605,0.9998905062675476,0.5857324600219727,0.17534790933132172,0.026163250207901,0.9991114139556885,0.4509114623069763,0.15900711715221405,-0.06211110204458237,0.7543837428092957,0.6369375586509705,0.15475423634052277,0.07670669257640839,0.2304612696170807,0.3727613091468811,0.14706651866436005,-0.06638006865978241,0.8036083579063416,0.6608655452728271,0.07359517365694046,0.146623432636261,0.31832176446914673,0.36462512612342834,0.14586777985095978,-0.06749377399682999,0.6564132571220398,0.6567585468292236,0.05996621400117874,0.15572060644626617,0.48540547490119934,0.34436118602752686,0.1358346790075302,-0.12779204547405243,0.7505505084991455,0.6822219491004944,0.04273749142885208,0.14738060534000397,0.36675289273262024
yena_fall_normal_17,159,53,5.300701058201058,29.996032270863644,10,0.6295852065086365,0.15269674360752106,-0.2562609910964966,0.9869770407676697,0.6358944177627563,0.15930992364883423,-0.27244433760643005,0.99635249376297,0.6355989575386047,0.1617451012134552,-0.2725074887275696,0.9968680143356323,0.6329634785652161,0.15451207756996155,-0.2726856470108032,0.9967672228813171,0.6367098689079285,0.15813419222831726,-0.25646358728408813,0.9913747906684875,0.6369127631187439,0.15938864648342133,-0.2564280927181244,0.9907610416412354,0.6370886564254761,0.16010203957557678,-0.2564203441143036,0.9889981746673584,0.634032666683197,0.18180620670318604,-0.2995619475841522,0.9985029697418213,0.6359536051750183,0.17273831367492676,-0.22473235428333282,0.9947664141654968,0.6228261590003967,0.1620098203420639,-0.2608907222747803,0.9963262677192688,0.6238670945167542,0.1619863659143448,-0.2393040806055069,0.9927918314933777,0.5718631148338318,0.21878685057163239,-0.25117191672325134,0.999823272228241,0.6265234351158142,0.1853145956993103,-0.1731199473142624,0.9958399534225464,0.5158390998840332,0.19383074343204498,-0.21921440958976746,0.8470631241798401,0.5911687016487122,0.1547936052083969,-0.08396537601947784,0.08532029390335083,0.48913589119911194,0.1503036469221115,-0.17554578185081482,0.4254378080368042,0.5436996817588806,0.14377975463867188,-0.014198334887623787,0.06516391038894653,0.48044106364250183,0.1476050615310669,-0.18282492458820343,0.3629903197288513,0.5324473977088928,0.14359566569328308,-0.003833181457594037,0.06466880440711975,0.48641136288642883,0.14374051988124847,-0.1897822767496109,0.37581491470336914,0.5325453877449036,0.14621643722057343,-0.010834475047886372,0.065830297768116,0.4904748201370239,0.1444997489452362,-0.17642879486083984,0.3496019244194031,0.5349869132041931,0.14780642092227936,-0.01396381389349699,0.06736859679222107,0.5415666103363037,0.19141775369644165,-0.02667027711868286,0.9998978972434998,0.5860933661460876,0.17558878660202026,0.02679554931819439,0.9991126656532288,0.4506120979785919,0.15917536616325378,-0.0638105571269989,0.7696697115898132,0.6379116773605347,0.15498383343219757,0.08492794632911682,0.22350738942623138,0.3705857992172241,0.14322641491889954,-0.06798918545246124,0.8192290663719177,0.663195788860321,0.07387793809175491,0.15795153379440308,0.32234758138656616,0.3626767098903656,0.14218753576278687,-0.06909032166004181,0.6740959882736206,0.6593557596206665,0.060447707772254944,0.16718439757823944,0.495058536529541,0.34257832169532776,0.1162780150771141,-0.13080109655857086,0.7688475251197815,0.6843702793121338,0.04178707301616669,0.1589507907629013,0.373010516166687
yena_fall_normal_17,162,54,5.400714285714286,29.996032270863644,10,0.6299700140953064,0.1514168083667755,-0.25583478808403015,0.9871187806129456,0.635951578617096,0.15735946595668793,-0.27231255173683167,0.9963364005088806,0.6356363892555237,0.1597754806280136,-0.272378146648407,0.9968562126159668,0.6340410113334656,0.15675416588783264,-0.27255597710609436,0.9967199563980103,0.6366651654243469,0.1568709760904312,-0.25617295503616333,0.9913734197616577,0.6368552446365356,0.15828877687454224,-0.25614145398139954,0.9908630847930908,0.6370202302932739,0.15924347937107086,-0.25613895058631897,0.9889476299285889,0.6340528726577759,0.18075986206531525,-0.30166810750961304,0.9984776377677917,0.6358689069747925,0.17258773744106293,-0.2261880487203598,0.9946568608283997,0.6229537129402161,0.1616189181804657,-0.2613103687763214,0.9963185787200928,0.6238855719566345,0.1617555320262909,-0.2395484298467636,0.9927555322647095,0.5754106640815735,0.21633945405483246,-0.25740674138069153,0.9998303055763245,0.6263853907585144,0.18633799254894257,-0.17404820024967194,0.9957684874534607,0.5143600702285767,0.19439080357551575,-0.23406556248664856,0.8481027483940125,0.5911398530006409,0.15591080486774445,-0.09205237030982971,0.07747550308704376,0.48605862259864807,0.14704404771327972,-0.2013263702392578,0.4260142743587494,0.5412796139717102,0.14621540904045105,-0.01853235438466072,0.05889612436294556,0.4768589735031128,0.1430443972349167,-0.21280623972415924,0.362931489944458,0.5288707613945007,0.146379753947258,-0.013785642571747303,0.058640256524086,0.48329246044158936,0.13884149491786957,-0.21663247048854828,0.3760083317756653,0.5298742055892944,0.14844633638858795,-0.018545931205153465,0.059756308794021606,0.4874597191810608,0.14030218124389648,-0.20176108181476593,0.34924766421318054,0.5328871011734009,0.14974841475486755,-0.018033774569630623,0.061314135789871216,0.5414085984230042,0.1913495659828186,-0.02743486315011978,0.999904990196228,0.5857836604118347,0.1758202612400055,0.027538476511836052,0.99912428855896,0.450846403837204,0.15918219089508057,-0.05969851091504097,0.781602144241333,0.6359655261039734,0.15640699863433838,0.09207528084516525,0.21525852382183075,0.3641030192375183,0.13669519126415253,-0.05879693478345871,0.8317727446556091,0.6600522398948669,0.0736469104886055,0.17589601874351501,0.32358694076538086,0.36294132471084595,0.139778733253479,-0.05985547602176666,0.6860748529434204,0.6565151214599609,0.06037919968366623,0.18604223430156708,0.5002183318138123,0.3407575488090515,0.11012892425060272,-0.12900787591934204,0.7829700112342834,0.6795586347579956,0.03859545662999153,0.17859362065792084,0.37505683302879333
yena_fall_normal_17,165,55,5.500727513227513,29.996032270863644,10,0.6308236718177795,0.1503061205148697,-0.255364328622818,0.9871673583984375,0.6363691687583923,0.15631616115570068,-0.27081432938575745,0.9962548017501831,0.6360083222389221,0.15870951116085052,-0.2708880603313446,0.9968037009239197,0.6351215243339539,0.15781444311141968,-0.2710702121257782,0.9966156482696533,0.6369450688362122,0.15632390975952148,-0.25498905777931213,0.9912479519844055,0.6371036767959595,0.15793538093566895,-0.2549433410167694,0.9908458590507507,0.6372172832489014,0.15897537767887115,-0.25492581725120544,0.98875492811203,0.6341787576675415,0.17966747283935547,-0.29839786887168884,0.9984076619148254,0.6358920335769653,0.17243070900440216,-0.22450824081897736,0.9945292472839355,0.623498260974884,0.16125117242336273,-0.26010119915008545,0.9962713718414307,0.6245745420455933,0.16123458743095398,-0.23865695297718048,0.9926363825798035,0.5688244104385376,0.21775224804878235,-0.2536882758140564,0.9998339414596558,0.6267073154449463,0.18661090731620789,-0.1734573096036911,0.9956856369972229,0.5142741203308105,0.19511912763118744,-0.23122605681419373,0.8515459299087524,0.5935536026954651,0.15610358119010925,-0.08287457376718521,0.07069786638021469,0.4862120747566223,0.1481976956129074,-0.19635702669620514,0.429250031709671,0.5490167737007141,0.14187504351139069,-0.005443827714771032,0.05340082198381424,0.477146178483963,0.1444268375635147,-0.2077033519744873,0.3660135567188263,0.5384690165519714,0.14029741287231445,0.005067635793238878,0.05351254343986511,0.4833393096923828,0.14044153690338135,-0.21084703505039215,0.3796992897987366,0.538615882396698,0.142273411154747,-0.0028428551740944386,0.05463728308677673,0.48764288425445557,0.14151906967163086,-0.19674579799175262,0.3521108329296112,0.5405814051628113,0.14417186379432678,-0.005402612034231424,0.05627065896987915,0.5414068102836609,0.19179271161556244,-0.027077078819274902,0.9999081492424011,0.5857911705970764,0.17589248716831207,0.027199095115065575,0.999066948890686,0.45096832513809204,0.1593077927827835,-0.05233151465654373,0.7893804311752319,0.6349135637283325,0.15411463379859924,0.08630892634391785,0.20675602555274963,0.3668532371520996,0.13724906742572784,-0.05462443456053734,0.8423845171928406,0.6613503694534302,0.0722760483622551,0.17181770503520966,0.3196309506893158,0.36095553636550903,0.13945059478282928,-0.055661391466856,0.6977217197418213,0.6582707166671753,0.059432998299598694,0.18258661031723022,0.5038979053497314,0.33948081731796265,0.11146117746829987,-0.12005902826786041,0.7945268154144287,0.681357741355896,0.03610216826200485,0.1770537942647934,0.37147361040115356
yena_fall_normal_17,168,56,5.600740740740741,29.996032270863644,10,0.6309792995452881,0.15077777206897736,-0.2568894028663635,0.9874151945114136,0.6365545392036438,0.15700089931488037,-0.27339398860931396,0.9962080717086792,0.6362649202346802,0.15938957035541534,-0.2734445631504059,0.9967918395996094,0.6357323527336121,0.1580931842327118,-0.27361243963241577,0.9965353608131409,0.6370825171470642,0.1567414402961731,-0.25758421421051025,0.9912503361701965,0.637203574180603,0.1582721471786499,-0.25757214426994324,0.9909756779670715,0.6372803449630737,0.15921926498413086,-0.2575851082801819,0.9887516498565674,0.6343316435813904,0.1799229234457016,-0.3014819025993347,0.9983499646186829,0.6358752846717834,0.1723184734582901,-0.22740484774112701,0.994467556476593,0.6238864064216614,0.16152150928974152,-0.2615547478199005,0.996239185333252,0.6247377991676331,0.16144342720508575,-0.24017873406410217,0.9926047325134277,0.571401834487915,0.21788516640663147,-0.25283414125442505,0.99983811378479,0.6267355680465698,0.1867632120847702,-0.17525313794612885,0.9957333207130432,0.5143201351165771,0.19546888768672943,-0.22742748260498047,0.8546830415725708,0.5963554978370667,0.15401966869831085,-0.0812259390950203,0.06497763097286224,0.4925302267074585,0.14721018075942993,-0.1955370157957077,0.4368506968021393,0.5562753677368164,0.13333183526992798,-0.005596163682639599,0.04870178923010826,0.48426780104637146,0.1416381299495697,-0.2057202011346817,0.3736823797225952,0.5467842221260071,0.1293562948703766,0.005451035685837269,0.04933978617191315,0.4916016757488251,0.13834528625011444,-0.21032625436782837,0.3882530629634857,0.5466058254241943,0.13192588090896606,-0.0032121457625180483,0.05055510252714157,0.4953063726425171,0.1401282548904419,-0.19615724682807922,0.35926079750061035,0.5479954481124878,0.13472843170166016,-0.005670469719916582,0.052377574145793915,0.5409441590309143,0.19208237528800964,-0.02697060815989971,0.9999119639396667,0.5857162475585938,0.1762828826904297,0.027091676369309425,0.9990454316139221,0.4506630599498749,0.15934394299983978,-0.049286916851997375,0.7992745637893677,0.6339423656463623,0.1540922224521637,0.09427998214960098,0.2011725902557373,0.3661242425441742,0.13739632070064545,-0.05256139487028122,0.852857232093811,0.6614781618118286,0.07153236865997314,0.1863769143819809,0.3189936578273773,0.35851725935935974,0.13947072625160217,-0.053507085889577866,0.7084746956825256,0.6585373282432556,0.058524809777736664,0.19791637361049652,0.5101384520530701,0.33833301067352295,0.11151836067438126,-0.11468150466680527,0.8063552379608154,0.6822877526283264,0.034242935478687286,0.19503456354141235,0.37135079503059387
yena_fall_normal_17,171,57,5.700753968253968,29.996032270863644,10,0.6309670805931091,0.15101997554302216,-0.25974035263061523,0.9874472618103027,0.6365512013435364,0.1574268788099289,-0.27611997723579407,0.9961351156234741,0.6362789869308472,0.15981441736221313,-0.2761698067188263,0.9967599511146545,0.6358268857002258,0.15829481184482574,-0.2763410210609436,0.9964494705200195,0.6370659470558167,0.15698038041591644,-0.26047375798225403,0.9911362528800964,0.6371751427650452,0.15848194062709808,-0.2604661285877228,0.990977942943573,0.6372444033622742,0.15938523411750793,-0.26048487424850464,0.9885692000389099,0.6342976689338684,0.18006712198257446,-0.30381521582603455,0.9983074069023132,0.6358412504196167,0.17238229513168335,-0.23041896522045135,0.9943592548370361,0.6239733099937439,0.16171838343143463,-0.2643391191959381,0.9962090253829956,0.6247491836547852,0.16160818934440613,-0.24315659701824188,0.9925401210784912,0.5723826289176941,0.21794888377189636,-0.25455430150032043,0.9998423457145691,0.626768946647644,0.18694576621055603,-0.17782051861286163,0.9957193732261658,0.5123459696769714,0.19575798511505127,-0.2298555076122284,0.859041154384613,0.595811665058136,0.1535136103630066,-0.08050432056188583,0.05949994549155235,0.49016353487968445,0.1455828696489334,-0.20221760869026184,0.4421401023864746,0.5540450811386108,0.13307225704193115,0.0018125945935025811,0.044290728867053986,0.4815431535243988,0.13981619477272034,-0.2124188095331192,0.37888509035110474,0.5440717935562134,0.1298646181821823,0.01400033663958311,0.045263227075338364,0.48922619223594666,0.1358165144920349,-0.21804967522621155,0.39391931891441345,0.5441376566886902,0.13220420479774475,0.00576045922935009,0.04649907350540161,0.49314770102500916,0.13742166757583618,-0.20323233306407928,0.36345067620277405,0.5456773042678833,0.13475970923900604,0.0020805438980460167,0.04839564487338066,0.5406360030174255,0.19266760349273682,-0.026921134442090988,0.9999154806137085,0.5858305096626282,0.1773814558982849,0.027053693309426308,0.9990209937095642,0.44923195242881775,0.15867604315280914,-0.0490395613014698,0.8096441626548767,0.6360666751861572,0.1540936976671219,0.08932200074195862,0.19692672789096832,0.36492273211479187,0.1377444714307785,-0.052217792719602585,0.8631622791290283,0.6636791229248047,0.07162367552518845,0.17403386533260345,0.32143738865852356,0.3567919433116913,0.1395537257194519,-0.053095538169145584,0.7205241322517395,0.66029953956604,0.058512069284915924,0.18467193841934204,0.5174449682235718,0.33525973558425903,0.10740125179290771,-0.11441169679164886,0.8182528018951416,0.6849796772003174,0.03504665940999985,0.17765872180461884,0.3746083378791809
yena_fall_normal_17,174,58,5.800767195767196,29.996032270863644,10,0.6312149167060852,0.15056753158569336,-0.2587457597255707,0.9877253174781799,0.6365653276443481,0.15735167264938354,-0.27539926767349243,0.9961908459663391,0.6363072991371155,0.15967637300491333,-0.27545055747032166,0.9968217015266418,0.6359108686447144,0.15897521376609802,-0.275623619556427,0.996482253074646,0.6370664834976196,0.1569051742553711,-0.2593156397342682,0.9912967681884766,0.6371650099754333,0.15844683349132538,-0.2593047320842743,0.9912108778953552,0.6372239589691162,0.15938061475753784,-0.2593185305595398,0.9887696504592896,0.6342772841453552,0.17978453636169434,-0.3041653335094452,0.998328447341919,0.6358049511909485,0.17239068448543549,-0.22874663770198822,0.9943974614143372,0.624072790145874,0.16156654059886932,-0.26369035243988037,0.9962757229804993,0.6249918341636658,0.1612691879272461,-0.24197135865688324,0.9926808476448059,0.5731903910636902,0.21778938174247742,-0.25518929958343506,0.9998449087142944,0.6267940402030945,0.18711958825588226,-0.17676085233688354,0.9956481456756592,0.5124185085296631,0.19432900846004486,-0.22864599525928497,0.8593267202377319,0.595359742641449,0.15361635386943817,-0.08170607686042786,0.05455206707119942,0.49254879355430603,0.1429423838853836,-0.1848592907190323,0.43847301602363586,0.5523647665977478,0.13451191782951355,-0.0070425719022750854,0.04022149741649628,0.4846579432487488,0.13671168684959412,-0.1940363198518753,0.3761540949344635,0.54215407371521,0.13161379098892212,0.0032388740219175816,0.041415195912122726,0.4926908612251282,0.1328783631324768,-0.20033970475196838,0.39137962460517883,0.5423059463500977,0.1344112902879715,-0.004637415986508131,0.04263046756386757,0.4961761236190796,0.13485915958881378,-0.18552112579345703,0.3604600131511688,0.544028103351593,0.13683508336544037,-0.0069976672530174255,0.044535763561725616,0.5403894186019897,0.19404219090938568,-0.027019476518034935,0.999920129776001,0.5858534574508667,0.1789236068725586,0.02716669999063015,0.9990240931510925,0.4487145245075226,0.15850600600242615,-0.05568255856633186,0.8212844133377075,0.6361585259437561,0.1540938913822174,0.0983557179570198,0.1950761079788208,0.36332839727401733,0.13818784058094025,-0.06615263223648071,0.8734913468360901,0.6636976003646851,0.0713564082980156,0.1854257881641388,0.326292484998703,0.3548940122127533,0.13983331620693207,-0.0677877888083458,0.7328479886054993,0.6602945327758789,0.057948775589466095,0.19630646705627441,0.5255076885223389,0.3350161612033844,0.10470342636108398,-0.1320844143629074,0.8305549025535583,0.6850854158401489,0.035075798630714417,0.18910926580429077,0.37996014952659607
yena_fall_normal_17,177,59,5.900780423280423,29.996032270863644,10,0.6312283277511597,0.15052558481693268,-0.24453121423721313,0.9879590272903442,0.6365398168563843,0.15742050111293793,-0.2611987292766571,0.9962486028671265,0.6362810730934143,0.15968602895736694,-0.2612513601779938,0.9968694448471069,0.6358683705329895,0.1594294011592865,-0.2614232301712036,0.9965195655822754,0.6370443105697632,0.15697801113128662,-0.2447269856929779,0.9914928078651428,0.6371432542800903,0.15851911902427673,-0.24471430480480194,0.9914536476135254,0.6372048854827881,0.15944504737854004,-0.24473066627979279,0.9890488386154175,0.6342486143112183,0.17945942282676697,-0.29278364777565,0.9983387589454651,0.6357756853103638,0.17240753769874573,-0.21538928151130676,0.9944878220558167,0.6240755319595337,0.16147853434085846,-0.25077709555625916,0.9963575601577759,0.6250633597373962,0.16113822162151337,-0.22848744690418243,0.992879331111908,0.5737308859825134,0.21734611690044403,-0.24695052206516266,0.9998459815979004,0.6220256686210632,0.19251678884029388,-0.16608434915542603,0.9955682158470154,0.5128898024559021,0.19332388043403625,-0.21464301645755768,0.8545980453491211,0.5935894250869751,0.1544531136751175,-0.07201902568340302,0.04992194473743439,0.4926809072494507,0.14367219805717468,-0.17115019261837006,0.42451155185699463,0.5513054132461548,0.1370258629322052,0.006656510755419731,0.03645649924874306,0.48488977551460266,0.13815172016620636,-0.17955371737480164,0.3654178977012634,0.5412889122962952,0.13408806920051575,0.017758693546056747,0.03778093680739403,0.4924618601799011,0.13442914187908173,-0.1854710429906845,0.38030967116355896,0.5408936142921448,0.13771305978298187,0.010335886850953102,0.038941606879234314,0.4959298372268677,0.13603347539901733,-0.17185036838054657,0.3499246835708618,0.5425704717636108,0.14019210636615753,0.007003703620284796,0.040807824581861496,0.5403600931167603,0.19465866684913635,-0.02734929881989956,0.9999244809150696,0.5858250856399536,0.1795622855424881,0.027505194768309593,0.9990291595458984,0.4482918679714203,0.15838241577148438,-0.0664236918091774,0.8330752849578857,0.6367318034172058,0.15477930009365082,0.09873104095458984,0.19423656165599823,0.36178264021873474,0.13838936388492584,-0.0834217444062233,0.8831145763397217,0.6635409593582153,0.07157547026872635,0.1794300377368927,0.33214884996414185,0.35305920243263245,0.1398829221725464,-0.085627980530262,0.7448464632034302,0.660072386264801,0.05808660015463829,0.18964940309524536,0.5342923998832703,0.334668904542923,0.10336384922266006,-0.1501990258693695,0.8420250415802002,0.6843755841255188,0.03533873334527016,0.18245121836662292,0.38648876547813416
yena_fall_normal_17,180,60,6.000793650793651,29.996032270863644,10,0.6307476758956909,0.15059800446033478,-0.23277616500854492,0.9882824420928955,0.6362123489379883,0.1575743854045868,-0.24955154955387115,0.9963346719741821,0.635991096496582,0.15983997285366058,-0.24960634112358093,0.9969281554222107,0.6357454657554626,0.15958347916603088,-0.24977265298366547,0.9965839385986328,0.6366961598396301,0.1570841670036316,-0.23340405523777008,0.9917410016059875,0.6367857456207275,0.15861016511917114,-0.23338603973388672,0.991718053817749,0.636830747127533,0.15951883792877197,-0.23340556025505066,0.9893891215324402,0.6341476440429688,0.17943426966667175,-0.28250548243522644,0.9983552098274231,0.6356021165847778,0.17240053415298462,-0.20694606006145477,0.9946232438087463,0.6239643692970276,0.16147305071353912,-0.23960453271865845,0.996479332447052,0.6247809529304504,0.16121110320091248,-0.21779529750347137,0.9931340217590332,0.5678160786628723,0.21817104518413544,-0.23926223814487457,0.9998489618301392,0.6196754574775696,0.1952192485332489,-0.158625528216362,0.9955328106880188,0.5129124522209167,0.19350145757198334,-0.2094939798116684,0.8510072827339172,0.5921716094017029,0.15748654305934906,-0.06448952108621597,0.04566385596990585,0.4910655915737152,0.14425696432590485,-0.17071442306041718,0.4146886169910431,0.5497182607650757,0.13911719620227814,0.01968296803534031,0.033046066761016846,0.48285338282585144,0.13885998725891113,-0.1791732758283615,0.35807907581329346,0.5397253036499023,0.1357952058315277,0.03238561004400253,0.03446130082011223,0.4897310137748718,0.13540278375148773,-0.18497438728809357,0.3724512457847595,0.5390554070472717,0.13916465640068054,0.02493002638220787,0.035562194883823395,0.4934252202510834,0.1367615908384323,-0.17160150408744812,0.3422078788280487,0.5406883358955383,0.1417161524295807,0.02017097920179367,0.03738493472337723,0.5402914881706238,0.19590607285499573,-0.027620727196335793,0.9999286532402039,0.5857700109481812,0.18095336854457855,0.027774173766374588,0.9990341067314148,0.44798311591148376,0.15827421844005585,-0.06778242439031601,0.843611478805542,0.6386768817901611,0.15487240254878998,0.10264718532562256,0.19193406403064728,0.36268991231918335,0.138223335146904,-0.08244261890649796,0.8916134834289551,0.6642138361930847,0.07183961570262909,0.18096569180488586,0.3343975841999054,0.35419100522994995,0.13940007984638214,-0.08434408158063889,0.7555478811264038,0.6604721546173096,0.058515436947345734,0.19090628623962402,0.5388645529747009,0.3361167013645172,0.10190743207931519,-0.14667801558971405,0.8519766926765442,0.6846006512641907,0.035401057451963425,0.1849467009305954,0.38878220319747925
yena_fall_normal_17,183,61,6.100806878306878,29.996032270863644,10,0.629942774772644,0.15015867352485657,-0.23970411717891693,0.9883268475532532,0.6351353526115417,0.1565934121608734,-0.25797760486602783,0.9963613748550415,0.6348398327827454,0.1586969941854477,-0.2580559551715851,0.996931254863739,0.6346074938774109,0.15920789539813995,-0.2582525312900543,0.9966081976890564,0.6359673142433167,0.15622422099113464,-0.24093510210514069,0.9917832016944885,0.636152446269989,0.1577090620994568,-0.24089480936527252,0.9917715191841125,0.6362689137458801,0.15863925218582153,-0.24090267717838287,0.9894357919692993,0.6335695385932922,0.1784820854663849,-0.2944335639476776,0.9983766078948975,0.635475754737854,0.17199647426605225,-0.2166300266981125,0.9946649074554443,0.6229941248893738,0.15985451638698578,-0.24834676086902618,0.9965600967407227,0.6243281960487366,0.15970997512340546,-0.22543352842330933,0.9932862520217896,0.5655122399330139,0.2182423174381256,-0.2507539987564087,0.9998568892478943,0.6220864057540894,0.19387467205524445,-0.16338267922401428,0.9956162571907043,0.5112457871437073,0.19491258263587952,-0.22943946719169617,0.8537081480026245,0.5912238359451294,0.1602676808834076,-0.06916085630655289,0.041702598333358765,0.48110231757164,0.1485409140586853,-0.1983436644077301,0.41134434938430786,0.544760525226593,0.14276982843875885,0.007279112935066223,0.029905013740062714,0.47163525223731995,0.14671404659748077,-0.20881226658821106,0.35479670763015747,0.5338533520698547,0.14048415422439575,0.017678886651992798,0.031330402940511703,0.4773148000240326,0.14150412380695343,-0.21434061229228973,0.36856570839881897,0.5338176488876343,0.14297260344028473,0.01061590388417244,0.03236006572842598,0.4817008674144745,0.14057308435440063,-0.19956175982952118,0.3377888798713684,0.5357551574707031,0.14506766200065613,0.00780910812318325,0.034113481640815735,0.5403098464012146,0.1960192769765854,-0.027803415432572365,0.9999330043792725,0.5858492255210876,0.1812756210565567,0.027963344007730484,0.9990557432174683,0.4480796754360199,0.1579793095588684,-0.07431185245513916,0.8492032885551453,0.6385303735733032,0.15653660893440247,0.08011136949062347,0.1865222305059433,0.3607290983200073,0.13598419725894928,-0.09181850403547287,0.8966450691223145,0.6656978726387024,0.0722748190164566,0.14096945524215698,0.3299627900123596,0.3552212119102478,0.13942945003509521,-0.09405108541250229,0.7600128650665283,0.6624301671981812,0.058538589626550674,0.1491955816745758,0.5381022095680237,0.33507075905799866,0.10281757265329361,-0.15413574874401093,0.8571056723594666,0.6872225403785706,0.036952871829271317,0.14037522673606873,0.3868163824081421
yena_fall_normal_17,186,62,6.200820105820106,29.996032270863644,10,0.6293913722038269,0.14994220435619354,-0.24136503040790558,0.9886518716812134,0.6345483064651489,0.1561250388622284,-0.25895312428474426,0.9964559674263,0.634242594242096,0.15815843641757965,-0.2590194344520569,0.9969935417175293,0.6340115666389465,0.1590557098388672,-0.25920480489730835,0.9966914653778076,0.6355102062225342,0.1558615267276764,-0.2426765263080597,0.9920254945755005,0.6357420682907104,0.157345250248909,-0.24264459311962128,0.9920346736907959,0.6358962655067444,0.15829306840896606,-0.24265342950820923,0.989748477935791,0.6332724094390869,0.17792445421218872,-0.2953346073627472,0.9984187483787537,0.6353505253791809,0.17179177701473236,-0.21700580418109894,0.9948242902755737,0.6224239468574524,0.15908604860305786,-0.24848200380802155,0.9966719150543213,0.6237790584564209,0.15934178233146667,-0.22665193676948547,0.9935251474380493,0.5746127367019653,0.2150413542985916,-0.2528546154499054,0.9998657703399658,0.6189558506011963,0.19646809995174408,-0.16411593556404114,0.9958016276359558,0.5131851434707642,0.1988922357559204,-0.23602986335754395,0.8569774627685547,0.5881277322769165,0.16340279579162598,-0.07269395142793655,0.03811509907245636,0.4805479645729065,0.15070298314094543,-0.20847098529338837,0.40731051564216614,0.539970338344574,0.14735007286071777,0.0030113121028989553,0.02705695480108261,0.4714994728565216,0.14986678957939148,-0.2198537439107895,0.35067668557167053,0.5287244915962219,0.146131694316864,0.014633487910032272,0.028468651697039604,0.4770890772342682,0.14454470574855804,-0.2240634560585022,0.363635390996933,0.5290921926498413,0.1477576345205307,0.0063691092655062675,0.029423264786601067,0.48125895857810974,0.1430133879184723,-0.20926089584827423,0.3322238028049469,0.5314172506332397,0.14922769367694855,0.00302619650028646,0.03110336884856224,0.5400768518447876,0.19489982724189758,-0.028659779578447342,0.9999377727508545,0.5853449106216431,0.18068647384643555,0.028812114149332047,0.9991001486778259,0.44809457659721375,0.15755867958068848,-0.07834547013044357,0.8568882942199707,0.6382122039794922,0.1589251011610031,0.0717974454164505,0.1838565170764923,0.35773715376853943,0.13387718796730042,-0.09831033647060394,0.9020676612854004,0.6667543649673462,0.07351364195346832,0.13238050043582916,0.3332102298736572,0.35124823451042175,0.139479860663414,-0.1006186231970787,0.7667537927627563,0.6641268134117126,0.05881761014461517,0.14049942791461945,0.5450983643531799,0.334250807762146,0.10320498794317245,-0.1592361181974411,0.8632004261016846,0.6895236372947693,0.040445297956466675,0.13055966794490814,0.3935016393661499
yena_fall_normal_17,189,63,6.300833333333333,29.996032270863644,10,0.6293213367462158,0.14991848170757294,-0.2448618859052658,0.9891312718391418,0.6345489621162415,0.15607629716396332,-0.2620523273944855,0.9966137409210205,0.6342342495918274,0.15814131498336792,-0.26212963461875916,0.9971166253089905,0.6340013146400452,0.1591973900794983,-0.2623223066329956,0.996830403804779,0.6354666352272034,0.15578660368919373,-0.24513745307922363,0.992391049861908,0.6356959939002991,0.15725106000900269,-0.24508969485759735,0.9924268126487732,0.6358470916748047,0.15819284319877625,-0.24508072435855865,0.9902348518371582,0.6332706212997437,0.1778196543455124,-0.2971992492675781,0.9984915852546692,0.6353428363800049,0.1717509776353836,-0.21808795630931854,0.9950751662254333,0.6223825812339783,0.1589002162218094,-0.2525298595428467,0.9968134164810181,0.6237651109695435,0.15902015566825867,-0.22980371117591858,0.9938353896141052,0.5761503577232361,0.21267808973789215,-0.25456950068473816,0.9998736381530762,0.6182158589363098,0.19718174636363983,-0.16576136648654938,0.9959840774536133,0.5130297541618347,0.1971227079629898,-0.23334747552871704,0.8583343625068665,0.5858566761016846,0.1654054820537567,-0.08819267898797989,0.03495914489030838,0.4814024567604065,0.15051928162574768,-0.20177944004535675,0.3997777998447418,0.5358286499977112,0.15325376391410828,-0.026572663336992264,0.02448553964495659,0.4731963574886322,0.14981313049793243,-0.2121829390525818,0.3435983657836914,0.524150550365448,0.15313634276390076,-0.017697649076581,0.02586967870593071,0.47895583510398865,0.1444440335035324,-0.2171737402677536,0.35603728890419006,0.5246884822845459,0.15528669953346252,-0.026090146973729134,0.02675766870379448,0.4827488660812378,0.1430521309375763,-0.20276707410812378,0.32490020990371704,0.5274255871772766,0.15631136298179626,-0.027215439826250076,0.028366470709443092,0.5400637984275818,0.1930803507566452,-0.028960539028048515,0.9999422430992126,0.5853086709976196,0.18020235002040863,0.02910481207072735,0.9991486072540283,0.44845888018608093,0.15635737776756287,-0.07573936879634857,0.8631501197814941,0.6380637288093567,0.16013649106025696,0.06322664022445679,0.18166568875312805,0.3592890799045563,0.13516585528850555,-0.09299783408641815,0.9059779644012451,0.6669058203697205,0.07351764291524887,0.11796451359987259,0.3343425691127777,0.3520875871181488,0.13987259566783905,-0.095174640417099,0.7694951891899109,0.6645948886871338,0.05858306586742401,0.12534569203853607,0.5491560101509094,0.33501818776130676,0.10372839868068695,-0.1521368771791458,0.8679465651512146,0.689716100692749,0.040598370134830475,0.11610915511846542,0.39946696162223816
yena_fall_normal_17,192,64,6.400846560846561,29.996032270863644,10,0.6288922429084778,0.1499420553445816,-0.26250144839286804,0.9896714687347412,0.6343872547149658,0.1561295986175537,-0.2790360748767853,0.9967743158340454,0.6340464949607849,0.15822240710258484,-0.2790994346141815,0.997257649898529,0.6337852478027344,0.1593063771724701,-0.27928006649017334,0.9969758987426758,0.6353641748428345,0.15567637979984283,-0.2625720500946045,0.9927406311035156,0.6356068253517151,0.15708822011947632,-0.2625352740287781,0.9928086996078491,0.6357675790786743,0.15797299146652222,-0.2625296413898468,0.99067223072052,0.6331611275672913,0.1778542697429657,-0.3085919916629791,0.9985668659210205,0.635321855545044,0.1715848445892334,-0.2316269725561142,0.9952918291091919,0.6221454739570618,0.15872275829315186,-0.267966628074646,0.9969689249992371,0.6235514879226685,0.15880516171455383,-0.24572202563285828,0.9941299557685852,0.5757792592048645,0.213069885969162,-0.26141273975372314,0.9998801350593567,0.6184691190719604,0.19747067987918854,-0.17690931260585785,0.9961075782775879,0.5126132369041443,0.19713357090950012,-0.23999080061912537,0.8620588183403015,0.5862790942192078,0.16515004634857178,-0.0904042199254036,0.032216522842645645,0.4823904037475586,0.14763762056827545,-0.20711369812488556,0.400948703289032,0.5374051928520203,0.15327195823192596,-0.020755665376782417,0.02223609760403633,0.4741267263889313,0.14623795449733734,-0.21780818700790405,0.34463274478912354,0.5259912610054016,0.15288300812244415,-0.011014161631464958,0.023653799667954445,0.4800799489021301,0.14107735455036163,-0.22320719063282013,0.3567289113998413,0.5263646245002747,0.155157670378685,-0.019354764372110367,0.024497296661138535,0.4838985800743103,0.1402030736207962,-0.2081039398908615,0.3246815502643585,0.5288868546485901,0.15628308057785034,-0.02123967930674553,0.026072990149259567,0.5396990180015564,0.19193291664123535,-0.028910314664244652,0.999945878982544,0.5853036046028137,0.17917729914188385,0.02905367873609066,0.9991785883903503,0.4484308958053589,0.15641389787197113,-0.07277385890483856,0.8709133863449097,0.6396293044090271,0.1588665097951889,0.06814230233430862,0.18423306941986084,0.360364705324173,0.13529253005981445,-0.0890168845653534,0.9119108319282532,0.6688777208328247,0.07352441549301147,0.13135017454624176,0.34240761399269104,0.3525101840496063,0.13964499533176422,-0.09081301838159561,0.7780380845069885,0.666091799736023,0.05853791907429695,0.1397140622138977,0.5578916072845459,0.3343663513660431,0.10401681810617447,-0.1481771618127823,0.875866174697876,0.691815972328186,0.04215974360704422,0.12970170378684998,0.41241201758384705
yena_fall_normal_17,195,65,6.500859788359788,29.996032270863644,10,0.628897488117218,0.14984025061130524,-0.2663506269454956,0.9898710250854492,0.6344118714332581,0.15606394410133362,-0.28263530135154724,0.9968469738960266,0.6340553760528564,0.15819811820983887,-0.2827007472515106,0.9973158240318298,0.6338069438934326,0.1593911349773407,-0.28288382291793823,0.9970383048057556,0.6353725790977478,0.15554207563400269,-0.26630526781082153,0.9928650259971619,0.6356173753738403,0.15691599249839783,-0.2662695050239563,0.9929465055465698,0.6357794404029846,0.15777277946472168,-0.26626551151275635,0.9907940030097961,0.6331990957260132,0.17779669165611267,-0.31174468994140625,0.9986011981964111,0.635367751121521,0.1713487207889557,-0.23523762822151184,0.9953337907791138,0.6221448183059692,0.1586306095123291,-0.2718161344528198,0.9970449209213257,0.6235660314559937,0.158511683344841,-0.24966317415237427,0.9942553043365479,0.5757032632827759,0.21332304179668427,-0.2636123597621918,0.9998849630355835,0.6216051578521729,0.19332066178321838,-0.18182937800884247,0.9961411952972412,0.5100311636924744,0.19702540338039398,-0.24274450540542603,0.86476069688797,0.5865123867988586,0.16493701934814453,-0.09383223205804825,0.029629509896039963,0.4781079590320587,0.14827077090740204,-0.21109676361083984,0.40184831619262695,0.5361640453338623,0.15275514125823975,-0.019470328465104103,0.02021518163383007,0.4688529968261719,0.14750167727470398,-0.22234416007995605,0.34524187445640564,0.5243467688560486,0.15219151973724365,-0.009052292443811893,0.021668458357453346,0.4744683802127838,0.14188049733638763,-0.22812491655349731,0.3572794198989868,0.5243290662765503,0.15445899963378906,-0.0171672273427248,0.022477708756923676,0.47877103090286255,0.1407335102558136,-0.2124159336090088,0.3243444263935089,0.526884138584137,0.15572276711463928,-0.019616033881902695,0.02402883768081665,0.5392877459526062,0.1912987381219864,-0.028824131935834885,0.9999487400054932,0.5852785706520081,0.17856767773628235,0.028965851292014122,0.9991928935050964,0.4482744634151459,0.15642911195755005,-0.06618855148553848,0.8756265044212341,0.6403620839118958,0.15799705684185028,0.0721399113535881,0.1812598556280136,0.36082640290260315,0.13619521260261536,-0.07414648681879044,0.9160904288291931,0.6683188676834106,0.07353154569864273,0.13413789868354797,0.3409091532230377,0.35272905230522156,0.1397511214017868,-0.07527683675289154,0.7811931371688843,0.6652052402496338,0.058596421033144,0.14213918149471283,0.5564561486244202,0.33395224809646606,0.103940449655056,-0.13422247767448425,0.8809829950332642,0.6909735202789307,0.042867474257946014,0.13237637281417847,0.41423219442367554
yena_fall_normal_17,198,66,6.600873015873016,29.996032270863644,10,0.6292019486427307,0.149851456284523,-0.2639143466949463,0.989944577217102,0.6348941326141357,0.1561030149459839,-0.2803192734718323,0.9969143867492676,0.634555459022522,0.15824797749519348,-0.2803860008716583,0.9973617792129517,0.6343438625335693,0.15940706431865692,-0.2805726230144501,0.9970927238464355,0.6357080936431885,0.15544942021369934,-0.26405537128448486,0.9929537773132324,0.6361873745918274,0.15651004016399384,-0.2640174329280853,0.9930309057235718,0.6363914608955383,0.15718324482440948,-0.26400619745254517,0.9908937811851501,0.6335273385047913,0.17781412601470947,-0.30996400117874146,0.9986339807510376,0.6358680725097656,0.17054493725299835,-0.2337966412305832,0.9953866600990295,0.6224862933158875,0.1586683839559555,-0.2696891725063324,0.9971029758453369,0.6238710284233093,0.1582711786031723,-0.24761460721492767,0.9943674206733704,0.5759546756744385,0.21244484186172485,-0.26102137565612793,0.9998895525932312,0.6240183115005493,0.19151127338409424,-0.18295620381832123,0.9961963891983032,0.5116080641746521,0.20189400017261505,-0.23601414263248444,0.8644447922706604,0.5867131948471069,0.1648530215024948,-0.0973944365978241,0.027312397956848145,0.47947677969932556,0.1490488052368164,-0.19203180074691772,0.3944084346294403,0.5358225703239441,0.15334242582321167,-0.02588055096566677,0.018368391320109367,0.4704621434211731,0.14841705560684204,-0.20210687816143036,0.3386041820049286,0.5240536332130432,0.1532178372144699,-0.016355939209461212,0.01982828415930271,0.47628113627433777,0.14274944365024567,-0.20744618773460388,0.3507595360279083,0.5238348841667175,0.15550601482391357,-0.024039089679718018,0.020604314282536507,0.48045703768730164,0.1417096108198166,-0.1931237280368805,0.31816309690475464,0.526328444480896,0.15674392879009247,-0.025958789512515068,0.022108489647507668,0.5397981405258179,0.19105957448482513,-0.028156492859125137,0.9999517798423767,0.5862215161323547,0.17854706943035126,0.02829870581626892,0.9992170929908752,0.450356662273407,0.15647366642951965,-0.06618750840425491,0.8729477524757385,0.6405776739120483,0.15711769461631775,0.07181750982999802,0.174020454287529,0.37033402919769287,0.13758514821529388,-0.07445333153009415,0.9154226779937744,0.6679980754852295,0.07256878167390823,0.130116805434227,0.32903537154197693,0.36252984404563904,0.14023257791996002,-0.07566642016172409,0.7742226123809814,0.6647956967353821,0.05758785083889961,0.1379927098751068,0.5444663166999817,0.3431399464607239,0.10880544781684875,-0.13244415819644928,0.8805021643638611,0.6903310418128967,0.04232606291770935,0.13068720698356628,0.40545061230659485
yena_fall_normal_17,201,67,6.700886243386243,29.996032270863644,10,0.6294656991958618,0.14978015422821045,-0.2621830105781555,0.9904484748840332,0.6353539824485779,0.1560884565114975,-0.2785908281803131,0.9970792531967163,0.6350520849227905,0.15826639533042908,-0.2786558270454407,0.9975020289421082,0.6348651647567749,0.15947382152080536,-0.27883902192115784,0.9972394108772278,0.6360206007957458,0.15528273582458496,-0.2621047794818878,0.9933291077613831,0.6364115476608276,0.15631291270256042,-0.26206883788108826,0.9934253096580505,0.636815071105957,0.1567176878452301,-0.262058824300766,0.9913807511329651,0.6338058114051819,0.1778353750705719,-0.3083450496196747,0.9987105131149292,0.6361588835716248,0.1701616793870926,-0.2323468029499054,0.995634138584137,0.6227394938468933,0.15851224958896637,-0.26801300048828125,0.9972571730613708,0.6241487264633179,0.15780702233314514,-0.24566027522087097,0.994670033454895,0.5755223631858826,0.2126396745443344,-0.25983187556266785,0.9998948574066162,0.6214320063591003,0.19332529604434967,-0.18105125427246094,0.9963321089744568,0.5109751224517822,0.2017909288406372,-0.23412881791591644,0.8650397062301636,0.5853511691093445,0.16537030041217804,-0.09413116425275803,0.025190429762005806,0.48023781180381775,0.14880149066448212,-0.18521811068058014,0.38996201753616333,0.5336090326309204,0.15542207658290863,-0.013255869038403034,0.016697091981768608,0.47125786542892456,0.14786767959594727,-0.19490554928779602,0.3346846103668213,0.5216079950332642,0.15530382096767426,-0.0034146385733038187,0.01815912500023842,0.4771370589733124,0.1421445608139038,-0.20073069632053375,0.3464822471141815,0.5213254690170288,0.15785367786884308,-0.010490486398339272,0.01889561116695404,0.4813137650489807,0.1413356512784958,-0.18619871139526367,0.3137420117855072,0.5239747762680054,0.1591407060623169,-0.012870832346379757,0.02035912498831749,0.5393121242523193,0.190766379237175,-0.02821352519094944,0.9999549984931946,0.5859121680259705,0.17814594507217407,0.028354115784168243,0.9992537498474121,0.44964128732681274,0.1565101593732834,-0.06969472020864487,0.8784885406494141,0.6412555575370789,0.1573115587234497,0.06888950616121292,0.1743222326040268,0.36531028151512146,0.13602662086486816,-0.08381279557943344,0.9195272326469421,0.6681259274482727,0.07289841026067734,0.12470357120037079,0.33272168040275574,0.35854199528694153,0.1400400847196579,-0.08561766892671585,0.779242753982544,0.6646203398704529,0.05762878432869911,0.13225750625133514,0.5487098693847656,0.3410128951072693,0.10660151392221451,-0.14542251825332642,0.8861126899719238,0.6908044815063477,0.04332157224416733,0.12097631394863129,0.41393551230430603
yena_fall_normal_17,204,68,6.800899470899471,29.996032270863644,10,0.6295403838157654,0.1497669667005539,-0.26102685928344727,0.9909420609474182,0.6354194283485413,0.15623058378696442,-0.2774357795715332,0.99724280834198,0.6351487040519714,0.15848563611507416,-0.27750080823898315,0.9976429343223572,0.6349694728851318,0.1599370688199997,-0.2776837646961212,0.9973869919776917,0.6361002326011658,0.1553000509738922,-0.26100286841392517,0.9937116503715515,0.6364721059799194,0.15633268654346466,-0.2609683573246002,0.9938135147094727,0.6368474960327148,0.15674707293510437,-0.2609608769416809,0.9918619990348816,0.6339223384857178,0.17803944647312164,-0.3066713511943817,0.9987813234329224,0.6361971497535706,0.17014122009277344,-0.22919508814811707,0.9958528280258179,0.6228028535842896,0.15853524208068848,-0.2671155035495758,0.9974020719528198,0.6243220567703247,0.15770049393177032,-0.2449643313884735,0.9949480891227722,0.5668641924858093,0.21426421403884888,-0.2527104318141937,0.9998965859413147,0.6233437061309814,0.18901634216308594,-0.17434830963611603,0.9963496327400208,0.5116338133811951,0.20358984172344208,-0.21754106879234314,0.859459400177002,0.5869031548500061,0.16528020799160004,-0.071201391518116,0.02330491691827774,0.4837125241756439,0.1491440385580063,-0.16650058329105377,0.3835131824016571,0.5366872549057007,0.1567385494709015,0.019232500344514847,0.01523544080555439,0.47540417313575745,0.14800047874450684,-0.17324873805046082,0.3303775191307068,0.524696946144104,0.15650497376918793,0.031725700944662094,0.016767505556344986,0.4813457131385803,0.14260633289813995,-0.18092498183250427,0.34182822704315186,0.5236086845397949,0.1598632037639618,0.02569563500583172,0.017476404085755348,0.4851453900337219,0.14177250862121582,-0.1675526350736618,0.3090416491031647,0.5263168811798096,0.1612182855606079,0.02061523124575615,0.018908509984612465,0.5393373370170593,0.19130386412143707,-0.028198421001434326,0.9999580979347229,0.5860017538070679,0.17806340754032135,0.02833799086511135,0.9992850422859192,0.44964322447776794,0.15823514759540558,-0.0827224925160408,0.8852903842926025,0.6461823582649231,0.1566116213798523,0.08139220625162125,0.17996877431869507,0.36254560947418213,0.1338246613740921,-0.10793604701757431,0.9251773357391357,0.6714646816253662,0.07427158206701279,0.1363649070262909,0.34559738636016846,0.3549919128417969,0.13959035277366638,-0.11062464863061905,0.7896937131881714,0.6673783659934998,0.05965474992990494,0.1437041163444519,0.5582755208015442,0.3386002480983734,0.10604586452245712,-0.1766325682401657,0.8937749266624451,0.6929620504379272,0.04605526104569435,0.12697550654411316,0.4285978674888611
yena_fall_normal_17,207,69,6.900912698412698,29.996032270863644,10,0.6296011209487915,0.1497671902179718,-0.2603547275066376,0.9911686778068542,0.6355375647544861,0.15637069940567017,-0.2767588496208191,0.997318685054779,0.6352766752243042,0.15871164202690125,-0.2768229842185974,0.9977169632911682,0.6351174116134644,0.16030758619308472,-0.2770053446292877,0.997444748878479,0.6361522078514099,0.15532268583774567,-0.26037293672561646,0.9939011335372925,0.6365025043487549,0.15633989870548248,-0.2603394687175751,0.9940500855445862,0.6368535757064819,0.15676024556159973,-0.2603335678577423,0.9921180009841919,0.6340460181236267,0.1781473010778427,-0.3060239553451538,0.9988131523132324,0.6361968517303467,0.17015103995800018,-0.2290501594543457,0.9959853887557983,0.6228325963020325,0.1585424691438675,-0.2662968337535858,0.9974609613418579,0.6243886947631836,0.1576048582792282,-0.24421118199825287,0.9950680136680603,0.5649169087409973,0.2160012274980545,-0.25275468826293945,0.9998974800109863,0.6237534880638123,0.18769550323486328,-0.17431052029132843,0.9963958859443665,0.512006402015686,0.2016189992427826,-0.2193794548511505,0.8561056852340698,0.5868375897407532,0.16528229415416718,-0.0750625878572464,0.02169438824057579,0.4847792685031891,0.1513001173734665,-0.17312374711036682,0.37484076619148254,0.5363752841949463,0.15923549234867096,0.009274538606405258,0.01390945352613926,0.4766932725906372,0.15033531188964844,-0.18083344399929047,0.3237049877643585,0.5243603587150574,0.15990842878818512,0.020764851942658424,0.015472417697310448,0.48220041394233704,0.1453147679567337,-0.1874234825372696,0.33478888869285583,0.5236423015594482,0.16314831376075745,0.014444680884480476,0.016151903197169304,0.48594388365745544,0.14424386620521545,-0.17406289279460907,0.30236607789993286,0.5263506174087524,0.1641894280910492,0.010266185738146305,0.017550282180309296,0.5394774675369263,0.19312936067581177,-0.028281766921281815,0.9999606609344482,0.5860839486122131,0.17868901789188385,0.028418174013495445,0.9993117451667786,0.4496624171733856,0.15936002135276794,-0.08764705061912537,0.8897788524627686,0.6458343863487244,0.15656763315200806,0.07181930541992188,0.1818975806236267,0.3626472055912018,0.13615109026432037,-0.11707095801830292,0.929185688495636,0.6719107031822205,0.07433687150478363,0.12511849403381348,0.3504478633403778,0.3546992838382721,0.1395893096923828,-0.12025135010480881,0.79691481590271,0.667878270149231,0.059648893773555756,0.13255485892295837,0.5651903748512268,0.33870288729667664,0.10810446739196777,-0.18476271629333496,0.8994154930114746,0.6944071054458618,0.04649046063423157,0.11869578063488007,0.4378513693809509
yena_fall_normal_17,210,70,7.000925925925926,29.996032270863644,10,0.6296327114105225,0.149798184633255,-0.25221386551856995,0.9914556741714478,0.6356567740440369,0.1565781682729721,-0.2691561281681061,0.9974157214164734,0.6354235410690308,0.1589600294828415,-0.2692137360572815,0.9977995753288269,0.6352927088737488,0.16063933074474335,-0.26938602328300476,0.9975191354751587,0.6361957788467407,0.15543131530284882,-0.25214487314224243,0.9941520094871521,0.636526346206665,0.15642397105693817,-0.25211232900619507,0.9943325519561768,0.6368566155433655,0.15683773159980774,-0.25210174918174744,0.9924764633178711,0.6342107057571411,0.17819635570049286,-0.30139032006263733,0.9988515973091125,0.6361992359161377,0.1701585203409195,-0.22205300629138947,0.9961847066879272,0.6228752136230469,0.15855413675308228,-0.25913700461387634,0.997545063495636,0.6244165301322937,0.1576206237077713,-0.23621077835559845,0.9952728748321533,0.5722007751464844,0.21561303734779358,-0.25087130069732666,0.9998987913131714,0.6213513612747192,0.1911420077085495,-0.1718919277191162,0.996518611907959,0.5125030875205994,0.20300748944282532,-0.2153460681438446,0.8503218293190002,0.5860334634780884,0.1664249747991562,-0.07580265402793884,0.02030692622065544,0.4895387589931488,0.15320786833763123,-0.16594752669334412,0.36248543858528137,0.5338835120201111,0.16096116602420807,-0.0006905294139869511,0.012698502279818058,0.4821264147758484,0.15208126604557037,-0.17387208342552185,0.31399545073509216,0.5215030312538147,0.16141000390052795,0.007829371839761734,0.014263108372688293,0.4877903163433075,0.147846058011055,-0.17939098179340363,0.32475823163986206,0.5207108855247498,0.1649879664182663,0.002337545622140169,0.014911890029907227,0.49120697379112244,0.14721117913722992,-0.16651242971420288,0.2933329939842224,0.523705780506134,0.16618067026138306,0.00030752673046663404,0.016277126967906952,0.5394639372825623,0.19422022998332977,-0.028474224731326103,0.9999628663063049,0.585852861404419,0.1794835478067398,0.028617018833756447,0.9993396997451782,0.4495309591293335,0.15974955260753632,-0.08714942634105682,0.8935955166816711,0.645774245262146,0.15700778365135193,0.0634647086262703,0.1826513707637787,0.3634168803691864,0.1368023306131363,-0.11591363698244095,0.9320235252380371,0.6714409589767456,0.07434239983558655,0.11400012671947479,0.35157260298728943,0.3548591434955597,0.1395302265882492,-0.11921901255846024,0.8010459542274475,0.6674913763999939,0.05947619676589966,0.1210804283618927,0.5698656439781189,0.33975833654403687,0.10810505598783493,-0.18225450813770294,0.903439998626709,0.6936348080635071,0.04648006707429886,0.10853537917137146,0.4430714547634125
yena_fall_normal_17,213,71,7.100939153439153,29.996032270863644,10,0.6297866106033325,0.1503181755542755,-0.2409633845090866,0.9918650984764099,0.6358359456062317,0.15791188180446625,-0.2573322355747223,0.9975515604019165,0.635625958442688,0.16048839688301086,-0.25738006830215454,0.9979172945022583,0.6355152130126953,0.16240206360816956,-0.25753745436668396,0.9976305961608887,0.6362619400024414,0.15630313754081726,-0.24081748723983765,0.9944749474525452,0.6365593671798706,0.1571786105632782,-0.24078433215618134,0.9946721792221069,0.6368588805198669,0.15746884047985077,-0.2407761514186859,0.9929011464118958,0.6343359351158142,0.17890295386314392,-0.2885550558567047,0.9989058375358582,0.6361904740333557,0.17021429538726807,-0.21174509823322296,0.9964109659194946,0.6230393052101135,0.15950024127960205,-0.24762152135372162,0.9976613521575928,0.6244298815727234,0.15823020040988922,-0.2253905087709427,0.9955188035964966,0.5750846266746521,0.21565169095993042,-0.24108745157718658,0.9998973608016968,0.6200200319290161,0.19238197803497314,-0.16504918038845062,0.9965741634368896,0.5166053771972656,0.20158164203166962,-0.20502780377864838,0.8470782041549683,0.5860087871551514,0.16525611281394958,-0.0774664431810379,0.01937001384794712,0.49259042739868164,0.15126073360443115,-0.15825089812278748,0.3512381315231323,0.5342323184013367,0.16021884977817535,-0.008716432377696037,0.011655359528958797,0.4854191541671753,0.14943863451480865,-0.16573505103588104,0.3048454225063324,0.5217869877815247,0.16038630902767181,-0.0009822793072089553,0.013242718763649464,0.49118176102638245,0.1456894874572754,-0.1707102209329605,0.3155442178249359,0.5210729837417603,0.16387200355529785,-0.005858981981873512,0.013878859579563141,0.4947206377983093,0.14561402797698975,-0.15865348279476166,0.28537842631340027,0.5237659215927124,0.1650933176279068,-0.007790194358676672,0.015217546373605728,0.5394821166992188,0.19424018263816833,-0.028498560190200806,0.9999644756317139,0.5857690572738647,0.179178386926651,0.028641467913985252,0.9993552565574646,0.45009148120880127,0.15972372889518738,-0.09231806546449661,0.8983979821205139,0.6454331278800964,0.1526770442724228,0.0656437799334526,0.18427368998527527,0.36845269799232483,0.1368175446987152,-0.12366342544555664,0.9350224733352661,0.6713101863861084,0.07429417967796326,0.11853110045194626,0.3506850004196167,0.35984641313552856,0.13861533999443054,-0.12691259384155273,0.8079168796539307,0.6673351526260376,0.059383541345596313,0.12548616528511047,0.5727997422218323,0.3410451114177704,0.10957076400518417,-0.18750467896461487,0.9081998467445374,0.6938542723655701,0.047877635806798935,0.11382608115673065,0.4462948441505432
yena_fall_normal_17,216,72,7.200952380952381,29.996032270863644,10,0.6298351883888245,0.15045954287052155,-0.23623080551624298,0.9922629594802856,0.6359245181083679,0.15832538902759552,-0.25295981764793396,0.9976751208305359,0.6357208490371704,0.16095279157161713,-0.25300946831703186,0.9980224370956421,0.635604977607727,0.16296623647212982,-0.2531644105911255,0.9977309107780457,0.6363097429275513,0.15661056339740753,-0.2363174855709076,0.994769811630249,0.6365844011306763,0.15747441351413727,-0.23628315329551697,0.9949818849563599,0.6368618607521057,0.157792329788208,-0.2362804412841797,0.9932900071144104,0.6343735456466675,0.17933548986911774,-0.2862901985645294,0.9989550113677979,0.636167585849762,0.17060700058937073,-0.2092265486717224,0.99662184715271,0.6230638027191162,0.1596393883228302,-0.24376092851161957,0.9977757930755615,0.6244405508041382,0.1582801640033722,-0.22142648696899414,0.9957631230354309,0.5763362050056458,0.21563886106014252,-0.24208283424377441,0.9998974204063416,0.6191232800483704,0.19420281052589417,-0.16340883076190948,0.9966644048690796,0.5179927945137024,0.2008063942193985,-0.20907486975193024,0.8454315066337585,0.5855981707572937,0.16620294749736786,-0.07799354940652847,0.018317172303795815,0.4922574460506439,0.14772339165210724,-0.16443052887916565,0.34520983695983887,0.534685492515564,0.15964682400226593,-0.008372824639081955,0.010694792494177818,0.4848386347293854,0.14574168622493744,-0.17262165248394012,0.30009952187538147,0.5223916172981262,0.15973475575447083,-0.0008065414731390774,0.012286577373743057,0.49053677916526794,0.14203889667987823,-0.17778854072093964,0.31059232354164124,0.5218186974525452,0.1631501466035843,-0.005387976765632629,0.012905610725283623,0.49419352412223816,0.14227771759033203,-0.16507640480995178,0.28115448355674744,0.5244673490524292,0.1643950492143631,-0.007523940410465002,0.01422857865691185,0.5393246412277222,0.19398930668830872,-0.02877833880484104,0.9999659061431885,0.5852440595626831,0.179151713848114,0.02892395295202732,0.9993720054626465,0.4500313699245453,0.15812799334526062,-0.0898711234331131,0.9038594365119934,0.6454616189002991,0.15128830075263977,0.0669228807091713,0.1886121779680252,0.36974790692329407,0.13665664196014404,-0.11862191557884216,0.9379252791404724,0.6711159944534302,0.07381678372621536,0.11943431943655014,0.3535480499267578,0.3611682057380676,0.13788917660713196,-0.12200284749269485,0.8134797811508179,0.6671096086502075,0.058668915182352066,0.1261768490076065,0.5772820711135864,0.3427107632160187,0.10954320430755615,-0.1785687357187271,0.9123659133911133,0.6938062310218811,0.04786332696676254,0.11469540745019913,0.4514886736869812
yena_fall_normal_17,219,73,7.300965608465608,29.996032270863644,10,0.6299247741699219,0.15056034922599792,-0.23211510479450226,0.9924719929695129,0.63613361120224,0.1584342122077942,-0.24911649525165558,0.9977431297302246,0.6359531879425049,0.16102942824363708,-0.24917417764663696,0.9980729222297668,0.6358305215835571,0.16304075717926025,-0.24933770298957825,0.9977756142616272,0.6364437341690063,0.15681388974189758,-0.23273341357707977,0.9949533939361572,0.6366806626319885,0.15772473812103271,-0.23269842565059662,0.9951802492141724,0.6369067430496216,0.1581001877784729,-0.23269838094711304,0.9935325384140015,0.634443998336792,0.17954611778259277,-0.2849840223789215,0.9989760518074036,0.6361618638038635,0.17105218768119812,-0.2088399976491928,0.9967731237411499,0.6231043934822083,0.15966419875621796,-0.24074380099773407,0.9978466629981995,0.624454915523529,0.15835976600646973,-0.21867148578166962,0.9959325194358826,0.5764608383178711,0.2155497819185257,-0.2420746386051178,0.9998993873596191,0.6185472011566162,0.19634877145290375,-0.16461321711540222,0.9967325925827026,0.516880452632904,0.20365282893180847,-0.21143274009227753,0.8472745418548584,0.5844406485557556,0.16958080232143402,-0.07823333889245987,0.017283059656620026,0.4891318678855896,0.1558268964290619,-0.16737988591194153,0.3433345854282379,0.5336354970932007,0.15972772240638733,-0.008157236501574516,0.009802347049117088,0.4811083674430847,0.1553029716014862,-0.17517319321632385,0.29856401681900024,0.5217047929763794,0.15954484045505524,-0.0002249968092655763,0.011377074755728245,0.4860592782497406,0.15105734765529633,-0.18026594817638397,0.3088807463645935,0.5209939479827881,0.16267825663089752,-0.005310331005603075,0.011969822458922863,0.4899527430534363,0.15031272172927856,-0.16761964559555054,0.2796928584575653,0.5236571431159973,0.16397614777088165,-0.007474091369658709,0.013266398571431637,0.538314163684845,0.19396479427814484,-0.028790486976504326,0.9999668598175049,0.5834450125694275,0.1796206384897232,0.02894105762243271,0.9993809461593628,0.4496990442276001,0.15766635537147522,-0.08300162851810455,0.9090548753738403,0.6449687480926514,0.15301629900932312,0.06797267496585846,0.19049309194087982,0.3681378662586212,0.1345358043909073,-0.10161092132329941,0.9395403265953064,0.6709996461868286,0.0733775720000267,0.11769266426563263,0.3536880910396576,0.3619799017906189,0.13705302774906158,-0.10380678623914719,0.8159125447273254,0.6669003367424011,0.0573960579931736,0.12407410144805908,0.5801974534988403,0.34391483664512634,0.11732790619134903,-0.15506155788898468,0.9142662286758423,0.6936169266700745,0.04728075489401817,0.11464814096689224,0.4523729085922241
yena_fall_normal_17,222,74,7.400978835978836,29.996032270863644,10,0.6303841471672058,0.15037135779857635,-0.22337502241134644,0.9927050471305847,0.6369166970252991,0.1576470285654068,-0.23955775797367096,0.9978020787239075,0.6368078589439392,0.16007797420024872,-0.2396302968263626,0.9981095194816589,0.6366423964500427,0.16210514307022095,-0.239793598651886,0.9978124499320984,0.6371556520462036,0.15615621209144592,-0.2224356234073639,0.9951613545417786,0.6373207569122314,0.1570706069469452,-0.22238263487815857,0.995396077632904,0.6374436616897583,0.15751667320728302,-0.22237522900104523,0.9938033819198608,0.6349481344223022,0.1790245622396469,-0.27623996138572693,0.9989900588989258,0.6363359689712524,0.17092083394527435,-0.19706034660339355,0.9969361424446106,0.623383641242981,0.15941590070724487,-0.2327416092157364,0.9979137778282166,0.6246480345726013,0.15809530019760132,-0.20977093279361725,0.996117353439331,0.5765170454978943,0.21444763243198395,-0.2404758483171463,0.9999054074287415,0.6183421611785889,0.19689974188804626,-0.15411604940891266,0.9969175457954407,0.5155134797096252,0.20526430010795593,-0.21837593615055084,0.853279173374176,0.5793437957763672,0.17894653975963593,-0.08005861192941666,0.01631707139313221,0.4889349639415741,0.16274672746658325,-0.19202083349227905,0.3579769730567932,0.5228047966957092,0.16708315908908844,-0.02980547770857811,0.009020277298986912,0.480959415435791,0.1631130874156952,-0.20508188009262085,0.3103528618812561,0.5097965002059937,0.16770750284194946,-0.022259680554270744,0.010572760365903378,0.48589760065078735,0.16000601649284363,-0.20672489702701569,0.32046592235565186,0.509967565536499,0.16896890103816986,-0.030298275873064995,0.011148251593112946,0.4897429645061493,0.15932197868824005,-0.19208814203739166,0.28971153497695923,0.5133139491081238,0.16968633234500885,-0.030701886862516403,0.012445541098713875,0.5395548939704895,0.19400261342525482,-0.029697470366954803,0.9999684691429138,0.5834814310073853,0.18127241730690002,0.029809866100549698,0.9994024038314819,0.4494622051715851,0.1575712412595749,-0.08240371197462082,0.9110146760940552,0.639102041721344,0.16066662967205048,0.06924497336149216,0.18569731712341309,0.36960697174072266,0.13560114800930023,-0.09143292903900146,0.9369627833366394,0.6665238738059998,0.07281526178121567,0.11827198415994644,0.3440282940864563,0.36251574754714966,0.1377342790365219,-0.09285258501768112,0.8088445663452148,0.6631940007209778,0.05667171999812126,0.12498238682746887,0.573347270488739,0.34358933568000793,0.11570174247026443,-0.14196912944316864,0.9102884531021118,0.6898601651191711,0.040835727006196976,0.12136224657297134,0.44153347611427307
yena_fall_normal_17,225,75,7.500992063492063,29.996032270863644,10,0.6306213140487671,0.1502704918384552,-0.21819467842578888,0.9926540851593018,0.6373075842857361,0.15744642913341522,-0.23444366455078125,0.9977777600288391,0.6372309923171997,0.1598910391330719,-0.23450711369514465,0.9980839490890503,0.6370857954025269,0.16195008158683777,-0.23466478288173676,0.9977620840072632,0.6376239657402039,0.15573850274085999,-0.21713702380657196,0.9952097535133362,0.6377676129341125,0.1565857082605362,-0.21709080040454865,0.9954700469970703,0.6378729939460754,0.1569751650094986,-0.21709804236888885,0.9938408136367798,0.6353084444999695,0.17893892526626587,-0.2705298960208893,0.9989466667175293,0.6366491317749023,0.1704162359237671,-0.19064651429653168,0.9969522356987,0.6235427856445312,0.15932509303092957,-0.2272053062915802,0.9978953003883362,0.624731719493866,0.1578545719385147,-0.20406480133533478,0.9961196184158325,0.5749049782752991,0.21589064598083496,-0.2374599277973175,0.9999077320098877,0.6181955933570862,0.19685523211956024,-0.14798374474048615,0.9969072937965393,0.5162386298179626,0.2048501968383789,-0.22130852937698364,0.8535780310630798,0.5776453614234924,0.18104812502861023,-0.07706321775913239,0.015294252894818783,0.48898833990097046,0.16238677501678467,-0.20189735293388367,0.3686217963695526,0.5224648714065552,0.16892780363559723,-0.023325055837631226,0.008345079608261585,0.4809812903404236,0.16176125407218933,-0.21547402441501617,0.3191891014575958,0.509428083896637,0.16851180791854858,-0.014195410534739494,0.009936864487826824,0.48602256178855896,0.15853263437747955,-0.21939986944198608,0.32908040285110474,0.5092856884002686,0.17006000876426697,-0.02161634899675846,0.01049814186990261,0.4897371232509613,0.15802323818206787,-0.2028735727071762,0.2974686920642853,0.5126493573188782,0.17107081413269043,-0.0234389491379261,0.011808236129581928,0.5397420525550842,0.19433890283107758,-0.031064169481396675,0.9999698996543884,0.5829941034317017,0.18152494728565216,0.031124146655201912,0.9994089603424072,0.44814640283584595,0.1575799435377121,-0.08222713321447372,0.9140996336936951,0.6406401991844177,0.16027994453907013,0.1177966296672821,0.1804317682981491,0.3623555600643158,0.13303767144680023,-0.09234991669654846,0.9378660321235657,0.668971836566925,0.08948925137519836,0.1870216429233551,0.3365389406681061,0.35554608702659607,0.137782022356987,-0.09389875829219818,0.8083672523498535,0.6674352288246155,0.07501024752855301,0.1953558623790741,0.5642337799072266,0.33592650294303894,0.10953546315431595,-0.14688999950885773,0.9104341864585876,0.6818195581436157,0.034165289252996445,0.1922156810760498,0.4294532239437103
yena_fall_normal_17,228,76,7.601005291005291,29.996032270863644,10,0.6308163404464722,0.1499730348587036,-0.21355433762073517,0.9925843477249146,0.6376211643218994,0.15695804357528687,-0.22959303855895996,0.9977293014526367,0.6375532746315002,0.1593998223543167,-0.22965280711650848,0.9980446100234985,0.6374056339263916,0.16147704422473907,-0.2298048436641693,0.9976838231086731,0.6379907727241516,0.1551467329263687,-0.21234822273254395,0.9952133297920227,0.6381294131278992,0.1559949368238449,-0.21230250597000122,0.9955084323883057,0.6382263898849487,0.15639197826385498,-0.2123141586780548,0.9938033223152161,0.6355825662612915,0.1786985695362091,-0.2657053470611572,0.9988935589790344,0.6369274854660034,0.1700938194990158,-0.18604730069637299,0.9969190955162048,0.6236698031425476,0.15912336111068726,-0.22258111834526062,0.9978476762771606,0.6248248815536499,0.15759390592575073,-0.19951637089252472,0.9960597157478333,0.5735531449317932,0.21600036323070526,-0.2344200611114502,0.9999081492424011,0.6182576417922974,0.19689981639385223,-0.14415697753429413,0.9968051910400391,0.5163277983665466,0.20118074119091034,-0.22115935385227203,0.8525024652481079,0.5769941210746765,0.1808674931526184,-0.07502364367246628,0.014351419173181057,0.4891204535961151,0.16155585646629333,-0.19905191659927368,0.3821254074573517,0.5233680009841919,0.16868355870246887,-0.01989641971886158,0.007785922847688198,0.481049507856369,0.15947546064853668,-0.21222680807113647,0.33120185136795044,0.5104967951774597,0.1678735911846161,-0.010822360403835773,0.009462947957217693,0.48633769154548645,0.15700799226760864,-0.21678116917610168,0.3410114049911499,0.5104762315750122,0.16960930824279785,-0.018051879480481148,0.01002808939665556,0.48987773060798645,0.15746113657951355,-0.20015351474285126,0.30840444564819336,0.5137560367584229,0.17078933119773865,-0.019966641440987587,0.011379808187484741,0.5397652983665466,0.19433529675006866,-0.031848546117544174,0.999971330165863,0.5825672745704651,0.18152207136154175,0.03186950832605362,0.9994155764579773,0.4470696747303009,0.15602637827396393,-0.08187801390886307,0.9172014594078064,0.6434634327888489,0.15944021940231323,0.13582083582878113,0.174974724650383,0.36022481322288513,0.13285113871097565,-0.08895976841449738,0.9389667510986328,0.6703382134437561,0.09319094568490982,0.20945045351982117,0.3290829360485077,0.3529355227947235,0.13778483867645264,-0.08997002989053726,0.8085037469863892,0.6692898869514465,0.07889331132173538,0.21803979575634003,0.5530560612678528,0.334107369184494,0.1062043085694313,-0.14562347531318665,0.9107134938240051,0.67889004945755,0.030631400644779205,0.2159949243068695,0.4159317910671234
yena_fall_normal_17,231,77,7.701018518518518,29.996032270863644,10,0.6308166980743408,0.14979685842990875,-0.17470641434192657,0.992518424987793,0.6376195549964905,0.15664836764335632,-0.18968863785266876,0.9976418614387512,0.6375526189804077,0.15898366272449493,-0.18974541127681732,0.9979487657546997,0.6374019980430603,0.160943403840065,-0.18988563120365143,0.9975340366363525,0.6379765868186951,0.15502981841564178,-0.17265993356704712,0.9952393174171448,0.6381149888038635,0.15591973066329956,-0.17260874807834625,0.9955837726593018,0.6382117867469788,0.15636160969734192,-0.17261958122253418,0.9938474297523499,0.6356055736541748,0.17838488519191742,-0.2277720868587494,0.9987950921058655,0.6369180679321289,0.1701071411371231,-0.14990060031414032,0.9969521760940552,0.6236650347709656,0.15898282825946808,-0.1853138655424118,0.9977707862854004,0.6248248219490051,0.1575469821691513,-0.16273894906044006,0.9960649609565735,0.5735694169998169,0.21434280276298523,-0.21003392338752747,0.999909520149231,0.6155426502227783,0.20256711542606354,-0.11367516964673996,0.9968920350074768,0.5183649063110352,0.19349899888038635,-0.20083123445510864,0.8456932902336121,0.5763291716575623,0.1833702027797699,-0.058195605874061584,0.01352333277463913,0.4961792826652527,0.1550140678882599,-0.17935003340244293,0.3864290714263916,0.5240478515625,0.16772927343845367,-0.01781916432082653,0.007252204231917858,0.4896335303783417,0.15158027410507202,-0.191639244556427,0.3347269594669342,0.5114811658859253,0.16708442568778992,-0.009885847568511963,0.00895444955676794,0.49525198340415955,0.15156450867652893,-0.19334103167057037,0.343861848115921,0.5115669369697571,0.16925573348999023,-0.01750502735376358,0.009508085437119007,0.4976655840873718,0.15361686050891876,-0.1793736070394516,0.31142234802246094,0.5149698853492737,0.17065943777561188,-0.018583565950393677,0.010881008580327034,0.5398607850074768,0.1943368762731552,-0.03366915509104729,0.9999731183052063,0.580927848815918,0.18185722827911377,0.033608268946409225,0.9994458556175232,0.44604140520095825,0.15525232255458832,-0.08238966017961502,0.921263575553894,0.6429845094680786,0.16187675297260284,0.13278788328170776,0.17221035063266754,0.35917961597442627,0.13211706280708313,-0.0861893817782402,0.9385493397712708,0.6708876490592957,0.0950208231806755,0.20481771230697632,0.32760152220726013,0.3532024919986725,0.1372828632593155,-0.08656349033117294,0.8025220632553101,0.6697906255722046,0.08073336631059647,0.2129048854112625,0.5458891987800598,0.3335527181625366,0.10319266468286514,-0.13660036027431488,0.9072555303573608,0.678135871887207,0.027866186574101448,0.21465136110782623,0.40560847520828247
yena_fall_normal_17,234,78,7.801031746031746,29.996032270863644,10,0.6307247281074524,0.14948201179504395,-0.16450735926628113,0.9922848343849182,0.637519121170044,0.15609291195869446,-0.17927013337612152,0.9974877238273621,0.6374710202217102,0.15818020701408386,-0.17933101952075958,0.9977754950523376,0.6373356580734253,0.15988031029701233,-0.1794678419828415,0.9972952604293823,0.6378093361854553,0.15493613481521606,-0.16220442950725555,0.9951661825180054,0.6379354596138,0.1559039056301117,-0.16214752197265625,0.9955660104751587,0.638005793094635,0.15637482702732086,-0.16215834021568298,0.9937778115272522,0.6355932354927063,0.17769885063171387,-0.21801690757274628,0.9986526966094971,0.6368306279182434,0.17020660638809204,-0.14015763998031616,0.9969440698623657,0.6236057281494141,0.15847359597682953,-0.17574647068977356,0.9976828694343567,0.6247762441635132,0.157495379447937,-0.15313270688056946,0.9960741996765137,0.5742824077606201,0.21405267715454102,-0.20540304481983185,0.9999117255210876,0.6140304207801819,0.20515960454940796,-0.10351993888616562,0.9970102310180664,0.5201411843299866,0.19131095707416534,-0.19972148537635803,0.8438791632652283,0.5755119323730469,0.1851733773946762,-0.05477895960211754,0.012825383804738522,0.49717628955841064,0.15129588544368744,-0.1798688769340515,0.3935801088809967,0.5236080288887024,0.16723790764808655,-0.017518842592835426,0.006786026060581207,0.49045881628990173,0.14800108969211578,-0.19203157722949982,0.33977454900741577,0.5112084150314331,0.16647249460220337,-0.009966028854250908,0.008496168069541454,0.4958696663379669,0.14789646863937378,-0.19328263401985168,0.3482833802700043,0.5117105841636658,0.1687772572040558,-0.017175747081637383,0.009041238576173782,0.49838051199913025,0.15026628971099854,-0.17976517975330353,0.31614646315574646,0.515259861946106,0.17060478031635284,-0.018456904217600822,0.010443883016705513,0.5400107502937317,0.19452019035816193,-0.035543397068977356,0.9999743700027466,0.5792914032936096,0.18231552839279175,0.03544258326292038,0.9994701743125916,0.4453584849834442,0.1551777571439743,-0.08208952099084854,0.9253194332122803,0.638302206993103,0.16457070410251617,0.12624254822731018,0.1710471212863922,0.3594760298728943,0.13220839202404022,-0.07989004999399185,0.9378640055656433,0.6608980298042297,0.07544553279876709,0.19578520953655243,0.3281747102737427,0.35339415073394775,0.13853351771831512,-0.07974978536367416,0.7970271706581116,0.6696808338165283,0.07959135621786118,0.20355437695980072,0.5443538427352905,0.33368462324142456,0.10353363305330276,-0.12508845329284668,0.9028753042221069,0.6755532026290894,0.02614670991897583,0.20721514523029327,0.3974936008453369
yena_fall_normal_17,237,79,7.901044973544973,29.996032270863644,10,0.6302735209465027,0.1494530290365219,-0.16473990678787231,0.9921192526817322,0.6372833251953125,0.15594865381717682,-0.17970266938209534,0.9973130226135254,0.6372553706169128,0.15790875256061554,-0.17976368963718414,0.9975952506065369,0.6370424628257751,0.1595408320426941,-0.17990604043006897,0.9970734715461731,0.6374999284744263,0.15494057536125183,-0.16321682929992676,0.9950371980667114,0.6376222968101501,0.15591460466384888,-0.16316887736320496,0.9954977631568909,0.6376707553863525,0.15641732513904572,-0.1631915271282196,0.993658721446991,0.6354785561561584,0.17704197764396667,-0.21972151100635529,0.9984824657440186,0.6366164684295654,0.1701941192150116,-0.1443469524383545,0.9969107508659363,0.6234828233718872,0.1581769436597824,-0.17636540532112122,0.9975595474243164,0.624561071395874,0.15749676525592804,-0.15452758967876434,0.9960148334503174,0.5739414095878601,0.2141643911600113,-0.20577368140220642,0.9999129772186279,0.6128286719322205,0.20575714111328125,-0.1092902421951294,0.9971043467521667,0.5199429988861084,0.19138041138648987,-0.19994203746318817,0.845748245716095,0.5760983228683472,0.18441738188266754,-0.05113309621810913,0.012149843387305737,0.4963430166244507,0.14844699203968048,-0.17997436225414276,0.39965546131134033,0.5244128704071045,0.16684989631175995,-0.0010938395280390978,0.00630983104929328,0.4892626702785492,0.14485053718090057,-0.19209854304790497,0.34364408254623413,0.51201993227005,0.1661267876625061,0.008983628824353218,0.007997945882380009,0.4946504831314087,0.1432521790266037,-0.19363918900489807,0.3519037365913391,0.5120775103569031,0.16857974231243134,0.0021067101042717695,0.008530586026608944,0.4974500238895416,0.1454399675130844,-0.18039624392986298,0.32027679681777954,0.5154262185096741,0.16999393701553345,-0.001728796516545117,0.0099358344450593,0.5400058031082153,0.19762642681598663,-0.035043198615312576,0.99997478723526,0.5784117579460144,0.1850827932357788,0.034982357174158096,0.9994844198226929,0.44549816846847534,0.1553298681974411,-0.07469723373651505,0.9273197054862976,0.6287603974342346,0.16848933696746826,0.11235353350639343,0.17006808519363403,0.35984697937965393,0.13835778832435608,-0.07489266991615295,0.9360988140106201,0.6558368802070618,0.07188550382852554,0.18827371299266815,0.32989126443862915,0.35330381989479065,0.14276999235153198,-0.07503747940063477,0.7898021936416626,0.6696210503578186,0.08239829540252686,0.19475157558918,0.5480603575706482,0.3336520195007324,0.10378234833478928,-0.12068698555231094,0.8964135646820068,0.6736496686935425,0.02621678076684475,0.1882840096950531,0.39108386635780334
yena_fall_normal_17,240,80,8.0010582010582,29.996032270863644,10,0.6303969621658325,0.14921095967292786,-0.24691103398799896,0.9922223091125488,0.6375324726104736,0.15584774315357208,-0.2624513506889343,0.9973688721656799,0.6374781727790833,0.1578889936208725,-0.26250365376472473,0.997643232345581,0.6372177004814148,0.1595604568719864,-0.26266810297966003,0.9971288442611694,0.6378638744354248,0.1544983983039856,-0.24501968920230865,0.9951366186141968,0.6380078792572021,0.1553434133529663,-0.24500086903572083,0.9955982565879822,0.638080894947052,0.15571171045303345,-0.24501177668571472,0.9938284754753113,0.6355188488960266,0.17705079913139343,-0.2891663610935211,0.9985033869743347,0.6368511319160461,0.16948863863945007,-0.2076316922903061,0.9969221353530884,0.6235650777816772,0.15768294036388397,-0.2519585192203522,0.99754798412323,0.6246858835220337,0.15655820071697235,-0.22844375669956207,0.9960252046585083,0.5748775005340576,0.2133217751979828,-0.2425084114074707,0.9999063014984131,0.6131877899169922,0.20176105201244354,-0.1601279228925705,0.997121274471283,0.5204054117202759,0.18482917547225952,-0.2021666020154953,0.831467866897583,0.57843017578125,0.17331668734550476,-0.08870907872915268,0.01196447852998972,0.511326253414154,0.14318573474884033,-0.15174435079097748,0.3803504705429077,0.5319227576255798,0.16520331799983978,-0.03518504276871681,0.005929610226303339,0.5083044767379761,0.13666555285453796,-0.15967002511024475,0.32848215103149414,0.5210336446762085,0.16432008147239685,-0.030382776632905006,0.007656971458345652,0.5152495503425598,0.13723687827587128,-0.1635873019695282,0.33629506826400757,0.520625650882721,0.1684194654226303,-0.03729534521698952,0.00816798023879528,0.5163751840591431,0.14029577374458313,-0.15126237273216248,0.3057764172554016,0.5233686566352844,0.1695786863565445,-0.03563125059008598,0.009569319896399975,0.5389772653579712,0.19465592503547668,-0.03426756709814072,0.9999756813049316,0.5787546038627625,0.18193216621875763,0.03428807482123375,0.9995022416114807,0.44556647539138794,0.15537984669208527,-0.06957487761974335,0.9312376379966736,0.630172848701477,0.1645195633172989,0.10373086482286453,0.17814363539218903,0.3599499464035034,0.13818132877349854,-0.0781027153134346,0.9402260780334473,0.6584882736206055,0.0678483322262764,0.1796932816505432,0.3462982475757599,0.3513621389865875,0.14680060744285583,-0.07913945615291595,0.7975643277168274,0.6624250411987305,0.0582074411213398,0.18638674914836884,0.5600755214691162,0.33384835720062256,0.10502604395151138,-0.13386382162570953,0.902867317199707,0.6750566363334656,0.02725137397646904,0.18010994791984558,0.4088229835033417
yena_fall_normal_17,243,81,8.101071428571428,29.996032270863644,10,0.6304168105125427,0.14915241301059723,-0.2477038949728012,0.9923590421676636,0.6375243067741394,0.15584932267665863,-0.26362088322639465,0.9973878264427185,0.6374739408493042,0.15791122615337372,-0.26366883516311646,0.997671365737915,0.6372122168540955,0.15959934890270233,-0.26383358240127563,0.9971483945846558,0.6378566026687622,0.15450282394886017,-0.24641111493110657,0.9951940178871155,0.6379920840263367,0.15535372495651245,-0.2463955581188202,0.9956791996955872,0.6380501985549927,0.15572915971279144,-0.2464156299829483,0.99395751953125,0.6354828476905823,0.1770874559879303,-0.2917126417160034,0.998505175113678,0.6367893218994141,0.16927585005760193,-0.21133391559123993,0.9969488978385925,0.6235700845718384,0.15769675374031067,-0.25306835770606995,0.9975042343139648,0.6247340440750122,0.15656590461730957,-0.22990287840366364,0.9960266947746277,0.576555073261261,0.2133556604385376,-0.24744921922683716,0.9999009370803833,0.6137890219688416,0.200200155377388,-0.1624888926744461,0.9971998333930969,0.5231225490570068,0.18043096363544464,-0.20476357638835907,0.8223000168800354,0.5819063186645508,0.169622540473938,-0.09020079672336578,0.012129303067922592,0.5164118409156799,0.13683810830116272,-0.1536283642053604,0.36584076285362244,0.5372297167778015,0.16185344755649567,-0.035479191690683365,0.005618712864816189,0.5131116509437561,0.1291768103837967,-0.1615561991930008,0.31744325160980225,0.5267079472541809,0.16038715839385986,-0.030033672228455544,0.007389080245047808,0.5197703242301941,0.12987056374549866,-0.16515608131885529,0.3249950110912323,0.5261884927749634,0.16530843079090118,-0.03687133640050888,0.00788430217653513,0.5210820436477661,0.13332918286323547,-0.15304432809352875,0.29540467262268066,0.5287947058677673,0.16689381003379822,-0.0358702726662159,0.009299326688051224,0.5389187932014465,0.19479650259017944,-0.03332125395536423,0.9999761581420898,0.579372227191925,0.18208077549934387,0.033394914120435715,0.9995162487030029,0.4459649622440338,0.15660667419433594,-0.06431848555803299,0.9345359802246094,0.6319009065628052,0.1644667237997055,0.09289267659187317,0.18632005155086517,0.360097199678421,0.13806819915771484,-0.07780006527900696,0.9435898065567017,0.659431517124176,0.0688793882727623,0.17598335444927216,0.35947078466415405,0.35184425115585327,0.1468675136566162,-0.0794292613863945,0.803438663482666,0.6622680425643921,0.05618823692202568,0.18300050497055054,0.5706576704978943,0.33403483033180237,0.10640891641378403,-0.13594864308834076,0.9081557393074036,0.6785996556282043,0.030937790870666504,0.17500203847885132,0.4234257638454437
yena_fall_normal_17,246,82,8.201084656084655,29.996032270863644,10,0.630204975605011,0.1532454490661621,-0.23066698014736176,0.991879940032959,0.6371983289718628,0.16282041370868683,-0.2456916719675064,0.9972020983695984,0.637208878993988,0.16572578251361847,-0.24573491513729095,0.9974695444107056,0.6370264887809753,0.16820427775382996,-0.24588923156261444,0.996941864490509,0.6373369693756104,0.1596357226371765,-0.22971507906913757,0.9949234127998352,0.6373860836029053,0.16008053719997406,-0.22971370816230774,0.9953928589820862,0.6373571753501892,0.1599728912115097,-0.2297614961862564,0.9936323165893555,0.6354702115058899,0.1829202026128769,-0.2753037214279175,0.9983251094818115,0.6364041566848755,0.1728358119726181,-0.1998685747385025,0.9966753125190735,0.6235364079475403,0.1654212772846222,-0.2368759959936142,0.9972483515739441,0.6244933009147644,0.1623259037733078,-0.21532177925109863,0.9956850409507751,0.5768526196479797,0.21429547667503357,-0.23918738961219788,0.999893844127655,0.6158579587936401,0.20021377503871918,-0.14961153268814087,0.9970795512199402,0.5213536620140076,0.1858941614627838,-0.20348230004310608,0.817330002784729,0.5813783407211304,0.17018058896064758,-0.07251698523759842,0.011780522763729095,0.5007280111312866,0.1412125825881958,-0.16003380715847015,0.3615574538707733,0.5362690687179565,0.162305548787117,-0.0050986409187316895,0.00531123299151659,0.4929375946521759,0.13607081770896912,-0.16894499957561493,0.3144384026527405,0.5253516435623169,0.16135147213935852,0.006694427691400051,0.007089359685778618,0.4983425736427307,0.13245393335819244,-0.1724509596824646,0.3222433030605316,0.5247613191604614,0.16555693745613098,-0.0010914421873167157,0.007581478916108608,0.501967191696167,0.1350758969783783,-0.15997464954853058,0.2929084002971649,0.5274689197540283,0.166976198554039,-0.0051164207980036736,0.00900224968791008,0.5367300510406494,0.1942974328994751,-0.03321055322885513,0.9999756813049316,0.5782999396324158,0.18184921145439148,0.033282410353422165,0.9995017051696777,0.4448574185371399,0.1563909649848938,-0.076004259288311,0.9353638291358948,0.6330177783966064,0.16407543420791626,0.09509702026844025,0.18194586038589478,0.3605464994907379,0.1387946605682373,-0.08670441061258316,0.9436658620834351,0.6586674451828003,0.06879102438688278,0.16970035433769226,0.3519577383995056,0.3520733118057251,0.1462884545326233,-0.08827202022075653,0.8030611872673035,0.6561759114265442,0.05505000427365303,0.17674465477466583,0.5631904602050781,0.33421647548675537,0.10943423211574554,-0.14393964409828186,0.9079750776290894,0.6787596344947815,0.030478699132800102,0.1713271290063858,0.4144250750541687
yena_fall_normal_17,249,83,8.301097883597883,29.996032270863644,10,0.6296627521514893,0.1554531455039978,-0.20761126279830933,0.9919507503509521,0.6363732218742371,0.16362382471561432,-0.2235991656780243,0.997191309928894,0.6363090872764587,0.16663652658462524,-0.22364729642868042,0.9974191188812256,0.6361846923828125,0.16906751692295074,-0.22380857169628143,0.9969215989112854,0.6366302371025085,0.16122013330459595,-0.2059674859046936,0.9949015378952026,0.6367866396903992,0.16196757555007935,-0.20594052970409393,0.9953601956367493,0.6368246078491211,0.16192834079265594,-0.20596252381801605,0.9937147498130798,0.6351010799407959,0.18550357222557068,-0.2544874846935272,0.9982654452323914,0.6360633373260498,0.17503006756305695,-0.17107820510864258,0.9965425729751587,0.6233295202255249,0.1672276109457016,-0.21420074999332428,0.9972283840179443,0.6240069270133972,0.1646861732006073,-0.19025960564613342,0.9957027435302734,0.5795839428901672,0.21297936141490936,-0.21577052772045135,0.9998874664306641,0.6151828169822693,0.20855289697647095,-0.119951032102108,0.9971833825111389,0.5274450182914734,0.18654319643974304,-0.16420432925224304,0.81000816822052,0.5826106667518616,0.17055559158325195,-0.04216684028506279,0.012129982002079487,0.5231688618659973,0.15954497456550598,-0.0701197013258934,0.3499768078327179,0.5490328073501587,0.15054933726787567,0.022618822753429413,0.005081551149487495,0.522249698638916,0.1585274487733841,-0.06613124907016754,0.30581098794937134,0.5419346690177917,0.14404037594795227,0.03595768287777901,0.006907897535711527,0.5253662467002869,0.1611311435699463,-0.06659581512212753,0.31329599022865295,0.541098952293396,0.1475875824689865,0.02593732625246048,0.007388779427856207,0.5263358950614929,0.16042126715183258,-0.06702878326177597,0.28372904658317566,0.542495846748352,0.15119409561157227,0.021366896107792854,0.0088720778003335,0.5332592725753784,0.18482108414173126,-0.036486346274614334,0.9999740123748779,0.5713657736778259,0.17441627383232117,0.03658406808972359,0.9994835257530212,0.44474083185195923,0.15437176823616028,-0.0851721540093422,0.9402698874473572,0.618685781955719,0.1638517677783966,0.047624729573726654,0.1926915943622589,0.36059215664863586,0.1389760971069336,-0.10872435569763184,0.9475134611129761,0.6332611441612244,0.07300160080194473,0.0841221734881401,0.36385318636894226,0.35003232955932617,0.15301665663719177,-0.11165154725313187,0.8123126029968262,0.6282504200935364,0.055670365691185,0.08883963525295258,0.5708909630775452,0.33437642455101013,0.11112428456544876,-0.1687956601381302,0.913521945476532,0.6531627774238586,0.0447285994887352,0.07401638478040695,0.42690223455429077
yena_fall_normal_17,252,84,8.40111111111111,29.996032270863644,10,0.6282582879066467,0.17084524035453796,-0.19739317893981934,0.9924827218055725,0.6344942450523376,0.1816408336162567,-0.21157999336719513,0.9973495006561279,0.6342706680297852,0.18621017038822174,-0.21160393953323364,0.9975583553314209,0.634109377861023,0.1903688758611679,-0.21175122261047363,0.9970743656158447,0.6354008316993713,0.17440924048423767,-0.19543728232383728,0.9951844215393066,0.6357435584068298,0.17326810956001282,-0.19540657103061676,0.995646059513092,0.6359679698944092,0.17180129885673523,-0.19540327787399292,0.994095504283905,0.6327651739120483,0.2043609768152237,-0.23478099703788757,0.9983500242233276,0.6346110105514526,0.18514958024024963,-0.15827836096286774,0.9967244267463684,0.6212955117225647,0.17925314605236053,-0.20173245668411255,0.9973990321159363,0.6221596002578735,0.17248691618442535,-0.17976555228233337,0.9960025548934937,0.5778356194496155,0.24230988323688507,-0.1910736858844757,0.9998892545700073,0.6172980070114136,0.2089322954416275,-0.11080289632081985,0.9974091053009033,0.5334746241569519,0.2162102907896042,-0.13508206605911255,0.8118023872375488,0.5929584503173828,0.17357422411441803,-0.016878623515367508,0.013071131892502308,0.5214220881462097,0.18843501806259155,-0.03560495004057884,0.33646029233932495,0.5650044083595276,0.14929185807704926,0.06725061684846878,0.005042291712015867,0.5180371999740601,0.19005568325519562,-0.028764881193637848,0.29541850090026855,0.5601376891136169,0.14058692753314972,0.07986105233430862,0.0070733907632529736,0.5201687812805176,0.18765218555927277,-0.034031450748443604,0.3033580482006073,0.5562362670898438,0.14461471140384674,0.06959723681211472,0.007585432380437851,0.5221558809280396,0.18459708988666534,-0.03461942449212074,0.2744008004665375,0.5567376017570496,0.14848265051841736,0.06597612798213959,0.009157776832580566,0.5263381600379944,0.1846831887960434,-0.036020033061504364,0.999974250793457,0.5661246180534363,0.17219609022140503,0.03611129894852638,0.9995062351226807,0.4425126314163208,0.15833044052124023,-0.06727461516857147,0.945960283279419,0.6239909529685974,0.1605106145143509,-0.01688978634774685,0.23585575819015503,0.36134108901023865,0.14249520003795624,-0.08246582001447678,0.9521554708480835,0.6502526998519897,0.08282633870840073,-0.039161477237939835,0.40373262763023376,0.34492817521095276,0.16886508464813232,-0.08360584080219269,0.8257129192352295,0.6646207571029663,0.07657179981470108,-0.04051624983549118,0.5955420136451721,0.3364042639732361,0.12054622918367386,-0.13536593317985535,0.9207966923713684,0.6817638874053955,0.07270581275224686,-0.06567831337451935,0.4683758318424225
yena_fall_normal_17,255,85,8.501124338624338,29.996032270863644,10,0.6257449984550476,0.18647213280200958,-0.06015859544277191,0.9931618571281433,0.6312438249588013,0.19862402975559235,-0.06866320967674255,0.9975734353065491,0.6307967901229858,0.20407098531723022,-0.0687154158949852,0.9977482557296753,0.6303781867027283,0.2090732604265213,-0.06879810988903046,0.9973176121711731,0.6325149536132812,0.18846982717514038,-0.052884217351675034,0.9956046938896179,0.6330374479293823,0.18614476919174194,-0.052841369062662125,0.9960085153579712,0.633429765701294,0.1837526559829712,-0.052891578525304794,0.9946131706237793,0.6278721690177917,0.2229519486427307,-0.08799269795417786,0.9984580278396606,0.6314245462417603,0.19802670180797577,-0.014545459300279617,0.9969606399536133,0.618114173412323,0.19461312890052795,-0.06670914590358734,0.9976139068603516,0.619667649269104,0.18441279232501984,-0.04557411000132561,0.9963602423667908,0.5843771696090698,0.2408990114927292,-0.09398798644542694,0.9998770356178284,0.6021953821182251,0.23217244446277618,0.015292240306735039,0.9975674152374268,0.5608526468276978,0.1978391408920288,-0.08758906275033951,0.8133754730224609,0.5894830226898193,0.19400368630886078,0.024343380704522133,0.014375263825058937,0.572848916053772,0.17923779785633087,-0.016208715736865997,0.32880041003227234,0.5638490915298462,0.15580184757709503,0.039223022758960724,0.005022367928177118,0.5759175419807434,0.17885585129261017,-0.014047975651919842,0.28634363412857056,0.55900639295578,0.14246328175067902,0.06253042817115784,0.007058985531330109,0.5777689218521118,0.18242378532886505,-0.005468962714076042,0.2937306761741638,0.5584381818771362,0.14717881381511688,0.05279693379998207,0.00755650969222188,0.5762537717819214,0.18276233971118927,-0.010552714578807354,0.26561641693115234,0.5597261190414429,0.14989186823368073,0.055343177169561386,0.009221992455422878,0.5231056213378906,0.18549315631389618,-0.03613658994436264,0.9999642968177795,0.5479537844657898,0.1729947030544281,0.03606519475579262,0.9994742274284363,0.43974727392196655,0.16099824011325836,-0.052560027688741684,0.9511832594871521,0.599346935749054,0.1795140653848648,-0.002039395971223712,0.28163743019104004,0.3562951683998108,0.15798215568065643,-0.08221114426851273,0.9565320014953613,0.5964189171791077,0.08507654070854187,-0.03266465291380882,0.44433122873306274,0.3428015410900116,0.1699429750442505,-0.08441540598869324,0.8405252695083618,0.587196409702301,0.07499389350414276,-0.03684177249670029,0.6204973459243774,0.3353551924228668,0.11950001120567322,-0.13196900486946106,0.9269885420799255,0.6110016107559204,0.062307052314281464,-0.05753248929977417,0.49812576174736023
yena_fall_normal_17,258,86,8.601137566137565,29.996032270863644,10,0.6206834316253662,0.20656299591064453,-0.09162790328264236,0.9937247633934021,0.6258766055107117,0.21805724501609802,-0.09844904392957687,0.9977450370788574,0.625275731086731,0.22289326786994934,-0.09847807884216309,0.997891902923584,0.624709963798523,0.2279893010854721,-0.09854043275117874,0.997514545917511,0.6276020407676697,0.20769758522510529,-0.08261383324861526,0.9959287643432617,0.6281594634056091,0.20489601790905,-0.08261401206254959,0.9962354302406311,0.6286684274673462,0.2020527869462967,-0.08264143764972687,0.9949992895126343,0.6212608218193054,0.24195440113544464,-0.09748025983572006,0.9985271096229553,0.626192033290863,0.2123163789510727,-0.023090478032827377,0.9970757365226746,0.6123899817466736,0.21335795521736145,-0.0889853909611702,0.9976744055747986,0.6134445667266846,0.20230379700660706,-0.06775374710559845,0.9965463876724243,0.5850017070770264,0.2565138041973114,-0.10200092196464539,0.9998019337654114,0.5955415368080139,0.23554609715938568,0.028811722993850708,0.9976708292961121,0.5928914546966553,0.16650767624378204,-0.10747940093278885,0.8190031051635742,0.5994796752929688,0.19377611577510834,0.057101063430309296,0.017205988988280296,0.6108063459396362,0.15537798404693604,-0.034358344972133636,0.343845009803772,0.6120850443840027,0.15255871415138245,0.04336748272180557,0.008082332089543343,0.6188818216323853,0.1511552631855011,-0.033323049545288086,0.29631829261779785,0.615976095199585,0.1417590230703354,0.04839640483260155,0.011030440218746662,0.6204835772514343,0.15754736959934235,-0.024624574929475784,0.3020317852497101,0.6172139644622803,0.14523328840732574,0.039191219955682755,0.011789430864155293,0.6169245839118958,0.15565434098243713,-0.028033394366502762,0.2713666558265686,0.6143326163291931,0.1477590948343277,0.04044163599610329,0.014268220402300358,0.5092702507972717,0.18575535714626312,-0.03113005869090557,0.9998050928115845,0.5258255004882812,0.16648778319358826,0.031045548617839813,0.9992427825927734,0.43848472833633423,0.16861772537231445,-0.08423261344432831,0.9549084901809692,0.5197435021400452,0.18482647836208344,-0.06627952307462692,0.3433057367801666,0.35704976320266724,0.15448154509067535,-0.11083841323852539,0.9601686000823975,0.4852052628993988,0.12235140055418015,-0.07014306634664536,0.492350310087204,0.3466215431690216,0.16268780827522278,-0.11448707431554794,0.8528370261192322,0.4764878451824188,0.1190192773938179,-0.0705963671207428,0.6483750343322754,0.3322296440601349,0.1249726191163063,-0.1668841689825058,0.9327359795570374,0.4765468239784241,0.08380381762981415,-0.09526104480028152,0.5410408973693848
yena_fall_normal_17,261,87,8.701150793650793,29.996032270863644,10,0.6132173538208008,0.22530439496040344,-0.0698717013001442,0.993976891040802,0.6166929006576538,0.2379874587059021,-0.07068329304456711,0.9976717233657837,0.6154538989067078,0.243265762925148,-0.0707344189286232,0.9977981448173523,0.6140756011009216,0.24923038482666016,-0.0707605630159378,0.9975018501281738,0.6193217039108276,0.22868528962135315,-0.05904030799865723,0.9959132075309753,0.6199666857719421,0.22653286159038544,-0.059091754257678986,0.9959692358970642,0.6206120252609253,0.22440791130065918,-0.05913751199841499,0.9949869513511658,0.6083571314811707,0.2639314532279968,-0.04029079154133797,0.9982918500900269,0.6181600093841553,0.23114106059074402,0.013487483374774456,0.996654748916626,0.6041479110717773,0.22937993705272675,-0.05588323250412941,0.9975206255912781,0.6071283221244812,0.21981848776340485,-0.04060518741607666,0.9964767694473267,0.5833932161331177,0.25516217947006226,-0.0521446093916893,0.9995553493499756,0.5913534164428711,0.23235805332660675,0.06531822681427002,0.9976691007614136,0.6072475910186768,0.16328758001327515,-0.10428058356046677,0.8291235566139221,0.6007465720176697,0.17359662055969238,0.02501623146235943,0.02657206915318966,0.6305124759674072,0.14867275953292847,-0.07439146190881729,0.37758833169937134,0.6140038371086121,0.13820017874240875,-0.09022314846515656,0.015383757650852203,0.6366517543792725,0.14167213439941406,-0.09807051718235016,0.3269024193286896,0.6225215196609497,0.12625452876091003,-0.10990632325410843,0.020595313981175423,0.6356476545333862,0.14886923134326935,-0.09447424858808517,0.33089038729667664,0.6249845027923584,0.1313708871603012,-0.11753668636083603,0.02236492559313774,0.6320193409919739,0.1485438048839569,-0.07452176511287689,0.2980254590511322,0.6142414808273315,0.1362299770116806,-0.09813380241394043,0.027552291750907898,0.49552077054977417,0.20565462112426758,-0.025513289496302605,0.9993114471435547,0.5179170966148376,0.16705085337162018,0.025514444336295128,0.9987975358963013,0.43909814953804016,0.17699867486953735,-0.13401098549365997,0.9517300128936768,0.5181360840797424,0.16621030867099762,-0.18713153898715973,0.39156439900398254,0.3645171523094177,0.1454996019601822,-0.2025122046470642,0.9587361216545105,0.44564560055732727,0.15197846293449402,-0.23751300573349,0.5076287388801575,0.34820255637168884,0.13636773824691772,-0.21256500482559204,0.8543503880500793,0.43363434076309204,0.15620091557502747,-0.24278488755226135,0.659787118434906,0.3353344202041626,0.12391511350870132,-0.2977905571460724,0.9343147873878479,0.4268604815006256,0.1409790813922882,-0.3007436692714691,0.5662226676940918
yena_fall_normal_17,264,88,8.80116402116402,29.996032270863644,10,0.6039491891860962,0.23472866415977478,-0.11699654906988144,0.9943722486495972,0.6050130724906921,0.2499125450849533,-0.12613874673843384,0.9977251291275024,0.6027962565422058,0.25486278533935547,-0.12616819143295288,0.9978191256523132,0.6005370616912842,0.2601901888847351,-0.1262185126543045,0.997566819190979,0.610477089881897,0.23883065581321716,-0.11265206336975098,0.9961554408073425,0.612002968788147,0.23611082136631012,-0.11263898015022278,0.996135413646698,0.6133573055267334,0.23408406972885132,-0.11266577243804932,0.9953011274337769,0.5946080684661865,0.26866647601127625,-0.0953841507434845,0.9981781840324402,0.612114667892456,0.2363746017217636,-0.054490454494953156,0.9966936111450195,0.5946283936500549,0.2350514829158783,-0.11309471726417542,0.997463047504425,0.6007139682769775,0.22404885292053223,-0.09765718877315521,0.9966217875480652,0.570827066898346,0.2526647448539734,-0.10975252836942673,0.9990082383155823,0.5917945504188538,0.23150791227817535,0.0001525279221823439,0.9977258443832397,0.5985239148139954,0.15783312916755676,-0.156947061419487,0.840585470199585,0.610876202583313,0.16005289554595947,-0.06672375649213791,0.06132882088422775,0.621488630771637,0.14256225526332855,-0.13440541923046112,0.4086531698703766,0.6193675994873047,0.1255330890417099,-0.19441840052604675,0.032598014920949936,0.628109872341156,0.13597631454467773,-0.15028373897075653,0.35315921902656555,0.6287049055099487,0.11114195734262466,-0.2181737720966339,0.0381193645298481,0.6273611187934875,0.14236707985401154,-0.14531604945659637,0.35537731647491455,0.6200660467147827,0.12149451673030853,-0.22289010882377625,0.04167846217751503,0.6234033107757568,0.14242371916770935,-0.13269026577472687,0.32395943999290466,0.615752100944519,0.12631288170814514,-0.20186850428581238,0.05197322741150856,0.4883219003677368,0.2162431925535202,-0.024228284135460854,0.998359739780426,0.507529079914093,0.1714579164981842,0.024191878736019135,0.9983440637588501,0.43925684690475464,0.17590731382369995,-0.11331086605787277,0.9437045454978943,0.5068402290344238,0.16048882901668549,-0.13990099728107452,0.43204233050346375,0.36867889761924744,0.1439853459596634,-0.143467515707016,0.9517995715141296,0.4057554304599762,0.14971674978733063,-0.1382962167263031,0.5272811651229858,0.35805702209472656,0.12997141480445862,-0.14842526614665985,0.8393874764442444,0.3942338228225708,0.1558983325958252,-0.13832134008407593,0.6638711094856262,0.3461589813232422,0.10781828314065933,-0.21595965325832367,0.9299864172935486,0.3810948133468628,0.13416370749473572,-0.18526694178581238,0.5878934264183044
yena_fall_normal_17,267,89,8.901177248677248,29.996032270863644,10,0.5953516364097595,0.22918903827667236,-0.16193978488445282,0.9948519468307495,0.5963104963302612,0.2446320652961731,-0.15865500271320343,0.9978883266448975,0.5939928293228149,0.249507874250412,-0.15860024094581604,0.9979592561721802,0.5917742252349854,0.25428837537765503,-0.15857505798339844,0.9977409243583679,0.6023287177085876,0.23415760695934296,-0.1516154706478119,0.9964712858200073,0.6041983962059021,0.23159512877464294,-0.15172339975833893,0.9964268207550049,0.6060705780982971,0.2292962372303009,-0.15176846086978912,0.9956989288330078,0.5847038626670837,0.2663595676422119,-0.12398423999547958,0.9982667565345764,0.603879988193512,0.2347206026315689,-0.07136404514312744,0.9969419836997986,0.5861228108406067,0.2309131622314453,-0.13728618621826172,0.9976536631584167,0.592546284198761,0.21968179941177368,-0.13187141716480255,0.9969062805175781,0.560258686542511,0.25564542412757874,-0.12654121220111847,0.9988647699356079,0.5898312330245972,0.22805655002593994,-0.02567349560558796,0.997859537601471,0.5905175805091858,0.16380693018436432,-0.22525572776794434,0.8541273474693298,0.6090282797813416,0.15566317737102509,-0.1361725628376007,0.12266841530799866,0.623245358467102,0.13672827184200287,-0.20715990662574768,0.4454701244831085,0.6170397996902466,0.13156604766845703,-0.26432979106903076,0.07322384417057037,0.6282814741134644,0.12175047397613525,-0.22283488512039185,0.38486891984939575,0.6214996576309204,0.12597326934337616,-0.28637295961380005,0.07405408471822739,0.6278247237205505,0.12686452269554138,-0.2117292582988739,0.38493308424949646,0.6166840195655823,0.14285655319690704,-0.28262245655059814,0.076451376080513,0.6229069828987122,0.13517186045646667,-0.20262476801872253,0.3533928394317627,0.6119013428688049,0.1461910456418991,-0.2674635946750641,0.0892665833234787,0.4780530631542206,0.21950921416282654,-0.027940457686781883,0.9984063506126404,0.5002373456954956,0.17478489875793457,0.02785417251288891,0.9983652234077454,0.4395703077316284,0.16729390621185303,-0.1649031639099121,0.9465590715408325,0.5114648938179016,0.13713577389717102,-0.1272341012954712,0.46763649582862854,0.36917465925216675,0.14107485115528107,-0.1447615921497345,0.9542480111122131,0.44658252596855164,0.14777477085590363,-0.08364839106798172,0.5506502985954285,0.35837680101394653,0.13485977053642273,-0.14434054493904114,0.8467804193496704,0.4369696080684662,0.15810257196426392,-0.07909634709358215,0.6778847575187683,0.3445688784122467,0.10243364423513412,-0.2059217095375061,0.9339811205863953,0.42844730615615845,0.13057972490787506,-0.1174640879034996,0.6106382608413696
yena_fall_normal_17,270,90,9.001190476190475,29.996032270863644,10,0.5868287682533264,0.23080535233020782,-0.2397894412279129,0.9953637719154358,0.5867564678192139,0.24707305431365967,-0.23694255948066711,0.9980977773666382,0.5842864513397217,0.2511758804321289,-0.2368842512369156,0.9981608986854553,0.5816851258277893,0.25561967492103577,-0.2369222790002823,0.9979645013809204,0.5925951600074768,0.23853358626365662,-0.22952742874622345,0.9968217611312866,0.594386100769043,0.2366901934146881,-0.22962258756160736,0.9967808127403259,0.5962764620780945,0.2350921481847763,-0.229653999209404,0.9961257576942444,0.574677586555481,0.26684293150901794,-0.18500283360481262,0.9984369277954102,0.5935033559799194,0.2415509819984436,-0.15400274097919464,0.9972426891326904,0.577781081199646,0.23117369413375854,-0.21777558326721191,0.9978845715522766,0.5849584341049194,0.2205783873796463,-0.2090861052274704,0.997212290763855,0.5480102300643921,0.251796692609787,-0.19982343912124634,0.9989560842514038,0.5854867696762085,0.2267538458108902,-0.09298001974821091,0.9980250597000122,0.5837854146957397,0.15498392283916473,-0.2801907956600189,0.8670812249183655,0.6117978692054749,0.15950661897659302,-0.19699710607528687,0.16422122716903687,0.6068193316459656,0.140615314245224,-0.27770230174064636,0.49459171295166016,0.6210327744483948,0.1514940857887268,-0.3173999786376953,0.11410577595233917,0.6166827082633972,0.1297203004360199,-0.2976360321044922,0.43593576550483704,0.6281004548072815,0.14671872556209564,-0.3361586034297943,0.11269519478082657,0.6188361644744873,0.1329386681318283,-0.28777816891670227,0.4351857602596283,0.6222341060638428,0.15735836327075958,-0.3386721909046173,0.11303766071796417,0.6132084131240845,0.13903501629829407,-0.2740641236305237,0.40410545468330383,0.6163429617881775,0.1591852903366089,-0.32238516211509705,0.1269908994436264,0.46973004937171936,0.21658584475517273,-0.028002360835671425,0.9985620379447937,0.4964994192123413,0.1785856932401657,0.027903031557798386,0.9985037446022034,0.4358855187892914,0.1481551080942154,-0.1744498312473297,0.9512874484062195,0.5427299737930298,0.13624447584152222,-0.07282471656799316,0.4870591163635254,0.369037926197052,0.13335998356342316,-0.13872283697128296,0.9562700986862183,0.44939061999320984,0.15114089846611023,-0.025565804913640022,0.5589435696601868,0.3596777617931366,0.1344340741634369,-0.13579919934272766,0.8556522727012634,0.4446364641189575,0.15481452643871307,-0.015424317680299282,0.6884874701499939,0.3438156247138977,0.10336241126060486,-0.17769570648670197,0.9377642869949341,0.507005512714386,0.1524379998445511,-0.021248456090688705,0.6274067163467407
yena_fall_normal_17,273,91,9.101203703703703,29.996032270863644,10,0.5786824822425842,0.2428203672170639,-0.2983602285385132,0.9958248734474182,0.5771844983100891,0.2568835914134979,-0.29735714197158813,0.9982858896255493,0.5746967792510986,0.2597215175628662,-0.29729440808296204,0.9983416199684143,0.5719339847564697,0.26320528984069824,-0.29736289381980896,0.9981653094291687,0.5827048420906067,0.2522110044956207,-0.2867618203163147,0.9971361756324768,0.5842869877815247,0.251645565032959,-0.2868747413158417,0.9970982074737549,0.5859869718551636,0.25131338834762573,-0.28689759969711304,0.9965095520019531,0.5639044642448425,0.2719496786594391,-0.2579980194568634,0.9985869526863098,0.5819035768508911,0.25591716170310974,-0.21284954249858856,0.9975090622901917,0.5708378553390503,0.23831529915332794,-0.2818908989429474,0.9980897307395935,0.5776593685150146,0.23201462626457214,-0.26898059248924255,0.9974852800369263,0.535539448261261,0.2419530749320984,-0.277117520570755,0.9990227818489075,0.5772041082382202,0.23766247928142548,-0.14005155861377716,0.9981420040130615,0.553485095500946,0.14253708720207214,-0.35520997643470764,0.8796504139900208,0.6080023050308228,0.1832345724105835,-0.22016996145248413,0.19029568135738373,0.5962960124015808,0.14022281765937805,-0.36635416746139526,0.5423651933670044,0.6219650506973267,0.15161500871181488,-0.34349939227104187,0.16593319177627563,0.609925389289856,0.1319797933101654,-0.3983537554740906,0.4873693883419037,0.631743848323822,0.14392952620983124,-0.36301612854003906,0.16700603067874908,0.6081836819648743,0.13628563284873962,-0.3888722360134125,0.48647546768188477,0.6265395879745483,0.15547926723957062,-0.37603843212127686,0.16693930327892303,0.6032360196113586,0.1403484344482422,-0.3645739257335663,0.45636481046676636,0.6203204393386841,0.15862694382667542,-0.3528817892074585,0.1821104884147644,0.4581146836280823,0.21399953961372375,-0.04093002900481224,0.9987005591392517,0.4870586693286896,0.19092075526714325,0.04078540951013565,0.9986209869384766,0.42417800426483154,0.1356184184551239,-0.20386628806591034,0.9558185935020447,0.5356712341308594,0.13366080820560455,-0.036535169929265976,0.49125248193740845,0.3686840236186981,0.13436701893806458,-0.10956265032291412,0.9582749009132385,0.506829559803009,0.14422781765460968,0.05131629481911659,0.5682185292243958,0.3629600405693054,0.14614109694957733,-0.0968426987528801,0.8617275953292847,0.5016714930534363,0.14674468338489532,0.06192602217197418,0.6889227032661438,0.3452914357185364,0.10352964699268341,-0.11956284195184708,0.9398372769355774,0.5166530013084412,0.1404414027929306,0.05623727664351463,0.6367995738983154
yena_fall_normal_17,276,92,9.20121693121693,29.996032270863644,10,0.5703806281089783,0.26599934697151184,-0.35898247361183167,0.9962420463562012,0.5686404705047607,0.28075841069221497,-0.3572702407836914,0.9984570145606995,0.5662296414375305,0.28382283449172974,-0.35722965002059937,0.9985070824623108,0.5634210109710693,0.287322998046875,-0.3573676347732544,0.9983484148979187,0.574026882648468,0.274040549993515,-0.3477056920528412,0.9974221587181091,0.5756751894950867,0.27235546708106995,-0.3478301167488098,0.9973878264427185,0.5773741006851196,0.270654559135437,-0.34781283140182495,0.9968581199645996,0.5547609925270081,0.29204437136650085,-0.30854615569114685,0.9987273812294006,0.5728722214698792,0.27295374870300293,-0.26791781187057495,0.997757077217102,0.5612577795982361,0.2589183449745178,-0.33781132102012634,0.9982790946960449,0.5685357451438904,0.2528091073036194,-0.32608526945114136,0.9977356195449829,0.5203619003295898,0.24185480177402496,-0.3039112985134125,0.9991032481193542,0.5663639307022095,0.25501197576522827,-0.16506637632846832,0.9982717037200928,0.5213069915771484,0.14125995337963104,-0.3512139916419983,0.8911439180374146,0.6001574397087097,0.19676001369953156,-0.19382165372371674,0.2053128033876419,0.5879281163215637,0.12450714409351349,-0.36031046509742737,0.5868772864341736,0.6242216229438782,0.1521771103143692,-0.2945407032966614,0.19858498871326447,0.5991018414497375,0.1160571351647377,-0.3946618139743805,0.536210298538208,0.6276044249534607,0.1501338630914688,-0.3101954758167267,0.2013574093580246,0.5994590520858765,0.13219250738620758,-0.3877209424972534,0.5355308055877686,0.6251216530799866,0.15545210242271423,-0.3279601037502289,0.20331211388111115,0.5964317917823792,0.1280132532119751,-0.3602322041988373,0.507082998752594,0.6193085312843323,0.15761499106884003,-0.30482229590415955,0.21937699615955353,0.4503452181816101,0.21597258746623993,-0.042889516800642014,0.9988283514976501,0.482980877161026,0.20351210236549377,0.04277315363287926,0.9987437725067139,0.4151107966899872,0.12336795777082443,-0.12213040888309479,0.9599819779396057,0.532517671585083,0.14272265136241913,0.013738674111664295,0.5020849108695984,0.368553102016449,0.13522809743881226,0.06539396941661835,0.9593187570571899,0.5142518281936646,0.14873023331165314,0.13371816277503967,0.5781139135360718,0.3663216531276703,0.1461798995733261,0.08446904271841049,0.8588501811027527,0.522671103477478,0.14820247888565063,0.14787834882736206,0.6832329034805298,0.3454377353191376,0.09111938625574112,0.08340692520141602,0.9397173523902893,0.5344393849372864,0.14503563940525055,0.15992721915245056,0.6466346383094788
yena_fall_normal_17,279,93,9.301230158730158,29.996032270863644,10,0.5630219578742981,0.30261102318763733,-0.3346547782421112,0.9966176748275757,0.560217559337616,0.3188270926475525,-0.33070108294487,0.9986112117767334,0.5570380687713623,0.3220914304256439,-0.33063745498657227,0.998656153678894,0.5533837080001831,0.3257512152194977,-0.3307300806045532,0.9985132813453674,0.5680199861526489,0.31283897161483765,-0.3236764073371887,0.9976798295974731,0.5704089403152466,0.31191352009773254,-0.3238593339920044,0.9976488947868347,0.5730873346328735,0.31106826663017273,-0.32385581731796265,0.9971721768379211,0.5453750491142273,0.3284524083137512,-0.2754553258419037,0.9988539814949036,0.5709600448608398,0.309338241815567,-0.2451515942811966,0.9979811310768127,0.5534458756446838,0.29464706778526306,-0.31110069155693054,0.9984505772590637,0.5631842017173767,0.2874216139316559,-0.3022896647453308,0.997961699962616,0.511687695980072,0.27100929617881775,-0.2613876163959503,0.9991800785064697,0.5664218068122864,0.2648947238922119,-0.15518876910209656,0.9984360933303833,0.4904913008213043,0.16156217455863953,-0.28061607480049133,0.9011446237564087,0.5954455137252808,0.19803215563297272,-0.16896621882915497,0.2805593013763428,0.5318525433540344,0.1109912097454071,-0.28822699189186096,0.625795304775238,0.6209006905555725,0.14853757619857788,-0.23748111724853516,0.2760518491268158,0.5393690466880798,0.10038150101900101,-0.3199230134487152,0.5776498913764954,0.6351405382156372,0.13766787946224213,-0.2500144839286804,0.2766881585121155,0.5449231863021851,0.1108461245894432,-0.31365638971328735,0.577264666557312,0.6285355687141418,0.13737118244171143,-0.26935192942619324,0.27884748578071594,0.5427998304367065,0.11257482320070267,-0.2883578836917877,0.5503159165382385,0.6213096380233765,0.14132751524448395,-0.24697934091091156,0.2938075065612793,0.44675523042678833,0.2240021526813507,-0.04456445202231407,0.998941957950592,0.480442613363266,0.2080550491809845,0.04440881311893463,0.9988463521003723,0.41584479808807373,0.11057602614164352,-0.1387815624475479,0.9638956785202026,0.5376918315887451,0.15432371199131012,0.018137313425540924,0.5174721479415894,0.3655475080013275,0.13330823183059692,-0.010495882481336594,0.9615519046783447,0.5387537479400635,0.1454293131828308,0.14565876126289368,0.5868761539459229,0.3639594614505768,0.14780347049236298,0.004595304373651743,0.8643073439598083,0.542750358581543,0.14707638323307037,0.16104382276535034,0.6761581301689148,0.34491947293281555,0.09385710209608078,0.01825198344886303,0.9418523907661438,0.5555098056793213,0.13087183237075806,0.18375234305858612,0.6553272604942322
yena_fall_normal_17,282,94,9.401243386243387,29.996032270863644,10,0.5549243092536926,0.3502131998538971,-0.34060195088386536,0.9969556331634521,0.5522195100784302,0.36452582478523254,-0.3389846682548523,0.998749852180481,0.5486971735954285,0.3670508861541748,-0.33894479274749756,0.9987901449203491,0.5449098348617554,0.36997050046920776,-0.3390420079231262,0.998661458492279,0.5611302852630615,0.357401043176651,-0.3318077325820923,0.9979116320610046,0.5637745261192322,0.355243057012558,-0.3319956064224243,0.9978837966918945,0.566592812538147,0.3532049357891083,-0.3320009112358093,0.9974547624588013,0.5379160046577454,0.37248465418815613,-0.28739091753959656,0.9989674687385559,0.5668336153030396,0.3465474843978882,-0.25770530104637146,0.9981827139854431,0.5450440645217896,0.3421263098716736,-0.3180600702762604,0.9986046552658081,0.5562224984169006,0.3322322964668274,-0.3093138635158539,0.9981650710105896,0.5039028525352478,0.29920488595962524,-0.2778720557689667,0.9992489814758301,0.5611823797225952,0.2949501872062683,-0.15902788937091827,0.9985878467559814,0.4946306347846985,0.1866024136543274,-0.29703161120414734,0.9102836847305298,0.5826787948608398,0.2256910353899002,-0.17539329826831818,0.3457089960575104,0.5269071459770203,0.11120433360338211,-0.30973368883132935,0.6613227725028992,0.615703284740448,0.15289932489395142,-0.2593991160392761,0.34454038739204407,0.5339105725288391,0.1006920263171196,-0.34877917170524597,0.616496205329895,0.6218944191932678,0.13807354867458344,-0.27538347244262695,0.34312868118286133,0.5423489212989807,0.10843382030725479,-0.34150683879852295,0.6164231896400452,0.6172798871994019,0.13902895152568817,-0.30057477951049805,0.3459259867668152,0.540481448173523,0.11153752356767654,-0.3099268674850464,0.5908908247947693,0.6122699975967407,0.14252226054668427,-0.27133747935295105,0.3599022328853607,0.4426308274269104,0.24026444554328918,-0.048945050686597824,0.9990454912185669,0.4795825779438019,0.23410630226135254,0.048812951892614365,0.9989502429962158,0.4149802625179291,0.11406294256448746,-0.12776786088943481,0.9674135446548462,0.5181444883346558,0.15909941494464874,0.027899200096726418,0.5358003973960876,0.3679162263870239,0.1348319798707962,0.018954463303089142,0.9647770524024963,0.5156012773513794,0.1510695070028305,0.21413563191890717,0.5891939997673035,0.368316113948822,0.15262071788311005,0.036428555846214294,0.8750156164169312,0.5146495699882507,0.1557907909154892,0.23602114617824554,0.6674233078956604,0.34674331545829773,0.09586450457572937,0.05774543434381485,0.9463025331497192,0.522446870803833,0.12929217517375946,0.2717127203941345,0.6568425297737122
yena_fall_normal_17,285,95,9.501256613756613,29.996032270863644,10,0.5474763512611389,0.40233927965164185,-0.31883540749549866,0.9972596168518066,0.5439887642860413,0.4159347116947174,-0.3159281611442566,0.9988741874694824,0.5404579639434814,0.417786568403244,-0.3159017562866211,0.9989100694656372,0.5369702577590942,0.4198695719242096,-0.31597650051116943,0.9987936019897461,0.5531345009803772,0.4126242697238922,-0.30572229623794556,0.9981199502944946,0.5555533170700073,0.41198891401290894,-0.3058653771877289,0.998094916343689,0.558087170124054,0.4112245738506317,-0.30583858489990234,0.9977089166641235,0.5313634276390076,0.41814038157463074,-0.26257574558258057,0.9990681409835815,0.5580846667289734,0.4047493636608124,-0.21913942694664001,0.9983640313148499,0.5384105443954468,0.38960129022598267,-0.2960745096206665,0.9987407326698303,0.548839271068573,0.38412022590637207,-0.28326770663261414,0.9983471035957336,0.5023787021636963,0.3333818316459656,-0.2612963318824768,0.9993144869804382,0.5549865365028381,0.33050698041915894,-0.10939061641693115,0.998725950717926,0.501994788646698,0.22646701335906982,-0.28041350841522217,0.918602705001831,0.5642028450965881,0.25347140431404114,-0.07986756414175034,0.4047750234603882,0.5307115912437439,0.12758766114711761,-0.3089611828327179,0.6942387819290161,0.586541473865509,0.16700318455696106,-0.15362997353076935,0.40706008672714233,0.5340569019317627,0.10912097990512848,-0.35293978452682495,0.6530938744544983,0.5961609482765198,0.14357313513755798,-0.16061504185199738,0.4039567708969116,0.5397530198097229,0.11596708744764328,-0.34179455041885376,0.6531656384468079,0.5957143306732178,0.14192703366279602,-0.19890743494033813,0.4071849286556244,0.5393157601356506,0.11732816696166992,-0.3078681528568268,0.6293230056762695,0.5918992757797241,0.146064892411232,-0.16946400701999664,0.41990259289741516,0.4399120509624481,0.24923819303512573,-0.06168106943368912,0.9991369247436523,0.47483518719673157,0.24921293556690216,0.061648230999708176,0.9990426301956177,0.4164937734603882,0.11305787414312363,-0.14778494834899902,0.9705979824066162,0.514407753944397,0.15171609818935394,0.031197356060147285,0.5523102879524231,0.3655189275741577,0.13525162637233734,-0.010650904849171638,0.9677408933639526,0.4941966235637665,0.1332959532737732,0.20900927484035492,0.5961416959762573,0.366393119096756,0.1545945107936859,0.006359009072184563,0.8861834406852722,0.4908309578895569,0.1383901834487915,0.22818821668624878,0.669699490070343,0.34268319606781006,0.09676974266767502,0.027791837230324745,0.9504026770591736,0.49490395188331604,0.10319975018501282,0.24814501404762268,0.6582732200622559
yena_fall_normal_17,288,96,9.601269841269842,29.996032270863644,10,0.5375287532806396,0.46044403314590454,-0.30269655585289,0.9975329041481018,0.5326374173164368,0.4729142487049103,-0.2975110113620758,0.998985767364502,0.5287449359893799,0.47362545132637024,-0.2974940836429596,0.9990176558494568,0.5249806046485901,0.4740293025970459,-0.297559916973114,0.9989123344421387,0.5415210723876953,0.47037261724472046,-0.2906202971935272,0.9983069896697998,0.5440397262573242,0.4692709743976593,-0.2907305359840393,0.9982844591140747,0.5465520620346069,0.46794265508651733,-0.2906939685344696,0.9979373216629028,0.5209471583366394,0.4667935371398926,-0.2510737180709839,0.9991585612297058,0.5478253960609436,0.4580317437648773,-0.20761054754257202,0.9985270500183105,0.5293179750442505,0.44254761934280396,-0.27737441658973694,0.9988638162612915,0.5410348773002625,0.4411383867263794,-0.269509881734848,0.9985110759735107,0.4984024167060852,0.3891132175922394,-0.24436141550540924,0.9993765950202942,0.5545869469642639,0.3674178719520569,-0.0862126499414444,0.9988507628440857,0.4923022389411926,0.28015077114105225,-0.27146339416503906,0.9259027242660522,0.5534524321556091,0.28703704476356506,-0.09672488272190094,0.45394718647003174,0.5308404564857483,0.19263696670532227,-0.29624849557876587,0.7234163284301758,0.5664503574371338,0.2016725242137909,-0.23019203543663025,0.4578671157360077,0.5364401340484619,0.16870833933353424,-0.3414982259273529,0.6856845021247864,0.5761163234710693,0.18154585361480713,-0.25121837854385376,0.4515992999076843,0.5434240102767944,0.17316892743110657,-0.3365415632724762,0.6860619187355042,0.5730659365653992,0.17931869626045227,-0.27939632534980774,0.455902636051178,0.5425286889076233,0.18110939860343933,-0.2970985174179077,0.6634325981140137,0.566682755947113,0.18452686071395874,-0.24503500759601593,0.4673106372356415,0.4408639967441559,0.2709486484527588,-0.059982020407915115,0.9992184638977051,0.4751397371292114,0.26611578464508057,0.06001591682434082,0.9991332292556763,0.4178227484226227,0.11589057743549347,-0.13479571044445038,0.9732944369316101,0.5102472901344299,0.14475400745868683,1.739283288770821e-05,0.5789279937744141,0.3649411201477051,0.13786207139492035,0.08345654606819153,0.9699274301528931,0.45091745257377625,0.14762936532497406,0.17383909225463867,0.5909794569015503,0.37013378739356995,0.16422002017498016,0.10871846228837967,0.8950823545455933,0.4456079304218292,0.16077813506126404,0.1949789673089981,0.6601426005363464,0.33836203813552856,0.09673917293548584,0.12897463142871857,0.9535903334617615,0.4268115162849426,0.10827204585075378,0.2112610638141632,0.6454668045043945
yena_fall_normal_17,291,97,9.701283068783068,29.996032270863644,10,0.5207719802856445,0.4981521666049957,-0.28846365213394165,0.9977791905403137,0.515874981880188,0.511269748210907,-0.2797085642814636,0.9990867376327515,0.5122324228286743,0.5111874341964722,-0.27963072061538696,0.9991153478622437,0.5086663961410522,0.5105667114257812,-0.2795892357826233,0.9990203380584717,0.5245057344436646,0.510847806930542,-0.27640998363494873,0.9984758496284485,0.526990532875061,0.5104585289955139,-0.27651235461235046,0.9984556436538696,0.5295706987380981,0.5098394751548767,-0.27649977803230286,0.9981433153152466,0.5055240392684937,0.5026840567588806,-0.1899847537279129,0.9992417097091675,0.5325189232826233,0.5012722611427307,-0.20019707083702087,0.9986740946769714,0.5149591565132141,0.47889891266822815,-0.2539083957672119,0.998976469039917,0.5266531109809875,0.4791259169578552,-0.2561773359775543,0.9986593127250671,0.4862985908985138,0.42366015911102295,-0.18314772844314575,0.9994329214096069,0.5484606027603149,0.4021397531032562,-0.0860515609383583,0.9989619255065918,0.4746938943862915,0.31030741333961487,-0.17358174920082092,0.9311181902885437,0.5399360656738281,0.30905184149742126,-0.10244341939687729,0.49739131331443787,0.5224720239639282,0.24821563065052032,-0.22173111140727997,0.7478209137916565,0.537485659122467,0.25252339243888855,-0.22526225447654724,0.5004487633705139,0.5314257144927979,0.22685837745666504,-0.25903481245040894,0.7123519778251648,0.5430610179901123,0.22398705780506134,-0.24679608643054962,0.4875340759754181,0.5371251702308655,0.23455925285816193,-0.25713974237442017,0.7133013010025024,0.5429185628890991,0.22875948250293732,-0.26471880078315735,0.4934390187263489,0.5350688695907593,0.24142178893089294,-0.2229800969362259,0.6907972097396851,0.5394752025604248,0.25046637654304504,-0.23526254296302795,0.5044701099395752,0.44292739033699036,0.29193055629730225,-0.055099375545978546,0.9992888569831848,0.47734519839286804,0.27294042706489563,0.05508769676089287,0.9992112517356873,0.4192507863044739,0.15183232724666595,-0.13178466260433197,0.975741982460022,0.5111019015312195,0.13145749270915985,-0.01835879497230053,0.6146397590637207,0.37497442960739136,0.15226732194423676,0.05896928161382675,0.9714800119400024,0.44638732075691223,0.15235066413879395,0.20188984274864197,0.5877054929733276,0.36848482489585876,0.17331065237522125,0.08121682703495026,0.8978158831596375,0.4468398094177246,0.17073175311088562,0.2286803126335144,0.6543078422546387,0.3451492190361023,0.09457121789455414,0.08908447623252869,0.9557980298995972,0.4258178472518921,0.10926830768585205,0.2596542537212372,0.6353783011436462
yena_fall_normal_17,294,98,9.801296296296297,29.996032270863644,10,0.50379478931427,0.5165119171142578,-0.22860309481620789,0.9979982972145081,0.4972916841506958,0.5271304249763489,-0.21544626355171204,0.9991724491119385,0.4934162199497223,0.5250996351242065,-0.21540774405002594,0.9991980195045471,0.48976609110832214,0.5233175754547119,-0.21542325615882874,0.9991093277931213,0.5066079497337341,0.5321451425552368,-0.2204471081495285,0.9986230134963989,0.5095402002334595,0.5333335399627686,-0.2205488532781601,0.998606264591217,0.5126263499259949,0.5344934463500977,-0.22057418525218964,0.9983257055282593,0.4872879087924957,0.5154987573623657,-0.12865477800369263,0.9993079900741577,0.5169220566749573,0.528177797794342,-0.1558939516544342,0.9988037347793579,0.4990999102592468,0.49706998467445374,-0.1947406828403473,0.9990731477737427,0.511860728263855,0.5002991557121277,-0.20319315791130066,0.9987894296646118,0.476494163274765,0.4407576322555542,-0.12138979882001877,0.9994749426841736,0.5396643877029419,0.4257657825946808,-0.06478478759527206,0.999061107635498,0.460723876953125,0.33684954047203064,-0.1219504326581955,0.9327965974807739,0.5364504456520081,0.3430909216403961,-0.09995588660240173,0.544038712978363,0.5000039339065552,0.29834437370300293,-0.18801435828208923,0.7688162326812744,0.5351845026016235,0.2740171551704407,-0.2339344322681427,0.5476818680763245,0.5102203488349915,0.2747597098350525,-0.2207941859960556,0.735544741153717,0.5352007150650024,0.2482578456401825,-0.26085829734802246,0.5337134599685669,0.5162070393562317,0.28347423672676086,-0.21846194565296173,0.7367401719093323,0.5323827266693115,0.25469857454299927,-0.2753547132015228,0.539513111114502,0.5139400362968445,0.29159244894981384,-0.1884744018316269,0.7138113975524902,0.5304405093193054,0.2642672657966614,-0.24278683960437775,0.5490479469299316,0.44179853796958923,0.30120962858200073,-0.04676801338791847,0.9993231892585754,0.477719247341156,0.2703295648097992,0.04676489904522896,0.999254584312439,0.4319387376308441,0.196115642786026,-0.21209096908569336,0.9777140021324158,0.5071678757667542,0.13253715634346008,-0.06655924022197723,0.6465339660644531,0.3880816400051117,0.15435127913951874,-0.005646464414894581,0.9721757173538208,0.43574100732803345,0.1508077085018158,0.1520329862833023,0.6072656512260437,0.3838185667991638,0.17067500948905945,0.03106912598013878,0.898459255695343,0.42084696888923645,0.1673736721277237,0.17265351116657257,0.6637086272239685,0.36245059967041016,0.0860842913389206,-0.014538232237100601,0.9571982026100159,0.4007839262485504,0.10224398225545883,0.24921952188014984,0.644585132598877
yena_fall_normal_17,297,99,9.901309523809523,29.996032270863644,10,0.4854825437068939,0.5151404738426208,-0.16679979860782623,0.9981982707977295,0.47829341888427734,0.5240974426269531,-0.15150119364261627,0.9992550611495972,0.4748823046684265,0.5217903852462769,-0.15148155391216278,0.9992780685424805,0.4717031717300415,0.520136833190918,-0.15152724087238312,0.9991981387138367,0.4882725775241852,0.5313345789909363,-0.15552660822868347,0.9987605214118958,0.49158671498298645,0.5331023335456848,-0.15559329092502594,0.9987455010414124,0.49504968523979187,0.5346800088882446,-0.15560585260391235,0.9984930157661438,0.4706118404865265,0.5144751071929932,-0.060504328459501266,0.9993768930435181,0.5024293661117554,0.5283023118972778,-0.0846519023180008,0.9989232420921326,0.48322150111198425,0.4968411922454834,-0.1332857757806778,0.9991655945777893,0.4950218200683594,0.5010384321212769,-0.1405826210975647,0.9989103078842163,0.46235790848731995,0.4496276080608368,-0.06406718492507935,0.9995257258415222,0.5349971055984497,0.43427857756614685,0.0005148330819793046,0.9991542100906372,0.43838343024253845,0.34606051445007324,-0.11730203032493591,0.9355856776237488,0.539820671081543,0.35254207253456116,0.0068168314173817635,0.5880030989646912,0.47417768836021423,0.3370656967163086,-0.24832388758659363,0.7898591160774231,0.5357645750045776,0.2777256667613983,-0.08525736629962921,0.5905234217643738,0.4837641417980194,0.3212839663028717,-0.28920385241508484,0.7593978643417358,0.5349602103233337,0.2533877193927765,-0.0985465943813324,0.5751507878303528,0.4893617630004883,0.3370485305786133,-0.28561797738075256,0.7605996131896973,0.5302432179450989,0.25828176736831665,-0.11862876266241074,0.5809203386306763,0.48814651370048523,0.3413611054420471,-0.2495872527360916,0.7383300065994263,0.528915286064148,0.26672637462615967,-0.09432052075862885,0.5892916321754456,0.43748611211776733,0.30120131373405457,-0.0350162610411644,0.9993810057640076,0.47233882546424866,0.26539960503578186,0.03501633554697037,0.9993079304695129,0.46404510736465454,0.26747792959213257,-0.27828845381736755,0.9792066216468811,0.5035059452056885,0.13148918747901917,-0.12176385521888733,0.671701192855835,0.4020156264305115,0.1576211005449295,-0.19182370603084564,0.9717932939529419,0.434407114982605,0.15332934260368347,0.0791511982679367,0.57986980676651,0.39327576756477356,0.16716738045215607,-0.17911383509635925,0.9019955992698669,0.4302722215652466,0.17627960443496704,0.1027328222990036,0.6370043754577637,0.38921791315078735,0.08513478934764862,-0.21662333607673645,0.9576228260993958,0.40832751989364624,0.12010812759399414,0.09665598720312119,0.613089919090271
yena_fall_normal_17,300,100,10.001322751322752,29.996032270863644,10,0.4745967984199524,0.5102540254592896,-0.17534489929676056,0.9983782172203064,0.46849536895751953,0.5186326503753662,-0.16082006692886353,0.9993293881416321,0.46526336669921875,0.5165014266967773,-0.16079245507717133,0.9993500709533691,0.46247756481170654,0.5145484805107117,-0.1608392745256424,0.9992781281471252,0.4784849286079407,0.5238431692123413,-0.16568703949451447,0.9988842606544495,0.48200684785842896,0.5248785018920898,-0.1657540649175644,0.9988707304000854,0.4854062497615814,0.5258798599243164,-0.1657773107290268,0.9986435770988464,0.4617278277873993,0.5052808523178101,-0.07555978000164032,0.9994388818740845,0.49307575821876526,0.5192828178405762,-0.10336678475141525,0.9990308284759521,0.4723926782608032,0.49179014563560486,-0.1439693570137024,0.9992489218711853,0.4840649962425232,0.49646463990211487,-0.15224076807498932,0.9990191459655762,0.45283347368240356,0.4385922849178314,-0.07576145231723785,0.9995718598365784,0.527829647064209,0.4362652897834778,-0.023923784494400024,0.999238133430481,0.42050373554229736,0.3467380702495575,-0.1171843484044075,0.9403091669082642,0.5434385538101196,0.35460636019706726,0.004612262360751629,0.6284560561180115,0.44853365421295166,0.3396298587322235,-0.2437681257724762,0.8094438910484314,0.5380697846412659,0.26917409896850586,-0.04244682565331459,0.6293985843658447,0.4585217237472534,0.32977163791656494,-0.2805471420288086,0.7811543941497803,0.5372253656387329,0.2392463982105255,-0.04843627288937569,0.6117969155311584,0.4632912278175354,0.343295693397522,-0.2789858877658844,0.7822870016098022,0.5309069156646729,0.2430540919303894,-0.06869955360889435,0.6175001263618469,0.461972713470459,0.3469914197921753,-0.24503658711910248,0.760909914970398,0.5285451412200928,0.252861350774765,-0.050089314579963684,0.6250890493392944,0.4391835033893585,0.28618618845939636,-0.02794831246137619,0.9994377493858337,0.4764074981212616,0.26329776644706726,0.027945851907134056,0.99936842918396,0.4644090533256531,0.22962266206741333,-0.2536960542201996,0.9803038835525513,0.505767285823822,0.12846943736076355,-0.10677415877580643,0.6950794458389282,0.43611034750938416,0.16228580474853516,-0.10737930983304977,0.9557183384895325,0.452187716960907,0.1720709651708603,0.11536906659603119,0.5403750538825989,0.4350799024105072,0.1707421839237213,-0.08794302493333817,0.8885229825973511,0.4492205083370209,0.2001620978116989,0.14731024205684662,0.6005050539970398,0.42249828577041626,0.09096255898475647,-0.09696634858846664,0.9434483647346497,0.43019503355026245,0.14689436554908752,0.166512593626976,0.5708131194114685
yena_fall_normal_17,303,101,10.101335978835978,29.996032270863644,10,0.46947506070137024,0.49265024065971375,-0.18437333405017853,0.9985402822494507,0.4631560146808624,0.5006541609764099,-0.16985288262367249,0.9993963241577148,0.46014603972435,0.49783897399902344,-0.16983214020729065,0.9994149208068848,0.4572703540325165,0.49534645676612854,-0.16984961926937103,0.9993501305580139,0.4717981219291687,0.5077367424964905,-0.17399021983146667,0.9989957213401794,0.47456374764442444,0.5098122954368591,-0.1740470677614212,0.9989835619926453,0.47750577330589294,0.5115618109703064,-0.17405515909194946,0.9987791180610657,0.45686575770378113,0.4866282045841217,-0.08765106648206711,0.9994946718215942,0.48533734679222107,0.5051819682121277,-0.11241467297077179,0.9991276860237122,0.468596488237381,0.4725741744041443,-0.15462730824947357,0.9993239641189575,0.4795038104057312,0.47749418020248413,-0.16182228922843933,0.9991171956062317,0.44936463236808777,0.4239121079444885,-0.08291349560022354,0.9996140599250793,0.5251749753952026,0.424319326877594,-0.040968991816043854,0.99931401014328,0.4167931377887726,0.3372398316860199,-0.11692549288272858,0.9457836747169495,0.5459834337234497,0.34065547585487366,-0.024643873795866966,0.665278434753418,0.44594284892082214,0.3109584450721741,-0.23216129839420319,0.8281687498092651,0.5391797423362732,0.2506563663482666,-0.08682577311992645,0.6659095883369446,0.4548141062259674,0.2912587523460388,-0.266659677028656,0.8023000955581665,0.540838360786438,0.22437351942062378,-0.09963379800319672,0.6488229036331177,0.46130362153053284,0.30515697598457336,-0.2639807462692261,0.8033231496810913,0.5328137278556824,0.22818420827388763,-0.12022535502910614,0.6541135311126709,0.4590405523777008,0.3121841847896576,-0.23258382081985474,0.78361576795578,0.5309656858444214,0.23742744326591492,-0.09514357894659042,0.660879909992218,0.4417308270931244,0.2644781172275543,-0.02411765418946743,0.9994902014732361,0.47870463132858276,0.2598509192466736,0.02407359518110752,0.9994266033172607,0.4568426012992859,0.2162305861711502,-0.21150709688663483,0.9803571701049805,0.5077774524688721,0.13084997236728668,-0.1418738216161728,0.7151783108711243,0.44162121415138245,0.15972210466861725,-0.04499256610870361,0.935032308101654,0.460720956325531,0.16392852365970612,0.07467639446258545,0.5101016759872437,0.44150876998901367,0.1664029359817505,-0.022177044302225113,0.8730224370956421,0.45235297083854675,0.18506717681884766,0.10164918750524521,0.5743124485015869,0.4325028657913208,0.09630673378705978,-0.009633748792111874,0.9243190288543701,0.4525809586048126,0.13707122206687927,0.11915203928947449,0.5403904914855957
yena_fall_normal_17,306,102,10.201349206349207,29.996032270863644,10,0.46766379475593567,0.46628499031066895,-0.17009733617305756,0.9986862540245056,0.4612889587879181,0.47688040137290955,-0.15471987426280975,0.9994566440582275,0.45878174901008606,0.4750440716743469,-0.15469862520694733,0.9994733929634094,0.45624202489852905,0.4733542799949646,-0.1547192633152008,0.9994150996208191,0.4701130986213684,0.4828858971595764,-0.15921826660633087,0.999096155166626,0.4737497866153717,0.48493221402168274,-0.15929464995861053,0.9990851879119873,0.47682568430900574,0.48678669333457947,-0.15931515395641327,0.9989011883735657,0.4540565311908722,0.46747440099716187,-0.07156310975551605,0.999545156955719,0.4829545021057129,0.4822450876235962,-0.09810125082731247,0.9992148876190186,0.46653661131858826,0.44867315888404846,-0.13982968032360077,0.9993915557861328,0.47684451937675476,0.4521314203739166,-0.14779092371463776,0.999205470085144,0.4447517693042755,0.4076182544231415,-0.06440449506044388,0.9996522665023804,0.5204878449440002,0.4111003875732422,-0.03738914802670479,0.9993824362754822,0.4100792706012726,0.31649842858314514,-0.11655053496360779,0.9507735967636108,0.5397668480873108,0.3226903975009918,-0.017382431775331497,0.6985356211662292,0.45068278908729553,0.3008328974246979,-0.24337197840213776,0.8451015949249268,0.5325999855995178,0.24274075031280518,-0.06825832277536392,0.6986644864082336,0.46259239315986633,0.2845728397369385,-0.2755885422229767,0.821516215801239,0.5330917835235596,0.21838684380054474,-0.08017615973949432,0.681698739528656,0.46724018454551697,0.299040287733078,-0.26875561475753784,0.8224515914916992,0.525718629360199,0.22118912637233734,-0.09642616659402847,0.6866913437843323,0.46399399638175964,0.30455461144447327,-0.24138925969600677,0.8043666481971741,0.5241883993148804,0.22981268167495728,-0.07405857741832733,0.6926420331001282,0.44304120540618896,0.2495027631521225,-0.015302484855055809,0.999536395072937,0.47880908846855164,0.23673729598522186,0.015254916623234749,0.999473512172699,0.4724249243736267,0.28726792335510254,-0.20271936058998108,0.979093611240387,0.4972941279411316,0.13169769942760468,-0.06886982917785645,0.7265577912330627,0.4831002950668335,0.14630964398384094,-0.13540013134479523,0.9281962513923645,0.44354739785194397,0.1732906550168991,0.16873298585414886,0.4779358208179474,0.4832106828689575,0.129599928855896,-0.12423963099718094,0.873867392539978,0.4379003345966339,0.19282357394695282,0.19623443484306335,0.5522393584251404,0.4919266998767853,0.08645925670862198,-0.15137198567390442,0.9191329479217529,0.4271417260169983,0.15037794411182404,0.19794921576976776,0.5078033804893494
yena_fall_normal_17,309,103,10.301362433862433,29.996032270863644,10,0.4663585126399994,0.44759562611579895,-0.1870424598455429,0.9988176226615906,0.45915791392326355,0.4586063325405121,-0.17448700964450836,0.9995109438896179,0.4560566544532776,0.45694634318351746,-0.17445071041584015,0.9995260238647461,0.45326367020606995,0.4544886648654938,-0.17449399828910828,0.9994735717773438,0.4691447615623474,0.46555763483047485,-0.17912502586841583,0.9991865158081055,0.4726027846336365,0.4682588577270508,-0.17920230329036713,0.9991766214370728,0.47568973898887634,0.4722719192504883,-0.1792144775390625,0.9990110397338867,0.4511861503124237,0.4474230408668518,-0.09352891892194748,0.9995905756950378,0.48161041736602783,0.4778595566749573,-0.11764368414878845,0.9992933869361877,0.46483954787254333,0.4288218319416046,-0.15588895976543427,0.9994524121284485,0.474307119846344,0.4370635747909546,-0.16411994397640228,0.9992849230766296,0.4414594769477844,0.3998482823371887,-0.07118997722864151,0.9996867775917053,0.5183311104774475,0.39910534024238586,-0.04743603244423866,0.9994440078735352,0.40396782755851746,0.309247225522995,-0.11807923018932343,0.9553652405738831,0.5358155965805054,0.31723567843437195,-0.020069271326065063,0.7283667922019958,0.4457337558269501,0.2961290776729584,-0.23866108059883118,0.8601028323173523,0.5224390029907227,0.22585630416870117,-0.039933912456035614,0.7275378704071045,0.4586438536643982,0.2801439166069031,-0.2634018361568451,0.8380497694015503,0.5211293697357178,0.19733339548110962,-0.0448724590241909,0.709592878818512,0.46278440952301025,0.2923790216445923,-0.25110283493995667,0.8389003276824951,0.5154643654823303,0.20000368356704712,-0.05717834085226059,0.7144157886505127,0.4588928818702698,0.2976861596107483,-0.2336760312318802,0.8219895958900452,0.5140684843063354,0.21001993119716644,-0.042633190751075745,0.7194812893867493,0.443972647190094,0.23398108780384064,-0.013522137887775898,0.9995782375335693,0.4796047508716583,0.22164058685302734,0.013460924848914146,0.9995132684707642,0.47945037484169006,0.25867894291877747,-0.20707647502422333,0.9746638536453247,0.5008348226547241,0.13196921348571777,-0.057715870440006256,0.7238800525665283,0.48730233311653137,0.12557925283908844,-0.14139360189437866,0.9150617122650146,0.4434172809123993,0.17746275663375854,0.1655714362859726,0.443999707698822,0.4862491190433502,0.1104564517736435,-0.12991304695606232,0.870094895362854,0.43708086013793945,0.19575482606887817,0.19189777970314026,0.5271190404891968,0.49459949135780334,0.06803975999355316,-0.15680651366710663,0.907232403755188,0.4271753132343292,0.15019968152046204,0.19494828581809998,0.4724614918231964
yena_fall_normal_17,312,104,10.401375661375662,29.996032270863644,10,0.4608045518398285,0.4322557747364044,-0.19585849344730377,0.9989355206489563,0.45264437794685364,0.4413991868495941,-0.18398429453372955,0.9995594024658203,0.44932079315185547,0.4393719732761383,-0.18395152688026428,0.9995728731155396,0.44627851247787476,0.4369468092918396,-0.1839914321899414,0.9995254278182983,0.46343326568603516,0.45001959800720215,-0.18663711845874786,0.9992674589157104,0.46721968054771423,0.45428797602653503,-0.1867215484380722,0.9992585778236389,0.4701828062534332,0.45957955718040466,-0.1867303103208542,0.9991096258163452,0.44458243250846863,0.4322703182697296,-0.1026078462600708,0.9996299147605896,0.4762052297592163,0.471198707818985,-0.1309177279472351,0.999363899230957,0.45991775393486023,0.41560932993888855,-0.165043905377388,0.9995070099830627,0.4701248109340668,0.4241606593132019,-0.17168255150318146,0.9993563294410706,0.43399521708488464,0.394277960062027,-0.07010086625814438,0.9997158646583557,0.514945924282074,0.39418554306030273,-0.08423867076635361,0.9994983077049255,0.3987322151660919,0.3073634207248688,-0.11346659064292908,0.9594656825065613,0.5404210686683655,0.3111995756626129,-0.09070412814617157,0.7553895711898804,0.44337114691734314,0.29324549436569214,-0.23398159444332123,0.8735511302947998,0.5058664679527283,0.24193072319030762,-0.12722456455230713,0.7539152503013611,0.45628827810287476,0.2755137085914612,-0.2587524354457855,0.8528494238853455,0.4945181608200073,0.22458168864250183,-0.14129148423671722,0.7354394793510437,0.4618043005466461,0.2873412072658539,-0.24752457439899445,0.8536316156387329,0.49162012338638306,0.2404729723930359,-0.12703795731067657,0.739884614944458,0.45876243710517883,0.29299354553222656,-0.22947928309440613,0.8376694321632385,0.4951011836528778,0.24673178791999817,-0.11942050606012344,0.7436100244522095,0.4461711347103119,0.22927191853523254,-0.005952026229351759,0.999611496925354,0.48513829708099365,0.22032292187213898,0.0058695729821920395,0.9995380640029907,0.47358229756355286,0.252145379781723,-0.15496565401554108,0.9723953008651733,0.5040280222892761,0.13411317765712738,-0.05473577231168747,0.7357279658317566,0.4751623272895813,0.13122503459453583,-0.10766412317752838,0.9113678336143494,0.45248740911483765,0.17733293771743774,0.1575370579957962,0.4290459454059601,0.47802478075027466,0.11035522818565369,-0.09202858060598373,0.8722226023674011,0.446956068277359,0.19122448563575745,0.18237091600894928,0.5175797939300537,0.48231515288352966,0.07482978701591492,-0.11422012001276016,0.9046438336372375,0.435151070356369,0.15582440793514252,0.1844720095396042,0.4552202820777893
yena_fall_normal_17,315,105,10.501388888888888,29.996032270863644,10,0.4546096920967102,0.4325527548789978,-0.23227038979530334,0.999030351638794,0.44778674840927124,0.4418848752975464,-0.21841280162334442,0.9995887279510498,0.4449833333492279,0.43967604637145996,-0.21840353310108185,0.9995959997177124,0.44250068068504333,0.4369654655456543,-0.21845431625843048,0.9995488524436951,0.4572470784187317,0.450490266084671,-0.22541798651218414,0.9993303418159485,0.4607733190059662,0.45447251200675964,-0.22548545897006989,0.9993228316307068,0.4640350639820099,0.45862677693367004,-0.22553172707557678,0.9991915225982666,0.44025495648384094,0.43126964569091797,-0.12575188279151917,0.9996268153190613,0.47082555294036865,0.46396443247795105,-0.1647576540708542,0.999423086643219,0.4542066752910614,0.4160272479057312,-0.19617006182670593,0.9995468258857727,0.4644657373428345,0.4241425395011902,-0.2071140706539154,0.9994163513183594,0.4323227107524872,0.39241594076156616,-0.08744435012340546,0.9997335076332092,0.5107273459434509,0.39348581433296204,-0.1080918163061142,0.9995429515838623,0.39915063977241516,0.31640300154685974,-0.1137012168765068,0.9619556665420532,0.5427110195159912,0.3129212558269501,-0.11487124115228653,0.7792730331420898,0.44431862235069275,0.2972230911254883,-0.2170068919658661,0.8810704946517944,0.49873876571655273,0.2825801372528076,-0.14081698656082153,0.7756418585777283,0.4573722779750824,0.27922746539115906,-0.24426120519638062,0.8553892970085144,0.4869110882282257,0.2724376618862152,-0.15657778084278107,0.7523213624954224,0.4627613127231598,0.29052087664604187,-0.2339092195034027,0.8561459183692932,0.48390376567840576,0.2867041826248169,-0.14587704837322235,0.7564907073974609,0.459825336933136,0.2976246476173401,-0.2138538360595703,0.8382340669631958,0.48629334568977356,0.29203104972839355,-0.13505293428897858,0.7568320631980896,0.4482647478580475,0.23009122908115387,-0.007581912912428379,0.9995959401130676,0.48740583658218384,0.22381773591041565,0.007505048532038927,0.9994214773178101,0.46745917201042175,0.22918274998664856,-0.04038214311003685,0.9508994817733765,0.5018343329429626,0.1306900829076767,0.06535869091749191,0.7023805379867554,0.4632236361503601,0.1270890086889267,0.09623920172452927,0.8661218881607056,0.4670622944831848,0.15029673278331757,0.29324305057525635,0.3932332992553711,0.46225613355636597,0.1124933585524559,0.11267248541116714,0.8415059447288513,0.4625590443611145,0.15581636130809784,0.3188258707523346,0.4795655608177185,0.4668920934200287,0.07794801145792007,0.08354310691356659,0.8674037456512451,0.4661145508289337,0.12273962050676346,0.3095603585243225,0.4206005334854126
yena_fall_normal_17,318,106,10.601402116402117,29.996032270863644,10,0.4498724341392517,0.44540461897850037,-0.23026762902736664,0.9991262555122375,0.4445057213306427,0.4561329483985901,-0.21794293820858002,0.9996283054351807,0.4421990215778351,0.4549415111541748,-0.217924565076828,0.9996342658996582,0.4403064548969269,0.45325952768325806,-0.21796828508377075,0.9995914697647095,0.45384013652801514,0.46143245697021484,-0.2231530249118805,0.9993959665298462,0.4579463601112366,0.46447616815567017,-0.22323255240917206,0.9993892312049866,0.46171221137046814,0.4669339060783386,-0.2232593595981598,0.9992714524269104,0.43913179636001587,0.44927141070365906,-0.1337367594242096,0.9996591806411743,0.46909743547439575,0.4681558609008789,-0.16240498423576355,0.999480128288269,0.4485574960708618,0.4280136823654175,-0.19715267419815063,0.9995912909507751,0.4591202437877655,0.4342525005340576,-0.20543359220027924,0.999474287033081,0.4295576810836792,0.40311697125434875,-0.0947578176856041,0.9997583627700806,0.5089600086212158,0.3997001647949219,-0.10720883309841156,0.99958735704422,0.40207627415657043,0.3238429129123688,-0.12553676962852478,0.9650788307189941,0.5382481217384338,0.3166514039039612,-0.12997382879257202,0.8008415102958679,0.4460614025592804,0.2942613959312439,-0.2224961668252945,0.8895899653434753,0.493083655834198,0.2809726297855377,-0.1920308917760849,0.7949296236038208,0.4569862186908722,0.2767643928527832,-0.2473924160003662,0.8616982102394104,0.4813593924045563,0.2725217044353485,-0.20992740988731384,0.7687644958496094,0.4614252746105194,0.2891198396682739,-0.23933881521224976,0.862291157245636,0.4788084626197815,0.2878844141960144,-0.20640507340431213,0.772490382194519,0.4593338072299957,0.2971574068069458,-0.21981339156627655,0.8438768982887268,0.48108378052711487,0.29317936301231384,-0.18920686841011047,0.7707383036613464,0.4506608247756958,0.24425390362739563,-0.009753684513270855,0.9996300935745239,0.4913547933101654,0.24232612550258636,0.00963796116411686,0.9994714856147766,0.4744601249694824,0.1736050546169281,-0.1219170093536377,0.9509761929512024,0.49759000539779663,0.12961333990097046,-0.11035163700580597,0.7243029475212097,0.4554911255836487,0.13431626558303833,0.021458016708493233,0.844477117061615,0.46553725004196167,0.1491977423429489,0.07977322489023209,0.3791743516921997,0.4530072808265686,0.1372022032737732,0.04035690799355507,0.8182621002197266,0.4607889950275421,0.15983445942401886,0.10250084847211838,0.458001047372818,0.4527028799057007,0.10705075412988663,0.04619402065873146,0.8414112329483032,0.46209290623664856,0.11651576310396194,0.11599382758140564,0.4022950232028961
yena_fall_normal_17,321,107,10.701415343915343,29.996032270863644,10,0.4491397738456726,0.4829627573490143,-0.28767526149749756,0.9992053508758545,0.4450988173484802,0.49488475918769836,-0.2770513594150543,0.9996476769447327,0.44253501296043396,0.4940761923789978,-0.2770404815673828,0.9996513724327087,0.4401390254497528,0.4931974709033966,-0.2770955264568329,0.999611496925354,0.45468536019325256,0.49841952323913574,-0.2807843089103699,0.9994378089904785,0.4588417410850525,0.5001435875892639,-0.28086888790130615,0.9994333982467651,0.46287116408348083,0.5013847351074219,-0.280891090631485,0.9993311762809753,0.43961021304130554,0.48848995566368103,-0.19734205305576324,0.9996503591537476,0.47195327281951904,0.49787846207618713,-0.21631412208080292,0.9995128512382507,0.44694381952285767,0.466967910528183,-0.2553155720233917,0.9996227622032166,0.4574001133441925,0.46769461035728455,-0.26091453433036804,0.9995197653770447,0.4282408654689789,0.43141868710517883,-0.144296795129776,0.9997782707214355,0.5059641599655151,0.4255761504173279,-0.15660902857780457,0.9996172189712524,0.4076562821865082,0.3463194966316223,-0.14228945970535278,0.966905415058136,0.5342754125595093,0.3361031115055084,-0.1578681319952011,0.8197103142738342,0.44999170303344727,0.2942446172237396,-0.21999524533748627,0.8927990794181824,0.49170321226119995,0.2857683002948761,-0.2029692679643631,0.8074603080749512,0.4589039385318756,0.27572768926620483,-0.24408391118049622,0.8592372536659241,0.48055246472358704,0.27200597524642944,-0.2212546169757843,0.7748244404792786,0.4641319513320923,0.28756555914878845,-0.24131159484386444,0.8600069880485535,0.4775787591934204,0.28655290603637695,-0.222341850399971,0.7784225940704346,0.4621952772140503,0.29710108041763306,-0.2191203385591507,0.8399690985679626,0.4797966778278351,0.2949545383453369,-0.20223593711853027,0.772824227809906,0.45370349287986755,0.28272080421447754,-0.007387910503894091,0.9996311068534851,0.49568626284599304,0.28811463713645935,0.007277573458850384,0.9994490742683411,0.4720333516597748,0.22723883390426636,-0.13430817425251007,0.943315327167511,0.49027812480926514,0.19408375024795532,-0.08429698646068573,0.7239537239074707,0.4596644639968872,0.14727669954299927,0.01690734550356865,0.8431861996650696,0.47592994570732117,0.146968275308609,0.10862783342599869,0.4031672179698944,0.45784103870391846,0.1433609277009964,0.03229174390435219,0.8025669455528259,0.4741334915161133,0.14693093299865723,0.12609201669692993,0.4569903612136841,0.46457532048225403,0.11404988169670105,-0.00524067273363471,0.84102463722229,0.47629886865615845,0.103365957736969,0.08655419945716858,0.426127552986145
yena_fall_normal_17,324,108,10.801428571428572,29.996032270863644,10,0.4506491422653198,0.5281267166137695,-0.2704351842403412,0.9992641806602478,0.4480201303958893,0.5420392751693726,-0.2580769658088684,0.9996355175971985,0.4457012712955475,0.5420308113098145,-0.25810039043426514,0.9996442198753357,0.4436681866645813,0.5418510437011719,-0.2581605911254883,0.9996052384376526,0.4560256600379944,0.5430443286895752,-0.264215350151062,0.9994310736656189,0.4598814845085144,0.5438361763954163,-0.2642808258533478,0.9994307160377502,0.4639497995376587,0.5443591475486755,-0.26430538296699524,0.9993447065353394,0.44444283843040466,0.5363158583641052,-0.18050146102905273,0.9996116161346436,0.47496649622917175,0.5379151105880737,-0.2095148116350174,0.9994805455207825,0.4487023949623108,0.5145503282546997,-0.2395859807729721,0.9996474981307983,0.45698946714401245,0.5136289000511169,-0.24806709587574005,0.9995550513267517,0.4325662851333618,0.47188234329223633,-0.13467071950435638,0.9997962117195129,0.5062081217765808,0.4609912931919098,-0.1585138589143753,0.9996166229248047,0.4127890169620514,0.3736349046230316,-0.1336757093667984,0.9679421186447144,0.5303073525428772,0.36066269874572754,-0.15773256123065948,0.8363752365112305,0.4539613425731659,0.30508244037628174,-0.20115341246128082,0.897328794002533,0.4943286180496216,0.29320257902145386,-0.19737395644187927,0.8177202939987183,0.4620153605937958,0.2767690122127533,-0.22543512284755707,0.8611590266227722,0.4840574860572815,0.2725219130516052,-0.21854561567306519,0.7800989747047424,0.4681769013404846,0.28798535466194153,-0.22880162298679352,0.8619256019592285,0.4797126352787018,0.28772589564323425,-0.22230038046836853,0.7836042642593384,0.4666655361652374,0.29676294326782227,-0.2026778608560562,0.8413828611373901,0.4815717935562134,0.2945951521396637,-0.1982821822166443,0.7751556634902954,0.4580053687095642,0.3198258876800537,0.0017326005036011338,0.9996331334114075,0.4977087676525116,0.3187325596809387,-0.0017777420580387115,0.9994221329689026,0.4706215262413025,0.26452526450157166,-0.12074072659015656,0.9376610517501831,0.4836764633655548,0.22697417438030243,-0.0688801035284996,0.7239399552345276,0.4655151665210724,0.15897737443447113,0.024596935138106346,0.8475528955459595,0.46673616766929626,0.14699217677116394,0.09224627166986465,0.44473230838775635,0.46647903323173523,0.1485944539308548,0.03747980669140816,0.7904373407363892,0.466372549533844,0.14154881238937378,0.10477512329816818,0.4691654443740845,0.4719338119029999,0.11123687028884888,-0.007366239093244076,0.8454039692878723,0.46123597025871277,0.09774048626422882,0.03584373742341995,0.46594518423080444
yena_fall_normal_17,327,109,10.901441798941798,29.996032270863644,10,0.4580042064189911,0.5834360718727112,-0.34643182158470154,0.9993338584899902,0.4537108242511749,0.5938440561294556,-0.3327814042568207,0.9996646642684937,0.45119911432266235,0.5932538509368896,-0.3327847719192505,0.9996722936630249,0.4486437737941742,0.5926965475082397,-0.3328629732131958,0.9996373653411865,0.4617963433265686,0.5946954488754272,-0.3363848328590393,0.9994789361953735,0.46537768840789795,0.5946728587150574,-0.3364834785461426,0.999478280544281,0.4697335660457611,0.5942840576171875,-0.33652856945991516,0.9994021654129028,0.4489746391773224,0.5839192271232605,-0.2495751827955246,0.999635636806488,0.47895222902297974,0.5826183557510376,-0.2656782865524292,0.9995154142379761,0.45531195402145386,0.5643321871757507,-0.314287006855011,0.9996809363365173,0.465125173330307,0.5650447607040405,-0.31910887360572815,0.9995973706245422,0.43625691533088684,0.5020830631256104,-0.18495456874370575,0.9998109936714172,0.5100439190864563,0.49711874127388,-0.21686507761478424,0.99961256980896,0.42313772439956665,0.3964996039867401,-0.1693667471408844,0.9680428504943848,0.5275813937187195,0.3813900649547577,-0.21686066687107086,0.8521530628204346,0.45576637983322144,0.3079373240470886,-0.22523583471775055,0.8952124118804932,0.49715328216552734,0.29415470361709595,-0.25723591446876526,0.8299558758735657,0.4635745584964752,0.27685144543647766,-0.24684032797813416,0.8539074063301086,0.48761656880378723,0.27356964349746704,-0.2807057797908783,0.7885173559188843,0.46981534361839294,0.28727465867996216,-0.2624626159667969,0.8553231358528137,0.48250627517700195,0.28745952248573303,-0.2879126965999603,0.7922199368476868,0.4686413109302521,0.29680195450782776,-0.23145459592342377,0.8348273634910583,0.48397091031074524,0.29496386647224426,-0.2596180737018585,0.782202959060669,0.46209561824798584,0.35413652658462524,0.002850801218301058,0.9996668100357056,0.5011395215988159,0.34763917326927185,-0.0029250257648527622,0.9994548559188843,0.4638383090496063,0.28821516036987305,-0.1738889068365097,0.9408999681472778,0.48917409777641296,0.22272199392318726,0.0176206286996603,0.7231906056404114,0.4635244607925415,0.17028993368148804,-0.02342887595295906,0.85319584608078,0.4744066596031189,0.16446605324745178,0.24948184192180634,0.4415488541126251,0.46489498019218445,0.15881940722465515,-0.01165828388184309,0.7728808522224426,0.4727731943130493,0.15912307798862457,0.2709420323371887,0.4409354627132416,0.4717412292957306,0.1192631721496582,-0.10031206905841827,0.851340115070343,0.46806496381759644,0.10320381820201874,0.21052508056163788,0.4645163118839264
yena_fall_normal_17,330,110,11.001455026455027,29.996032270863644,10,0.4717375934123993,0.6231933236122131,-0.35406002402305603,0.9993963241577148,0.4693607985973358,0.6326563358306885,-0.33790168166160583,0.9996873736381531,0.46642476320266724,0.6320871710777283,-0.3379345238208771,0.9996936321258545,0.46353474259376526,0.6310209631919861,-0.33799993991851807,0.9996635317802429,0.47692063450813293,0.6328392028808594,-0.34097471833229065,0.9995189309120178,0.4805830121040344,0.6321502327919006,-0.34105539321899414,0.9995183944702148,0.48424774408340454,0.630963921546936,-0.3411126434803009,0.9994511008262634,0.4617377519607544,0.6214192509651184,-0.2527909576892853,0.9996485114097595,0.49303099513053894,0.618359386920929,-0.2667369246482849,0.999538004398346,0.4662422239780426,0.60623699426651,-0.3226834535598755,0.9997093081474304,0.47619664669036865,0.6059268712997437,-0.32680559158325195,0.9996342062950134,0.44025328755378723,0.5294979810714722,-0.18994145095348358,0.999810516834259,0.5152172446250916,0.5221481919288635,-0.22650980949401855,0.9995995163917542,0.4406035542488098,0.4124370515346527,-0.1788969337940216,0.9670537710189819,0.524265468120575,0.40096303820610046,-0.2326216995716095,0.8657417297363281,0.460159569978714,0.3081110417842865,-0.22765745222568512,0.8871262073516846,0.49557673931121826,0.3008047342300415,-0.2699694335460663,0.8407449126243591,0.46495577692985535,0.278692364692688,-0.2513674199581146,0.8385212421417236,0.48775848746299744,0.2784474194049835,-0.2957608103752136,0.7966719269752502,0.4709254801273346,0.286239892244339,-0.2670429050922394,0.8410744667053223,0.48111629486083984,0.28842398524284363,-0.30570873618125916,0.8003581166267395,0.46913835406303406,0.29552051424980164,-0.23455211520195007,0.8219091892242432,0.4829605519771576,0.29640594124794006,-0.27421891689300537,0.7890070676803589,0.4689731001853943,0.37200087308883667,0.008013683371245861,0.999687135219574,0.5074339509010315,0.36876246333122253,-0.008083968423306942,0.9994614124298096,0.4710635244846344,0.26995447278022766,-0.12042216211557388,0.9314311742782593,0.48872119188308716,0.24343962967395782,-0.010287665762007236,0.7031205892562866,0.4755746126174927,0.169162780046463,0.019942212849855423,0.8427615761756897,0.4830247163772583,0.1508971005678177,0.15908679366111755,0.44821035861968994,0.4770509898662567,0.14532658457756042,0.029807759448885918,0.7443550229072571,0.4871630072593689,0.13207688927650452,0.16267842054367065,0.4194393455982208,0.4804459512233734,0.11521098017692566,-0.0653146356344223,0.844648540019989,0.4846905469894409,0.10221496969461441,0.06253880262374878,0.4723948538303375
yena_fall_normal_17,333,111,11.101468253968253,29.996032270863644,10,0.48893168568611145,0.6464696526527405,-0.3202081322669983,0.9994562268257141,0.48617127537727356,0.656022846698761,-0.2848358750343323,0.9997171759605408,0.4833828806877136,0.6555027961730957,-0.284948468208313,0.9997228384017944,0.4807009696960449,0.6548979878425598,-0.2849389612674713,0.9996957778930664,0.4952313303947449,0.6565274000167847,-0.276004433631897,0.9995650053024292,0.4989180564880371,0.6560366749763489,-0.2760404348373413,0.9995646476745605,0.5024715662002563,0.6549854874610901,-0.2760959565639496,0.9995042681694031,0.4764140248298645,0.6435354948043823,-0.19661039113998413,0.9996811151504517,0.5086252689361572,0.6393415331840515,-0.18088412284851074,0.9995819926261902,0.4833437204360962,0.6266634464263916,-0.30789169669151306,0.9997381567955017,0.49398279190063477,0.6258118152618408,-0.2702268362045288,0.9996705651283264,0.4517446756362915,0.5468875169754028,-0.14461363852024078,0.9998266696929932,0.5272749066352844,0.5437335968017578,-0.22257806360721588,0.9996241331100464,0.44773152470588684,0.4333687126636505,-0.135890394449234,0.9682633280754089,0.5284127593040466,0.4247368574142456,-0.18889613449573517,0.8776331543922424,0.4637472927570343,0.32553938031196594,-0.1918928325176239,0.8909190893173218,0.49637582898139954,0.3280488848686218,-0.23034527897834778,0.847167432308197,0.4657193422317505,0.2977374792098999,-0.21665380895137787,0.840007483959198,0.49141454696655273,0.2996722459793091,-0.23813505470752716,0.7972216606140137,0.4710744619369507,0.2999056279659271,-0.23008301854133606,0.8429461717605591,0.4834127426147461,0.303183913230896,-0.24456405639648438,0.8000321388244629,0.47104549407958984,0.3088836371898651,-0.19812671840190887,0.823693037033081,0.4840169847011566,0.3117206394672394,-0.22772645950317383,0.7869810461997986,0.47264376282691956,0.37964457273483276,0.0021575100254267454,0.9997150897979736,0.5132467746734619,0.38103458285331726,-0.0022110636346042156,0.9995096325874329,0.47122305631637573,0.27932602167129517,-0.2092333734035492,0.9355741739273071,0.5249707102775574,0.2964857220649719,-0.2537969648838043,0.7302464842796326,0.4822815954685211,0.1633671075105667,-0.03889398276805878,0.8526323437690735,0.5097081661224365,0.1926000416278839,-0.037351835519075394,0.4893527030944824,0.48643389344215393,0.1448543667793274,-0.026987701654434204,0.7444146275520325,0.5046959519386292,0.1811649203300476,-0.018585143610835075,0.4345448911190033,0.48254045844078064,0.112495556473732,-0.12620088458061218,0.8540040254592896,0.5131469964981079,0.12369657307863235,-0.09998704493045807,0.5121254920959473
yena_fall_normal_17,336,112,11.201481481481482,29.996032270863644,10,0.5023391246795654,0.6684695482254028,-0.28101351857185364,0.9995090365409851,0.4989621341228485,0.6789326667785645,-0.2542314827442169,0.9997401833534241,0.4959653615951538,0.6787499785423279,-0.2543168365955353,0.9997454285621643,0.4932643175125122,0.6784269213676453,-0.25434979796409607,0.9997215270996094,0.508941650390625,0.6772217154502869,-0.251056969165802,0.9996018409729004,0.5121690034866333,0.6755812764167786,-0.2511044144630432,0.9996019005775452,0.5156617760658264,0.6739223003387451,-0.25113508105278015,0.9995474815368652,0.49015095829963684,0.6675824522972107,-0.16862131655216217,0.9997044801712036,0.5219035744667053,0.6583455204963684,-0.1652340143918991,0.9996107816696167,0.4949321150779724,0.648749053478241,-0.25972747802734375,0.9997631907463074,0.5073798298835754,0.6482003927230835,-0.241505965590477,0.9997020959854126,0.4613669514656067,0.5662652254104614,-0.11147617548704147,0.9998361468315125,0.5399066209793091,0.5568116903305054,-0.1395040899515152,0.9996361136436462,0.45455190539360046,0.45585960149765015,-0.09565439820289612,0.9698666334152222,0.5356066226959229,0.44211673736572266,-0.12191344797611237,0.8866479396820068,0.46320682764053345,0.3508725166320801,-0.15069890022277832,0.8932317495346069,0.5043168663978577,0.3516353368759155,-0.16902092099189758,0.847565233707428,0.46202248334884644,0.3192479908466339,-0.17442189157009125,0.8394766449928284,0.5004518628120422,0.3230914771556854,-0.19165165722370148,0.7919043898582458,0.468963086605072,0.3229759633541107,-0.19184772670269012,0.8432661890983582,0.49120014905929565,0.3309594690799713,-0.20537476241588593,0.7950602769851685,0.4707396924495697,0.3335284888744354,-0.1587216854095459,0.8246811032295227,0.49062612652778625,0.34048983454704285,-0.17453652620315552,0.7820535898208618,0.47921937704086304,0.39061740040779114,0.0018037041882053018,0.9997291564941406,0.5215639472007751,0.3927411139011383,-0.0017434399342164397,0.9995388984680176,0.47338780760765076,0.2823846936225891,-0.19827744364738464,0.9391896724700928,0.5270078182220459,0.30462634563446045,-0.21267427504062653,0.7536880373954773,0.4785333275794983,0.1520870327949524,-0.0739201232790947,0.8617647886276245,0.5420547127723694,0.18605323135852814,-0.09383225440979004,0.5356647968292236,0.4832703471183777,0.1355898231267929,-0.06767015904188156,0.7504469156265259,0.5410776138305664,0.14436890184879303,-0.0872049629688263,0.467569500207901,0.4782210886478424,0.11043689399957657,-0.17708760499954224,0.8606781959533691,0.5559206604957581,0.11847846210002899,-0.2022671401500702,0.5549488067626953
yena_fall_normal_17,339,113,11.301494708994708,29.996032270863644,10,0.5143473148345947,0.6895800232887268,-0.2772670388221741,0.9995548725128174,0.510726273059845,0.7001481652259827,-0.2547096908092499,0.9997521638870239,0.507625162601471,0.7004737854003906,-0.25478044152259827,0.9997574687004089,0.5047481060028076,0.7005699276924133,-0.2548159956932068,0.9997356534004211,0.5208508372306824,0.6979144811630249,-0.25196900963783264,0.999630331993103,0.5238500237464905,0.6966192722320557,-0.25203174352645874,0.9996300339698792,0.5271661877632141,0.6952384114265442,-0.25206220149993896,0.9995789527893066,0.5015304088592529,0.6907224059104919,-0.17695851624011993,0.9997086524963379,0.5319687724113464,0.6803234219551086,-0.1733803153038025,0.9996188282966614,0.5063730478286743,0.67134690284729,-0.24963954091072083,0.999781608581543,0.5189618468284607,0.6707533597946167,-0.24117697775363922,0.9997258186340332,0.4709884226322174,0.5881083607673645,-0.11825155466794968,0.9998334646224976,0.5481177568435669,0.5797253847122192,-0.12531253695487976,0.9996405839920044,0.45986828207969666,0.48088470101356506,-0.1010979562997818,0.9716272950172424,0.5494550466537476,0.4717028737068176,-0.09547705948352814,0.8915331959724426,0.463105171918869,0.38009077310562134,-0.14483918249607086,0.8983360528945923,0.530758261680603,0.3743128776550293,-0.14342588186264038,0.8411699533462524,0.46163880825042725,0.34880921244621277,-0.16655629873275757,0.8437222838401794,0.5288891196250916,0.34302160143852234,-0.1633833795785904,0.779425859451294,0.46822360157966614,0.3523252308368683,-0.18570533394813538,0.8479563593864441,0.5207520127296448,0.3475196063518524,-0.18264473974704742,0.7825558185577393,0.4707079529762268,0.3604618310928345,-0.1526298075914383,0.8300626277923584,0.519860029220581,0.3574695289134979,-0.151570662856102,0.7693156599998474,0.48475250601768494,0.3940262794494629,-0.005034147296100855,0.9996761679649353,0.5278423428535461,0.39295992255210876,0.005057205446064472,0.9995510578155518,0.4808080494403839,0.27493441104888916,0.02596226893365383,0.9428119659423828,0.5356482863426208,0.2588081657886505,-0.006800935138016939,0.7765843272209167,0.47764766216278076,0.12585820257663727,0.15290574729442596,0.8721188306808472,0.5479742884635925,0.13269290328025818,0.024394173175096512,0.5806540846824646,0.48043447732925415,0.10968542098999023,0.15864942967891693,0.7484182715415955,0.5452063083648682,0.10585292428731918,0.03382955491542816,0.5056048035621643,0.4723648726940155,0.0886785238981247,0.06863124668598175,0.8688560128211975,0.5742170810699463,0.0991029217839241,-0.00510337483137846,0.596844494342804
yena_fall_normal_17,342,114,11.401507936507937,29.996032270863644,10,0.5245946049690247,0.7084606885910034,-0.22604677081108093,0.9995880722999573,0.5214157700538635,0.7188687324523926,-0.2128961831331253,0.9997372031211853,0.518251359462738,0.7188052535057068,-0.21297121047973633,0.9997418522834778,0.515773594379425,0.7189611792564392,-0.2130015790462494,0.9997249245643616,0.5311623811721802,0.7176257371902466,-0.20961156487464905,0.999626100063324,0.5346063375473022,0.7162227034568787,-0.20961789786815643,0.9996162056922913,0.5373858213424683,0.7144900560379028,-0.20965787768363953,0.999563992023468,0.5116516351699829,0.7097315192222595,-0.13885866105556488,0.9996811151504517,0.5405778884887695,0.7008368968963623,-0.12231306731700897,0.9995225071907043,0.5174136757850647,0.6904999613761902,-0.19863182306289673,0.9997922778129578,0.5292635560035706,0.689969003200531,-0.1931825578212738,0.9997351169586182,0.4805898070335388,0.6099892258644104,-0.10244342684745789,0.9998404383659363,0.5567947626113892,0.6033610105514526,-0.059350963681936264,0.9996361136436462,0.4639051556587219,0.5094950795173645,-0.09808273613452911,0.9732058644294739,0.5657085180282593,0.49724358320236206,-0.02266772650182247,0.8908185362815857,0.46305984258651733,0.4125729501247406,-0.17832735180854797,0.9044621586799622,0.5596874952316284,0.393985778093338,-0.08819810301065445,0.8384795188903809,0.4619593322277069,0.3814820349216461,-0.2030874639749527,0.8524015545845032,0.5619860291481018,0.3631792366504669,-0.10836769640445709,0.7749364376068115,0.46784767508506775,0.3837754428386688,-0.21191994845867157,0.8566586375236511,0.5539585947990417,0.36584189534187317,-0.1352863311767578,0.778875470161438,0.47022828459739685,0.3935322165489197,-0.182068333029747,0.8393595218658447,0.5516663789749146,0.37425076961517334,-0.1001681312918663,0.7665035724639893,0.4924449622631073,0.40032821893692017,-0.017413517460227013,0.9996283650398254,0.5371065735816956,0.3989478647708893,0.017432115972042084,0.9995175004005432,0.4872615933418274,0.2672114968299866,-0.012162511236965656,0.9453536868095398,0.5393215417861938,0.2508454918861389,0.03788862004876137,0.7949214577674866,0.4766307473182678,0.11689406633377075,0.10199782252311707,0.8796476125717163,0.5458923578262329,0.12417832762002945,0.1552588939666748,0.6184444427490234,0.47721293568611145,0.10001561045646667,0.10610007494688034,0.7245505452156067,0.541676938533783,0.09915931522846222,0.16066323220729828,0.5354567170143127,0.47219187021255493,0.0721660703420639,0.008387339301407337,0.871751606464386,0.5738602876663208,0.09609150141477585,0.06382245570421219,0.6311148405075073
yena_fall_normal_17,345,115,11.501521164021163,29.996032270863644,10,0.5293080806732178,0.7238175272941589,-0.18808454275131226,0.9996187090873718,0.527178943157196,0.7338836193084717,-0.174605131149292,0.9997318983078003,0.5246191620826721,0.7340402007102966,-0.17467771470546722,0.9997314214706421,0.5220616459846497,0.7341126799583435,-0.17472608387470245,0.9997187852859497,0.5355769991874695,0.7317805290222168,-0.1727377027273178,0.9996321797370911,0.5389678478240967,0.7302966117858887,-0.17274165153503418,0.9996150732040405,0.5422175526618958,0.728905975818634,-0.17277151346206665,0.9995677471160889,0.5173170566558838,0.7238293886184692,-0.09813596308231354,0.9996629953384399,0.5461741089820862,0.7163603901863098,-0.08792547136545181,0.9995023608207703,0.5229356288909912,0.7077057361602783,-0.15969893336296082,0.9998050928115845,0.5328914523124695,0.7069083452224731,-0.1567496806383133,0.9997501969337463,0.48827922344207764,0.6275237202644348,-0.061846230179071426,0.9998506903648376,0.5645779967308044,0.6179640889167786,-0.03258241340517998,0.9996563792228699,0.4676581621170044,0.5301482081413269,-0.055910807102918625,0.9741775989532471,0.578999936580658,0.5151529908180237,0.00174228148534894,0.8958523273468018,0.4636954367160797,0.4366109073162079,-0.15239404141902924,0.9102595448493958,0.5827538967132568,0.416884183883667,-0.061448775231838226,0.8469729423522949,0.4618339538574219,0.4106832444667816,-0.17966696619987488,0.8609567880630493,0.5859814286231995,0.3856687545776367,-0.08157595247030258,0.7846707701683044,0.46721622347831726,0.41095176339149475,-0.2006819248199463,0.8650524616241455,0.5806785225868225,0.38791918754577637,-0.10987081378698349,0.7889760136604309,0.4696709215641022,0.4196406602859497,-0.162456214427948,0.8484125733375549,0.5778888463973999,0.39823445677757263,-0.07435360550880432,0.7774571180343628,0.49826255440711975,0.409362256526947,-0.015390652231872082,0.9996306300163269,0.5460377335548401,0.4090144634246826,0.015388206578791142,0.9995182752609253,0.4906173348426819,0.2625959515571594,-0.03819210082292557,0.9464703798294067,0.5429415106773376,0.24926342070102692,0.027894513681530952,0.80795818567276,0.47775623202323914,0.11483202129602432,0.08439772576093674,0.8807095289230347,0.5430554151535034,0.1258084625005722,0.17223010957241058,0.6460300087928772,0.4782317280769348,0.09659036248922348,0.08978251367807388,0.6952630877494812,0.5355320572853088,0.10144450515508652,0.18106509745121002,0.5500979423522949,0.4705437421798706,0.0666489526629448,-0.007208965718746185,0.8637134432792664,0.5677455067634583,0.09423230588436127,0.08888604491949081,0.6545127034187317
yena_fall_normal_17,348,116,11.601534391534392,29.996032270863644,10,0.5347654223442078,0.7295864224433899,-0.14816048741340637,0.9996481537818909,0.5311263203620911,0.7377567887306213,-0.13532356917858124,0.999730110168457,0.5278662443161011,0.7369458675384521,-0.13539594411849976,0.9997283220291138,0.5247427225112915,0.7362467050552368,-0.13544446229934692,0.9997195601463318,0.5400295257568359,0.7378678917884827,-0.13266441226005554,0.9996393322944641,0.5430683493614197,0.7370756268501282,-0.13266195356845856,0.9996172785758972,0.5466462969779968,0.735793948173523,-0.13268515467643738,0.9995726346969604,0.5201143622398376,0.7265252470970154,-0.06370128691196442,0.9996597170829773,0.550565779209137,0.7230997085571289,-0.05073868855834007,0.9994817972183228,0.5296282768249512,0.7120086550712585,-0.1215095967054367,0.9998156428337097,0.5397177934646606,0.7131954431533813,-0.1178089827299118,0.9997604489326477,0.49333736300468445,0.6339027285575867,-0.03776877745985985,0.9998626708984375,0.5702179074287415,0.6239288449287415,0.0016238164389505982,0.9996767044067383,0.46883901953697205,0.5363644361495972,-0.019267121329903603,0.9756247401237488,0.590434730052948,0.531400203704834,0.04323529824614525,0.900435209274292,0.4641360938549042,0.4422990381717682,-0.09167524427175522,0.9167169332504272,0.6015178561210632,0.43583014607429504,-0.01052874606102705,0.854380190372467,0.4612244963645935,0.41735655069351196,-0.11388189345598221,0.8701613545417786,0.6079283952713013,0.40714454650878906,-0.027046730741858482,0.792770504951477,0.46741819381713867,0.41724082827568054,-0.13537894189357758,0.8741199374198914,0.6024830937385559,0.4087768793106079,-0.054692961275577545,0.7978048324584961,0.46989384293556213,0.4249977469444275,-0.10103060305118561,0.8583710789680481,0.5995554327964783,0.41789472103118896,-0.02347218431532383,0.7876548767089844,0.5011972188949585,0.41507819294929504,-0.015111803077161312,0.9996069073677063,0.5492788553237915,0.40959134697914124,0.015113639645278454,0.999487042427063,0.49286502599716187,0.2626250088214874,-0.04065883904695511,0.9367621541023254,0.544348418712616,0.24748803675174713,0.013997160829603672,0.8013322949409485,0.4798966646194458,0.1151864305138588,0.0715128481388092,0.8558089137077332,0.5435941219329834,0.12087241560220718,0.14287270605564117,0.6446474194526672,0.48035141825675964,0.09735747426748276,0.07695065438747406,0.6451245546340942,0.5377548336982727,0.09511218219995499,0.153645321726799,0.536126971244812,0.47439876198768616,0.06176665425300598,-0.013825447298586369,0.8271331191062927,0.563240110874176,0.07823912054300308,0.06815816462039948,0.6492876410484314
yena_fall_normal_17,351,117,11.701547619047618,29.996032270863644,10,0.5356204509735107,0.7306153774261475,-0.11695771664381027,0.9996721148490906,0.5318440198898315,0.7388807535171509,-0.10370901972055435,0.9997259378433228,0.5284680128097534,0.7386447191238403,-0.10377800464630127,0.9997223019599915,0.5254718065261841,0.7381359338760376,-0.10383030027151108,0.9997183084487915,0.5411325693130493,0.738274097442627,-0.10281112045049667,0.9996408820152283,0.5435119867324829,0.7375365495681763,-0.10281100124120712,0.9996127486228943,0.546696126461029,0.7363569736480713,-0.10282821208238602,0.9995735287666321,0.5216550230979919,0.7310831546783447,-0.030803106725215912,0.9996535778045654,0.5509289503097534,0.7257712483406067,-0.02656472660601139,0.9994609951972961,0.5295698642730713,0.7130382657051086,-0.08969005942344666,0.9998194575309753,0.5409092307090759,0.7129114866256714,-0.08850262314081192,0.9997621774673462,0.49566951394081116,0.6377655863761902,-0.007706066593527794,0.9998728632926941,0.5715052485466003,0.6292315125465393,0.01872025988996029,0.9996949434280396,0.4735073149204254,0.5388733148574829,0.006988754495978355,0.9756972193717957,0.5938518047332764,0.5359172224998474,0.04824130982160568,0.9038312435150146,0.46691465377807617,0.44703149795532227,-0.06321988254785538,0.9214127063751221,0.61049884557724,0.45027804374694824,-0.008268890902400017,0.8588153123855591,0.4613739848136902,0.41934263706207275,-0.08563399314880371,0.8768242001533508,0.6202221512794495,0.4217681884765625,-0.02586277574300766,0.7972712516784668,0.4676089286804199,0.4205469489097595,-0.10765127092599869,0.8807340264320374,0.6160343885421753,0.4210920035839081,-0.05486276373267174,0.803229033946991,0.47145313024520874,0.428921103477478,-0.07336367666721344,0.8655983209609985,0.6121159791946411,0.4302632510662079,-0.022313764318823814,0.7949231863021851,0.5022671818733215,0.4193439483642578,-0.01446973904967308,0.9995835423469543,0.5515375137329102,0.4130728244781494,0.014542585238814354,0.9994654059410095,0.4922357499599457,0.26070931553840637,-0.04408865049481392,0.9321045279502869,0.5472943782806396,0.24708670377731323,-0.0057465736754238605,0.8018212914466858,0.4803895652294159,0.11255611479282379,0.05326798930764198,0.8392102718353271,0.5470784306526184,0.11341336369514465,0.10131391137838364,0.6487053632736206,0.4804861843585968,0.0942385345697403,0.059480488300323486,0.6023430824279785,0.5416532158851624,0.09024465829133987,0.10545718669891357,0.5191591382026672,0.47262370586395264,0.05537131056189537,-0.032658133655786514,0.7982239723205566,0.5700073838233948,0.0773509293794632,0.012419057078659534,0.6455634236335754
yena_fall_normal_17,354,118,11.801560846560847,29.996032270863644,10,0.5356942415237427,0.7303466796875,-0.16325579583644867,0.9996905326843262,0.5310930013656616,0.7407927513122559,-0.15015506744384766,0.9997069239616394,0.5279044508934021,0.7406130433082581,-0.1502157598733902,0.9997066855430603,0.5247094035148621,0.7400556802749634,-0.15025901794433594,0.9997057914733887,0.5408304929733276,0.7404451966285706,-0.1492948681116104,0.9996142387390137,0.5440139770507812,0.7396811842918396,-0.14929695427417755,0.9995771050453186,0.5466639399528503,0.7384741902351379,-0.1493179053068161,0.9995275139808655,0.5208884477615356,0.7289416193962097,-0.07433467358350754,0.9996340274810791,0.5499477982521057,0.7251958250999451,-0.07002535462379456,0.9993302226066589,0.5289165377616882,0.7124220728874207,-0.13486777245998383,0.99982088804245,0.5414057374000549,0.7121355533599854,-0.1336778849363327,0.9997491836547852,0.4958462715148926,0.6389457583427429,-0.04475279524922371,0.999882161617279,0.570701539516449,0.630172848701477,-0.013315257616341114,0.9996969699859619,0.47275909781455994,0.5398009419441223,-0.032929323613643646,0.9769389629364014,0.5908724069595337,0.5317988991737366,0.031095562502741814,0.9056927561759949,0.46669286489486694,0.45136040449142456,-0.11430992931127548,0.9275615215301514,0.6148604154586792,0.4482073485851288,-0.020269839093089104,0.8643529415130615,0.4603661000728607,0.42409107089042664,-0.13788607716560364,0.8858632445335388,0.6249305605888367,0.42073801159858704,-0.03663524240255356,0.804484486579895,0.46707287430763245,0.4251348078250885,-0.15872402489185333,0.8896186947822571,0.6237990856170654,0.4199891686439514,-0.07054539024829865,0.8112610578536987,0.47107675671577454,0.4335498511791229,-0.12410011887550354,0.8754485249519348,0.6194432377815247,0.42913171648979187,-0.03648293763399124,0.8044382333755493,0.5034410357475281,0.41888660192489624,-0.0139551917091012,0.9995728731155396,0.5537334680557251,0.4131334722042084,0.0139979412779212,0.9994453191757202,0.49408408999443054,0.26028403639793396,-0.036070287227630615,0.9305222034454346,0.547240674495697,0.2540857791900635,0.0038944026455283165,0.8072392344474792,0.48182186484336853,0.11709994822740555,0.07777202874422073,0.8312458992004395,0.547951340675354,0.11787045747041702,0.12812457978725433,0.6587631106376648,0.48135966062545776,0.10076238214969635,0.08317787945270538,0.572572648525238,0.5437747836112976,0.09724703431129456,0.13358137011528015,0.513096034526825,0.47918766736984253,0.064845971763134,-0.013519137166440487,0.7799004316329956,0.5687451958656311,0.07494290918111801,0.031727343797683716,0.6488433480262756
yena_fall_normal_17,357,119,11.901574074074073,29.996032270863644,10,0.533889651298523,0.7278080582618713,-0.12643836438655853,0.999710738658905,0.5292596220970154,0.7386311292648315,-0.11137176305055618,0.9997016787528992,0.5260033011436462,0.7380370497703552,-0.11145059019327164,0.9997039437294006,0.523820698261261,0.7372260689735413,-0.11149801313877106,0.9997063875198364,0.5390499234199524,0.7383005619049072,-0.11121203005313873,0.9996087551116943,0.54222172498703,0.737365186214447,-0.11120624840259552,0.9995685815811157,0.5454617142677307,0.7361244559288025,-0.11120544373989105,0.9995197653770447,0.5192744731903076,0.7269543409347534,-0.033996205776929855,0.9996290802955627,0.5491085648536682,0.7232736945152283,-0.032550912350416183,0.999262809753418,0.5273897051811218,0.7092016935348511,-0.09812646359205246,0.9998165965080261,0.5398973226547241,0.7087246775627136,-0.09770778566598892,0.9997302889823914,0.49502938985824585,0.6379565000534058,-0.010853664018213749,0.9998895525932312,0.5691371560096741,0.6238962411880493,0.016936765983700752,0.9996857643127441,0.47262993454933167,0.5396324396133423,-0.006908233743160963,0.9777413010597229,0.5850881338119507,0.5222164392471313,0.04863852262496948,0.9028664231300354,0.4621729552745819,0.4491579830646515,-0.08832113444805145,0.9326468706130981,0.615703284740448,0.45246559381484985,-0.01755664125084877,0.8680745363235474,0.4567466676235199,0.41795602440834045,-0.1116558387875557,0.8931124210357666,0.6262814998626709,0.42567309737205505,-0.03771083801984787,0.8102774620056152,0.4618860185146332,0.4185009002685547,-0.13584180176258087,0.8968007564544678,0.6269879937171936,0.42688557505607605,-0.07268672436475754,0.8181049823760986,0.4652831256389618,0.4275423586368561,-0.10014371573925018,0.8835207223892212,0.6228519678115845,0.4355800747871399,-0.035204991698265076,0.8125860691070557,0.5037010312080383,0.4187164902687073,-0.013814015313982964,0.9995527267456055,0.5520910620689392,0.41280627250671387,0.013904258608818054,0.9994208812713623,0.49476081132888794,0.25952109694480896,-0.0260397307574749,0.9326242804527283,0.5472485423088074,0.2559300363063812,-0.005759105551987886,0.8178375959396362,0.4823206067085266,0.11493795365095139,0.0651024878025055,0.8358985781669617,0.5478285551071167,0.11742664873600006,0.09302394837141037,0.6801919341087341,0.4823313355445862,0.09736980497837067,0.06907520443201065,0.5524951815605164,0.5434601902961731,0.09625871479511261,0.09557463973760605,0.5153239965438843,0.4773567318916321,0.06244523078203201,-0.02240293100476265,0.7796739339828491,0.5694590210914612,0.0778207927942276,-0.001148499664850533,0.6652573347091675
yena_fall_normal_17,360,120,12.001587301587302,29.996032270863644,10,0.5310296416282654,0.7250611782073975,-0.09351631999015808,0.9997352361679077,0.526476263999939,0.7347134351730347,-0.07901164144277573,0.9997186064720154,0.5237685441970825,0.7344731688499451,-0.07909715920686722,0.9997215270996094,0.5206831693649292,0.7341829538345337,-0.07915174216032028,0.9997243285179138,0.5361828207969666,0.7343305945396423,-0.07739179581403732,0.9996316432952881,0.5396848917007446,0.7334825992584229,-0.07738210260868073,0.9995920062065125,0.5428932905197144,0.7323724627494812,-0.07736432552337646,0.9995450973510742,0.516000509262085,0.725213885307312,-0.01021349336951971,0.9996523261070251,0.5467427372932434,0.7203308343887329,-0.002667277120053768,0.9992905855178833,0.5247984528541565,0.7070258259773254,-0.06908302009105682,0.999824583530426,0.5371041893959045,0.7056754231452942,-0.06671050190925598,0.9997367858886719,0.49156683683395386,0.6351047158241272,0.0032005005050450563,0.9998970031738281,0.5650765895843506,0.6200640201568604,0.0327996127307415,0.9996841549873352,0.46850165724754333,0.5422056317329407,-0.007029774598777294,0.9789924621582031,0.5806083083152771,0.5242186188697815,0.03805413097143173,0.903930127620697,0.44059106707572937,0.45668837428092957,-0.09157363325357437,0.9384661316871643,0.6210575699806213,0.4803541302680969,-0.04622012376785278,0.876749575138092,0.4307344853878021,0.4313575327396393,-0.1141689121723175,0.9018968343734741,0.6356878876686096,0.4605787396430969,-0.0672747790813446,0.8226462006568909,0.43283766508102417,0.43077823519706726,-0.1377718597650528,0.9054025411605835,0.6373798251152039,0.4660758376121521,-0.09656508266925812,0.8306629657745361,0.43695732951164246,0.4385799169540405,-0.10365542024374008,0.893354594707489,0.6323374509811401,0.4720768332481384,-0.0620097741484642,0.8260318636894226,0.5025169849395752,0.4161094129085541,-0.012692832387983799,0.9995548725128174,0.5502204298973083,0.41369134187698364,0.012822366319596767,0.9994350671768188,0.49490946531295776,0.2590048015117645,-0.01468572486191988,0.9341984987258911,0.547221839427948,0.2569786310195923,-0.0021071918308734894,0.8302292227745056,0.48334482312202454,0.11692171543836594,0.07281504571437836,0.8403642177581787,0.549950897693634,0.11854013800621033,0.09098993241786957,0.7030830383300781,0.48426100611686707,0.10051416605710983,0.07625825703144073,0.5488175749778748,0.5447201132774353,0.0956144705414772,0.09444408863782883,0.524975061416626,0.47601649165153503,0.07670300453901291,-0.007671331521123648,0.7819356322288513,0.5691027045249939,0.07423713058233261,0.00812905840575695,0.6831029057502747
yena_fall_normal_17,363,121,12.101600529100528,29.996032270863644,10,0.5274831652641296,0.7229680418968201,-0.07717842608690262,0.999758780002594,0.5231980085372925,0.7322805523872375,-0.06220604479312897,0.9997389316558838,0.5203178524971008,0.7321347594261169,-0.062302663922309875,0.9997411966323853,0.5174669623374939,0.7319062352180481,-0.062370479106903076,0.9997440576553345,0.5325670838356018,0.7318542003631592,-0.06086299195885658,0.999660074710846,0.5359987020492554,0.7313685417175293,-0.060857392847537994,0.9996222853660583,0.5393155813217163,0.730611264705658,-0.06082671880722046,0.9995798468589783,0.5128772258758545,0.7235496044158936,0.006528765894472599,0.9996761679649353,0.5434579253196716,0.7185359597206116,0.01208730973303318,0.9993444681167603,0.5217094421386719,0.7058054208755493,-0.053001634776592255,0.9998317360877991,0.5333725810050964,0.7050548791885376,-0.05110297352075577,0.9997498989105225,0.4887810945510864,0.6344091892242432,0.020768487825989723,0.9999021887779236,0.5626899003982544,0.6218103766441345,0.04535539448261261,0.9997028708457947,0.4646117091178894,0.5466489195823669,7.965896656969562e-05,0.9787437915802002,0.580025315284729,0.527173638343811,0.04464887082576752,0.910304844379425,0.41665083169937134,0.5023651123046875,-0.10374050587415695,0.9431625008583069,0.6310494542121887,0.5196990966796875,-0.051099199801683426,0.887870192527771,0.40138110518455505,0.4900771975517273,-0.12880754470825195,0.9092112183570862,0.6482487320899963,0.5089313983917236,-0.07306670397520065,0.8382195234298706,0.40119633078575134,0.4956274628639221,-0.15197612345218658,0.9127162098884583,0.6501455903053284,0.5193182229995728,-0.10066933184862137,0.8458060622215271,0.40710121393203735,0.4991232454776764,-0.11695744097232819,0.9018892645835876,0.6442269086837769,0.5238084197044373,-0.06694715470075607,0.8416706323623657,0.5005022883415222,0.41903719305992126,-0.01154252327978611,0.9995381236076355,0.5478945374488831,0.41753441095352173,0.011730719357728958,0.9994394183158875,0.493661493062973,0.25873565673828125,-0.019949639216065407,0.9328333735466003,0.546201765537262,0.261856347322464,-0.004522610921412706,0.8404379487037659,0.48245668411254883,0.11769841611385345,0.06476575881242752,0.8370939493179321,0.5507147312164307,0.1192682608962059,0.07952605932950974,0.720774233341217,0.4851522445678711,0.10225211083889008,0.0739571824669838,0.5411241054534912,0.5451829433441162,0.0964447408914566,0.0827626958489418,0.5300628542900085,0.4753357172012329,0.08300723880529404,-0.014310259371995926,0.7763183116912842,0.5732890963554382,0.07487022131681442,0.003683146322146058,0.6966534852981567
yena_fall_normal_17,366,122,12.201613756613757,29.996032270863644,10,0.5256861448287964,0.7227749824523926,-0.07211829721927643,0.999781608581543,0.5217281579971313,0.7322059869766235,-0.05801178887486458,0.9997607469558716,0.5188169479370117,0.732124924659729,-0.05807407572865486,0.9997627139091492,0.5164117217063904,0.7320910692214966,-0.05814015120267868,0.9997646808624268,0.5314481854438782,0.7318835258483887,-0.05446499213576317,0.9996899962425232,0.5345773100852966,0.7313712239265442,-0.054466210305690765,0.9996552467346191,0.5378729701042175,0.7307592630386353,-0.05441657826304436,0.9996165037155151,0.5115357637405396,0.7237102389335632,0.009048723615705967,0.9997034668922424,0.5422590970993042,0.7190683484077454,0.02417295053601265,0.9994033575057983,0.519875705242157,0.7061676383018494,-0.04841936007142067,0.9998429417610168,0.5317205786705017,0.7059048414230347,-0.043708667159080505,0.999768853187561,0.48796865344047546,0.6341548562049866,0.02783454768359661,0.9999051690101624,0.5624744296073914,0.6229231357574463,0.06552998721599579,0.999722421169281,0.4599573314189911,0.5519878268241882,0.031176913529634476,0.9785688519477844,0.5814803838729858,0.5358532667160034,0.058028802275657654,0.9148038029670715,0.40516939759254456,0.568939208984375,-0.03603208065032959,0.9474560022354126,0.6320679187774658,0.5730698704719543,-0.050058331340551376,0.8980920314788818,0.38603994250297546,0.5646704435348511,-0.05479937046766281,0.9157654047012329,0.6492974162101746,0.5772243142127991,-0.07028257101774216,0.852541446685791,0.38629379868507385,0.57439786195755,-0.07716074585914612,0.9192864894866943,0.6492825150489807,0.5870999097824097,-0.09596561640501022,0.8596565127372742,0.3915240466594696,0.5761498808860779,-0.049165502190589905,0.909652829170227,0.6432726979255676,0.5873991847038269,-0.06596045196056366,0.8559844493865967,0.4987505078315735,0.4146484434604645,-0.014405785128474236,0.9995492100715637,0.5456739068031311,0.41645532846450806,0.014612285420298576,0.9994651675224304,0.4924479126930237,0.25613370537757874,-0.018367387354373932,0.9361792802810669,0.5451020002365112,0.2605747580528259,0.02996806427836418,0.8527899980545044,0.4821343719959259,0.11713575571775436,0.07468720525503159,0.8445702791213989,0.5504175424575806,0.12032856047153473,0.14288100600242615,0.7426729798316956,0.48379895091056824,0.10194626450538635,0.07977834343910217,0.5533803701400757,0.5442362427711487,0.09814117848873138,0.14947117865085602,0.5572652816772461,0.4713733494281769,0.08256277441978455,0.0005368822021409869,0.7839165925979614,0.5778109431266785,0.07756229490041733,0.07466056197881699,0.71748286485672
yena_fall_normal_17,369,123,12.301626984126983,29.996032270863644,10,0.522223949432373,0.7201409339904785,-0.11185599118471146,0.9998026490211487,0.5183160305023193,0.7298217415809631,-0.09798577427864075,0.9997824430465698,0.5150717496871948,0.7296949028968811,-0.09804222732782364,0.9997842311859131,0.5124129056930542,0.7296335697174072,-0.09809645265340805,0.9997854828834534,0.5269482135772705,0.7298678755760193,-0.09481308609247208,0.9997189044952393,0.529593288898468,0.7295690178871155,-0.094813272356987,0.9996871948242188,0.5331979990005493,0.7291250824928284,-0.09479539096355438,0.9996520280838013,0.5066397786140442,0.7216941118240356,-0.02587878331542015,0.999729335308075,0.5372745990753174,0.7178342938423157,-0.005975484382361174,0.9994590878486633,0.5172176957130432,0.7031250596046448,-0.0858391523361206,0.9998559355735779,0.5271046757698059,0.703626811504364,-0.08107750862836838,0.9997887015342712,0.48378896713256836,0.633436918258667,-0.0013232255587354302,0.9999002814292908,0.557592511177063,0.6253312826156616,0.04976854845881462,0.9997346997261047,0.4533434808254242,0.5701266527175903,-0.09478425979614258,0.9800226092338562,0.5842438340187073,0.5556172132492065,0.03218845650553703,0.9216856956481934,0.4084724485874176,0.6321513056755066,-0.26909950375556946,0.9519627690315247,0.6253235340118408,0.6275365948677063,-0.10053325444459915,0.9078888893127441,0.3916284739971161,0.6377122402191162,-0.30132919549942017,0.9222737550735474,0.6391347646713257,0.6416160464286804,-0.12195392698049545,0.8661561608314514,0.39350900053977966,0.6474396586418152,-0.30953529477119446,0.925559937953949,0.6374109387397766,0.6531850695610046,-0.13413067162036896,0.8726288676261902,0.3998316526412964,0.6469654440879822,-0.27874040603637695,0.9167147874832153,0.6317585706710815,0.6493518948554993,-0.11067187041044235,0.869199812412262,0.4974878430366516,0.41455021500587463,-0.024702880531549454,0.9995464086532593,0.5437059998512268,0.4169597625732422,0.02484586462378502,0.9994728565216064,0.49239760637283325,0.25607961416244507,-0.03291697055101395,0.9390358328819275,0.5439253449440002,0.26164621114730835,0.053737614303827286,0.8618520498275757,0.48167386651039124,0.11717800050973892,0.01594322733581066,0.8531455397605896,0.5501260757446289,0.12092956155538559,0.16129542887210846,0.7605071663856506,0.48337990045547485,0.10200268775224686,0.016257433220744133,0.5755646824836731,0.5429795980453491,0.0989014133810997,0.16692718863487244,0.5830845832824707,0.47316715121269226,0.08123137801885605,-0.07305191457271576,0.7965198755264282,0.580474853515625,0.082196906208992,0.08949776738882065,0.736798882484436
yena_fall_normal_17,372,124,12.401640211640212,29.996032270863644,10,0.5187931060791016,0.7166900634765625,-0.11277677118778229,0.9998218417167664,0.5143855214118958,0.7261635661125183,-0.0979754701256752,0.9998032450675964,0.5112888216972351,0.7260366082191467,-0.0979963168501854,0.9998045563697815,0.5082908272743225,0.7259907722473145,-0.09804041683673859,0.9998056292533875,0.5225657820701599,0.7262584567070007,-0.092083640396595,0.9997462034225464,0.525333046913147,0.7259935736656189,-0.09206405282020569,0.9997174143791199,0.528914749622345,0.7255390882492065,-0.09204539656639099,0.9996858835220337,0.5025336742401123,0.7172107696533203,-0.021340584382414818,0.999754786491394,0.5337504744529724,0.7139502763748169,0.007019677199423313,0.9995118379592896,0.5145490169525146,0.6997241377830505,-0.08571268618106842,0.9998677968978882,0.5240367650985718,0.7006829380989075,-0.07798635959625244,0.9998074769973755,0.4811841547489166,0.6334338188171387,-0.0008162703015841544,0.9998394250869751,0.5527765154838562,0.6243376135826111,0.052043940871953964,0.9997361302375793,0.4534012973308563,0.5895282030105591,-0.10968615114688873,0.979794442653656,0.5826689004898071,0.5803353190422058,-0.04116131737828255,0.9280825257301331,0.4288952648639679,0.6804476976394653,-0.242961585521698,0.9546998143196106,0.6129255294799805,0.6771783828735352,-0.21953092515468597,0.9166061878204346,0.41628825664520264,0.7053316235542297,-0.2711488604545593,0.9254132509231567,0.620858371257782,0.70411616563797,-0.25073033571243286,0.8780460357666016,0.4151652753353119,0.7111507058143616,-0.2680440843105316,0.9279974102973938,0.6179711222648621,0.7114813327789307,-0.2482781559228897,0.8837770223617554,0.4214867055416107,0.7018768191337585,-0.24611544609069824,0.9192247986793518,0.6121733784675598,0.7016567587852478,-0.22505883872509003,0.8804022669792175,0.4943658411502838,0.4146363139152527,-0.02332545630633831,0.9995405673980713,0.5404543280601501,0.4193113148212433,0.0233934223651886,0.9994872808456421,0.49150440096855164,0.25424766540527344,-0.0368717797100544,0.9405667185783386,0.5425655841827393,0.2595505714416504,0.03275282680988312,0.8686829209327698,0.481079638004303,0.11447525024414062,0.018157918006181717,0.8567454814910889,0.5481061339378357,0.12141484767198563,0.1387045681476593,0.7737042307853699,0.48287296295166016,0.09998296946287155,0.018599938601255417,0.5798435211181641,0.5409479737281799,0.09992042928934097,0.1370542049407959,0.5973109006881714,0.47546279430389404,0.08136656135320663,-0.07471611350774765,0.8006002902984619,0.5746334791183472,0.08340829610824585,0.05195986106991768,0.7481989860534668
yena_fall_normal_17,375,125,12.501653439153438,29.996032270863644,10,0.5182896852493286,0.7130237817764282,-0.06930869072675705,0.9998341798782349,0.5132706761360168,0.7229458689689636,-0.055042363703250885,0.9998164176940918,0.5101419687271118,0.722789466381073,-0.05506523698568344,0.9998154044151306,0.5068536996841431,0.7227280139923096,-0.055099375545978546,0.9998171329498291,0.5210506319999695,0.7235740423202515,-0.05080486088991165,0.9997655153274536,0.5237587690353394,0.7237311005592346,-0.050779279321432114,0.9997374415397644,0.5268225073814392,0.7237805128097534,-0.05079745873808861,0.9997107982635498,0.4996470510959625,0.7141810059547424,0.016708580777049065,0.9997711181640625,0.5291131138801575,0.7137024402618408,0.03674115613102913,0.9995536208152771,0.5135781764984131,0.6961341500282288,-0.04329921305179596,0.9998626708984375,0.523068368434906,0.6971415281295776,-0.03780299052596092,0.999809741973877,0.48117294907569885,0.6382598876953125,0.007980977185070515,0.9997502565383911,0.5472607016563416,0.6289482116699219,0.05697471275925636,0.9997071027755737,0.4630085527896881,0.606854259967804,-0.13318593800067902,0.9797859787940979,0.5701086521148682,0.603043794631958,-0.08706847578287125,0.9336630702018738,0.4937833249568939,0.6936036348342896,-0.22424905002117157,0.9559152722358704,0.5515310764312744,0.7005833387374878,-0.21603181958198547,0.9228037595748901,0.502884566783905,0.7184898257255554,-0.2521227300167084,0.9250785708427429,0.5495080947875977,0.7291001081466675,-0.24729011952877045,0.8834402561187744,0.5017602443695068,0.7233617305755615,-0.23846372961997986,0.9260640144348145,0.5479608774185181,0.730922281742096,-0.23008202016353607,0.8872677683830261,0.5012425184249878,0.7152819633483887,-0.22199983894824982,0.9166175723075867,0.5463334918022156,0.7207047939300537,-0.21495458483695984,0.88315749168396,0.48969805240631104,0.4207506775856018,-0.022461680695414543,0.9995138049125671,0.5346595048904419,0.42441365122795105,0.022533684968948364,0.9994788765907288,0.4905852675437927,0.25432848930358887,-0.03761739656329155,0.9411594867706299,0.5387982130050659,0.25829988718032837,0.026023145765066147,0.874772846698761,0.48103559017181396,0.11444935202598572,0.022827578708529472,0.853971540927887,0.546635627746582,0.12181825935840607,0.10075179487466812,0.7829774022102356,0.4821079671382904,0.09996374696493149,0.02354360558092594,0.5704768300056458,0.5392372608184814,0.10058373957872391,0.10138075798749924,0.6018621325492859,0.4803448021411896,0.0822066068649292,-0.06579101085662842,0.7959682941436768,0.5743135809898376,0.08360056579113007,0.0202981848269701,0.7520483136177063
