sample_id,frame_idx,pose_idx,time_sec,original_fps,target_fps,kp_0_x,kp_0_y,kp_0_z,kp_0_visibility,kp_1_x,kp_1_y,kp_1_z,kp_1_visibility,kp_2_x,kp_2_y,kp_2_z,kp_2_visibility,kp_3_x,kp_3_y,kp_3_z,kp_3_visibility,kp_4_x,kp_4_y,kp_4_z,kp_4_visibility,kp_5_x,kp_5_y,kp_5_z,kp_5_visibility,kp_6_x,kp_6_y,kp_6_z,kp_6_visibility,kp_7_x,kp_7_y,kp_7_z,kp_7_visibility,kp_8_x,kp_8_y,kp_8_z,kp_8_visibility,kp_9_x,kp_9_y,kp_9_z,kp_9_visibility,kp_10_x,kp_10_y,kp_10_z,kp_10_visibility,kp_11_x,kp_11_y,kp_11_z,kp_11_visibility,kp_12_x,kp_12_y,kp_12_z,kp_12_visibility,kp_13_x,kp_13_y,kp_13_z,kp_13_visibility,kp_14_x,kp_14_y,kp_14_z,kp_14_visibility,kp_15_x,kp_15_y,kp_15_z,kp_15_visibility,kp_16_x,kp_16_y,kp_16_z,kp_16_visibility,kp_17_x,kp_17_y,kp_17_z,kp_17_visibility,kp_18_x,kp_18_y,kp_18_z,kp_18_visibility,kp_19_x,kp_19_y,kp_19_z,kp_19_visibility,kp_20_x,kp_20_y,kp_20_z,kp_20_visibility,kp_21_x,kp_21_y,kp_21_z,kp_21_visibility,kp_22_x,kp_22_y,kp_22_z,kp_22_visibility,kp_23_x,kp_23_y,kp_23_z,kp_23_visibility,kp_24_x,kp_24_y,kp_24_z,kp_24_visibility,kp_25_x,kp_25_y,kp_25_z,kp_25_visibility,kp_26_x,kp_26_y,kp_26_z,kp_26_visibility,kp_27_x,kp_27_y,kp_27_z,kp_27_visibility,kp_28_x,kp_28_y,kp_28_z,kp_28_visibility,kp_29_x,kp_29_y,kp_29_z,kp_29_visibility,kp_30_x,kp_30_y,kp_30_z,kp_30_visibility,kp_31_x,kp_31_y,kp_31_z,kp_31_visibility,kp_32_x,kp_32_y,kp_32_z,kp_32_visibility
yena_pick_up_normal_05,0,0,0.0,29.996250468691414,10,0.5002682209014893,0.7788543105125427,-0.12740293145179749,0.9997722506523132,0.49558529257774353,0.7912089824676514,-0.11442209780216217,0.9995809197425842,0.49325963854789734,0.790787935256958,-0.11444742232561111,0.9995203018188477,0.49017277359962463,0.7900707721710205,-0.11447827517986298,0.9995244741439819,0.5042207837104797,0.7920737266540527,-0.11309409141540527,0.9994018077850342,0.5079860091209412,0.792034924030304,-0.1130891963839531,0.9992707371711731,0.5111778378486633,0.7917496562004089,-0.11310121417045593,0.999302864074707,0.48603782057762146,0.7808823585510254,-0.02969103865325451,0.9993590712547302,0.5152558088302612,0.7822997570037842,-0.022726505994796753,0.9989588260650635,0.49547988176345825,0.7614760398864746,-0.09445890039205551,0.9997498393058777,0.5060026049613953,0.7623831033706665,-0.09282701462507248,0.9996832609176636,0.4678390622138977,0.704433262348175,-0.001542482408694923,0.9996213912963867,0.5336953401565552,0.6991886496543884,0.008780192583799362,0.9993701577186584,0.4623720943927765,0.621068000793457,-0.10675806552171707,0.9729642868041992,0.54549241065979,0.6245681047439575,-0.09394088387489319,0.9746425151824951,0.49972590804100037,0.6885964274406433,-0.22939316928386688,0.9791151285171509,0.506958544254303,0.6911633014678955,-0.2163657397031784,0.9600378274917603,0.5064609050750732,0.7164024114608765,-0.25902029871940613,0.9532995223999023,0.5017096996307373,0.7116936445236206,-0.2476804107427597,0.8967427611351013,0.504968523979187,0.7249816656112671,-0.25015419721603394,0.9493107199668884,0.5031467080116272,0.7212756276130676,-0.23393107950687408,0.8825206756591797,0.5031605362892151,0.7167297005653381,-0.22858040034770966,0.9288229942321777,0.5044527053833008,0.7138817310333252,-0.21451285481452942,0.845833957195282,0.48007217049598694,0.49677982926368713,-0.0014410283183678985,0.9997945427894592,0.5236440300941467,0.4959239959716797,0.0014035182539373636,0.9996346235275269,0.4797849953174591,0.35087740421295166,-0.020893659442663193,0.9896519780158997,0.5269737243652344,0.3518577814102173,0.012526228092610836,0.9870813488960266,0.4755885899066925,0.23262882232666016,0.17698934674263,0.9711190462112427,0.5255085229873657,0.23602494597434998,0.21088247001171112,0.9711589813232422,0.4793587625026703,0.22190707921981812,0.1930922120809555,0.7866891026496887,0.5205331444740295,0.22705808281898499,0.22727063298225403,0.7606208324432373,0.4759494662284851,0.18834206461906433,0.10005135089159012,0.9581298828125,0.5260149836540222,0.18542340397834778,0.13803869485855103,0.9579198956489563
yena_pick_up_normal_05,3,1,0.10001249999999999,29.996250468691414,10,0.5002449154853821,0.7787410020828247,-0.13292637467384338,0.9997636675834656,0.49546870589256287,0.7911180853843689,-0.12105894088745117,0.9995603561401367,0.4931870996952057,0.7907117009162903,-0.12108047306537628,0.9994960427284241,0.4902316927909851,0.7900086641311646,-0.12110497802495956,0.9995009303092957,0.5042418241500854,0.791968822479248,-0.12020710110664368,0.999384880065918,0.5079862475395203,0.7919217944145203,-0.12020477652549744,0.999252438545227,0.5111628174781799,0.7915831208229065,-0.12023112922906876,0.999289870262146,0.4860365688800812,0.7808824181556702,-0.038150347769260406,0.9993175268173218,0.5152274966239929,0.782291054725647,-0.03381897881627083,0.9989407062530518,0.4953697919845581,0.7612643837928772,-0.10035718977451324,0.9997300505638123,0.5060056447982788,0.7620462775230408,-0.0994381383061409,0.9996727108955383,0.46739810705184937,0.7044182419776917,-0.0036479297559708357,0.9995918869972229,0.533656120300293,0.6998141407966614,0.0004496028705034405,0.9993762373924255,0.4628993570804596,0.6197546720504761,-0.09517033398151398,0.9720407724380493,0.5462897419929504,0.6247779726982117,-0.09656142443418503,0.9748308658599854,0.49960625171661377,0.6880781054496765,-0.20523598790168762,0.9784051179885864,0.5079556107521057,0.6895173192024231,-0.21614663302898407,0.9596461653709412,0.5062931180000305,0.7140423655509949,-0.23276981711387634,0.9518057107925415,0.5021793246269226,0.7087715864181519,-0.24665233492851257,0.8953701853752136,0.5046312212944031,0.7230440974235535,-0.22561438381671906,0.9477691054344177,0.5032832026481628,0.7188552021980286,-0.23326461017131805,0.8808987140655518,0.5027901530265808,0.7146161198616028,-0.20489756762981415,0.92667156457901,0.5045517683029175,0.7111095786094666,-0.2142287939786911,0.8439196944236755,0.48005667328834534,0.49678072333335876,-0.0008799972711130977,0.9997503161430359,0.5237204432487488,0.49601298570632935,0.0008574959938414395,0.9995966553688049,0.47980502247810364,0.35204383730888367,0.0020137096289545298,0.9887661337852478,0.5269724130630493,0.3519291579723358,0.01876785047352314,0.9863336086273193,0.4758244454860687,0.23180188238620758,0.17702676355838776,0.969670295715332,0.525786817073822,0.23293353617191315,0.18392182886600494,0.9707826375961304,0.4795995056629181,0.22098590433597565,0.19204451143741608,0.7816726565361023,0.5215193033218384,0.22364458441734314,0.19586661458015442,0.7596110701560974,0.4769095480442047,0.18830779194831848,0.09689673781394958,0.9565730094909668,0.5256866812705994,0.18431180715560913,0.09971100836992264,0.9573649168014526
yena_pick_up_normal_05,6,2,0.20002499999999998,29.996250468691414,10,0.5002448558807373,0.7788540124893188,-0.14095857739448547,0.9997566342353821,0.4954300820827484,0.7912238240242004,-0.12902477383613586,0.9995387196540833,0.49314746260643005,0.7907613515853882,-0.12904441356658936,0.999470591545105,0.4903276562690735,0.7900434732437134,-0.12905949354171753,0.9994699358940125,0.5043196082115173,0.7921359539031982,-0.12868663668632507,0.9993746876716614,0.5079969167709351,0.7920991778373718,-0.12868545949459076,0.9992475509643555,0.5111637711524963,0.7918162941932678,-0.12871582806110382,0.9992884993553162,0.48603907227516174,0.7809697985649109,-0.045350052416324615,0.9992673993110657,0.5152163505554199,0.7825554609298706,-0.043295394629240036,0.998930811882019,0.4953528940677643,0.7612701654434204,-0.10794316977262497,0.9997199773788452,0.5060569643974304,0.7620809674263,-0.1076865866780281,0.9996728301048279,0.4673844277858734,0.7042781114578247,-0.007111262064427137,0.9995704889297485,0.5342610478401184,0.6998918652534485,-0.005104444455355406,0.9993869066238403,0.46086591482162476,0.6157609224319458,-0.08975575119256973,0.9711519479751587,0.5484312176704407,0.6221992373466492,-0.09604296088218689,0.9751496911048889,0.49867504835128784,0.6776477098464966,-0.20534253120422363,0.9773524403572083,0.5092343091964722,0.678826093673706,-0.21516793966293335,0.9604042768478394,0.5056266188621521,0.699457049369812,-0.2328466922044754,0.9494385123252869,0.5030655264854431,0.6944664716720581,-0.2449554055929184,0.8970730900764465,0.5041137337684631,0.70952969789505,-0.22615358233451843,0.945267379283905,0.5038616061210632,0.7040106654167175,-0.2325454205274582,0.8827643990516663,0.5021724700927734,0.7022161483764648,-0.20482996106147766,0.9231477975845337,0.5050221681594849,0.6977578997612,-0.21299099922180176,0.8456745147705078,0.4797760844230652,0.49665459990501404,-0.00035677352570928633,0.9997187256813049,0.5238901972770691,0.49590057134628296,0.00033157310099340975,0.9995765089988708,0.4797835648059845,0.35208484530448914,0.005060452036559582,0.988303005695343,0.5270708203315735,0.3518673777580261,0.020670972764492035,0.9859605431556702,0.4759306311607361,0.23101907968521118,0.19098398089408875,0.9692949056625366,0.5259904265403748,0.229135200381279,0.19104520976543427,0.9711496233940125,0.47971251606941223,0.21925067901611328,0.20562626421451569,0.7804203629493713,0.5223203897476196,0.2187253087759018,0.20421093702316284,0.7620358467102051,0.47724226117134094,0.18829257786273956,0.10790710896253586,0.9563857913017273,0.5250079035758972,0.18253517150878906,0.10719797760248184,0.957777738571167
yena_pick_up_normal_05,9,3,0.3000375,29.996250468691414,10,0.5009112358093262,0.778953492641449,-0.1848497837781906,0.9997761845588684,0.4957006871700287,0.7912464141845703,-0.1730169802904129,0.9995739459991455,0.4931902289390564,0.7908029556274414,-0.17303363978862762,0.9995107650756836,0.490700364112854,0.7901648879051208,-0.17302940785884857,0.9995081424713135,0.5050456523895264,0.7921051383018494,-0.17096585035324097,0.9994250535964966,0.5082876086235046,0.7919992804527283,-0.17096763849258423,0.9993095397949219,0.5114560723304749,0.7916660904884338,-0.170994833111763,0.9993468523025513,0.4861273765563965,0.7815796136856079,-0.08584883064031601,0.9993189573287964,0.5152138471603394,0.7826616764068604,-0.0764339417219162,0.9990151524543762,0.4955824315547943,0.7615489959716797,-0.15064477920532227,0.9997426867485046,0.5065757632255554,0.7621296644210815,-0.1482938975095749,0.9997003674507141,0.46694836020469666,0.7039157152175903,-0.03890248015522957,0.9995914101600647,0.5346823334693909,0.700003445148468,-0.02226255275309086,0.9994295835494995,0.4559934735298157,0.6078431010246277,-0.1138913631439209,0.9723551869392395,0.5507105588912964,0.6137428879737854,-0.10237155109643936,0.9760440587997437,0.49548521637916565,0.6573624610900879,-0.25746041536331177,0.9781361222267151,0.51357501745224,0.6478835344314575,-0.25529971718788147,0.9627142548561096,0.5036394596099854,0.6671913862228394,-0.28870755434036255,0.9507676362991333,0.5046628713607788,0.6554039716720581,-0.28813961148262024,0.9030132293701172,0.5036133527755737,0.6795183420181274,-0.2838619351387024,0.9467527270317078,0.5046454071998596,0.6661717891693115,-0.28025874495506287,0.8895045518875122,0.5015180706977844,0.6771044135093689,-0.2573801279067993,0.9246968626976013,0.5062387585639954,0.664829432964325,-0.2547292411327362,0.8537050485610962,0.4794759154319763,0.4966292679309845,-0.0017929866444319487,0.999699592590332,0.5241549015045166,0.4959242045879364,0.0017223148606717587,0.9995707273483276,0.47977957129478455,0.35207846760749817,0.0030678973998874426,0.9883526563644409,0.5271276831626892,0.3518476188182831,0.025145644322037697,0.9863823652267456,0.47593212127685547,0.23020341992378235,0.1984226554632187,0.9700465202331543,0.526079535484314,0.2277746945619583,0.1943238228559494,0.9724780321121216,0.4797074496746063,0.21786099672317505,0.2132265567779541,0.7862322926521301,0.5224589705467224,0.2170555740594864,0.20534242689609528,0.770404040813446,0.47723227739334106,0.18829964101314545,0.11252202838659286,0.957808792591095,0.5246874690055847,0.18171772360801697,0.11404535919427872,0.9597128629684448
yena_pick_up_normal_05,12,4,0.40004999999999996,29.996250468691414,10,0.5010449886322021,0.7796818614006042,-0.252595990896225,0.9997889995574951,0.4958178400993347,0.7919620871543884,-0.23979346454143524,0.99959397315979,0.4932244122028351,0.79143887758255,-0.2398078441619873,0.9995333552360535,0.4909748136997223,0.7907932996749878,-0.23981504142284393,0.999524712562561,0.5052884221076965,0.7924962043762207,-0.23837360739707947,0.9994627237319946,0.5083832144737244,0.7922838926315308,-0.23839540779590607,0.9993593692779541,0.5115270614624023,0.7918633222579956,-0.23841840028762817,0.9993947744369507,0.4864121675491333,0.782320499420166,-0.1444687694311142,0.9993369579315186,0.515216588973999,0.7826621532440186,-0.13744354248046875,0.9990829825401306,0.49563539028167725,0.7620131969451904,-0.21525457501411438,0.9997583031654358,0.5066896677017212,0.7624886631965637,-0.21358606219291687,0.9997227787971497,0.46663352847099304,0.7023246884346008,-0.08491750806570053,0.9995982646942139,0.5352217555046082,0.6995492577552795,-0.06968161463737488,0.9994655251502991,0.4521951675415039,0.6015379428863525,-0.14717605710029602,0.9721376895904541,0.554082989692688,0.608948290348053,-0.14130264520645142,0.9771085381507874,0.49169567227363586,0.6183292269706726,-0.30557548999786377,0.9739099740982056,0.5140690207481384,0.619655966758728,-0.31277796626091003,0.9639601111412048,0.500502347946167,0.6167041063308716,-0.34270426630973816,0.9425816535949707,0.5046151280403137,0.6156494617462158,-0.3515458405017853,0.906934916973114,0.5021611452102661,0.6305071711540222,-0.3420376181602478,0.9385502338409424,0.5034379363059998,0.6305679678916931,-0.34703537821769714,0.8941006660461426,0.5002194046974182,0.6322683691978455,-0.30763211846351624,0.9132415056228638,0.505975604057312,0.6325465440750122,-0.31348079442977905,0.8584351539611816,0.4793449640274048,0.49598428606987,-0.004837298300117254,0.9996566772460938,0.5242224931716919,0.4957624673843384,0.004761046729981899,0.9995446801185608,0.4797908365726471,0.3525547683238983,0.005907623562961817,0.9887814521789551,0.5273149609565735,0.35209542512893677,0.03680945932865143,0.987113356590271,0.47589820623397827,0.2300879806280136,0.21049204468727112,0.9718158841133118,0.5261303186416626,0.22716380655765533,0.22274163365364075,0.9743331670761108,0.4795280396938324,0.21724183857440948,0.22546930611133575,0.7962013483047485,0.5225651860237122,0.21601690351963043,0.23631034791469574,0.7821996212005615,0.4772193133831024,0.18883202970027924,0.11972298473119736,0.960296630859375,0.5246312022209167,0.18167971074581146,0.1325494349002838,0.9622520804405212
yena_pick_up_normal_05,15,5,0.5000625,29.996250468691414,10,0.5013777017593384,0.7805619239807129,-0.25066685676574707,0.9998077750205994,0.4960704445838928,0.7928445339202881,-0.23532626032829285,0.9996283054351807,0.49333497881889343,0.7923136949539185,-0.23533156514167786,0.99957275390625,0.4912194311618805,0.7916369438171387,-0.23531760275363922,0.9995640516281128,0.5055504441261292,0.7931632995605469,-0.23505379259586334,0.9995110034942627,0.5085175037384033,0.7928744554519653,-0.23508469760417938,0.9994180798530579,0.5116208791732788,0.792351245880127,-0.23510783910751343,0.9994502067565918,0.48659947514533997,0.782949686050415,-0.13860277831554413,0.999386191368103,0.5152161121368408,0.782791018486023,-0.1377398669719696,0.9991654753684998,0.4957524538040161,0.7629610896110535,-0.21408611536026,0.9997797608375549,0.5069084763526917,0.7633790373802185,-0.21411877870559692,0.9997483491897583,0.46597355604171753,0.700462281703949,-0.08311633765697479,0.9996285438537598,0.5358496308326721,0.6990575194358826,-0.0785648450255394,0.9995090961456299,0.45118048787117004,0.6029983758926392,-0.11821474879980087,0.9735174775123596,0.5538480281829834,0.6077753305435181,-0.12317570298910141,0.9778993725776672,0.4811805486679077,0.5658710598945618,-0.2593704164028168,0.9736793041229248,0.5172341465950012,0.5721784830093384,-0.2683020532131195,0.9645543098449707,0.48798415064811707,0.5444201827049255,-0.3208499848842621,0.9425971508026123,0.5072504281997681,0.5516470074653625,-0.3028678297996521,0.9105671644210815,0.49273163080215454,0.5543367862701416,-0.29633063077926636,0.9390251040458679,0.503655731678009,0.5602839589118958,-0.3046855628490448,0.898834764957428,0.4920453727245331,0.562580406665802,-0.2943195104598999,0.9138332605361938,0.5063531398773193,0.567596435546875,-0.2687910497188568,0.8643460869789124,0.4788743257522583,0.49638694524765015,-0.005203362088650465,0.9996532797813416,0.5236999988555908,0.49721160531044006,0.005121603142470121,0.9995579123497009,0.47941964864730835,0.35545310378074646,0.012067602016031742,0.9892169237136841,0.5281573534011841,0.3554554581642151,0.03132711723446846,0.987680196762085,0.47540283203125,0.23020441830158234,0.2052624374628067,0.9735280871391296,0.5261619091033936,0.22751669585704803,0.21229709684848785,0.9758967757225037,0.4786597192287445,0.2169167846441269,0.21850599348545074,0.8049092292785645,0.5225561857223511,0.21619059145450592,0.22333940863609314,0.7911981344223022,0.4764673411846161,0.1903139352798462,0.10371788591146469,0.9626410603523254,0.524773359298706,0.1820620447397232,0.1168137937784195,0.964329183101654
yena_pick_up_normal_05,18,6,0.600075,29.996250468691414,10,0.5014744997024536,0.7806944251060486,-0.22811801731586456,0.9998253583908081,0.49606963992118835,0.79305100440979,-0.2127937227487564,0.9996601343154907,0.49333441257476807,0.7925281524658203,-0.21279850602149963,0.9996097683906555,0.49123328924179077,0.7918798327445984,-0.21276769042015076,0.9996013045310974,0.5056055188179016,0.7932806611061096,-0.21196213364601135,0.9995545148849487,0.5085533261299133,0.7929835915565491,-0.21198348701000214,0.9994709491729736,0.5116385817527771,0.7924591898918152,-0.21201340854167938,0.9994996786117554,0.48660793900489807,0.7831624746322632,-0.12080265581607819,0.999434769153595,0.5152079463005066,0.7828816771507263,-0.11735881119966507,0.9992376565933228,0.4957960546016693,0.7631126046180725,-0.19384941458702087,0.9997996687889099,0.5069907307624817,0.7635002732276917,-0.1929972767829895,0.9997713565826416,0.4659649431705475,0.69875168800354,-0.07203806936740875,0.9996617436408997,0.5363168716430664,0.6983408331871033,-0.06049772724509239,0.9995492100715637,0.45137447118759155,0.6022543907165527,-0.07151539623737335,0.9751567840576172,0.5532615184783936,0.6052241921424866,-0.07662124931812286,0.9783477187156677,0.47251635789871216,0.5326868891716003,-0.1841747909784317,0.9751858115196228,0.5274285078048706,0.5426886677742004,-0.20315761864185333,0.9659603834152222,0.4763243794441223,0.5037872195243835,-0.22083133459091187,0.9459831714630127,0.5214641690254211,0.516058087348938,-0.23922543227672577,0.9156007766723633,0.4831109046936035,0.513434648513794,-0.2415466010570526,0.9428272843360901,0.5154117941856384,0.5237351655960083,-0.25874951481819153,0.9050043225288391,0.4839509129524231,0.5222903490066528,-0.19684015214443207,0.9190585017204285,0.5158869624137878,0.5321166515350342,-0.21212472021579742,0.8726211190223694,0.47818225622177124,0.49671313166618347,-0.006546967197209597,0.9996612071990967,0.5226460099220276,0.49753859639167786,0.0064851040951907635,0.9995823502540588,0.4779295027256012,0.3554512858390808,0.006733582355082035,0.9896349906921387,0.5289462804794312,0.3572392463684082,0.008762373588979244,0.9882277250289917,0.4753672778606415,0.23000101745128632,0.17046687006950378,0.9751129746437073,0.5263289213180542,0.22773945331573486,0.17681336402893066,0.9772955775260925,0.47865962982177734,0.21662026643753052,0.18007880449295044,0.8122342824935913,0.522615909576416,0.21618284285068512,0.18752214312553406,0.8005514144897461,0.47633299231529236,0.1904131919145584,0.07202747464179993,0.964779257774353,0.5248163938522339,0.1820978969335556,0.08623789995908737,0.966253936290741
yena_pick_up_normal_05,21,7,0.7000875,29.996250468691414,10,0.5017003417015076,0.7808582782745361,-0.21698780357837677,0.9998406171798706,0.4961322844028473,0.7933040261268616,-0.202625572681427,0.9996854662895203,0.49335676431655884,0.7927864193916321,-0.20263569056987762,0.9996396899223328,0.4912988841533661,0.7921468615531921,-0.20260578393936157,0.999630868434906,0.5057385563850403,0.7934626340866089,-0.201687291264534,0.9995896816253662,0.5086506605148315,0.7931684851646423,-0.20169463753700256,0.9995139241218567,0.511730432510376,0.7926647067070007,-0.20173011720180511,0.9995392560958862,0.4866405725479126,0.7833650708198547,-0.11367146670818329,0.9994702935218811,0.5152080655097961,0.7830985188484192,-0.10931970179080963,0.9992926716804504,0.4959399104118347,0.7634825110435486,-0.18358783423900604,0.9998167753219604,0.5072740316390991,0.7637598514556885,-0.182461678981781,0.9997910261154175,0.4659776985645294,0.6976088881492615,-0.06463697552680969,0.9996910095214844,0.5368248224258423,0.698340117931366,-0.054891131818294525,0.9995851516723633,0.45190805196762085,0.6009017825126648,-0.06224733591079712,0.9755212068557739,0.5528757572174072,0.6056580543518066,-0.05810920521616936,0.9783799052238464,0.46221309900283813,0.5195337533950806,-0.17603804171085358,0.9753088355064392,0.5330134630203247,0.5279260277748108,-0.16384807229042053,0.966587245464325,0.4641263782978058,0.48893290758132935,-0.20814387500286102,0.9472795724868774,0.5313411355018616,0.4993492364883423,-0.19557885825634003,0.9190770387649536,0.4707064926624298,0.4952901303768158,-0.2316470742225647,0.9445330500602722,0.5245205163955688,0.5056812763214111,-0.21525757014751434,0.9095536470413208,0.4719972312450409,0.5041887760162354,-0.1874019205570221,0.9217881560325623,0.5235387086868286,0.5149973034858704,-0.1734885424375534,0.8792153596878052,0.4781934320926666,0.49634021520614624,-0.007051311433315277,0.9996756315231323,0.5226839184761047,0.4974181056022644,0.00701200682669878,0.9996057748794556,0.4773707091808319,0.35477572679519653,-0.010556223802268505,0.9899584054946899,0.5302454829216003,0.3570422828197479,0.011660004034638405,0.9885910749435425,0.47536998987197876,0.22969569265842438,0.1467115879058838,0.9764155149459839,0.5265737771987915,0.22809137403964996,0.186741903424263,0.9784648418426514,0.47892916202545166,0.2161141037940979,0.15623432397842407,0.8178956508636475,0.5229563117027283,0.21640777587890625,0.19987721741199493,0.809524416923523,0.47581762075424194,0.1903819441795349,0.05059058591723442,0.9666159152984619,0.5257526636123657,0.18223437666893005,0.10065944492816925,0.9679874181747437
yena_pick_up_normal_05,24,8,0.8000999999999999,29.996250468691414,10,0.5019317865371704,0.7808954119682312,-0.2078532725572586,0.9998545050621033,0.4962327182292938,0.7933263778686523,-0.19352787733078003,0.9997080564498901,0.4933917820453644,0.7928053140640259,-0.19354034960269928,0.9996668100357056,0.49137964844703674,0.7921661734580994,-0.19351468980312347,0.9996577501296997,0.5059191584587097,0.7934812903404236,-0.1928582489490509,0.9996205568313599,0.5087751746177673,0.7931958436965942,-0.19286276400089264,0.9995520114898682,0.5118557810783386,0.7927079200744629,-0.19289425015449524,0.999573826789856,0.48666682839393616,0.7833820581436157,-0.10534340888261795,0.9995027780532837,0.5152103900909424,0.7831400632858276,-0.10238046944141388,0.9993394017219543,0.4960850775241852,0.76358562707901,-0.17479634284973145,0.999832272529602,0.507540762424469,0.763877809047699,-0.17404842376708984,0.9998086094856262,0.46593472361564636,0.696932852268219,-0.05712433159351349,0.9997187852859497,0.5372428297996521,0.6983456611633301,-0.05021720007061958,0.9996176958084106,0.4518056809902191,0.6014481782913208,-0.05195654556155205,0.9766002893447876,0.5526441931724548,0.6059715747833252,-0.04678871110081673,0.9785729646682739,0.45443254709243774,0.516204833984375,-0.1683119684457779,0.9764417409896851,0.5381122827529907,0.5227006077766418,-0.14472222328186035,0.9674192667007446,0.4522448778152466,0.48496246337890625,-0.1993187963962555,0.9500161409378052,0.5380778908729553,0.49345889687538147,-0.17511595785617828,0.9225452542304993,0.4592849016189575,0.48819872736930847,-0.2245529145002365,0.9476474523544312,0.5311298966407776,0.4990116357803345,-0.19609250128269196,0.9140604138374329,0.4617285132408142,0.4972405433654785,-0.18043449521064758,0.9263937473297119,0.5295401811599731,0.5076179504394531,-0.15499445796012878,0.8858050107955933,0.47820454835891724,0.49627113342285156,-0.006763058248907328,0.9996903538703918,0.5227111577987671,0.49740296602249146,0.006718404125422239,0.9996268153190613,0.4771932065486908,0.3547063171863556,-0.011638546362519264,0.990088164806366,0.5306276679039001,0.3569759428501129,0.012164491228759289,0.98874831199646,0.47537171840667725,0.22971826791763306,0.14469043910503387,0.9772360920906067,0.5269554257392883,0.22878757119178772,0.18606576323509216,0.9792065620422363,0.4790167212486267,0.21614374220371246,0.15416564047336578,0.8189202547073364,0.5236199498176575,0.21723733842372894,0.1978774070739746,0.814564049243927,0.47581055760383606,0.19029712677001953,0.04955868795514107,0.9678728580474854,0.5262978076934814,0.18247449398040771,0.09962039440870285,0.96918785572052
yena_pick_up_normal_05,27,9,0.9001125,29.996250468691414,10,0.5020718574523926,0.7809722423553467,-0.20336201786994934,0.9998650550842285,0.49627259373664856,0.7933933138847351,-0.18898488581180573,0.9997185468673706,0.49340808391571045,0.7928643822669983,-0.1890019029378891,0.9996825456619263,0.4914223849773407,0.7922230362892151,-0.1889830082654953,0.9996716976165771,0.5060014128684998,0.7935672402381897,-0.18853364884853363,0.9996352791786194,0.5088331699371338,0.793317973613739,-0.18853482604026794,0.9995737671852112,0.511895477771759,0.7928865551948547,-0.1885659396648407,0.9995911121368408,0.48667648434638977,0.7834609150886536,-0.10049636662006378,0.9995120167732239,0.5152083039283752,0.7833136916160583,-0.09875787794589996,0.9993502497673035,0.49619582295417786,0.7636973857879639,-0.17013560235500336,0.9998435974121094,0.5076906681060791,0.7641206383705139,-0.1697569340467453,0.9998202323913574,0.46574339270591736,0.6963749527931213,-0.055007319897413254,0.9997431635856628,0.5372776389122009,0.6983945369720459,-0.045815322548151016,0.9996402263641357,0.45158737897872925,0.6012367010116577,-0.03132113441824913,0.9774196147918701,0.5525004863739014,0.6065987348556519,-0.02287515439093113,0.9777993559837341,0.45190665125846863,0.5127050280570984,-0.13581642508506775,0.9771899580955505,0.5406152606010437,0.5200926065444946,-0.10630545765161514,0.9671191573143005,0.44910112023353577,0.4817740023136139,-0.16378752887248993,0.9518235325813293,0.5415841937065125,0.4900766909122467,-0.13427448272705078,0.924037754535675,0.4561798870563507,0.48372378945350647,-0.19181664288043976,0.949856162071228,0.5352807641029358,0.49330607056617737,-0.15743468701839447,0.916571855545044,0.4588346779346466,0.4912596642971039,-0.14887356758117676,0.9298343658447266,0.5334190130233765,0.5021422505378723,-0.11731748282909393,0.8900932669639587,0.4781624674797058,0.49587780237197876,-0.006534005515277386,0.9996986389160156,0.5226792693138123,0.496672123670578,0.006489495746791363,0.9996402263641357,0.47688791155815125,0.3536265194416046,-0.013432081788778305,0.9901918172836304,0.5308444499969482,0.35656875371932983,0.01124252937734127,0.9887667298316956,0.47540023922920227,0.2285180538892746,0.14562353491783142,0.9779125452041626,0.5274376273155212,0.22888240218162537,0.1859099268913269,0.979884147644043,0.47907739877700806,0.21495689451694489,0.15536944568157196,0.8177690505981445,0.5241333246231079,0.21733343601226807,0.19738665223121643,0.8191166520118713,0.47580158710479736,0.18979991972446442,0.05023263394832611,0.9689157605171204,0.5268769860267639,0.18272504210472107,0.09895358979701996,0.9703181385993958
yena_pick_up_normal_05,30,10,1.000125,29.996250468691414,10,0.5021947026252747,0.7809862494468689,-0.21129725873470306,0.999874472618103,0.496337354183197,0.7934054136276245,-0.1967153549194336,0.9997268319129944,0.49343881011009216,0.7928680181503296,-0.1967339664697647,0.999695360660553,0.4914734959602356,0.7922226786613464,-0.196707621216774,0.9996825456619263,0.506095826625824,0.7936074733734131,-0.19683951139450073,0.9996483325958252,0.5089045763015747,0.7933720350265503,-0.19684408605098724,0.999593198299408,0.5119510889053345,0.792949914932251,-0.1968809813261032,0.9996062517166138,0.4866941571235657,0.7834655046463013,-0.10714221000671387,0.9995155334472656,0.5152082443237305,0.7833408117294312,-0.10760963708162308,0.999356746673584,0.4962919354438782,0.7637116312980652,-0.17773179709911346,0.9998534321784973,0.5078091621398926,0.7641651630401611,-0.1779440939426422,0.9998306632041931,0.4656004011631012,0.6956726312637329,-0.0555264838039875,0.9997645020484924,0.5374358296394348,0.6983938217163086,-0.05157538875937462,0.9996627569198608,0.4515741169452667,0.6009541153907776,-0.0397581122815609,0.9780907034873962,0.5521753430366516,0.6063142418861389,-0.03127510845661163,0.9774460792541504,0.45207035541534424,0.5136280059814453,-0.14942410588264465,0.9776679873466492,0.5411128401756287,0.5161224603652954,-0.11631496250629425,0.9669413566589355,0.4495029151439667,0.4829883277416229,-0.17832691967487335,0.953155517578125,0.5420582294464111,0.4882541298866272,-0.14515134692192078,0.9254891872406006,0.4560876786708832,0.4855732023715973,-0.2053374946117401,0.9515656232833862,0.5362522602081299,0.49174147844314575,-0.16800101101398468,0.9189404249191284,0.45866912603378296,0.4938235878944397,-0.16223862767219543,0.9325814843177795,0.5344770550727844,0.4999012053012848,-0.12725937366485596,0.8939767479896545,0.47816017270088196,0.4947563409805298,-0.006513123866170645,0.9997045993804932,0.5226725935935974,0.4956537187099457,0.00646568089723587,0.9996525049209595,0.47682997584342957,0.35301151871681213,-0.012445871718227863,0.9902827739715576,0.5309797525405884,0.35628482699394226,0.011031420901417732,0.9889417886734009,0.47544750571250916,0.2285514920949936,0.15355728566646576,0.9786689877510071,0.5277935266494751,0.22895632684230804,0.18835806846618652,0.9807177782058716,0.47916752099990845,0.21500803530216217,0.16414134204387665,0.8192617297172546,0.5245673060417175,0.2174988090991974,0.20016594231128693,0.8246868252754211,0.4757501184940338,0.18977324664592743,0.05915706604719162,0.9701389074325562,0.5272294878959656,0.18311896920204163,0.10067924857139587,0.9715995788574219
yena_pick_up_normal_05,33,11,1.1001375,29.996250468691414,10,0.5021953582763672,0.7810167074203491,-0.20675811171531677,0.9998835921287537,0.49633434414863586,0.79341059923172,-0.1923530250787735,0.9997379779815674,0.4934388995170593,0.792867124080658,-0.1923709362745285,0.9997103214263916,0.4914717972278595,0.7922210097312927,-0.19235043227672577,0.999696671962738,0.5060966610908508,0.7936478853225708,-0.19223175942897797,0.9996640682220459,0.5089089870452881,0.7934262752532959,-0.19223652780056,0.9996147155761719,0.5119515657424927,0.7930359840393066,-0.1922706514596939,0.9996245503425598,0.48668166995048523,0.7834742069244385,-0.10312792658805847,0.9995282292366028,0.515194833278656,0.783417284488678,-0.10284939408302307,0.9993740916252136,0.4962931275367737,0.7637326717376709,-0.1732025295495987,0.99986332654953,0.5078202486038208,0.7642617225646973,-0.17322172224521637,0.9998412728309631,0.4655517339706421,0.6955398321151733,-0.0537165142595768,0.9997842311859131,0.5375152230262756,0.6984116435050964,-0.04854557290673256,0.9996827244758606,0.45169365406036377,0.6013705134391785,-0.03869641572237015,0.9787537455558777,0.551786482334137,0.606449544429779,-0.027604402974247932,0.9772911667823792,0.45362043380737305,0.517915666103363,-0.1503293812274933,0.9783712029457092,0.5411457419395447,0.5162491202354431,-0.11190740764141083,0.967129647731781,0.45186275243759155,0.487164705991745,-0.17970344424247742,0.9548919796943665,0.5420830845832825,0.4886432886123657,-0.14071205258369446,0.9273567199707031,0.4583459794521332,0.4907451570034027,-0.20626619458198547,0.9535888433456421,0.5363288521766663,0.491982638835907,-0.16307798027992249,0.9216117858886719,0.46056461334228516,0.4995846152305603,-0.16291379928588867,0.9356241226196289,0.5345191359519958,0.500145435333252,-0.1226019412279129,0.8981132507324219,0.4779582619667053,0.4944306015968323,-0.0063650766387581825,0.9997100830078125,0.5225099325180054,0.4954228699207306,0.006318564061075449,0.9996636509895325,0.4767443835735321,0.35279586911201477,-0.011878441087901592,0.9903609752655029,0.5311391949653625,0.35604536533355713,0.0054063997231423855,0.9890977740287781,0.4755707085132599,0.22857514023780823,0.1571885496377945,0.9792050719261169,0.5279611945152283,0.2290838211774826,0.18173383176326752,0.9813677072525024,0.4792478680610657,0.21505972743034363,0.16825319826602936,0.8185728192329407,0.5247595310211182,0.21758894622325897,0.1933298110961914,0.828549861907959,0.47601211071014404,0.18926392495632172,0.06421924382448196,0.9710374474525452,0.5272297859191895,0.18313421308994293,0.09390532225370407,0.9726220369338989
yena_pick_up_normal_05,36,12,1.20015,29.996250468691414,10,0.502102792263031,0.7810773849487305,-0.20471835136413574,0.9998924136161804,0.4962226152420044,0.7934097051620483,-0.1903490424156189,0.9997513294219971,0.4933948516845703,0.7928634881973267,-0.19036667048931122,0.9997266530990601,0.4913807511329651,0.7922191619873047,-0.190347358584404,0.9997128844261169,0.5060391426086426,0.7936632037162781,-0.19014205038547516,0.9996822476387024,0.5088871121406555,0.7934454083442688,-0.19014665484428406,0.9996375441551208,0.5118792653083801,0.7930863499641418,-0.19018015265464783,0.9996448159217834,0.48657873272895813,0.7834984064102173,-0.1013849601149559,0.9995472431182861,0.5151464939117432,0.783482551574707,-0.10073180496692657,0.9993981122970581,0.49620047211647034,0.7637982368469238,-0.17127104103565216,0.9998731017112732,0.50775545835495,0.7643728256225586,-0.17118969559669495,0.9998521208763123,0.46547651290893555,0.6954538226127625,-0.052764784544706345,0.9998021721839905,0.5375210642814636,0.6985493302345276,-0.0473439022898674,0.9997019171714783,0.4518570303916931,0.6013982892036438,-0.04296959191560745,0.9791708588600159,0.5514526963233948,0.6066157221794128,-0.0337698869407177,0.9771073460578918,0.4550963342189789,0.5164587497711182,-0.15563932061195374,0.9789025187492371,0.5412091016769409,0.517139196395874,-0.1246146634221077,0.9671942591667175,0.45396724343299866,0.4857083261013031,-0.1856340765953064,0.9564182162284851,0.5420502424240112,0.4889303743839264,-0.1544223576784134,0.928930938243866,0.46040546894073486,0.48937615752220154,-0.21117736399173737,0.9553590416908264,0.536167323589325,0.49232929944992065,-0.17569470405578613,0.9238908886909485,0.4622741937637329,0.4984418451786041,-0.16782714426517487,0.938263475894928,0.534363329410553,0.5005950331687927,-0.1351003348827362,0.9016937613487244,0.47794109582901,0.4942775070667267,-0.00633587222546339,0.9997177720069885,0.522436261177063,0.4953700304031372,0.006295554805546999,0.9996755719184875,0.47673311829566956,0.35273465514183044,-0.01297861896455288,0.9904794096946716,0.531236469745636,0.35587069392204285,0.004879894200712442,0.9892718195915222,0.4757177531719208,0.22859129309654236,0.15769045054912567,0.9797261357307434,0.5281169414520264,0.22915643453598022,0.18299485743045807,0.9819294214248657,0.4793633222579956,0.21507741510868073,0.16883553564548492,0.818135678768158,0.5249110460281372,0.2176782786846161,0.194930300116539,0.8321866393089294,0.476431280374527,0.188853919506073,0.0648035854101181,0.9718665480613708,0.5273391604423523,0.18322663009166718,0.09622165560722351,0.9735162854194641
yena_pick_up_normal_05,39,13,1.3001624999999999,29.996250468691414,10,0.5019906163215637,0.7810796499252319,-0.2062414139509201,0.9999010562896729,0.49610477685928345,0.7933516502380371,-0.19164712727069855,0.9997665882110596,0.4933445155620575,0.7927833199501038,-0.191663458943367,0.9997445344924927,0.491279274225235,0.7921434044837952,-0.19163624942302704,0.9997308850288391,0.5059688687324524,0.7936563491821289,-0.19148193299770355,0.9997024536132812,0.5088557004928589,0.7934425473213196,-0.19148454070091248,0.9996620416641235,0.5117895603179932,0.7930889129638672,-0.19151721894741058,0.9996675252914429,0.4864862263202667,0.7834964990615845,-0.10279320180416107,0.9995718598365784,0.5150964856147766,0.7835022807121277,-0.10189415514469147,0.9994310140609741,0.49609237909317017,0.763799250125885,-0.17296193540096283,0.9998831152915955,0.5076781511306763,0.7643911242485046,-0.17280109226703644,0.9998633861541748,0.4653831720352173,0.6954848170280457,-0.05406060069799423,0.9998193383216858,0.5375162959098816,0.6986695528030396,-0.04698176681995392,0.9997212886810303,0.4518156349658966,0.6015857458114624,-0.04351074621081352,0.97996985912323,0.5511684417724609,0.6066968441009521,-0.029542891308665276,0.977273166179657,0.45528364181518555,0.5189586877822876,-0.1555168479681015,0.9797192811965942,0.5412934422492981,0.5177854299545288,-0.11767995357513428,0.9677975177764893,0.4543684124946594,0.4878751337528229,-0.1859009563922882,0.958286464214325,0.5421890616416931,0.4895755350589752,-0.14714236557483673,0.9311442375183105,0.46099764108657837,0.4924052059650421,-0.21167515218257904,0.9574207067489624,0.5362679958343506,0.4928203523159027,-0.16967502236366272,0.9267237186431885,0.4628041684627533,0.5014669895172119,-0.16771291196346283,0.9412068724632263,0.5343723893165588,0.5010480880737305,-0.12851567566394806,0.9058251976966858,0.477783739566803,0.49418771266937256,-0.006775738671422005,0.9997279047966003,0.5222947597503662,0.49520957469940186,0.006742875091731548,0.9996887445449829,0.4766382575035095,0.35270172357559204,-0.014337871223688126,0.9907172322273254,0.5313186645507812,0.35576939582824707,0.006400038488209248,0.9894925951957703,0.47571802139282227,0.22860169410705566,0.15646816790103912,0.9803743362426758,0.5281942486763,0.22933506965637207,0.185935840010643,0.9825003147125244,0.47931692004203796,0.21494272351264954,0.16743755340576172,0.818472146987915,0.5249466300010681,0.21788859367370605,0.19809181988239288,0.8364769220352173,0.4767943024635315,0.18858976662158966,0.0625654086470604,0.9727833867073059,0.52756267786026,0.18367645144462585,0.10132249444723129,0.9744364023208618
yena_pick_up_normal_05,42,14,1.400175,29.996250468691414,10,0.5019621253013611,0.7810860872268677,-0.20865415036678314,0.9999089241027832,0.49606451392173767,0.7933346033096313,-0.1941220462322235,0.999780535697937,0.4933265149593353,0.7927579879760742,-0.1941358745098114,0.9997608661651611,0.4912470281124115,0.7921199798583984,-0.19410349428653717,0.9997473955154419,0.505940318107605,0.793656587600708,-0.1936814785003662,0.9997209310531616,0.5088421702384949,0.7934437990188599,-0.19368448853492737,0.9996844530105591,0.5117476582527161,0.7930948138237,-0.19371828436851501,0.9996882677078247,0.4864449203014374,0.7834994792938232,-0.10577667504549026,0.99959397315979,0.5150603652000427,0.7835251688957214,-0.10342001169919968,0.9994602203369141,0.49606212973594666,0.7638065814971924,-0.17559951543807983,0.9998921751976013,0.5076566934585571,0.7644155025482178,-0.17501629889011383,0.9998735785484314,0.46528396010398865,0.6954406499862671,-0.05727674067020416,0.9998346567153931,0.5375047922134399,0.698736310005188,-0.047288961708545685,0.999738872051239,0.45183059573173523,0.6016672849655151,-0.0463411845266819,0.9806219935417175,0.550786018371582,0.6066411137580872,-0.0303080715239048,0.9773292541503906,0.4559902548789978,0.5183179974555969,-0.15763233602046967,0.9803600907325745,0.5410661101341248,0.5173030495643616,-0.1200416162610054,0.9682905673980713,0.45521101355552673,0.48683902621269226,-0.18804827332496643,0.9598326086997986,0.5420127511024475,0.48939186334609985,-0.14964202046394348,0.933110773563385,0.4615958631038666,0.49153441190719604,-0.21343939006328583,0.959149181842804,0.5361654758453369,0.4925950765609741,-0.1720665544271469,0.9292476773262024,0.4633660912513733,0.5007285475730896,-0.16963347792625427,0.9436795711517334,0.5342491269111633,0.5008307695388794,-0.13090363144874573,0.9094861149787903,0.47765395045280457,0.4940946102142334,-0.007383344229310751,0.9997385740280151,0.5221578478813171,0.49505162239074707,0.0073505123145878315,0.9997017979621887,0.47664451599121094,0.35270389914512634,-0.015110022388398647,0.9910556674003601,0.5313724875450134,0.3557034730911255,0.009317489340901375,0.9898453950881958,0.4757196605205536,0.2286132574081421,0.15744538605213165,0.981253981590271,0.5283257365226746,0.23021388053894043,0.1975042223930359,0.9832354784011841,0.4793095588684082,0.2148948609828949,0.16858315467834473,0.8215010762214661,0.5250299572944641,0.21858631074428558,0.21050868928432465,0.8417494297027588,0.47704675793647766,0.1884940266609192,0.06361395865678787,0.9739876985549927,0.5280436873435974,0.18457789719104767,0.11460288614034653,0.975562572479248
yena_pick_up_normal_05,45,15,1.5001875,29.996250468691414,10,0.5019595623016357,0.7810899019241333,-0.2095099240541458,0.9999155402183533,0.4960586130619049,0.7933221459388733,-0.1951175481081009,0.9997904300689697,0.49332326650619507,0.7927404642105103,-0.19513137638568878,0.9997732639312744,0.49124273657798767,0.7921040058135986,-0.195100337266922,0.9997596144676208,0.5059384107589722,0.7936570048332214,-0.1947566419839859,0.9997343420982361,0.5088414549827576,0.7934455275535583,-0.19475868344306946,0.9997013807296753,0.5117399096488953,0.7931011915206909,-0.19479264318943024,0.9997032880783081,0.48643726110458374,0.7835040092468262,-0.10733465105295181,0.9996082782745361,0.5150455832481384,0.783542275428772,-0.10528551787137985,0.9994781017303467,0.49605557322502136,0.7638115882873535,-0.17659763991832733,0.999899685382843,0.5076535940170288,0.7644282579421997,-0.17609725892543793,0.9998817443847656,0.46521076560020447,0.6954429745674133,-0.05895901843905449,0.9998484253883362,0.5375076532363892,0.6987819671630859,-0.04784754291176796,0.9997527599334717,0.45188015699386597,0.601754367351532,-0.044574689120054245,0.9812960624694824,0.5505028963088989,0.6065791249275208,-0.02486400492489338,0.9772223234176636,0.45534393191337585,0.5188156962394714,-0.15160568058490753,0.9810181260108948,0.5409767031669617,0.5166227221488953,-0.10615682601928711,0.9685796499252319,0.4541228115558624,0.4870174825191498,-0.1811901032924652,0.9613401889801025,0.5418623685836792,0.48903197050094604,-0.13429778814315796,0.9345908164978027,0.46063223481178284,0.4913458824157715,-0.20739202201366425,0.9608252644538879,0.5362818837165833,0.49220383167266846,-0.1577785462141037,0.931242048740387,0.4625750780105591,0.5005732178688049,-0.16380615532398224,0.9460810422897339,0.5344412922859192,0.5003472566604614,-0.11724647879600525,0.9124932289123535,0.4776115417480469,0.49392473697662354,-0.007977546192705631,0.9997475147247314,0.522074818611145,0.49493876099586487,0.00794549472630024,0.9997116327285767,0.47664913535118103,0.352740615606308,-0.016129838302731514,0.9913390874862671,0.5314169526100159,0.3557327389717102,0.014476796612143517,0.9900953769683838,0.4756595194339752,0.22881998121738434,0.15495912730693817,0.9820354580879211,0.5284121036529541,0.23175862431526184,0.2059103548526764,0.9838402271270752,0.479141503572464,0.21490509808063507,0.16589729487895966,0.8241370916366577,0.525060772895813,0.22016344964504242,0.21926450729370117,0.8464846014976501,0.4770523011684418,0.18849365413188934,0.0607098713517189,0.975067675113678,0.5286640524864197,0.18579553067684174,0.12468184530735016,0.9765189290046692
yena_pick_up_normal_05,48,16,1.6001999999999998,29.996250468691414,10,0.501961350440979,0.7811258435249329,-0.20843449234962463,0.9999208450317383,0.49606356024742126,0.7933230996131897,-0.19409991800785065,0.9997959733009338,0.49332526326179504,0.7927382588386536,-0.19411493837833405,0.9997814297676086,0.49124664068222046,0.7921016216278076,-0.19408638775348663,0.9997672438621521,0.5059467554092407,0.7936796545982361,-0.19377675652503967,0.9997420907020569,0.508850634098053,0.7934830784797668,-0.1937784105539322,0.9997124671936035,0.5117416977882385,0.7931663393974304,-0.19381169974803925,0.9997121691703796,0.4864363670349121,0.7835239171981812,-0.10653012245893478,0.9996142983436584,0.5150395035743713,0.7835950255393982,-0.10471649467945099,0.9994832873344421,0.49605661630630493,0.7638529539108276,-0.17554007470607758,0.9999055862426758,0.5076517462730408,0.7644901871681213,-0.1750965714454651,0.9998877644538879,0.46519482135772705,0.6954678893089294,-0.058141518384218216,0.9998607039451599,0.5375102758407593,0.698852002620697,-0.04739706963300705,0.9997637271881104,0.4519183039665222,0.6019682288169861,-0.03974485397338867,0.9819212555885315,0.5502695441246033,0.6066082715988159,-0.016955038532614708,0.9769455194473267,0.454545795917511,0.5191512703895569,-0.14350667595863342,0.9815980792045593,0.5410756468772888,0.5170226693153381,-0.09158492088317871,0.9685950875282288,0.45292988419532776,0.48757562041282654,-0.17221488058567047,0.9626327753067017,0.5419336557388306,0.4892646074295044,-0.11858852207660675,0.9354860186576843,0.4594663977622986,0.4913943111896515,-0.19901548326015472,0.9622761011123657,0.5365263819694519,0.492352694272995,-0.14265350997447968,0.9326207637786865,0.46159207820892334,0.5005651116371155,-0.155923992395401,0.9481914639472961,0.5347462296485901,0.5005387663841248,-0.10278180986642838,0.9147642850875854,0.47760385274887085,0.49393701553344727,-0.0082417456433177,0.9997537732124329,0.5220615863800049,0.49494409561157227,0.008210182189941406,0.9997181296348572,0.47668641805648804,0.35278627276420593,-0.016612347215414047,0.991539716720581,0.5314508676528931,0.3558891713619232,0.015732338652014732,0.9902421236038208,0.475585013628006,0.22909967601299286,0.1513979285955429,0.9826338887214661,0.528539776802063,0.23266379535198212,0.20378999412059784,0.9842994213104248,0.4788527488708496,0.21502502262592316,0.16197699308395386,0.8250020742416382,0.5251553058624268,0.2211107462644577,0.21678955852985382,0.8500472903251648,0.4770568907260895,0.18852192163467407,0.05685492232441902,0.975881040096283,0.5291799306869507,0.1867075264453888,0.12177954614162445,0.9772709608078003
yena_pick_up_normal_05,51,17,1.7002125,29.996250468691414,10,0.5019593834877014,0.7811307311058044,-0.20814527571201324,0.9999257922172546,0.49606573581695557,0.7933216094970703,-0.19386926293373108,0.999801754951477,0.4933270812034607,0.7927356362342834,-0.19388480484485626,0.9997894167900085,0.4912494421005249,0.792098879814148,-0.19385752081871033,0.9997749328613281,0.5059456825256348,0.793683648109436,-0.19361475110054016,0.999750018119812,0.508851170539856,0.7934877276420593,-0.19361618161201477,0.9997233152389526,0.5117399096488953,0.7931748628616333,-0.19364885985851288,0.999721109867096,0.48643624782562256,0.7835305333137512,-0.10646912455558777,0.9996212720870972,0.5150316953659058,0.78360915184021,-0.10500692576169968,0.9994905591011047,0.4960561692714691,0.763862669467926,-0.1753024011850357,0.9999110698699951,0.5076500177383423,0.7644986510276794,-0.1749473214149475,0.9998935461044312,0.46518227458000183,0.6954957246780396,-0.05788520351052284,0.9998717904090881,0.5375100374221802,0.6989068388938904,-0.04741717129945755,0.9997743368148804,0.4519362151622772,0.602111279964447,-0.04036685451865196,0.9824961423873901,0.5501717925071716,0.606643557548523,-0.01786673069000244,0.9768360257148743,0.4540472626686096,0.519109845161438,-0.14584007859230042,0.9821696877479553,0.5411337614059448,0.5169486999511719,-0.09202207624912262,0.9686368703842163,0.4521910846233368,0.48776376247406006,-0.17481206357479095,0.9638922214508057,0.5419935584068298,0.4892383813858032,-0.11904814094305038,0.9362916350364685,0.4587688744068146,0.49147412180900574,-0.20123621821403503,0.9636751413345337,0.5366160869598389,0.4924360513687134,-0.14288493990898132,0.9338672757148743,0.4609902799129486,0.5004977583885193,-0.15818126499652863,0.9502175450325012,0.5348613262176514,0.5006142854690552,-0.10311318933963776,0.916827380657196,0.4776008427143097,0.49394848942756653,-0.008191336877644062,0.9997597932815552,0.5220527052879333,0.4949458837509155,0.008159591816365719,0.9997246861457825,0.47676971554756165,0.3528103828430176,-0.016335902735590935,0.9916791915893555,0.5314749479293823,0.35597482323646545,0.015558830462396145,0.9903714060783386,0.47556769847869873,0.22936025261878967,0.15249624848365784,0.9830924272537231,0.5286804437637329,0.2333052158355713,0.20232519507408142,0.984685480594635,0.47875213623046875,0.21521535515785217,0.1632692813873291,0.8252782821655273,0.5252774357795715,0.22185355424880981,0.21523317694664001,0.8528051376342773,0.47704383730888367,0.18851953744888306,0.05856264755129814,0.9765229821205139,0.5294880270957947,0.18718796968460083,0.11941443383693695,0.9779015183448792
yena_pick_up_normal_05,54,18,1.800225,29.996250468691414,10,0.5019498467445374,0.7811492681503296,-0.2077845185995102,0.9999305605888367,0.49605610966682434,0.7933245897293091,-0.19350238144397736,0.9998089075088501,0.4933245778083801,0.7927350401878357,-0.19351805746555328,0.9997982978820801,0.4912448525428772,0.7920977473258972,-0.19349150359630585,0.9997838139533997,0.5059306025505066,0.7936996221542358,-0.19324339926242828,0.9997593760490417,0.5088451504707336,0.7935052514076233,-0.19324494898319244,0.9997352361679077,0.5117266774177551,0.7932023406028748,-0.19327735900878906,0.9997317790985107,0.4864293336868286,0.783541202545166,-0.10608675330877304,0.9996322393417358,0.5150269865989685,0.7836382389068604,-0.10455159097909927,0.9995035529136658,0.4960438907146454,0.7638922333717346,-0.17494940757751465,0.9999166131019592,0.5076465606689453,0.7645362615585327,-0.17458733916282654,0.9998996257781982,0.4651646316051483,0.6955193877220154,-0.057785216718912125,0.9998819231987,0.5375252366065979,0.698912501335144,-0.0472840890288353,0.999785304069519,0.4519416391849518,0.6021740436553955,-0.042842842638492584,0.9829922318458557,0.5501100420951843,0.6065520644187927,-0.020385202020406723,0.976884126663208,0.454084187746048,0.5184800028800964,-0.1509697586297989,0.9826722145080566,0.5412480235099792,0.5166178941726685,-0.09778396785259247,0.9688889384269714,0.45219001173973083,0.48728588223457336,-0.1804351657629013,0.9650439620018005,0.5421174168586731,0.4889282286167145,-0.1254560649394989,0.9373964667320251,0.45885106921195984,0.4908936023712158,-0.20476020872592926,0.9649458527565002,0.5367254614830017,0.49219846725463867,-0.14884129166603088,0.93536376953125,0.4610407054424286,0.4998425543308258,-0.1627287119626999,0.9520566463470459,0.5349604487419128,0.5003888010978699,-0.10878247767686844,0.9191082715988159,0.4776001572608948,0.4939505159854889,-0.008158805780112743,0.9997665286064148,0.5220539569854736,0.4949518144130707,0.008126089349389076,0.9997327327728271,0.4768308997154236,0.35275012254714966,-0.016025882214307785,0.9918372631072998,0.5315276384353638,0.3559179902076721,0.015529820695519447,0.9905423521995544,0.4755135476589203,0.22949156165122986,0.15540722012519836,0.9835154414176941,0.5287871956825256,0.23353345692157745,0.2014339417219162,0.9850760698318481,0.47854557633399963,0.21533609926700592,0.16666167974472046,0.825205385684967,0.5253699421882629,0.22207105159759521,0.21426910161972046,0.8553465604782104,0.4770796597003937,0.18852336704730988,0.062403954565525055,0.9771056175231934,0.5296851396560669,0.18740776181221008,0.11817555129528046,0.9785178303718567
yena_pick_up_normal_05,57,19,1.9002375,29.996250468691414,10,0.5019164085388184,0.7811816334724426,-0.20557069778442383,0.999934732913971,0.49603042006492615,0.7933322191238403,-0.19110579788684845,0.9998151063919067,0.49331584572792053,0.7927382588386536,-0.19112339615821838,0.9998060464859009,0.4912269711494446,0.7921006679534912,-0.19109882414340973,0.99979168176651,0.5058948397636414,0.7937188148498535,-0.19095946848392487,0.9997674226760864,0.5088298320770264,0.7935253977775574,-0.19095899164676666,0.9997455477714539,0.5117005109786987,0.7932320833206177,-0.19099244475364685,0.9997411966323853,0.48641204833984375,0.7835506796836853,-0.10421926528215408,0.9996421933174133,0.5150219798088074,0.7836636900901794,-0.10321059823036194,0.9995158314704895,0.49601513147354126,0.7639355659484863,-0.1730857640504837,0.9999216198921204,0.5076296925544739,0.7645702362060547,-0.1728547066450119,0.9999051094055176,0.465141624212265,0.6955355405807495,-0.05709202587604523,0.9998909831047058,0.5375316739082336,0.6989210247993469,-0.0467412956058979,0.9997944831848145,0.45187920331954956,0.6021997332572937,-0.04293447732925415,0.9834558963775635,0.5500539541244507,0.6064003109931946,-0.021040044724941254,0.9769931435585022,0.45412981510162354,0.5182278156280518,-0.1525610238313675,0.983177661895752,0.5412344336509705,0.5164049863815308,-0.09889164566993713,0.9692173004150391,0.4522417485713959,0.4871903657913208,-0.18235857784748077,0.9661685228347778,0.5420876145362854,0.48881959915161133,-0.12669584155082703,0.9385490417480469,0.4589809775352478,0.49083077907562256,-0.20690420269966125,0.9661686420440674,0.5367115139961243,0.4920940399169922,-0.14967921376228333,0.9368577003479004,0.46113452315330505,0.49973732233047485,-0.16444998979568481,0.9538289904594421,0.5349428653717041,0.5002762079238892,-0.10971558839082718,0.9213438630104065,0.47759634256362915,0.4939274489879608,-0.008116844110190868,0.999771773815155,0.5220534205436707,0.4949471354484558,0.008084358647465706,0.9997391700744629,0.4769620895385742,0.35231709480285645,-0.016072677448391914,0.991853654384613,0.5315898060798645,0.3554656207561493,0.012374002486467361,0.9905453324317932,0.47550252079963684,0.22948412597179413,0.1581193059682846,0.9835378527641296,0.5288569927215576,0.2335292547941208,0.19767209887504578,0.9851254820823669,0.47848275303840637,0.2153293639421463,0.16993151605129242,0.8223968148231506,0.5254075527191162,0.2220960408449173,0.21058440208435059,0.8555868864059448,0.4772953391075134,0.18845507502555847,0.06698592007160187,0.977147102355957,0.5297105312347412,0.18738119304180145,0.11506346613168716,0.9786555171012878
yena_pick_up_normal_05,60,20,2.00025,29.996250468691414,10,0.5018770694732666,0.7812025547027588,-0.2047661989927292,0.9999383091926575,0.49600133299827576,0.7933344841003418,-0.1902567446231842,0.9998197555541992,0.49330347776412964,0.7927374839782715,-0.19027474522590637,0.9998120665550232,0.4911983907222748,0.7920993566513062,-0.19025038182735443,0.9997977614402771,0.5058591961860657,0.7937334775924683,-0.1902279406785965,0.9997736811637878,0.5088150501251221,0.7935397624969482,-0.19022808969020844,0.9997538924217224,0.5116768479347229,0.7932535409927368,-0.1902626007795334,0.9997485876083374,0.48638761043548584,0.7835513353347778,-0.1036439761519432,0.9996486306190491,0.5150167942047119,0.7836759686470032,-0.1031598374247551,0.9995241761207581,0.4959915578365326,0.7639467120170593,-0.17243121564388275,0.9999259114265442,0.5076147317886353,0.7645846605300903,-0.17235518991947174,0.9999097585678101,0.4651119112968445,0.6955530643463135,-0.05682636424899101,0.9998989701271057,0.5375427007675171,0.6989272832870483,-0.046650808304548264,0.9998021125793457,0.45186319947242737,0.6022276878356934,-0.04130679741501808,0.9837715029716492,0.5500273108482361,0.6062582731246948,-0.022083112969994545,0.9770554304122925,0.45422765612602234,0.5179682374000549,-0.1492198407649994,0.9834926128387451,0.5412541031837463,0.5160844922065735,-0.09965825080871582,0.9693242907524109,0.4524250030517578,0.4869585931301117,-0.17867177724838257,0.966951310634613,0.5421172380447388,0.48871996998786926,-0.12739892303943634,0.9392602443695068,0.45916369557380676,0.49058985710144043,-0.2043321579694748,0.9670491218566895,0.5367318987846375,0.49199816584587097,-0.1501932442188263,0.9378765821456909,0.46127262711524963,0.49951109290122986,-0.161365807056427,0.9551540613174438,0.5349502563476562,0.5001215934753418,-0.11039745807647705,0.9229869246482849,0.4775804579257965,0.4938431978225708,-0.008094330318272114,0.9997771978378296,0.5220504403114319,0.4949074685573578,0.008061940781772137,0.9997444748878479,0.47705739736557007,0.35206082463264465,-0.016361098736524582,0.9918765425682068,0.531657338142395,0.35512202978134155,0.012562749907374382,0.9904893636703491,0.47545352578163147,0.2294812649488449,0.158161461353302,0.9835976958274841,0.5289434790611267,0.2336302399635315,0.1993187516927719,0.9850853681564331,0.47831395268440247,0.2153378278017044,0.17001239955425262,0.8201743364334106,0.5254896879196167,0.22228144109249115,0.21249809861183167,0.8552840352058411,0.47749030590057373,0.18841253221035004,0.06702645868062973,0.9772407412528992,0.5298275351524353,0.18741172552108765,0.11731124669313431,0.978702962398529
yena_pick_up_normal_05,63,21,2.1002625,29.996250468691414,10,0.5018705129623413,0.7812595963478088,-0.20410113036632538,0.9999415874481201,0.496000200510025,0.7933785319328308,-0.1895419955253601,0.999824583530426,0.4933029115200043,0.7927784323692322,-0.18956081569194794,0.9998180866241455,0.4911949038505554,0.7921412587165833,-0.18953655660152435,0.999803900718689,0.5058543086051941,0.7937816381454468,-0.18953485786914825,0.999779999256134,0.5088133215904236,0.7935868501663208,-0.18953654170036316,0.9997620582580566,0.5116721987724304,0.7933061718940735,-0.18957257270812988,0.9997559189796448,0.4863758981227875,0.7835813760757446,-0.10278824716806412,0.9996561408042908,0.5150142908096313,0.7836984992027283,-0.10247483104467392,0.999533474445343,0.49597930908203125,0.7639955282211304,-0.17173632979393005,0.9999298453330994,0.5076044201850891,0.7646405100822449,-0.17169831693172455,0.9999140501022339,0.46508803963661194,0.6955662369728088,-0.05618241801857948,0.999906063079834,0.5375509262084961,0.6989332437515259,-0.04660207778215408,0.9998094439506531,0.45187097787857056,0.6022914052009583,-0.04238487780094147,0.9839861392974854,0.5499952435493469,0.6061562895774841,-0.023772569373250008,0.9771595001220703,0.4543021023273468,0.5177198052406311,-0.15011151134967804,0.9837305545806885,0.5412051677703857,0.5160956978797913,-0.10426387190818787,0.9694936871528625,0.45248711109161377,0.48685523867607117,-0.1802368015050888,0.9676111340522766,0.5420584082603455,0.48876479268074036,-0.13238735496997833,0.9400410652160645,0.45925387740135193,0.4905186891555786,-0.20745939016342163,0.967803418636322,0.5366476774215698,0.49201446771621704,-0.15419921278953552,0.938931941986084,0.4613440930843353,0.49939393997192383,-0.16311854124069214,0.9562885165214539,0.5348668694496155,0.5001406073570251,-0.11472343653440475,0.9245984554290771,0.47757861018180847,0.4937790334224701,-0.008082951419055462,0.9997814893722534,0.5220560431480408,0.4948427975177765,0.008050437085330486,0.9997493624687195,0.4771171510219574,0.351915180683136,-0.016919761896133423,0.9918504953384399,0.5317395925521851,0.35469725728034973,0.011481400579214096,0.9904281497001648,0.4753909707069397,0.229458749294281,0.15814532339572906,0.9835945963859558,0.5291216373443604,0.23346436023712158,0.19805973768234253,0.9850388169288635,0.47807344794273376,0.21532882750034332,0.1699855923652649,0.81756591796875,0.5257626175880432,0.2220919281244278,0.21121877431869507,0.8546859622001648,0.4776998460292816,0.18838568031787872,0.06682872027158737,0.9772682189941406,0.5298507809638977,0.18738967180252075,0.11517918854951859,0.9787104725837708
yena_pick_up_normal_05,66,22,2.200275,29.996250468691414,10,0.5018675327301025,0.7812678217887878,-0.20429931581020355,0.999944806098938,0.49600085616111755,0.7934204936027527,-0.1897735446691513,0.9998304843902588,0.4933031499385834,0.7928286790847778,-0.189792662858963,0.9998248219490051,0.4911938011646271,0.7922074794769287,-0.189768448472023,0.9998109936714172,0.5058518648147583,0.7938064336776733,-0.18971039354801178,0.9997876882553101,0.5088130235671997,0.7936092019081116,-0.1897120177745819,0.999770998954773,0.5116708278656006,0.7933274507522583,-0.1897488683462143,0.9997641444206238,0.4863714277744293,0.7836399674415588,-0.10307731479406357,0.9996654987335205,0.5150118470191956,0.7837288975715637,-0.10236810892820358,0.9995452165603638,0.4959779381752014,0.7640154957771301,-0.17193728685379028,0.9999338388442993,0.5076019167900085,0.7646469473838806,-0.17179995775222778,0.9999186396598816,0.4650751054286957,0.6955758333206177,-0.05655740574002266,0.9999127984046936,0.5375588536262512,0.6989383101463318,-0.047263313084840775,0.9998175501823425,0.45187610387802124,0.6023476719856262,-0.0477888323366642,0.9841888546943665,0.5499857664108276,0.605617880821228,-0.02685515396296978,0.9772985577583313,0.4543033540248871,0.5177372097969055,-0.16400088369846344,0.9839776158332825,0.5412850975990295,0.5145204067230225,-0.10844768583774567,0.9696090221405029,0.45243558287620544,0.4869711995124817,-0.1955428421497345,0.9683372974395752,0.5420490503311157,0.4877946078777313,-0.13728876411914825,0.9406989812850952,0.4592137038707733,0.4907408654689789,-0.2213929444551468,0.9686076641082764,0.5366361737251282,0.4913613796234131,-0.16086094081401825,0.9398435950279236,0.46131405234336853,0.49955445528030396,-0.17648008465766907,0.957450270652771,0.5349124670028687,0.49937620759010315,-0.11965756863355637,0.9260122179985046,0.4775945842266083,0.49365556240081787,-0.008069314993917942,0.9997876286506653,0.5221346020698547,0.4947252571582794,0.008035721257328987,0.9997550249099731,0.47728654742240906,0.3517524003982544,-0.016827501356601715,0.9919007420539856,0.5317457914352417,0.354374498128891,0.01446876022964716,0.9904190301895142,0.475326806306839,0.2294633835554123,0.15712399780750275,0.9837720990180969,0.5292383432388306,0.23346810042858124,0.20195256173610687,0.9850375652313232,0.4778834879398346,0.21533505618572235,0.1686580926179886,0.8170477151870728,0.5259172916412354,0.22212041914463043,0.21516872942447662,0.8546563386917114,0.47775545716285706,0.1883735954761505,0.06436305493116379,0.9774746894836426,0.5298818945884705,0.1873781383037567,0.11884396523237228,0.978774905204773
yena_pick_up_normal_05,69,23,2.3002875,29.996250468691414,10,0.5019165277481079,0.7812728881835938,-0.2064066380262375,0.9999476671218872,0.4960484802722931,0.7935410737991333,-0.19200469553470612,0.9998356699943542,0.4933233857154846,0.7929757833480835,-0.19202356040477753,0.9998307228088379,0.49122047424316406,0.792397141456604,-0.19199758768081665,0.9998170733451843,0.505903959274292,0.7938688397407532,-0.19178347289562225,0.9997945427894592,0.5088503956794739,0.7936739921569824,-0.1917843073606491,0.9997789263725281,0.5117155909538269,0.7933781147003174,-0.1918211728334427,0.9997712969779968,0.4863886535167694,0.783845067024231,-0.10540153831243515,0.9996740221977234,0.5150192975997925,0.7838423252105713,-0.1038055568933487,0.9995560050010681,0.49599504470825195,0.7640351057052612,-0.17407172918319702,0.9999374747276306,0.5076118111610413,0.7646522521972656,-0.17368489503860474,0.9999228715896606,0.46507832407951355,0.6956174969673157,-0.05871542915701866,0.9999189376831055,0.5375754833221436,0.6989426612854004,-0.048984967172145844,0.999825119972229,0.4518839716911316,0.6023837327957153,-0.051442209631204605,0.9844321608543396,0.549967348575592,0.6053636074066162,-0.028789767995476723,0.9773992896080017,0.4542749226093292,0.5179357528686523,-0.16855137050151825,0.9842232465744019,0.5414991974830627,0.514239490032196,-0.11043696105480194,0.9696018695831299,0.4523381292819977,0.4871186912059784,-0.20023685693740845,0.9690161943435669,0.5422558188438416,0.48760783672332764,-0.13934549689292908,0.9411185383796692,0.4591452181339264,0.49097833037376404,-0.2257423847913742,0.9693523645401001,0.5368372797966003,0.49110153317451477,-0.1639837920665741,0.9405112266540527,0.4612666666507721,0.49977320432662964,-0.18084409832954407,0.9585302472114563,0.5351181626319885,0.49909669160842896,-0.12216614186763763,0.927169919013977,0.4775952398777008,0.49360260367393494,-0.008050999604165554,0.9997923374176025,0.5221728682518005,0.49453872442245483,0.008015562780201435,0.9997592568397522,0.4772947430610657,0.3517285883426666,-0.015299801714718342,0.9919807314872742,0.5317248106002808,0.35415583848953247,0.01897709257900715,0.9904369711875916,0.47522810101509094,0.229781836271286,0.15716440975666046,0.9839698672294617,0.5292405486106873,0.2336319237947464,0.20500913262367249,0.9850497841835022,0.4777391850948334,0.21570011973381042,0.16867509484291077,0.8171827793121338,0.5259153246879578,0.22247013449668884,0.21805568039417267,0.8551470637321472,0.4777362644672394,0.18838821351528168,0.06426677852869034,0.9776608347892761,0.529961884021759,0.18745751678943634,0.12203473597764969,0.9788340926170349
yena_pick_up_normal_05,72,24,2.4003,29.996250468691414,10,0.5020830035209656,0.7812014222145081,-0.20675581693649292,0.9999496936798096,0.49614498019218445,0.7935447096824646,-0.19259993731975555,0.999838650226593,0.49335846304893494,0.7929888367652893,-0.19261997938156128,0.9998341798782349,0.49129387736320496,0.7924226522445679,-0.19259701669216156,0.9998207092285156,0.5060766935348511,0.7938662171363831,-0.19207607209682465,0.9997984170913696,0.5089827179908752,0.7936755418777466,-0.19207754731178284,0.9997833371162415,0.5118982791900635,0.7933740615844727,-0.19211532175540924,0.9997749328613281,0.48644599318504333,0.7838771343231201,-0.10690518468618393,0.9996795058250427,0.5150668621063232,0.7838486433029175,-0.1037406250834465,0.9995603561401367,0.4961128830909729,0.7639950513839722,-0.17463454604148865,0.9999405145645142,0.5077622532844543,0.7645634412765503,-0.1738552451133728,0.9999262094497681,0.46506163477897644,0.6956272721290588,-0.06143974885344505,0.9999243021011353,0.5376647114753723,0.6989470720291138,-0.04916438087821007,0.9998315572738647,0.45188915729522705,0.6023213267326355,-0.055713411420583725,0.9844987392425537,0.5500583052635193,0.6050165891647339,-0.031862773001194,0.977023184299469,0.4543868601322174,0.5171226859092712,-0.17048875987529755,0.9841915965080261,0.541911244392395,0.5137935876846313,-0.11803636699914932,0.9691692590713501,0.4525250494480133,0.4860810935497284,-0.20201537013053894,0.9692844152450562,0.5427777171134949,0.4868253469467163,-0.14701059460639954,0.9410403370857239,0.45927879214286804,0.4901549220085144,-0.22674541175365448,0.9696786999702454,0.5373156070709229,0.4905877113342285,-0.17113015055656433,0.9406630396842957,0.4613843560218811,0.4990786015987396,-0.18234245479106903,0.9590630531311035,0.5355757474899292,0.49868422746658325,-0.12969622015953064,0.9277570843696594,0.47766003012657166,0.49350371956825256,-0.008083691820502281,0.9997970461845398,0.5224459171295166,0.4942416846752167,0.008051963523030281,0.9997631311416626,0.47728583216667175,0.35172465443611145,-0.01532734464854002,0.9919430017471313,0.5313751697540283,0.35415130853652954,0.023277413100004196,0.9902231097221375,0.4751228392124176,0.2308197170495987,0.15724225342273712,0.983775794506073,0.5287562608718872,0.2343900203704834,0.21370035409927368,0.9846171736717224,0.4776928722858429,0.21719370782375336,0.1687730848789215,0.8151359558105469,0.5252081155776978,0.2240033596754074,0.2274695485830307,0.8540002703666687,0.4771728515625,0.18849018216133118,0.06508336216211319,0.9773232340812683,0.5298687219619751,0.18755629658699036,0.13423046469688416,0.978382408618927
yena_pick_up_normal_05,75,25,2.5003124999999997,29.996250468691414,10,0.5024865865707397,0.7795143127441406,-0.21613039076328278,0.9999522566795349,0.4964299499988556,0.7916097044944763,-0.2025567591190338,0.999843955039978,0.4935050904750824,0.7911680936813354,-0.20257510244846344,0.9998396039009094,0.49154049158096313,0.7907167077064514,-0.20255336165428162,0.9998264908790588,0.5063948631286621,0.7923237681388855,-0.2017313539981842,0.999805748462677,0.5092318058013916,0.7921987771987915,-0.20173397660255432,0.9997909069061279,0.5122761726379395,0.7919580936431885,-0.20177172124385834,0.9997822046279907,0.4867410957813263,0.7831987142562866,-0.11613770574331284,0.9996885061264038,0.5151888728141785,0.7836089730262756,-0.11170628666877747,0.99957275390625,0.4966304898262024,0.7623479962348938,-0.18337251245975494,0.9999439120292664,0.5082789063453674,0.7630895376205444,-0.1822221875190735,0.9999303221702576,0.46517473459243774,0.695753276348114,-0.06882849335670471,0.999929666519165,0.537860631942749,0.6988732218742371,-0.052626125514507294,0.999838650226593,0.4518687129020691,0.6022845506668091,-0.06094012409448624,0.9847407937049866,0.5502081513404846,0.6042434573173523,-0.03449944034218788,0.976564884185791,0.45452022552490234,0.515939474105835,-0.17441943287849426,0.9841947555541992,0.5423144102096558,0.512948751449585,-0.12251464277505875,0.9685529470443726,0.452666312456131,0.4849716126918793,-0.20640142261981964,0.9695367813110352,0.5433593392372131,0.4858270585536957,-0.1515035629272461,0.9405997395515442,0.4595782160758972,0.48871663212776184,-0.2308504283428192,0.9699782133102417,0.5379873514175415,0.4892467260360718,-0.17572876811027527,0.9404367804527283,0.4616529643535614,0.4975528419017792,-0.18599802255630493,0.959516167640686,0.5361579656600952,0.4972018301486969,-0.13405480980873108,0.9278370141983032,0.47778239846229553,0.4932244122028351,-0.00877953227609396,0.9998039603233337,0.5225390195846558,0.4937557578086853,0.008757863193750381,0.9997690916061401,0.47729024291038513,0.35166051983833313,-0.01611001417040825,0.9920109510421753,0.5310369729995728,0.35405367612838745,0.033090706914663315,0.99002605676651,0.475051611661911,0.23111842572689056,0.15644024312496185,0.9838529229164124,0.5283198952674866,0.23460665345191956,0.23440705239772797,0.9844200015068054,0.47763025760650635,0.21767176687717438,0.16785874962806702,0.8160329461097717,0.5243002772331238,0.22428497672080994,0.24935844540596008,0.8556395769119263,0.4769301414489746,0.18863748013973236,0.06406697630882263,0.9774172902107239,0.5298693180084229,0.1877172887325287,0.1582067310810089,0.9782634377479553
yena_pick_up_normal_05,78,26,2.6003249999999998,29.996250468691414,10,0.5031796097755432,0.774775505065918,-0.22501541674137115,0.9999554753303528,0.4971920847892761,0.7870433926582336,-0.21186916530132294,0.9998528361320496,0.4940853714942932,0.7869545817375183,-0.21188515424728394,0.9998486638069153,0.49200916290283203,0.7865758538246155,-0.21185891330242157,0.9998361468315125,0.506904661655426,0.787643551826477,-0.21119436621665955,0.9998171925544739,0.5098201036453247,0.7876668572425842,-0.21119430661201477,0.9998028874397278,0.5128687024116516,0.7874488830566406,-0.21122367680072784,0.9997941851615906,0.48760202527046204,0.7801094651222229,-0.12388443201780319,0.9997050762176514,0.5154654383659363,0.7811973094940186,-0.12040170282125473,0.9995948076248169,0.4976097047328949,0.759110689163208,-0.19124750792980194,0.9999476671218872,0.5090649127960205,0.7597461938858032,-0.19037991762161255,0.9999350309371948,0.46583691239356995,0.6960355043411255,-0.07393548637628555,0.9999351501464844,0.5381144881248474,0.698313295841217,-0.057171981781721115,0.9998461604118347,0.45185062289237976,0.6022794246673584,-0.06606545299291611,0.98527991771698,0.5505602955818176,0.6028497815132141,-0.04419880360364914,0.9761895537376404,0.45552173256874084,0.5150730013847351,-0.18009290099143982,0.9846681952476501,0.5428308844566345,0.5124267935752869,-0.1418212205171585,0.9684094786643982,0.4542994201183319,0.4836307168006897,-0.21299152076244354,0.9704551100730896,0.5441228747367859,0.4850311875343323,-0.1724536418914795,0.9408727884292603,0.4610200822353363,0.487223356962204,-0.2374110221862793,0.9709187150001526,0.5384971499443054,0.48843908309936523,-0.19576948881149292,0.9408681988716125,0.46299850940704346,0.49649545550346375,-0.19158141314983368,0.9607563614845276,0.5364453196525574,0.49657416343688965,-0.15301398932933807,0.9284979104995728,0.4782499372959137,0.49298253655433655,-0.009496732614934444,0.9998115301132202,0.5227593779563904,0.49290284514427185,0.009482660330832005,0.9997762441635132,0.47726231813430786,0.35152092576026917,-0.011373939923942089,0.9921849370002747,0.5308443903923035,0.35404840111732483,0.039665937423706055,0.9900080561637878,0.4749683141708374,0.23145897686481476,0.15777483582496643,0.9841951727867126,0.5282126069068909,0.2345934808254242,0.2384747713804245,0.9846106767654419,0.47754374146461487,0.21808624267578125,0.16886590421199799,0.819507896900177,0.5240466594696045,0.22403669357299805,0.2531808912754059,0.8594749569892883,0.47648102045059204,0.18913602828979492,0.0654229074716568,0.9779341816902161,0.5298784971237183,0.18799713253974915,0.16291934251785278,0.9786055684089661
yena_pick_up_normal_05,81,27,2.7003375,29.996250468691414,10,0.5036784410476685,0.7691307067871094,-0.2418491095304489,0.9999584555625916,0.4978012144565582,0.7815011739730835,-0.229400634765625,0.9998615980148315,0.4947541356086731,0.7812163233757019,-0.22941288352012634,0.999857485294342,0.4924468398094177,0.7808841466903687,-0.2293839156627655,0.9998454451560974,0.5073488354682922,0.7821061015129089,-0.22916358709335327,0.9998287558555603,0.5103803277015686,0.7818921804428101,-0.229166641831398,0.9998148679733276,0.5133901834487915,0.7816798686981201,-0.2291916459798813,0.9998063445091248,0.48811253905296326,0.7752256989479065,-0.13847753405570984,0.9997209310531616,0.5157934427261353,0.7765012383460999,-0.137232705950737,0.9996184706687927,0.49799978733062744,0.7547672390937805,-0.20627613365650177,0.9999510645866394,0.5096518397331238,0.7550751566886902,-0.20604272186756134,0.9999395608901978,0.46617329120635986,0.6956830024719238,-0.0809607207775116,0.9999399781227112,0.538278341293335,0.697044849395752,-0.06870155781507492,0.9998542070388794,0.4518464505672455,0.6006217002868652,-0.06793210655450821,0.9856212139129639,0.5511772036552429,0.6007399559020996,-0.05212948098778725,0.9762129783630371,0.457091361284256,0.5128010511398315,-0.18050090968608856,0.9847787618637085,0.5433372259140015,0.5096095204353333,-0.14947792887687683,0.9680136442184448,0.45635780692100525,0.48151808977127075,-0.213479146361351,0.9707080721855164,0.5448125004768372,0.4822863042354584,-0.18059323728084564,0.9405717253684998,0.4628005623817444,0.48520350456237793,-0.23858027160167694,0.9712135791778564,0.5390405058860779,0.4857322871685028,-0.20408786833286285,0.9407395720481873,0.4647715389728546,0.4945182502269745,-0.19223827123641968,0.9611527919769287,0.5367858409881592,0.4939899444580078,-0.16064175963401794,0.9284547567367554,0.4785188138484955,0.4907780885696411,-0.009434872306883335,0.9998189210891724,0.5229730606079102,0.4899481236934662,0.009422444738447666,0.9997832775115967,0.47726860642433167,0.3501336872577667,0.0013635274954140186,0.9924582242965698,0.5308123230934143,0.3539647161960602,0.05858856439590454,0.9901242256164551,0.4748344123363495,0.23242127895355225,0.16693970561027527,0.98476642370224,0.5283968448638916,0.2345898300409317,0.26161226630210876,0.9850414991378784,0.4774528443813324,0.2201339453458786,0.17776153981685638,0.826648473739624,0.5242872834205627,0.2240058332681656,0.276861310005188,0.8648121356964111,0.47607868909835815,0.1893032193183899,0.07429060339927673,0.9787983894348145,0.5303329825401306,0.18829865753650665,0.1857789307832718,0.979180634021759
yena_pick_up_normal_05,84,28,2.80035,29.996250468691414,10,0.5037580132484436,0.7564420700073242,-0.2534419000148773,0.9999609589576721,0.498125821352005,0.7708910703659058,-0.24212239682674408,0.9998692274093628,0.49503225088119507,0.7710484862327576,-0.24212513864040375,0.9998651742935181,0.492717444896698,0.7709900140762329,-0.2420891672372818,0.9998533725738525,0.5075876712799072,0.7712396383285522,-0.2424086034297943,0.9998392462730408,0.510638415813446,0.7714903950691223,-0.2424168586730957,0.9998260736465454,0.5136820673942566,0.7713274359703064,-0.2424306869506836,0.9998176693916321,0.48838552832603455,0.7665064334869385,-0.15104664862155914,0.9997339248657227,0.5160268545150757,0.7676401734352112,-0.1530754268169403,0.9996410012245178,0.49809637665748596,0.7431583404541016,-0.2172573357820511,0.9999537467956543,0.5097398161888123,0.7429440021514893,-0.21790684759616852,0.9999434947967529,0.4662426710128784,0.6917601227760315,-0.08627570420503616,0.9999439716339111,0.5384294390678406,0.6934813261032104,-0.08271487802267075,0.9998629093170166,0.4518027901649475,0.5965539813041687,-0.06499363481998444,0.9858821034431458,0.5520182251930237,0.5968165397644043,-0.06113288924098015,0.9766286015510559,0.4594564139842987,0.5075039863586426,-0.1705869734287262,0.9847000241279602,0.5435130000114441,0.5052984356880188,-0.15298213064670563,0.9674751162528992,0.45977360010147095,0.47624075412750244,-0.20185443758964539,0.9704933762550354,0.5451685786247253,0.47801536321640015,-0.18354447185993195,0.9399314522743225,0.4660085439682007,0.48066359758377075,-0.22830908000469208,0.9710482954978943,0.5389688611030579,0.4815192222595215,-0.2057548612356186,0.9402191042900085,0.4678086042404175,0.4893309473991394,-0.18233256042003632,0.9609699249267578,0.5367047786712646,0.4896579384803772,-0.1634063720703125,0.9277825951576233,0.47918516397476196,0.48702865839004517,-0.006868311204016209,0.9998213648796082,0.5232280492782593,0.4872196316719055,0.006885400973260403,0.9997868537902832,0.4781872630119324,0.34981340169906616,0.03213760256767273,0.9925874471664429,0.5306503176689148,0.35395437479019165,0.06560394912958145,0.9902626872062683,0.4749397337436676,0.23320335149765015,0.1825375258922577,0.9852675199508667,0.5290892720222473,0.23456548154354095,0.24775724112987518,0.9854057431221008,0.4774874746799469,0.22139659523963928,0.19218069314956665,0.83450847864151,0.5263058543205261,0.2239893078804016,0.2611252963542938,0.8685814738273621,0.4760890603065491,0.18942226469516754,0.0916435644030571,0.9795560240745544,0.5302584171295166,0.18851538002490997,0.16808824241161346,0.9795450568199158
yena_pick_up_normal_05,87,29,2.9003625,29.996250468691414,10,0.504008948802948,0.7409233450889587,-0.2567019760608673,0.9999630451202393,0.4986210763454437,0.7558991312980652,-0.2465420365333557,0.999875009059906,0.4954429268836975,0.7563801407814026,-0.2465357929468155,0.9998710751533508,0.49305078387260437,0.7566198110580444,-0.24649323523044586,0.9998591542243958,0.5078921914100647,0.7562460899353027,-0.24689841270446777,0.9998476505279541,0.5108770132064819,0.7567774653434753,-0.2469075471162796,0.9998352527618408,0.5139394402503967,0.7570696473121643,-0.24691633880138397,0.9998269081115723,0.4887794554233551,0.7554153203964233,-0.15807180106639862,0.9997422099113464,0.5162175893783569,0.756195604801178,-0.1608867198228836,0.9996594190597534,0.4984942376613617,0.7271411418914795,-0.2211654931306839,0.999955415725708,0.5099014639854431,0.7271020412445068,-0.2220008671283722,0.9999465346336365,0.46625012159347534,0.6853387951850891,-0.08884993195533752,0.999947726726532,0.5386151075363159,0.6859704256057739,-0.09010231494903564,0.9998714327812195,0.4518601596355438,0.5902236104011536,-0.055776018649339676,0.9863511323928833,0.5528520345687866,0.5894982218742371,-0.06399355828762054,0.9774425029754639,0.4610338807106018,0.5024414658546448,-0.14145445823669434,0.9850043058395386,0.5441097617149353,0.4993973970413208,-0.15029774606227875,0.9677896499633789,0.46184056997299194,0.4712432026863098,-0.1688491404056549,0.970795214176178,0.5461121797561646,0.47080549597740173,-0.17911891639232635,0.9404615163803101,0.46766337752342224,0.4758034646511078,-0.1949901580810547,0.9713942408561707,0.5393539667129517,0.4743780195713043,-0.20105579495429993,0.9408601522445679,0.4694192111492157,0.4843030571937561,-0.15269722044467926,0.961445689201355,0.536920964717865,0.4825988709926605,-0.1603536307811737,0.9284626841545105,0.48050764203071594,0.4858812689781189,-0.0027987610083073378,0.9998151063919067,0.5236427783966064,0.48627832531929016,0.002814461011439562,0.9997813701629639,0.4786108434200287,0.34943920373916626,0.027615303173661232,0.9925262331962585,0.5302112698554993,0.35374316573143005,0.05493749678134918,0.9902949333190918,0.47506725788116455,0.23290148377418518,0.1668998748064041,0.9855645298957825,0.5294016599655151,0.23416867852210999,0.20393508672714233,0.9854965806007385,0.47748878598213196,0.22132180631160736,0.17308589816093445,0.8402693867683411,0.5281582474708557,0.2239365577697754,0.2142794132232666,0.8689684271812439,0.4761953055858612,0.18944041430950165,0.07623519748449326,0.9799125790596008,0.5290403962135315,0.18818919360637665,0.11988324671983719,0.9793877601623535
yena_pick_up_normal_05,90,30,3.000375,29.996250468691414,10,0.5039388537406921,0.7264627814292908,-0.27841198444366455,0.9999645948410034,0.4986060857772827,0.7404766082763672,-0.269317626953125,0.9998795986175537,0.49542707204818726,0.7410130500793457,-0.2693111300468445,0.9998756051063538,0.493041455745697,0.7415812015533447,-0.2692742645740509,0.99986332654953,0.5078819990158081,0.7411560416221619,-0.2699129283428192,0.9998550415039062,0.5108363032341003,0.741980254650116,-0.26993000507354736,0.999843180179596,0.5138746500015259,0.7427275776863098,-0.269939124584198,0.9998350143432617,0.4887530207633972,0.7416065335273743,-0.181405708193779,0.999748706817627,0.5162155032157898,0.7435972094535828,-0.18538062274456024,0.9996785521507263,0.49846890568733215,0.7141001224517822,-0.24265508353710175,0.9999566078186035,0.5097495317459106,0.7129644751548767,-0.24379272758960724,0.9999493956565857,0.4662533402442932,0.6766620874404907,-0.10729256272315979,0.9999511241912842,0.5386189818382263,0.6767770648002625,-0.10901246219873428,0.9998803734779358,0.4520363509654999,0.5824593901634216,-0.06293153017759323,0.9868401288986206,0.5527738332748413,0.575704038143158,-0.069268599152565,0.9785935878753662,0.46338340640068054,0.49348336458206177,-0.14744342863559723,0.985227108001709,0.5450650453567505,0.4829273223876953,-0.14494013786315918,0.9685516357421875,0.4635009169578552,0.4637030065059662,-0.1747923344373703,0.9708866477012634,0.546536386013031,0.4536733031272888,-0.17668485641479492,0.9415082931518555,0.4695121943950653,0.46848055720329285,-0.20036469399929047,0.971526026725769,0.5394397974014282,0.4578506648540497,-0.19746308028697968,0.9420069456100464,0.4717286229133606,0.47679403424263,-0.1584952175617218,0.9616806507110596,0.5371761322021484,0.46693333983421326,-0.15527978539466858,0.9297672510147095,0.48206013441085815,0.47998350858688354,-0.0004558783257380128,0.9998054504394531,0.5242922306060791,0.4812224209308624,0.00047742805327288806,0.9997726082801819,0.47921517491340637,0.3457123339176178,0.026238257065415382,0.9922625422477722,0.5301596522331238,0.3515911400318146,0.050578344613313675,0.9902640581130981,0.47570303082466125,0.23061256110668182,0.15553335845470428,0.9856560230255127,0.5294190645217896,0.23338760435581207,0.19041451811790466,0.9853732585906982,0.4790937006473541,0.21766126155853271,0.16170734167099,0.8466251492500305,0.5280985832214355,0.22244596481323242,0.2003890573978424,0.8690173625946045,0.47620001435279846,0.18932946026325226,0.06643858551979065,0.9799247980117798,0.5279654860496521,0.18761833012104034,0.10724547505378723,0.9788395762443542
yena_pick_up_normal_05,93,31,3.1003875,29.996250468691414,10,0.5037798881530762,0.7085227966308594,-0.3133281469345093,0.9999662041664124,0.49856036901474,0.723359227180481,-0.30530133843421936,0.9998847842216492,0.4954008460044861,0.7243500351905823,-0.3052980303764343,0.9998809695243835,0.4930068850517273,0.7255027294158936,-0.3052808940410614,0.9998689889907837,0.507850706577301,0.722797691822052,-0.305234432220459,0.9998624324798584,0.5108105540275574,0.7232272624969482,-0.305258572101593,0.9998509287834167,0.5138688683509827,0.7239325046539307,-0.30526480078697205,0.9998430013656616,0.48861029744148254,0.7272953391075134,-0.2175600230693817,0.9997595548629761,0.5162162780761719,0.7274407148361206,-0.21826259791851044,0.9996964335441589,0.4982554316520691,0.6965073347091675,-0.27718231081962585,0.9999582171440125,0.5094122886657715,0.6952901482582092,-0.27739086747169495,0.9999522566795349,0.466204434633255,0.6652439832687378,-0.14073820412158966,0.9999548196792603,0.5383731722831726,0.6655059456825256,-0.13369877636432648,0.9998888373374939,0.4521021544933319,0.5696220397949219,-0.1013251543045044,0.9877254962921143,0.5527276992797852,0.5635078549385071,-0.08784642070531845,0.9797245860099792,0.4647413194179535,0.4812231659889221,-0.17852722108364105,0.9859068989753723,0.5454471707344055,0.4680924117565155,-0.1571355164051056,0.969526469707489,0.4641394317150116,0.4514680504798889,-0.2056741714477539,0.9717034101486206,0.5468519330024719,0.4392302930355072,-0.18247336149215698,0.9427505731582642,0.47004854679107666,0.45508718490600586,-0.22941967844963074,0.972374677658081,0.5396031141281128,0.44357213377952576,-0.20594891905784607,0.943402111530304,0.47255438566207886,0.4648759365081787,-0.1883334368467331,0.9627934694290161,0.5375327467918396,0.45240074396133423,-0.16717380285263062,0.9313811659812927,0.48301875591278076,0.475436806678772,0.00011707499652402475,0.9997798204421997,0.5250546336174011,0.476634681224823,-9.331352339359e-05,0.999747633934021,0.47950485348701477,0.34587955474853516,0.01901824213564396,0.9913567304611206,0.5297687649726868,0.34872162342071533,0.010570334270596504,0.9895079731941223,0.47598734498023987,0.23023848235607147,0.14221589267253876,0.9848683476448059,0.5292757153511047,0.22969162464141846,0.14705610275268555,0.9843815565109253,0.47985565662384033,0.21635890007019043,0.1488347351551056,0.8478839993476868,0.5280265808105469,0.2172228842973709,0.1556834876537323,0.8638330698013306,0.4762672781944275,0.18964330852031708,0.053823117166757584,0.9786092638969421,0.5250064730644226,0.18456682562828064,0.05890748277306557,0.9769991636276245
yena_pick_up_normal_05,96,32,3.2003999999999997,29.996250468691414,10,0.5029476881027222,0.6899651288986206,-0.3452078402042389,0.9999671578407288,0.4982649087905884,0.7047146558761597,-0.336086630821228,0.9998881220817566,0.49524134397506714,0.7055826783180237,-0.33609503507614136,0.9998844265937805,0.49279019236564636,0.7063772678375244,-0.3361169397830963,0.9998730421066284,0.507358193397522,0.7037976980209351,-0.33670616149902344,0.9998664855957031,0.5104809403419495,0.7041719555854797,-0.3367559611797333,0.9998554587364197,0.5135301351547241,0.7046381831169128,-0.33676475286483765,0.9998480677604675,0.4884958267211914,0.7091770172119141,-0.24201032519340515,0.999769389629364,0.516205370426178,0.7070190906524658,-0.2449495494365692,0.9997089505195618,0.49775251746177673,0.6790869235992432,-0.3062681555747986,0.9999589920043945,0.5084226727485657,0.6774638891220093,-0.3072088062763214,0.9999539852142334,0.46616753935813904,0.6529466509819031,-0.16028834879398346,0.9999584555625916,0.5383457541465759,0.6498792171478271,-0.154545396566391,0.9998958110809326,0.4521253705024719,0.5583315491676331,-0.1296824812889099,0.9883278012275696,0.5516659021377563,0.5458247661590576,-0.11848098784685135,0.9807248711585999,0.46549877524375916,0.47269248962402344,-0.21696634590625763,0.9858230948448181,0.5453106760978699,0.4540680944919586,-0.19594356417655945,0.9696112275123596,0.4648890495300293,0.44333910942077637,-0.24678079783916473,0.9707821607589722,0.5466525554656982,0.42642703652381897,-0.22183042764663696,0.9422991275787354,0.4706822335720062,0.44642698764801025,-0.2698100507259369,0.9716441035270691,0.5393444895744324,0.43021905422210693,-0.2449205070734024,0.9432304501533508,0.4730897843837738,0.45681631565093994,-0.22697052359580994,0.9616059064865112,0.5373565554618835,0.439350426197052,-0.20567888021469116,0.9305869340896606,0.4835369884967804,0.46860426664352417,-7.563436520285904e-05,0.9997704029083252,0.5251034498214722,0.4688328802585602,9.655809117248282e-05,0.9997254610061646,0.4794861376285553,0.3478863537311554,-0.0896586999297142,0.990750253200531,0.5298504829406738,0.3476833403110504,-0.06920035928487778,0.9889986515045166,0.47619354724884033,0.22960786521434784,0.05375390872359276,0.9844836592674255,0.528141438961029,0.2289472073316574,0.07339616119861603,0.9838193655014038,0.4801502525806427,0.2143833041191101,0.06256580352783203,0.8518364429473877,0.5256550312042236,0.21547837555408478,0.08212552964687347,0.8617938756942749,0.47826722264289856,0.19135820865631104,-0.04085766151547432,0.9781401753425598,0.5226308703422546,0.18381807208061218,-0.0182174239307642,0.9760923385620117
yena_pick_up_normal_05,99,33,3.3004124999999997,29.996250468691414,10,0.5022744536399841,0.6740935444831848,-0.34022843837738037,0.9999692440032959,0.4978109896183014,0.6888382434844971,-0.33089548349380493,0.9998960494995117,0.49499082565307617,0.6896106004714966,-0.3309168219566345,0.9998924136161804,0.49245527386665344,0.6904520988464355,-0.3309580087661743,0.9998822212219238,0.5068044066429138,0.6881908178329468,-0.33119991421699524,0.999876081943512,0.5099708437919617,0.6888306140899658,-0.3312567174434662,0.9998654127120972,0.5130693912506104,0.689856767654419,-0.3312532305717468,0.9998589158058167,0.48816654086112976,0.6924723386764526,-0.23959460854530334,0.9997875094413757,0.5161089301109314,0.6913161277770996,-0.24109366536140442,0.999732255935669,0.49741044640541077,0.6631893515586853,-0.30237331986427307,0.9999616742134094,0.5077695250511169,0.6618441343307495,-0.30283841490745544,0.9999573230743408,0.4659421145915985,0.6360815763473511,-0.16156664490699768,0.9999620914459229,0.5384815335273743,0.6331230401992798,-0.15351277589797974,0.9999046921730042,0.45244064927101135,0.5435937643051147,-0.1406104415655136,0.9890352487564087,0.5511844754219055,0.5303421020507812,-0.12326855212450027,0.9817783236503601,0.46566858887672424,0.4592531621456146,-0.2238173633813858,0.9856992959976196,0.5446106791496277,0.43901556730270386,-0.19616509974002838,0.9693092703819275,0.4649917185306549,0.4296647012233734,-0.25344669818878174,0.9694696664810181,0.5461165904998779,0.4119192361831665,-0.22079743444919586,0.9403630495071411,0.4707965552806854,0.43280261754989624,-0.2739720046520233,0.9705113172531128,0.538584291934967,0.41526150703430176,-0.24306045472621918,0.9416930675506592,0.4731106162071228,0.4430951476097107,-0.23295049369335175,0.9599084258079529,0.5364421606063843,0.4229625165462494,-0.2055879533290863,0.9285731911659241,0.4844560921192169,0.4647558331489563,-0.0001822054764488712,0.999773383140564,0.5253182649612427,0.46398574113845825,0.00021308142459020019,0.9997228980064392,0.47868481278419495,0.3544922173023224,-0.1790936142206192,0.9883986711502075,0.5306535363197327,0.35172194242477417,-0.16302166879177094,0.9869194030761719,0.4757004976272583,0.22792737185955048,-0.0956556424498558,0.9823237657546997,0.5281566381454468,0.2265048325061798,-0.06998836249113083,0.9812465310096741,0.47940152883529663,0.20635676383972168,-0.09319911152124405,0.854670524597168,0.5255446434020996,0.2093018740415573,-0.06642953306436539,0.8580260276794434,0.47790005803108215,0.1973171979188919,-0.20133881270885468,0.975737452507019,0.5231845378875732,0.1869775652885437,-0.17168958485126495,0.9733808636665344
yena_pick_up_normal_05,102,34,3.400425,29.996250468691414,10,0.5021713972091675,0.6560310125350952,-0.3562261164188385,0.9999719262123108,0.49757882952690125,0.6708192229270935,-0.34663406014442444,0.9999052286148071,0.49479883909225464,0.6719823479652405,-0.34663358330726624,0.9999018311500549,0.49219173192977905,0.6729241013526917,-0.3466755151748657,0.9998925924301147,0.50660640001297,0.6698139309883118,-0.3468654453754425,0.9998869895935059,0.5098963975906372,0.6704295873641968,-0.3469446897506714,0.9998772740364075,0.5130392909049988,0.6710398197174072,-0.3469369113445282,0.9998716115951538,0.4876757562160492,0.6748602986335754,-0.25365182757377625,0.999806821346283,0.5161039233207703,0.6723621487617493,-0.25481146574020386,0.9997573494911194,0.49733221530914307,0.644408106803894,-0.3177068531513214,0.9999651908874512,0.5077188014984131,0.6423249840736389,-0.3181168735027313,0.9999613165855408,0.46583110094070435,0.6185370683670044,-0.16654281318187714,0.9999655485153198,0.5387185215950012,0.6132982969284058,-0.16551551222801208,0.9999133944511414,0.45269137620925903,0.5280290842056274,-0.13527259230613708,0.9896723628044128,0.5511530041694641,0.5136557817459106,-0.13596636056900024,0.9831233620643616,0.465476393699646,0.4456413686275482,-0.20824049413204193,0.9853752255439758,0.5439557433128357,0.4238831698894501,-0.20452579855918884,0.9701230525970459,0.4646066725254059,0.4166887104511261,-0.23566566407680511,0.967921257019043,0.5452568531036377,0.39739447832107544,-0.22915339469909668,0.9404367804527283,0.47069695591926575,0.41956084966659546,-0.2567247450351715,0.969068706035614,0.5378328561782837,0.3996613621711731,-0.2500431537628174,0.9419594407081604,0.47273173928260803,0.4290052056312561,-0.2172791063785553,0.9581219553947449,0.5356127023696899,0.40872398018836975,-0.2132026106119156,0.9290719032287598,0.4846244156360626,0.4575349688529968,-0.00035153745557181537,0.999786376953125,0.5254049301147461,0.45529940724372864,0.0003997060703113675,0.9997351765632629,0.4783651530742645,0.35841208696365356,-0.23100219666957855,0.9876830577850342,0.532532274723053,0.35524147748947144,-0.2268480807542801,0.9863854646682739,0.47510406374931335,0.22508220374584198,-0.10543633997440338,0.9813079237937927,0.5281692147254944,0.22677916288375854,-0.09710785001516342,0.9803950786590576,0.4790513813495636,0.20653373003005981,-0.09877269715070724,0.8578714728355408,0.525044322013855,0.21024149656295776,-0.0892704501748085,0.8610455393791199,0.476310133934021,0.1961984634399414,-0.2117069512605667,0.9744098782539368,0.5268915891647339,0.18719911575317383,-0.2015557736158371,0.9726244807243347
yena_pick_up_normal_05,105,35,3.5004375,29.996250468691414,10,0.5021750330924988,0.6344086527824402,-0.3296296298503876,0.999974250793457,0.49748900532722473,0.6488257646560669,-0.3205562233924866,0.9999132752418518,0.49473750591278076,0.649689793586731,-0.3205553889274597,0.9999100565910339,0.4920401871204376,0.6506591439247131,-0.32059037685394287,0.9999016523361206,0.5065861940383911,0.6482636332511902,-0.3210606575012207,0.9998964071273804,0.509894073009491,0.6487846374511719,-0.3211338222026825,0.9998875856399536,0.5130367875099182,0.6494392156600952,-0.3211337924003601,0.9998826384544373,0.4874240756034851,0.6535453796386719,-0.23189431428909302,0.9998241066932678,0.5161141157150269,0.6515710949897766,-0.2339106649160385,0.9997795224189758,0.49731025099754333,0.6230230331420898,-0.2927676737308502,0.9999683499336243,0.5076995491981506,0.6212058663368225,-0.2933991849422455,0.9999648928642273,0.4656672477722168,0.6006290316581726,-0.15020346641540527,0.9999687671661377,0.539120614528656,0.5939783453941345,-0.1535273641347885,0.9999210238456726,0.4526991844177246,0.5133043527603149,-0.12069182097911835,0.9902047514915466,0.5511687397956848,0.49513283371925354,-0.1285727173089981,0.9843713045120239,0.46527254581451416,0.4337010383605957,-0.2045881450176239,0.9851742386817932,0.5430303812026978,0.4069836139678955,-0.19487601518630981,0.9704954624176025,0.46452707052230835,0.40625861287117004,-0.2241513580083847,0.966821551322937,0.5436086058616638,0.3783687353134155,-0.21860557794570923,0.939899206161499,0.47055912017822266,0.4093303680419922,-0.23912762105464935,0.9681313633918762,0.5362443923950195,0.380892813205719,-0.23872533440589905,0.9417360424995422,0.4724721610546112,0.41788074374198914,-0.20777858793735504,0.9571282863616943,0.534198522567749,0.39076167345046997,-0.2032005786895752,0.9291513562202454,0.4843362271785736,0.4440993666648865,0.00012081412569386885,0.9997967481613159,0.5254057049751282,0.4384515881538391,-2.760271127044689e-05,0.999742329120636,0.4775863289833069,0.35797038674354553,-0.24286699295043945,0.9866089820861816,0.5341672301292419,0.3553319275379181,-0.22667185962200165,0.9848756790161133,0.4745931923389435,0.22651268541812897,-0.10250287503004074,0.9780873656272888,0.5282584428787231,0.226893350481987,-0.09457327425479889,0.977264404296875,0.47891703248023987,0.2113025039434433,-0.09326139092445374,0.8563342094421387,0.5251067280769348,0.210540309548378,-0.08563948422670364,0.8570079207420349,0.4732227027416229,0.1959013044834137,-0.1952345222234726,0.9705166220664978,0.5270928740501404,0.18695944547653198,-0.19079571962356567,0.9691060781478882
yena_pick_up_normal_05,108,36,3.60045,29.996250468691414,10,0.5021834373474121,0.6144726872444153,-0.32548588514328003,0.9999764561653137,0.49747809767723083,0.6289108395576477,-0.31753507256507874,0.999920666217804,0.49471139907836914,0.6300612688064575,-0.3175185024738312,0.9999175071716309,0.4919750988483429,0.6310724020004272,-0.31756412982940674,0.9999096989631653,0.5066290497779846,0.6283261775970459,-0.3179885447025299,0.9999052882194519,0.5100697875022888,0.6290605068206787,-0.318071186542511,0.9998974204063416,0.5131698250770569,0.6298572421073914,-0.31808581948280334,0.9998931288719177,0.48727521300315857,0.6346096992492676,-0.23270177841186523,0.9998394250869751,0.5163520574569702,0.6323974132537842,-0.23418760299682617,0.9998002648353577,0.49730542302131653,0.602662205696106,-0.28951725363731384,0.9999712109565735,0.5077133774757385,0.6008892059326172,-0.29004141688346863,0.9999681711196899,0.4649600386619568,0.5816683769226074,-0.14830662310123444,0.9999715089797974,0.5394881367683411,0.5750480890274048,-0.16187337040901184,0.9999281167984009,0.4529661536216736,0.4949704110622406,-0.11362537741661072,0.9902545809745789,0.5512558221817017,0.4775773286819458,-0.1472572535276413,0.9855668544769287,0.4651394784450531,0.4213549792766571,-0.17258691787719727,0.9842318892478943,0.5419631600379944,0.3904307186603546,-0.20900383591651917,0.9716932773590088,0.4643143117427826,0.3961258828639984,-0.19262155890464783,0.9645096063613892,0.5425546765327454,0.3608466386795044,-0.2314729392528534,0.9413584470748901,0.470498651266098,0.3988981246948242,-0.2085360586643219,0.9660710692405701,0.5352402925491333,0.3628069758415222,-0.24784740805625916,0.9432751536369324,0.4723391532897949,0.4070460796356201,-0.1785963475704193,0.9547968506813049,0.5332774519920349,0.3724951148033142,-0.21551789343357086,0.9309588074684143,0.4841086268424988,0.42823711037635803,0.0006475789123214781,0.999805212020874,0.5255736708641052,0.423862099647522,-0.0005722899222746491,0.9997501969337463,0.47564736008644104,0.3508118987083435,-0.2328377515077591,0.9856413006782532,0.5355508327484131,0.34774288535118103,-0.21192285418510437,0.9834530353546143,0.47393444180488586,0.22654983401298523,-0.06047115474939346,0.9752569794654846,0.5283991694450378,0.22710323333740234,-0.052753496915102005,0.9752957820892334,0.47914525866508484,0.21227103471755981,-0.04759608954191208,0.8546639084815979,0.5250927209854126,0.2107708603143692,-0.04049159958958626,0.8545026183128357,0.4716072082519531,0.19420339167118073,-0.13837817311286926,0.9662143588066101,0.5287682414054871,0.1854371726512909,-0.1362704336643219,0.9662853479385376
yena_pick_up_normal_05,111,37,3.7004625,29.996250468691414,10,0.5023314952850342,0.5951521396636963,-0.31977272033691406,0.9999784827232361,0.49747607111930847,0.6097884774208069,-0.3123401403427124,0.9999274015426636,0.4947020411491394,0.6110333800315857,-0.31232091784477234,0.9999244213104248,0.4919727146625519,0.6120753884315491,-0.312359482049942,0.999917209148407,0.5068342089653015,0.6089608073234558,-0.3125942647457123,0.9999133348464966,0.5103746056556702,0.6097928285598755,-0.3126729428768158,0.9999063014984131,0.5133455395698547,0.6107255220413208,-0.3126853108406067,0.999902606010437,0.4872592091560364,0.6161156892776489,-0.23188644647598267,0.9998533725738525,0.5166226029396057,0.6136342883110046,-0.23229029774665833,0.999818742275238,0.49734872579574585,0.583838701248169,-0.2850962281227112,0.9999738335609436,0.5077803134918213,0.5820624232292175,-0.28537705540657043,0.9999711513519287,0.464862197637558,0.5653859972953796,-0.1544455885887146,0.9999740719795227,0.5398503541946411,0.5567743182182312,-0.1612185537815094,0.9999343752861023,0.45305880904197693,0.47877514362335205,-0.12530900537967682,0.990364670753479,0.5515037775039673,0.4597300589084625,-0.1462150514125824,0.9866412281990051,0.4651159644126892,0.4081858992576599,-0.1798965483903885,0.9834994673728943,0.5414498448371887,0.37404441833496094,-0.20188018679618835,0.9726409912109375,0.46411892771720886,0.3837641477584839,-0.19880710542201996,0.9626066088676453,0.5424920320510864,0.3433927893638611,-0.22279377281665802,0.9421976804733276,0.47020384669303894,0.38638734817504883,-0.2193652242422104,0.9644250869750977,0.5350465178489685,0.3463720679283142,-0.23896120488643646,0.9442114233970642,0.4722355306148529,0.39382144808769226,-0.1800876259803772,0.9530624747276306,0.5329442620277405,0.35599276423454285,-0.20779947936534882,0.9320788979530334,0.48393744230270386,0.41940346360206604,0.00012564941425807774,0.9998140931129456,0.5255947709083557,0.4149508774280548,-8.801796502666548e-05,0.9997594356536865,0.4751957058906555,0.34552955627441406,-0.23928113281726837,0.9854135513305664,0.5367021560668945,0.3380337953567505,-0.2071109265089035,0.9826368093490601,0.4735904037952423,0.2293124943971634,-0.05901293456554413,0.9746800661087036,0.5284383893013,0.22653470933437347,-0.04526007920503616,0.975249707698822,0.47899264097213745,0.21775364875793457,-0.044810667634010315,0.8560834527015686,0.5249759554862976,0.21099266409873962,-0.03235911950469017,0.8565908074378967,0.47130489349365234,0.1927044838666916,-0.13024726510047913,0.9652745723724365,0.5277073979377747,0.1824321448802948,-0.12283032387495041,0.9661174416542053
yena_pick_up_normal_05,114,38,3.800475,29.996250468691414,10,0.5026336908340454,0.5780511498451233,-0.31879284977912903,0.9999803900718689,0.49758240580558777,0.5924878716468811,-0.31229907274246216,0.9999338984489441,0.4947468936443329,0.5937739610671997,-0.31226789951324463,0.9999310970306396,0.49201467633247375,0.5948665142059326,-0.3123069703578949,0.9999244213104248,0.5074556469917297,0.5917253494262695,-0.31214624643325806,0.9999210834503174,0.5109401941299438,0.5925421714782715,-0.3122258484363556,0.999914824962616,0.5137268900871277,0.5932976603507996,-0.3122382164001465,0.9999115467071533,0.4872499406337738,0.59881991147995,-0.23619641363620758,0.9998666644096375,0.5170515775680542,0.596125602722168,-0.23412173986434937,0.9998359680175781,0.4974050521850586,0.5669407844543457,-0.28586170077323914,0.9999763369560242,0.5079524517059326,0.5651977062225342,-0.2854467034339905,0.9999738931655884,0.4647393226623535,0.5494975447654724,-0.1640293151140213,0.9999764561653137,0.5398467779159546,0.5438084006309509,-0.17066669464111328,0.9999400973320007,0.4529760181903839,0.4670948088169098,-0.13770435750484467,0.9902510643005371,0.5514665842056274,0.4474948048591614,-0.15876904129981995,0.9876327514648438,0.4650532007217407,0.39862060546875,-0.19346758723258972,0.9824235439300537,0.5403947830200195,0.35976800322532654,-0.21142147481441498,0.9733277559280396,0.4639400243759155,0.37402018904685974,-0.2102840393781662,0.9603298306465149,0.5416357517242432,0.32892295718193054,-0.23138739168643951,0.9425213932991028,0.4700450003147125,0.3777153193950653,-0.21997466683387756,0.96234530210495,0.5338745713233948,0.3311085104942322,-0.24431824684143066,0.9445047378540039,0.47215333580970764,0.38526055216789246,-0.196678027510643,0.9506929516792297,0.5316972136497498,0.33952948451042175,-0.2163676768541336,0.9323497414588928,0.48382365703582764,0.40732061862945557,1.965681258297991e-05,0.99982750415802,0.5257938504219055,0.40518519282341003,2.9771475965389982e-05,0.9997746348381042,0.4729275703430176,0.3386164903640747,-0.23662608861923218,0.9858972430229187,0.5399830937385559,0.3243827223777771,-0.21626904606819153,0.9830555319786072,0.4733627438545227,0.23159314692020416,-0.03765276446938515,0.9751015305519104,0.5284104943275452,0.23144163191318512,-0.01637629233300686,0.974962592124939,0.4792172610759735,0.22300714254379272,-0.021481502801179886,0.8576664328575134,0.5239779949188232,0.22695688903331757,0.00017320232291240245,0.8576976656913757,0.4702930450439453,0.19162043929100037,-0.12307056784629822,0.9654204249382019,0.5274950265884399,0.18247947096824646,-0.08288834244012833,0.9657135009765625
yena_pick_up_normal_05,117,39,3.9004875,29.996250468691414,10,0.5027084946632385,0.5609045028686523,-0.3038845956325531,0.9999821782112122,0.49758782982826233,0.5750904679298401,-0.3003178834915161,0.9999399185180664,0.49474477767944336,0.5763584971427917,-0.3002573549747467,0.9999372959136963,0.4920137822628021,0.5775250792503357,-0.30029037594795227,0.9999311566352844,0.5075194835662842,0.5745529532432556,-0.2997681498527527,0.9999282956123352,0.5110060572624207,0.5755274891853333,-0.29985281825065613,0.9999227523803711,0.5137481093406677,0.5764292478561401,-0.29987066984176636,0.9999198913574219,0.4872168004512787,0.5818882584571838,-0.22982758283615112,0.9998788833618164,0.5171224474906921,0.5795602798461914,-0.22808067500591278,0.9998518228530884,0.4974561333656311,0.5498814582824707,-0.2756102979183197,0.9999786019325256,0.5079715251922607,0.5489732027053833,-0.27442118525505066,0.999976396560669,0.46456918120384216,0.5345451831817627,-0.15839678049087524,0.9999786019325256,0.5396252274513245,0.5306090712547302,-0.1699717938899994,0.9999455809593201,0.4531468451023102,0.45360156893730164,-0.1268635243177414,0.9897748827934265,0.5512088537216187,0.43459805846214294,-0.15949606895446777,0.9886488914489746,0.4650573432445526,0.39065268635749817,-0.16435544192790985,0.980311930179596,0.5388004779815674,0.3472968339920044,-0.2070588618516922,0.974555253982544,0.4638085961341858,0.3661922812461853,-0.17811940610408783,0.9560458660125732,0.5403493046760559,0.3161739706993103,-0.2259381264448166,0.9441424012184143,0.4698356091976166,0.370362788438797,-0.19053275883197784,0.9584726691246033,0.5320241451263428,0.3180660307407379,-0.23984673619270325,0.9461387395858765,0.47200918197631836,0.3779568672180176,-0.16857437789440155,0.946627676486969,0.5298090577125549,0.32570880651474,-0.2113582193851471,0.9342631101608276,0.4837425649166107,0.39564281702041626,0.0004452142457012087,0.999841570854187,0.5258837342262268,0.3942198157310486,-0.0004774052940774709,0.9997907280921936,0.4718470573425293,0.3325085937976837,-0.2147819697856903,0.9862998723983765,0.5397052764892578,0.30284079909324646,-0.17668655514717102,0.9831802248954773,0.47328898310661316,0.23594661056995392,-0.02676994726061821,0.9749542474746704,0.5285282731056213,0.23183481395244598,0.029773425310850143,0.9717034697532654,0.4797298312187195,0.23044374585151672,-0.011377941817045212,0.8553926944732666,0.524013876914978,0.22989116609096527,0.05046198144555092,0.8479932546615601,0.4700656533241272,0.1913490891456604,-0.07792752236127853,0.9649733901023865,0.5272701978683472,0.18200449645519257,0.00015923118917271495,0.9618793725967407
yena_pick_up_normal_05,120,40,4.0005,29.996250468691414,10,0.5027132630348206,0.5456250309944153,-0.3083977699279785,0.9999836087226868,0.4975515902042389,0.5598447322845459,-0.3046535551548004,0.9999448657035828,0.4946984052658081,0.5610701441764832,-0.30460458993911743,0.9999423027038574,0.4919406771659851,0.5622100830078125,-0.3046424686908722,0.9999363422393799,0.5075147151947021,0.5595044493675232,-0.30496862530708313,0.9999342560768127,0.5110012888908386,0.5605151057243347,-0.30505460500717163,0.9999294281005859,0.5137451887130737,0.5614760518074036,-0.30507713556289673,0.9999269247055054,0.4870452582836151,0.5665683746337891,-0.2336038053035736,0.9998889565467834,0.5171468257904053,0.5646344423294067,-0.23463207483291626,0.9998657703399658,0.49748292565345764,0.5344361066818237,-0.2794216275215149,0.9999805092811584,0.5079753398895264,0.5340249538421631,-0.2794211208820343,0.9999785423278809,0.4646497070789337,0.5220381021499634,-0.15574762225151062,0.9999803304672241,0.5395607352256775,0.5161916613578796,-0.17900437116622925,0.9999502301216125,0.4531647264957428,0.4455936551094055,-0.12096219509840012,0.9891466498374939,0.550365149974823,0.41906312108039856,-0.1648431122303009,0.9895656704902649,0.46509692072868347,0.38827401399612427,-0.16572141647338867,0.9780837893486023,0.5361953377723694,0.33278343081474304,-0.21742653846740723,0.9758766293525696,0.4637163579463959,0.3639189600944519,-0.1818815916776657,0.9521340131759644,0.5374822020530701,0.30289939045906067,-0.2377459853887558,0.9464499354362488,0.46968457102775574,0.3684377670288086,-0.19536982476711273,0.9547213315963745,0.528617262840271,0.3050667345523834,-0.248981773853302,0.948369026184082,0.47190114855766296,0.3768521249294281,-0.17089012265205383,0.9426230192184448,0.5266236662864685,0.3124915659427643,-0.22154371440410614,0.9368143081665039,0.48408380150794983,0.38282057642936707,0.0043502445332705975,0.9998536705970764,0.5267665386199951,0.3811713755130768,-0.004390188027173281,0.9998044967651367,0.4686153531074524,0.3237564265727997,-0.19958867132663727,0.9864193797111511,0.5396915078163147,0.28782588243484497,-0.1768948882818222,0.9831706881523132,0.473916620016098,0.24066193401813507,0.009561496786773205,0.9731855392456055,0.5296671986579895,0.23208405077457428,0.04687369614839554,0.9663512706756592,0.48186489939689636,0.23536145687103271,0.02957460843026638,0.8554348349571228,0.525753378868103,0.23283281922340393,0.06870182603597641,0.836704432964325,0.4701119661331177,0.1913922131061554,-0.020266873762011528,0.9617452025413513,0.5272324681282043,0.18206046521663666,0.022733189165592194,0.9534348845481873
yena_pick_up_normal_05,123,41,4.1005125,29.996250468691414,10,0.5026828050613403,0.532292366027832,-0.27122509479522705,0.9999850392341614,0.4973612129688263,0.5468248724937439,-0.26752445101737976,0.9999497532844543,0.4945337176322937,0.547966480255127,-0.2674848437309265,0.9999473690986633,0.4916923940181732,0.5491097569465637,-0.26753655076026917,0.9999416470527649,0.5074368715286255,0.5462712645530701,-0.2678537964820862,0.9999402165412903,0.5109420418739319,0.5471745133399963,-0.2679249942302704,0.9999359846115112,0.5136503577232361,0.5480511784553528,-0.26793766021728516,0.9999337196350098,0.48670053482055664,0.5537569522857666,-0.20443479716777802,0.9998987317085266,0.5170775651931763,0.5513575077056885,-0.2049059420824051,0.9998787641525269,0.4974752366542816,0.5217127203941345,-0.2432747483253479,0.9999822974205017,0.5079718232154846,0.5207768678665161,-0.24342243373394012,0.9999805688858032,0.4648980498313904,0.5111615657806396,-0.13655027747154236,0.9999818801879883,0.5392276644706726,0.5061088800430298,-0.17160621285438538,0.9999545216560364,0.45297378301620483,0.43730470538139343,-0.09753359109163284,0.9876611232757568,0.5482639074325562,0.40678301453590393,-0.152891144156456,0.9903185367584229,0.4650709927082062,0.38459160923957825,-0.1337195187807083,0.9757343530654907,0.5329144597053528,0.31948426365852356,-0.209602490067482,0.9769449234008789,0.4636523425579071,0.35887348651885986,-0.14670808613300323,0.9487967491149902,0.5322024822235107,0.29202044010162354,-0.2239197939634323,0.9484732151031494,0.4696502387523651,0.3642371594905853,-0.15954287350177765,0.951467752456665,0.5234822630882263,0.29580989480018616,-0.22982963919639587,0.9502632021903992,0.4718489348888397,0.372177392244339,-0.13831229507923126,0.9393104314804077,0.522417426109314,0.30337291955947876,-0.20819200575351715,0.9391248822212219,0.4840652644634247,0.3724040985107422,0.004467140417546034,0.9998650550842285,0.5268976092338562,0.3700977563858032,-0.004516946617513895,0.999818742275238,0.4657650589942932,0.3195466101169586,-0.19055575132369995,0.9870674014091492,0.5426483750343323,0.2832997739315033,-0.17752523720264435,0.984108030796051,0.4748559594154358,0.24218834936618805,0.006013510283082724,0.9727027416229248,0.5295158624649048,0.2417057752609253,0.042349521070718765,0.9637496471405029,0.4830058515071869,0.23673991858959198,0.023692425340414047,0.8578432202339172,0.5245836973190308,0.24806825816631317,0.06403639912605286,0.8313246965408325,0.4699789583683014,0.1913863569498062,-0.018574310466647148,0.9604634642601013,0.5272305011749268,0.18499784171581268,0.03335604444146156,0.9492610692977905
yena_pick_up_normal_05,126,42,4.200525,29.996250468691414,10,0.5027315616607666,0.5219201445579529,-0.25017043948173523,0.9999860525131226,0.49732866883277893,0.5359152555465698,-0.24761463701725006,0.9999531507492065,0.4944966733455658,0.5366368293762207,-0.24757996201515198,0.9999510049819946,0.49161970615386963,0.5375827550888062,-0.2476222813129425,0.9999448657035828,0.5074235200881958,0.5355814099311829,-0.24742165207862854,0.9999445676803589,0.5109204649925232,0.5361872315406799,-0.2474830150604248,0.9999410510063171,0.5135798454284668,0.5369501113891602,-0.24749048054218292,0.99993896484375,0.48646605014801025,0.5426501035690308,-0.18969793617725372,0.9999047517776489,0.5168870091438293,0.5411362648010254,-0.18745653331279755,0.9998897314071655,0.4974763095378876,0.5113333463668823,-0.2240864336490631,0.9999836087226868,0.5079746842384338,0.510683536529541,-0.22344732284545898,0.9999822378158569,0.46536335349082947,0.5017250180244446,-0.12789590656757355,0.9999829530715942,0.5384442806243896,0.4982905685901642,-0.15261809527873993,0.9999582171440125,0.45280221104621887,0.4339311718940735,-0.10127060115337372,0.984474241733551,0.5452985167503357,0.3947143256664276,-0.14661456644535065,0.9909304976463318,0.4659091532230377,0.38615989685058594,-0.15439125895500183,0.9717680215835571,0.5302757024765015,0.3086378872394562,-0.17759114503860474,0.9780953526496887,0.46373510360717773,0.3587407171726227,-0.17225562036037445,0.943858802318573,0.5287736654281616,0.2801090180873871,-0.19361422955989838,0.9507954716682434,0.47019657492637634,0.3644789159297943,-0.1851220428943634,0.9467073678970337,0.5201391577720642,0.2836580276489258,-0.20233272016048431,0.9524306654930115,0.47274357080459595,0.3725622892379761,-0.16026373207569122,0.9344766139984131,0.5194222331047058,0.2908822298049927,-0.1795985996723175,0.9418964982032776,0.48584938049316406,0.3639834225177765,0.00460078613832593,0.9998744130134583,0.5272682309150696,0.36172690987586975,-0.004664279520511627,0.9998294711112976,0.4646689295768738,0.3247149884700775,-0.1733846217393875,0.9872661828994751,0.5437971353530884,0.298931360244751,-0.17767706513404846,0.9847031235694885,0.47492343187332153,0.24498140811920166,0.0019613413605839014,0.971663773059845,0.5294063687324524,0.2505700886249542,0.03553120046854019,0.9608817100524902,0.48330411314964294,0.23671294748783112,0.01782413199543953,0.8574507236480713,0.5244541764259338,0.2515360116958618,0.05377517640590668,0.8256372809410095,0.46935805678367615,0.191599503159523,-0.02438337728381157,0.9582177996635437,0.5272225737571716,0.18909688293933868,0.022772612050175667,0.9458494782447815
yena_pick_up_normal_05,129,43,4.3005375,29.996250468691414,10,0.5025845170021057,0.5143221020698547,-0.24661339819431305,0.9999862313270569,0.49693822860717773,0.5271977186203003,-0.24449747800827026,0.999954104423523,0.4939592182636261,0.5280511975288391,-0.24446891248226166,0.9999518394470215,0.4909859001636505,0.5292420983314514,-0.24450752139091492,0.9999443888664246,0.5071603059768677,0.5273799300193787,-0.24441410601139069,0.9999458193778992,0.5106290578842163,0.5283247232437134,-0.2444600611925125,0.999943196773529,0.513243556022644,0.5296123027801514,-0.2444583624601364,0.9999414682388306,0.48553910851478577,0.5360567569732666,-0.18577821552753448,0.9999046325683594,0.5163835287094116,0.5356402397155762,-0.1837739199399948,0.9998976588249207,0.4973517060279846,0.5039893984794617,-0.21980500221252441,0.9999843239784241,0.5078028440475464,0.5037694573402405,-0.21921788156032562,0.9999833703041077,0.46536052227020264,0.49766895174980164,-0.12123145163059235,0.9999840259552002,0.5377576351165771,0.49267324805259705,-0.14078179001808167,0.999961256980896,0.45280689001083374,0.43104249238967896,-0.10049720108509064,0.9817201495170593,0.5433942079544067,0.38698938488960266,-0.1272556334733963,0.9913715720176697,0.4659556746482849,0.38262200355529785,-0.1576862335205078,0.9689481854438782,0.5286785960197449,0.30291488766670227,-0.16292181611061096,0.979115903377533,0.4635393023490906,0.35706523060798645,-0.1752585917711258,0.940586507320404,0.5270492434501648,0.27340230345726013,-0.17983737587928772,0.9529579877853394,0.4701041579246521,0.3626718819141388,-0.18639707565307617,0.9435421824455261,0.5186099410057068,0.27611348032951355,-0.1908877193927765,0.9544506072998047,0.47271206974983215,0.37064141035079956,-0.16239415109157562,0.9311803579330444,0.5178611278533936,0.2837447226047516,-0.16635757684707642,0.9443874359130859,0.48608076572418213,0.35839346051216125,0.004274057224392891,0.999882161617279,0.52739417552948,0.35599660873413086,-0.004326385911554098,0.9998363852500916,0.46375834941864014,0.32652121782302856,-0.1745031774044037,0.9871191382408142,0.5464087724685669,0.3040969967842102,-0.1766555905342102,0.9847655892372131,0.47539302706718445,0.24350425601005554,0.0006691115559078753,0.97011399269104,0.5293759703636169,0.2478947937488556,0.03160962462425232,0.9577633142471313,0.4837750792503357,0.23485387861728668,0.015415612608194351,0.8569538593292236,0.523565411567688,0.251568078994751,0.0505622997879982,0.8226078152656555,0.4694293141365051,0.19150486588478088,-0.02770070917904377,0.9553207159042358,0.5266710519790649,0.19006262719631195,0.014094659127295017,0.9425240159034729
yena_pick_up_normal_05,132,44,4.40055,29.996250468691414,10,0.5020204782485962,0.5121411681175232,-0.2640804946422577,0.9999852180480957,0.49611857533454895,0.5251399278640747,-0.26062434911727905,0.9999503493309021,0.49312499165534973,0.5258303880691528,-0.260597825050354,0.9999468922615051,0.49010464549064636,0.5269198417663574,-0.2606395184993744,0.9999356269836426,0.5066763758659363,0.5258285999298096,-0.26077109575271606,0.9999428391456604,0.5102879405021667,0.5272054076194763,-0.2608286142349243,0.9999421834945679,0.5129779577255249,0.5287841558456421,-0.26083824038505554,0.9999414086341858,0.48454752564430237,0.532486081123352,-0.19568412005901337,0.9998916983604431,0.515974223613739,0.534381628036499,-0.19469499588012695,0.9999029040336609,0.49690183997154236,0.5011664628982544,-0.2351493239402771,0.999984085559845,0.5076118111610413,0.5019254088401794,-0.2349315732717514,0.9999840259552002,0.46520915627479553,0.49484771490097046,-0.1224769875407219,0.9999843835830688,0.5375837087631226,0.48768672347068787,-0.14224912226200104,0.9999638199806213,0.4526013135910034,0.4270431697368622,-0.08581516146659851,0.9784517288208008,0.5424770712852478,0.38005268573760986,-0.12892524898052216,0.9918299913406372,0.46596261858940125,0.37914690375328064,-0.13224545121192932,0.9635452628135681,0.527506947517395,0.2971339523792267,-0.17421847581863403,0.9801889657974243,0.4634527862071991,0.3551243841648102,-0.1467929631471634,0.9335703253746033,0.5259594321250916,0.26897650957107544,-0.1928287148475647,0.955201268196106,0.46999591588974,0.36098480224609375,-0.1576860249042511,0.936631977558136,0.5175312757492065,0.2715955376625061,-0.20462647080421448,0.9565948843955994,0.47264528274536133,0.36898356676101685,-0.136307030916214,0.9232093691825867,0.5167180299758911,0.27925625443458557,-0.17825518548488617,0.9468749761581421,0.48639819025993347,0.35536476969718933,0.005022963043302298,0.9998865127563477,0.5279824733734131,0.351523756980896,-0.005063468590378761,0.9998393058776855,0.46357616782188416,0.32619720697402954,-0.17513936758041382,0.9868459105491638,0.5462176203727722,0.30575600266456604,-0.18216408789157867,0.9842650294303894,0.475406676530838,0.24523960053920746,0.012976575642824173,0.9679880738258362,0.529445469379425,0.24777202308177948,0.02732282318174839,0.9542858004570007,0.48355069756507874,0.23765674233436584,0.03089115396142006,0.8533890247344971,0.5241597890853882,0.24763311445713043,0.04999253526329994,0.8185871243476868,0.46950599551200867,0.19169984757900238,-0.010907275602221489,0.9511967301368713,0.5252634882926941,0.18988408148288727,0.005537080112844706,0.9386778473854065
yena_pick_up_normal_05,135,45,4.5005625,29.996250468691414,10,0.5003681778907776,0.5104954838752747,-0.2604895532131195,0.9999842643737793,0.49480140209198,0.5235151648521423,-0.2559424042701721,0.9999460577964783,0.491871178150177,0.5240656733512878,-0.25592947006225586,0.999941885471344,0.48883339762687683,0.5248491168022156,-0.25598421692848206,0.9999263882637024,0.5051443576812744,0.5245130062103271,-0.25633957982063293,0.9999394416809082,0.5086256861686707,0.5258435010910034,-0.2564016878604889,0.999940812587738,0.511470377445221,0.5274251103401184,-0.25642186403274536,0.9999406337738037,0.483717143535614,0.529538631439209,-0.18729184567928314,0.9998791813850403,0.5147085785865784,0.53200364112854,-0.18744081258773804,0.9999075531959534,0.49593308568000793,0.49974337220191956,-0.2303025871515274,0.9999839663505554,0.506451427936554,0.500895082950592,-0.23039373755455017,0.9999846816062927,0.46495336294174194,0.49115458130836487,-0.11101499944925308,0.9999847412109375,0.5362386703491211,0.48515963554382324,-0.1402226984500885,0.9999659657478333,0.45240822434425354,0.42464256286621094,-0.07823529094457626,0.9762377142906189,0.5413121581077576,0.3760092854499817,-0.1298719048500061,0.992171585559845,0.46593204140663147,0.3783550560474396,-0.12904204428195953,0.9605252146720886,0.526020884513855,0.29266518354415894,-0.17640256881713867,0.9811206459999084,0.4634259045124054,0.3554324209690094,-0.14510901272296906,0.9291166663169861,0.5251811146736145,0.26473376154899597,-0.19567722082138062,0.9571756720542908,0.4699384272098541,0.36119580268859863,-0.1560908704996109,0.9322562217712402,0.516666054725647,0.26706722378730774,-0.2074034959077835,0.9584732055664062,0.4725843667984009,0.3689807951450348,-0.13330724835395813,0.917626142501831,0.5155724883079529,0.275369793176651,-0.1803550124168396,0.9489627480506897,0.4866965413093567,0.35136374831199646,0.006075740326195955,0.9998896718025208,0.5279768705368042,0.34829527139663696,-0.006100052036345005,0.9998419284820557,0.4629991948604584,0.32253050804138184,-0.1855188012123108,0.9869701266288757,0.5468851923942566,0.30681338906288147,-0.20167984068393707,0.9842802286148071,0.4755973517894745,0.2445797622203827,0.009684945456683636,0.9667537212371826,0.5297476649284363,0.24682629108428955,-4.5571348891826347e-05,0.9539633989334106,0.4834637939929962,0.23623217642307281,0.024326128885149956,0.8542750477790833,0.5242905020713806,0.24732951819896698,0.020366882905364037,0.8203089237213135,0.46950724720954895,0.19165556132793427,-0.027683241292834282,0.9487515091896057,0.5248913764953613,0.18791137635707855,-0.028716741129755974,0.9382972121238708
yena_pick_up_normal_05,138,46,4.600575,29.996250468691414,10,0.49952083826065063,0.510130763053894,-0.24817371368408203,0.9999832510948181,0.49409741163253784,0.5231932401657104,-0.24379537999629974,0.999941349029541,0.4912024736404419,0.5238101482391357,-0.24378381669521332,0.9999365210533142,0.4881799519062042,0.5245956778526306,-0.2438323199748993,0.99991774559021,0.5042123198509216,0.52375328540802,-0.24390821158885956,0.99993497133255,0.5075315833091736,0.5248363614082336,-0.24396105110645294,0.9999381899833679,0.5104029178619385,0.5260915756225586,-0.2439766675233841,0.9999388456344604,0.4829653799533844,0.5289475321769714,-0.1784237176179886,0.9998635053634644,0.5137613415718079,0.5305245518684387,-0.176841601729393,0.9999101758003235,0.49533551931381226,0.49928537011146545,-0.21939702332019806,0.9999836683273315,0.5056928396224976,0.5002222061157227,-0.21895676851272583,0.9999850988388062,0.4643397033214569,0.48767828941345215,-0.10458777099847794,0.9999852180480957,0.5350354313850403,0.48320910334587097,-0.13268664479255676,0.9999678134918213,0.452409952878952,0.4198189377784729,-0.07917874306440353,0.9752100706100464,0.5404409170150757,0.3722963035106659,-0.1230546087026596,0.9925193190574646,0.46590855717658997,0.3769587576389313,-0.1377103477716446,0.9598965048789978,0.5249860882759094,0.28740155696868896,-0.16973532736301422,0.9820998907089233,0.46343085169792175,0.3546362519264221,-0.1553441882133484,0.9286821484565735,0.5246840715408325,0.25888291001319885,-0.18930856883525848,0.9591948986053467,0.46989238262176514,0.36073392629623413,-0.16594059765338898,0.9318980574607849,0.5161173939704895,0.2605176270008087,-0.20105886459350586,0.9604203104972839,0.4725381135940552,0.36833590269088745,-0.14203661680221558,0.9168425798416138,0.5146732330322266,0.2685531675815582,-0.17368032038211823,0.9513038396835327,0.4868118166923523,0.34780746698379517,0.0063826474361121655,0.9998931884765625,0.5279852151870728,0.3447435796260834,-0.006387160159647465,0.9998445510864258,0.4634264409542084,0.32250288128852844,-0.1790340095758438,0.9870614409446716,0.5465488433837891,0.30735722184181213,-0.19306112825870514,0.9842826724052429,0.4758066236972809,0.24389216303825378,0.007308064494282007,0.9658655524253845,0.5309450626373291,0.2474985420703888,0.006528125144541264,0.9520469307899475,0.4834207594394684,0.23578676581382751,0.023409439250826836,0.8534493446350098,0.5259592533111572,0.24520795047283173,0.02638075314462185,0.8193488717079163,0.4695892632007599,0.19208647310733795,-0.023532243445515633,0.9464136362075806,0.5249632596969604,0.19044481217861176,-0.02634608745574951,0.9360319375991821
yena_pick_up_normal_05,141,47,4.7005875,29.996250468691414,10,0.4988225996494293,0.509252667427063,-0.24357981979846954,0.9999831914901733,0.4936266839504242,0.5226703882217407,-0.23926743865013123,0.9999411106109619,0.4907788336277008,0.5233615636825562,-0.23925353586673737,0.9999358654022217,0.48782485723495483,0.5243629217147827,-0.2392975389957428,0.9999168515205383,0.5034352540969849,0.5229535102844238,-0.23939505219459534,0.9999349117279053,0.5067173838615417,0.5239362120628357,-0.23944231867790222,0.9999384880065918,0.5096421837806702,0.5249326229095459,-0.23945027589797974,0.9999398589134216,0.48254984617233276,0.5296853184700012,-0.1754167675971985,0.9998599290847778,0.513141930103302,0.5298407673835754,-0.17349524796009064,0.9999138712882996,0.4947625994682312,0.49854645133018494,-0.21545563638210297,0.9999838471412659,0.5050916075706482,0.4993151128292084,-0.21490316092967987,0.9999855160713196,0.46403074264526367,0.48678719997406006,-0.10236296057701111,0.9999861121177673,0.5339336395263672,0.4820745885372162,-0.13041287660598755,0.9999694228172302,0.4524024426937103,0.41934600472450256,-0.07364118099212646,0.9746149182319641,0.5392259955406189,0.3714962601661682,-0.12066246569156647,0.9928407073020935,0.4658834636211395,0.3771001398563385,-0.1305159479379654,0.9598850011825562,0.5241070985794067,0.284742534160614,-0.16798098385334015,0.9829753041267395,0.4634130895137787,0.354239821434021,-0.1474788933992386,0.929168164730072,0.5240378379821777,0.256613165140152,-0.18769274652004242,0.9610311388969421,0.4697970747947693,0.3606175482273102,-0.15863829851150513,0.9324814081192017,0.5160907506942749,0.25774937868118286,-0.19969314336776733,0.9622093439102173,0.4724103808403015,0.3682062327861786,-0.13500837981700897,0.9173806309700012,0.5146320462226868,0.26604315638542175,-0.17214268445968628,0.9534915685653687,0.48721104860305786,0.3471723198890686,0.006118801422417164,0.9998999834060669,0.5280964374542236,0.34400296211242676,-0.006123964209109545,0.9998507499694824,0.46361732482910156,0.32212892174720764,-0.17765198647975922,0.9873353838920593,0.5465174317359924,0.3055194020271301,-0.1638043373823166,0.984225869178772,0.4759388267993927,0.24345029890537262,-0.001571427914313972,0.9655736684799194,0.5315700173377991,0.24827679991722107,0.04469303414225578,0.947514533996582,0.4833488166332245,0.23598678410053253,0.01454536709934473,0.8521390557289124,0.5266892313957214,0.24439702928066254,0.06589905172586441,0.8119913935661316,0.46991395950317383,0.19209349155426025,-0.029964547604322433,0.9453467726707458,0.5249854922294617,0.19304445385932922,0.03268411383032799,0.9308606386184692
yena_pick_up_normal_05,144,48,4.8006,29.996250468691414,10,0.4980807304382324,0.509084939956665,-0.23963387310504913,0.9999823570251465,0.493172287940979,0.522786021232605,-0.2355869561433792,0.9999384880065918,0.4903391897678375,0.5237266421318054,-0.23557358980178833,0.999932050704956,0.4874759614467621,0.524920642375946,-0.23561571538448334,0.9999127388000488,0.50286865234375,0.522847592830658,-0.23603253066539764,0.9999324679374695,0.5061988830566406,0.523659348487854,-0.2360718548297882,0.9999358057975769,0.50920569896698,0.5246598124504089,-0.2360667884349823,0.9999383091926575,0.4822987914085388,0.530302107334137,-0.17293505370616913,0.9998478889465332,0.5128369927406311,0.5291773676872253,-0.17233555018901825,0.9999139308929443,0.4940541088581085,0.4988802373409271,-0.21181991696357727,0.9999828338623047,0.504531979560852,0.49899372458457947,-0.21161343157291412,0.999984860420227,0.4639275372028351,0.4874475598335266,-0.09923943132162094,0.9999867677688599,0.5338191390037537,0.4800724685192108,-0.1291254460811615,0.9999703764915466,0.4524351954460144,0.4210529923439026,-0.06817581504583359,0.9731682538986206,0.5382428765296936,0.3701446056365967,-0.11715071648359299,0.993096113204956,0.46584463119506836,0.37743839621543884,-0.12362217903137207,0.9584162831306458,0.5234166979789734,0.283304363489151,-0.16132822632789612,0.9835643172264099,0.4634043276309967,0.3546221852302551,-0.140430748462677,0.9272712469100952,0.523487389087677,0.2546851933002472,-0.18055252730846405,0.9622510671615601,0.4697745144367218,0.36090072989463806,-0.15242479741573334,0.9308308959007263,0.5158732533454895,0.25602173805236816,-0.1929919272661209,0.9634090065956116,0.47236573696136475,0.36819857358932495,-0.12857094407081604,0.9158591628074646,0.5143815279006958,0.26440247893333435,-0.16569600999355316,0.9550469517707825,0.48749715089797974,0.34837639331817627,0.00632523326203227,0.9999066591262817,0.5281451940536499,0.34428325295448303,-0.006314761005342007,0.9998555779457092,0.4639601409435272,0.32231348752975464,-0.18350733816623688,0.9869661927223206,0.5463685989379883,0.30406513810157776,-0.1324404627084732,0.9830619096755981,0.4761035740375519,0.2409968376159668,-0.03586677834391594,0.962926983833313,0.5325688719749451,0.24744731187820435,0.06427089869976044,0.9373049736022949,0.48331302404403687,0.2335958182811737,-0.02198014035820961,0.8482586145401001,0.5280072093009949,0.24373860657215118,0.08403585106134415,0.7967477440834045,0.4700847864151001,0.19184370338916779,-0.06517206877470016,0.9420261383056641,0.5253934264183044,0.19295600056648254,0.053328633308410645,0.9190965890884399
yena_pick_up_normal_05,147,49,4.9006125,29.996250468691414,10,0.497880756855011,0.5080782175064087,-0.2462463229894638,0.9999814629554749,0.4930071234703064,0.5217621922492981,-0.24228814244270325,0.9999351501464844,0.4902249574661255,0.522734522819519,-0.24227233231067657,0.9999275803565979,0.48737964034080505,0.5240083336830139,-0.24231669306755066,0.9999072551727295,0.5025959610939026,0.5219743251800537,-0.24268072843551636,0.9999294281005859,0.5059400200843811,0.5228615999221802,-0.24272491037845612,0.9999330043792725,0.5090107917785645,0.5240505933761597,-0.24272380769252777,0.999936580657959,0.4822362959384918,0.5298422574996948,-0.1786659061908722,0.9998353719711304,0.5127144455909729,0.5293743014335632,-0.17790772020816803,0.9999142289161682,0.49387189745903015,0.4978831112384796,-0.2180015593767166,0.9999820590019226,0.5043275952339172,0.49821776151657104,-0.21777388453483582,0.9999844431877136,0.4639039933681488,0.48831814527511597,-0.10377257317304611,0.9999874234199524,0.5338059067726135,0.48057544231414795,-0.13267405331134796,0.9999713897705078,0.4526214301586151,0.4223138988018036,-0.06924565136432648,0.9718794822692871,0.5378336310386658,0.37049227952957153,-0.12070334702730179,0.9933211207389832,0.46578720211982727,0.37802648544311523,-0.12020158022642136,0.9569019675254822,0.5227534174919128,0.2825983762741089,-0.16653123497962952,0.9840598702430725,0.46340054273605347,0.3552342653274536,-0.1360805183649063,0.9254216551780701,0.5225574970245361,0.25393542647361755,-0.18600864708423615,0.9632959365844727,0.46971797943115234,0.3611360192298889,-0.14843204617500305,0.9291678667068481,0.5152832269668579,0.2549141049385071,-0.1985802799463272,0.9644437432289124,0.472314715385437,0.36817723512649536,-0.12513098120689392,0.9141277074813843,0.5138731002807617,0.26318737864494324,-0.17098800837993622,0.9563766121864319,0.4875985383987427,0.3489428758621216,0.006175756920129061,0.9999126195907593,0.5281630754470825,0.34491074085235596,-0.006172163411974907,0.9998601078987122,0.46416157484054565,0.3229229748249054,-0.18965476751327515,0.9870900511741638,0.5465050339698792,0.30342116951942444,-0.14034394919872284,0.9824531078338623,0.4761607348918915,0.2409118115901947,-0.03389360383152962,0.9616949558258057,0.5325982570648193,0.2478003352880478,0.06079206243157387,0.930378258228302,0.48320305347442627,0.23348771035671234,-0.01919247768819332,0.8453827500343323,0.5279973149299622,0.24309997260570526,0.08099356293678284,0.7860668897628784,0.4701113700866699,0.19182099401950836,-0.06442873924970627,0.9401723146438599,0.5258063673973083,0.19343523681163788,0.048943307250738144,0.9113485813140869
yena_pick_up_normal_05,150,50,5.000624999999999,29.996250468691414,10,0.49794331192970276,0.5091153979301453,-0.2345145046710968,0.9999799728393555,0.4929748773574829,0.522722065448761,-0.23077425360679626,0.9999291300773621,0.4902362525463104,0.5236719250679016,-0.23076628148555756,0.9999211430549622,0.487422376871109,0.524817168712616,-0.23081371188163757,0.9998987913131714,0.5025197863578796,0.5230566263198853,-0.23097023367881775,0.9999217987060547,0.5058554410934448,0.5239771008491516,-0.2310095727443695,0.9999266266822815,0.5089075565338135,0.5253278613090515,-0.23100513219833374,0.9999310374259949,0.482282817363739,0.5303979516029358,-0.1678970903158188,0.9998193383216858,0.512538731098175,0.530808687210083,-0.16647815704345703,0.9999101161956787,0.4938138723373413,0.49894359707832336,-0.20651456713676453,0.9999815225601196,0.5043279528617859,0.4992731213569641,-0.20610885322093964,0.9999842643737793,0.46390897035598755,0.4889417886734009,-0.098301000893116,0.9999880790710449,0.5337801575660706,0.4816351532936096,-0.11838651448488235,0.9999718070030212,0.4526587426662445,0.42277804017066956,-0.07444342970848083,0.9717547297477722,0.5378519296646118,0.3726625144481659,-0.10508180409669876,0.9931768178939819,0.4657781720161438,0.3782668709754944,-0.12809017300605774,0.9576412439346313,0.5231670141220093,0.2847960591316223,-0.1499626189470291,0.983985424041748,0.46342045068740845,0.35510045289993286,-0.1416386216878891,0.9270332455635071,0.5231295228004456,0.2563183307647705,-0.16845890879631042,0.9633060097694397,0.46970412135124207,0.3611086308956146,-0.15660497546195984,0.930814802646637,0.5158781409263611,0.2573632299900055,-0.18153999745845795,0.9645204544067383,0.4723040461540222,0.3681459426879883,-0.13334044814109802,0.9158388376235962,0.5144726037979126,0.2661770284175873,-0.15453346073627472,0.9566448926925659,0.4875164031982422,0.34674787521362305,0.005220736376941204,0.9999125599861145,0.5280948877334595,0.3435229957103729,-0.00517536886036396,0.9998540282249451,0.4643092155456543,0.3245146572589874,-0.18937215209007263,0.9873930215835571,0.5467706918716431,0.3036167621612549,-0.17755292356014252,0.9824277758598328,0.47615668177604675,0.2408568263053894,-0.025305530056357384,0.9618030786514282,0.5328565239906311,0.24740014970302582,-0.0020310720428824425,0.9313615560531616,0.48290225863456726,0.23351410031318665,-0.010110361501574516,0.8456689715385437,0.5281949639320374,0.24267180263996124,0.0154269365593791,0.7897490859031677,0.47057029604911804,0.19179633259773254,-0.05907087400555611,0.9395610690116882,0.5263863801956177,0.19441093504428864,-0.03109537437558174,0.9129692316055298
yena_pick_up_normal_05,153,51,5.1006374999999995,29.996250468691414,10,0.49782630801200867,0.5127293467521667,-0.23676012456417084,0.9999794363975525,0.49281564354896545,0.5269404649734497,-0.2326788306236267,0.9999269843101501,0.49012577533721924,0.5278391242027283,-0.23266907036304474,0.9999191761016846,0.487346351146698,0.528867244720459,-0.23271444439888,0.9998963475227356,0.5025572180747986,0.5269089937210083,-0.23325373232364655,0.9999185800552368,0.5059552788734436,0.5277944803237915,-0.23329465091228485,0.99992436170578,0.5089573264122009,0.5289598107337952,-0.2332853525876999,0.9999286532402039,0.482353150844574,0.5328763127326965,-0.16868895292282104,0.9998143911361694,0.5126165747642517,0.5333660244941711,-0.16934911906719208,0.9999090433120728,0.49368345737457275,0.5020284056663513,-0.20839153230190277,0.9999816417694092,0.5043401718139648,0.5020492672920227,-0.2085925042629242,0.9999845623970032,0.4639509618282318,0.4902713894844055,-0.10155821591615677,0.9999887943267822,0.5338032841682434,0.48283523321151733,-0.11892810463905334,0.999972403049469,0.45279639959335327,0.42282044887542725,-0.07615336775779724,0.9726729989051819,0.5380076766014099,0.3767460286617279,-0.10219085961580276,0.9930047988891602,0.4659242033958435,0.3779964745044708,-0.14149771630764008,0.959479570388794,0.5238198041915894,0.2875150442123413,-0.1472148597240448,0.9837279319763184,0.46350839734077454,0.3546016812324524,-0.16107329726219177,0.9300829172134399,0.5237758755683899,0.2597106993198395,-0.1660993993282318,0.9630376696586609,0.4698394238948822,0.36105018854141235,-0.17290133237838745,0.9337310791015625,0.5162498950958252,0.26089808344841003,-0.17932838201522827,0.9643077850341797,0.4724849462509155,0.3680385649204254,-0.14645323157310486,0.9190610647201538,0.5148329734802246,0.2696644365787506,-0.15194852650165558,0.9564921855926514,0.4874911904335022,0.34930846095085144,0.0042092022486031055,0.9999110698699951,0.5280269384384155,0.3466596305370331,-0.004136205185204744,0.9998477101325989,0.46441230177879333,0.32491180300712585,-0.19100552797317505,0.9877321720123291,0.5474410653114319,0.3042156994342804,-0.19203294813632965,0.9824947118759155,0.4761509597301483,0.2405724674463272,-0.025466984137892723,0.9620766043663025,0.5331634879112244,0.24734658002853394,-0.022151857614517212,0.9333177208900452,0.4823542535305023,0.23341819643974304,-0.010357423685491085,0.846116304397583,0.5284209847450256,0.24111181497573853,-0.005685137584805489,0.794433057308197,0.4714285433292389,0.19131265580654144,-0.06136889010667801,0.9393274784088135,0.5271746516227722,0.19409824907779694,-0.05693521350622177,0.915543794631958
yena_pick_up_normal_05,156,52,5.2006499999999996,29.996250468691414,10,0.4979301393032074,0.5156980156898499,-0.23560801148414612,0.9999788999557495,0.4928811192512512,0.5297927260398865,-0.23179884254932404,0.999923825263977,0.490182489156723,0.5306081175804138,-0.23178665339946747,0.9999164938926697,0.48740154504776,0.5316211581230164,-0.2318280190229416,0.9998907446861267,0.5026777982711792,0.5299169421195984,-0.2323267012834549,0.9999142289161682,0.5062004327774048,0.5308336615562439,-0.2323722094297409,0.9999217987060547,0.508992075920105,0.5319715738296509,-0.2323717176914215,0.9999252557754517,0.48239168524742126,0.5356389880180359,-0.16715453565120697,0.9998066425323486,0.512984037399292,0.5362165570259094,-0.16783134639263153,0.9999081492424011,0.4937349855899811,0.5046573877334595,-0.20680730044841766,0.9999818801879883,0.5044003129005432,0.5044941902160645,-0.20704595744609833,0.999984860420227,0.4639546573162079,0.4915955066680908,-0.0984104722738266,0.9999893307685852,0.5341306924819946,0.4859912395477295,-0.11822276562452316,0.9999732971191406,0.45281296968460083,0.4237525165081024,-0.0757385715842247,0.9729770421981812,0.5382890701293945,0.3794843554496765,-0.1024344265460968,0.9928556084632874,0.465794175863266,0.37902894616127014,-0.14164644479751587,0.9603896141052246,0.5242106914520264,0.2911347448825836,-0.14954406023025513,0.9834359884262085,0.4633801579475403,0.355390340089798,-0.1612689346075058,0.9318934082984924,0.5241720080375671,0.2629541754722595,-0.16858908534049988,0.9627542495727539,0.4697057008743286,0.36166903376579285,-0.17300817370414734,0.9354876279830933,0.5166059136390686,0.26440978050231934,-0.18162848055362701,0.9640686511993408,0.4723811149597168,0.36881712079048157,-0.1465883105993271,0.920828640460968,0.51518315076828,0.273273229598999,-0.1540340930223465,0.9561475515365601,0.4872957468032837,0.34982064366340637,0.003785948036238551,0.9999114274978638,0.528072714805603,0.3477524220943451,-0.0037091511767357588,0.9998448491096497,0.4644933342933655,0.32717517018318176,-0.19673863053321838,0.9879113435745239,0.5472613573074341,0.3048950433731079,-0.19852899014949799,0.9824172854423523,0.47611263394355774,0.24025613069534302,-0.025439023971557617,0.9617907404899597,0.5330614447593689,0.2467242181301117,-0.011844228021800518,0.9327621459960938,0.4819848835468292,0.2334022969007492,-0.00986222643405199,0.8460590839385986,0.5283718705177307,0.24092064797878265,0.006453380919992924,0.7955355048179626,0.47201645374298096,0.19052071869373322,-0.061962272971868515,0.93818598985672,0.5266258120536804,0.19350072741508484,-0.04270809888839722,0.9152165651321411
yena_pick_up_normal_05,159,53,5.3006625,29.996250468691414,10,0.49789848923683167,0.5184293985366821,-0.2315775752067566,0.9999787211418152,0.49286285042762756,0.5318390727043152,-0.22760255634784698,0.9999221563339233,0.49014726281166077,0.5328974723815918,-0.22759340703487396,0.9999155402183533,0.4874245524406433,0.5338490009307861,-0.2276340276002884,0.9998878240585327,0.5027273297309875,0.5319221019744873,-0.22862443327903748,0.9999118447303772,0.5062702894210815,0.5329887866973877,-0.22867128252983093,0.9999209046363831,0.509066641330719,0.5340799689292908,-0.22867411375045776,0.999923050403595,0.48246240615844727,0.5372357964515686,-0.16204603016376495,0.9998049736022949,0.5131833553314209,0.5367090702056885,-0.16543768346309662,0.9999087452888489,0.4936942160129547,0.5059390068054199,-0.20241045951843262,0.9999823570251465,0.5044242143630981,0.5051031708717346,-0.20342843234539032,0.99998539686203,0.46410372853279114,0.4927730858325958,-0.09673862904310226,0.9999898672103882,0.5344881415367126,0.48647037148475647,-0.1148674488067627,0.9999738931655884,0.4532163739204407,0.42514336109161377,-0.07737328857183456,0.973665714263916,0.5384463667869568,0.38097095489501953,-0.099862240254879,0.9925627708435059,0.46569952368736267,0.37923118472099304,-0.15022581815719604,0.9619889259338379,0.524668276309967,0.2972561717033386,-0.14720988273620605,0.9828256964683533,0.4632454812526703,0.3559727370738983,-0.17158660292625427,0.9346010088920593,0.5242747068405151,0.2704261541366577,-0.16629506647586823,0.9620611071586609,0.4696430265903473,0.3621279001235962,-0.1834256798028946,0.9380777478218079,0.5169059038162231,0.27218976616859436,-0.178910493850708,0.9634249806404114,0.4723673462867737,0.3693667948246002,-0.15550392866134644,0.923755943775177,0.5156607031822205,0.2799455523490906,-0.15154729783535004,0.9553454518318176,0.48718297481536865,0.3514256179332733,0.00301629607565701,0.9999054074287415,0.5280618667602539,0.3487268090248108,-0.0029282153118401766,0.9998346567153931,0.46454161405563354,0.3288767635822296,-0.20692966878414154,0.9878933429718018,0.5482529997825623,0.3115171790122986,-0.2108718454837799,0.9822919368743896,0.4759519696235657,0.2399536669254303,-0.03631176799535751,0.9611977338790894,0.5332590341567993,0.24462726712226868,-0.040144383907318115,0.9350522756576538,0.48154130578041077,0.2332555651664734,-0.020932640880346298,0.8477397561073303,0.5282824635505676,0.23830990493297577,-0.023893076926469803,0.8023564219474792,0.4720824062824249,0.19046953320503235,-0.07726854830980301,0.9371805191040039,0.5275282263755798,0.19336579740047455,-0.08263707906007767,0.9177529215812683
yena_pick_up_normal_05,162,54,5.400675,29.996250468691414,10,0.4979918301105499,0.528678297996521,-0.23359236121177673,0.999979555606842,0.4928779602050781,0.5419036746025085,-0.2301187962293625,0.9999246597290039,0.4901749789714813,0.5428673624992371,-0.23010005056858063,0.9999185800552368,0.4874490797519684,0.5439404845237732,-0.23013877868652344,0.9998906850814819,0.5029768347740173,0.5427656173706055,-0.2310429960489273,0.9999147057533264,0.506481409072876,0.544127881526947,-0.23108918964862823,0.9999242424964905,0.5091502070426941,0.5455031394958496,-0.23109230399131775,0.9999257922172546,0.482498437166214,0.5480921864509583,-0.16707482933998108,0.9998129606246948,0.5135037302970886,0.5478567481040955,-0.16941215097904205,0.9999134540557861,0.4937026798725128,0.5150400996208191,-0.20549432933330536,0.9999833106994629,0.5046481490135193,0.5156172513961792,-0.20636920630931854,0.9999862313270569,0.4641055762767792,0.5000423192977905,-0.09687774628400803,0.9999904036521912,0.53548264503479,0.4965938925743103,-0.11951611191034317,0.9999754428863525,0.45421311259269714,0.42559289932250977,-0.07818078994750977,0.974230945110321,0.5395843982696533,0.38987064361572266,-0.10475068539381027,0.9925294518470764,0.46546077728271484,0.3795291781425476,-0.14725685119628906,0.9627942442893982,0.52684086561203,0.3101649582386017,-0.15204448997974396,0.9826330542564392,0.46277961134910583,0.35590583086013794,-0.16862429678440094,0.9361735582351685,0.525776207447052,0.2824115753173828,-0.1713862270116806,0.9621979594230652,0.46931904554367065,0.3621263802051544,-0.1815810650587082,0.9395230412483215,0.5186271667480469,0.28494226932525635,-0.18396659195423126,0.9635939002037048,0.47217828035354614,0.36959895491600037,-0.15319956839084625,0.9255883693695068,0.5175167918205261,0.29165273904800415,-0.15649154782295227,0.9556195735931396,0.4870181381702423,0.3587973117828369,0.0016930216224864125,0.9999038577079773,0.5280793309211731,0.35743576288223267,-0.0016053518047556281,0.9998335242271423,0.4648159444332123,0.3301774561405182,-0.20595203340053558,0.9880372881889343,0.5480545163154602,0.3122061789035797,-0.19769792258739471,0.9821416139602661,0.47552788257598877,0.23941995203495026,-0.03318116068840027,0.9604170322418213,0.533557116985321,0.24259312450885773,-0.020056014880537987,0.9350951313972473,0.4808042645454407,0.23311536014080048,-0.017615068703889847,0.8453476428985596,0.5288611650466919,0.2376474142074585,-0.003159069223329425,0.8041495084762573,0.47213369607925415,0.1892194151878357,-0.07061620056629181,0.9349410533905029,0.5284625887870789,0.1932433694601059,-0.0537521168589592,0.917294442653656
yena_pick_up_normal_05,165,55,5.5006875,29.996250468691414,10,0.49810752272605896,0.5464704632759094,-0.26673367619514465,0.9999809265136719,0.4929717779159546,0.5593976974487305,-0.2609136402606964,0.9999298453330994,0.4902479946613312,0.5602784752845764,-0.2608944773674011,0.9999241232872009,0.4876016676425934,0.5613635778427124,-0.2609475553035736,0.9998984932899475,0.5030981302261353,0.5602558255195618,-0.26189059019088745,0.9999204874038696,0.506492018699646,0.5617005228996277,-0.26195400953292847,0.9999294877052307,0.5091646313667297,0.5630142092704773,-0.2619675099849701,0.9999310970306396,0.48284831643104553,0.5656933188438416,-0.1903110295534134,0.9998273849487305,0.5135112404823303,0.5658341646194458,-0.19352982938289642,0.9999197721481323,0.4937721788883209,0.5346460938453674,-0.23611171543598175,0.9999845623970032,0.5047403573989868,0.535990834236145,-0.23712769150733948,0.9999872446060181,0.4641050696372986,0.5146475434303284,-0.12446678429841995,0.9999909996986389,0.5367017388343811,0.5101163387298584,-0.1378004252910614,0.9999765157699585,0.4547896385192871,0.43421685695648193,-0.09386155754327774,0.9753671884536743,0.5419965386390686,0.40818119049072266,-0.1253853589296341,0.9925433397293091,0.46538403630256653,0.3811385929584503,-0.1514957845211029,0.9638860821723938,0.5300906300544739,0.32685115933418274,-0.1784910410642624,0.9824861884117126,0.4624095857143402,0.35600540041923523,-0.17131604254245758,0.9375202059745789,0.5299572348594666,0.3003717362880707,-0.19901618361473083,0.9619821906089783,0.4689416289329529,0.36235862970352173,-0.1853589564561844,0.9408507347106934,0.5220601558685303,0.30254077911376953,-0.21160706877708435,0.9633700847625732,0.47190314531326294,0.36983561515808105,-0.15750356018543243,0.9270617961883545,0.5208488702774048,0.3109424114227295,-0.1834142804145813,0.955021321773529,0.48599085211753845,0.3724299669265747,0.0004288583295419812,0.9999064207077026,0.5276669263839722,0.3709160387516022,-0.0004049452254548669,0.9998369216918945,0.46701347827911377,0.32545211911201477,-0.2220781445503235,0.9883268475532532,0.546610951423645,0.3167440891265869,-0.19610992074012756,0.9820631146430969,0.4752734899520874,0.23941172659397125,-0.03038116544485092,0.9610100388526917,0.5334966778755188,0.24257072806358337,-0.010496212169528008,0.9380232095718384,0.4806216359138489,0.23330090939998627,-0.01554565317928791,0.8446205854415894,0.5289399027824402,0.23776476085186005,0.007047852035611868,0.8089186549186707,0.4721319079399109,0.18922854959964752,-0.06857214868068695,0.9360826015472412,0.5312286615371704,0.1931595355272293,-0.04847019165754318,0.9209074974060059
yena_pick_up_normal_05,168,56,5.6007,29.996250468691414,10,0.4983316957950592,0.5639063119888306,-0.28932058811187744,0.9999822974205017,0.4931143820285797,0.5771496295928955,-0.28225040435791016,0.9999349117279053,0.4903208017349243,0.5781821608543396,-0.28223782777786255,0.999929666519165,0.4878135025501251,0.5794847011566162,-0.28229206800460815,0.9999062418937683,0.5033272504806519,0.5777022838592529,-0.2829636037349701,0.9999259114265442,0.5066878199577332,0.5789063572883606,-0.2830285429954529,0.9999343156814575,0.5093135237693787,0.5802240967750549,-0.2830412685871124,0.9999359250068665,0.4830924868583679,0.5834431648254395,-0.2060924470424652,0.9998414516448975,0.5136951804161072,0.5845521092414856,-0.2084050327539444,0.9999253749847412,0.4938333332538605,0.5527109503746033,-0.25689372420310974,0.9999858140945435,0.5048964619636536,0.5535599589347839,-0.25764572620391846,0.9999882578849792,0.4638838469982147,0.5300783514976501,-0.1394728273153305,0.9999916553497314,0.5368125438690186,0.5282992124557495,-0.14533577859401703,0.9999774098396301,0.45494693517684937,0.4456344246864319,-0.11407019197940826,0.9769091606140137,0.5445225238800049,0.4300607144832611,-0.12953591346740723,0.9925124049186707,0.4653424024581909,0.38148233294487,-0.17911496758460999,0.9652050733566284,0.5338510274887085,0.34662067890167236,-0.1864718496799469,0.9817200303077698,0.4624098837375641,0.3559570908546448,-0.20137937366962433,0.9389786720275879,0.5356875061988831,0.32026001811027527,-0.20766077935695648,0.9603443145751953,0.46892473101615906,0.36236414313316345,-0.21624372899532318,0.9423364996910095,0.5267103314399719,0.3212542235851288,-0.22176028788089752,0.9617890119552612,0.47184762358665466,0.3699656128883362,-0.18556097149848938,0.928560197353363,0.5248895883560181,0.3300367593765259,-0.19217324256896973,0.9526194334030151,0.48414626717567444,0.38636213541030884,-0.0005569974309764802,0.9999091029167175,0.5270705819129944,0.38726937770843506,0.0005593275418505073,0.9998396039009094,0.46954864263534546,0.32558271288871765,-0.23048141598701477,0.9886476397514343,0.5433710813522339,0.32481318712234497,-0.20662516355514526,0.9821202754974365,0.4752177298069,0.23983490467071533,-0.027973176911473274,0.9624325633049011,0.5333551168441772,0.2425825595855713,-0.012039757333695889,0.9417792558670044,0.4806324243545532,0.2341938316822052,-0.009447681717574596,0.8461066484451294,0.5288985371589661,0.23823320865631104,0.00533261988312006,0.8156853914260864,0.47231367230415344,0.189361572265625,-0.07416530698537827,0.9385541677474976,0.5319343209266663,0.19308294355869293,-0.06627494841814041,0.9255680441856384
yena_pick_up_normal_05,171,57,5.7007125,29.996250468691414,10,0.4984053373336792,0.5823088884353638,-0.28445708751678467,0.9999837279319763,0.4931943714618683,0.5966489911079407,-0.2775222063064575,0.999940037727356,0.4903506934642792,0.5975756049156189,-0.2775064706802368,0.9999353289604187,0.48801562190055847,0.5984110832214355,-0.27756011486053467,0.9999140501022339,0.5033823847770691,0.5967357754707336,-0.27826204895973206,0.9999315142631531,0.5067297220230103,0.5979105234146118,-0.2783247232437134,0.9999393224716187,0.5093542337417603,0.5992169380187988,-0.27834150195121765,0.9999408721923828,0.48332178592681885,0.6003520488739014,-0.20157550275325775,0.9998552799224854,0.5137020349502563,0.602402925491333,-0.20393387973308563,0.9999310970306396,0.49385198950767517,0.5705142021179199,-0.2520264983177185,0.9999870657920837,0.5049046277999878,0.5708827376365662,-0.2528492510318756,0.9999892711639404,0.46387192606925964,0.5458973050117493,-0.13727082312107086,0.999992311000824,0.5368057489395142,0.5464212894439697,-0.14207611978054047,0.9999784231185913,0.45497357845306396,0.4579375386238098,-0.11523538082838058,0.9783555269241333,0.5463589429855347,0.4484204649925232,-0.1276768296957016,0.9922078847885132,0.46590474247932434,0.38221603631973267,-0.17977410554885864,0.9663630723953247,0.5357540845870972,0.3626459538936615,-0.18360969424247742,0.9798359274864197,0.46314966678619385,0.35589373111724854,-0.2015099674463272,0.94021075963974,0.5379684567451477,0.3358624577522278,-0.20398277044296265,0.9566497206687927,0.46981847286224365,0.3623077869415283,-0.21617597341537476,0.9436346888542175,0.5290253162384033,0.33802661299705505,-0.2185945212841034,0.9582067728042603,0.47252947092056274,0.37012091279029846,-0.1860360950231552,0.9298290610313416,0.5268216133117676,0.3470054566860199,-0.18936675786972046,0.9477778077125549,0.48369449377059937,0.3982522785663605,-0.0019387443317100406,0.9999129176139832,0.5265759229660034,0.40056538581848145,0.0019133896566927433,0.999845027923584,0.47282272577285767,0.3281516134738922,-0.23831063508987427,0.9892603158950806,0.5426746606826782,0.335578978061676,-0.22142340242862701,0.9827858805656433,0.4751529097557068,0.24212691187858582,-0.034046471118927,0.9649808406829834,0.5333975553512573,0.24410733580589294,-0.025417478755116463,0.9462800025939941,0.4803611934185028,0.23441292345523834,-0.016344016417860985,0.8513932228088379,0.5288766622543335,0.23870213329792023,-0.00822488684207201,0.8252946138381958,0.47265633940696716,0.19064055383205414,-0.0938405841588974,0.9426376819610596,0.532872200012207,0.19168636202812195,-0.08694737404584885,0.931143045425415
yena_pick_up_normal_05,174,58,5.800725,29.996250468691414,10,0.4993700385093689,0.602916419506073,-0.29240715503692627,0.9999849200248718,0.4942992925643921,0.6163753271102905,-0.2851947844028473,0.9999443292617798,0.4912162125110626,0.617087185382843,-0.2851882874965668,0.9999401569366455,0.4888882040977478,0.6179122924804688,-0.2852511405944824,0.9999208450317383,0.5042316317558289,0.616898238658905,-0.28496116399765015,0.9999357461929321,0.5072194933891296,0.61774742603302,-0.28501561284065247,0.9999430179595947,0.5097395181655884,0.6186019778251648,-0.28503063321113586,0.9999445080757141,0.48424139618873596,0.6201674342155457,-0.20693336427211761,0.9998676180839539,0.5137085318565369,0.6207982897758484,-0.20502667129039764,0.9999350309371948,0.4942620098590851,0.5907770991325378,-0.2592181861400604,0.9999881982803345,0.5052290558815002,0.5900329947471619,-0.2587551772594452,0.9999901056289673,0.4638341963291168,0.5620508193969727,-0.14093591272830963,0.9999929666519165,0.5367543697357178,0.5648324489593506,-0.1403299868106842,0.9999790191650391,0.4551839828491211,0.47098308801651,-0.11933330446481705,0.979931116104126,0.5466929078102112,0.4655463397502899,-0.12052728235721588,0.9913740754127502,0.467528373003006,0.3876432478427887,-0.18620596826076508,0.9678304195404053,0.5369794368743896,0.38155725598335266,-0.17941239476203918,0.9769163727760315,0.46549245715141296,0.35802793502807617,-0.20945140719413757,0.9421118497848511,0.5390958189964294,0.3553556799888611,-0.20012705028057098,0.9516518712043762,0.47164058685302734,0.36371710896492004,-0.22535130381584167,0.9455376863479614,0.5304458737373352,0.3575817942619324,-0.2161870300769806,0.9533934593200684,0.4747559428215027,0.37218162417411804,-0.19284750521183014,0.9317930936813354,0.5279482007026672,0.36502745747566223,-0.185651496052742,0.9413060545921326,0.48378559947013855,0.4096480906009674,-0.003245807019993663,0.9999162554740906,0.5264900922775269,0.41257843375205994,0.0032396912574768066,0.9998470544815063,0.47682589292526245,0.33067673444747925,-0.24251453578472137,0.989871621131897,0.5419450402259827,0.344184547662735,-0.22433248162269592,0.9836052060127258,0.47533097863197327,0.24391546845436096,-0.04113154113292694,0.9676290154457092,0.5335944890975952,0.24507223069667816,-0.0314798541367054,0.950610339641571,0.4799523949623108,0.23436281085014343,-0.02467092126607895,0.8577200174331665,0.5290231108665466,0.23973818123340607,-0.015228950418531895,0.8347806930541992,0.4735596477985382,0.1926431804895401,-0.11361953616142273,0.9467347860336304,0.5332154631614685,0.19176159799098969,-0.10474579781293869,0.9364311099052429
yena_pick_up_normal_05,177,59,5.9007375,29.996250468691414,10,0.49961546063423157,0.6246265172958374,-0.3235306143760681,0.9999854564666748,0.4945783019065857,0.6375652551651001,-0.3145323097705841,0.9999456405639648,0.49142220616340637,0.6383875608444214,-0.31454378366470337,0.999941885471344,0.4891335666179657,0.6394716501235962,-0.3146016299724579,0.9999242424964905,0.5044931173324585,0.6378795504570007,-0.31391850113868713,0.9999358654022217,0.5074242949485779,0.6386467218399048,-0.31398335099220276,0.9999425411224365,0.5099272131919861,0.6396676301956177,-0.31401240825653076,0.9999443292617798,0.48471900820732117,0.6414304971694946,-0.22911348938941956,0.9998757243156433,0.51371830701828,0.6417932510375977,-0.2254636436700821,0.9999335408210754,0.49433284997940063,0.612241804599762,-0.28811073303222656,0.9999887943267822,0.5053179264068604,0.6114917993545532,-0.2872304618358612,0.9999904632568359,0.4639286696910858,0.5809831023216248,-0.1561754047870636,0.9999933838844299,0.5367305278778076,0.5845552682876587,-0.147049680352211,0.9999790787696838,0.4562719166278839,0.4816298186779022,-0.13563625514507294,0.9813822507858276,0.5464583039283752,0.48418912291526794,-0.12442626059055328,0.990999698638916,0.46839210391044617,0.3971177339553833,-0.21391424536705017,0.9691787958145142,0.536866307258606,0.4043648838996887,-0.1970529705286026,0.9757170081138611,0.46627911925315857,0.3676816523075104,-0.24038390815258026,0.9438460469245911,0.5391470193862915,0.37900838255882263,-0.22108139097690582,0.949322521686554,0.4724038541316986,0.371565580368042,-0.2590821385383606,0.9472319483757019,0.5312566161155701,0.3822563588619232,-0.2405678927898407,0.9512518048286438,0.47562509775161743,0.37981677055358887,-0.22193118929862976,0.933247983455658,0.5286431312561035,0.38929128646850586,-0.20516900718212128,0.9378544092178345,0.4838275611400604,0.4245048463344574,-0.0029592097271233797,0.9999163150787354,0.5263124704360962,0.4275692403316498,0.002970372326672077,0.9998427033424377,0.47754985094070435,0.3338107168674469,-0.2325744777917862,0.9900608062744141,0.5384626984596252,0.34186017513275146,-0.21274134516716003,0.9840720891952515,0.4750647246837616,0.24373535811901093,-0.03786567971110344,0.96966952085495,0.5336304903030396,0.2440325915813446,-0.026719721034169197,0.9545015692710876,0.4785509407520294,0.23284487426280975,-0.02296406216919422,0.861625075340271,0.5292519927024841,0.23587645590305328,-0.01271393708884716,0.8429306149482727,0.4735212028026581,0.19440308213233948,-0.12410105019807816,0.9499545693397522,0.5344381928443909,0.19206415116786957,-0.11498052626848221,0.9410809278488159
yena_pick_up_normal_05,180,60,6.00075,29.996250468691414,10,0.5001625418663025,0.6487823724746704,-0.306417316198349,0.9999858140945435,0.4951024055480957,0.6620901226997375,-0.29653388261795044,0.9999470710754395,0.4919215142726898,0.6626517176628113,-0.29654598236083984,0.9999435544013977,0.48947855830192566,0.663136899471283,-0.2965904772281647,0.9999276995658875,0.5047682523727417,0.6626542210578918,-0.2954922914505005,0.9999363422393799,0.5076457262039185,0.6635921597480774,-0.2955474853515625,0.9999420046806335,0.5100880861282349,0.6639907956123352,-0.2955717146396637,0.999944269657135,0.48526865243911743,0.6634908318519592,-0.2128283977508545,0.9998835921287537,0.5137311220169067,0.6646002531051636,-0.21258321404457092,0.9999316334724426,0.4947760999202728,0.6352995038032532,-0.27161455154418945,0.9999892711639404,0.5056498646736145,0.6355392932891846,-0.2700662612915039,0.999990701675415,0.46395766735076904,0.597771942615509,-0.1431405395269394,0.9999937415122986,0.5367190837860107,0.6041461825370789,-0.12280023843050003,0.9999788403511047,0.4568980038166046,0.5007661581039429,-0.12323720008134842,0.9827225804328918,0.5469831228256226,0.5057994723320007,-0.09158382564783096,0.9906375408172607,0.46825268864631653,0.4139498174190521,-0.20962944626808167,0.9702057838439941,0.5375533699989319,0.4272714853286743,-0.17758390307426453,0.9746368527412415,0.46635106205940247,0.384152889251709,-0.23827466368675232,0.9450640082359314,0.5398339629173279,0.4026778042316437,-0.20726299285888672,0.9473733305931091,0.4726948142051697,0.38753190636634827,-0.2586653530597687,0.9483970403671265,0.5322317481040955,0.40594610571861267,-0.22914056479930878,0.9495158791542053,0.4756811559200287,0.3956262171268463,-0.21858809888362885,0.9340454936027527,0.5297344326972961,0.41352975368499756,-0.19013266265392303,0.9352231025695801,0.4837653934955597,0.4384516179561615,-0.004155353643000126,0.999914288520813,0.5257343649864197,0.43948572874069214,0.004201042931526899,0.9998372793197632,0.47754621505737305,0.34002062678337097,-0.22703076899051666,0.9903126358985901,0.5382200479507446,0.342418372631073,-0.1982300728559494,0.9848406314849854,0.47453880310058594,0.24059109389781952,-0.05032205954194069,0.9716276526451111,0.5336129069328308,0.2418821007013321,-0.030577024444937706,0.9579716324806213,0.47783946990966797,0.22938372194766998,-0.03901625797152519,0.8646460771560669,0.5292326211929321,0.23060959577560425,-0.01968809776008129,0.8503894209861755,0.47348758578300476,0.19423499703407288,-0.15081320703029633,0.9530417323112488,0.5365075469017029,0.1928347945213318,-0.1268458068370819,0.9451996088027954
yena_pick_up_normal_05,183,61,6.1007625,29.996250468691414,10,0.5006318092346191,0.6699814200401306,-0.3437213599681854,0.9999820590019226,0.4955911934375763,0.6833577752113342,-0.3346814811229706,0.9999322891235352,0.4923810064792633,0.6837121248245239,-0.3346865475177765,0.9999297857284546,0.48981979489326477,0.6840622425079346,-0.3347213864326477,0.9999139904975891,0.5051227807998657,0.6839989423751831,-0.3338979184627533,0.9999188184738159,0.5079835057258606,0.6848034262657166,-0.33394891023635864,0.9999232888221741,0.510413646697998,0.6850671172142029,-0.33397895097732544,0.9999247193336487,0.4858281910419464,0.6843094825744629,-0.24856090545654297,0.9998660683631897,0.5137773752212524,0.6853474378585815,-0.2445935755968094,0.9998947978019714,0.49502891302108765,0.656045138835907,-0.3083493113517761,0.9999855756759644,0.506013035774231,0.6563447713851929,-0.30732232332229614,0.9999873042106628,0.46397677063941956,0.6164101958274841,-0.1715974360704422,0.9999931454658508,0.5367329120635986,0.6229090094566345,-0.15506605803966522,0.9999762177467346,0.45708081126213074,0.5182417631149292,-0.14282973110675812,0.9837983250617981,0.5480453372001648,0.5293368101119995,-0.10874088108539581,0.9896687865257263,0.46816855669021606,0.429534912109375,-0.2150225043296814,0.9706082344055176,0.5385793447494507,0.4474181532859802,-0.18657274544239044,0.9722688794136047,0.4662264883518219,0.40000036358833313,-0.2407119870185852,0.9448372721672058,0.5402188897132874,0.42314523458480835,-0.21150997281074524,0.9433402419090271,0.47257673740386963,0.4031347334384918,-0.2627389132976532,0.9481638073921204,0.5329211354255676,0.4276849329471588,-0.23370686173439026,0.9458062052726746,0.4754658341407776,0.4108477830886841,-0.22420209646224976,0.9334787130355835,0.5307163596153259,0.4348520040512085,-0.19666680693626404,0.930463433265686,0.4835720658302307,0.4522174298763275,-0.0036891282070428133,0.9998961091041565,0.5247327089309692,0.45327886939048767,0.003730513621121645,0.9998096823692322,0.4784454107284546,0.34553176164627075,-0.07884910702705383,0.9906200170516968,0.5329221487045288,0.34181156754493713,-0.06654421985149384,0.9855316877365112,0.4744996428489685,0.2391243278980255,0.08110632002353668,0.9737285375595093,0.533206045627594,0.23416483402252197,0.08802755177021027,0.9613626599311829,0.477944552898407,0.22766657173633575,0.09108038246631622,0.8680763840675354,0.5291962027549744,0.22097326815128326,0.09792544692754745,0.8559683561325073,0.4733102023601532,0.19411274790763855,-0.01500253938138485,0.9564310312271118,0.5368699431419373,0.19256138801574707,-0.005595329217612743,0.9492965340614319
yena_pick_up_normal_05,186,62,6.200775,29.996250468691414,10,0.5009328126907349,0.6903616189956665,-0.35409384965896606,0.9999805092811584,0.4958224892616272,0.7039702534675598,-0.34504079818725586,0.9999260902404785,0.4925362169742584,0.7040136456489563,-0.34504735469818115,0.9999243021011353,0.48996150493621826,0.7040769457817078,-0.3450740575790405,0.9999088048934937,0.5053280591964722,0.7050564289093018,-0.3445853292942047,0.9999126195907593,0.5081950426101685,0.7058630585670471,-0.34463146328926086,0.9999159574508667,0.510529637336731,0.7060442566871643,-0.3446556031703949,0.9999158978462219,0.48598602414131165,0.7028805017471313,-0.2576568126678467,0.9998560547828674,0.5138452649116516,0.7052628397941589,-0.2558192014694214,0.9998785853385925,0.4952006936073303,0.6757432818412781,-0.3183637857437134,0.9999836087226868,0.506349503993988,0.6765961647033691,-0.31802165508270264,0.9999858140945435,0.464114248752594,0.6321558952331543,-0.17912223935127258,0.9999929666519165,0.537031888961792,0.6393819451332092,-0.16442738473415375,0.9999754428863525,0.45698392391204834,0.5354605913162231,-0.14581267535686493,0.9850319623947144,0.5500669479370117,0.5482378005981445,-0.11483661085367203,0.9893280863761902,0.4660150408744812,0.4453279376029968,-0.21757356822490692,0.9724077582359314,0.5403620600700378,0.468230664730072,-0.18672426044940948,0.971851110458374,0.4648466110229492,0.41601526737213135,-0.24349218606948853,0.9475181698799133,0.5412271022796631,0.44233909249305725,-0.21039851009845734,0.9424536228179932,0.47126734256744385,0.41938164830207825,-0.2670256197452545,0.9506723284721375,0.5345632433891296,0.44641438126564026,-0.23335760831832886,0.9449931383132935,0.47353801131248474,0.4264175593852997,-0.22718960046768188,0.9364482164382935,0.5325835347175598,0.4544506072998047,-0.19639524817466736,0.9293927550315857,0.4833109676837921,0.4645291566848755,-0.0031350152567029,0.9998806715011597,0.5235723257064819,0.4654587209224701,0.003167408751323819,0.9997883439064026,0.47831976413726807,0.34975162148475647,-0.00980379804968834,0.9907511472702026,0.5283907651901245,0.3451671898365021,-0.017965400591492653,0.9858513474464417,0.4743868410587311,0.23516878485679626,0.13692377507686615,0.9755027294158936,0.5324453115463257,0.2329406887292862,0.13412241637706757,0.9641910791397095,0.4780068099498749,0.22250331938266754,0.145507350564003,0.8699299693107605,0.5289997458457947,0.22020281851291656,0.14371900260448456,0.8577079176902771,0.47321179509162903,0.19403725862503052,0.04251872003078461,0.9593843221664429,0.5363580584526062,0.1921677440404892,0.04124654829502106,0.9527878761291504
yena_pick_up_normal_05,189,63,6.3007875,29.996250468691414,10,0.501275360584259,0.7097252011299133,-0.32235363125801086,0.9999803304672241,0.4961019456386566,0.7234887480735779,-0.31454554200172424,0.9999252557754517,0.49274247884750366,0.7234631180763245,-0.3145449757575989,0.9999237060546875,0.49017614126205444,0.7234554290771484,-0.3145868480205536,0.9999090433120728,0.5056825280189514,0.7244675755500793,-0.31432849168777466,0.9999119639396667,0.5086118578910828,0.7252292037010193,-0.3143811821937561,0.9999142289161682,0.5108590722084045,0.7253906726837158,-0.31440067291259766,0.9999129176139832,0.4862537384033203,0.7214528918266296,-0.23785719275474548,0.9998555779457092,0.5141978859901428,0.7237586975097656,-0.23359757661819458,0.9998714923858643,0.49538692831993103,0.6947768330574036,-0.2886718213558197,0.9999828338623047,0.5068728923797607,0.6955087780952454,-0.2883354127407074,0.9999851584434509,0.4643816649913788,0.6478537917137146,-0.16386467218399048,0.9999926090240479,0.5374740362167358,0.6540952920913696,-0.14108148217201233,0.9999733567237854,0.4569112956523895,0.55113685131073,-0.12135103344917297,0.9860333204269409,0.5514618158340454,0.5656127333641052,-0.0895678922533989,0.9880497455596924,0.46238574385643005,0.4601973295211792,-0.19978156685829163,0.9739135503768921,0.5425612926483154,0.4860829710960388,-0.1607053279876709,0.9700225591659546,0.4616580903530121,0.43007534742355347,-0.23004332184791565,0.9497603178024292,0.5427514314651489,0.4604581892490387,-0.18321852385997772,0.9396075010299683,0.46833619475364685,0.43322494626045227,-0.24818573892116547,0.9528371095657349,0.5363731384277344,0.46406909823417664,-0.20966044068336487,0.9425103664398193,0.4701513946056366,0.44008001685142517,-0.21922056376934052,0.9391289949417114,0.5344842672348022,0.4717518091201782,-0.17166514694690704,0.9267818927764893,0.4831075370311737,0.4736371338367462,-0.003399159060791135,0.9998584389686584,0.5226680636405945,0.47545838356018066,0.0034115975722670555,0.9997598528862,0.4775969684123993,0.35129356384277344,0.014966190792620182,0.9910566210746765,0.5272900462150574,0.3496779501438141,0.014170149341225624,0.9863268136978149,0.4739944338798523,0.23508262634277344,0.15112370252609253,0.9773199558258057,0.5313851833343506,0.2340058982372284,0.15577365458011627,0.9669312238693237,0.47722187638282776,0.22263464331626892,0.1585076004266739,0.8720753192901611,0.5285030603408813,0.22212736308574677,0.16437064111232758,0.8619889616966248,0.4732080399990082,0.19431860744953156,0.057739127427339554,0.9623622298240662,0.5363635420799255,0.19222335517406464,0.06794150173664093,0.9562475085258484
yena_pick_up_normal_05,192,64,6.400799999999999,29.996250468691414,10,0.5017687082290649,0.728168785572052,-0.25987738370895386,0.9999801516532898,0.4964384138584137,0.7419407963752747,-0.2497076392173767,0.9999238848686218,0.49300915002822876,0.7417045831680298,-0.24971362948417664,0.9999223947525024,0.4904981553554535,0.7414423823356628,-0.24969379603862762,0.9999080896377563,0.5061064958572388,0.7429292798042297,-0.24981406331062317,0.9999110102653503,0.5091618895530701,0.7434407472610474,-0.2498132884502411,0.9999122023582458,0.5112794637680054,0.7435204386711121,-0.24982322752475739,0.9999100565910339,0.4865703582763672,0.7377343773841858,-0.167912557721138,0.9998535513877869,0.5146579742431641,0.73989337682724,-0.16817526519298553,0.9998634457588196,0.49570998549461365,0.7125195860862732,-0.22697880864143372,0.9999819993972778,0.5075647830963135,0.713563084602356,-0.22728165984153748,0.9999843835830688,0.4650507867336273,0.6611471772193909,-0.10594828426837921,0.9999913573265076,0.5378850102424622,0.6670633554458618,-0.08924593031406403,0.9999681711196899,0.4568479359149933,0.5673549175262451,-0.06677576154470444,0.9866393208503723,0.5532968640327454,0.5810067057609558,-0.046576302498579025,0.9864122867584229,0.4607512652873993,0.4743572175502777,-0.14364035427570343,0.9747337102890015,0.5437867641448975,0.5003835558891296,-0.11760492622852325,0.9682590961456299,0.45992428064346313,0.4435560703277588,-0.16882796585559845,0.9511426687240601,0.5433980226516724,0.47617465257644653,-0.13964559137821198,0.937404990196228,0.4663357734680176,0.44644612073898315,-0.19308631122112274,0.9541172981262207,0.5368871092796326,0.48185867071151733,-0.1635715663433075,0.9404603838920593,0.4680727422237396,0.45369860529899597,-0.15499262511730194,0.9408394694328308,0.5352557897567749,0.4891940653324127,-0.12779922783374786,0.924826979637146,0.4830073416233063,0.47986307740211487,-0.005250910762697458,0.999833345413208,0.5226193070411682,0.48129644989967346,0.005253334529697895,0.9997329711914062,0.47720083594322205,0.35075846314430237,0.015851223841309547,0.9915310144424438,0.5264405608177185,0.3519354462623596,0.024718379601836205,0.9870868921279907,0.4734853506088257,0.23506291210651398,0.14228633046150208,0.9790840148925781,0.530854344367981,0.23447883129119873,0.15426376461982727,0.969570517539978,0.4761918783187866,0.2218313217163086,0.1483851969242096,0.873607337474823,0.5280925035476685,0.22194238007068634,0.16161032021045685,0.867832601070404,0.47354161739349365,0.19448384642601013,0.04833667725324631,0.9651297926902771,0.5361060500144958,0.1920701414346695,0.06790249794721603,0.9594812989234924
yena_pick_up_normal_05,195,65,6.500812499999999,29.996250468691414,10,0.5027269721031189,0.7449004054069519,-0.24738498032093048,0.999980092048645,0.4971693158149719,0.7582526803016663,-0.2368125170469284,0.9999231696128845,0.4936682879924774,0.7580803632736206,-0.23682841658592224,0.9999218583106995,0.4910759925842285,0.7578162550926208,-0.23681630194187164,0.9999080300331116,0.5069029331207275,0.7591522336006165,-0.23604576289653778,0.9999102354049683,0.5100258588790894,0.7595119476318359,-0.2360336035490036,0.999910295009613,0.5120304822921753,0.7595405578613281,-0.23603779077529907,0.9999075531959534,0.4872466027736664,0.7534533739089966,-0.15377186238765717,0.9998541474342346,0.5153743028640747,0.7550904154777527,-0.1501273214817047,0.9998576641082764,0.49654102325439453,0.7285060286521912,-0.21431544423103333,0.9999816417694092,0.5086870789527893,0.7296096086502075,-0.2134304791688919,0.9999838471412659,0.46598440408706665,0.6747598648071289,-0.0940486267209053,0.9999905228614807,0.5383158326148987,0.6787747144699097,-0.07083375751972198,0.999963641166687,0.4567135274410248,0.5803675055503845,-0.05802988260984421,0.9872115850448608,0.5555530190467834,0.5944591164588928,-0.025256704539060593,0.9853017330169678,0.45954063534736633,0.48655781149864197,-0.13753503561019897,0.9754069447517395,0.5445024967193604,0.5162280797958374,-0.09830253571271896,0.9670620560646057,0.45880386233329773,0.45545852184295654,-0.1636972874403,0.9521864056587219,0.5448859930038452,0.4931500554084778,-0.1207028478384018,0.9359158873558044,0.4650996923446655,0.45885077118873596,-0.18811318278312683,0.9550814628601074,0.5380046963691711,0.4977182447910309,-0.14444003999233246,0.9390697479248047,0.46655789017677307,0.46781352162361145,-0.1481941044330597,0.9421356320381165,0.5362523198127747,0.5045755505561829,-0.10858375579118729,0.9236966371536255,0.4823373854160309,0.48487821221351624,-0.007202437147498131,0.9998149275779724,0.5221525430679321,0.48626425862312317,0.00722986925393343,0.9997153878211975,0.47715941071510315,0.3511801064014435,0.010455974377691746,0.991861879825592,0.5251271724700928,0.35366806387901306,0.024213971570134163,0.9877588748931885,0.4734818637371063,0.23465664684772491,0.1472397744655609,0.9805179238319397,0.53005051612854,0.23476433753967285,0.15994562208652496,0.9718732237815857,0.4759083092212677,0.2202433943748474,0.1542511284351349,0.8743391633033752,0.5272621512413025,0.22100307047367096,0.16778865456581116,0.872894287109375,0.4746145009994507,0.1950252801179886,0.05326841026544571,0.9673798680305481,0.5359372496604919,0.19209711253643036,0.07322156429290771,0.9622495770454407
yena_pick_up_normal_05,198,66,6.6008249999999995,29.996250468691414,10,0.5040866732597351,0.7596170902252197,-0.2325480431318283,0.9999794960021973,0.4982764422893524,0.7724528908729553,-0.22129353880882263,0.9999209642410278,0.4947446584701538,0.7720657587051392,-0.2213096022605896,0.9999198317527771,0.4919711947441101,0.771590530872345,-0.22129444777965546,0.9999062418937683,0.5080302357673645,0.773321807384491,-0.2195875644683838,0.9999074339866638,0.5111789107322693,0.7735791802406311,-0.21957062184810638,0.9999063014984131,0.5131341814994812,0.7734551429748535,-0.21957312524318695,0.9999024868011475,0.48824483156204224,0.7653950452804565,-0.13815878331661224,0.9998528361320496,0.5161858797073364,0.76744544506073,-0.1306159794330597,0.9998451471328735,0.49790021777153015,0.7424354553222656,-0.2000480592250824,0.9999809265136719,0.5101156830787659,0.743963360786438,-0.198016956448555,0.9999825954437256,0.4673849046230316,0.6858564019203186,-0.08469915390014648,0.9999895691871643,0.53890061378479,0.6879472136497498,-0.053515587002038956,0.9999549388885498,0.45636823773384094,0.5923463702201843,-0.05594881623983383,0.9878160953521729,0.5564712285995483,0.6026588082313538,-0.027873823419213295,0.9822514057159424,0.4596311151981354,0.5009693503379822,-0.13818992674350739,0.9765728116035461,0.5444431304931641,0.5357020497322083,-0.12485815584659576,0.9652490615844727,0.458866149187088,0.4711498022079468,-0.1649995893239975,0.9542331695556641,0.5443059802055359,0.5127066373825073,-0.14966201782226562,0.9344273209571838,0.4649676978588104,0.47587546706199646,-0.18909482657909393,0.9569679498672485,0.5378169417381287,0.5180234909057617,-0.1714451164007187,0.9376133680343628,0.4664848744869232,0.48578089475631714,-0.14848807454109192,0.9444672465324402,0.5362986326217651,0.5247012376785278,-0.13494251668453217,0.922457218170166,0.48152783513069153,0.49000081419944763,-0.009130208753049374,0.9998022317886353,0.5220913290977478,0.4897148311138153,0.009145229123532772,0.9997049570083618,0.47790244221687317,0.3525167405605316,0.010292098857462406,0.9922377467155457,0.5251044631004333,0.35383740067481995,0.03209543600678444,0.9883256554603577,0.4735165536403656,0.23467230796813965,0.15062852203845978,0.9818300008773804,0.5287018418312073,0.23480772972106934,0.17524872720241547,0.9739314317703247,0.4760514199733734,0.2198363095521927,0.15785415470600128,0.8749387860298157,0.5255330204963684,0.22192704677581787,0.1836594045162201,0.8777912259101868,0.4745027720928192,0.1949692815542221,0.055004194378852844,0.9694611430168152,0.5358228087425232,0.19216394424438477,0.08959075808525085,0.964787483215332
yena_pick_up_normal_05,201,67,6.7008375,29.996250468691414,10,0.5043804049491882,0.7720568776130676,-0.22164304554462433,0.9999792575836182,0.49855318665504456,0.7846101522445679,-0.20958606898784637,0.9999206066131592,0.4950820207595825,0.7841211557388306,-0.20959694683551788,0.9999196529388428,0.4925007224082947,0.7834533452987671,-0.20957891643047333,0.9999064207077026,0.5082629323005676,0.7856372594833374,-0.20731189846992493,0.9999063611030579,0.51143479347229,0.7857246398925781,-0.20729470252990723,0.9999046325683594,0.5137158632278442,0.7854276299476624,-0.20729492604732513,0.9999000430107117,0.4887097477912903,0.7760322690010071,-0.1261466145515442,0.9998547434806824,0.5165315866470337,0.777626633644104,-0.11645963788032532,0.9998369812965393,0.49829310178756714,0.7547542452812195,-0.189713254570961,0.999980628490448,0.5105127096176147,0.7559570074081421,-0.18705882132053375,0.9999815821647644,0.4684562683105469,0.6932439208030701,-0.07683416455984116,0.9999884963035583,0.538879930973053,0.6963055729866028,-0.044848985970020294,0.9999449253082275,0.45532360672950745,0.5992955565452576,-0.050171904265880585,0.9884142875671387,0.5574668049812317,0.6114449501037598,-0.035915859043598175,0.9794151186943054,0.4598536193370819,0.5092957019805908,-0.12957574427127838,0.9778826236724854,0.5445942282676697,0.5521725416183472,-0.12781034409999847,0.9636780023574829,0.45902493596076965,0.4800208806991577,-0.15610812604427338,0.9565412402153015,0.5436947345733643,0.5283086895942688,-0.16783875226974487,0.9332683086395264,0.4652181565761566,0.48468565940856934,-0.18037308752536774,0.9590972065925598,0.5372304916381836,0.5336166620254517,-0.18793648481369019,0.9363833069801331,0.4668535590171814,0.494119256734848,-0.1397876888513565,0.9471045136451721,0.5358805060386658,0.5404467582702637,-0.14375628530979156,0.921435534954071,0.4813440144062042,0.49441590905189514,-0.009676980786025524,0.9997965097427368,0.5222131609916687,0.4940457344055176,0.009669824503362179,0.9997048377990723,0.4783433675765991,0.3532187044620514,0.00872504897415638,0.9925534725189209,0.5264773368835449,0.35436442494392395,0.029428062960505486,0.9888298511505127,0.4735329747200012,0.23423515260219574,0.15623882412910461,0.9829029440879822,0.5288593173027039,0.23493441939353943,0.1740729957818985,0.9757453799247742,0.47597530484199524,0.21907831728458405,0.16419237852096558,0.8738291263580322,0.5253859162330627,0.22247497737407684,0.18268704414367676,0.8814146518707275,0.4744369685649872,0.194925919175148,0.06092691421508789,0.9711139798164368,0.5360288023948669,0.19217336177825928,0.08784288913011551,0.966986894607544
yena_pick_up_normal_05,204,68,6.80085,29.996250468691414,10,0.5049630999565125,0.7766571044921875,-0.22947703301906586,0.9999786615371704,0.4991106688976288,0.7879394292831421,-0.2175499051809311,0.9999195337295532,0.49558284878730774,0.7874928712844849,-0.21755681931972504,0.9999186396598816,0.492997944355011,0.7870420813560486,-0.21753738820552826,0.9999051094055176,0.508828341960907,0.7891088128089905,-0.2154235541820526,0.999904990196228,0.5118724703788757,0.7893764972686768,-0.21541962027549744,0.9999032616615295,0.5143471360206604,0.7893487215042114,-0.21542255580425262,0.9998984336853027,0.48903772234916687,0.780909538269043,-0.1312139630317688,0.999854564666748,0.5167893767356873,0.7828948497772217,-0.12260844558477402,0.9998321533203125,0.49877431988716125,0.7590412497520447,-0.19612844288349152,0.9999797940254211,0.5107665657997131,0.7604399919509888,-0.19381265342235565,0.9999804496765137,0.4692634344100952,0.6989778876304626,-0.07700473815202713,0.9999867677688599,0.5388432741165161,0.7005423903465271,-0.04803599417209625,0.9999359846115112,0.4551536440849304,0.602364182472229,-0.04198303073644638,0.9886700510978699,0.5591639280319214,0.6164630651473999,-0.0453578345477581,0.9776085615158081,0.4600970149040222,0.5136688351631165,-0.11406776309013367,0.9785190224647522,0.5451082587242126,0.5654202699661255,-0.16403093934059143,0.9630180597305298,0.45991984009742737,0.4847174286842346,-0.1386062055826187,0.9575855731964111,0.5432698130607605,0.5420821905136108,-0.19693590700626373,0.9332106113433838,0.465904176235199,0.48983561992645264,-0.16303326189517975,0.9600033164024353,0.536952555179596,0.5481281876564026,-0.21428580582141876,0.9361703991889954,0.46702876687049866,0.49903181195259094,-0.1240241602063179,0.9482413530349731,0.5359822511672974,0.5547673106193542,-0.1746402382850647,0.9212422370910645,0.48132070899009705,0.49685749411582947,-0.009806727059185505,0.9997925758361816,0.5231788158416748,0.49656203389167786,0.00977881159633398,0.9997055530548096,0.4786767065525055,0.35418757796287537,0.011646325699985027,0.9927985668182373,0.5273743271827698,0.35458046197891235,0.035722870379686356,0.9891766905784607,0.47362759709358215,0.23431406915187836,0.1697435975074768,0.9838154911994934,0.5289989709854126,0.23506316542625427,0.1907094568014145,0.977344274520874,0.4760633707046509,0.21961906552314758,0.17905287444591522,0.8738389015197754,0.5254769921302795,0.22272542119026184,0.20069533586502075,0.8845846652984619,0.47481217980384827,0.19490182399749756,0.0763016790151596,0.9726502299308777,0.5360804200172424,0.19218622148036957,0.1055266484618187,0.9689760208129883
yena_pick_up_normal_05,207,69,6.9008625,29.996250468691414,10,0.5051196217536926,0.7796667814254761,-0.22602421045303345,0.9999778270721436,0.4993395507335663,0.7922046780586243,-0.2140381783246994,0.9999175071716309,0.49581804871559143,0.791892409324646,-0.21403861045837402,0.999916136264801,0.4933489263057709,0.7915346622467041,-0.21401424705982208,0.9999023079872131,0.5090688467025757,0.7929298281669617,-0.21228881180286407,0.9999029636383057,0.5120779275894165,0.7929930686950684,-0.21229149401187897,0.9999011754989624,0.514712929725647,0.7926751375198364,-0.2122972160577774,0.9998959302902222,0.48938050866127014,0.7845837473869324,-0.12697359919548035,0.999850332736969,0.5170784592628479,0.7864391207695007,-0.12058382481336594,0.9998241066932678,0.49888914823532104,0.762149453163147,-0.19233478605747223,0.9999781250953674,0.51076740026474,0.7623851299285889,-0.1906680464744568,0.9999786019325256,0.46951502561569214,0.7011942863464355,-0.07076912373304367,0.9999837279319763,0.5388085246086121,0.7024016380310059,-0.05097108706831932,0.9999248385429382,0.45480573177337646,0.6050863862037659,-0.03059893473982811,0.9886357188224792,0.5595768690109253,0.6180383563041687,-0.05032508447766304,0.9761327505111694,0.4603324234485626,0.5174281597137451,-0.09543052315711975,0.9790629148483276,0.545021116733551,0.5755840539932251,-0.20295055210590363,0.9626221656799316,0.4604601562023163,0.4890805184841156,-0.1180480420589447,0.9585561752319336,0.543124794960022,0.5552676916122437,-0.23559793829917908,0.933571457862854,0.4660285711288452,0.49429625272750854,-0.1416926383972168,0.9608583450317383,0.5366265177726746,0.5619816184043884,-0.2507576048374176,0.9363922476768494,0.4673033356666565,0.5033906698226929,-0.10480843484401703,0.9493048191070557,0.5358349680900574,0.5677264332771301,-0.21192580461502075,0.9214217662811279,0.48111769556999207,0.49721717834472656,-0.009702333249151707,0.9997868537902832,0.5238045454025269,0.4970860183238983,0.009729774668812752,0.9997044205665588,0.47853726148605347,0.35492420196533203,0.020534636452794075,0.992976725101471,0.5274819731712341,0.3555920124053955,0.032078877091407776,0.9895278215408325,0.4734587073326111,0.23437264561653137,0.18156565725803375,0.9845791459083557,0.5290926098823547,0.2351537048816681,0.18802303075790405,0.9787632822990417,0.47584784030914307,0.21986880898475647,0.19145552814006805,0.875190019607544,0.5256282091140747,0.22346358001232147,0.1984265148639679,0.8866806030273438,0.4743425250053406,0.1949717253446579,0.09017272293567657,0.9739214181900024,0.5360257029533386,0.1921854466199875,0.10211358964443207,0.9706408977508545
yena_pick_up_normal_05,210,70,7.000875,29.996250468691414,10,0.5055686831474304,0.7820732593536377,-0.22800546884536743,0.9999780654907227,0.4998423755168915,0.7952433228492737,-0.2158919870853424,0.9999192953109741,0.4962971806526184,0.7951467037200928,-0.21588484942913055,0.9999176263809204,0.4937646687030792,0.7947842478752136,-0.21584883332252502,0.9999040365219116,0.5095832347869873,0.7956199049949646,-0.2136908918619156,0.9999052882194519,0.5126059055328369,0.7955041527748108,-0.21369776129722595,0.9999035000801086,0.5152128338813782,0.7949984669685364,-0.21371129155158997,0.9998978972434998,0.48982253670692444,0.7872554659843445,-0.12880897521972656,0.999853253364563,0.5173203349113464,0.7870230674743652,-0.1200864240527153,0.999823808670044,0.49920138716697693,0.7644897699356079,-0.194449320435524,0.9999778270721436,0.5110185146331787,0.7642806172370911,-0.19214344024658203,0.9999780058860779,0.4693247079849243,0.7019516229629517,-0.07337946444749832,0.9999815225601196,0.5388039946556091,0.7026813626289368,-0.053711216896772385,0.9999156594276428,0.4545815885066986,0.6073875427246094,-0.0376872643828392,0.9887858033180237,0.5588823556900024,0.6165327429771423,-0.0815417692065239,0.974934995174408,0.4603808522224426,0.5194491744041443,-0.10719731450080872,0.9800127744674683,0.544620931148529,0.5801709294319153,-0.24370606243610382,0.9633225798606873,0.46038907766342163,0.4897700548171997,-0.13044925034046173,0.9603315591812134,0.5419647097587585,0.5622727274894714,-0.2789323925971985,0.9354559183120728,0.4659835994243622,0.49555036425590515,-0.15373070538043976,0.9624888896942139,0.5364918112754822,0.5696443915367126,-0.2927781343460083,0.9380759596824646,0.46731385588645935,0.5046210289001465,-0.11640136688947678,0.9513257741928101,0.5355395674705505,0.5747840404510498,-0.2525196671485901,0.9232677817344666,0.4804445803165436,0.4968400299549103,-0.009161515161395073,0.9997870922088623,0.5239768028259277,0.49742555618286133,0.009182262234389782,0.9997088313102722,0.47840479016304016,0.35465142130851746,0.023168304935097694,0.9932532906532288,0.527559757232666,0.35594919323921204,0.04434876888990402,0.9899478554725647,0.4732677638530731,0.23426508903503418,0.1832045465707779,0.9854808449745178,0.5291767120361328,0.23529352247714996,0.20910336077213287,0.9801709651947021,0.47575223445892334,0.22009292244911194,0.19281308352947235,0.8791900277137756,0.5256677269935608,0.22371895611286163,0.22039970755577087,0.8900613784790039,0.47379472851753235,0.1948884278535843,0.08844151347875595,0.9754572510719299,0.5360730886459351,0.19218863546848297,0.12321511656045914,0.9724043607711792
yena_pick_up_normal_05,213,71,7.1008875,29.996250468691414,10,0.5057915449142456,0.7832121849060059,-0.20581015944480896,0.9999777674674988,0.5000766515731812,0.7965212464332581,-0.19326956570148468,0.9999189972877502,0.49650293588638306,0.7964068651199341,-0.1932656615972519,0.9999169707298279,0.4939778745174408,0.7959773540496826,-0.19322897493839264,0.9999035596847534,0.509858250617981,0.7967885732650757,-0.19134506583213806,0.9999051094055176,0.5128952264785767,0.7966518402099609,-0.19134452939033508,0.9999030828475952,0.5155069231987,0.7962008118629456,-0.1913541853427887,0.9998968839645386,0.48991671204566956,0.7878062725067139,-0.10715428739786148,0.9998512864112854,0.5174382925033569,0.787598729133606,-0.09988205134868622,0.9998176693916321,0.4992779791355133,0.7656404972076416,-0.17285577952861786,0.9999765753746033,0.5110851526260376,0.7654972076416016,-0.17090195417404175,0.999976396560669,0.4691907465457916,0.7036641240119934,-0.053635068237781525,0.9999792575836182,0.5387895107269287,0.7034922242164612,-0.04126909747719765,0.999906063079834,0.4537273645401001,0.609977662563324,-0.023541053757071495,0.989006757736206,0.5584535002708435,0.6162171363830566,-0.07992539554834366,0.974626362323761,0.45979657769203186,0.5225460529327393,-0.09472699463367462,0.9810991287231445,0.5445268750190735,0.5836939215660095,-0.23027673363685608,0.9644619822502136,0.459699809551239,0.4912833869457245,-0.11810978502035141,0.9622971415519714,0.5400522947311401,0.5682415962219238,-0.26448720693588257,0.9376885890960693,0.4653398096561432,0.4961760342121124,-0.1406913846731186,0.9643113613128662,0.5356176495552063,0.576485812664032,-0.27741584181785583,0.9401046633720398,0.46672412753105164,0.5053028464317322,-0.10386274755001068,0.9536089897155762,0.5354442596435547,0.5809457302093506,-0.23851776123046875,0.9255434274673462,0.48027414083480835,0.49940893054008484,-0.006901334039866924,0.9997844099998474,0.5240525603294373,0.5010409951210022,0.006859313230961561,0.999711811542511,0.47836002707481384,0.35573136806488037,0.01917317882180214,0.9933789968490601,0.5275828838348389,0.3564106225967407,0.025766141712665558,0.9902738928794861,0.4732730984687805,0.2343304604291916,0.17120330035686493,0.9861299991607666,0.5292384028434753,0.2353990226984024,0.17661938071250916,0.9813595414161682,0.47601011395454407,0.22016681730747223,0.18010646104812622,0.8821952939033508,0.5256839990615845,0.22386974096298218,0.18653364479541779,0.8914561867713928,0.4726615846157074,0.19484245777130127,0.07826480269432068,0.9765483736991882,0.536054253578186,0.19218358397483826,0.08994077146053314,0.973791241645813
yena_pick_up_normal_05,216,72,7.2009,29.996250468691414,10,0.506393551826477,0.7834510207176208,-0.19702781736850739,0.9999780058860779,0.5006309151649475,0.7965897917747498,-0.1845821589231491,0.9999201893806458,0.49708738923072815,0.7964969277381897,-0.18457378447055817,0.9999182224273682,0.4943709671497345,0.7959895730018616,-0.18453320860862732,0.9999051690101624,0.5101709961891174,0.7965485453605652,-0.18195171654224396,0.999906599521637,0.5131407976150513,0.7964227795600891,-0.18194645643234253,0.9999045729637146,0.5157051682472229,0.7960913777351379,-0.1819497048854828,0.9998978972434998,0.49019819498062134,0.7874208092689514,-0.10096848756074905,0.9998531937599182,0.517438530921936,0.7875228524208069,-0.09023276716470718,0.9998146891593933,0.49996867775917053,0.7660508155822754,-0.16520680487155914,0.9999760985374451,0.511405885219574,0.7661965489387512,-0.16226382553577423,0.9999753832817078,0.4691593050956726,0.7038083076477051,-0.05186900123953819,0.9999780654907227,0.5386896133422852,0.7038349509239197,-0.032553207129240036,0.9998988509178162,0.4527621567249298,0.6096067428588867,-0.027502691373229027,0.9894797205924988,0.5580795407295227,0.6147196888923645,-0.07903750240802765,0.9746026396751404,0.4583081007003784,0.5220596194267273,-0.09897259622812271,0.9823701977729797,0.5439498424530029,0.5877712368965149,-0.2349138855934143,0.9661140441894531,0.4573664367198944,0.491134911775589,-0.12277163565158844,0.9646249413490295,0.537746250629425,0.5745154023170471,-0.2698562443256378,0.9406015872955322,0.46392685174942017,0.4957417845726013,-0.1449112445116043,0.9664843082427979,0.5340026021003723,0.5843321084976196,-0.2814716398715973,0.9427739977836609,0.46556100249290466,0.5046059489250183,-0.10791005194187164,0.9563268423080444,0.5345141887664795,0.5885491967201233,-0.24286656081676483,0.9285898208618164,0.4799579977989197,0.5004639625549316,-0.00692042475566268,0.9997844696044922,0.5240373015403748,0.5025126338005066,0.0068704914301633835,0.9997166395187378,0.4783839285373688,0.35601338744163513,0.01800769567489624,0.9936359524726868,0.5277627110481262,0.35806575417518616,0.02862059883773327,0.9907020330429077,0.47366321086883545,0.23404696583747864,0.16125264763832092,0.9869260787963867,0.5294162034988403,0.23550596833229065,0.17087797820568085,0.9825586676597595,0.4768441617488861,0.21935208141803741,0.16919103264808655,0.8858131766319275,0.5258641839027405,0.2239968329668045,0.179795503616333,0.8939892649650574,0.4732256233692169,0.19484324753284454,0.06687571853399277,0.9778117537498474,0.536220371723175,0.19234536588191986,0.08354414254426956,0.9752667546272278
yena_pick_up_normal_05,219,73,7.3009125,29.996250468691414,10,0.5064138174057007,0.7844581604003906,-0.19400601089000702,0.9999769330024719,0.5006643533706665,0.7970499396324158,-0.18160293996334076,0.9999168515205383,0.49716442823410034,0.7967768907546997,-0.18159450590610504,0.9999145865440369,0.49449384212493896,0.7961570620536804,-0.18155880272388458,0.9999014139175415,0.5101121664047241,0.7973012924194336,-0.1792382150888443,0.9999037384986877,0.5130765438079834,0.7973092198371887,-0.1792374551296234,0.9999017119407654,0.5156756639480591,0.7970487475395203,-0.17924270033836365,0.9998946785926819,0.490257203578949,0.7875749468803406,-0.09871945530176163,0.9998449683189392,0.5174234509468079,0.7881188988685608,-0.08927138894796371,0.9998019933700562,0.5000300407409668,0.7671116590499878,-0.16253158450126648,0.9999735355377197,0.5114203095436096,0.7676301002502441,-0.1599486917257309,0.9999725818634033,0.4690818786621094,0.7038636207580566,-0.049290355294942856,0.9999739527702332,0.5386145114898682,0.7034023404121399,-0.032490115612745285,0.9998898506164551,0.4526433050632477,0.6082760095596313,-0.022167526185512543,0.9894517064094543,0.5578634142875671,0.6140164136886597,-0.07881123572587967,0.973971426486969,0.4584205448627472,0.5195685625076294,-0.08835496008396149,0.9828565716743469,0.5429585576057434,0.5871105790138245,-0.2250106930732727,0.9666642546653748,0.45746928453445435,0.48863744735717773,-0.11063182353973389,0.9654403328895569,0.5363683700561523,0.5740694403648376,-0.2586013972759247,0.9418231248855591,0.4639839231967926,0.4928148686885834,-0.13253183662891388,0.967204213142395,0.5329053401947021,0.5843717455863953,-0.2706957757472992,0.9438000321388245,0.4655957818031311,0.5017555952072144,-0.09725247323513031,0.9572252035140991,0.5337164998054504,0.5884823203086853,-0.2329947054386139,0.9296431541442871,0.47978654503822327,0.5022971034049988,-0.006728305481374264,0.9997786283493042,0.524063229560852,0.5044480562210083,0.006665139924734831,0.999717652797699,0.4783649146556854,0.3562690317630768,0.015035891905426979,0.9937973022460938,0.5279044508934021,0.3592230975627899,0.02325538359582424,0.9910572171211243,0.4736831784248352,0.2340691089630127,0.15554659068584442,0.9875879883766174,0.529577374458313,0.23541763424873352,0.16409367322921753,0.983626127243042,0.4771389067173004,0.2190699726343155,0.1633293330669403,0.8885051608085632,0.5259814262390137,0.22403495013713837,0.17361970245838165,0.8955113291740417,0.47321921586990356,0.19502636790275574,0.06158154830336571,0.9788622260093689,0.5363858938217163,0.1923782378435135,0.08058881759643555,0.9765267968177795
yena_pick_up_normal_05,222,74,7.400925,29.996250468691414,10,0.5063943266868591,0.7847738862037659,-0.18882255256175995,0.9999768733978271,0.5006639361381531,0.797119677066803,-0.17632132768630981,0.999917209148407,0.4971829652786255,0.7968567609786987,-0.17631323635578156,0.9999148845672607,0.49455350637435913,0.7962676286697388,-0.17627646028995514,0.999902069568634,0.5100610256195068,0.7973592877388,-0.17338237166404724,0.9999046921730042,0.5130321979522705,0.7974216938018799,-0.1733759492635727,0.9999023675918579,0.5156375765800476,0.7972108125686646,-0.17337395250797272,0.9998950958251953,0.4902680814266205,0.7879034876823425,-0.09495344758033752,0.9998461604118347,0.5174182653427124,0.7883055210113525,-0.08278217911720276,0.9997975826263428,0.5000662207603455,0.7673395872116089,-0.15816882252693176,0.9999726414680481,0.5114018321037292,0.7680423259735107,-0.15480712056159973,0.9999712705612183,0.46906882524490356,0.703223705291748,-0.05077629163861275,0.9999714493751526,0.5385549664497375,0.7033409476280212,-0.02564036287367344,0.9998816847801208,0.45248833298683167,0.6079411506652832,-0.02988802082836628,0.9896866679191589,0.5576804876327515,0.6147031188011169,-0.0778895914554596,0.9725972414016724,0.4583567678928375,0.520144522190094,-0.0982419103384018,0.9835948348045349,0.54259192943573,0.5869994163513184,-0.2315266728401184,0.9670566916465759,0.45735204219818115,0.48925188183784485,-0.12165740132331848,0.9667709469795227,0.5360639691352844,0.5738186240196228,-0.2661552429199219,0.9429360032081604,0.4639461934566498,0.4932810962200165,-0.14325591921806335,0.9684204459190369,0.5326053500175476,0.583436906337738,-0.27801579236984253,0.9447295665740967,0.4655560851097107,0.5023317933082581,-0.10705653578042984,0.9587372541427612,0.5334428548812866,0.587338924407959,-0.23980705440044403,0.9306808710098267,0.4798235595226288,0.5026821494102478,-0.007609364576637745,0.9997747540473938,0.5241315364837646,0.504840612411499,0.0075449091382324696,0.9997208714485168,0.4783232510089874,0.3567587733268738,0.014714942313730717,0.9940453767776489,0.5279355645179749,0.35983574390411377,0.026391565799713135,0.9914767146110535,0.47368350625038147,0.23390015959739685,0.1518746316432953,0.988307535648346,0.5296076536178589,0.2347307801246643,0.16120645403862,0.9847081303596497,0.4771125912666321,0.21769748628139496,0.16178320348262787,0.8914766311645508,0.5260018706321716,0.2220076322555542,0.17211048305034637,0.8984721899032593,0.47322165966033936,0.1952447146177292,0.05519990995526314,0.9799694418907166,0.5366352200508118,0.19253593683242798,0.07844788581132889,0.9778300523757935
yena_pick_up_normal_05,225,75,7.5009375,29.996250468691414,10,0.5064024925231934,0.7848142981529236,-0.1908053308725357,0.9999772310256958,0.50066739320755,0.7972579598426819,-0.17804789543151855,0.9999192357063293,0.49720603227615356,0.7969946265220642,-0.1780431568622589,0.9999169111251831,0.49459630250930786,0.7964235544204712,-0.17801237106323242,0.9999048113822937,0.5100217461585999,0.7974650263786316,-0.17534588277339935,0.9999070763587952,0.513001561164856,0.7974880933761597,-0.17533880472183228,0.9999045729637146,0.515602707862854,0.7972728610038757,-0.1753377765417099,0.9998971819877625,0.49026161432266235,0.7880362272262573,-0.09555904567241669,0.9998509883880615,0.5173910856246948,0.7883610129356384,-0.08441711217164993,0.9997987151145935,0.5001085996627808,0.7673325538635254,-0.15975633263587952,0.9999728202819824,0.5113943219184875,0.7682130336761475,-0.1566862165927887,0.9999710321426392,0.4689585566520691,0.7025713920593262,-0.05055646225810051,0.9999703168869019,0.5385065674781799,0.7031054496765137,-0.025575222447514534,0.9998738765716553,0.4522968530654907,0.6075565218925476,-0.029433995485305786,0.9899635910987854,0.5575529336929321,0.6145643591880798,-0.07577855885028839,0.9713236093521118,0.45822304487228394,0.520913302898407,-0.09986396133899689,0.9843512773513794,0.54230135679245,0.5863626599311829,-0.23114429414272308,0.9672060012817383,0.45719343423843384,0.4898596405982971,-0.12382449209690094,0.9681451916694641,0.5358636975288391,0.5726600885391235,-0.2658695578575134,0.9435865879058838,0.4638515114784241,0.4940156042575836,-0.1455930918455124,0.9696983098983765,0.5322988629341125,0.5822354555130005,-0.27796947956085205,0.9452285766601562,0.46547582745552063,0.5031420588493347,-0.10875711590051651,0.9603204131126404,0.5330784916877747,0.5861669182777405,-0.23949140310287476,0.9311991930007935,0.4797990620136261,0.5022718906402588,-0.007706025615334511,0.9997712969779968,0.5241371989250183,0.5047470927238464,0.0076425159350037575,0.9997209906578064,0.47829103469848633,0.3567592203617096,0.010175725445151329,0.9942370057106018,0.5280173420906067,0.3594830334186554,0.023265093564987183,0.9917595982551575,0.4737119674682617,0.2331453263759613,0.14938472211360931,0.9888783097267151,0.5296566486358643,0.23367677628993988,0.1598358005285263,0.9855550527572632,0.4771082103252411,0.216543510556221,0.15948960185050964,0.8930256962776184,0.5260428190231323,0.22045902907848358,0.17193017899990082,0.8996812105178833,0.47331708669662476,0.19498509168624878,0.052969422191381454,0.9808074831962585,0.5366459488868713,0.19206176698207855,0.07393551617860794,0.9788094758987427
yena_pick_up_normal_05,228,76,7.60095,29.996250468691414,10,0.5063627362251282,0.7852347493171692,-0.19743548333644867,0.9999778270721436,0.500633716583252,0.7978533506393433,-0.18434366583824158,0.9999221563339233,0.4971781373023987,0.7975778579711914,-0.1843409240245819,0.9999197125434875,0.4945918917655945,0.7969828248023987,-0.18430985510349274,0.9999082684516907,0.5100048184394836,0.7980689406394958,-0.18176338076591492,0.999910295009613,0.5129446387290955,0.7980676889419556,-0.18176217377185822,0.9999077320098877,0.5155919194221497,0.7977744936943054,-0.18176984786987305,0.9999004602432251,0.4902385473251343,0.7883613705635071,-0.10006067901849747,0.9998564720153809,0.5173220634460449,0.7885187864303589,-0.08950923383235931,0.9998031854629517,0.5000811815261841,0.7675431966781616,-0.16580724716186523,0.999973475933075,0.5113734006881714,0.7684451341629028,-0.16292829811573029,0.9999713897705078,0.4687832295894623,0.7017021179199219,-0.053245507180690765,0.9999691247940063,0.5384606719017029,0.7028064727783203,-0.0316886231303215,0.9998683929443359,0.4522317945957184,0.6064373254776001,-0.032743118703365326,0.9901129007339478,0.5574949979782104,0.6145498752593994,-0.08009501546621323,0.9706665873527527,0.45821866393089294,0.521030843257904,-0.10110454261302948,0.9849295616149902,0.5422773957252502,0.5866367816925049,-0.2434074431657791,0.9677603840827942,0.45728257298469543,0.4897458255290985,-0.1273428052663803,0.969174861907959,0.5359880328178406,0.5717477798461914,-0.27890127897262573,0.944810152053833,0.4639323949813843,0.4939192533493042,-0.14863890409469604,0.9706348180770874,0.5322995781898499,0.5808795690536499,-0.2908952832221985,0.9463181495666504,0.4655512571334839,0.5031357407569885,-0.10993722081184387,0.9614657163619995,0.533025324344635,0.5849872827529907,-0.2517487108707428,0.9324257373809814,0.47980934381484985,0.5010131001472473,-0.007503041997551918,0.9997698068618774,0.524144172668457,0.5034408569335938,0.007426699623465538,0.9997223019599915,0.4783324897289276,0.3565894067287445,0.00654555531218648,0.9943290948867798,0.5281568765640259,0.3591184616088867,0.020556097850203514,0.9919120073318481,0.4738572835922241,0.23204924166202545,0.15248391032218933,0.9892386794090271,0.5298239588737488,0.23329821228981018,0.16351176798343658,0.9861809611320496,0.4772191047668457,0.215218648314476,0.1613059639930725,0.8940715789794922,0.5261021852493286,0.2202916443347931,0.17335663735866547,0.8995703458786011,0.4732453227043152,0.19468070566654205,0.056084707379341125,0.9814051389694214,0.536613404750824,0.1915038675069809,0.07471900433301926,0.9795607924461365
yena_pick_up_normal_05,231,77,7.7009625,29.996250468691414,10,0.50633704662323,0.7852230072021484,-0.20191802084445953,0.9999784827232361,0.5006164908409119,0.79783695936203,-0.1888725310564041,0.9999250769615173,0.49716222286224365,0.7975437641143799,-0.1888691633939743,0.9999225735664368,0.49457603693008423,0.7969309091567993,-0.188837930560112,0.9999117851257324,0.5099855065345764,0.7980748414993286,-0.1863485723733902,0.9999135732650757,0.5128601789474487,0.7981158494949341,-0.1863507181406021,0.9999110698699951,0.5155567526817322,0.7978280186653137,-0.18636034429073334,0.9999040365219116,0.4902277886867523,0.7882399559020996,-0.10397998243570328,0.9998619556427002,0.5172623991966248,0.7884482741355896,-0.09355530142784119,0.9998081922531128,0.5000684261322021,0.7673874497413635,-0.17001350224018097,0.999974250793457,0.5113642811775208,0.7683616876602173,-0.16721349954605103,0.9999719262123108,0.46864053606987,0.7012538313865662,-0.05573135241866112,0.9999681711196899,0.5384129881858826,0.7026681900024414,-0.03425515815615654,0.9998641610145569,0.4521864950656891,0.605767548084259,-0.03364960104227066,0.9902646541595459,0.5574773550033569,0.6145449280738831,-0.07976209372282028,0.9701914191246033,0.4582475423812866,0.5209943652153015,-0.10380666702985764,0.9854212403297424,0.5422582030296326,0.5855901837348938,-0.2416369915008545,0.9684097766876221,0.45736584067344666,0.48964443802833557,-0.12911032140254974,0.9700269103050232,0.5361178517341614,0.5705559253692627,-0.2769349217414856,0.9461257457733154,0.4639873504638672,0.49389275908470154,-0.1505778282880783,0.971412718296051,0.532453179359436,0.579749345779419,-0.28953537344932556,0.9475369453430176,0.465614378452301,0.5031575560569763,-0.11269669979810715,0.9624089002609253,0.5330255031585693,0.5838387608528137,-0.2501305043697357,0.9338068962097168,0.4798154830932617,0.5004546046257019,-0.007457412779331207,0.9997680187225342,0.5241578817367554,0.5029268264770508,0.007383952848613262,0.9997228384017944,0.4784155786037445,0.3565095365047455,0.004607108421623707,0.9944491386413574,0.5283204913139343,0.3588399887084961,0.018907597288489342,0.992089033126831,0.4739149212837219,0.23161190748214722,0.15604659914970398,0.9896254539489746,0.5299447774887085,0.2332606315612793,0.16590875387191772,0.9868089556694031,0.47718337178230286,0.215032160282135,0.1649216264486313,0.8947589993476868,0.5261889100074768,0.22045865654945374,0.17533640563488007,0.8997546434402466,0.4732547998428345,0.19435639679431915,0.05948835238814354,0.9820552468299866,0.5366081595420837,0.19118888676166534,0.07597089558839798,0.9803646206855774
yena_pick_up_normal_05,234,78,7.800975,29.996250468691414,10,0.5063130855560303,0.7849888801574707,-0.20404581725597382,0.9999791383743286,0.5005996227264404,0.7976371645927429,-0.19166676700115204,0.9999278783798218,0.49714866280555725,0.797333300113678,-0.1916632056236267,0.9999253153800964,0.49456316232681274,0.7967122793197632,-0.19163532555103302,0.9999150633811951,0.5099778771400452,0.7979098558425903,-0.18936605751514435,0.9999168515205383,0.5128100514411926,0.7979729175567627,-0.18936742842197418,0.9999144077301025,0.5155378580093384,0.7976779341697693,-0.18937453627586365,0.9999076128005981,0.4902125298976898,0.7880076766014099,-0.10739041864871979,0.9998672604560852,0.5172218680381775,0.7882106304168701,-0.09715019911527634,0.9998137354850769,0.5000507831573486,0.767071545124054,-0.17203184962272644,0.9999750852584839,0.5113528966903687,0.7680093050003052,-0.16966062784194946,0.9999725818634033,0.46856552362442017,0.7009390592575073,-0.05777188390493393,0.9999668598175049,0.5384056568145752,0.7022232413291931,-0.03703419864177704,0.9998596906661987,0.4521772563457489,0.6054344177246094,-0.034728579223155975,0.9903608560562134,0.5574530363082886,0.6141424775123596,-0.0827394500374794,0.9696351885795593,0.4582839608192444,0.5207794904708862,-0.10443691164255142,0.9857904314994812,0.5421667098999023,0.5843069553375244,-0.2459627240896225,0.968891978263855,0.4574276804924011,0.4894739091396332,-0.12937085330486298,0.9706730246543884,0.5361608266830444,0.5690480470657349,-0.2811071276664734,0.9471929669380188,0.46402406692504883,0.49370744824409485,-0.15065965056419373,0.9719869494438171,0.5325048565864563,0.5783818364143372,-0.29341113567352295,0.9484983682632446,0.46566057205200195,0.5029423832893372,-0.1131117194890976,0.9631159901618958,0.5330089330673218,0.5825716853141785,-0.25431254506111145,0.9348827004432678,0.47983404994010925,0.49963119626045227,-0.007433162070810795,0.9997661709785461,0.5241764187812805,0.5021414756774902,0.007356426678597927,0.999722421169281,0.4784851372241974,0.35585758090019226,0.00393217196688056,0.9945329427719116,0.5284526348114014,0.358027845621109,0.020434577018022537,0.9922081828117371,0.4739529490470886,0.23075218498706818,0.1580774188041687,0.989899754524231,0.5299659371376038,0.23282678425312042,0.17488594353199005,0.987285315990448,0.4771658778190613,0.2143997997045517,0.16727061569690704,0.8949714303016663,0.5262208580970764,0.22047482430934906,0.18490318953990936,0.899401068687439,0.47325706481933594,0.19374218583106995,0.062218956649303436,0.9825509190559387,0.5365551114082336,0.1906972974538803,0.08592582494020462,0.9809762239456177
yena_pick_up_normal_05,237,79,7.900987499999999,29.996250468691414,10,0.5062916874885559,0.7846381068229675,-0.20595784485340118,0.9999797940254211,0.5005826354026794,0.7973164319992065,-0.1924574375152588,0.9999305605888367,0.4971352517604828,0.7970125675201416,-0.19244946539402008,0.9999279379844666,0.49455347657203674,0.7963861227035522,-0.19240997731685638,0.9999181032180786,0.5099660754203796,0.7975815534591675,-0.18980646133422852,0.9999200105667114,0.5127795934677124,0.7976537942886353,-0.189816415309906,0.9999176859855652,0.5155300498008728,0.797362744808197,-0.18983612954616547,0.9999110698699951,0.4902046024799347,0.7876744866371155,-0.10869483649730682,0.9998720288276672,0.5171921849250793,0.7879731059074402,-0.09897318482398987,0.9998195171356201,0.5000337362289429,0.7667054533958435,-0.1736871600151062,0.999975860118866,0.5113393664360046,0.7676083445549011,-0.17097273468971252,0.9999732375144958,0.468502938747406,0.700705885887146,-0.05872387811541557,0.9999657869338989,0.5383884310722351,0.701901376247406,-0.03739609196782112,0.9998567700386047,0.45214250683784485,0.6052022576332092,-0.035436537116765976,0.990443229675293,0.5574120283126831,0.6139959692955017,-0.08525273203849792,0.969246506690979,0.4583030939102173,0.5206570625305176,-0.10607866197824478,0.9860982298851013,0.5421322584152222,0.5836678743362427,-0.24680973589420319,0.9693476557731628,0.45744720101356506,0.4892907738685608,-0.13081581890583038,0.9711827635765076,0.536196768283844,0.568567156791687,-0.28171825408935547,0.9481592178344727,0.4640668034553528,0.49353501200675964,-0.15235570073127747,0.9724408388137817,0.5325874090194702,0.5778732299804688,-0.29410049319267273,0.9493747353553772,0.4656994640827179,0.5028175711631775,-0.11486316472291946,0.9636787176132202,0.5330049395561218,0.5820380449295044,-0.25513511896133423,0.9358606338500977,0.4798491299152374,0.4991477131843567,-0.007405006792396307,0.9997661113739014,0.5241823196411133,0.5016113519668579,0.00731966458261013,0.9997240304946899,0.4785628914833069,0.3553571403026581,0.0031419063452631235,0.9946247339248657,0.5286041498184204,0.35781291127204895,0.020972302183508873,0.9923582673072815,0.4739903211593628,0.2303863912820816,0.15940186381340027,0.9901955127716064,0.5300124287605286,0.2328212708234787,0.178294375538826,0.9877760410308838,0.4771614670753479,0.21413448452949524,0.16863928735256195,0.8958725333213806,0.5262321829795837,0.22058884799480438,0.1885431408882141,0.8996661901473999,0.4732730984687805,0.1935124546289444,0.06365365535020828,0.9830895662307739,0.5365225672721863,0.19054247438907623,0.09005840122699738,0.9816261529922485
yena_pick_up_normal_05,240,80,8.001,29.996250468691414,10,0.5062721967697144,0.7841188311576843,-0.20637471973896027,0.9999803304672241,0.5005662441253662,0.7968185544013977,-0.19285182654857635,0.9999327063560486,0.49712201952934265,0.7965092658996582,-0.19284652173519135,0.9999299645423889,0.4945468008518219,0.7958834767341614,-0.1928149163722992,0.9999204874038696,0.509955108165741,0.7970735430717468,-0.19036971032619476,0.999922513961792,0.5127546191215515,0.7971479296684265,-0.1903752237558365,0.9999201893806458,0.5155154466629028,0.7968851923942566,-0.19038669764995575,0.99991375207901,0.49018996953964233,0.7873104810714722,-0.10975714027881622,0.9998758435249329,0.5171750783920288,0.7876732349395752,-0.10008392482995987,0.9998239278793335,0.5000227093696594,0.7662754058837891,-0.17397579550743103,0.9999764561653137,0.5113238096237183,0.7671183347702026,-0.17115068435668945,0.999973714351654,0.4684830904006958,0.7004991769790649,-0.05961976200342178,0.9999646544456482,0.5383750200271606,0.7016552686691284,-0.03819606453180313,0.9998534917831421,0.4521353840827942,0.6049929261207581,-0.03589482605457306,0.9905082583427429,0.557390034198761,0.6139407753944397,-0.08716806024312973,0.9688549041748047,0.45832809805870056,0.520502507686615,-0.106264129281044,0.9864022135734558,0.5420049428939819,0.5830571055412292,-0.24779799580574036,0.9696642160415649,0.4574747681617737,0.4891339838504791,-0.13116249442100525,0.9717103838920593,0.5362521409988403,0.5679753422737122,-0.2827187180519104,0.9489245414733887,0.4640902876853943,0.4934273064136505,-0.1525171399116516,0.9729112982749939,0.5326129198074341,0.5773661732673645,-0.29502567648887634,0.9500575661659241,0.46572503447532654,0.5027186870574951,-0.11505606025457382,0.964268684387207,0.5329951643943787,0.5815751552581787,-0.2560899555683136,0.9366248250007629,0.4798833727836609,0.4988219141960144,-0.007109054364264011,0.9997645020484924,0.5241869688034058,0.5012280941009521,0.007012674584984779,0.9997244477272034,0.4785969853401184,0.35509759187698364,0.0030034841038286686,0.9946774244308472,0.5289216637611389,0.35747426748275757,0.020209994167089462,0.9924850463867188,0.47403472661972046,0.23024071753025055,0.15965525805950165,0.99039626121521,0.5300729274749756,0.23250170052051544,0.17614105343818665,0.988167405128479,0.47716179490089417,0.2140282690525055,0.16881278157234192,0.8964285850524902,0.5262621641159058,0.22046418488025665,0.18622316420078278,0.8994733691215515,0.4732631742954254,0.19334986805915833,0.06423692405223846,0.9834597706794739,0.5365176796913147,0.19024614989757538,0.08775205165147781,0.982093334197998
yena_pick_up_normal_05,243,81,8.1010125,29.996250468691414,10,0.5062583088874817,0.7835904955863953,-0.2069350779056549,0.999980628490448,0.5005490183830261,0.7962357401847839,-0.193715438246727,0.999934196472168,0.4971061050891876,0.7958849668502808,-0.19371125102043152,0.9999313354492188,0.4945462644100189,0.7952533960342407,-0.19368216395378113,0.9999222159385681,0.5099382996559143,0.7965709567070007,-0.19125433266162872,0.9999243021011353,0.5127451419830322,0.7966471314430237,-0.19125770032405853,0.9999219179153442,0.5154942274093628,0.7964291572570801,-0.19126500189304352,0.9999155402183533,0.4901728630065918,0.7868439555168152,-0.11047467589378357,0.9998784065246582,0.5171674489974976,0.7873873114585876,-0.10074663162231445,0.9998266100883484,0.500045120716095,0.765800416469574,-0.17461280524730682,0.9999768137931824,0.5113198757171631,0.7666202783584595,-0.17176127433776855,0.9999739527702332,0.46844273805618286,0.7004692554473877,-0.060291167348623276,0.9999637007713318,0.5383814573287964,0.701499342918396,-0.03939708322286606,0.9998505115509033,0.452139288187027,0.6048214435577393,-0.03619374707341194,0.9905272126197815,0.5573745965957642,0.6137983798980713,-0.08905790746212006,0.968400776386261,0.4583400785923004,0.5205041766166687,-0.10750643908977509,0.9866945743560791,0.5419304370880127,0.5827627778053284,-0.24986501038074493,0.9698302745819092,0.45749956369400024,0.4890804588794708,-0.13208530843257904,0.9722630381584167,0.5362702012062073,0.5674771070480347,-0.2848917245864868,0.9494835734367371,0.4641093313694,0.4934051036834717,-0.15392202138900757,0.9734085202217102,0.5326457619667053,0.5770031213760376,-0.2972537875175476,0.9505417943000793,0.46574079990386963,0.5027241706848145,-0.11642325669527054,0.9648855924606323,0.5329880714416504,0.5812858939170837,-0.25818362832069397,0.9371539354324341,0.47989192605018616,0.4987555742263794,-0.006562748458236456,0.9997631907463074,0.5241988897323608,0.5012481212615967,0.00645786477252841,0.999724805355072,0.4786480963230133,0.355064332485199,0.003486654255539179,0.9947092533111572,0.5290788412094116,0.3573538661003113,0.020078303292393684,0.9925562143325806,0.47407421469688416,0.23026753962039948,0.15870040655136108,0.9905580282211304,0.5301582217216492,0.23247990012168884,0.17450472712516785,0.988471269607544,0.4771665930747986,0.21409469842910767,0.16765867173671722,0.8968034982681274,0.5263245105743408,0.22047929465770721,0.18439504504203796,0.8987188339233398,0.47319599986076355,0.19331860542297363,0.06334017217159271,0.9837599992752075,0.5364883542060852,0.19019494950771332,0.0858924388885498,0.982441782951355
yena_pick_up_normal_05,246,82,8.201025,29.996250468691414,10,0.5062458515167236,0.7833579182624817,-0.20703834295272827,0.9999806880950928,0.5005356073379517,0.7959111928939819,-0.19407786428928375,0.9999349117279053,0.4970933198928833,0.7955387234687805,-0.19407351315021515,0.9999318718910217,0.49454593658447266,0.7949017286300659,-0.19404543936252594,0.999923050403595,0.5099179744720459,0.7962765097618103,-0.19144614040851593,0.9999251365661621,0.5127197504043579,0.7963618636131287,-0.19144585728645325,0.9999226927757263,0.5154762864112854,0.7961628437042236,-0.19144518673419952,0.9999163150787354,0.490159809589386,0.7865778207778931,-0.11092715710401535,0.9998794198036194,0.5171548128128052,0.7872256636619568,-0.10098432004451752,0.9998275637626648,0.5000512599945068,0.7656069993972778,-0.1748465597629547,0.9999768733978271,0.5113307237625122,0.7663461565971375,-0.17194542288780212,0.9999738335609436,0.4684029221534729,0.7004854083061218,-0.060601651668548584,0.9999623894691467,0.5383967757225037,0.7014254927635193,-0.04157174751162529,0.9998466372489929,0.45218467712402344,0.6046827435493469,-0.03600187972187996,0.9904441833496094,0.5573000311851501,0.6136380434036255,-0.09047922492027283,0.9677419662475586,0.4583534598350525,0.5202708840370178,-0.10820560157299042,0.9868449568748474,0.5416676998138428,0.5823089480400085,-0.2501031160354614,0.9696986079216003,0.4575158953666687,0.48892349004745483,-0.13257871568202972,0.9725701212882996,0.5363302826881409,0.5667297840118408,-0.28505709767341614,0.9496120810508728,0.46413591504096985,0.49318069219589233,-0.15447932481765747,0.9736770987510681,0.5326295495033264,0.5763658881187439,-0.29769203066825867,0.950617790222168,0.46576058864593506,0.5024428367614746,-0.11711059510707855,0.9652183651924133,0.5329063534736633,0.5807468891143799,-0.25850507616996765,0.9371998906135559,0.47989943623542786,0.49872392416000366,-0.00611776951700449,0.9997608065605164,0.5242359638214111,0.5012476444244385,0.006009192205965519,0.9997240900993347,0.4787375330924988,0.35498112440109253,0.004455720540136099,0.9947273135185242,0.5292251110076904,0.35726314783096313,0.020041121169924736,0.9925934076309204,0.4740772247314453,0.2302318513393402,0.1588289886713028,0.9906922578811646,0.5302090644836426,0.2323938012123108,0.17415404319763184,0.9887142181396484,0.47714805603027344,0.21403314173221588,0.16767281293869019,0.8968294858932495,0.5263750553131104,0.22040680050849915,0.184003084897995,0.8977752327919006,0.4731272757053375,0.19333000481128693,0.06314919888973236,0.9840035438537598,0.5364695191383362,0.19015374779701233,0.08518978208303452,0.9827115535736084
yena_pick_up_normal_05,249,83,8.3010375,29.996250468691414,10,0.5062464475631714,0.7833383083343506,-0.21271735429763794,0.9999809265136719,0.5005311369895935,0.7958287596702576,-0.1995428502559662,0.9999359250068665,0.49709177017211914,0.7954515218734741,-0.19953519105911255,0.9999327659606934,0.4945603311061859,0.794808566570282,-0.19950446486473083,0.9999241828918457,0.5099035501480103,0.7962052226066589,-0.197170689702034,0.9999263882637024,0.5127087831497192,0.7963000535964966,-0.1971774697303772,0.9999239444732666,0.515489935874939,0.7960839867591858,-0.19719038903713226,0.9999176859855652,0.49017053842544556,0.7864763736724854,-0.11440770328044891,0.9998811483383179,0.517162561416626,0.7871254682540894,-0.10527074337005615,0.9998298287391663,0.5000913739204407,0.7655960917472839,-0.18025898933410645,0.9999771118164062,0.5114003419876099,0.7662826776504517,-0.17773491144180298,0.9999740123748779,0.46837684512138367,0.7005874514579773,-0.06300242245197296,0.9999614357948303,0.538421094417572,0.7013664245605469,-0.045662958174943924,0.9998438358306885,0.4522377550601959,0.6046867370605469,-0.036025069653987885,0.9903969168663025,0.5572527647018433,0.6136232614517212,-0.09036890417337418,0.967128574848175,0.45836785435676575,0.5202066898345947,-0.10868062824010849,0.9869312047958374,0.5411954522132874,0.5818730592727661,-0.24734185636043549,0.9693874716758728,0.45751768350601196,0.48895516991615295,-0.1327895075082779,0.9727329015731812,0.5362845063209534,0.5660539269447327,-0.28195399045944214,0.9493804574012756,0.46415847539901733,0.49317842721939087,-0.15486618876457214,0.9738089442253113,0.5324500203132629,0.5756379961967468,-0.2946566939353943,0.9503321647644043,0.46578124165534973,0.502407431602478,-0.1176016628742218,0.9653863906860352,0.5326213240623474,0.5801477432250977,-0.25569310784339905,0.9368080496788025,0.4799066483974457,0.4988034963607788,-0.006111879833042622,0.9997592568397522,0.5242514610290527,0.5013071298599243,0.006002711597830057,0.9997234344482422,0.47887393832206726,0.35493704676628113,0.004519765265285969,0.9947547912597656,0.5293119549751282,0.35718971490859985,0.022319484502077103,0.9926226735115051,0.47407957911491394,0.2302541434764862,0.15905120968818665,0.9908214807510376,0.5302255749702454,0.23249530792236328,0.17986896634101868,0.9889214634895325,0.47703850269317627,0.2140776515007019,0.1679021716117859,0.8963529467582703,0.526396632194519,0.22068682312965393,0.1901247799396515,0.8970248103141785,0.4731297791004181,0.19333532452583313,0.06289611011743546,0.984239399433136,0.536278486251831,0.1901026964187622,0.09132251143455505,0.9829623103141785
yena_pick_up_normal_05,252,84,8.40105,29.996250468691414,10,0.5062549710273743,0.7830983996391296,-0.2154565006494522,0.9999812841415405,0.5005429983139038,0.7955937385559082,-0.20235709846019745,0.9999374747276306,0.4971035122871399,0.7952144145965576,-0.20235177874565125,0.9999343156814575,0.4945829212665558,0.794581949710846,-0.2023240029811859,0.9999260902404785,0.509912371635437,0.7959759831428528,-0.1998976767063141,0.9999279975891113,0.5127426385879517,0.7960600256919861,-0.19990524649620056,0.9999254941940308,0.5155414938926697,0.7958398461341858,-0.19992157816886902,0.9999193549156189,0.4902065098285675,0.7863184213638306,-0.11633919924497604,0.9998846054077148,0.5172017216682434,0.7869744300842285,-0.10658960789442062,0.9998331665992737,0.5001226663589478,0.7653872966766357,-0.18277044594287872,0.999977707862854,0.5114690065383911,0.7660186290740967,-0.1800997257232666,0.9999744892120361,0.4683574140071869,0.7007114887237549,-0.0640697255730629,0.9999615550041199,0.5384284257888794,0.7015751004219055,-0.0461726114153862,0.9998415112495422,0.4522956907749176,0.6047187447547913,-0.036157771944999695,0.9904465675354004,0.5572015643119812,0.6139111518859863,-0.08942843228578568,0.9666938781738281,0.4583840072154999,0.5202063322067261,-0.10873834043741226,0.9871278405189514,0.54078209400177,0.581768274307251,-0.24672646820545197,0.9693406224250793,0.4574858844280243,0.4891359210014343,-0.13255095481872559,0.9731109142303467,0.5362347960472107,0.5657086372375488,-0.2815895676612854,0.9495227932929993,0.4641662836074829,0.4933464229106903,-0.15495935082435608,0.9741507768630981,0.532304048538208,0.5751813054084778,-0.2944265902042389,0.9504254460334778,0.4657941460609436,0.5025473237037659,-0.11775320023298264,0.9658129215240479,0.5323790907859802,0.5797972679138184,-0.25515061616897583,0.9368747472763062,0.47996893525123596,0.4988028109073639,-0.006252374034374952,0.9997605085372925,0.5243983864784241,0.5012701153755188,0.006144179962575436,0.9997233152389526,0.4793229103088379,0.35484111309051514,0.0037825116887688637,0.994804859161377,0.5293792486190796,0.35713040828704834,0.02451564557850361,0.992624044418335,0.47410327196121216,0.23026823997497559,0.16038313508033752,0.9909098148345947,0.5302342176437378,0.23275576531887054,0.18652421236038208,0.9890453815460205,0.4770161509513855,0.21423465013504028,0.1696460098028183,0.8951213955879211,0.5264082551002502,0.22122834622859955,0.19733653962612152,0.8959970474243164,0.473624587059021,0.19328580796718597,0.06382447481155396,0.9843885898590088,0.5361272096633911,0.1900540143251419,0.09862811118364334,0.9831211566925049
yena_pick_up_normal_05,255,85,8.5010625,29.996250468691414,10,0.5062838792800903,0.7828951478004456,-0.222088024020195,0.9999815821647644,0.5005766749382019,0.7953966856002808,-0.20915693044662476,0.9999387860298157,0.49712660908699036,0.7950244545936584,-0.20915153622627258,0.9999355673789978,0.49460554122924805,0.7944067716598511,-0.20912432670593262,0.9999275207519531,0.509951651096344,0.7957693338394165,-0.206539586186409,0.9999293684959412,0.5128176808357239,0.7958405017852783,-0.2065504491329193,0.9999268651008606,0.5156115293502808,0.7956167459487915,-0.20657044649124146,0.9999209046363831,0.49022534489631653,0.7862377166748047,-0.122254379093647,0.9998874068260193,0.5172488689422607,0.7868676781654358,-0.11165501177310944,0.9998366832733154,0.5001556277275085,0.7651989459991455,-0.1890813261270523,0.999978244304657,0.5115380883216858,0.7657989859580994,-0.18620485067367554,0.9999749660491943,0.46834123134613037,0.700725257396698,-0.06856587529182434,0.9999616742134094,0.5384514331817627,0.7017712593078613,-0.04910006746649742,0.999840497970581,0.4523630142211914,0.6046426296234131,-0.03639485314488411,0.9903783202171326,0.5571407079696655,0.6140015721321106,-0.08890093117952347,0.9663463234901428,0.45851460099220276,0.520030677318573,-0.10797266662120819,0.987147331237793,0.5400232672691345,0.5814244747161865,-0.24539847671985626,0.9692210555076599,0.4575046896934509,0.4890562891960144,-0.13108405470848083,0.9731840491294861,0.5358538031578064,0.5653591752052307,-0.2800823450088501,0.9495114088058472,0.4641852080821991,0.4932430684566498,-0.15396687388420105,0.974196195602417,0.5318194031715393,0.5748050212860107,-0.2929472029209137,0.9503600001335144,0.4658330976963043,0.5024088025093079,-0.11704304069280624,0.965859591960907,0.5318421721458435,0.579395055770874,-0.2538195252418518,0.9367221593856812,0.4799918830394745,0.4987410306930542,-0.006580820307135582,0.9997643232345581,0.5245502591133118,0.5011279582977295,0.0064724283292889595,0.9997251033782959,0.479676753282547,0.3542100191116333,0.002659477759152651,0.9948168396949768,0.5294011235237122,0.35686302185058594,0.027911968529224396,0.9925981163978577,0.4741075336933136,0.23021425306797028,0.16415418684482574,0.99095618724823,0.5302452445030212,0.23307262361049652,0.19909515976905823,0.989130973815918,0.47690555453300476,0.21428029239177704,0.17414680123329163,0.8939371109008789,0.5264779925346375,0.22254039347171783,0.21104571223258972,0.8952761888504028,0.4740142524242401,0.19299468398094177,0.06783673912286758,0.9845215082168579,0.5359969735145569,0.19003844261169434,0.1132875606417656,0.9832683801651001
yena_pick_up_normal_05,258,86,8.601075,29.996250468691414,10,0.5063183903694153,0.7827105522155762,-0.22793838381767273,0.9999818205833435,0.5005990266799927,0.7952435612678528,-0.215132474899292,0.9999399781227112,0.4971352219581604,0.7948852777481079,-0.21512675285339355,0.9999366402626038,0.4946173429489136,0.7942865490913391,-0.21510092914104462,0.9999287724494934,0.5100106000900269,0.7955906391143799,-0.21257227659225464,0.9999306797981262,0.5129340887069702,0.7956556081771851,-0.21258500218391418,0.9999281764030457,0.5157065987586975,0.7954335808753967,-0.21260526776313782,0.9999223947525024,0.49022844433784485,0.7862277030944824,-0.1276380866765976,0.9998899698257446,0.5173268914222717,0.7867950201034546,-0.11734119057655334,0.9998404383659363,0.500190019607544,0.765026867389679,-0.19463039934635162,0.99997878074646,0.5116013884544373,0.7656084895133972,-0.19185185432434082,0.9999755024909973,0.46832743287086487,0.7008131742477417,-0.0725194662809372,0.9999618530273438,0.5384959578514099,0.7019908428192139,-0.05307701975107193,0.9998399019241333,0.45237648487091064,0.604630708694458,-0.036891158670186996,0.9903209209442139,0.5570968389511108,0.6139321327209473,-0.08917791396379471,0.9661688804626465,0.45866918563842773,0.519905686378479,-0.10739846527576447,0.9871597290039062,0.5394407510757446,0.5812780857086182,-0.2446213811635971,0.9692018032073975,0.4575749635696411,0.488954097032547,-0.13013607263565063,0.9732385277748108,0.5354100465774536,0.5651630759239197,-0.2792230546474457,0.9496338963508606,0.4642277657985687,0.4931327998638153,-0.15330101549625397,0.9742254018783569,0.5313554406166077,0.5746322870254517,-0.29208987951278687,0.9504247307777405,0.46589410305023193,0.5022901296615601,-0.11649143695831299,0.9658981561660767,0.5313649773597717,0.5791827440261841,-0.2530246376991272,0.9366973042488098,0.48001721501350403,0.498574823141098,-0.006734603550285101,0.9997686743736267,0.5246806740760803,0.5009657740592957,0.0066275764256715775,0.9997276663780212,0.4797414243221283,0.35366734862327576,0.0020445832051336765,0.9947898983955383,0.5294229388237,0.3567224144935608,0.029349680989980698,0.9925534725189209,0.4741303026676178,0.23023264110088348,0.16896255314350128,0.9909116625785828,0.5302618741989136,0.2337830364704132,0.20572547614574432,0.989163339138031,0.47690555453300476,0.2147008627653122,0.17965126037597656,0.8927364945411682,0.5265370011329651,0.2242136299610138,0.21835395693778992,0.8945819139480591,0.4740285277366638,0.1924646496772766,0.07423344254493713,0.9845357537269592,0.5359439253807068,0.19000186026096344,0.12126342952251434,0.9833148717880249
yena_pick_up_normal_05,261,87,8.7010875,29.996250468691414,10,0.5063267946243286,0.7826821804046631,-0.23067212104797363,0.999981701374054,0.5006008744239807,0.7953284382820129,-0.21789738535881042,0.9999399185180664,0.49713391065597534,0.7949937582015991,-0.21789297461509705,0.9999364614486694,0.49462276697158813,0.7943992018699646,-0.21786771714687347,0.9999285340309143,0.5100307464599609,0.7956426739692688,-0.21541756391525269,0.9999306201934814,0.512980043888092,0.7957156896591187,-0.21543146669864655,0.9999281764030457,0.5157530903816223,0.7954739332199097,-0.21545390784740448,0.9999224543571472,0.49023082852363586,0.7863625884056091,-0.13011938333511353,0.9998903274536133,0.5173819065093994,0.7869114875793457,-0.12020429968833923,0.9998415112495422,0.5001975893974304,0.764992892742157,-0.19723133742809296,0.9999788403511047,0.5116298198699951,0.7655136585235596,-0.1945631355047226,0.9999755620956421,0.4683200418949127,0.700898289680481,-0.07445336878299713,0.9999613761901855,0.5385399460792542,0.7022429704666138,-0.0554656945168972,0.9998390078544617,0.45238199830055237,0.6046178936958313,-0.03787089139223099,0.9901745319366455,0.5570653676986694,0.6138709187507629,-0.08927308022975922,0.9658284783363342,0.45883050560951233,0.5198031663894653,-0.10763073712587357,0.9869703650474548,0.5393363237380981,0.5810975432395935,-0.24415498971939087,0.9690041542053223,0.45759737491607666,0.4888818860054016,-0.13042451441287994,0.9729203581809998,0.5352915525436401,0.5650233626365662,-0.2787204384803772,0.9495424032211304,0.46423760056495667,0.4930512011051178,-0.1535360962152481,0.9739024043083191,0.5312467217445374,0.5745063424110413,-0.29156601428985596,0.9503023624420166,0.46591702103614807,0.5021988749504089,-0.11672160029411316,0.9655069708824158,0.5312671661376953,0.5790330171585083,-0.25254586338996887,0.9364579319953918,0.4800941050052643,0.4984248876571655,-0.006740525830537081,0.9997709393501282,0.524922788143158,0.5008503794670105,0.006634154357016087,0.999729573726654,0.4797433018684387,0.3533569276332855,0.0024998995941132307,0.9947762489318848,0.5294366478919983,0.35669082403182983,0.029514407739043236,0.9925774931907654,0.47413158416748047,0.23029401898384094,0.1724763661623001,0.9909395575523376,0.5302789211273193,0.23407885432243347,0.20525984466075897,0.9893027544021606,0.47687044739723206,0.2149311900138855,0.1832212507724762,0.8926414251327515,0.5265427231788635,0.22474603354930878,0.21772877871990204,0.8947702050209045,0.4739779829978943,0.1922941654920578,0.0781930610537529,0.984650731086731,0.5358706712722778,0.18999384343624115,0.12031672894954681,0.9834920167922974
yena_pick_up_normal_05,264,88,8.8011,29.996250468691414,10,0.5063410997390747,0.782579779624939,-0.22780680656433105,0.9999821186065674,0.5005990862846375,0.7952995896339417,-0.21496765315532684,0.9999415874481201,0.49713242053985596,0.7949353456497192,-0.2149629145860672,0.9999380111694336,0.49462729692459106,0.7943670749664307,-0.2149345874786377,0.9999301433563232,0.5100448131561279,0.7955918908119202,-0.21256773173809052,0.9999324679374695,0.5130075812339783,0.795665979385376,-0.21257977187633514,0.9999300837516785,0.5158008337020874,0.7953924536705017,-0.21260081231594086,0.9999245405197144,0.4902293086051941,0.786278486251831,-0.1276763528585434,0.9998934864997864,0.5174541473388672,0.7868305444717407,-0.11779432743787766,0.9998462200164795,0.5002472996711731,0.7648816704750061,-0.1944773644208908,0.9999793767929077,0.5117051601409912,0.7654018998146057,-0.19186989963054657,0.9999762177467346,0.46832627058029175,0.7008694410324097,-0.07370414584875107,0.9999617338180542,0.5386626720428467,0.7023328542709351,-0.0547395758330822,0.9998403787612915,0.45244571566581726,0.6045712828636169,-0.03833765536546707,0.9900403022766113,0.5570818185806274,0.6138288974761963,-0.09834024310112,0.9659127593040466,0.45908454060554504,0.5197290182113647,-0.1108638197183609,0.9870136976242065,0.5398381352424622,0.5808008313179016,-0.2633221447467804,0.9696190357208252,0.4576924443244934,0.4888211190700531,-0.13431037962436676,0.9730948209762573,0.5358290076255798,0.5649656653404236,-0.30024534463882446,0.9507148265838623,0.4643431305885315,0.49299269914627075,-0.15760131180286407,0.9740360379219055,0.5318840146064758,0.5742858648300171,-0.3127371072769165,0.9514409899711609,0.4660581946372986,0.502129316329956,-0.1201334148645401,0.9656739830970764,0.5319478511810303,0.5788364410400391,-0.27181246876716614,0.9378055930137634,0.4804268479347229,0.4976005256175995,-0.006772115360945463,0.999778151512146,0.525261640548706,0.4998696744441986,0.0066675725392997265,0.9997376203536987,0.47973862290382385,0.35326120257377625,0.0060905637219548225,0.9948511719703674,0.5296089053153992,0.3566915988922119,0.03574104607105255,0.9926254749298096,0.4740718901157379,0.23053838312625885,0.17551593482494354,0.9910253882408142,0.5304746031761169,0.2343650609254837,0.21495601534843445,0.9894774556159973,0.4766375422477722,0.2153598815202713,0.18615953624248505,0.8930605053901672,0.5267854332923889,0.22489489614963531,0.22785061597824097,0.895754337310791,0.4739361107349396,0.19228589534759521,0.08140308409929276,0.9849076271057129,0.5358641743659973,0.19000829756259918,0.13109803199768066,0.9837393164634705
yena_pick_up_normal_05,267,89,8.9011125,29.996250468691414,10,0.5063403844833374,0.7813960313796997,-0.23176807165145874,0.9999818801879883,0.5005879998207092,0.7933377623558044,-0.21929773688316345,0.9999409914016724,0.4971289038658142,0.7930736541748047,-0.21929053962230682,0.9999372363090515,0.49463263154029846,0.7926909327507019,-0.21925930678844452,0.9999291300773621,0.5100483298301697,0.7937878370285034,-0.21738365292549133,0.9999318718910217,0.5130165815353394,0.7937076091766357,-0.2173927128314972,0.9999293684959412,0.5158281922340393,0.7936558127403259,-0.21741408109664917,0.9999237060546875,0.4902280867099762,0.7855478525161743,-0.1311519742012024,0.9998919367790222,0.5175303816795349,0.7862575054168701,-0.12378586083650589,0.9998453259468079,0.5002855658531189,0.7641056776046753,-0.19781632721424103,0.9999789595603943,0.511755108833313,0.7646880745887756,-0.19586680829524994,0.9999759793281555,0.46832582354545593,0.7008422613143921,-0.07423349469900131,0.9999613761901855,0.5387600660324097,0.7023491859436035,-0.06050046533346176,0.9998399615287781,0.4524585008621216,0.6045315861701965,-0.03990544006228447,0.9898585081100464,0.5570711493492126,0.6137247085571289,-0.09891228377819061,0.9658524990081787,0.4593329131603241,0.5197100639343262,-0.11380261927843094,0.9869454503059387,0.5396400094032288,0.5778932571411133,-0.2569308876991272,0.9694926142692566,0.4577814042568207,0.488773375749588,-0.1379125565290451,0.9730554223060608,0.5357469916343689,0.5616554021835327,-0.2927250564098358,0.9506661295890808,0.46438369154930115,0.492965966463089,-0.16166166961193085,0.973984956741333,0.5317252278327942,0.5713471174240112,-0.30528900027275085,0.9513772130012512,0.46613842248916626,0.5021151304244995,-0.12341001629829407,0.9656230807304382,0.5317798256874084,0.5762550234794617,-0.2653365731239319,0.9377067685127258,0.48063692450523376,0.49748632311820984,-0.006677231285721064,0.9997817873954773,0.5254310369491577,0.49975189566612244,0.006578213069587946,0.9997422695159912,0.4797529876232147,0.353738009929657,0.01889077015221119,0.9948726296424866,0.5296266078948975,0.3573981821537018,0.042737361043691635,0.9926320910453796,0.47401660680770874,0.2313542366027832,0.17807377874851227,0.9911490678787231,0.5306913256645203,0.23446013033390045,0.2127089649438858,0.9896509647369385,0.4764446020126343,0.21631939709186554,0.18776847422122955,0.8938863277435303,0.5270976424217224,0.22488383948802948,0.2245899736881256,0.8968858122825623,0.47390902042388916,0.19241856038570404,0.08297099173069,0.9851519465446472,0.5358590483665466,0.1901642233133316,0.12720879912376404,0.9839368462562561
yena_pick_up_normal_05,270,90,9.001125,29.996250468691414,10,0.5064646601676941,0.7791690230369568,-0.23541735112667084,0.9999813437461853,0.5007242560386658,0.7910950183868408,-0.22334705293178558,0.9999396800994873,0.4972634017467499,0.7910057902336121,-0.2233423888683319,0.9999357461929321,0.494708389043808,0.7907741665840149,-0.22331362962722778,0.9999275207519531,0.5102101564407349,0.7915841937065125,-0.22147393226623535,0.999930202960968,0.513213574886322,0.7914707064628601,-0.22148378193378448,0.9999273419380188,0.5159631371498108,0.7914177179336548,-0.22150659561157227,0.999921441078186,0.49029117822647095,0.784195601940155,-0.13505107164382935,0.9998887777328491,0.5176891684532166,0.7848398685455322,-0.12805987894535065,0.9998413920402527,0.5004904270172119,0.7628284096717834,-0.20119695365428925,0.999978244304657,0.5119906663894653,0.7634098529815674,-0.1993439495563507,0.9999753832817078,0.4683213233947754,0.7008137702941895,-0.07646229863166809,0.999961256980896,0.5388813018798828,0.7023136019706726,-0.06348995864391327,0.9998385906219482,0.4524723291397095,0.6044295430183411,-0.04280058667063713,0.989616870880127,0.5571176409721375,0.6135463118553162,-0.0970863550901413,0.9653382897377014,0.45980972051620483,0.5194339752197266,-0.11708815395832062,0.9867831468582153,0.5386736989021301,0.5713863372802734,-0.24465303122997284,0.9681835770606995,0.4582107961177826,0.488518089056015,-0.14176346361637115,0.97282874584198,0.5350580215454102,0.5551705360412598,-0.2791595160961151,0.9488089680671692,0.4646729826927185,0.4925588071346283,-0.16577552258968353,0.9737623929977417,0.5309553742408752,0.564815878868103,-0.2933434844017029,0.9495113492012024,0.4664720296859741,0.5017024278640747,-0.12686476111412048,0.9653241038322449,0.5309750437736511,0.5701406598091125,-0.2531598210334778,0.9355185031890869,0.48078733682632446,0.4974270164966583,-0.006494904402643442,0.9997856020927429,0.5256112217903137,0.4997399151325226,0.006404635030776262,0.9997458457946777,0.47986382246017456,0.3540588617324829,0.023677777498960495,0.9947932362556458,0.5296341776847839,0.3578915596008301,0.04625546932220459,0.9925370216369629,0.4741312563419342,0.23203271627426147,0.18184901773929596,0.9911820888519287,0.5308396816253662,0.23498563468456268,0.21630634367465973,0.9897190928459167,0.4766821265220642,0.216836079955101,0.19154143333435059,0.8945269584655762,0.5273322463035583,0.22562135756015778,0.2282659113407135,0.8972933888435364,0.4739031493663788,0.19254402816295624,0.08723881095647812,0.9853103160858154,0.5358275771141052,0.19027405977249146,0.13118916749954224,0.9840190410614014
yena_pick_up_normal_05,273,91,9.1011375,29.996250468691414,10,0.5064522624015808,0.7766056060791016,-0.23341913521289825,0.9999809861183167,0.5007213950157166,0.7888953685760498,-0.22116312384605408,0.99993896484375,0.49726343154907227,0.7889090180397034,-0.22115400433540344,0.9999346733093262,0.4947110414505005,0.7886643409729004,-0.2211267501115799,0.9999263286590576,0.5102091431617737,0.7892414927482605,-0.21850942075252533,0.9999293088912964,0.5132193565368652,0.7890957593917847,-0.21852067112922668,0.9999260902404785,0.5159884095191956,0.7887657284736633,-0.21854114532470703,0.9999200701713562,0.4903006851673126,0.7818930149078369,-0.13389895856380463,0.9998860359191895,0.5178186297416687,0.7819100022315979,-0.12471481412649155,0.9998400807380676,0.5004698038101196,0.7611604928970337,-0.20066353678703308,0.9999774694442749,0.5119946002960205,0.7616655230522156,-0.1972348541021347,0.9999749064445496,0.4683188796043396,0.7004862427711487,-0.0728384256362915,0.9999610781669617,0.5390257239341736,0.7017282843589783,-0.06251124292612076,0.9998390078544617,0.45258572697639465,0.6038273572921753,-0.04202277213335037,0.9891112446784973,0.557123064994812,0.6133103370666504,-0.0974176824092865,0.9651879668235779,0.4607824683189392,0.5184941291809082,-0.1166110411286354,0.9865144491195679,0.5384032130241394,0.5646690130233765,-0.2428387701511383,0.9671156406402588,0.4593881368637085,0.48779359459877014,-0.14157633483409882,0.9724439382553101,0.5350793600082397,0.548808753490448,-0.27758392691612244,0.9472416639328003,0.46564871072769165,0.49194908142089844,-0.16535906493663788,0.9733721613883972,0.5309231877326965,0.5577759742736816,-0.2922394871711731,0.9479433298110962,0.4674040675163269,0.5011255741119385,-0.12639832496643066,0.96480792760849,0.5308808088302612,0.56333988904953,-0.25154736638069153,0.9338315725326538,0.4808656573295593,0.4969558119773865,-0.00542742433026433,0.9997907876968384,0.5256524682044983,0.49939173460006714,0.005358603782951832,0.9997531771659851,0.48002108931541443,0.3540516197681427,0.029310472309589386,0.9946871995925903,0.529647707939148,0.35853472352027893,0.045901790261268616,0.9923941493034363,0.47478488087654114,0.2333342432975769,0.18607372045516968,0.9911271929740906,0.5308939218521118,0.23552227020263672,0.21396252512931824,0.9897267818450928,0.4781390428543091,0.2187386453151703,0.19572201371192932,0.8953726291656494,0.5274761319160461,0.22587524354457855,0.2256658375263214,0.8975238800048828,0.4738970398902893,0.19274355471134186,0.09343639761209488,0.9853672981262207,0.535815417766571,0.19086866080760956,0.1290585994720459,0.9840114116668701
yena_pick_up_normal_05,276,92,9.20115,29.996250468691414,10,0.5061238408088684,0.769781768321991,-0.23737232387065887,0.9999814033508301,0.5004857778549194,0.7824254035949707,-0.22490067780017853,0.9999407529830933,0.4971957802772522,0.7823376059532166,-0.22489526867866516,0.9999364614486694,0.4946708083152771,0.7821743488311768,-0.2248593419790268,0.9999282360076904,0.509998083114624,0.7824193239212036,-0.2238318920135498,0.9999316334724426,0.5130580067634583,0.7825086712837219,-0.22383971512317657,0.9999281764030457,0.5158821940422058,0.7823411822319031,-0.2238544523715973,0.9999222159385681,0.49028366804122925,0.7761636972427368,-0.1353132426738739,0.9998893141746521,0.5178446769714355,0.7765173316001892,-0.13235130906105042,0.999846339225769,0.4999537169933319,0.7558652758598328,-0.20293836295604706,0.999977707862854,0.5117510557174683,0.7557529211044312,-0.20193147659301758,0.9999755024909973,0.4681568443775177,0.6968812346458435,-0.07691370695829391,0.9999615550041199,0.5393148064613342,0.6967135071754456,-0.06838550418615341,0.999842643737793,0.4525913894176483,0.6003445386886597,-0.04707486554980278,0.9888015389442444,0.557266354560852,0.6105161905288696,-0.10343906283378601,0.9654734134674072,0.4615372121334076,0.5155797004699707,-0.12371097505092621,0.9862613677978516,0.5384165644645691,0.5598476529121399,-0.24918216466903687,0.9662437438964844,0.4609356224536896,0.48497891426086426,-0.149764746427536,0.9720931649208069,0.5351285934448242,0.5413951277732849,-0.2840975224971771,0.9459279179573059,0.46679267287254333,0.4896102249622345,-0.1733337789773941,0.9729977250099182,0.5309280753135681,0.5487661361694336,-0.2995777726173401,0.9466350078582764,0.46835893392562866,0.4986697733402252,-0.13356497883796692,0.9643269777297974,0.5308732390403748,0.5557141900062561,-0.25829827785491943,0.9325757026672363,0.481047660112381,0.4937349557876587,-0.005467444658279419,0.9997940063476562,0.5256960391998291,0.49574393033981323,0.005409702192991972,0.999760091304779,0.48001956939697266,0.3532296419143677,0.03444715589284897,0.9947178959846497,0.5298694968223572,0.3581641614437103,0.05128774419426918,0.9924325346946716,0.475046843290329,0.23339365422725677,0.1841806024312973,0.9912320971488953,0.5308502912521362,0.235806405544281,0.21547037363052368,0.9898430109024048,0.47836539149284363,0.2187090963125229,0.19312982261180878,0.8972956538200378,0.5273223519325256,0.2258516252040863,0.22674866020679474,0.8996030688285828,0.4741673469543457,0.19289909303188324,0.09075745940208435,0.9855642318725586,0.5358713269233704,0.1916971355676651,0.13149072229862213,0.9840885400772095
yena_pick_up_normal_05,279,93,9.3011625,29.996250468691414,10,0.5060974955558777,0.760266125202179,-0.24154604971408844,0.9999821782112122,0.5004886388778687,0.7742477059364319,-0.23040644824504852,0.9999433159828186,0.4971994161605835,0.7745077013969421,-0.23039928078651428,0.9999390840530396,0.49468496441841125,0.7745659351348877,-0.23036126792430878,0.9999310970306396,0.509997546672821,0.7741044759750366,-0.22872909903526306,0.9999350309371948,0.5130575299263,0.7741660475730896,-0.22872966527938843,0.9999314546585083,0.5158824920654297,0.7739130258560181,-0.22873571515083313,0.9999257326126099,0.4902893602848053,0.7689378261566162,-0.1445178985595703,0.999893844127655,0.5178698897361755,0.769038200378418,-0.1381385624408722,0.9998540878295898,0.49985313415527344,0.7467607855796814,-0.20795249938964844,0.9999784231185913,0.5117233395576477,0.7467711567878723,-0.20621760189533234,0.9999765157699585,0.4679204821586609,0.6909558176994324,-0.0878395065665245,0.9999623894691467,0.539503276348114,0.6889066100120544,-0.06906648725271225,0.9998498558998108,0.4525962769985199,0.595439076423645,-0.0569223128259182,0.9888728857040405,0.557354211807251,0.6057949662208557,-0.09885482490062714,0.9654018878936768,0.46198001503944397,0.5093914270401001,-0.13162356615066528,0.9861189723014832,0.5389425158500671,0.5485705137252808,-0.24103330075740814,0.9658254981040955,0.4616236686706543,0.4788428544998169,-0.15810498595237732,0.9718849062919617,0.5356164574623108,0.5270683765411377,-0.2744010388851166,0.9454244375228882,0.46727821230888367,0.4836469292640686,-0.18087458610534668,0.9727787375450134,0.5310348272323608,0.5347058773040771,-0.291922926902771,0.9461544156074524,0.46885043382644653,0.4921683967113495,-0.14106717705726624,0.9640610814094543,0.5309272408485413,0.5415892004966736,-0.2507394850254059,0.9322455525398254,0.4812171757221222,0.48899394273757935,-0.0075528561137616634,0.9997935891151428,0.5256839394569397,0.49107134342193604,0.0075308592058718204,0.9997631311416626,0.47999662160873413,0.3504686951637268,0.028917495161294937,0.9948222637176514,0.5298640727996826,0.3564265966415405,0.057230595499277115,0.9925256967544556,0.4750978648662567,0.23315154016017914,0.1652473509311676,0.9914659857749939,0.5301061868667603,0.23560744524002075,0.21353548765182495,0.9900141954421997,0.4783267676830292,0.21821603178977966,0.17185470461845398,0.9000141024589539,0.5260482430458069,0.22460101544857025,0.22427868843078613,0.9024936556816101,0.47462159395217896,0.1934320330619812,0.07112209498882294,0.9858793020248413,0.5358312129974365,0.1921766847372055,0.13158133625984192,0.9842386245727539
yena_pick_up_normal_05,282,94,9.401175,29.996250468691414,10,0.5061013698577881,0.7433777451515198,-0.25477150082588196,0.9999829530715942,0.5005267858505249,0.7579979300498962,-0.2447674423456192,0.9999457001686096,0.4972156584262848,0.7583536505699158,-0.24475052952766418,0.9999415278434753,0.49470871686935425,0.7585436105728149,-0.24469809234142303,0.9999336004257202,0.5100305676460266,0.7582637667655945,-0.2436486929655075,0.9999386072158813,0.5130965113639832,0.758465588092804,-0.24365366995334625,0.99993497133255,0.5159406661987305,0.7583860158920288,-0.2436523735523224,0.9999296069145203,0.49028825759887695,0.7554249167442322,-0.15921230614185333,0.9998972415924072,0.5179131627082825,0.7555408477783203,-0.15526074171066284,0.9998628497123718,0.49990567564964294,0.7288367748260498,-0.2207600623369217,0.9999788403511047,0.5117357969284058,0.7280527949333191,-0.21970142424106598,0.9999774694442749,0.46786928176879883,0.6816193461418152,-0.09732761979103088,0.9999628663063049,0.5395029783248901,0.6786117553710938,-0.08247534185647964,0.9998587965965271,0.452459454536438,0.5874990820884705,-0.0650574117898941,0.9889440536499023,0.5573571920394897,0.5954644083976746,-0.10016126930713654,0.9658815860748291,0.46291258931159973,0.5010323524475098,-0.14202216267585754,0.9857006072998047,0.5387746095657349,0.5322460532188416,-0.24022112786769867,0.9653551578521729,0.4634953737258911,0.4717663526535034,-0.16896575689315796,0.971035897731781,0.5355240702629089,0.5087410807609558,-0.2732073962688446,0.9445542693138123,0.46916598081588745,0.4774356484413147,-0.19136743247509003,0.9719303846359253,0.5303313136100769,0.5195247530937195,-0.29054486751556396,0.9452710747718811,0.4706549644470215,0.4855579435825348,-0.15144488215446472,0.9629651308059692,0.5301158428192139,0.5265145301818848,-0.249577134847641,0.9312959909439087,0.4815192222595215,0.4814755916595459,-0.007992220111191273,0.9997811913490295,0.5254479050636292,0.48517659306526184,0.007983742281794548,0.9997603893280029,0.4796963632106781,0.34862372279167175,0.032100189477205276,0.9948958158493042,0.5299457907676697,0.3547487258911133,0.0521530844271183,0.9927477240562439,0.4749750792980194,0.23225493729114532,0.14747880399227142,0.9917922616004944,0.5295594334602356,0.235138937830925,0.19117823243141174,0.9903249144554138,0.47791823744773865,0.2163688838481903,0.15177685022354126,0.903473436832428,0.5249063968658447,0.22224965691566467,0.19933362305164337,0.9064323306083679,0.47519785165786743,0.19467610120773315,0.050165724009275436,0.9863486289978027,0.5354834794998169,0.1928369551897049,0.1093963235616684,0.9845585823059082
yena_pick_up_normal_05,285,95,9.5011875,29.996250468691414,10,0.5055345892906189,0.726013720035553,-0.2779586613178253,0.9999834299087524,0.5003290772438049,0.7396888136863708,-0.26858556270599365,0.9999468326568604,0.49713000655174255,0.7400221824645996,-0.2685639262199402,0.9999427795410156,0.4946725070476532,0.7404616475105286,-0.26851144433021545,0.9999346137046814,0.5097602009773254,0.7397998571395874,-0.2685702443122864,0.9999409317970276,0.5127540230751038,0.7400954961776733,-0.26859739422798157,0.9999373555183411,0.515637218952179,0.7403104901313782,-0.26859694719314575,0.9999321103096008,0.4902538061141968,0.738910436630249,-0.18086037039756775,0.9998984932899475,0.5178512334823608,0.7395640015602112,-0.18166175484657288,0.9998698830604553,0.4995538890361786,0.7119352221488953,-0.2424849569797516,0.9999786615371704,0.511069118976593,0.7101961374282837,-0.2428167462348938,0.9999780058860779,0.4675544500350952,0.6715735793113708,-0.11442378163337708,0.9999643564224243,0.539120614528656,0.6674582958221436,-0.10321915149688721,0.9998680949211121,0.45239439606666565,0.578572154045105,-0.08399082720279694,0.9893261790275574,0.5573373436927795,0.5840217471122742,-0.10921869426965714,0.9670165181159973,0.4634402096271515,0.4911774694919586,-0.16394296288490295,0.9857239723205566,0.5386679768562317,0.5172584652900696,-0.2387946993112564,0.9652661085128784,0.4643298089504242,0.4632452428340912,-0.1907479614019394,0.9708178043365479,0.5357847213745117,0.49390965700149536,-0.27012762427330017,0.9437899589538574,0.46985799074172974,0.46931228041648865,-0.21346525847911835,0.9717273116111755,0.5303465127944946,0.5030170679092407,-0.28856661915779114,0.9446030259132385,0.4712314307689667,0.47774967551231384,-0.17347002029418945,0.9625689387321472,0.5300394296646118,0.5100415945053101,-0.24811764061450958,0.9305422306060791,0.4817725419998169,0.4755527079105377,-0.00809803232550621,0.9997611045837402,0.5250069499015808,0.4800565838813782,0.00808920431882143,0.9997508525848389,0.47937333583831787,0.3485322594642639,0.029507672414183617,0.9949096441268921,0.5306622982025146,0.35458630323410034,0.031149517744779587,0.9928314685821533,0.4741319715976715,0.23103664815425873,0.12881053984165192,0.99212646484375,0.5291629433631897,0.23518216609954834,0.16292786598205566,0.9905939102172852,0.4755501449108124,0.21374225616455078,0.13222408294677734,0.9057974815368652,0.523821234703064,0.22182533144950867,0.17060674726963043,0.9098320603370667,0.47581925988197327,0.19613787531852722,0.0288043562322855,0.9868545532226562,0.5349925756454468,0.19392549991607666,0.0795074850320816,0.9849224090576172
yena_pick_up_normal_05,288,96,9.6012,29.996250468691414,10,0.5055195689201355,0.7050719857215881,-0.2932465970516205,0.9999843239784241,0.5003223419189453,0.7198393940925598,-0.28352656960487366,0.9999493956565857,0.4971223473548889,0.7206121683120728,-0.2835167944431305,0.9999459385871887,0.4946664869785309,0.721526563167572,-0.2834858000278473,0.999937891960144,0.5097584128379822,0.7186567187309265,-0.28214147686958313,0.9999439120292664,0.5127460360527039,0.7188250422477722,-0.28217700123786926,0.9999406933784485,0.5156280398368835,0.7191894054412842,-0.2821720838546753,0.9999354481697083,0.49012309312820435,0.7213407158851624,-0.19520367681980133,0.999904453754425,0.5177189707756042,0.7199493050575256,-0.18890953063964844,0.9998776912689209,0.49947670102119446,0.6922967433929443,-0.25760677456855774,0.9999794363975525,0.5108097195625305,0.6908073425292969,-0.2559398412704468,0.9999790191650391,0.46684330701828003,0.6568705439567566,-0.12704384326934814,0.9999670386314392,0.5377950072288513,0.6545163989067078,-0.10592972487211227,0.9998776912689209,0.4524213373661041,0.5646849274635315,-0.10203587263822556,0.9900391697883606,0.5571040511131287,0.5699660778045654,-0.10623796284198761,0.9688304662704468,0.4634076654911041,0.480521023273468,-0.18731650710105896,0.9861781001091003,0.5386415719985962,0.5014618039131165,-0.2314765900373459,0.9662015438079834,0.4640631079673767,0.4529031217098236,-0.2168060690164566,0.9711714386940002,0.5362376570701599,0.4794713258743286,-0.26319411396980286,0.9441959857940674,0.46969640254974365,0.45806148648262024,-0.23978091776371002,0.9721556305885315,0.5305183529853821,0.48507848381996155,-0.28243309259414673,0.9451555013656616,0.4710898995399475,0.46690312027931213,-0.19721245765686035,0.9628878831863403,0.5300595164299011,0.4924071133136749,-0.24096697568893433,0.930856466293335,0.4823471009731293,0.46960821747779846,-0.00903027132153511,0.9997559785842896,0.5249320864677429,0.4746357798576355,0.009053432382643223,0.9997416734695435,0.4793931841850281,0.34909385442733765,-0.03453363478183746,0.9949488639831543,0.5318121910095215,0.35375648736953735,-0.0008051281911320984,0.9929417371749878,0.4738961458206177,0.230629563331604,0.08180049061775208,0.9923715591430664,0.5292239785194397,0.23545269668102264,0.14016984403133392,0.9907499551773071,0.47482770681381226,0.21336428821086884,0.08691903203725815,0.90745609998703,0.523959755897522,0.22185491025447845,0.1485348343849182,0.9123706817626953,0.47673049569129944,0.1968202143907547,-0.023500345647335052,0.9873048663139343,0.5351375341415405,0.19469387829303741,0.053034428507089615,0.9851523041725159
yena_pick_up_normal_05,291,97,9.7012125,29.996250468691414,10,0.5042431354522705,0.6855239272117615,-0.31729215383529663,0.999984860420227,0.4993954002857208,0.6999828219413757,-0.3068419098854065,0.999951183795929,0.4964238107204437,0.7008861899375916,-0.3068406283855438,0.9999481439590454,0.4938146471977234,0.7015381455421448,-0.3068414032459259,0.9999402761459351,0.5086572766304016,0.6986807584762573,-0.3061988055706024,0.9999452233314514,0.5118276476860046,0.6987371444702148,-0.30625542998313904,0.9999423027038574,0.5147069096565247,0.6987628936767578,-0.3062434792518616,0.9999372363090515,0.4892977774143219,0.7016471028327942,-0.21641738712787628,0.9999096989631653,0.5173420310020447,0.6986451745033264,-0.21260087192058563,0.9998830556869507,0.4984928071498871,0.6739518642425537,-0.28089696168899536,0.999980092048645,0.5094377994537354,0.6718485951423645,-0.2799172103404999,0.9999797344207764,0.4662720263004303,0.6405259966850281,-0.1454669088125229,0.9999696016311646,0.53767991065979,0.6351761817932129,-0.1253829002380371,0.9998857975006104,0.4525587856769562,0.5520392656326294,-0.1233556941151619,0.9906846880912781,0.5554136633872986,0.5482991337776184,-0.11307341605424881,0.9711800217628479,0.4632285237312317,0.4690243601799011,-0.21270814538002014,0.9863731265068054,0.5373384356498718,0.4742482006549835,-0.22532789409160614,0.9677910208702087,0.46379488706588745,0.4415578246116638,-0.24337495863437653,0.9710583686828613,0.535302460193634,0.4526846408843994,-0.25472888350486755,0.9458453059196472,0.4691316783428192,0.4463079273700714,-0.2665286660194397,0.9721093773841858,0.5294253826141357,0.4595373868942261,-0.27503398060798645,0.9468581676483154,0.47054198384284973,0.45529502630233765,-0.22290924191474915,0.9627156257629395,0.5289915800094604,0.46667540073394775,-0.23456956446170807,0.9325536489486694,0.4824942648410797,0.4595656096935272,-0.008962376974523067,0.9997553825378418,0.5249330997467041,0.4626002311706543,0.008978643454611301,0.9997278451919556,0.47933804988861084,0.34974566102027893,-0.14496253430843353,0.9948806166648865,0.5323365926742554,0.3508616089820862,-0.09355948120355606,0.9930428266525269,0.47351616621017456,0.23050116002559662,-0.014631223864853382,0.9923836588859558,0.5302754640579224,0.23579367995262146,0.03404301032423973,0.9907413125038147,0.47442272305488586,0.21357464790344238,-0.008524938486516476,0.9085367918014526,0.5258081555366516,0.22237351536750793,0.040447112172842026,0.9137611389160156,0.4766266942024231,0.19653455913066864,-0.12261363118886948,0.9871747493743896,0.5357471704483032,0.19504043459892273,-0.06181597337126732,0.9849581718444824
yena_pick_up_normal_05,294,98,9.801225,29.996250468691414,10,0.5029133558273315,0.6606664061546326,-0.3338547945022583,0.9999851584434509,0.4983203709125519,0.6753392815589905,-0.32449209690093994,0.9999520182609558,0.4954986870288849,0.6761890649795532,-0.3244900703430176,0.9999490976333618,0.4927997887134552,0.6769362092018127,-0.32451704144477844,0.9999415874481201,0.5073993802070618,0.6742265224456787,-0.32453975081443787,0.9999456405639648,0.5105139017105103,0.6747066378593445,-0.3246016800403595,0.9999427795410156,0.5134393572807312,0.6749825477600098,-0.32459840178489685,0.9999383687973022,0.4881361424922943,0.6779100298881531,-0.23385103046894073,0.9999125003814697,0.5166066288948059,0.6756723523139954,-0.2331266701221466,0.9998876452445984,0.49759358167648315,0.6498163342475891,-0.2964874505996704,0.9999803900718689,0.5080526471138,0.6480898261070251,-0.2963823080062866,0.9999802708625793,0.4657084047794342,0.6232627630233765,-0.15258042514324188,0.9999719262123108,0.5372580289840698,0.6161013245582581,-0.14261141419410706,0.9998940229415894,0.45272472500801086,0.5376047492027283,-0.11898013949394226,0.9911673069000244,0.5528637170791626,0.5264002084732056,-0.1131659522652626,0.9733648300170898,0.4631793797016144,0.45591384172439575,-0.1975022852420807,0.9862316846847534,0.5362951755523682,0.45313724875450134,-0.1916954219341278,0.9685975313186646,0.4637615978717804,0.42930740118026733,-0.2242422252893448,0.970121443271637,0.535049319267273,0.4302052855491638,-0.2164849191904068,0.945502758026123,0.4689026474952698,0.4342145323753357,-0.24756647646427155,0.9713031649589539,0.5290255546569824,0.43625736236572266,-0.2374085783958435,0.9466425180435181,0.4703695476055145,0.44303539395332336,-0.20750735700130463,0.9614534378051758,0.5284067988395691,0.44441890716552734,-0.2003737986087799,0.9318221807479858,0.4828251898288727,0.45306041836738586,-0.005994939245283604,0.9997552633285522,0.5249346494674683,0.45664456486701965,0.006031841970980167,0.9997183680534363,0.4788569509983063,0.3473243713378906,-0.1552859991788864,0.994648814201355,0.5338456034660339,0.347101628780365,-0.1295173317193985,0.9931584000587463,0.4732552766799927,0.22893139719963074,-0.0243645329028368,0.9922420382499695,0.5312188267707825,0.2349690943956375,-0.00016339475405402482,0.9908051490783691,0.47448819875717163,0.21350635588169098,-0.01767304353415966,0.9093051552772522,0.5270067453384399,0.22180302441120148,0.006702761631458998,0.9150453209877014,0.47524338960647583,0.19492240250110626,-0.1279802769422531,0.9867958426475525,0.5361319184303284,0.1943814605474472,-0.096177838742733,0.9848562479019165
yena_pick_up_normal_05,297,99,9.9012375,29.996250468691414,10,0.501788854598999,0.6310093998908997,-0.3365405797958374,0.9999861121177673,0.49702394008636475,0.6456597447395325,-0.3283615708351135,0.9999551177024841,0.4942362904548645,0.6465428471565247,-0.3283511698246002,0.9999522566795349,0.49145880341529846,0.6475591659545898,-0.32838764786720276,0.999945342540741,0.5060829520225525,0.6452414393424988,-0.3282909691333771,0.999949038028717,0.5089781880378723,0.6460368633270264,-0.3283570110797882,0.9999464154243469,0.5117623209953308,0.6466967463493347,-0.32835400104522705,0.9999426007270813,0.4867643713951111,0.6516526937484741,-0.2391764372587204,0.9999187588691711,0.5155766010284424,0.6502606868743896,-0.23817038536071777,0.9998967051506042,0.49691665172576904,0.6207239627838135,-0.2988586127758026,0.9999818801879883,0.5066862106323242,0.6197876334190369,-0.2986415922641754,0.9999818205833435,0.46462786197662354,0.6034395098686218,-0.1545184701681137,0.9999745488166809,0.5368073582649231,0.5966628193855286,-0.1485539823770523,0.9999037981033325,0.4514079689979553,0.5204377770423889,-0.11837256699800491,0.9916644096374512,0.5510168075561523,0.5048457384109497,-0.11666302382946014,0.9755876660346985,0.46345949172973633,0.4430924654006958,-0.19377101957798004,0.9865005016326904,0.5358825325965881,0.4324541687965393,-0.19079993665218353,0.9701470732688904,0.46361449360847473,0.415829062461853,-0.21952880918979645,0.9702745676040649,0.5350610613822937,0.40802106261253357,-0.21454434096813202,0.9467872977256775,0.46896252036094666,0.420602023601532,-0.23961250483989716,0.9715054035186768,0.5288468599319458,0.4126545488834381,-0.23368318378925323,0.9479730129241943,0.470541775226593,0.4296513795852661,-0.20209698379039764,0.9611961245536804,0.527776300907135,0.4205144941806793,-0.19850869476795197,0.9330217242240906,0.48161745071411133,0.440800279378891,-0.0034465265925973654,0.9997686147689819,0.52437824010849,0.44201526045799255,0.003486096626147628,0.9997278451919556,0.47758787870407104,0.34816107153892517,-0.2144296020269394,0.9942585825920105,0.5344725251197815,0.3473535180091858,-0.1904022991657257,0.9929741621017456,0.4729439318180084,0.228900745511055,-0.07062523812055588,0.9918822050094604,0.5318449139595032,0.2348945289850235,-0.04931749776005745,0.9907321333885193,0.4744534194469452,0.2136358767747879,-0.061998870223760605,0.9109032154083252,0.5277027487754822,0.2217898815870285,-0.04056054353713989,0.9172897934913635,0.4747283160686493,0.19488100707530975,-0.16664229333400726,0.9863558411598206,0.536536455154419,0.19393977522850037,-0.14112165570259094,0.9849059581756592
yena_pick_up_normal_05,300,100,10.001249999999999,29.996250468691414,10,0.5004623532295227,0.6072156429290771,-0.335868775844574,0.9999865889549255,0.4959121346473694,0.6215953826904297,-0.32920214533805847,0.9999565482139587,0.49322938919067383,0.6226790547370911,-0.3291833698749542,0.9999534487724304,0.49047544598579407,0.6240140795707703,-0.3292323648929596,0.9999468922615051,0.5045686364173889,0.6215109825134277,-0.32937684655189514,0.9999507665634155,0.5074727535247803,0.622477650642395,-0.3294496536254883,0.999948263168335,0.5101877450942993,0.6235535740852356,-0.32945138216018677,0.9999451637268066,0.48561862111091614,0.6293932795524597,-0.24381402134895325,0.9999221563339233,0.5144696831703186,0.6279035210609436,-0.2436375766992569,0.9999039769172668,0.496212899684906,0.5969200730323792,-0.2989148497581482,0.9999829530715942,0.5051544904708862,0.5959061980247498,-0.29894545674324036,0.999983012676239,0.4637938141822815,0.5843451619148254,-0.15480414032936096,0.9999767541885376,0.536237895488739,0.5788999199867249,-0.15691010653972626,0.9999125599861145,0.451328307390213,0.5035650730133057,-0.11169848591089249,0.9917879104614258,0.5485184192657471,0.4862571358680725,-0.12163713574409485,0.977541983127594,0.46376103162765503,0.42997488379478455,-0.1831049770116806,0.985803484916687,0.5358369946479797,0.4071090519428253,-0.1824856698513031,0.9711156487464905,0.46357765793800354,0.40442541241645813,-0.19785389304161072,0.9685031175613403,0.5350730419158936,0.3826562464237213,-0.2033395767211914,0.9468548893928528,0.46909645199775696,0.4091185927391052,-0.21419262886047363,0.9698544144630432,0.5286886692047119,0.3871136009693146,-0.22157756984233856,0.9481642842292786,0.4706856906414032,0.4177790880203247,-0.18687285482883453,0.9585945010185242,0.5273528695106506,0.3944922685623169,-0.18958137929439545,0.9332619309425354,0.4809764623641968,0.4291335642337799,-0.0014894796768203378,0.9997783303260803,0.523691713809967,0.4305654764175415,0.0015362798003479838,0.999737560749054,0.4753207266330719,0.34604501724243164,-0.20652365684509277,0.993880569934845,0.5343334078788757,0.3475084900856018,-0.19519716501235962,0.9929530620574951,0.47290220856666565,0.22963306307792664,-0.05691612511873245,0.9913318753242493,0.5318138599395752,0.23549507558345795,-0.048800501972436905,0.9907761812210083,0.4755844473838806,0.2152891457080841,-0.04716021940112114,0.9117430448532104,0.5273861289024353,0.2221759855747223,-0.03876333683729172,0.9203194379806519,0.47312265634536743,0.19440406560897827,-0.14276205003261566,0.985590398311615,0.5372114181518555,0.19321350753307343,-0.13223659992218018,0.9851082563400269
yena_pick_up_normal_05,303,101,10.101262499999999,29.996250468691414,10,0.4997417628765106,0.5885148644447327,-0.29786258935928345,0.9999870657920837,0.49487626552581787,0.6028833389282227,-0.29771557450294495,0.9999582171440125,0.4921909272670746,0.6038030982017517,-0.29765722155570984,0.9999551177024841,0.4894550144672394,0.6050752401351929,-0.2977115213871002,0.999949038028717,0.503385066986084,0.6030970811843872,-0.29795020818710327,0.9999527931213379,0.5063906908035278,0.6041877269744873,-0.2980504631996155,0.9999507069587708,0.5090010762214661,0.6054742932319641,-0.29805633425712585,0.9999483227729797,0.4843888580799103,0.610492467880249,-0.22170160710811615,0.9999250769615173,0.513495683670044,0.6102583408355713,-0.21949629485607147,0.999910831451416,0.49570977687835693,0.5779372453689575,-0.271292120218277,0.9999839663505554,0.5045482516288757,0.5779359340667725,-0.27084049582481384,0.999984085559845,0.46214666962623596,0.5658491849899292,-0.14622817933559418,0.9999786615371704,0.5356273651123047,0.5610644221305847,-0.1452280730009079,0.9999204277992249,0.4512676000595093,0.48535963892936707,-0.11065371334552765,0.9912725687026978,0.5458008646965027,0.46656110882759094,-0.12044317275285721,0.9792513847351074,0.4640994369983673,0.4183043837547302,-0.15653835237026215,0.9828599691390991,0.5354951620101929,0.38584521412849426,-0.16222719848155975,0.9709008932113647,0.4637022614479065,0.393723726272583,-0.1716303676366806,0.9626222848892212,0.5348547697067261,0.3601044714450836,-0.17864392697811127,0.9443117380142212,0.4692875146865845,0.39840084314346313,-0.18490885198116302,0.964408814907074,0.5282620191574097,0.363559752702713,-0.19266699254512787,0.9459946751594543,0.47087109088897705,0.4061264991760254,-0.1609623283147812,0.9524903893470764,0.5267966985702515,0.37272733449935913,-0.1675100028514862,0.931627631187439,0.4807676672935486,0.4220730662345886,-0.0019010785035789013,0.999786913394928,0.5234720706939697,0.4230666160583496,0.0019399215234443545,0.9997467398643494,0.47484737634658813,0.34610480070114136,-0.19449681043624878,0.9936168193817139,0.534270703792572,0.3478745222091675,-0.1643284410238266,0.9927626848220825,0.47290489077568054,0.2345188558101654,-0.06413500756025314,0.9910616874694824,0.5317802429199219,0.23967652022838593,-0.0423562116920948,0.990432858467102,0.4763002097606659,0.22165851294994354,-0.054894283413887024,0.9113911390304565,0.5270025134086609,0.2307262420654297,-0.03307795897126198,0.9211952090263367,0.4727696478366852,0.193949893116951,-0.1355501264333725,0.9849673509597778,0.5372231006622314,0.1932368129491806,-0.10893731564283371,0.9849516153335571
yena_pick_up_normal_05,306,102,10.201274999999999,29.996250468691414,10,0.4975113272666931,0.5721068382263184,-0.21845665574073792,0.9999870657920837,0.4925573468208313,0.5869598984718323,-0.21669860184192657,0.9999560117721558,0.48984822630882263,0.5879789590835571,-0.21668200194835663,0.9999530911445618,0.4870443046092987,0.5894306302070618,-0.21671336889266968,0.9999462366104126,0.5010876655578613,0.587020754814148,-0.21707408130168915,0.9999516010284424,0.5044462084770203,0.5879100561141968,-0.21714511513710022,0.9999507069587708,0.5072315335273743,0.5889887809753418,-0.21717125177383423,0.9999487400054932,0.48265403509140015,0.5941522121429443,-0.16626954078674316,0.9999189376831055,0.5124931931495667,0.5931369662284851,-0.16673268377780914,0.9999152421951294,0.49377477169036865,0.5615081191062927,-0.19580663740634918,0.9999843835830688,0.503183126449585,0.5618728995323181,-0.19601358473300934,0.9999849200248718,0.46047893166542053,0.5497432947158813,-0.11813021451234818,0.9999798536300659,0.5353541970252991,0.5452428460121155,-0.13623949885368347,0.9999272227287292,0.4512593448162079,0.4705279469490051,-0.09727215766906738,0.989948034286499,0.5447561144828796,0.44689199328422546,-0.11841235309839249,0.9810617566108704,0.464248389005661,0.41061440110206604,-0.12090478837490082,0.9779745936393738,0.5341347455978394,0.36677590012550354,-0.13944536447525024,0.9714525938034058,0.4637451767921448,0.3863375782966614,-0.13193994760513306,0.9548759460449219,0.5336548686027527,0.3391916751861572,-0.15149198472499847,0.9439015984535217,0.4692869186401367,0.3909932076931,-0.14143799245357513,0.956648588180542,0.5269209742546082,0.3435503840446472,-0.1594071239233017,0.9455235600471497,0.47086769342422485,0.398418128490448,-0.12438363581895828,0.9438781142234802,0.5255759358406067,0.35272929072380066,-0.14207394421100616,0.9316737055778503,0.48084524273872375,0.41389113664627075,-0.001244695857167244,0.9997944831848145,0.5235647559165955,0.41413307189941406,0.0012180974008515477,0.9997572898864746,0.4727092981338501,0.34633365273475647,-0.165361687541008,0.993060827255249,0.5351979732513428,0.34657663106918335,-0.14257322251796722,0.9923830628395081,0.4730929434299469,0.23609931766986847,-0.057908348739147186,0.9903913140296936,0.5312260985374451,0.2422303408384323,-0.03984585776925087,0.9899559617042542,0.4782137870788574,0.22306014597415924,-0.04999752342700958,0.9089140892028809,0.5261162519454956,0.23470120131969452,-0.03185943886637688,0.9199636578559875,0.4711870551109314,0.1939520686864853,-0.11301187425851822,0.983828604221344,0.5369632244110107,0.19318151473999023,-0.09115304797887802,0.9845742583274841
yena_pick_up_normal_05,309,103,10.301287499999999,29.996250468691414,10,0.49718138575553894,0.5550350546836853,-0.29821231961250305,0.9999873638153076,0.49199622869491577,0.5699672698974609,-0.2933928072452545,0.9999572038650513,0.48923301696777344,0.5708973407745361,-0.293369859457016,0.9999538064002991,0.4863571524620056,0.5721858143806458,-0.2934359312057495,0.9999467134475708,0.5006735920906067,0.5706310868263245,-0.29381072521209717,0.9999532699584961,0.5040332674980164,0.571764349937439,-0.2938983142375946,0.9999529719352722,0.5068631768226624,0.5731676816940308,-0.2939363420009613,0.9999516606330872,0.48148924112319946,0.5778619647026062,-0.22036124765872955,0.9999200701713562,0.5120822191238403,0.5780268907546997,-0.2204516977071762,0.9999216794967651,0.49317029118537903,0.5448697209358215,-0.2661890983581543,0.9999853372573853,0.5030568242073059,0.54555743932724,-0.2664433419704437,0.9999860525131226,0.4593833386898041,0.5345692038536072,-0.1379179209470749,0.9999812245368958,0.5351669788360596,0.5300078392028809,-0.16173586249351501,0.9999335408210754,0.45004066824913025,0.4597451388835907,-0.09931138157844543,0.9883666038513184,0.5444076061248779,0.42989930510520935,-0.15688440203666687,0.9826526045799255,0.46423134207725525,0.40237361192703247,-0.1377706676721573,0.9741403460502625,0.533022403717041,0.3480601906776428,-0.20170332491397858,0.9723143577575684,0.4638053774833679,0.3804078698158264,-0.15297509729862213,0.9476484656333923,0.5328036546707153,0.3196447789669037,-0.2197989970445633,0.9437260031700134,0.46926265954971313,0.38635873794555664,-0.16528981924057007,0.9499431848526001,0.525575578212738,0.32213959097862244,-0.2276587039232254,0.9454535841941833,0.4708102345466614,0.3938521444797516,-0.14266899228096008,0.9353159666061401,0.5244006514549255,0.33027443289756775,-0.20471139252185822,0.9316253066062927,0.48126059770584106,0.40269383788108826,0.0004388190864119679,0.999806821346283,0.5235938429832458,0.4038723111152649,-0.0004414619179442525,0.9997693300247192,0.4719856083393097,0.34561842679977417,-0.21271024644374847,0.9930117726325989,0.5377610325813293,0.3363470137119293,-0.1941845864057541,0.9919564127922058,0.4736921191215515,0.23699425160884857,-0.04776565358042717,0.990096926689148,0.5312076210975647,0.24179761111736298,-0.03356312960386276,0.9896329045295715,0.4795566201210022,0.22632047533988953,-0.034724216908216476,0.9099814891815186,0.5259507298469543,0.2341432273387909,-0.020188817754387856,0.9201924800872803,0.4711773991584778,0.19390180706977844,-0.11327197402715683,0.9833417534828186,0.5357167720794678,0.19246435165405273,-0.09902159869670868,0.9841576814651489
yena_pick_up_normal_05,312,104,10.401299999999999,29.996250468691414,10,0.4961325228214264,0.5420112013816833,-0.29455479979515076,0.9999877214431763,0.49100810289382935,0.5566409230232239,-0.28900760412216187,0.9999583959579468,0.4882364869117737,0.5574660301208496,-0.288983553647995,0.9999548196792603,0.48537009954452515,0.5587031245231628,-0.2890353202819824,0.9999473690986633,0.49979168176651,0.5575018525123596,-0.28958114981651306,0.9999552369117737,0.5033266544342041,0.5586607456207275,-0.2896554172039032,0.9999555945396423,0.5062839388847351,0.5600761771202087,-0.28968164324760437,0.9999545812606812,0.4807020425796509,0.5641446709632874,-0.21556828916072845,0.9999226331710815,0.5116983652114868,0.5646622776985168,-0.21758225560188293,0.9999281167984009,0.4921456575393677,0.5316646695137024,-0.26236945390701294,0.9999862909317017,0.5024958848953247,0.5322043299674988,-0.2627740800380707,0.9999870657920837,0.45922961831092834,0.5241299271583557,-0.13771884143352509,0.999982476234436,0.5350217819213867,0.5157995820045471,-0.15905149281024933,0.9999391436576843,0.4491331875324249,0.45140931010246277,-0.07794565707445145,0.9867458343505859,0.5434855818748474,0.41547220945358276,-0.15583012998104095,0.9840535521507263,0.464864581823349,0.39853590726852417,-0.09439842402935028,0.9705502390861511,0.5325897932052612,0.3324951231479645,-0.20352862775325775,0.9728327989578247,0.4646206498146057,0.3766022324562073,-0.10375989973545074,0.9405370950698853,0.5325255393981934,0.30440422892570496,-0.2226742058992386,0.9429946541786194,0.46951425075531006,0.3829183578491211,-0.11382574588060379,0.9431784152984619,0.5249364972114563,0.30488383769989014,-0.23117761313915253,0.9448635578155518,0.47099968791007996,0.39000099897384644,-0.0974956527352333,0.9269202947616577,0.5236758589744568,0.3133086562156677,-0.2072487473487854,0.9311255216598511,0.4815387427806854,0.3921894133090973,0.001130373915657401,0.9998167157173157,0.5236074924468994,0.39443594217300415,-0.0011009254958480597,0.9997801184654236,0.4704088866710663,0.34312617778778076,-0.20145772397518158,0.9931133985519409,0.540005087852478,0.3350166380405426,-0.188554584980011,0.9915207624435425,0.47424939274787903,0.2384234368801117,-0.0349985808134079,0.9898203611373901,0.5316702127456665,0.24053463339805603,-0.03103647753596306,0.989432156085968,0.48021283745765686,0.23099984228610992,-0.021641014143824577,0.9104882478713989,0.526779294013977,0.2339259833097458,-0.017679927870631218,0.9211464524269104,0.4712379574775696,0.19379782676696777,-0.10403021425008774,0.9826122522354126,0.5345506072044373,0.1924647092819214,-0.09385421872138977,0.9838593602180481
yena_pick_up_normal_05,315,105,10.5013125,29.996250468691414,10,0.4958149790763855,0.530210018157959,-0.28399747610092163,0.9999878406524658,0.49057629704475403,0.5448938012123108,-0.28066694736480713,0.9999583959579468,0.48781678080558777,0.5457055568695068,-0.2806306779384613,0.9999546408653259,0.4849793612957001,0.5470257997512817,-0.2807077467441559,0.9999459385871887,0.49957147240638733,0.5457016825675964,-0.28197044134140015,0.9999560117721558,0.50312340259552,0.5469048023223877,-0.28204500675201416,0.9999574422836304,0.5061308741569519,0.5482836961746216,-0.2820708453655243,0.9999566674232483,0.48045453429222107,0.553009033203125,-0.21196331083774567,0.9999232888221741,0.5112577080726624,0.5532494783401489,-0.212310329079628,0.9999337792396545,0.49189651012420654,0.519662618637085,-0.25365176796913147,0.9999870657920837,0.5022589564323425,0.5204227566719055,-0.25469261407852173,0.9999879002571106,0.4593488574028015,0.5154069066047668,-0.12730808556079865,0.9999837279319763,0.5344842672348022,0.5054560303688049,-0.15704940259456635,0.999944269657135,0.4481740891933441,0.44476252794265747,-0.0634477362036705,0.9850508570671082,0.5422330498695374,0.4027450978755951,-0.15564434230327606,0.9853208065032959,0.46519801020622253,0.3985222578048706,-0.07278941571712494,0.9670310020446777,0.5322592854499817,0.3170669674873352,-0.20333150029182434,0.9733966588973999,0.4654635787010193,0.3752107620239258,-0.0803399458527565,0.9337940812110901,0.5323386788368225,0.2895113527774811,-0.2228994369506836,0.9428465962409973,0.4699486196041107,0.38158461451530457,-0.08975671976804733,0.9368184804916382,0.5244961380958557,0.29015231132507324,-0.232411727309227,0.9448435306549072,0.4713898003101349,0.3885830342769623,-0.07544677704572678,0.91909259557724,0.5231786966323853,0.29837968945503235,-0.20747651159763336,0.9313437342643738,0.482067734003067,0.38254228234291077,0.0025466398801654577,0.9998281598091125,0.5236348509788513,0.3845698833465576,-0.0024997545406222343,0.999791145324707,0.47021952271461487,0.3400663733482361,-0.20166444778442383,0.9931489825248718,0.5416920185089111,0.3277708888053894,-0.1929958611726761,0.9910496473312378,0.4744233787059784,0.23903316259384155,-0.03617327660322189,0.9891248941421509,0.5323522686958313,0.24020422995090485,-0.03286374732851982,0.9884216785430908,0.48025843501091003,0.23168309032917023,-0.02219517156481743,0.9098759889602661,0.5274953842163086,0.23308266699314117,-0.018747152760624886,0.9194122552871704,0.4713537395000458,0.19336433708667755,-0.10366011410951614,0.9813051819801331,0.5311508178710938,0.1925332397222519,-0.08933524042367935,0.9825341701507568
yena_pick_up_normal_05,318,106,10.601325,29.996250468691414,10,0.4952329993247986,0.5209280848503113,-0.280081182718277,0.9999856948852539,0.49022388458251953,0.5347933769226074,-0.2763676643371582,0.9999487996101379,0.487538605928421,0.5356228947639465,-0.27634668350219727,0.9999443888664246,0.48479965329170227,0.5369967222213745,-0.276427686214447,0.9999299645423889,0.49933871626853943,0.5356530547142029,-0.277925968170166,0.9999481439590454,0.5029141902923584,0.5369112491607666,-0.2779996991157532,0.9999529123306274,0.5060223340988159,0.5383800864219666,-0.2780296504497528,0.999952495098114,0.4805799126625061,0.5438745021820068,-0.21108335256576538,0.9999061822891235,0.5110170841217041,0.5430688261985779,-0.21033568680286407,0.9999354481697083,0.49158573150634766,0.5107991695404053,-0.2500186562538147,0.9999864101409912,0.5017052292823792,0.5110156536102295,-0.2513265013694763,0.9999878406524658,0.4594772458076477,0.5107966661453247,-0.12311739474534988,0.9999846816062927,0.5339464545249939,0.49754616618156433,-0.16018249094486237,0.9999479055404663,0.4475121796131134,0.44326210021972656,-0.06422734260559082,0.9819867610931396,0.5414066910743713,0.3922273516654968,-0.163728728890419,0.9864729046821594,0.46517282724380493,0.3994954228401184,-0.07704544067382812,0.9625856876373291,0.5319415926933289,0.30459466576576233,-0.20884042978286743,0.9742013812065125,0.46539413928985596,0.3772444427013397,-0.08524814993143082,0.9260498285293579,0.5322336554527283,0.2777892053127289,-0.22751691937446594,0.9434389472007751,0.4699271321296692,0.38310396671295166,-0.09488356113433838,0.9295750260353088,0.5239964723587036,0.2789749503135681,-0.23846672475337982,0.9455112218856812,0.4714333117008209,0.3912680447101593,-0.0797400251030922,0.910226047039032,0.5227137207984924,0.2870430052280426,-0.21296103298664093,0.9323590993881226,0.4828859865665436,0.3778901696205139,0.0057347919791936874,0.9998374581336975,0.5239121913909912,0.37715405225753784,-0.0057163541205227375,0.9997948408126831,0.4696386456489563,0.33967968821525574,-0.1925651580095291,0.992977499961853,0.5415229797363281,0.3202749192714691,-0.1867286115884781,0.9903580546379089,0.4748290479183197,0.2386755496263504,-0.033451251685619354,0.988048255443573,0.5307863354682922,0.24017469584941864,-0.026417752727866173,0.9865933060646057,0.4809216260910034,0.23035423457622528,-0.01992861181497574,0.9084634780883789,0.5271151661872864,0.2336585819721222,-0.011915353126823902,0.913931131362915,0.4713440537452698,0.19203607738018036,-0.08866001665592194,0.9795587658882141,0.5273711681365967,0.1892354041337967,-0.0809481292963028,0.9802948236465454
yena_pick_up_normal_05,321,107,10.7013375,29.996250468691414,10,0.49423152208328247,0.5156658887863159,-0.2808944582939148,0.9999828934669495,0.4895133376121521,0.5293216705322266,-0.27725207805633545,0.9999343156814575,0.4867970645427704,0.5304745435714722,-0.27723228931427,0.9999280571937561,0.48412784934043884,0.5318260788917542,-0.27732521295547485,0.9999048709869385,0.49877065420150757,0.5295165777206421,-0.2790173292160034,0.999937117099762,0.5024030804634094,0.5307113528251648,-0.27909335494041443,0.9999462366104126,0.5056701898574829,0.5319855809211731,-0.2791270613670349,0.9999468922615051,0.48034247756004333,0.538870096206665,-0.21188966929912567,0.9998763203620911,0.5108965635299683,0.5359256863594055,-0.21330243349075317,0.9999354481697083,0.4909122586250305,0.5058370232582092,-0.2509191632270813,0.9999851584434509,0.500906229019165,0.505354642868042,-0.2524189054965973,0.9999874830245972,0.45960673689842224,0.5065443515777588,-0.12425251305103302,0.9999852776527405,0.5335916876792908,0.491670161485672,-0.16522438824176788,0.9999513030052185,0.44690799713134766,0.43897950649261475,-0.06478766351938248,0.9784191250801086,0.5406684875488281,0.3862129747867584,-0.17028456926345825,0.9875394701957703,0.46545568108558655,0.3970426917076111,-0.07195079326629639,0.9574211239814758,0.5309807062149048,0.2960926592350006,-0.2153298258781433,0.9753685593605042,0.46566009521484375,0.3752236068248749,-0.07925625145435333,0.9173048734664917,0.5316895842552185,0.26882538199424744,-0.23426468670368195,0.9450715184211731,0.4699893295764923,0.3812445402145386,-0.0883817970752716,0.9213882088661194,0.5229953527450562,0.2702878713607788,-0.2457164078950882,0.9471927285194397,0.47156015038490295,0.38937047123908997,-0.07432188838720322,0.9006817936897278,0.5216382741928101,0.2779894173145294,-0.21945592761039734,0.9346559643745422,0.4834091365337372,0.3743685781955719,0.006410615053027868,0.9998437762260437,0.5240837931632996,0.37323492765426636,-0.006390728056430817,0.9997957348823547,0.4697416126728058,0.33806633949279785,-0.1919555813074112,0.9926538467407227,0.5415047407150269,0.31921541690826416,-0.18770353496074677,0.9891188740730286,0.4754813015460968,0.23987531661987305,-0.03018280863761902,0.9867850542068481,0.5300213694572449,0.23944608867168427,-0.0280667282640934,0.9848390817642212,0.4808131456375122,0.2318391352891922,-0.016759004443883896,0.9065988063812256,0.5268619656562805,0.23326687514781952,-0.013479309156537056,0.9090931415557861,0.47140467166900635,0.19142355024814606,-0.07998339831829071,0.9775938391685486,0.5254721641540527,0.18656232953071594,-0.08015941828489304,0.9782593250274658
yena_pick_up_normal_05,324,108,10.80135,29.996250468691414,10,0.4941650927066803,0.5117526054382324,-0.28242483735084534,0.9999806880950928,0.4894695580005646,0.5254908800125122,-0.2796159088611603,0.999923825263977,0.4867892265319824,0.5266360640525818,-0.2795964181423187,0.9999170899391174,0.484169602394104,0.5278816223144531,-0.2796856760978699,0.999886155128479,0.49890437722206116,0.5251765847206116,-0.2809404730796814,0.9999290108680725,0.5024406313896179,0.5261818766593933,-0.2810203731060028,0.9999419450759888,0.5056791305541992,0.5272392630577087,-0.28106117248535156,0.999943196773529,0.4804728329181671,0.5354712009429932,-0.21455860137939453,0.9998549222946167,0.5108173489570618,0.5314037799835205,-0.21524229645729065,0.9999364018440247,0.49079424142837524,0.5023044943809509,-0.2537652254104614,0.9999843239784241,0.5006889700889587,0.5009633302688599,-0.2546674311161041,0.9999872446060181,0.45964524149894714,0.5025672912597656,-0.1268130987882614,0.9999857544898987,0.5334318280220032,0.48703640699386597,-0.16778512299060822,0.9999539852142334,0.44670727849006653,0.43690669536590576,-0.06956787407398224,0.9736232757568359,0.5398710370063782,0.3812599778175354,-0.17478212714195251,0.9885042905807495,0.4654248058795929,0.3954230546951294,-0.07708372920751572,0.9504492878913879,0.5299026966094971,0.29061102867126465,-0.2179763913154602,0.9764509201049805,0.4656049907207489,0.374559223651886,-0.08390095829963684,0.9065902233123779,0.5307943224906921,0.2634514272212982,-0.23616449534893036,0.9466189742088318,0.4699791371822357,0.3802773654460907,-0.09289305657148361,0.9113487601280212,0.5221291184425354,0.26518648862838745,-0.24727290868759155,0.9487646818161011,0.4715476334095001,0.3875236213207245,-0.07930829375982285,0.8895381093025208,0.5207503437995911,0.27298039197921753,-0.22180190682411194,0.9367945790290833,0.48383697867393494,0.37096577882766724,0.005486794747412205,0.9998524188995361,0.5240651965141296,0.36974072456359863,-0.00547847431153059,0.9997988939285278,0.4696284830570221,0.33659401535987854,-0.1977318376302719,0.9925966262817383,0.543592095375061,0.3180201053619385,-0.17978829145431519,0.9882113337516785,0.476319819688797,0.24066339433193207,-0.034655191004276276,0.9858719706535339,0.5293944478034973,0.23941294848918915,-0.02043493464589119,0.9826356768608093,0.48196855187416077,0.23255909979343414,-0.020438801497220993,0.9047803282737732,0.5259640216827393,0.23469847440719604,-0.010896707884967327,0.902458131313324,0.4716068208217621,0.19038717448711395,-0.08168842643499374,0.9763099551200867,0.5250797867774963,0.18366092443466187,-0.06008658930659294,0.9758562445640564
yena_pick_up_normal_05,327,109,10.9013625,29.996250468691414,10,0.4944232106208801,0.5084034204483032,-0.28707990050315857,0.9999772310256958,0.4896223843097687,0.5219024419784546,-0.2843106985092163,0.9999088048934937,0.4869356155395508,0.5228301286697388,-0.2842863202095032,0.9998989701271057,0.4843009412288666,0.5240131616592407,-0.2843577563762665,0.9998589754104614,0.4991113841533661,0.5219501852989197,-0.28527894616127014,0.9999170303344727,0.502606987953186,0.5231155157089233,-0.28535354137420654,0.9999346137046814,0.505788266658783,0.5241847634315491,-0.28538912534713745,0.9999374151229858,0.48050984740257263,0.5326447486877441,-0.2184203565120697,0.9998194575309753,0.5108518004417419,0.5291493535041809,-0.21894335746765137,0.99993497133255,0.49091625213623047,0.49885937571525574,-0.25789889693260193,0.9999825358390808,0.5007075071334839,0.497811883687973,-0.2584162652492523,0.9999862909317017,0.4597630500793457,0.5010736584663391,-0.12692686915397644,0.9999861717224121,0.5332238674163818,0.4850846529006958,-0.17073096334934235,0.9999563097953796,0.44678348302841187,0.4361618459224701,-0.05726642534136772,0.9689764976501465,0.5393514633178711,0.37872958183288574,-0.17596612870693207,0.9893847703933716,0.46527066826820374,0.39716172218322754,-0.05573493242263794,0.9440315961837769,0.5296005606651306,0.287004292011261,-0.22156186401844025,0.9776081442832947,0.4655446708202362,0.375388503074646,-0.06005024164915085,0.8967970013618469,0.5307095646858215,0.26006123423576355,-0.2402244657278061,0.9484491944313049,0.4699570834636688,0.38207924365997314,-0.0694572925567627,0.9023720622062683,0.5220421552658081,0.26116254925727844,-0.2519308924674988,0.9506369829177856,0.471493661403656,0.38964661955833435,-0.05785537138581276,0.8791610598564148,0.5205918550491333,0.2687106132507324,-0.22565865516662598,0.9391566514968872,0.48395058512687683,0.3690050542354584,0.005269791465252638,0.999862551689148,0.5240357518196106,0.3679797053337097,-0.005268878769129515,0.999805212020874,0.4694385230541229,0.33523982763290405,-0.19976642727851868,0.9925571084022522,0.5435795187950134,0.31584370136260986,-0.17477263510227203,0.9869438409805298,0.47648319602012634,0.24100172519683838,-0.0380699597299099,0.9851905703544617,0.5294550657272339,0.24038948118686676,0.0023917783983051777,0.9799003005027771,0.4818418323993683,0.23288223147392273,-0.023866085335612297,0.9034668803215027,0.5259888172149658,0.23716555535793304,0.01818506233394146,0.8947948813438416,0.47172871232032776,0.18998128175735474,-0.08253797143697739,0.9754659533500671,0.5257188677787781,0.1841159611940384,-0.037049178034067154,0.9729816317558289
yena_pick_up_normal_05,330,110,11.001375,29.996250468691414,10,0.49464496970176697,0.506905198097229,-0.2913925051689148,0.9999755620956421,0.48981741070747375,0.5201744437217712,-0.28873828053474426,0.9999003410339355,0.4871136546134949,0.5210057497024536,-0.2887107729911804,0.9998891353607178,0.4844723045825958,0.5222742557525635,-0.2887692451477051,0.9998432993888855,0.4991825222969055,0.5205408334732056,-0.2893264889717102,0.9999100565910339,0.5027773976325989,0.521672785282135,-0.2893957197666168,0.9999304413795471,0.505859911441803,0.5228142738342285,-0.28942185640335083,0.9999338388442993,0.48057886958122253,0.5316835641860962,-0.22313396632671356,0.9997969269752502,0.5108688473701477,0.528086245059967,-0.22265948355197906,0.9999350309371948,0.49104052782058716,0.4974159002304077,-0.26193922758102417,0.9999814629554749,0.5008842945098877,0.4964904189109802,-0.2620159387588501,0.9999856948852539,0.45992740988731384,0.5011885762214661,-0.12877146899700165,0.9999868273735046,0.5331140160560608,0.4844495952129364,-0.17261989414691925,0.9999586939811707,0.44684165716171265,0.4377472400665283,-0.05847861245274544,0.9666982889175415,0.53902268409729,0.37642186880111694,-0.1750182807445526,0.9902201294898987,0.46523258090019226,0.39741307497024536,-0.060563862323760986,0.9412512183189392,0.5296341776847839,0.28416067361831665,-0.22150619328022003,0.9788644313812256,0.46550241112709045,0.3758697807788849,-0.06566725671291351,0.8919763565063477,0.530803918838501,0.25724345445632935,-0.2405894696712494,0.9506068229675293,0.4699362516403198,0.3828750550746918,-0.07572903484106064,0.8980821371078491,0.5222052931785583,0.2580912411212921,-0.25263503193855286,0.9527847170829773,0.47145354747772217,0.39035600423812866,-0.0629434809088707,0.873984158039093,0.5207277536392212,0.2657310664653778,-0.2257513403892517,0.9418144226074219,0.4842917025089264,0.3686366379261017,0.00533056678250432,0.9998728036880493,0.5242012739181519,0.36685043573379517,-0.005330925341695547,0.9998129606246948,0.46920689940452576,0.3343438506126404,-0.19665470719337463,0.9925301671028137,0.5439474582672119,0.3126627504825592,-0.16172824800014496,0.9860145449638367,0.4768925607204437,0.2409238964319229,-0.03902186080813408,0.9845554232597351,0.5295913219451904,0.241285502910614,0.017772015184164047,0.9768012762069702,0.4823710024356842,0.23244594037532806,-0.025374872609972954,0.9023050665855408,0.5261567234992981,0.2389102727174759,0.034325335174798965,0.8860495090484619,0.4719412624835968,0.18927490711212158,-0.08393009006977081,0.9746249914169312,0.5264105200767517,0.18416643142700195,-0.019714871421456337,0.9697776436805725
yena_pick_up_normal_05,333,111,11.1013875,29.996250468691414,10,0.4948028326034546,0.5075289607048035,-0.2916705012321472,0.9999738931655884,0.4899181127548218,0.5199847221374512,-0.2887601852416992,0.9998945593833923,0.48719584941864014,0.5209301710128784,-0.28873443603515625,0.9998815655708313,0.4845321774482727,0.522411048412323,-0.2887931764125824,0.9998334050178528,0.499223530292511,0.5206299424171448,-0.28931570053100586,0.9999053478240967,0.5027952790260315,0.5216683745384216,-0.289385586977005,0.9999270439147949,0.5059159994125366,0.5228817462921143,-0.28941085934638977,0.9999313950538635,0.48064520955085754,0.5325050354003906,-0.22279588878154755,0.9997817277908325,0.5109248757362366,0.5282025933265686,-0.22244633734226227,0.9999349117279053,0.4911210834980011,0.49783527851104736,-0.2620258629322052,0.999980628490448,0.5009630918502808,0.4971387982368469,-0.26208817958831787,0.9999850988388062,0.46011999249458313,0.5009279847145081,-0.1295013278722763,0.9999874234199524,0.5330241322517395,0.4834305942058563,-0.17204122245311737,0.9999603033065796,0.4469318389892578,0.43809160590171814,-0.059962570667266846,0.9649568200111389,0.5387400984764099,0.3750074803829193,-0.1744125336408615,0.9909456968307495,0.4652109742164612,0.3966929614543915,-0.06370973587036133,0.9390113949775696,0.529779851436615,0.2824607789516449,-0.2203667312860489,0.9798287153244019,0.46547508239746094,0.3753581643104553,-0.06925258040428162,0.8876218199729919,0.5308754444122314,0.2557898163795471,-0.23939041793346405,0.9520705342292786,0.4699264168739319,0.38170763850212097,-0.0794580802321434,0.894302248954773,0.5223761200904846,0.2565217614173889,-0.2513585388660431,0.9542760848999023,0.47144678235054016,0.3888494074344635,-0.06615738570690155,0.869489312171936,0.5209141373634338,0.2641867697238922,-0.2245841920375824,0.9436786770820618,0.48454704880714417,0.36867326498031616,0.005332218948751688,0.9998822212219238,0.5242512226104736,0.36608046293258667,-0.005337452981621027,0.9998189210891724,0.4688163101673126,0.3340414762496948,-0.19625672698020935,0.992232084274292,0.5442953109741211,0.31185775995254517,-0.14056815207004547,0.9842696189880371,0.47692692279815674,0.24069686233997345,-0.04161230847239494,0.9830666184425354,0.5298596620559692,0.24226608872413635,0.037322770804166794,0.9718899130821228,0.48233380913734436,0.23240859806537628,-0.028087018057703972,0.8984807133674622,0.5263972878456116,0.24052217602729797,0.05416443198919296,0.872406005859375,0.4720813035964966,0.18913888931274414,-0.08669821918010712,0.9728582501411438,0.5266364216804504,0.1842174530029297,0.0027173778507858515,0.9645137786865234
yena_pick_up_normal_05,336,112,11.2014,29.996250468691414,10,0.49550944566726685,0.5086119771003723,-0.2911370098590851,0.999972939491272,0.4903184473514557,0.5207668542861938,-0.287626177072525,0.9998911619186401,0.487481951713562,0.5218931436538696,-0.28760144114494324,0.9998760223388672,0.48482388257980347,0.523424506187439,-0.28765735030174255,0.9998266696929932,0.5000993609428406,0.5214280486106873,-0.2881335914134979,0.9999032616615295,0.5036581754684448,0.5227505564689636,-0.2882026135921478,0.999924898147583,0.5064431428909302,0.524262011051178,-0.2882271409034729,0.9999300241470337,0.48065999150276184,0.5330771803855896,-0.22207097709178925,0.9997695684432983,0.5110029578208923,0.5299142599105835,-0.2207442671060562,0.9999353289604187,0.4913601875305176,0.49870073795318604,-0.2610612213611603,0.9999798536300659,0.5014191269874573,0.49885648488998413,-0.2611323297023773,0.9999845623970032,0.46051424741744995,0.5011493563652039,-0.12936891615390778,0.9999879002571106,0.5328659415245056,0.48526090383529663,-0.17195414006710052,0.9999618530273438,0.4469742774963379,0.4382610321044922,-0.05658382549881935,0.9627497792243958,0.5387068390846252,0.37520745396614075,-0.17513234913349152,0.9916360974311829,0.4651952385902405,0.3966243863105774,-0.05935655161738396,0.9361012578010559,0.5298224091529846,0.2818045914173126,-0.21991342306137085,0.9808444380760193,0.465387225151062,0.37515848875045776,-0.06439389288425446,0.8822301030158997,0.530931830406189,0.2546509802341461,-0.2387634813785553,0.9537174701690674,0.4699053168296814,0.38143131136894226,-0.07456982880830765,0.8895117044448853,0.5223861336708069,0.2551514804363251,-0.25013378262519836,0.9558954238891602,0.4714415967464447,0.3882317841053009,-0.061667196452617645,0.8639938831329346,0.5209179520606995,0.2629784047603607,-0.22380566596984863,0.9456155300140381,0.48490068316459656,0.3684428632259369,0.006134060211479664,0.9998911619186401,0.5243302583694458,0.36596056818962097,-0.006150056142359972,0.9998231530189514,0.4684862494468689,0.3328707218170166,-0.19597087800502777,0.9913363456726074,0.5446152091026306,0.31078895926475525,-0.09418103098869324,0.980765700340271,0.476984441280365,0.24059326946735382,-0.03923980891704559,0.9798817038536072,0.5301637053489685,0.2425917237997055,0.08860521018505096,0.9632763862609863,0.48235946893692017,0.2323354333639145,-0.02609817497432232,0.8919063806533813,0.526654839515686,0.2411922812461853,0.10587801784276962,0.8508045077323914,0.471996009349823,0.18919886648654938,-0.0853291004896164,0.9695683121681213,0.5268964171409607,0.18870477378368378,0.0598253458738327,0.9548635482788086
yena_pick_up_normal_05,339,113,11.3014125,29.996250468691414,10,0.49660810828208923,0.5086535811424255,-0.2854308784008026,0.9999696612358093,0.49106311798095703,0.5206082463264465,-0.28359898924827576,0.9998795390129089,0.48812997341156006,0.5215905904769897,-0.2835754156112671,0.9998608827590942,0.4855041205883026,0.523033857345581,-0.28363046050071716,0.9998076558113098,0.5014201998710632,0.521350622177124,-0.2835490107536316,0.9998928308486938,0.504808247089386,0.5225193500518799,-0.2836119532585144,0.9999147057533264,0.5073636174201965,0.5239638090133667,-0.28363561630249023,0.9999211430549622,0.4807915985584259,0.5325964093208313,-0.22031649947166443,0.9997357726097107,0.5113148093223572,0.5299289226531982,-0.21947771310806274,0.9999265670776367,0.4918207824230194,0.49881410598754883,-0.2567562460899353,0.9999774098396301,0.502341628074646,0.4990050792694092,-0.25599730014801025,0.9999822974205017,0.46109241247177124,0.501157283782959,-0.12857429683208466,0.9999883770942688,0.5327956676483154,0.48684975504875183,-0.16866114735603333,0.9999614953994751,0.44699743390083313,0.43757519125938416,-0.06037433445453644,0.9606920480728149,0.5386801958084106,0.37551644444465637,-0.17095355689525604,0.9921565055847168,0.46517354249954224,0.3966784179210663,-0.07000944018363953,0.9330662488937378,0.5296574831008911,0.2826329469680786,-0.21382954716682434,0.9814009070396423,0.46537888050079346,0.37530016899108887,-0.07737269997596741,0.8765636682510376,0.5309157967567444,0.2539934813976288,-0.23122599720954895,0.9544388651847839,0.4698919653892517,0.38164395093917847,-0.08815159648656845,0.8844406008720398,0.5224074721336365,0.2543746531009674,-0.2417372614145279,0.9566278457641602,0.4714294970035553,0.38836199045181274,-0.07295908778905869,0.8581405878067017,0.5208910703659058,0.2629593014717102,-0.21694378554821014,0.9464024901390076,0.48533597588539124,0.36579474806785583,0.005888447165489197,0.9998996257781982,0.5247301459312439,0.3638128936290741,-0.005899937357753515,0.9998223781585693,0.4685961902141571,0.3320043087005615,-0.19443310797214508,0.9905139207839966,0.5448301434516907,0.30799201130867004,-0.05277334526181221,0.9742650985717773,0.47701263427734375,0.2405543327331543,-0.0506826788187027,0.9767971038818359,0.5310075879096985,0.24373991787433624,0.13957220315933228,0.9498905539512634,0.48241424560546875,0.2322092205286026,-0.03790121525526047,0.8857783675193787,0.5276119112968445,0.2432456910610199,0.15789631009101868,0.8226996660232544,0.4719933271408081,0.1892445981502533,-0.09706538170576096,0.9668958783149719,0.5270596146583557,0.19153626263141632,0.11562761664390564,0.9403204321861267
yena_pick_up_normal_05,342,114,11.401425,29.996250468691414,10,0.4975271224975586,0.5115942358970642,-0.27705976366996765,0.9999682903289795,0.4917936623096466,0.5242789387702942,-0.27393683791160583,0.9998714327812195,0.4887973368167877,0.5254071950912476,-0.2739218473434448,0.9998518228530884,0.48617446422576904,0.5268605351448059,-0.27397826313972473,0.9997943043708801,0.5025948286056519,0.5243735313415527,-0.27337461709976196,0.9998854398727417,0.5058668851852417,0.5256122350692749,-0.27343884110450745,0.9999096989631653,0.5083485841751099,0.5269636511802673,-0.27345314621925354,0.999916672706604,0.4810432195663452,0.5357160568237305,-0.2087964564561844,0.9997140765190125,0.5118473172187805,0.5327663421630859,-0.20388345420360565,0.9999251961708069,0.49231255054473877,0.5022708177566528,-0.24785803258419037,0.9999765753746033,0.5033066272735596,0.5023111701011658,-0.24647967517375946,0.9999819993972778,0.461365669965744,0.5012823343276978,-0.12011418491601944,0.9999887943267822,0.5327239036560059,0.48835065960884094,-0.15550832450389862,0.9999632835388184,0.44706153869628906,0.43689221143722534,-0.061258383095264435,0.960243821144104,0.5385762453079224,0.37685835361480713,-0.15769292414188385,0.9925540685653687,0.46517717838287354,0.39512237906455994,-0.07373791188001633,0.9320521950721741,0.5294366478919983,0.2841714322566986,-0.2036622017621994,0.9817197322845459,0.4653709828853607,0.3740362823009491,-0.079752616584301,0.8743184804916382,0.5309434533119202,0.254879891872406,-0.22275184094905853,0.9546468257904053,0.46989724040031433,0.38039374351501465,-0.09230532497167587,0.8823125958442688,0.5224670171737671,0.2552182078361511,-0.23447799682617188,0.9568188190460205,0.4714403450489044,0.38702553510665894,-0.07685014605522156,0.8553758263587952,0.5209270119667053,0.2635326683521271,-0.20778074860572815,0.9469356536865234,0.4857075810432434,0.3649550974369049,0.0057170335203409195,0.9999033808708191,0.5251592397689819,0.3632426857948303,-0.0057326084934175014,0.9998233318328857,0.46869510412216187,0.3319270610809326,-0.20109057426452637,0.990138590335846,0.5464004874229431,0.30829212069511414,-0.17202821373939514,0.9738348126411438,0.47704145312309265,0.2393866628408432,-0.04591356962919235,0.9757033586502075,0.5315902829170227,0.24360747635364532,-0.014649631455540657,0.950289785861969,0.48248401284217834,0.23170103132724762,-0.03262675553560257,0.885515034198761,0.5282028913497925,0.24173711240291595,5.073502325103618e-05,0.8256890773773193,0.47195789217948914,0.18927766382694244,-0.0946660041809082,0.9648951888084412,0.5271077752113342,0.19186584651470184,-0.06254501640796661,0.9406582117080688
yena_pick_up_normal_05,345,115,11.5014375,29.996250468691414,10,0.497829794883728,0.5153464674949646,-0.26974400877952576,0.9999663233757019,0.49223247170448303,0.5282644629478455,-0.26549941301345825,0.9998616576194763,0.48924776911735535,0.5293480753898621,-0.26549002528190613,0.9998406767845154,0.48665887117385864,0.5307841897010803,-0.2655501365661621,0.9997789859771729,0.5030108690261841,0.52845299243927,-0.2654060423374176,0.9998771548271179,0.5062335729598999,0.5296542644500732,-0.26546984910964966,0.9999042749404907,0.5087233185768127,0.5310103893280029,-0.26548874378204346,0.9999120831489563,0.48140057921409607,0.5393126606941223,-0.1986413449048996,0.9996871948242188,0.5123854279518127,0.5363693833351135,-0.1958492398262024,0.9999231696128845,0.4926331341266632,0.5056165456771851,-0.240234836935997,0.9999757409095764,0.5036895871162415,0.5059319734573364,-0.239518404006958,0.9999818801879883,0.4619726836681366,0.5030747652053833,-0.11317178606987,0.9999891519546509,0.5330529808998108,0.4893264174461365,-0.14853592216968536,0.9999648928642273,0.44781261682510376,0.4361115097999573,-0.060611478984355927,0.9602187275886536,0.5386369824409485,0.3778192102909088,-0.15099698305130005,0.9929206967353821,0.4652630686759949,0.39610275626182556,-0.07505679130554199,0.9321308135986328,0.5294551253318787,0.2879177927970886,-0.19834430515766144,0.9819953441619873,0.46581584215164185,0.3745734393596649,-0.0857834741473198,0.8739797472953796,0.531280517578125,0.25715866684913635,-0.21790745854377747,0.954892635345459,0.4703420102596283,0.3808787167072296,-0.09484463185071945,0.8819301724433899,0.5226624011993408,0.2574450969696045,-0.22950424253940582,0.9570782780647278,0.4717434346675873,0.3874668478965759,-0.07772476971149445,0.8545597791671753,0.5209386944770813,0.2654659152030945,-0.20257391035556793,0.9474977850914001,0.48579514026641846,0.36666855216026306,0.0056768241338431835,0.9999045729637146,0.5253267884254456,0.365241676568985,-0.005675405263900757,0.9998196959495544,0.46919456124305725,0.33223167061805725,-0.19883233308792114,0.9897039532661438,0.5462648272514343,0.3106374144554138,-0.17739003896713257,0.9731453061103821,0.47706568241119385,0.23837068676948547,-0.0441034696996212,0.9743222594261169,0.5317555069923401,0.24218684434890747,-0.026786798611283302,0.9502545595169067,0.4825010299682617,0.23076073825359344,-0.030816178768873215,0.8827310800552368,0.5288323760032654,0.23789192736148834,-0.012923117727041245,0.8258117437362671,0.47201794385910034,0.18937459588050842,-0.0937870442867279,0.96258544921875,0.5272170305252075,0.19187861680984497,-0.07825999706983566,0.9406643509864807
yena_pick_up_normal_05,348,116,11.60145,29.996250468691414,10,0.49803441762924194,0.5171271562576294,-0.27134719491004944,0.999966561794281,0.49274322390556335,0.5296791791915894,-0.26705557107925415,0.9998607635498047,0.48978620767593384,0.5304567217826843,-0.26703470945358276,0.999839186668396,0.48735153675079346,0.5316165685653687,-0.26708635687828064,0.9997755289077759,0.5033184885978699,0.5302947759628296,-0.2670457065105438,0.9998772740364075,0.5065087080001831,0.5316098928451538,-0.26710888743400574,0.9999054074287415,0.5090174078941345,0.5330644249916077,-0.26712608337402344,0.9999133348464966,0.4822034537792206,0.5407325625419617,-0.20052765309810638,0.999676525592804,0.5128045678138733,0.5377761721611023,-0.19825153052806854,0.9999247193336487,0.4928966760635376,0.5072264671325684,-0.24200572073459625,0.999975860118866,0.5039347410202026,0.5074761509895325,-0.24143312871456146,0.9999823570251465,0.4625856578350067,0.5053294897079468,-0.1161612793803215,0.9999895691871643,0.5335149765014648,0.4917086064815521,-0.15158100426197052,0.9999669194221497,0.4487641155719757,0.43821871280670166,-0.05945238843560219,0.9594736099243164,0.5387642979621887,0.38063886761665344,-0.1535121649503708,0.9933575987815857,0.4660801887512207,0.39667996764183044,-0.07159988582134247,0.9314945340156555,0.5304966568946838,0.29135116934776306,-0.20142899453639984,0.9826347827911377,0.4668288230895996,0.37481406331062317,-0.08066754788160324,0.8731839060783386,0.5337916016578674,0.25995945930480957,-0.22092895209789276,0.9561710357666016,0.4711909592151642,0.38085272908210754,-0.09040260314941406,0.8811089396476746,0.5253437161445618,0.260475754737854,-0.23242025077342987,0.9583088755607605,0.4725939929485321,0.38739264011383057,-0.07445350289344788,0.8535742163658142,0.5230724215507507,0.26861700415611267,-0.20563800632953644,0.9491016864776611,0.4857754111289978,0.3686573803424835,0.0056091537699103355,0.999908983707428,0.5255383253097534,0.36740195751190186,-0.005606791004538536,0.9998239278793335,0.47013357281684875,0.3315715789794922,-0.19932840764522552,0.989488959312439,0.5443206429481506,0.30987000465393066,-0.17223170399665833,0.9725046753883362,0.47709327936172485,0.23835712671279907,-0.033415935933589935,0.973383367061615,0.5314308404922485,0.2422398030757904,-0.0049488055519759655,0.9494826197624207,0.48264846205711365,0.23078344762325287,-0.017961286008358,0.8794904947280884,0.5291593074798584,0.2378494292497635,0.010737634263932705,0.822998583316803,0.47201767563819885,0.18957577645778656,-0.07489503175020218,0.9608657956123352,0.5273058414459229,0.19164210557937622,-0.048322297632694244,0.9399043917655945
yena_pick_up_normal_05,351,117,11.7014625,29.996250468691414,10,0.49896037578582764,0.5293431878089905,-0.2919512391090393,0.9999678730964661,0.49388840794563293,0.5422629117965698,-0.2885512709617615,0.9998643398284912,0.4906785786151886,0.5427236557006836,-0.28850796818733215,0.9998436570167542,0.488202840089798,0.5434969067573547,-0.28855612874031067,0.9997809529304504,0.5042601823806763,0.543286919593811,-0.28841426968574524,0.9998807907104492,0.5072813630104065,0.5442547798156738,-0.28848111629486084,0.9999091029167175,0.509942352771759,0.5454098582267761,-0.28849539160728455,0.9999164938926697,0.483039528131485,0.5492714643478394,-0.22296638786792755,0.9996839761734009,0.5136817097663879,0.5495997667312622,-0.22031256556510925,0.9999274611473083,0.493821918964386,0.5171303749084473,-0.26260268688201904,0.9999766945838928,0.5047887563705444,0.5170339345932007,-0.26196029782295227,0.999983012676239,0.4627116620540619,0.5079885125160217,-0.13655751943588257,0.9999900460243225,0.5341354012489319,0.49858716130256653,-0.16873672604560852,0.9999691843986511,0.45171818137168884,0.43919411301612854,-0.06751441955566406,0.9598516821861267,0.5395376682281494,0.38994598388671875,-0.16695748269557953,0.9937480092048645,0.4670817255973816,0.3969859182834625,-0.06988151371479034,0.9302895665168762,0.5333430767059326,0.2944881319999695,-0.211371511220932,0.9828073978424072,0.4678337872028351,0.37434902787208557,-0.07629823684692383,0.8711462616920471,0.5379011631011963,0.261900931596756,-0.23043467104434967,0.9562854170799255,0.4721370041370392,0.38056594133377075,-0.08712413907051086,0.8795670866966248,0.5303223133087158,0.26308584213256836,-0.24276898801326752,0.9586180448532104,0.4735196530818939,0.387167751789093,-0.07281185686588287,0.8520076870918274,0.5271080136299133,0.2715115249156952,-0.21602727472782135,0.9496368169784546,0.4854453504085541,0.3770116865634918,0.004707008600234985,0.9999144673347473,0.5255336165428162,0.3764316141605377,-0.0047239456325769424,0.9998319745063782,0.47278502583503723,0.3317902088165283,-0.200391948223114,0.9896131753921509,0.5399443507194519,0.311015248298645,-0.17191606760025024,0.971828281879425,0.47701871395111084,0.23834562301635742,-0.027620069682598114,0.9735211133956909,0.531036913394928,0.23996545374393463,0.011687149293720722,0.9494856595993042,0.4826723635196686,0.23075330257415771,-0.01199297234416008,0.8777548670768738,0.5274911522865295,0.23372888565063477,0.02745727077126503,0.8204196691513062,0.4720273017883301,0.18958315253257751,-0.0730588510632515,0.9609429836273193,0.5271904468536377,0.18694551289081573,-0.03388267755508423,0.9405479431152344
yena_pick_up_normal_05,354,118,11.801475,29.996250468691414,10,0.49975213408470154,0.5462443828582764,-0.3054355978965759,0.9999690651893616,0.4946975111961365,0.5584692358970642,-0.30175215005874634,0.9998664855957031,0.4914340078830719,0.5589190721511841,-0.30171436071395874,0.9998469352722168,0.4888675808906555,0.5597623586654663,-0.3017655909061432,0.999784529209137,0.5050547122955322,0.5597681403160095,-0.3019172251224518,0.9998822808265686,0.5080180168151855,0.5607635378837585,-0.3019863963127136,0.9999115467071533,0.5106998085975647,0.5619739890098572,-0.302001416683197,0.9999178647994995,0.48423483967781067,0.5656630992889404,-0.23440970480442047,0.9996917247772217,0.5147885680198669,0.5667256116867065,-0.23345302045345306,0.999928891658783,0.49436360597610474,0.5340120196342468,-0.27532246708869934,0.999977707862854,0.5054200291633606,0.5348259806632996,-0.2751868963241577,0.9999837279319763,0.46281999349594116,0.5201139450073242,-0.14703555405139923,0.999990701675415,0.535217821598053,0.5121772289276123,-0.17624180018901825,0.9999715089797974,0.45355451107025146,0.4435492157936096,-0.08102817833423615,0.9614107608795166,0.5420781970024109,0.40688666701316833,-0.16942934691905975,0.99409019947052,0.4684630036354065,0.39711886644363403,-0.08496535569429398,0.9315344095230103,0.5366238355636597,0.3101029694080353,-0.2137540727853775,0.9830142855644226,0.4688733220100403,0.374494343996048,-0.09321103245019913,0.8727612495422363,0.5410146117210388,0.2769535779953003,-0.23314903676509857,0.9567808508872986,0.4734475016593933,0.38087400794029236,-0.10558228194713593,0.8812643885612488,0.5334721207618713,0.27754607796669006,-0.2462465465068817,0.9592803120613098,0.47492656111717224,0.38757067918777466,-0.0887594223022461,0.8542100787162781,0.5299844145774841,0.2854473292827606,-0.21884165704250336,0.9505609273910522,0.48542696237564087,0.3902794420719147,0.004342119209468365,0.9999186992645264,0.5255201458930969,0.39020076394081116,-0.004354007542133331,0.999836802482605,0.475532591342926,0.33136916160583496,-0.19900605082511902,0.9894660711288452,0.534307062625885,0.31819722056388855,-0.15313854813575745,0.9703280329704285,0.4764109253883362,0.23689277470111847,-0.023139845579862595,0.97305828332901,0.5307294130325317,0.23740923404693604,0.013391420245170593,0.9493075013160706,0.4813454747200012,0.23013918101787567,-0.008042178116738796,0.8724157810211182,0.5275423526763916,0.23275960981845856,0.027909258380532265,0.8158460855484009,0.4719773232936859,0.1893535554409027,-0.07524032145738602,0.9599665403366089,0.5271924734115601,0.18500036001205444,-0.03709225729107857,0.9408800005912781
yena_pick_up_normal_05,357,119,11.9014875,29.996250468691414,10,0.5010294914245605,0.566994309425354,-0.3105987012386322,0.999968945980072,0.49592864513397217,0.5782973170280457,-0.30574530363082886,0.9998630285263062,0.49263066053390503,0.5787908434867859,-0.305727481842041,0.999843180179596,0.489776611328125,0.5797303318977356,-0.30577772855758667,0.9997813105583191,0.5059864521026611,0.580302357673645,-0.3055044412612915,0.9998784065246582,0.5087696313858032,0.5817151069641113,-0.30558159947395325,0.9999088644981384,0.511279821395874,0.5829675197601318,-0.30560722947120667,0.9999150633811951,0.48527202010154724,0.5844205617904663,-0.23620575666427612,0.9996795058250427,0.5151053071022034,0.5865916013717651,-0.233963280916214,0.9999237656593323,0.4954773485660553,0.5553810000419617,-0.2802530825138092,0.9999777674674988,0.5066107511520386,0.5570715665817261,-0.2797252833843231,0.9999839067459106,0.4628961384296417,0.5355737805366516,-0.15363889932632446,0.9999908804893494,0.5368717908859253,0.5278527736663818,-0.1770491898059845,0.9999732375144958,0.45559585094451904,0.45567411184310913,-0.1075846329331398,0.9622212648391724,0.5454683899879456,0.4244184195995331,-0.16911806166172028,0.9943504929542542,0.46970921754837036,0.39848825335502625,-0.12894216179847717,0.9305765628814697,0.5401884317398071,0.32785138487815857,-0.21308985352516174,0.9824857115745544,0.46982893347740173,0.3746359348297119,-0.14137692749500275,0.8710430264472961,0.5440928339958191,0.29571402072906494,-0.2330790013074875,0.9552712440490723,0.4745445251464844,0.38111191987991333,-0.15406139194965363,0.8798840045928955,0.5366834998130798,0.2958180606365204,-0.24517686665058136,0.9580448865890503,0.476103812456131,0.38813918828964233,-0.13351251184940338,0.8527772426605225,0.5332160592079163,0.3043390214443207,-0.21793700754642487,0.9493773579597473,0.4856158494949341,0.40242791175842285,0.004602383356541395,0.9999188780784607,0.5256565809249878,0.40431275963783264,-0.0046178619377315044,0.9998322129249573,0.4766431748867035,0.33137017488479614,-0.1883353590965271,0.9893528819084167,0.531767725944519,0.3226204812526703,-0.1529720574617386,0.9703417420387268,0.47641071677207947,0.23639944195747375,-0.01937907561659813,0.9737737774848938,0.530731737613678,0.2372414469718933,0.0012215563328936696,0.9517199397087097,0.4813373386859894,0.22772449254989624,-0.005580672062933445,0.8727180361747742,0.5327263474464417,0.2319357544183731,0.013138544745743275,0.8183332681655884,0.4716477692127228,0.1891334503889084,-0.07708083838224411,0.9606411457061768,0.5286083817481995,0.18278764188289642,-0.06562182307243347,0.9435910582542419
yena_pick_up_normal_05,360,120,12.0015,29.996250468691414,10,0.5014041066169739,0.5876906514167786,-0.3237570822238922,0.9999690651893616,0.4962024688720703,0.6002100110054016,-0.3179090917110443,0.9998573660850525,0.49287137389183044,0.6007819771766663,-0.3178868889808655,0.99983811378479,0.48992088437080383,0.6017807126045227,-0.317930668592453,0.9997740983963013,0.506131649017334,0.6011577844619751,-0.3178589642047882,0.9998729228973389,0.5089179873466492,0.6021445393562317,-0.31793656945228577,0.9999058842658997,0.5114681124687195,0.6031887531280518,-0.31796345114707947,0.9999113082885742,0.48552364110946655,0.6050198674201965,-0.24415212869644165,0.999664843082428,0.5154798626899719,0.6075496077537537,-0.24278941750526428,0.9999176263809204,0.49583056569099426,0.5763586163520813,-0.2920781373977661,0.9999778270721436,0.5068230628967285,0.5774259567260742,-0.29186350107192993,0.999984085559845,0.46298301219940186,0.5513094067573547,-0.15687277913093567,0.9999909996986389,0.5376468896865845,0.5464126467704773,-0.1797540783882141,0.99997478723526,0.4559136927127838,0.47128579020500183,-0.10506585985422134,0.9632747769355774,0.5476587414741516,0.4399946331977844,-0.16903135180473328,0.9945982694625854,0.47021517157554626,0.40487194061279297,-0.12486015260219574,0.9291815161705017,0.5425326824188232,0.3438912630081177,-0.21385550498962402,0.9819685220718384,0.46978944540023804,0.37849441170692444,-0.1366032510995865,0.8689969778060913,0.5467173457145691,0.31427299976348877,-0.23309721052646637,0.9539703726768494,0.4748958945274353,0.384051114320755,-0.150971457362175,0.8781642913818359,0.5397195816040039,0.31337928771972656,-0.24790191650390625,0.9570159912109375,0.47666850686073303,0.3924042284488678,-0.1299084573984146,0.8507172465324402,0.5363854765892029,0.3223785161972046,-0.2196795791387558,0.9483640193939209,0.48581168055534363,0.41356122493743896,0.004619492683559656,0.999919593334198,0.5257145762443542,0.4147997796535492,-0.004629810340702534,0.9998297691345215,0.47733351588249207,0.3342221975326538,-0.18734696507453918,0.9899308085441589,0.5305535793304443,0.33037513494491577,-0.15414348244667053,0.9717842936515808,0.4762222170829773,0.23621921241283417,-0.02255389839410782,0.9756380319595337,0.5307453870773315,0.2366766780614853,-0.0061836265958845615,0.9551385045051575,0.4810803234577179,0.22631876170635223,-0.009209946729242802,0.8773322701454163,0.5322837233543396,0.22717078030109406,0.004718609619885683,0.8254316449165344,0.47165974974632263,0.18912233412265778,-0.09337028861045837,0.9629842042922974,0.5292198061943054,0.18330398201942444,-0.08331198990345001,0.9473207592964172
yena_pick_up_normal_05,363,121,12.1015125,29.996250468691414,10,0.5016998052597046,0.6081621646881104,-0.3138883709907532,0.9999693036079407,0.4964675009250641,0.6222516298294067,-0.30785414576530457,0.9998574256896973,0.4931011497974396,0.6226537227630615,-0.3078411817550659,0.9998383522033691,0.4901019036769867,0.6232582926750183,-0.30789196491241455,0.9997786283493042,0.5064033269882202,0.6237360835075378,-0.30800899863243103,0.9998714923858643,0.5091835260391235,0.62479168176651,-0.3080810606479645,0.9999036192893982,0.5117253661155701,0.6259073615074158,-0.3081073462963104,0.9999092817306519,0.4859900176525116,0.6245483756065369,-0.23530349135398865,0.999668300151825,0.5158339738845825,0.6277263760566711,-0.23435886204242706,0.9999108910560608,0.4962042570114136,0.5954119563102722,-0.28258365392684937,0.9999784827232361,0.5070225596427917,0.5960196852684021,-0.2825920879840851,0.9999845027923584,0.46347036957740784,0.5675357580184937,-0.15252798795700073,0.9999912977218628,0.5387601852416992,0.5618798732757568,-0.17665964365005493,0.9999757409095764,0.4557974636554718,0.4828384518623352,-0.1143389493227005,0.9656851291656494,0.5484711527824402,0.4562686085700989,-0.15361329913139343,0.9946919679641724,0.4699387848377228,0.4106281101703644,-0.15272778272628784,0.9317615032196045,0.5428568720817566,0.36165502667427063,-0.19802412390708923,0.9809176325798035,0.4697418808937073,0.3830571472644806,-0.1694684773683548,0.8730512857437134,0.5471829771995544,0.3353661298751831,-0.2161407321691513,0.95183926820755,0.4746358096599579,0.3877846896648407,-0.18489804863929749,0.8820438385009766,0.5411275029182434,0.33525004982948303,-0.23327569663524628,0.9551454186439514,0.4765148162841797,0.3964487314224243,-0.15884095430374146,0.8552191257476807,0.5378960371017456,0.3436165153980255,-0.20464776456356049,0.9462375640869141,0.48569974303245544,0.4243917167186737,0.0045983195304870605,0.9999192357063293,0.5253206491470337,0.42442217469215393,-0.004607152659446001,0.9998244047164917,0.4768604040145874,0.33655110001564026,-0.1822609007358551,0.9905216693878174,0.5298014283180237,0.33474430441856384,-0.15325331687927246,0.9734894037246704,0.4761255979537964,0.2347973734140396,-0.032781023532152176,0.9773862957954407,0.5307009220123291,0.23503676056861877,-0.01838889718055725,0.958417534828186,0.4810999929904938,0.22380022704601288,-0.02291545830667019,0.881672739982605,0.5316641330718994,0.2252197116613388,-0.009366433136165142,0.8312469124794006,0.47166746854782104,0.1891339123249054,-0.11194726824760437,0.9653319120407104,0.5307586789131165,0.18413712084293365,-0.099124975502491,0.950909435749054
yena_pick_up_normal_05,366,122,12.201525,29.996250468691414,10,0.5019524693489075,0.6294839978218079,-0.31461185216903687,0.9999675750732422,0.4967196583747864,0.642806887626648,-0.30727261304855347,0.9998476505279541,0.4933546483516693,0.6433882713317871,-0.30727288126945496,0.9998273849487305,0.4903450012207031,0.6440794467926025,-0.30732473731040955,0.9997699856758118,0.5065845847129822,0.6437836289405823,-0.3075145483016968,0.9998614192008972,0.5093769431114197,0.6448928713798523,-0.3075871467590332,0.9998933672904968,0.51189786195755,0.6456344723701477,-0.30762043595314026,0.9999000430107117,0.48636963963508606,0.6452447175979614,-0.23204058408737183,0.9996483325958252,0.5158624649047852,0.6464671492576599,-0.23144152760505676,0.9998951554298401,0.4964158236980438,0.6164830923080444,-0.28242313861846924,0.9999777674674988,0.50715571641922,0.6165615320205688,-0.2825821340084076,0.9999842047691345,0.4635921120643616,0.5829604268074036,-0.1502184271812439,0.9999908804893494,0.5386637449264526,0.5820550918579102,-0.16876697540283203,0.9999760389328003,0.45626726746559143,0.495196133852005,-0.11646968871355057,0.9676457047462463,0.5485768914222717,0.4757175147533417,-0.14474083483219147,0.994636595249176,0.4697495102882385,0.4188361167907715,-0.1661074310541153,0.9325957894325256,0.5431384444236755,0.38075652718544006,-0.19500967860221863,0.979231059551239,0.469271719455719,0.39080679416656494,-0.18467779457569122,0.8745854496955872,0.546592116355896,0.35392439365386963,-0.21406367421150208,0.9487125277519226,0.47457417845726013,0.394997775554657,-0.2014620304107666,0.8835399746894836,0.5409688353538513,0.3545759618282318,-0.23174022138118744,0.9522779583930969,0.4762951731681824,0.4036317467689514,-0.17303426563739777,0.8570929765701294,0.5382217168807983,0.3618517816066742,-0.20196036994457245,0.9429961442947388,0.4852376878261566,0.4328221082687378,0.004905089735984802,0.9999147653579712,0.5248972773551941,0.43261808156967163,-0.004901367239654064,0.9998124241828918,0.47687599062919617,0.33771124482154846,-0.16564226150512695,0.9907543063163757,0.5295987725257874,0.3386784791946411,-0.15261287987232208,0.9749032258987427,0.4760831296443939,0.2348458170890808,-0.027202490717172623,0.9786954522132874,0.5307166576385498,0.23379918932914734,-0.01863529160618782,0.9612116813659668,0.4809262156486511,0.22276520729064941,-0.01953870803117752,0.8849737644195557,0.5313104391098022,0.2237749844789505,-0.009923452511429787,0.8360934257507324,0.47140249609947205,0.19093091785907745,-0.10674576461315155,0.9670284986495972,0.5307295322418213,0.18452146649360657,-0.10459832102060318,0.9538462162017822
yena_pick_up_normal_05,369,123,12.3015375,29.996250468691414,10,0.5029870867729187,0.6526069045066833,-0.3131454885005951,0.9999641180038452,0.4976200461387634,0.6657689213752747,-0.30264201760292053,0.9998224973678589,0.49422723054885864,0.6660176515579224,-0.3026984930038452,0.9998018145561218,0.4911108613014221,0.6663332581520081,-0.3027586340904236,0.9997444152832031,0.5071339011192322,0.6664896011352539,-0.3029549717903137,0.9998382329940796,0.5098019242286682,0.6668521165847778,-0.3030281364917755,0.9998722076416016,0.5123781561851501,0.6673136949539185,-0.30310285091400146,0.9998789429664612,0.48707690834999084,0.6660135388374329,-0.22484759986400604,0.9995943903923035,0.5159515738487244,0.6669624447822571,-0.22514371573925018,0.9998664259910583,0.4970647394657135,0.6377642154693604,-0.2809924781322479,0.9999751448631287,0.5078300833702087,0.6387858986854553,-0.28046274185180664,0.9999829530715942,0.463679701089859,0.5999735593795776,-0.1474492996931076,0.9999896883964539,0.5391139388084412,0.5976491570472717,-0.16168980300426483,0.9999754428863525,0.45611780881881714,0.5101786851882935,-0.11340304464101791,0.9695566892623901,0.5485204458236694,0.48962321877479553,-0.13953420519828796,0.9945295453071594,0.46863773465156555,0.430989533662796,-0.16101016104221344,0.933885395526886,0.5430753827095032,0.3992658853530884,-0.18968813121318817,0.9773855209350586,0.4665374755859375,0.4022151529788971,-0.17844511568546295,0.8773980736732483,0.5456457734107971,0.3728456199169159,-0.2081766575574875,0.9456756114959717,0.4722805321216583,0.4058355391025543,-0.1956910341978073,0.8861364722251892,0.5402341485023499,0.37484273314476013,-0.22603701055049896,0.9492922425270081,0.47471797466278076,0.41493427753448486,-0.16795243322849274,0.8600858449935913,0.5378572344779968,0.3835051953792572,-0.19664187729358673,0.9395123720169067,0.48444002866744995,0.4422253966331482,0.006663791835308075,0.9999067783355713,0.5243584513664246,0.44121867418289185,-0.006670697592198849,0.9997979998588562,0.4771440327167511,0.33969905972480774,-0.1338774561882019,0.9904535412788391,0.5282023549079895,0.3432701826095581,-0.14302100241184235,0.9761385917663574,0.47600969672203064,0.23247568309307098,-0.010445891879498959,0.9796436429023743,0.5307237505912781,0.23196521401405334,-0.018751662224531174,0.9638271927833557,0.48093557357788086,0.22017402946949005,-0.0037052577827125788,0.8869880437850952,0.5310245156288147,0.2209201157093048,-0.01105852797627449,0.839941680431366,0.4709685146808624,0.19099923968315125,-0.09737756103277206,0.9682815670967102,0.5303468108177185,0.1841951608657837,-0.10426805913448334,0.956627368927002
yena_pick_up_normal_05,372,124,12.40155,29.996250468691414,10,0.5037817358970642,0.6759181022644043,-0.3091040551662445,0.9999623894691467,0.49806439876556396,0.689148485660553,-0.300783634185791,0.999809205532074,0.4947137236595154,0.6891657114028931,-0.3008738160133362,0.999790370464325,0.4915655255317688,0.6893826723098755,-0.3009200990200043,0.9997309446334839,0.5076898336410522,0.6900348663330078,-0.30016544461250305,0.9998200535774231,0.5104162096977234,0.6907216310501099,-0.30022871494293213,0.9998551607131958,0.5131589770317078,0.691125214099884,-0.30031150579452515,0.9998599886894226,0.48767659068107605,0.6874850392341614,-0.21528223156929016,0.9995690584182739,0.5163609981536865,0.6888527870178223,-0.21252892911434174,0.999840259552002,0.49760910868644714,0.6604793667793274,-0.27938857674598694,0.9999735355377197,0.5087312459945679,0.6616069674491882,-0.2800444960594177,0.9999817609786987,0.46409183740615845,0.6192566752433777,-0.1400119960308075,0.9999891519546509,0.5394366383552551,0.6158917546272278,-0.14258742332458496,0.9999740719795227,0.4560612440109253,0.5272653102874756,-0.10844627767801285,0.9712449312210083,0.5481811165809631,0.5083696246147156,-0.11417993158102036,0.9937283992767334,0.465964674949646,0.4419359862804413,-0.17478090524673462,0.9359651803970337,0.5435207486152649,0.41876131296157837,-0.1762342005968094,0.9752748608589172,0.46306636929512024,0.41357341408729553,-0.19613894820213318,0.8813596963882446,0.5452360510826111,0.3917520344257355,-0.197525292634964,0.9428653120994568,0.4690938889980316,0.4166790843009949,-0.21529778838157654,0.8896940350532532,0.5395111441612244,0.39464259147644043,-0.21713073551654816,0.9466339349746704,0.47166866064071655,0.4253297448158264,-0.18269437551498413,0.8639794588088989,0.5372222065925598,0.4035778343677521,-0.18419073522090912,0.9360981583595276,0.4841436743736267,0.4494883716106415,0.0065255481749773026,0.9999001622200012,0.5244048833847046,0.44847989082336426,-0.0065304250456392765,0.9997846484184265,0.4770582914352417,0.34200459718704224,-0.15629571676254272,0.9902962446212769,0.5293877720832825,0.3451431393623352,-0.1647767871618271,0.9775100350379944,0.4760098159313202,0.23190292716026306,0.0012185124214738607,0.9804888367652893,0.5306705236434937,0.23243428766727448,-0.011888686567544937,0.9664076566696167,0.48102715611457825,0.21925240755081177,0.011278238147497177,0.8884781002998352,0.5300530195236206,0.22206585109233856,-0.001720800413750112,0.8455629348754883,0.47049155831336975,0.19100883603096008,-0.09067185968160629,0.969207763671875,0.5303486585617065,0.18438418209552765,-0.10171925276517868,0.9593377709388733
yena_pick_up_normal_05,375,125,12.5015625,29.996250468691414,10,0.5046007037162781,0.7014272809028625,-0.3212776482105255,0.9999637007713318,0.49873220920562744,0.7158648371696472,-0.30977946519851685,0.9998164772987366,0.4953843653202057,0.7156082987785339,-0.3098107576370239,0.9997994303703308,0.4921434223651886,0.7152425050735474,-0.30984944105148315,0.999744713306427,0.5084260106086731,0.7176640033721924,-0.30948153138160706,0.9998230934143066,0.5110461711883545,0.7183206081390381,-0.30954042077064514,0.9998558759689331,0.5139201879501343,0.718916118144989,-0.3095850646495819,0.9998602271080017,0.488208144903183,0.7106720209121704,-0.21643829345703125,0.9995874166488647,0.5166468620300293,0.7141708135604858,-0.2140074074268341,0.9998336434364319,0.49828091263771057,0.6847476959228516,-0.28663763403892517,0.9999743103981018,0.5096917748451233,0.6861918568611145,-0.2866172790527344,0.9999819993972778,0.4645746052265167,0.6362183094024658,-0.14249490201473236,0.9999893307685852,0.5401093363761902,0.633239209651947,-0.14677609503269196,0.9999729990959167,0.45585402846336365,0.5394667387008667,-0.10781202465295792,0.9732563495635986,0.5478528141975403,0.5298275947570801,-0.11147955060005188,0.9927998781204224,0.46180084347724915,0.44735732674598694,-0.17226435244083405,0.9397345185279846,0.5449649095535278,0.4400169551372528,-0.17554698884487152,0.9731985330581665,0.459434449672699,0.4187629818916321,-0.19348600506782532,0.8877837657928467,0.5466276407241821,0.4118884801864624,-0.19871586561203003,0.939920961856842,0.46469005942344666,0.42135927081108093,-0.21479634940624237,0.8956049084663391,0.5408048629760742,0.41487860679626465,-0.21976406872272491,0.9438791275024414,0.4672045111656189,0.4287346303462982,-0.18091608583927155,0.8709408044815063,0.5385181307792664,0.42244166135787964,-0.1844838708639145,0.9326756000518799,0.48401257395744324,0.4579472839832306,0.0064512756653130054,0.9998979568481445,0.5250366926193237,0.4597793221473694,-0.006449850741773844,0.9997809529304504,0.47696220874786377,0.34658774733543396,-0.11248648911714554,0.9902573823928833,0.5296457409858704,0.3469717502593994,-0.14776229858398438,0.9788107872009277,0.47565755248069763,0.2320888489484787,0.0755150094628334,0.9813918471336365,0.5307304263114929,0.2326183021068573,0.031814150512218475,0.968874990940094,0.48070037364959717,0.21989785134792328,0.08824381232261658,0.8859632015228271,0.5299789309501648,0.22273458540439606,0.04424508661031723,0.8478876352310181,0.47054120898246765,0.1911819577217102,-0.01624622754752636,0.9703726172447205,0.5302513241767883,0.18380124866962433,-0.07299153506755829,0.962126612663269
yena_pick_up_normal_05,378,126,12.601575,29.996250468691414,10,0.5050626993179321,0.7237891554832458,-0.31817296147346497,0.9999655485153198,0.49906593561172485,0.7381275296211243,-0.3020043671131134,0.9998260140419006,0.49569958448410034,0.738093912601471,-0.30201441049575806,0.999810516834259,0.4924296438694,0.7378938794136047,-0.30197441577911377,0.9997599124908447,0.5088009834289551,0.7391895055770874,-0.30224475264549255,0.9998313784599304,0.5113537311553955,0.7394843101501465,-0.3022601008415222,0.9998612403869629,0.5142199397087097,0.7396849393844604,-0.30229178071022034,0.9998643398284912,0.488474577665329,0.732547402381897,-0.20954038202762604,0.9996084570884705,0.5168958306312561,0.7342284917831421,-0.2104613035917282,0.999832034111023,0.4986249804496765,0.7076997756958008,-0.2779243290424347,0.99997478723526,0.5103498697280884,0.7085828185081482,-0.27923738956451416,0.9999818801879883,0.46505337953567505,0.6529707312583923,-0.13407038152217865,0.9999892711639404,0.5400925278663635,0.6546575427055359,-0.13506020605564117,0.999972403049469,0.45555657148361206,0.5548509359359741,-0.08558205515146255,0.9752417802810669,0.5501323342323303,0.5558326244354248,-0.09079313278198242,0.991502046585083,0.45516735315322876,0.45989081263542175,-0.1517057865858078,0.944220781326294,0.5484752058982849,0.4746426045894623,-0.15389776229858398,0.9716103076934814,0.45308977365493774,0.42884695529937744,-0.16853994131088257,0.8953120112419128,0.5512765049934387,0.44418567419052124,-0.1762668341398239,0.9377405047416687,0.4580911099910736,0.4304516911506653,-0.18916179239749908,0.9026528596878052,0.5459260940551758,0.44699642062187195,-0.20020541548728943,0.9418925046920776,0.46072062849998474,0.43676847219467163,-0.15844425559043884,0.8795591592788696,0.5436862111091614,0.4563867151737213,-0.16414828598499298,0.9304052591323853,0.48269280791282654,0.46691420674324036,0.0035656155087053776,0.9998869299888611,0.5251084566116333,0.46899503469467163,-0.0036250061821192503,0.9997756481170654,0.4769684970378876,0.3461066782474518,0.01866958849132061,0.9902757406234741,0.5297356843948364,0.346561074256897,-0.016980448737740517,0.9799649119377136,0.4751458764076233,0.23194465041160583,0.18385757505893707,0.9822978973388672,0.5305479168891907,0.23188452422618866,0.15268684923648834,0.9710186719894409,0.47919729351997375,0.2191833108663559,0.19472680985927582,0.8826063275337219,0.5292242765426636,0.22212892770767212,0.16469578444957733,0.8504432439804077,0.47160521149635315,0.19140732288360596,0.09563431143760681,0.9719682335853577,0.5302718877792358,0.18322475254535675,0.06430500000715256,0.9646527767181396
yena_pick_up_normal_05,381,127,12.7015875,29.996250468691414,10,0.5050605535507202,0.745141327381134,-0.31394875049591064,0.999965250492096,0.4991418123245239,0.7594791650772095,-0.30057841539382935,0.9998301863670349,0.49572011828422546,0.7591842412948608,-0.3006005585193634,0.999818742275238,0.4924820363521576,0.7586447596549988,-0.3005439341068268,0.9997716546058655,0.5089424252510071,0.7601701617240906,-0.29922422766685486,0.9998281598091125,0.5115562081336975,0.7603192329406738,-0.2992175817489624,0.9998562932014465,0.5142117738723755,0.7602207064628601,-0.2992255389690399,0.9998552799224854,0.48856908082962036,0.75102299451828,-0.20808488130569458,0.9996296167373657,0.5171920657157898,0.7522444725036621,-0.2036011815071106,0.9998143315315247,0.4985925555229187,0.7286577224731445,-0.2775636613368988,0.9999744892120361,0.5106695890426636,0.7297223210334778,-0.27748221158981323,0.9999791979789734,0.4656183421611786,0.6650708913803101,-0.13453467190265656,0.9999890923500061,0.5400707125663757,0.6681035161018372,-0.11439435929059982,0.9999672174453735,0.45478886365890503,0.5678361058235168,-0.0805288702249527,0.9770076274871826,0.5516757965087891,0.5803981423377991,-0.03450404480099678,0.9850140810012817,0.45108649134635925,0.47556713223457336,-0.1456170231103897,0.9477411508560181,0.5541039109230042,0.5024912357330322,-0.07872440665960312,0.9609377980232239,0.4482010304927826,0.4476105868816376,-0.16112996637821198,0.9006227254867554,0.558150053024292,0.48194098472595215,-0.0944097712635994,0.923967182636261,0.45280373096466064,0.4482625126838684,-0.18330763280391693,0.907581627368927,0.5549587607383728,0.4822878837585449,-0.12252064049243927,0.9287235140800476,0.45560693740844727,0.45611563324928284,-0.15177516639232635,0.8853073716163635,0.5520385503768921,0.49002978205680847,-0.09057240188121796,0.9164412021636963,0.48112738132476807,0.4759860038757324,0.0010091883596032858,0.9998780488967896,0.5252367258071899,0.477371484041214,-0.0010627538431435823,0.9997773170471191,0.4771987497806549,0.34526127576828003,0.03203652799129486,0.9905522465705872,0.5297930240631104,0.34471529722213745,-0.014539424329996109,0.9814410209655762,0.47500869631767273,0.2304859608411789,0.20777596533298492,0.9834004640579224,0.530250072479248,0.23100930452346802,0.15393196046352386,0.973262369632721,0.47877374291419983,0.2172909677028656,0.21895365417003632,0.882614016532898,0.5282288789749146,0.22094234824180603,0.1644519865512848,0.8548986911773682,0.47161710262298584,0.1911517083644867,0.11078177392482758,0.9736999273300171,0.53086918592453,0.1826949566602707,0.05495261028409004,0.9672650694847107
yena_pick_up_normal_05,384,128,12.801599999999999,29.996250468691414,10,0.5049168467521667,0.758134126663208,-0.25953951478004456,0.999968409538269,0.49910151958465576,0.7701316475868225,-0.24508516490459442,0.999846339225769,0.49570342898368835,0.7698798775672913,-0.245096355676651,0.9998359680175781,0.49259141087532043,0.7694898843765259,-0.2450798600912094,0.9997934103012085,0.5089434385299683,0.77061527967453,-0.2444021999835968,0.9998441338539124,0.5117560029029846,0.7705903649330139,-0.2444199025630951,0.9998694062232971,0.5142328143119812,0.7704686522483826,-0.24441559612751007,0.9998681545257568,0.4890826642513275,0.7638632655143738,-0.14689452946186066,0.9996654391288757,0.5173710584640503,0.7640504837036133,-0.14568094909191132,0.9998293519020081,0.4986846148967743,0.7415775656700134,-0.22173303365707397,0.999976634979248,0.5108668804168701,0.7426490783691406,-0.22172458469867706,0.9999805688858032,0.46770185232162476,0.6766021251678467,-0.08290918916463852,0.9999891519546509,0.5402676463127136,0.6783179044723511,-0.0677158460021019,0.9999533891677856,0.4547368884086609,0.5837258100509644,-0.050817083567380905,0.9786859750747681,0.5562942028045654,0.5893799066543579,-0.061634887009859085,0.9782499074935913,0.4504343271255493,0.5021082162857056,-0.1381819099187851,0.9522277116775513,0.5583480596542358,0.579035758972168,-0.32364171743392944,0.9610435366630554,0.44630002975463867,0.4755781888961792,-0.15860797464847565,0.9088813066482544,0.5601862072944641,0.5740051865577698,-0.3638981580734253,0.9266546964645386,0.4501149356365204,0.4760339856147766,-0.17908520996570587,0.915285587310791,0.5589490532875061,0.5827441811561584,-0.37952953577041626,0.9312727451324463,0.4531658887863159,0.4854317605495453,-0.14959301054477692,0.894724428653717,0.5569519400596619,0.5844168066978455,-0.3351002633571625,0.9187982082366943,0.48130232095718384,0.4828827977180481,-0.00385416392236948,0.9998774528503418,0.5252968072891235,0.481422483921051,0.0037552255671471357,0.9997771978378296,0.47762733697891235,0.3446638584136963,-0.0006662342930212617,0.9912095665931702,0.5299689173698425,0.343257337808609,0.014749889262020588,0.9827796816825867,0.4749034643173218,0.22948119044303894,0.1736530363559723,0.9846144318580627,0.5302417874336243,0.22943827509880066,0.190248042345047,0.9754665493965149,0.47838735580444336,0.2156493216753006,0.1846291720867157,0.8869629502296448,0.5279358625411987,0.21825990080833435,0.20231346786022186,0.8627161979675293,0.4715777337551117,0.19020262360572815,0.07916297763586044,0.9756438732147217,0.5328598022460938,0.18246830999851227,0.102564737200737,0.9697840213775635
yena_pick_up_normal_05,387,129,12.901612499999999,29.996250468691414,10,0.5054145455360413,0.7688820362091064,-0.262714684009552,0.9999703764915466,0.4993435740470886,0.7796897888183594,-0.24794833362102509,0.9998582005500793,0.49588003754615784,0.7790032625198364,-0.24794481694698334,0.9998487830162048,0.4928992986679077,0.7778120040893555,-0.2479047328233719,0.9998087882995605,0.5092962384223938,0.781183123588562,-0.24692407250404358,0.9998555183410645,0.5123794078826904,0.7814798355102539,-0.24696579575538635,0.9998790621757507,0.5147225260734558,0.7811429500579834,-0.24696217477321625,0.999877393245697,0.48947468400001526,0.7693453431129456,-0.15097978711128235,0.9996921420097351,0.5176903009414673,0.7716020345687866,-0.14771337807178497,0.9998340010643005,0.499413400888443,0.7501331567764282,-0.2261645644903183,0.9999770522117615,0.511818528175354,0.7526155710220337,-0.22541195154190063,0.9999797344207764,0.4692230820655823,0.6837118864059448,-0.08677048981189728,0.9999854564666748,0.5405321717262268,0.6825251579284668,-0.0750349834561348,0.9999256134033203,0.4547458589076996,0.5910806059837341,-0.06448934227228165,0.9794385433197021,0.5546804070472717,0.5810909867286682,-0.15201376378536224,0.9783402681350708,0.4514255225658417,0.5253637433052063,-0.15666349232196808,0.9555265307426453,0.5562637448310852,0.635407030582428,-0.3868664503097534,0.9645520448684692,0.4482977092266083,0.5015810132026672,-0.1754540652036667,0.9143280982971191,0.5591156482696533,0.6591455340385437,-0.4292548894882202,0.9332441091537476,0.4523187279701233,0.5059542655944824,-0.1967187076807022,0.9201920032501221,0.5586512684822083,0.6694421768188477,-0.4306788444519043,0.9373799562454224,0.4550972580909729,0.5142601132392883,-0.16594082117080688,0.9008206129074097,0.5565564632415771,0.6633382439613342,-0.39246776700019836,0.925668478012085,0.48143270611763,0.48478856682777405,-0.0045163510367274284,0.9998806715011597,0.5254070162773132,0.4844420850276947,0.004341132007539272,0.9997825622558594,0.4784894287586212,0.3447410762310028,0.008269710466265678,0.9916900396347046,0.5299346446990967,0.34303680062294006,0.057446226477622986,0.9836604595184326,0.4747922718524933,0.2292238175868988,0.21298496425151825,0.9854570031166077,0.5302529335021973,0.22971966862678528,0.2734442949295044,0.9771831035614014,0.4780334532260895,0.21515196561813354,0.22771237790584564,0.8899030685424805,0.5279147028923035,0.21901093423366547,0.290695458650589,0.8679442405700684,0.47157731652259827,0.18972958624362946,0.12405917793512344,0.9772098660469055,0.5327523350715637,0.18192625045776367,0.19448910653591156,0.9718621969223022
yena_pick_up_normal_05,390,130,13.001624999999999,29.996250468691414,10,0.5053156614303589,0.7677051424980164,-0.1973724216222763,0.9999675750732422,0.49937868118286133,0.7796276211738586,-0.1811368614435196,0.9998602271080017,0.4959240257740021,0.7792046666145325,-0.18116852641105652,0.999850869178772,0.49314719438552856,0.7787883281707764,-0.18114598095417023,0.9998118877410889,0.5092543959617615,0.7805338501930237,-0.1814240962266922,0.9998533129692078,0.5123084187507629,0.7805783152580261,-0.18145214021205902,0.9998752474784851,0.5148604512214661,0.7803978323936462,-0.18145792186260223,0.9998726844787598,0.4895332157611847,0.7725352048873901,-0.08145993202924728,0.9997004866600037,0.5178712010383606,0.7742683291435242,-0.0823751762509346,0.9998058080673218,0.49940410256385803,0.7487660646438599,-0.15967880189418793,0.9999711513519287,0.5115646123886108,0.7504444122314453,-0.16013778746128082,0.9999690055847168,0.4702467918395996,0.6890167593955994,-0.029940765351057053,0.9999769330024719,0.540461540222168,0.6936550736427307,-0.026249712333083153,0.9998647570610046,0.4574302136898041,0.5991964936256409,-0.05347957834601402,0.9766150116920471,0.5545099973678589,0.5919298529624939,-0.13302336633205414,0.9792373776435852,0.46648070216178894,0.566422164440155,-0.1777619868516922,0.9568543434143066,0.5507339835166931,0.6734663248062134,-0.325715571641922,0.9676845073699951,0.46817106008529663,0.5471821427345276,-0.20407016575336456,0.9173351526260376,0.5505293607711792,0.6964156031608582,-0.36642029881477356,0.9389998316764832,0.469340443611145,0.5538572669029236,-0.22051142156124115,0.922618567943573,0.5530258417129517,0.7047205567359924,-0.36472657322883606,0.9426655769348145,0.4693751037120819,0.5606285929679871,-0.18602986633777618,0.9031720757484436,0.5522663593292236,0.697169303894043,-0.3294208347797394,0.9315149784088135,0.48152753710746765,0.4875849485397339,-0.004086718894541264,0.9998674988746643,0.5254474878311157,0.4862230122089386,0.003964057192206383,0.9997575283050537,0.4798687994480133,0.3444547951221466,-0.030906829982995987,0.9918437600135803,0.5297757387161255,0.3424164652824402,0.02534490078687668,0.9837615489959717,0.4747985601425171,0.22744588553905487,0.15568287670612335,0.9853097200393677,0.5302718877792358,0.22740337252616882,0.2226073443889618,0.9777121543884277,0.47804129123687744,0.21305522322654724,0.16864228248596191,0.8857847452163696,0.5279172658920288,0.21636846661567688,0.23789338767528534,0.8660189509391785,0.4720548391342163,0.18885980546474457,0.06629287451505661,0.9772623777389526,0.5326322317123413,0.18124140799045563,0.14036375284194946,0.972465455532074
yena_pick_up_normal_05,393,131,13.101637499999999,29.996250468691414,10,0.5052138566970825,0.7693645358085632,-0.2442551553249359,0.9999657869338989,0.49935272336006165,0.7838060259819031,-0.2321164309978485,0.9998628497123718,0.49593961238861084,0.7838426232337952,-0.2321275919675827,0.9998537302017212,0.4934123456478119,0.7837184071540833,-0.23212981224060059,0.9998158812522888,0.5092207789421082,0.7835955619812012,-0.23190243542194366,0.9998544454574585,0.5122405886650085,0.7836265563964844,-0.23194120824337006,0.9998737573623657,0.5149208307266235,0.7830489277839661,-0.23195543885231018,0.9998700618743896,0.48979589343070984,0.7775131464004517,-0.1404275745153427,0.9997127056121826,0.5179236531257629,0.7762070298194885,-0.13744337856769562,0.999794602394104,0.49931880831718445,0.7522610425949097,-0.2081947773694992,0.9999694228172302,0.5115374326705933,0.7517215609550476,-0.20779351890087128,0.9999663233757019,0.46999549865722656,0.6929641366004944,-0.07598426192998886,0.999966561794281,0.5391280055046082,0.6966473460197449,-0.06452558189630508,0.999853253364563,0.45983296632766724,0.5925538539886475,-0.1595870554447174,0.9772835373878479,0.5540067553520203,0.5932433605194092,-0.1570804864168167,0.9786783456802368,0.48960861563682556,0.6154192090034485,-0.341344952583313,0.9594390392303467,0.5313717722892761,0.643051266670227,-0.36906373500823975,0.9690080285072327,0.4982858896255493,0.6248403191566467,-0.37999534606933594,0.9216325879096985,0.5262935161590576,0.6566848754882812,-0.4106573760509491,0.9411055445671082,0.49827390909194946,0.6366110444068909,-0.3807312250137329,0.9262598752975464,0.5266279578208923,0.6698199510574341,-0.4075125455856323,0.9439493417739868,0.4964437782764435,0.6349856853485107,-0.34423404932022095,0.9062954187393188,0.5270845890045166,0.6663052439689636,-0.37183234095573425,0.9314095973968506,0.4815835952758789,0.4878939092159271,-0.0070656356401741505,0.9998282790184021,0.5260181427001953,0.48824405670166016,0.006986016407608986,0.9997137188911438,0.4806812107563019,0.3446081578731537,-0.002410600194707513,0.9921455979347229,0.5298840999603271,0.34338536858558655,0.05083619803190231,0.9847148060798645,0.4748334288597107,0.2243037223815918,0.19287697970867157,0.9856164455413818,0.5306171774864197,0.22625087201595306,0.2514643371105194,0.9788804054260254,0.4781041443347931,0.20830677449703217,0.20639830827713013,0.8866505026817322,0.5284625887870789,0.21397940814495087,0.2665506899356842,0.8689559102058411,0.472694456577301,0.1883813887834549,0.0951339527964592,0.9778008460998535,0.5331799387931824,0.18241500854492188,0.16088800132274628,0.973519504070282
yena_pick_up_normal_05,396,132,13.201649999999999,29.996250468691414,10,0.5053042769432068,0.7707655429840088,-0.24680760502815247,0.9999575018882751,0.49955636262893677,0.7850691080093384,-0.23608650267124176,0.9998464584350586,0.49609801173210144,0.785034716129303,-0.23614101111888885,0.9998363256454468,0.4937345087528229,0.7846759557723999,-0.2361070215702057,0.9997914433479309,0.5094306468963623,0.7849395871162415,-0.2387707382440567,0.9998385310173035,0.5125012993812561,0.7845025062561035,-0.2388501614332199,0.9998559355735779,0.5152955055236816,0.7837820649147034,-0.23881705105304718,0.9998511672019958,0.48995813727378845,0.7773905396461487,-0.15496821701526642,0.9996782541275024,0.5180663466453552,0.7766944766044617,-0.14951921999454498,0.9997543692588806,0.49938520789146423,0.753382682800293,-0.2174661010503769,0.9999578595161438,0.5114215612411499,0.7526265382766724,-0.21987994015216827,0.9999567866325378,0.4700779318809509,0.6942937970161438,-0.08381234109401703,0.9999341368675232,0.5391243100166321,0.6949788331985474,-0.07280681282281876,0.9998454451560974,0.4651479721069336,0.5931815505027771,-0.1812463253736496,0.9761146306991577,0.5538419485092163,0.5937779545783997,-0.1527562290430069,0.9784550666809082,0.49638089537620544,0.6231365203857422,-0.361660897731781,0.959571361541748,0.5243753790855408,0.6259907484054565,-0.34694549441337585,0.9695575833320618,0.5040301084518433,0.6327837705612183,-0.40216201543807983,0.9218685626983643,0.5158998370170593,0.632574737071991,-0.38710594177246094,0.9417575001716614,0.5038580298423767,0.6445245742797852,-0.4037739038467407,0.9258838295936584,0.5149067640304565,0.6455368995666504,-0.38543111085891724,0.9437747597694397,0.5023135542869568,0.6423026919364929,-0.36530983448028564,0.9037764668464661,0.5171799659729004,0.6442162394523621,-0.34976667165756226,0.9294987916946411,0.48164719343185425,0.48827633261680603,-0.009342298842966557,0.9997601509094238,0.526677668094635,0.4882918894290924,0.009281331673264503,0.9996711015701294,0.4807527959346771,0.34569233655929565,0.0035024271346628666,0.9923661351203918,0.5299651026725769,0.34424448013305664,0.04787123203277588,0.9856932759284973,0.4747784733772278,0.2239561825990677,0.19520536065101624,0.9859942197799683,0.530656099319458,0.22450725734233856,0.23927834630012512,0.9801164269447327,0.4780575931072235,0.20723575353622437,0.20833680033683777,0.8882002830505371,0.5284597277641296,0.21089504659175873,0.25332966446876526,0.8723395466804504,0.4733727276325226,0.1883670687675476,0.09718140214681625,0.9785187840461731,0.5331844687461853,0.18236671388149261,0.14674925804138184,0.9747111797332764
yena_pick_up_normal_05,399,133,13.301662499999999,29.996250468691414,10,0.505738377571106,0.770260214805603,-0.2570505142211914,0.9999542832374573,0.5000477433204651,0.7847723364830017,-0.24615362286567688,0.9998419880867004,0.4964497685432434,0.784741222858429,-0.24618342518806458,0.9998303055763245,0.4941118657588959,0.7842648029327393,-0.24617347121238708,0.9997824430465698,0.5099709630012512,0.7843093872070312,-0.24679236114025116,0.9998366236686707,0.5131200551986694,0.7838760018348694,-0.2468445599079132,0.9998524785041809,0.5158606171607971,0.7832448482513428,-0.24684469401836395,0.9998483657836914,0.4901650547981262,0.7767189741134644,-0.15967848896980286,0.9996659755706787,0.5183706879615784,0.7756698131561279,-0.14861814677715302,0.999746561050415,0.49968478083610535,0.7523291707038879,-0.22398526966571808,0.9999529719352722,0.5115975737571716,0.7518697381019592,-0.22310447692871094,0.9999540448188782,0.4698801636695862,0.6930724382400513,-0.09165732562541962,0.9999114871025085,0.5395669341087341,0.6924412846565247,-0.07556694000959396,0.9998478293418884,0.4654136896133423,0.594650387763977,-0.17594416439533234,0.9750319123268127,0.5567845702171326,0.596190333366394,-0.15496033430099487,0.9791678190231323,0.5016374588012695,0.6143651604652405,-0.33397847414016724,0.9583705067634583,0.5213896632194519,0.6166773438453674,-0.3383321464061737,0.9704251289367676,0.5083425641059875,0.6213551759719849,-0.3710366487503052,0.9196542501449585,0.5116690993309021,0.6216105222702026,-0.37793177366256714,0.942620038986206,0.5077069401741028,0.6338309645652771,-0.3706674575805664,0.9229496717453003,0.5102763772010803,0.6332915425300598,-0.3724079430103302,0.9437894225120544,0.5064893960952759,0.6317369937896729,-0.3361342251300812,0.8983613848686218,0.512886643409729,0.631978452205658,-0.3392235040664673,0.9279195070266724,0.48169466853141785,0.48653531074523926,-0.009684717282652855,0.9997501969337463,0.5274128317832947,0.4858134090900421,0.00960602704435587,0.9996727108955383,0.4809580147266388,0.3455616235733032,0.009608539752662182,0.9926114678382874,0.5300258994102478,0.3438718318939209,0.06150328740477562,0.9866254925727844,0.47477513551712036,0.2240789383649826,0.22099536657333374,0.9864352941513062,0.5306578874588013,0.22356761991977692,0.27234262228012085,0.9813559055328369,0.4780829846858978,0.20754660665988922,0.23696276545524597,0.8897720575332642,0.5283847451210022,0.21008850634098053,0.289204478263855,0.8757569193840027,0.47338631749153137,0.18820428848266602,0.13219758868217468,0.9793797135353088,0.5331476330757141,0.18218111991882324,0.18984445929527283,0.9760391712188721
