sample_id,frame_idx,pose_idx,time_sec,original_fps,target_fps,kp_0_x,kp_0_y,kp_0_z,kp_0_visibility,kp_1_x,kp_1_y,kp_1_z,kp_1_visibility,kp_2_x,kp_2_y,kp_2_z,kp_2_visibility,kp_3_x,kp_3_y,kp_3_z,kp_3_visibility,kp_4_x,kp_4_y,kp_4_z,kp_4_visibility,kp_5_x,kp_5_y,kp_5_z,kp_5_visibility,kp_6_x,kp_6_y,kp_6_z,kp_6_visibility,kp_7_x,kp_7_y,kp_7_z,kp_7_visibility,kp_8_x,kp_8_y,kp_8_z,kp_8_visibility,kp_9_x,kp_9_y,kp_9_z,kp_9_visibility,kp_10_x,kp_10_y,kp_10_z,kp_10_visibility,kp_11_x,kp_11_y,kp_11_z,kp_11_visibility,kp_12_x,kp_12_y,kp_12_z,kp_12_visibility,kp_13_x,kp_13_y,kp_13_z,kp_13_visibility,kp_14_x,kp_14_y,kp_14_z,kp_14_visibility,kp_15_x,kp_15_y,kp_15_z,kp_15_visibility,kp_16_x,kp_16_y,kp_16_z,kp_16_visibility,kp_17_x,kp_17_y,kp_17_z,kp_17_visibility,kp_18_x,kp_18_y,kp_18_z,kp_18_visibility,kp_19_x,kp_19_y,kp_19_z,kp_19_visibility,kp_20_x,kp_20_y,kp_20_z,kp_20_visibility,kp_21_x,kp_21_y,kp_21_z,kp_21_visibility,kp_22_x,kp_22_y,kp_22_z,kp_22_visibility,kp_23_x,kp_23_y,kp_23_z,kp_23_visibility,kp_24_x,kp_24_y,kp_24_z,kp_24_visibility,kp_25_x,kp_25_y,kp_25_z,kp_25_visibility,kp_26_x,kp_26_y,kp_26_z,kp_26_visibility,kp_27_x,kp_27_y,kp_27_z,kp_27_visibility,kp_28_x,kp_28_y,kp_28_z,kp_28_visibility,kp_29_x,kp_29_y,kp_29_z,kp_29_visibility,kp_30_x,kp_30_y,kp_30_z,kp_30_visibility,kp_31_x,kp_31_y,kp_31_z,kp_31_visibility,kp_32_x,kp_32_y,kp_32_z,kp_32_visibility
yena_sit_normal_06,0,0,0.0,29.984544049459043,10,0.533413290977478,0.7567126154899597,-0.17165201902389526,0.9996954202651978,0.5285975933074951,0.7681288719177246,-0.15683875977993011,0.999423623085022,0.5256335735321045,0.7677243947982788,-0.15688173472881317,0.9993152618408203,0.5233694911003113,0.7671983242034912,-0.15689818561077118,0.9992201328277588,0.5374022722244263,0.768512487411499,-0.15632709860801697,0.9992749094963074,0.5408348441123962,0.7683386206626892,-0.15632648766040802,0.9991739392280579,0.5444246530532837,0.7679420709609985,-0.15636977553367615,0.9991663694381714,0.5189515948295593,0.7593885660171509,-0.06346987932920456,0.9989482760429382,0.5495592951774597,0.7604160904884338,-0.06070288270711899,0.998736560344696,0.5290499329566956,0.7423321008682251,-0.13545888662338257,0.9997005462646484,0.5389550924301147,0.7443093657493591,-0.13499924540519714,0.999649167060852,0.5006496906280518,0.6816508769989014,-0.026840243488550186,0.9995903372764587,0.5700294971466064,0.6784849762916565,-0.027354830875992775,0.9993378520011902,0.49284300208091736,0.588715672492981,-0.13415537774562836,0.9745213985443115,0.581344723701477,0.5908318161964417,-0.13843807578086853,0.9849551320075989,0.5303026437759399,0.6492775678634644,-0.282558411359787,0.9809844493865967,0.5397085547447205,0.6501202583312988,-0.284775048494339,0.9780088663101196,0.5373003482818604,0.6685066223144531,-0.3150390088558197,0.9550868272781372,0.5331957936286926,0.6683011651039124,-0.3180747628211975,0.940492570400238,0.5367737412452698,0.6831533908843994,-0.30464446544647217,0.9505950808525085,0.5347841382026672,0.6819152235984802,-0.30493709444999695,0.930249035358429,0.5350897908210754,0.6759856939315796,-0.2811116576194763,0.9303604364395142,0.5365067720413208,0.6747124791145325,-0.282246857881546,0.8991074562072754,0.5117006301879883,0.46412208676338196,0.000563059002161026,0.9997237324714661,0.5586825609207153,0.4646143317222595,-0.0006102317129261792,0.999411940574646,0.5123501420021057,0.32499396800994873,-0.05018671974539757,0.9656827449798584,0.5592291355133057,0.32570651173591614,-0.0018160007894039154,0.9523459672927856,0.5210824608802795,0.19977593421936035,0.17360195517539978,0.9044658541679382,0.5595354437828064,0.20496270060539246,0.21194274723529816,0.8920943737030029,0.5281398892402649,0.19412660598754883,0.19209928810596466,0.6445965766906738,0.5563983917236328,0.19701704382896423,0.22965572774410248,0.5545696020126343,0.5224316716194153,0.14726018905639648,0.10002079606056213,0.9069187045097351,0.5591150522232056,0.15019172430038452,0.1371605545282364,0.8890905976295471
yena_sit_normal_06,3,1,0.10005154639175258,29.984544049459043,10,0.5334333181381226,0.7567102313041687,-0.15805648267269135,0.9996962547302246,0.5285941362380981,0.7682769298553467,-0.1442841738462448,0.999407172203064,0.5257508754730225,0.7678333520889282,-0.14430807530879974,0.9992979764938354,0.5233680605888367,0.7672837972640991,-0.14431443810462952,0.9992058277130127,0.5374351143836975,0.7690518498420715,-0.1436256468296051,0.9992582201957703,0.5410112738609314,0.769049346446991,-0.1436174362897873,0.9991554617881775,0.5444573760032654,0.7687712907791138,-0.1436464935541153,0.9991548657417297,0.5189487934112549,0.7595266699790955,-0.052854131907224655,0.9988667368888855,0.5495582818984985,0.7609178423881531,-0.04945124685764313,0.9986662864685059,0.5290069580078125,0.7413590550422668,-0.12232822924852371,0.9996821284294128,0.5390947461128235,0.7425109148025513,-0.12165873497724533,0.9996359348297119,0.5005107522010803,0.6815029382705688,-0.014169967733323574,0.999580979347229,0.5700267553329468,0.6791424751281738,-0.015890488401055336,0.9993466138839722,0.4928590953350067,0.5874524712562561,-0.10493992269039154,0.9725711345672607,0.5816231369972229,0.5910170674324036,-0.11210940033197403,0.9843098521232605,0.5304753184318542,0.6493066549301147,-0.23919393122196198,0.979794979095459,0.5404547452926636,0.6517719030380249,-0.24589063227176666,0.9767351746559143,0.5377153158187866,0.6682777404785156,-0.26970916986465454,0.9530143737792969,0.5339982509613037,0.6685376763343811,-0.2783187925815582,0.937736451625824,0.5367744565010071,0.6822945475578308,-0.2627180516719818,0.948552668094635,0.5351453423500061,0.6819517016410828,-0.26674729585647583,0.927349865436554,0.5350738763809204,0.6751618385314941,-0.23902390897274017,0.9274590611457825,0.5367883443832397,0.6748989820480347,-0.24400433897972107,0.895437479019165,0.511779248714447,0.46409302949905396,0.0019894586876034737,0.9997255802154541,0.5587815642356873,0.4643579125404358,-0.002057666890323162,0.9994286298751831,0.5123504400253296,0.3242155909538269,-0.027459243312478065,0.9680295586585999,0.559134304523468,0.3256514370441437,-0.0013104028766974807,0.9558505415916443,0.5205829739570618,0.19938935339450836,0.1889360249042511,0.9115850925445557,0.559547483921051,0.20453248918056488,0.22072604298591614,0.8997809886932373,0.5265272259712219,0.19268754124641418,0.20665308833122253,0.6627292633056641,0.5564677715301514,0.1969441920518875,0.23951506614685059,0.574233889579773,0.5218154788017273,0.14559245109558105,0.11189872771501541,0.9134564995765686,0.5591453313827515,0.14940090477466583,0.15034659206867218,0.8966537714004517
yena_sit_normal_06,6,2,0.20010309278350516,29.984544049459043,10,0.5334758162498474,0.7567095756530762,-0.16069461405277252,0.9997007846832275,0.5285950303077698,0.7684756517410278,-0.14678269624710083,0.9994022846221924,0.5258612632751465,0.7679966688156128,-0.14681081473827362,0.9992944002151489,0.523369312286377,0.7674248218536377,-0.14681929349899292,0.9992050528526306,0.5375421047210693,0.769427478313446,-0.14616073668003082,0.9992533326148987,0.5413045883178711,0.7694539427757263,-0.14615359902381897,0.9991499185562134,0.5445894002914429,0.7691806554794312,-0.1461857706308365,0.9991534352302551,0.51894611120224,0.7597601413726807,-0.05465123429894447,0.9988251328468323,0.5495719313621521,0.7611125111579895,-0.05139952525496483,0.9986286759376526,0.5289955735206604,0.7407450079917908,-0.12464582175016403,0.9996771812438965,0.5392463207244873,0.7413520216941833,-0.12402813881635666,0.9996340870857239,0.5002588033676147,0.6813321709632874,-0.01441206969320774,0.9995844960212708,0.5700252056121826,0.6794106364250183,-0.01586362160742283,0.9993594884872437,0.49274662137031555,0.5858135223388672,-0.10357155650854111,0.9710970520973206,0.5822552442550659,0.5909820199012756,-0.11183764785528183,0.9835957884788513,0.5304701328277588,0.6476577520370483,-0.24222615361213684,0.9789591431617737,0.5415896773338318,0.651750385761261,-0.2510380148887634,0.9751589298248291,0.5378203988075256,0.6644544005393982,-0.2734101116657257,0.9515787363052368,0.5351254940032959,0.6683074831962585,-0.28398066759109497,0.9344225525856018,0.5367377996444702,0.6776881217956543,-0.26683729887008667,0.9471881985664368,0.5360323786735535,0.6813728213310242,-0.27276119589805603,0.9237946271896362,0.53492671251297,0.6719585061073303,-0.2422010749578476,0.9253108501434326,0.5374664068222046,0.6747540235519409,-0.24934829771518707,0.8908579349517822,0.5118793249130249,0.46418139338493347,0.00275832018814981,0.9997286796569824,0.559003472328186,0.464372456073761,-0.0028373480308800936,0.9994450807571411,0.5124369263648987,0.32300296425819397,-0.024617355316877365,0.9702771902084351,0.559148907661438,0.32511231303215027,-0.0009400477865710855,0.9591532349586487,0.5205854177474976,0.19906297326087952,0.19364318251609802,0.918282151222229,0.5596433281898499,0.2037535309791565,0.22446319460868835,0.9069825410842896,0.5264345407485962,0.19218261539936066,0.21138587594032288,0.6802070736885071,0.5566381812095642,0.19666358828544617,0.24342720210552216,0.5930703282356262,0.5218201875686646,0.14408579468727112,0.11474589258432388,0.9196491241455078,0.5591403841972351,0.14863014221191406,0.15344873070716858,0.9037984609603882
yena_sit_normal_06,9,3,0.3001546391752577,29.984544049459043,10,0.5337151288986206,0.7567267417907715,-0.16132903099060059,0.9997124671936035,0.5286716818809509,0.7687886357307434,-0.14771364629268646,0.9994169473648071,0.5260657668113708,0.7682936191558838,-0.14773160219192505,0.9993135929107666,0.5234635472297668,0.7677080631256104,-0.14772669970989227,0.9992260932922363,0.5378415584564209,0.7697286605834961,-0.14631888270378113,0.9992712140083313,0.54167640209198,0.7697045803070068,-0.1463039666414261,0.9991703629493713,0.5448353290557861,0.769374668598175,-0.14632779359817505,0.9991739392280579,0.5189506411552429,0.7601789236068726,-0.0558369904756546,0.9988365769386292,0.5495949387550354,0.7614332437515259,-0.052436430007219315,0.9986359477043152,0.529017984867096,0.7405804991722107,-0.12547901272773743,0.9996849894523621,0.5395335555076599,0.7409788966178894,-0.12531980872154236,0.9996442198753357,0.5002520680427551,0.6813350915908813,-0.016001420095562935,0.9995993375778198,0.5700498819351196,0.6797093152999878,-0.013692876324057579,0.9993786215782166,0.492404967546463,0.5848601460456848,-0.10610123723745346,0.9706302285194397,0.583412230014801,0.5895490646362305,-0.10817000269889832,0.9829519987106323,0.5302318334579468,0.642823338508606,-0.2527930736541748,0.9791727066040039,0.5443703532218933,0.6468513607978821,-0.258106529712677,0.9746626019477844,0.5377366542816162,0.6561887860298157,-0.2847233712673187,0.9522256851196289,0.5373690724372864,0.6606214642524719,-0.2916249930858612,0.9337373375892639,0.5366923809051514,0.6694326996803284,-0.2773915231227875,0.9480194449424744,0.5383129119873047,0.6725651621818542,-0.2804805040359497,0.9231734275817871,0.5348080396652222,0.6655451059341431,-0.2526308596134186,0.926062285900116,0.5395886898040771,0.6685004234313965,-0.2565537691116333,0.8899701237678528,0.511923611164093,0.46416231989860535,0.0027498938143253326,0.9997308850288391,0.5591039061546326,0.4643726050853729,-0.002830232959240675,0.9994587898254395,0.5126253366470337,0.32258135080337524,-0.028135744854807854,0.9721648693084717,0.5591530203819275,0.32463476061820984,-0.0012070441152900457,0.9619758129119873,0.5206639766693115,0.19902805984020233,0.19359347224235535,0.9238938689231873,0.5599988102912903,0.20312543213367462,0.226836159825325,0.9131502509117126,0.5264679193496704,0.1918186992406845,0.21162693202495575,0.6956584453582764,0.5572456121444702,0.19610174000263214,0.2461116909980774,0.6096242666244507,0.5218294262886047,0.1436438262462616,0.11492113023996353,0.9248319268226624,0.559191107749939,0.14843827486038208,0.15503914654254913,0.9098458290100098
yena_sit_normal_06,12,4,0.4002061855670103,29.984544049459043,10,0.5342230200767517,0.7568187713623047,-0.2066831886768341,0.9997317790985107,0.5288985967636108,0.7691616415977478,-0.19409450888633728,0.9994515180587769,0.5263853669166565,0.7687602043151855,-0.19411799311637878,0.9993557333946228,0.5237606167793274,0.7682771682739258,-0.19412297010421753,0.9992716312408447,0.5385425686836243,0.7698560357093811,-0.19209307432174683,0.9993144273757935,0.5422837734222412,0.769744873046875,-0.19209976494312286,0.9992213249206543,0.5453044772148132,0.7693766951560974,-0.19212692975997925,0.9992234706878662,0.519027590751648,0.7609300017356873,-0.09928515553474426,0.9989023804664612,0.5496388673782349,0.7615255117416382,-0.09074787050485611,0.9987080693244934,0.5291160345077515,0.740539014339447,-0.16924971342086792,0.999706506729126,0.5399577021598816,0.7406784892082214,-0.16716589033603668,0.9996682405471802,0.5000886917114258,0.6811028718948364,-0.049266472458839417,0.9996231198310852,0.5703555345535278,0.6797969937324524,-0.033333972096443176,0.9994128942489624,0.49091851711273193,0.5816782712936401,-0.1406598836183548,0.971062958240509,0.5847567915916443,0.5841098427772522,-0.12652911245822906,0.9826607704162598,0.528961718082428,0.6287146806716919,-0.31538811326026917,0.9796691536903381,0.5479972958564758,0.6255821585655212,-0.30989304184913635,0.9747948050498962,0.5372205972671509,0.6358716487884521,-0.3520810902118683,0.9535396695137024,0.5399701595306396,0.6341445446014404,-0.3478270471096039,0.934866189956665,0.5366623997688293,0.6504899859428406,-0.3485549986362457,0.9495692849159241,0.5397695899009705,0.6478251814842224,-0.33913522958755493,0.9246371984481812,0.5347421765327454,0.6492630839347839,-0.31664732098579407,0.9277126789093018,0.5409626364707947,0.6467522382736206,-0.3098166286945343,0.8917058110237122,0.5119180679321289,0.4641666114330292,0.0012143626809120178,0.9997343420982361,0.5591272711753845,0.4644433259963989,-0.0013182846596464515,0.99947589635849,0.5126444101333618,0.3221065402030945,-0.030184024944901466,0.9740719795227051,0.5591524243354797,0.32433852553367615,0.005269932560622692,0.9647855758666992,0.5206645131111145,0.19896143674850464,0.20432156324386597,0.9293558597564697,0.5602788925170898,0.20288066565990448,0.2376435101032257,0.9195457100868225,0.5264400839805603,0.19171755015850067,0.22356154024600983,0.7115225791931152,0.5576152205467224,0.1960391402244568,0.2569386661052704,0.6284939050674438,0.5218279361724854,0.14332813024520874,0.12507273256778717,0.9299072027206421,0.5592070817947388,0.1483004242181778,0.16245117783546448,0.9160327911376953
yena_sit_normal_06,15,5,0.5002577319587629,29.984544049459043,10,0.5347462892532349,0.757347583770752,-0.2360541820526123,0.999745786190033,0.5292438268661499,0.7698811888694763,-0.22256730496883392,0.9994735717773438,0.5267574787139893,0.7694778442382812,-0.22258926928043365,0.9993823170661926,0.5242716073989868,0.7690557241439819,-0.22260567545890808,0.9992979168891907,0.5391867160797119,0.7703480124473572,-0.22105906903743744,0.9993488788604736,0.5427419543266296,0.7700937986373901,-0.22107867896556854,0.999265193939209,0.5456556677818298,0.769623339176178,-0.22109481692314148,0.9992676973342896,0.5193372368812561,0.7616969347000122,-0.12479932606220245,0.9989332556724548,0.5496829152107239,0.7615427374839783,-0.11803150922060013,0.9987725019454956,0.5293355584144592,0.7406201958656311,-0.19782549142837524,0.9997240304946899,0.5404935479164124,0.7407024502754211,-0.19617274403572083,0.9996899962425232,0.4997214674949646,0.6801131963729858,-0.06770431250333786,0.9996417164802551,0.5708222985267639,0.6789345741271973,-0.054183732718229294,0.9994473457336426,0.4847288727760315,0.580120861530304,-0.1522282510995865,0.9717546105384827,0.5883147120475769,0.5816723108291626,-0.14135031402111053,0.9828837513923645,0.5278595089912415,0.6047274470329285,-0.3299943506717682,0.9788262844085693,0.5523389577865601,0.60042804479599,-0.32724207639694214,0.9744229912757874,0.5371615290641785,0.6080131530761719,-0.3689841032028198,0.9518773555755615,0.5431308150291443,0.6048004031181335,-0.3670569062232971,0.9348029494285583,0.5367638468742371,0.6229627132415771,-0.36508938670158386,0.9480323791503906,0.5417715907096863,0.6195117235183716,-0.3598370850086212,0.9247790575027466,0.5347423553466797,0.6219922304153442,-0.33107587695121765,0.9248853325843811,0.5434743165969849,0.6189451217651367,-0.32733699679374695,0.8913923501968384,0.511928141117096,0.4641801416873932,0.0003237650089431554,0.9997377395629883,0.5592995285987854,0.46455875039100647,-0.00044927935232408345,0.9994905591011047,0.5126465559005737,0.3213234841823578,-0.03186669200658798,0.9758450388908386,0.5591637492179871,0.3238932490348816,0.005027628969401121,0.9673352837562561,0.520623505115509,0.19896140694618225,0.20523758232593536,0.9345817565917969,0.5602549314498901,0.20272281765937805,0.23367474973201752,0.9253991842269897,0.5263165235519409,0.19174647331237793,0.22516058385372162,0.7264097332954407,0.5575903654098511,0.19604437053203583,0.2527540624141693,0.6450933814048767,0.5216805338859558,0.14317457377910614,0.12687285244464874,0.9346544146537781,0.5591949820518494,0.14808186888694763,0.15825946629047394,0.9215331673622131
yena_sit_normal_06,18,6,0.6003092783505154,29.984544049459043,10,0.5350573658943176,0.7581091523170471,-0.22432152926921844,0.9997681379318237,0.5294946432113647,0.7704087495803833,-0.20860975980758667,0.9995185732841492,0.527009904384613,0.7699273824691772,-0.20863096415996552,0.9994350075721741,0.5246010422706604,0.7694570422172546,-0.20864389836788177,0.9993581771850586,0.5394901633262634,0.7708532214164734,-0.20854906737804413,0.9994055032730103,0.5429409146308899,0.7705326676368713,-0.20856691896915436,0.9993298053741455,0.5457783937454224,0.7700105309486389,-0.20856386423110962,0.9993323683738708,0.5195349454879761,0.7618343234062195,-0.1087016612291336,0.999023973941803,0.5496899485588074,0.7615281939506531,-0.10881148278713226,0.9988774061203003,0.5293784141540527,0.7407148480415344,-0.18622440099716187,0.999748945236206,0.5408030152320862,0.7408487200737,-0.1865300089120865,0.9997180104255676,0.49925968050956726,0.6785141229629517,-0.05434451997280121,0.9996726512908936,0.5713852047920227,0.6780169010162354,-0.04825454577803612,0.9994890093803406,0.4820369482040405,0.5803600549697876,-0.1048075258731842,0.973611056804657,0.5896663069725037,0.5822675228118896,-0.10934845358133316,0.9829720258712769,0.5208893418312073,0.5638270974159241,-0.2711043655872345,0.9793903231620789,0.5590418577194214,0.569747269153595,-0.2908417284488678,0.9741652607917786,0.5319887399673462,0.5512836575508118,-0.3139331042766571,0.9528031349182129,0.5487338304519653,0.5593273639678955,-0.33783259987831116,0.9358675479888916,0.5345719456672668,0.56454998254776,-0.3271467983722687,0.9492931365966797,0.5453803539276123,0.571799635887146,-0.33484262228012085,0.9265509247779846,0.5323633551597595,0.5702946782112122,-0.27644315361976624,0.9264181852340698,0.5476654767990112,0.5784041881561279,-0.30108022689819336,0.8937848806381226,0.5119755864143372,0.4646907150745392,0.0013356695417314768,0.9997444748878479,0.5592803955078125,0.4655565321445465,-0.0014684071065858006,0.9995116591453552,0.5125734210014343,0.32267042994499207,-0.03770016133785248,0.9774448871612549,0.5596047639846802,0.3240286707878113,-0.003051436273381114,0.9696037173271179,0.5204989314079285,0.19924485683441162,0.20430715382099152,0.9391868114471436,0.5602534413337708,0.20268699526786804,0.20502610504627228,0.9312724471092224,0.5261561870574951,0.1917565017938614,0.22491121292114258,0.7420453429222107,0.5575360059738159,0.19584205746650696,0.22066263854503632,0.6639260649681091,0.5211125612258911,0.14349998533725739,0.11879099160432816,0.9388247728347778,0.559195339679718,0.1480833888053894,0.11832188814878464,0.9271288514137268
yena_sit_normal_06,21,7,0.700360824742268,29.984544049459043,10,0.5356760025024414,0.7585875391960144,-0.23372653126716614,0.9997886419296265,0.5299149751663208,0.7710162997245789,-0.21791157126426697,0.9995578527450562,0.5272678136825562,0.7705171704292297,-0.2179238647222519,0.9994816780090332,0.5248902440071106,0.7700037956237793,-0.21791194379329681,0.999411404132843,0.5400149822235107,0.7712998390197754,-0.2167307734489441,0.9994543790817261,0.5433038473129272,0.7709091901779175,-0.21674953401088715,0.9993857741355896,0.5461403727531433,0.7703392505645752,-0.21676932275295258,0.9993876814842224,0.5197175145149231,0.7619943618774414,-0.12067591398954391,0.9991018772125244,0.5497453212738037,0.7615635395050049,-0.11637964844703674,0.9989632964134216,0.5296326875686646,0.7408380508422852,-0.1971941739320755,0.9997714757919312,0.5413709282875061,0.7409843802452087,-0.1960877776145935,0.9997431039810181,0.49889200925827026,0.676884651184082,-0.06687787175178528,0.9997023940086365,0.5715472102165222,0.6775695085525513,-0.053932953625917435,0.9995294809341431,0.482566773891449,0.5805799961090088,-0.07413531094789505,0.9753568768501282,0.589763343334198,0.5823092460632324,-0.06890606135129929,0.9829176664352417,0.5099915266036987,0.5236113667488098,-0.19860400259494781,0.9802178144454956,0.565144956111908,0.5338510870933533,-0.20233552157878876,0.9739183783531189,0.5178362727165222,0.4968884587287903,-0.23601369559764862,0.954734206199646,0.558500349521637,0.51163250207901,-0.23952974379062653,0.9372804760932922,0.5233374238014221,0.508595883846283,-0.2542276084423065,0.9516095519065857,0.5526792407035828,0.5195620656013489,-0.2544559836387634,0.9288293123245239,0.5226465463638306,0.5179365277290344,-0.20716950297355652,0.9297744035720825,0.5536216497421265,0.5280228853225708,-0.2110353261232376,0.8975045680999756,0.5121328830718994,0.4647083580493927,7.993663166416809e-05,0.9997572302818298,0.5590959191322327,0.46582984924316406,-0.00018500708392821252,0.9995408654212952,0.5122663378715515,0.3239830434322357,-0.03595314547419548,0.9787843227386475,0.5602198839187622,0.3241858184337616,0.010437057353556156,0.9715269804000854,0.5204983949661255,0.20051676034927368,0.1904313862323761,0.943385660648346,0.5602552890777588,0.2030242532491684,0.21403633058071136,0.9366305470466614,0.5261417627334595,0.19259865581989288,0.206834077835083,0.75611412525177,0.5575293302536011,0.19597429037094116,0.22584782540798187,0.6828305721282959,0.5208473205566406,0.14430545270442963,0.1005219891667366,0.9428051710128784,0.5597608089447021,0.1481115221977234,0.1293591409921646,0.9323782920837402
yena_sit_normal_06,24,8,0.8004123711340206,29.984544049459043,10,0.5362719893455505,0.7592297196388245,-0.1844547688961029,0.9998043775558472,0.530244767665863,0.7718471884727478,-0.1688361018896103,0.999582827091217,0.5274698138237,0.7713357210159302,-0.16885775327682495,0.9995138645172119,0.525130569934845,0.770771324634552,-0.1688445508480072,0.9994494318962097,0.5404826402664185,0.7719858884811401,-0.16837447881698608,0.9994818568229675,0.5436702370643616,0.7715981006622314,-0.16837069392204285,0.999418318271637,0.5465677380561829,0.7710535526275635,-0.16840198636054993,0.9994190335273743,0.5199035406112671,0.7622434496879578,-0.08061899989843369,0.9991490244865417,0.549889326095581,0.7619462013244629,-0.07895497232675552,0.9989974498748779,0.5300079584121704,0.7414278984069824,-0.1518956869840622,0.9997881054878235,0.5420357584953308,0.7415699362754822,-0.15140007436275482,0.9997611045837402,0.49901658296585083,0.6764145493507385,-0.038399796932935715,0.9997294545173645,0.5718033313751221,0.6775842905044556,-0.03048955835402012,0.99956214427948,0.48378121852874756,0.5798065066337585,-0.03419740870594978,0.9755600094795227,0.5893227458000183,0.5827043056488037,-0.03154042735695839,0.9823099374771118,0.5004217028617859,0.4953584372997284,-0.1508254110813141,0.9807369112968445,0.5708187818527222,0.5067449808120728,-0.1345372349023819,0.9738448858261108,0.5019115805625916,0.46384620666503906,-0.18563786149024963,0.9566478133201599,0.5700733661651611,0.4768499433994293,-0.16712923347949982,0.9388344883918762,0.5091710090637207,0.47050079703330994,-0.2081155776977539,0.9538910388946533,0.5623012781143188,0.48009786009788513,-0.18621720373630524,0.9312739968299866,0.5105897784233093,0.4798397421836853,-0.1619141846895218,0.9333159327507019,0.5607879161834717,0.4905519187450409,-0.14435648918151855,0.9019737243652344,0.5125004053115845,0.46489086747169495,-0.0005788274575024843,0.9997698664665222,0.5591561198234558,0.4659852385520935,0.0005079703987576067,0.9995700120925903,0.5122402310371399,0.3239400088787079,-0.02246498130261898,0.9801414012908936,0.5605983138084412,0.3239767849445343,0.011501563712954521,0.973037838935852,0.5205823183059692,0.20095349848270416,0.1903819888830185,0.9474092125892639,0.5598486065864563,0.2030263990163803,0.20897792279720306,0.9414413571357727,0.5262879133224487,0.19370149075984955,0.20586763322353363,0.7651693224906921,0.557128369808197,0.19603502750396729,0.22230063378810883,0.6973525285720825,0.5208438634872437,0.14437830448150635,0.1031254306435585,0.9464854598045349,0.5598135590553284,0.1481093466281891,0.12358147650957108,0.937272310256958
yena_sit_normal_06,27,9,0.9004639175257731,29.984544049459043,10,0.5365324020385742,0.7597717642784119,-0.19290664792060852,0.9998182654380798,0.5304266810417175,0.7724834680557251,-0.17769202589988708,0.9996013045310974,0.5275998711585999,0.7719609141349792,-0.17771930992603302,0.9995396137237549,0.5253056883811951,0.7714084386825562,-0.1776999682188034,0.999480128288269,0.540755033493042,0.7725650072097778,-0.1778765171766281,0.9995004534721375,0.5438967943191528,0.772224485874176,-0.17786628007888794,0.9994411468505859,0.5468099117279053,0.7717699408531189,-0.17790842056274414,0.9994379878044128,0.5200581550598145,0.7625924348831177,-0.09059847891330719,0.9991811513900757,0.5500101447105408,0.7623537182807922,-0.09033826738595963,0.9989983439445496,0.530217707157135,0.741946816444397,-0.16087260842323303,0.9998024106025696,0.5424053072929382,0.742102861404419,-0.1608918160200119,0.9997754693031311,0.49902164936065674,0.6753430962562561,-0.04459608718752861,0.9997527599334717,0.5723850131034851,0.677427351474762,-0.03826642408967018,0.9995858669281006,0.48459699749946594,0.5781228542327881,-0.03744227811694145,0.9753191471099854,0.5892212390899658,0.5815964937210083,-0.02862074226140976,0.9807853102684021,0.49450477957725525,0.48392486572265625,-0.14687909185886383,0.9804282784461975,0.5753067135810852,0.49013689160346985,-0.11346098780632019,0.9713008999824524,0.49440833926200867,0.45249491930007935,-0.1781967282295227,0.9571606516838074,0.5757037997245789,0.4600662291049957,-0.1426086723804474,0.9364210367202759,0.5006009936332703,0.45715466141700745,-0.2030612975358963,0.9548224210739136,0.5687448382377625,0.4637828767299652,-0.16420049965381622,0.9297692775726318,0.5023947358131409,0.4666624367237091,-0.15873412787914276,0.935219943523407,0.5667991042137146,0.4723706543445587,-0.1239996924996376,0.9019802212715149,0.512546718120575,0.46418678760528564,-0.0017988536274060607,0.9997779130935669,0.5591012239456177,0.4645395278930664,0.0017602265579625964,0.9995891451835632,0.512113630771637,0.3239413797855377,-0.013853873126208782,0.9811610579490662,0.5608949065208435,0.32308274507522583,0.027688007801771164,0.9742709994316101,0.5205874443054199,0.20133931934833527,0.19448934495449066,0.950713038444519,0.5597995519638062,0.20299915969371796,0.22817324101924896,0.945635974407196,0.5262944102287292,0.1946755051612854,0.20957894623279572,0.7729480862617493,0.5570329427719116,0.19606949388980865,0.2422231286764145,0.7115007638931274,0.5208495259284973,0.14451223611831665,0.10934384912252426,0.9496300220489502,0.5600822567939758,0.14812633395195007,0.1444554179906845,0.9416254162788391
yena_sit_normal_06,30,10,1.0005154639175258,29.984544049459043,10,0.5365665555000305,0.7605462670326233,-0.2019658386707306,0.9998321533203125,0.5304645895957947,0.7730050086975098,-0.18613079190254211,0.9996212720870972,0.527650773525238,0.7724385261535645,-0.1861569881439209,0.9995661377906799,0.5253704786300659,0.771837592124939,-0.1861438900232315,0.9995115399360657,0.5407831072807312,0.7732082605361938,-0.18742413818836212,0.9995233416557312,0.5439471006393433,0.7729306817054749,-0.1874159425497055,0.9994692206382751,0.5468516945838928,0.7725558280944824,-0.18745523691177368,0.9994630813598633,0.5201831459999084,0.7627561688423157,-0.09574159234762192,0.9992148876190186,0.5500587821006775,0.7627397775650024,-0.10087253898382187,0.9990207552909851,0.5302932262420654,0.7426018118858337,-0.1683885008096695,0.9998165369033813,0.542507529258728,0.742880642414093,-0.17000554502010345,0.9997900724411011,0.4990159571170807,0.674547553062439,-0.044473398476839066,0.9997749924659729,0.5727766752243042,0.6770556569099426,-0.04628467187285423,0.999609649181366,0.48488849401474,0.5783239603042603,-0.01075419969856739,0.9764125943183899,0.5889595746994019,0.5808070302009583,-0.02011561207473278,0.980170726776123,0.4868461787700653,0.48648545145988464,-0.10582281649112701,0.981216311454773,0.5780919790267944,0.4883442521095276,-0.09288854897022247,0.9701842069625854,0.48451390862464905,0.45577889680862427,-0.13382840156555176,0.9590583443641663,0.5780535936355591,0.4592251479625702,-0.120175801217556,0.9357240796089172,0.49060240387916565,0.45958784222602844,-0.1611461490392685,0.9570916891098022,0.5720018148422241,0.4631515145301819,-0.14413699507713318,0.929932713508606,0.4928760826587677,0.46890363097190857,-0.11826711148023605,0.9387844800949097,0.5703175067901611,0.47177475690841675,-0.10397395491600037,0.9037120342254639,0.5125313997268677,0.46400541067123413,-0.001524571911431849,0.9997857213020325,0.5586888194084167,0.46418073773384094,0.001499649602919817,0.9996061325073242,0.5120635628700256,0.323650062084198,-0.007131184916943312,0.9817745685577393,0.5609139204025269,0.3229180872440338,0.024011502042412758,0.9749182462692261,0.5205875039100647,0.20162591338157654,0.19972997903823853,0.9531092047691345,0.5596193671226501,0.20309580862522125,0.2265416532754898,0.948844313621521,0.5262830257415771,0.1950284093618393,0.21484313905239105,0.7778350710868835,0.5568926930427551,0.1962917298078537,0.24159358441829681,0.7205005288124084,0.5208228826522827,0.14455561339855194,0.11671659350395203,0.9518876671791077,0.560079038143158,0.14814132452011108,0.14397110044956207,0.944989800453186
yena_sit_normal_06,33,11,1.1005670103092784,29.984544049459043,10,0.5367957949638367,0.761050820350647,-0.2040003091096878,0.9998432397842407,0.5306727886199951,0.7734389901161194,-0.18833082914352417,0.9996325373649597,0.527805745601654,0.772868812084198,-0.18835575878620148,0.9995831251144409,0.5255781412124634,0.7722681164741516,-0.18834799528121948,0.9995322227478027,0.5409825444221497,0.7736692428588867,-0.18963971734046936,0.9995362758636475,0.5441259741783142,0.7734396457672119,-0.18963350355625153,0.9994873404502869,0.5470267534255981,0.773086667060852,-0.18967261910438538,0.9994778633117676,0.5203969478607178,0.7629703283309937,-0.09726808965206146,0.99922776222229,0.5501579642295837,0.7630502581596375,-0.10285749286413193,0.9990247488021851,0.5305324792861938,0.7430861592292786,-0.16996508836746216,0.9998273849487305,0.5427423119544983,0.7433837652206421,-0.17167969048023224,0.9998009204864502,0.4990207552909851,0.6736522316932678,-0.043807435780763626,0.9997941255569458,0.5730512142181396,0.6768672466278076,-0.049592360854148865,0.9996312856674194,0.4850965142250061,0.578498363494873,2.7481901270220987e-05,0.9769294261932373,0.5889027118682861,0.5805943012237549,-0.020292852073907852,0.9792456030845642,0.4845193028450012,0.48808255791664124,-0.08881834894418716,0.9814581871032715,0.5787476897239685,0.4883832633495331,-0.09239338338375092,0.9687240123748779,0.4812961220741272,0.4575637876987457,-0.11464489251375198,0.9599975347518921,0.5783207416534424,0.45914649963378906,-0.11950996518135071,0.9345554709434509,0.4868691563606262,0.4604223668575287,-0.14246220886707306,0.9584125876426697,0.5728427767753601,0.46305355429649353,-0.14329677820205688,0.9295284152030945,0.48929956555366516,0.4699113965034485,-0.10137159377336502,0.9411537051200867,0.5714414119720459,0.4716009199619293,-0.10345406830310822,0.9046170115470886,0.5125323534011841,0.4636671841144562,-0.0005125970346853137,0.9997929334640503,0.5586094260215759,0.4638821482658386,0.0005009138840250671,0.9996222257614136,0.511547863483429,0.32364538311958313,-0.005939471535384655,0.9822430610656738,0.5610253810882568,0.3227745592594147,0.022745463997125626,0.9755353331565857,0.520585834980011,0.2018747478723526,0.19988512992858887,0.9550901055335999,0.5596650838851929,0.20367975533008575,0.2257222980260849,0.9516888856887817,0.526286780834198,0.19508086144924164,0.2151448279619217,0.781507134437561,0.5569354295730591,0.19705615937709808,0.24106328189373016,0.7281822562217712,0.5207980871200562,0.1449120193719864,0.11833380907773972,0.9537413716316223,0.5600916743278503,0.14834465086460114,0.1436406672000885,0.9479676485061646
yena_sit_normal_06,36,12,1.2006185567010308,29.984544049459043,10,0.5368105173110962,0.7613512873649597,-0.2036275714635849,0.9998528957366943,0.5307073593139648,0.7736914157867432,-0.18826089799404144,0.9996408224105835,0.5278540253639221,0.7731173038482666,-0.18828725814819336,0.9995967745780945,0.5256268382072449,0.7725226879119873,-0.18828478455543518,0.9995487928390503,0.5409984588623047,0.7739486694335938,-0.18876038491725922,0.9995465278625488,0.5441587567329407,0.773727536201477,-0.1887572556734085,0.9995023608207703,0.5470470786094666,0.7733966112136841,-0.18879294395446777,0.9994893670082092,0.5204557180404663,0.7631328105926514,-0.09608789533376694,0.9992337226867676,0.5501942038536072,0.7632182240486145,-0.10080400109291077,0.9990255236625671,0.5305795669555664,0.7433637976646423,-0.16879400610923767,0.9998360276222229,0.5427619814872742,0.7436596155166626,-0.16992221772670746,0.9998093843460083,0.49901917576789856,0.6732284426689148,-0.04124804213643074,0.9998109340667725,0.5731387734413147,0.6767891645431519,-0.04868292808532715,0.9996518492698669,0.4852510392665863,0.5785641670227051,0.0029452680610120296,0.9772679805755615,0.5886081457138062,0.5805495381355286,-0.018471280112862587,0.9785215854644775,0.48437705636024475,0.487631231546402,-0.08390212804079056,0.981596827507019,0.5792400240898132,0.48917797207832336,-0.08988497406244278,0.9676528573036194,0.4809950888156891,0.45718297362327576,-0.10895118862390518,0.9607163071632385,0.5788238644599915,0.4596213698387146,-0.11635120213031769,0.933867871761322,0.4866364598274231,0.46007439494132996,-0.13665618002414703,0.959482729434967,0.5734203457832336,0.46329906582832336,-0.14043855667114258,0.9295194745063782,0.4890870749950409,0.4694218933582306,-0.09639619290828705,0.9431350231170654,0.5720109939575195,0.4718731939792633,-0.10105372220277786,0.9058542847633362,0.5125490427017212,0.4636554718017578,-9.570328984409571e-05,0.9997976422309875,0.5585523247718811,0.4638686776161194,9.157285239780322e-05,0.9996359348297119,0.5114917159080505,0.32364073395729065,-0.004726486746221781,0.9826064109802246,0.5610176920890808,0.3227952718734741,0.021663298830389977,0.9760502576828003,0.520550012588501,0.2018299102783203,0.19259516894817352,0.9568864107131958,0.5596693158149719,0.20379148423671722,0.21746964752674103,0.9542077779769897,0.5262789130210876,0.1945231854915619,0.20579004287719727,0.7847813963890076,0.5569484233856201,0.1970706433057785,0.23108430206775665,0.7350386381149292,0.5203783512115479,0.1451166421175003,0.10964846611022949,0.9553625583648682,0.5601122379302979,0.14857393503189087,0.1341923326253891,0.9505652189254761
yena_sit_normal_06,39,13,1.3006701030927834,29.984544049459043,10,0.5369033217430115,0.7615123391151428,-0.19575046002864838,0.99986332654953,0.5308083295822144,0.7738296389579773,-0.18045654892921448,0.999657154083252,0.5279398560523987,0.7732478380203247,-0.18048028647899628,0.9996177554130554,0.5257167220115662,0.7726502418518066,-0.1804707646369934,0.9995737075805664,0.5411014556884766,0.7741109132766724,-0.18115971982479095,0.9995662569999695,0.5442579984664917,0.7739023566246033,-0.18115435540676117,0.9995258450508118,0.5471432209014893,0.7735734581947327,-0.18118935823440552,0.999511182308197,0.5205289125442505,0.7632254362106323,-0.09161354601383209,0.9992626309394836,0.5502530932426453,0.7633468508720398,-0.09739099442958832,0.9990485906600952,0.5306904315948486,0.7435362339019775,-0.1625639647245407,0.9998463988304138,0.5428553819656372,0.7438305020332336,-0.16386836767196655,0.9998201131820679,0.49901336431503296,0.6730318665504456,-0.0391201414167881,0.9998270869255066,0.5732525587081909,0.6766355037689209,-0.045782603323459625,0.9996708035469055,0.48538345098495483,0.5786459445953369,-0.003142929170280695,0.9780340790748596,0.5884531140327454,0.5803403854370117,-0.013727675192058086,0.9779296517372131,0.48589497804641724,0.49026060104370117,-0.09435708075761795,0.9822256565093994,0.5792535543441772,0.48872071504592896,-0.08765759319067001,0.967039167881012,0.48359915614128113,0.45932987332344055,-0.1213892251253128,0.9622504711151123,0.5789884328842163,0.4597458243370056,-0.11463144421577454,0.9338343739509583,0.4894121587276459,0.4638165831565857,-0.14759603142738342,0.9612645506858826,0.573495090007782,0.4632757604122162,-0.1385379135608673,0.9300885200500488,0.4916320741176605,0.47339487075805664,-0.10624153167009354,0.9458608031272888,0.5719948410987854,0.4717501699924469,-0.09883834421634674,0.907658576965332,0.512573778629303,0.46338802576065063,-0.00011034803173970431,0.9998040199279785,0.5585395097732544,0.46371492743492126,0.00010333797399653122,0.9996508359909058,0.5115464925765991,0.32331645488739014,-0.0045214626006782055,0.9831117391586304,0.5610288381576538,0.3227607011795044,0.022301338613033295,0.9766336679458618,0.5205638408660889,0.20180460810661316,0.19207479059696198,0.9588583707809448,0.5597413778305054,0.20379738509655,0.21551381051540375,0.9566399455070496,0.5262815952301025,0.19438661634922028,0.20545926690101624,0.7894503474235535,0.557094395160675,0.19707168638706207,0.22907982766628265,0.7419049739837646,0.5204017162322998,0.14512823522090912,0.10953711718320847,0.9571579694747925,0.5602813959121704,0.14861150085926056,0.1327488273382187,0.9530524611473083
yena_sit_normal_06,42,14,1.400721649484536,29.984544049459043,10,0.5369855761528015,0.7616174817085266,-0.19599416851997375,0.9998709559440613,0.5308919548988342,0.7739033699035645,-0.180698961019516,0.9996663331985474,0.5280078053474426,0.7733136415481567,-0.18072308599948883,0.9996310472488403,0.5257792472839355,0.7727217078208923,-0.1807166039943695,0.9995899200439453,0.5412188172340393,0.7742013931274414,-0.18133264780044556,0.9995763301849365,0.5443641543388367,0.7740041613578796,-0.18132783472537994,0.9995389580726624,0.5472469329833984,0.7736754417419434,-0.18136097490787506,0.9995226263999939,0.5205708742141724,0.7632787227630615,-0.09221058338880539,0.9992775917053223,0.5503228306770325,0.7634268999099731,-0.09641190618276596,0.9990487098693848,0.5307614803314209,0.7436532378196716,-0.16273899376392365,0.9998544454574585,0.5429505109786987,0.7439448237419128,-0.16392093896865845,0.9998282194137573,0.4989929497241974,0.6727991104125977,-0.04191800206899643,0.9998403191566467,0.5733467936515808,0.6764984726905823,-0.04509226605296135,0.9996851682662964,0.48563772439956665,0.5786583423614502,-0.020123779773712158,0.9778422713279724,0.588342547416687,0.5800254940986633,-0.023582223802804947,0.9772805571556091,0.4895634055137634,0.48817217350006104,-0.12164279073476791,0.9820981025695801,0.5792942643165588,0.48764169216156006,-0.10644908249378204,0.96623694896698,0.4888449013233185,0.4584716558456421,-0.15097713470458984,0.9626608490943909,0.579163134098053,0.4587794542312622,-0.13522402942180634,0.9335895776748657,0.4941343069076538,0.4642001688480377,-0.17534615099430084,0.961890459060669,0.5735339522361755,0.46242010593414307,-0.15734733641147614,0.9303379654884338,0.49573421478271484,0.47333306074142456,-0.13308480381965637,0.9470288753509521,0.5719512104988098,0.4710383415222168,-0.1171654537320137,0.9089182019233704,0.5126470923423767,0.4624979794025421,-0.0006637878832407296,0.9998074769973755,0.5585523843765259,0.4629846215248108,0.0006527046207338572,0.9996623396873474,0.5115292072296143,0.32248303294181824,-0.005795384757220745,0.9838435053825378,0.5611264705657959,0.32238027453422546,0.02680523321032524,0.9775424599647522,0.5205634832382202,0.20161914825439453,0.1962861716747284,0.9610260725021362,0.5598888397216797,0.203792542219162,0.22322550415992737,0.9592576026916504,0.5262953042984009,0.1939435452222824,0.21057316660881042,0.7948909997940063,0.5573479533195496,0.1970611810684204,0.2371976226568222,0.7509141564369202,0.5204090476036072,0.14510872960090637,0.11394234001636505,0.959186315536499,0.5605635046958923,0.14864203333854675,0.14049282670021057,0.9557309150695801
yena_sit_normal_06,45,15,1.5007731958762887,29.984544049459043,10,0.537078857421875,0.7616394758224487,-0.19390395283699036,0.9998784065246582,0.530997097492218,0.7739354968070984,-0.1791234165430069,0.9996782541275024,0.5280925631523132,0.773341953754425,-0.17914582788944244,0.9996465444564819,0.525875449180603,0.772747814655304,-0.17913398146629333,0.9996082186698914,0.5413343906402588,0.7742447257041931,-0.17928558588027954,0.9995899200439453,0.5444638729095459,0.7740545272827148,-0.17928272485733032,0.9995547533035278,0.547351062297821,0.7737250328063965,-0.17931653559207916,0.9995370507240295,0.5206760764122009,0.7632899284362793,-0.09165117889642715,0.9993003010749817,0.5503960251808167,0.7634783983230591,-0.09380646795034409,0.9990601539611816,0.5308555364608765,0.7436646223068237,-0.16112802922725677,0.9998622536659241,0.5430371165275574,0.7439700961112976,-0.16162338852882385,0.9998363256454468,0.4989948570728302,0.6728070974349976,-0.04389059171080589,0.9998523592948914,0.5734313726425171,0.6764104962348938,-0.04404044523835182,0.9996983408927917,0.4861866235733032,0.5786654949188232,-0.02809363789856434,0.9775024652481079,0.5882568359375,0.5797720551490784,-0.029509101063013077,0.976216197013855,0.49166908860206604,0.4872443974018097,-0.13411734998226166,0.981976330280304,0.5793580412864685,0.48731085658073425,-0.11884251236915588,0.9648341536521912,0.4916827976703644,0.45825815200805664,-0.16407814621925354,0.9631193280220032,0.5791783928871155,0.4584333300590515,-0.1482127159833908,0.9326187372207642,0.49651604890823364,0.46393996477127075,-0.18617954850196838,0.962519645690918,0.5735139846801758,0.46205389499664307,-0.16908739507198334,0.9298143982887268,0.49782413244247437,0.47237440943717957,-0.14491060376167297,0.9481279253959656,0.5719422698020935,0.4706200659275055,-0.12929236888885498,0.9092814922332764,0.5127383470535278,0.4618579149246216,-0.0010795631678774953,0.9998118877410889,0.5585500597953796,0.4623497724533081,0.0010613370686769485,0.999675452709198,0.5115345120429993,0.32179227471351624,-0.00410469202324748,0.9845476150512695,0.5611525774002075,0.3220348060131073,0.02984904870390892,0.9784502387046814,0.5206353664398193,0.20158250629901886,0.19667744636535645,0.9631006121635437,0.5598956942558289,0.20361509919166565,0.22517021000385284,0.9617131352424622,0.5265601277351379,0.1936233937740326,0.21111838519573212,0.8012204766273499,0.557482123374939,0.1966998428106308,0.23922699689865112,0.7599771022796631,0.5204063653945923,0.14501072466373444,0.11524100601673126,0.9611323475837708,0.5606163144111633,0.14865384995937347,0.14423252642154694,0.9582027196884155
yena_sit_normal_06,48,16,1.6008247422680413,29.984544049459043,10,0.5372514724731445,0.7616328597068787,-0.19408699870109558,0.9998852610588074,0.5311475396156311,0.773952841758728,-0.17924615740776062,0.9996896386146545,0.5282012820243835,0.7733558416366577,-0.17926838994026184,0.9996615052223206,0.5260087251663208,0.7727611660957336,-0.17925959825515747,0.9996258020401001,0.5415217876434326,0.7742686867713928,-0.17951107025146484,0.9996011853218079,0.5446223020553589,0.7740904688835144,-0.17950858175754547,0.9995681047439575,0.5475227236747742,0.7737596035003662,-0.17954206466674805,0.9995489716529846,0.5207895040512085,0.7632961869239807,-0.09178034961223602,0.999324381351471,0.5504968762397766,0.7635356187820435,-0.0936817079782486,0.9990677237510681,0.5310330986976624,0.7436583638191223,-0.16128113865852356,0.9998700022697449,0.5431951284408569,0.7439724206924438,-0.1616538017988205,0.9998441934585571,0.4990217387676239,0.6728511452674866,-0.045502882450819016,0.9998640418052673,0.5734670758247375,0.6763851642608643,-0.04304639622569084,0.9997098445892334,0.48663365840911865,0.5786091685295105,-0.03128831088542938,0.9774333834648132,0.5881933569908142,0.5796841382980347,-0.028278609737753868,0.9755522012710571,0.49279412627220154,0.48628008365631104,-0.13935858011245728,0.9820403456687927,0.5792962908744812,0.48711422085762024,-0.11731064319610596,0.9639183878898621,0.49313029646873474,0.45780444145202637,-0.1690625697374344,0.9637713432312012,0.5791303515434265,0.45838645100593567,-0.1471279114484787,0.932080090045929,0.497677206993103,0.4633539021015167,-0.18997560441493988,0.9633339047431946,0.5735144019126892,0.4620261788368225,-0.1688656210899353,0.9297104477882385,0.4987622797489166,0.47151806950569153,-0.14908720552921295,0.949415385723114,0.5719515681266785,0.47057613730430603,-0.1281375139951706,0.9100099802017212,0.5128183960914612,0.46156761050224304,-0.0018748549045994878,0.9998169541358948,0.5585495233535767,0.4620903432369232,0.0018536992138251662,0.9996867179870605,0.5115876197814941,0.3207875192165375,-0.005425124429166317,0.9852232933044434,0.561244010925293,0.3218705654144287,0.031188253313302994,0.9791973233222961,0.5206412672996521,0.20157256722450256,0.2018340677022934,0.964963436126709,0.5599939227104187,0.20359085500240326,0.23163798451423645,0.9638469815254211,0.526563286781311,0.19362175464630127,0.2172756940126419,0.8056352138519287,0.5576816201210022,0.19667969644069672,0.24640394747257233,0.7673627138137817,0.5204648375511169,0.14505264163017273,0.12000198662281036,0.9628667235374451,0.5607035756111145,0.14865733683109283,0.15028974413871765,0.960394561290741
yena_sit_normal_06,51,17,1.7008762886597937,29.984544049459043,10,0.5374862551689148,0.7615323662757874,-0.1989937275648117,0.9998906254768372,0.531326413154602,0.7739592790603638,-0.18432556092739105,0.9996951818466187,0.5283214449882507,0.7733661532402039,-0.18435081839561462,0.9996703863143921,0.5261629223823547,0.7727792263031006,-0.1843399554491043,0.9996366500854492,0.5417691469192505,0.77426677942276,-0.18478567898273468,0.9996054172515869,0.5448349714279175,0.7740908861160278,-0.18478280305862427,0.9995745420455933,0.5477691888809204,0.7737557888031006,-0.18482115864753723,0.9995532631874084,0.5209271311759949,0.7633192539215088,-0.09480632096529007,0.999334454536438,0.5506210923194885,0.7635583281517029,-0.09695816040039062,0.9990564584732056,0.5312575101852417,0.7435373663902283,-0.16518136858940125,0.9998758435249329,0.5433982610702515,0.743834912776947,-0.16580745577812195,0.9998495578765869,0.49903810024261475,0.6728885173797607,-0.04589667171239853,0.9998741149902344,0.5735103487968445,0.6762933731079102,-0.04409971088171005,0.9997181296348572,0.4867483079433441,0.5786363482475281,-0.02618834376335144,0.9771744012832642,0.5881169438362122,0.5795039534568787,-0.02669593133032322,0.97506183385849,0.49313947558403015,0.48747915029525757,-0.12943638861179352,0.9818943738937378,0.5792675018310547,0.486837774515152,-0.11273808777332306,0.9631303548812866,0.49347251653671265,0.45836883783340454,-0.15926899015903473,0.9639779925346375,0.5791394710540771,0.4582217335700989,-0.14232370257377625,0.9315677881240845,0.49838829040527344,0.46381527185440063,-0.1846705973148346,0.9637140035629272,0.5736185312271118,0.46173185110092163,-0.16467852890491486,0.9295773506164551,0.49955669045448303,0.4723162353038788,-0.1411784589290619,0.9501737952232361,0.572012186050415,0.47024914622306824,-0.12365148961544037,0.9105232357978821,0.5128287672996521,0.46119704842567444,-0.0019399989396333694,0.9998195171356201,0.5584944486618042,0.4616698920726776,0.0019191172905266285,0.9996931552886963,0.5115697979927063,0.3203851580619812,-0.006192132830619812,0.9857860803604126,0.5612814426422119,0.32167842984199524,0.029820287600159645,0.9798661470413208,0.5206201076507568,0.2014956772327423,0.2062111645936966,0.9665778279304504,0.5600181221961975,0.2034238576889038,0.23297537863254547,0.9658299088478088,0.5265544652938843,0.1936202496290207,0.22232414782047272,0.8097973465919495,0.5577208995819092,0.196597620844841,0.2480759173631668,0.7743472456932068,0.5204710364341736,0.1450471729040146,0.12423832714557648,0.964446485042572,0.5607094168663025,0.14858920872211456,0.15052779018878937,0.9624696373939514
yena_sit_normal_06,54,18,1.8009278350515463,29.984544049459043,10,0.537707507610321,0.7614221572875977,-0.2028317004442215,0.999897301197052,0.5315022468566895,0.7739595770835876,-0.18810512125492096,0.9997074007987976,0.5284453630447388,0.7733692526817322,-0.18812984228134155,0.9996851682662964,0.5263273119926453,0.7727864980697632,-0.18812069296836853,0.9996539354324341,0.541974663734436,0.7742645740509033,-0.18829068541526794,0.9996194839477539,0.5450212955474854,0.7740885019302368,-0.18828825652599335,0.9995906949043274,0.5479903817176819,0.7737522721290588,-0.18832382559776306,0.99956876039505,0.5210850238800049,0.7633475065231323,-0.09785594791173935,0.9993603229522705,0.5507463216781616,0.7635918855667114,-0.09886937588453293,0.9990767240524292,0.5314978361129761,0.7434424757957458,-0.1687275916337967,0.9998834729194641,0.5436107516288757,0.7437244057655334,-0.1690637171268463,0.9998576641082764,0.49903586506843567,0.672901451587677,-0.04707475006580353,0.9998844265937805,0.5735920667648315,0.6761903166770935,-0.044387660920619965,0.999729335308075,0.48669761419296265,0.5786488056182861,-0.021770311519503593,0.9779765009880066,0.5880851745605469,0.5791525840759277,-0.022379375994205475,0.9747388958930969,0.4915226995944977,0.48798561096191406,-0.1207878589630127,0.982469379901886,0.5792986154556274,0.4863419830799103,-0.10605919361114502,0.962777853012085,0.4909583330154419,0.4583497643470764,-0.15037325024604797,0.9652048349380493,0.5792162418365479,0.45782163739204407,-0.13510942459106445,0.9316146969795227,0.4966258704662323,0.4639027416706085,-0.176568403840065,0.96506667137146,0.5736434459686279,0.4614734947681427,-0.15857891738414764,0.9299905896186829,0.4981045722961426,0.4727517068386078,-0.13265469670295715,0.9521251320838928,0.5719703435897827,0.4699951410293579,-0.11728579550981522,0.911619246006012,0.5127283930778503,0.46120545268058777,-0.0019503739895299077,0.9998237490653992,0.5584137439727783,0.4615551829338074,0.0019276525126770139,0.9997004866600037,0.5115533471107483,0.32015401124954224,-0.006900130305439234,0.9861965179443359,0.5613134503364563,0.3214500844478607,0.028398530557751656,0.9802660346031189,0.5206075310707092,0.20129148662090302,0.20469942688941956,0.9677759408950806,0.5599489212036133,0.20340655744075775,0.23132242262363434,0.9673399329185486,0.5265336036682129,0.19355763494968414,0.22076469659805298,0.8120887875556946,0.5576402544975281,0.196597620844841,0.2464473396539688,0.7793387174606323,0.5204719305038452,0.14504235982894897,0.1229310855269432,0.9655474424362183,0.5607014298439026,0.14859144389629364,0.14917877316474915,0.9640607237815857
yena_sit_normal_06,57,19,1.900979381443299,29.984544049459043,10,0.537838339805603,0.7613913416862488,-0.20295564830303192,0.99990314245224,0.5316241979598999,0.7739657759666443,-0.18811938166618347,0.999716579914093,0.5285385847091675,0.7733759880065918,-0.18814478814601898,0.9996970295906067,0.5264573097229004,0.7727971076965332,-0.1881357580423355,0.9996680021286011,0.5421313643455505,0.7742674946784973,-0.1884184032678604,0.9996293783187866,0.5451831221580505,0.7741031646728516,-0.18841491639614105,0.9996024370193481,0.5481879711151123,0.7737643122673035,-0.18845032155513763,0.9995790123939514,0.521233856678009,0.7633751630783081,-0.09746470302343369,0.9993788003921509,0.5508903861045837,0.7636871933937073,-0.09894587099552155,0.9990842342376709,0.5316532254219055,0.7433598637580872,-0.16865120828151703,0.9998897314071655,0.5437803268432617,0.7436771988868713,-0.16914954781532288,0.9998638033866882,0.49908605217933655,0.6731975078582764,-0.04703735187649727,0.9998939633369446,0.5737152695655823,0.6761273741722107,-0.04421795532107353,0.9997383952140808,0.48664572834968567,0.5788485407829285,-0.013032929971814156,0.978818416595459,0.5880542993545532,0.5788794159889221,-0.01699008420109749,0.9743621349334717,0.49051377177238464,0.4880063533782959,-0.10760358721017838,0.983106791973114,0.579098641872406,0.48567187786102295,-0.09642896056175232,0.9623860716819763,0.48948994278907776,0.45780646800994873,-0.13631533086299896,0.9664833545684814,0.5789087414741516,0.4574829041957855,-0.12482278794050217,0.9315218329429626,0.49546340107917786,0.462796688079834,-0.1631741225719452,0.9664671421051025,0.5734451413154602,0.4613058567047119,-0.1493193656206131,0.9302471280097961,0.4970947802066803,0.4718455672264099,-0.11961915343999863,0.9541211128234863,0.5717975497245789,0.4697466194629669,-0.10792843252420425,0.9124675989151001,0.5126034021377563,0.4612550437450409,-0.0019553792662918568,0.9998279213905334,0.5583470463752747,0.46156132221221924,0.0019330645445734262,0.999706506729126,0.5115481615066528,0.3201482594013214,-0.007506972178816795,0.9865301251411438,0.5612832903862,0.3214348256587982,0.028074216097593307,0.9804719686508179,0.5205877423286438,0.20097742974758148,0.20276613533496857,0.968900740146637,0.5599491000175476,0.2033492922782898,0.2305915355682373,0.9686117768287659,0.5264915227890015,0.19350090622901917,0.21807211637496948,0.8144625425338745,0.5576388835906982,0.19657398760318756,0.2456587851047516,0.7836089730262756,0.5204755067825317,0.14504453539848328,0.11874950677156448,0.9665963649749756,0.5607126951217651,0.14860586822032928,0.14848794043064117,0.9654331207275391
yena_sit_normal_06,60,20,2.0010309278350515,29.984544049459043,10,0.5379750728607178,0.7613525986671448,-0.21929456293582916,0.9999082088470459,0.5317858457565308,0.7739778757095337,-0.20457853376865387,0.9997249245643616,0.5286492109298706,0.7733933329582214,-0.20460431277751923,0.9997073411941528,0.5265921354293823,0.7728232145309448,-0.20459571480751038,0.9996799230575562,0.5423504114151001,0.7742702960968018,-0.2052643746137619,0.9996384978294373,0.5453986525535583,0.7741163372993469,-0.20526424050331116,0.9996127486228943,0.5484413504600525,0.7737700939178467,-0.20530064404010773,0.9995883107185364,0.5213892459869385,0.7634457349777222,-0.11088699847459793,0.999395489692688,0.5510984063148499,0.7637678384780884,-0.1139509528875351,0.9990924000740051,0.5317769646644592,0.7432786226272583,-0.18347342312335968,0.9998956322669983,0.5439367294311523,0.7435864806175232,-0.18445031344890594,0.9998700618743896,0.49912434816360474,0.6736732721328735,-0.055264897644519806,0.9999023079872131,0.5739487409591675,0.6760914325714111,-0.05467779561877251,0.9997474551200867,0.48665937781333923,0.5789334177970886,-0.013788102194666862,0.9792206883430481,0.587944746017456,0.5783987045288086,-0.01740407571196556,0.974213719367981,0.4910319447517395,0.48663845658302307,-0.11093388497829437,0.9833509922027588,0.5789774656295776,0.48487716913223267,-0.10730752348899841,0.9622471928596497,0.49041277170181274,0.45643121004104614,-0.13860391080379486,0.9671319127082825,0.5786269903182983,0.457181453704834,-0.1358131617307663,0.9317768216133118,0.4962162673473358,0.4617243707180023,-0.1764654815196991,0.9672384858131409,0.5731690526008606,0.4611756205558777,-0.15274497866630554,0.9307964444160461,0.49775436520576477,0.47065338492393494,-0.12350600212812424,0.9552741646766663,0.57157301902771,0.46941712498664856,-0.11725525557994843,0.9134611487388611,0.5125715136528015,0.4612400233745575,-0.0022404876071959734,0.9998321533203125,0.5582953691482544,0.461121529340744,0.002223790157586336,0.9997122883796692,0.5115482807159424,0.32028770446777344,-0.006196307484060526,0.9869064092636108,0.561273455619812,0.3214118480682373,0.03703330457210541,0.9807218313217163,0.5205921530723572,0.20096825063228607,0.20853884518146515,0.9700102210044861,0.559932291507721,0.20340776443481445,0.25272563099861145,0.969915509223938,0.5264757871627808,0.19378778338432312,0.2246886044740677,0.8173091411590576,0.5575867891311646,0.19676578044891357,0.26917192339897156,0.7893189191818237,0.5205516219139099,0.1450451910495758,0.12466596066951752,0.9677836894989014,0.5607701539993286,0.1486833691596985,0.1715482622385025,0.9668734669685364
yena_sit_normal_06,63,21,2.101082474226804,29.984544049459043,10,0.5384138226509094,0.7610611915588379,-0.21793736517429352,0.9999133944511414,0.5323255062103271,0.7739266157150269,-0.20367053151130676,0.9997358322143555,0.5289802551269531,0.7733674049377441,-0.2036958485841751,0.9997197985649109,0.526938796043396,0.7727925777435303,-0.20368686318397522,0.9996939897537231,0.5428534150123596,0.774183988571167,-0.20364855229854584,0.9996519088745117,0.5459038615226746,0.7740538120269775,-0.2036484181880951,0.9996269941329956,0.5489919185638428,0.7736762166023254,-0.20368163287639618,0.9996025562286377,0.5218043923377991,0.7634474039077759,-0.11192653328180313,0.9994193911552429,0.5514550805091858,0.7637526392936707,-0.11188054829835892,0.999114453792572,0.5321456789970398,0.7428369522094727,-0.1828499585390091,0.9999016523361206,0.5443797707557678,0.7431406378746033,-0.18295703828334808,0.9998769760131836,0.49931731820106506,0.6743297576904297,-0.06004044786095619,0.9999097585678101,0.5742554068565369,0.6760694980621338,-0.05310056731104851,0.9997563362121582,0.48673897981643677,0.579055905342102,-0.03683244064450264,0.9796301126480103,0.5878180265426636,0.5780460238456726,-0.024739772081375122,0.9737860560417175,0.4915158450603485,0.4866655170917511,-0.14403104782104492,0.983618438243866,0.5787667632102966,0.48562192916870117,-0.12102705985307693,0.9619833827018738,0.49123239517211914,0.45643600821495056,-0.17569558322429657,0.9678924083709717,0.5784372091293335,0.4579911231994629,-0.15186361968517303,0.9319756627082825,0.49773043394088745,0.46173274517059326,-0.20396855473518372,0.9680744409561157,0.5728627443313599,0.4620467722415924,-0.1731066256761551,0.9312320351600647,0.4993059039115906,0.4705962836742401,-0.156100794672966,0.9564672112464905,0.5713083744049072,0.4702310264110565,-0.13192997872829437,0.9143059253692627,0.5127428770065308,0.46117058396339417,-0.0035805038642138243,0.9998365044593811,0.5582966208457947,0.4608280062675476,0.003560252021998167,0.9997193813323975,0.5114716291427612,0.3203701376914978,-0.006442327983677387,0.9873695373535156,0.5614458918571472,0.3210599422454834,0.041476521641016006,0.9812359809875488,0.5204985737800598,0.2010333389043808,0.20704294741153717,0.9712170958518982,0.5599055886268616,0.20347554981708527,0.2544541656970978,0.9713672995567322,0.5263893008232117,0.19381165504455566,0.22310686111450195,0.8207507729530334,0.557421863079071,0.19683575630187988,0.2707260549068451,0.7964657545089722,0.5205540657043457,0.14518944919109344,0.12424931675195694,0.9690186381340027,0.5610867738723755,0.14873461425304413,0.17562627792358398,0.9683960676193237
yena_sit_normal_06,66,22,2.201134020618557,29.984544049459043,10,0.5385511517524719,0.7610220909118652,-0.2191760390996933,0.9999178647994995,0.532551646232605,0.7739314436912537,-0.20483221113681793,0.9997447729110718,0.5291703939437866,0.7733872532844543,-0.20485596358776093,0.999730110168457,0.5271705389022827,0.7728151082992554,-0.2048415243625641,0.99970543384552,0.543090283870697,0.7741685509681702,-0.20505164563655853,0.9996640086174011,0.5461651086807251,0.7740408182144165,-0.20505057275295258,0.9996397495269775,0.5493268370628357,0.7736412882804871,-0.2050810158252716,0.9996148943901062,0.522303581237793,0.763495922088623,-0.1134101003408432,0.9994381070137024,0.5518630146980286,0.7637557983398438,-0.11462878435850143,0.999136745929718,0.5322896242141724,0.742795467376709,-0.1843535602092743,0.9999066591262817,0.5446029901504517,0.7430506944656372,-0.1847883015871048,0.9998831152915955,0.4996885657310486,0.6753571033477783,-0.06344836950302124,0.9999164342880249,0.5747936367988586,0.6759243011474609,-0.057474054396152496,0.9997649788856506,0.48684561252593994,0.5792313814163208,-0.04486735165119171,0.9802281260490417,0.5877427458763123,0.5766828656196594,-0.03992475941777229,0.9734524488449097,0.4927925765514374,0.48573991656303406,-0.15218690037727356,0.9840044975280762,0.5784673690795898,0.484684020280838,-0.13345645368099213,0.9615059494972229,0.4925503730773926,0.4550369679927826,-0.18443499505519867,0.9687750339508057,0.5782410502433777,0.4569958448410034,-0.1646951138973236,0.9318217635154724,0.5001360177993774,0.4604204595088959,-0.21021923422813416,0.9690094590187073,0.5725656151771545,0.46071329712867737,-0.18679453432559967,0.9312792420387268,0.5018884539604187,0.4695141017436981,-0.1638384610414505,0.9577838182449341,0.5707063674926758,0.46902796626091003,-0.1443508118391037,0.914671778678894,0.5127991437911987,0.4613826274871826,-0.0035121343098580837,0.9998394846916199,0.5583614706993103,0.4607929587364197,0.0034912030678242445,0.9997261166572571,0.5111093521118164,0.3220531642436981,0.003680402645841241,0.9878158569335938,0.5614345073699951,0.321186900138855,0.045449838042259216,0.9817986488342285,0.5196183919906616,0.2017238587141037,0.2072521150112152,0.9724279046058655,0.5594674348831177,0.20357555150985718,0.2532070279121399,0.9726646542549133,0.5255178213119507,0.19437243044376373,0.22265975177288055,0.8254902362823486,0.5569830536842346,0.19692175090312958,0.26893505454063416,0.80306077003479,0.5190874338150024,0.1462828367948532,0.12447067350149155,0.9701932072639465,0.5610517263412476,0.14882242679595947,0.17444533109664917,0.9696527123451233
yena_sit_normal_06,69,23,2.301185567010309,29.984544049459043,10,0.5394631624221802,0.7553818821907043,-0.21946193277835846,0.9999235272407532,0.5334575176239014,0.7678380608558655,-0.20564104616641998,0.9997596740722656,0.5299238562583923,0.7677502632141113,-0.20566155016422272,0.9997459650039673,0.5277126431465149,0.7673851847648621,-0.20564427971839905,0.9997228384017944,0.5440005660057068,0.7682351469993591,-0.20567315816879272,0.9996838569641113,0.5472686290740967,0.7681550979614258,-0.20566797256469727,0.9996609091758728,0.5502490401268005,0.7680894732475281,-0.20569147169589996,0.9996371865272522,0.5231317281723022,0.7600217461585999,-0.1144046038389206,0.9994688034057617,0.5526145696640015,0.7607970237731934,-0.11504668742418289,0.9991840720176697,0.5334612727165222,0.7384452223777771,-0.18438607454299927,0.9999129176139832,0.545869767665863,0.7386864423751831,-0.18467889726161957,0.9998912215232849,0.5006440281867981,0.6755524277687073,-0.06169373169541359,0.9999231696128845,0.5754566192626953,0.6752986907958984,-0.05557163432240486,0.999777615070343,0.48700132966041565,0.5791246294975281,-0.044156771153211594,0.9808856248855591,0.5876761674880981,0.5754107236862183,-0.03970366716384888,0.973142147064209,0.49458903074264526,0.4842084050178528,-0.14357802271842957,0.9844270348548889,0.577470600605011,0.48410001397132874,-0.13669364154338837,0.9616554379463196,0.4945739209651947,0.4522832930088043,-0.17618051171302795,0.9696510434150696,0.5780274271965027,0.45608052611351013,-0.168458491563797,0.9326348304748535,0.5027166604995728,0.4579046666622162,-0.20283406972885132,0.9699267148971558,0.5717846751213074,0.45939767360687256,-0.19018235802650452,0.9322469234466553,0.5045121908187866,0.46737462282180786,-0.15516050159931183,0.9590389132499695,0.5695698857307434,0.467872679233551,-0.14732927083969116,0.9159465432167053,0.5131019353866577,0.4613989293575287,-0.003569924971088767,0.9998447895050049,0.5584401488304138,0.4607957899570465,0.0035452470183372498,0.9997356534004211,0.5111057758331299,0.3220008313655853,0.007364628836512566,0.9883370399475098,0.561104953289032,0.32141274213790894,0.046644650399684906,0.9823991060256958,0.5187721848487854,0.20225055515766144,0.20815454423427582,0.9737510681152344,0.5588008761405945,0.20364148914813995,0.250256210565567,0.9739966988563538,0.5243596434593201,0.19512030482292175,0.2231663018465042,0.8300967216491699,0.556194007396698,0.1969207227230072,0.26573291420936584,0.8100353479385376,0.5185588598251343,0.14690358936786652,0.12528666853904724,0.9714474678039551,0.560502290725708,0.14907272160053253,0.17172463238239288,0.971017062664032
yena_sit_normal_06,72,24,2.4012371134020616,29.984544049459043,10,0.5401118397712708,0.745829164981842,-0.23263566195964813,0.9999279975891113,0.5342511534690857,0.7590022683143616,-0.2191593050956726,0.9997713565826416,0.5308297276496887,0.7589324116706848,-0.21917589008808136,0.9997580647468567,0.5283454060554504,0.7585452795028687,-0.21915645897388458,0.9997355937957764,0.5446705222129822,0.7592784762382507,-0.21984542906284332,0.9997006058692932,0.5479390621185303,0.7592145800590515,-0.21984262764453888,0.9996789693832397,0.5508704781532288,0.7591645121574402,-0.21986398100852966,0.9996563196182251,0.5238862633705139,0.7524124979972839,-0.1250986009836197,0.9994905591011047,0.5533106923103333,0.7532529830932617,-0.12900716066360474,0.9992311596870422,0.5340235233306885,0.730629563331604,-0.19601945579051971,0.9999175667762756,0.546705424785614,0.7306531667709351,-0.1972178965806961,0.9998981952667236,0.50089430809021,0.6744303107261658,-0.06539906561374664,0.9999286532402039,0.5765685439109802,0.6716304421424866,-0.06668069213628769,0.9997909665107727,0.48717519640922546,0.5748734474182129,-0.04178181663155556,0.9809763431549072,0.587717592716217,0.5721861124038696,-0.05670841783285141,0.9735783338546753,0.4966560900211334,0.48119059205055237,-0.14172863960266113,0.98441481590271,0.5760180950164795,0.48156851530075073,-0.15841878950595856,0.9623164534568787,0.49644291400909424,0.44972410798072815,-0.17476320266723633,0.9697877168655396,0.5770372152328491,0.45263049006462097,-0.19170960783958435,0.9340221285820007,0.5048435926437378,0.4555823504924774,-0.20194560289382935,0.9701194763183594,0.5701742768287659,0.4560546278953552,-0.21228928864002228,0.9337303042411804,0.5070618987083435,0.46466436982154846,-0.15382657945156097,0.9593707919120789,0.5678125023841858,0.46494585275650024,-0.1684817671775818,0.9177121520042419,0.5132360458374023,0.4593091905117035,-0.0033582651522010565,0.9998461604118347,0.5584239363670349,0.4587014317512512,0.0033479230478405952,0.9997420310974121,0.5117170214653015,0.32099273800849915,0.019017191603779793,0.9888278841972351,0.5610271096229553,0.3213479220867157,0.051267609000205994,0.9831126928329468,0.5176149010658264,0.20266303420066833,0.2102939635515213,0.9749444723129272,0.5583537817001343,0.2038208693265915,0.25016486644744873,0.9752171039581299,0.5228208899497986,0.19580087065696716,0.22435146570205688,0.8355671167373657,0.5555307269096375,0.19714908301830292,0.2652091681957245,0.8168700337409973,0.5174664258956909,0.148527130484581,0.12651747465133667,0.9725612998008728,0.5604411363601685,0.1494518369436264,0.17118528485298157,0.9721724987030029
yena_sit_normal_06,75,25,2.5012886597938144,29.984544049459043,10,0.5402536392211914,0.7317343354225159,-0.2552368938922882,0.9999326467514038,0.5349025726318359,0.7471831440925598,-0.2428888976573944,0.9997835755348206,0.5316126346588135,0.7475979328155518,-0.24289242923259735,0.9997708797454834,0.5289832353591919,0.7478997111320496,-0.24286995828151703,0.9997492432594299,0.5449205040931702,0.746394157409668,-0.2440408170223236,0.9997187256813049,0.5482385754585266,0.7466252446174622,-0.24404779076576233,0.9996984601020813,0.5511893630027771,0.7467392086982727,-0.2440628558397293,0.9996771216392517,0.5249706506729126,0.74391108751297,-0.1486218124628067,0.9995143413543701,0.5538045763969421,0.742879331111908,-0.15477845072746277,0.9992820620536804,0.534243643283844,0.7181801199913025,-0.21794018149375916,0.9999222159385681,0.5467489957809448,0.7169840931892395,-0.21978668868541718,0.999904990196228,0.5012468695640564,0.6701890230178833,-0.08244447410106659,0.999934196472168,0.5772626399993896,0.6666495203971863,-0.08486275374889374,0.9998061060905457,0.4871821403503418,0.5703086853027344,-0.04390052706003189,0.9816753268241882,0.587978720664978,0.5677175521850586,-0.06246086210012436,0.9746253490447998,0.49879884719848633,0.4770691990852356,-0.14168912172317505,0.9847393035888672,0.5747472047805786,0.47705379128456116,-0.15399767458438873,0.9632521867752075,0.4979214668273926,0.4464656114578247,-0.17461714148521423,0.9703416228294373,0.575967013835907,0.447502076625824,-0.18547146022319794,0.9354384541511536,0.5066832304000854,0.4522322118282318,-0.20039081573486328,0.9707282781600952,0.5684669017791748,0.45097821950912476,-0.20728172361850739,0.935226559638977,0.509400486946106,0.46118128299713135,-0.15351152420043945,0.9601853489875793,0.5661521553993225,0.4599407911300659,-0.1641201674938202,0.9194251298904419,0.5133191347122192,0.45876672863960266,-0.003327764105051756,0.9998427629470825,0.5583763122558594,0.45810458064079285,0.0033149258233606815,0.9997440576553345,0.5122058391571045,0.3208458721637726,0.022128086537122726,0.9891696572303772,0.5610076785087585,0.3213360011577606,0.04861908406019211,0.9836973547935486,0.5163988471031189,0.20112602412700653,0.1970251053571701,0.9760289192199707,0.5580803751945496,0.20360660552978516,0.23310412466526031,0.9762556552886963,0.5214100480079651,0.1935162991285324,0.20799151062965393,0.8404455184936523,0.5550667643547058,0.19675910472869873,0.24579516053199768,0.8231046199798584,0.5169317722320557,0.14880909025669098,0.10842697322368622,0.9734811186790466,0.5604434609413147,0.14962415397167206,0.1513880342245102,0.973078191280365
yena_sit_normal_06,78,26,2.601340206185567,29.984544049459043,10,0.540230393409729,0.7148192524909973,-0.28013554215431213,0.9999377727508545,0.5351414084434509,0.7314151525497437,-0.26851552724838257,0.9997989535331726,0.5318974256515503,0.7323174476623535,-0.26850956678390503,0.9997868537902832,0.5293406844139099,0.7331249713897705,-0.268485426902771,0.9997662305831909,0.5449524521827698,0.7305731773376465,-0.27066925168037415,0.9997401237487793,0.5482689738273621,0.7308759689331055,-0.27068468928337097,0.999721348285675,0.5513591170310974,0.7309349775314331,-0.27069181203842163,0.9997014403343201,0.5259948968887329,0.7321118116378784,-0.17086447775363922,0.9995453357696533,0.5543960928916931,0.7297911643981934,-0.18250113725662231,0.9993415474891663,0.5343482494354248,0.7016718983650208,-0.24100923538208008,0.9999276995658875,0.5467172861099243,0.6995832324028015,-0.24433693289756775,0.999912679195404,0.5015912652015686,0.6634371280670166,-0.09419874846935272,0.9999396800994873,0.5786815285682678,0.6569586992263794,-0.10777612030506134,0.9998220205307007,0.48709335923194885,0.5635510087013245,-0.04643834009766579,0.9825254082679749,0.5887789130210876,0.559917151927948,-0.07946795970201492,0.9762955904006958,0.5006288886070251,0.47263672947883606,-0.14326982200145721,0.9853017330169678,0.5737283825874329,0.47082293033599854,-0.16496536135673523,0.9649208784103394,0.4992242455482483,0.4428354501724243,-0.17595666646957397,0.9711965918540955,0.5752497911453247,0.44102394580841064,-0.19552214443683624,0.9379012584686279,0.5077369809150696,0.448654443025589,-0.2027764767408371,0.9716208577156067,0.5669263005256653,0.4451291561126709,-0.2177242636680603,0.9377316832542419,0.5104491710662842,0.45738357305526733,-0.15527179837226868,0.9613592028617859,0.5647146701812744,0.45379936695098877,-0.17462486028671265,0.9223023653030396,0.5136244297027588,0.4539174437522888,0.0013688243925571442,0.9998417496681213,0.5582770705223083,0.45265376567840576,-0.0013559360522776842,0.9997491836547852,0.512643039226532,0.3186202049255371,0.03172073885798454,0.9893859028816223,0.5599595308303833,0.3196636438369751,0.04668622091412544,0.9842547178268433,0.5163224339485168,0.1989026665687561,0.20108236372470856,0.9768563508987427,0.5580503344535828,0.2033715546131134,0.23299722373485565,0.9769531488418579,0.5216048359870911,0.19103258848190308,0.20980483293533325,0.8481358289718628,0.5552021861076355,0.19662176072597504,0.2463754564523697,0.8269310593605042,0.5157634615898132,0.14911334216594696,0.11230877041816711,0.9741203188896179,0.5595041513442993,0.15018698573112488,0.15036556124687195,0.9734136462211609
yena_sit_normal_06,81,27,2.7013917525773197,29.984544049459043,10,0.5416372418403625,0.6917828917503357,-0.3423725366592407,0.9999421834945679,0.537199854850769,0.7080301642417908,-0.3331441879272461,0.9998116493225098,0.5339694619178772,0.7094438672065735,-0.3331271708011627,0.9997999668121338,0.5308918356895447,0.7107897996902466,-0.33311665058135986,0.9997797012329102,0.5467653274536133,0.7068997621536255,-0.33365029096603394,0.999758243560791,0.5500699281692505,0.7075090408325195,-0.33369180560112,0.9997409582138062,0.5524742007255554,0.7085530161857605,-0.33371198177337646,0.999722421169281,0.527133047580719,0.7138459086418152,-0.23391763865947723,0.9995712041854858,0.5555270910263062,0.7127140164375305,-0.2379259616136551,0.9993942379951477,0.5357435345649719,0.6808580756187439,-0.30150121450424194,0.9999322295188904,0.5473076701164246,0.6788965463638306,-0.3026634156703949,0.9999194145202637,0.5016812682151794,0.6521857380867004,-0.14173226058483124,0.9999447464942932,0.578843891620636,0.6462018489837646,-0.1510000228881836,0.9998379945755005,0.487100213766098,0.5542557239532471,-0.08971978724002838,0.9834933280944824,0.5887523889541626,0.5485227108001709,-0.11413419246673584,0.978051483631134,0.5028245449066162,0.4666714370250702,-0.18702083826065063,0.9856646656990051,0.5720479488372803,0.4626098573207855,-0.20303696393966675,0.9670867919921875,0.5010625720024109,0.43731677532196045,-0.22125735878944397,0.9715158343315125,0.5732357501983643,0.4335569739341736,-0.23527583479881287,0.9412428140640259,0.5095992684364319,0.44249778985977173,-0.24936538934707642,0.9720010161399841,0.5646578669548035,0.4369482398033142,-0.26051393151283264,0.9411477446556091,0.5123310685157776,0.4509523808956146,-0.1994743049144745,0.9618194699287415,0.5627623796463013,0.44552791118621826,-0.21378977596759796,0.9262985587120056,0.5139489769935608,0.4480060935020447,0.002075412543490529,0.9998373985290527,0.5583143830299377,0.4472217857837677,-0.0020529169123619795,0.9997513890266418,0.5131746530532837,0.3170642852783203,0.030807137489318848,0.9893304109573364,0.5594939589500427,0.31810054183006287,0.04568025842308998,0.9845207929611206,0.516316831111908,0.1988699734210968,0.2131490707397461,0.9771387577056885,0.5577484369277954,0.2036820352077484,0.23397813737392426,0.9772879481315613,0.5216396450996399,0.19111469388008118,0.22508329153060913,0.8533569574356079,0.5550094246864319,0.1973298192024231,0.24712830781936646,0.8302520513534546,0.515939474105835,0.14951522648334503,0.12571272253990173,0.9742509126663208,0.5592392683029175,0.15111298859119415,0.15194359421730042,0.9733952879905701
yena_sit_normal_06,84,28,2.801443298969072,29.984544049459043,10,0.5414927005767822,0.6656973361968994,-0.4064824879169464,0.999942421913147,0.5370684266090393,0.6820341944694519,-0.3993019461631775,0.9998117089271545,0.5337966680526733,0.6836267709732056,-0.39927050471305847,0.9998005032539368,0.5307993292808533,0.684879720211029,-0.39929088950157166,0.9997802376747131,0.5467034578323364,0.6804431080818176,-0.4012063443660736,0.9997643828392029,0.5499988198280334,0.6810928583145142,-0.40127813816070557,0.9997487664222717,0.5523954033851624,0.6821389198303223,-0.40128833055496216,0.999731719493866,0.5273233652114868,0.6888841986656189,-0.2999974489212036,0.9995723962783813,0.5556055307388306,0.6863722801208496,-0.31038394570350647,0.9994290471076965,0.5356595516204834,0.6557215452194214,-0.36423903703689575,0.9999313950538635,0.5469790101051331,0.6544141173362732,-0.367283433675766,0.9999224543571472,0.5025714635848999,0.6381210088729858,-0.19861437380313873,0.999949038028717,0.5787888765335083,0.6333905458450317,-0.2115740031003952,0.9998518228530884,0.4872634708881378,0.5436882972717285,-0.1470215916633606,0.9846888780593872,0.5889448523521423,0.5375960469245911,-0.17304310202598572,0.9798502326011658,0.5041965842247009,0.457442969083786,-0.22365649044513702,0.9862217903137207,0.5701630115509033,0.45060446858406067,-0.24717719852924347,0.9689072370529175,0.5035626888275146,0.4266529679298401,-0.2536887228488922,0.9719637632369995,0.570954442024231,0.4228866994380951,-0.27591484785079956,0.9436379671096802,0.5119702219963074,0.4321456849575043,-0.27912136912345886,0.9725059866905212,0.5619306564331055,0.4270953834056854,-0.2981087863445282,0.9436419606208801,0.5142642259597778,0.4413187801837921,-0.23425139486789703,0.9623704552650452,0.5603247284889221,0.4359717071056366,-0.25609099864959717,0.9290215373039246,0.514137327671051,0.4452386498451233,0.004430181346833706,0.9998060464859009,0.5579922199249268,0.44504910707473755,-0.004395951982587576,0.9997262954711914,0.5143395662307739,0.3171110451221466,0.011817464604973793,0.9886447191238403,0.5592849254608154,0.31814560294151306,-0.0037038279697299004,0.983864963054657,0.516299843788147,0.19921524822711945,0.15622761845588684,0.9767336845397949,0.5577000975608826,0.20358064770698547,0.14611481130123138,0.9766612648963928,0.5215551257133484,0.19250687956809998,0.16557316482067108,0.8539934754371643,0.5550239682197571,0.19726690649986267,0.15563063323497772,0.8239625096321106,0.5159125924110413,0.15086902678012848,0.06712762266397476,0.973355233669281,0.5589336156845093,0.1517910212278366,0.052183620631694794,0.9719359278678894
yena_sit_normal_06,87,29,2.9014948453608245,29.984544049459043,10,0.5414732098579407,0.633564829826355,-0.41089555621147156,0.9999427199363708,0.5369278192520142,0.6495962142944336,-0.4054403603076935,0.999809741973877,0.5337099432945251,0.6512783765792847,-0.40539947152137756,0.9997987151145935,0.5308763980865479,0.6530238389968872,-0.405427485704422,0.9997788071632385,0.5465760827064514,0.6487196683883667,-0.40625911951065063,0.9997664093971252,0.5498796105384827,0.650066077709198,-0.40632954239845276,0.9997522234916687,0.5523943305015564,0.651505708694458,-0.40632691979408264,0.9997360110282898,0.5277599692344666,0.6597230434417725,-0.3102620840072632,0.9995794892311096,0.5558031797409058,0.6577397584915161,-0.31479981541633606,0.9994553923606873,0.5357475876808167,0.625133752822876,-0.36931687593460083,0.999930739402771,0.5469954609870911,0.6245602369308472,-0.3707590401172638,0.9999241232872009,0.503309428691864,0.6166560053825378,-0.2064664512872696,0.9999532699584961,0.5793555378913879,0.6118494868278503,-0.20574943721294403,0.9998647570610046,0.4876181185245514,0.5262729525566101,-0.14891037344932556,0.9857584834098816,0.5889694094657898,0.5201647281646729,-0.15361906588077545,0.9813470840454102,0.5058467388153076,0.4474640488624573,-0.21691074967384338,0.9862989783287048,0.569246232509613,0.4377248287200928,-0.21930290758609772,0.9701622724533081,0.506132960319519,0.41660842299461365,-0.24240989983081818,0.9712367653846741,0.5699474811553955,0.40878385305404663,-0.2433362901210785,0.9448348879814148,0.5144147276878357,0.42210742831230164,-0.26663124561309814,0.9719216227531433,0.5610126852989197,0.41357719898223877,-0.2651247978210449,0.9450141191482544,0.5166337490081787,0.4310438930988312,-0.22644980251789093,0.9613326787948608,0.559047520160675,0.4239306151866913,-0.22772955894470215,0.9302154183387756,0.5158301591873169,0.44040361046791077,0.0038873956073075533,0.9997824430465698,0.5580098628997803,0.4408063292503357,-0.0038609651383012533,0.9996970891952515,0.5147745609283447,0.32037994265556335,-0.08666633069515228,0.9880824685096741,0.5593207478523254,0.3195502460002899,-0.07321087270975113,0.9839107990264893,0.5163009762763977,0.1991785317659378,0.05289706215262413,0.9767346978187561,0.5577030181884766,0.20469260215759277,0.0623321458697319,0.976966381072998,0.5216198563575745,0.19247886538505554,0.06131153553724289,0.8559025526046753,0.5550137162208557,0.19789059460163116,0.07018771022558212,0.8262580633163452,0.5158607363700867,0.15093044936656952,-0.040498871356248856,0.9730030298233032,0.5594666004180908,0.1522417813539505,-0.03079427033662796,0.971890926361084
yena_sit_normal_06,90,30,3.0015463917525773,29.984544049459043,10,0.541525661945343,0.60317462682724,-0.4409050941467285,0.9999402165412903,0.5370656251907349,0.6193222999572754,-0.43654343485832214,0.9997976422309875,0.5339565277099609,0.62137371301651,-0.4365059733390808,0.9997850656509399,0.5312747359275818,0.6236274242401123,-0.43653780221939087,0.9997636675834656,0.5465829968452454,0.6187633275985718,-0.4370363652706146,0.9997595548629761,0.5498851537704468,0.6204417943954468,-0.4371294677257538,0.9997466206550598,0.5525029301643372,0.6226077079772949,-0.43714359402656555,0.9997343420982361,0.5283601880073547,0.634345293045044,-0.3393961489200592,0.999562680721283,0.5562530755996704,0.6323061585426331,-0.3419767916202545,0.9994757771492004,0.5359877943992615,0.5967296361923218,-0.3978230357170105,0.9999276399612427,0.5470028519630432,0.5962304472923279,-0.39870545268058777,0.9999248385429382,0.5035011768341064,0.5936732292175293,-0.223195880651474,0.9999570250511169,0.5803707838058472,0.5891351699829102,-0.226994588971138,0.9998772144317627,0.48792070150375366,0.5051881074905396,-0.16473181545734406,0.9864748120307922,0.5897782444953918,0.5009250640869141,-0.17646875977516174,0.982871413230896,0.5074918866157532,0.43604594469070435,-0.23453110456466675,0.9849634170532227,0.5683113932609558,0.42861390113830566,-0.24222120642662048,0.9714258313179016,0.5077177286148071,0.40589267015457153,-0.2594732344150543,0.9674773812294006,0.568473219871521,0.4006304442882538,-0.26625460386276245,0.9457569718360901,0.5162491798400879,0.4133068919181824,-0.2830115258693695,0.968407928943634,0.5600520372390747,0.4060143232345581,-0.28692612051963806,0.9460214972496033,0.5183581113815308,0.42296770215034485,-0.24390532076358795,0.9560893774032593,0.5582066774368286,0.41552937030792236,-0.24997393786907196,0.9307544231414795,0.5159695744514465,0.4317280650138855,0.00381484511308372,0.9997586011886597,0.5582246780395508,0.42998892068862915,-0.003774141427129507,0.9996743202209473,0.5159196853637695,0.3220362365245819,-0.10504913330078125,0.986867368221283,0.5593320727348328,0.3218241035938263,-0.11268965899944305,0.9836850166320801,0.5163069367408752,0.1954323798418045,0.028143595904111862,0.9762676954269409,0.5569950938224792,0.20404665172100067,0.024785669520497322,0.9767086505889893,0.5215131044387817,0.1870475709438324,0.035552188754081726,0.8558840155601501,0.5542119741439819,0.19659695029258728,0.03283440321683884,0.8271699547767639,0.5157611966133118,0.15097054839134216,-0.07268733531236649,0.9723449945449829,0.5584421157836914,0.1522345244884491,-0.07500822097063065,0.9715670347213745
yena_sit_normal_06,93,31,3.1015979381443297,29.984544049459043,10,0.541783332824707,0.5718880891799927,-0.39813917875289917,0.999943196773529,0.5371414422988892,0.5862969160079956,-0.39739367365837097,0.999809205532074,0.5339571833610535,0.5882571339607239,-0.397344172000885,0.9997976422309875,0.5312896966934204,0.5905919671058655,-0.39737647771835327,0.9997774362564087,0.5470125079154968,0.5866915583610535,-0.39662081003189087,0.9997740983963013,0.5503001809120178,0.5889111757278442,-0.39671164751052856,0.9997628331184387,0.5528659224510193,0.5915294289588928,-0.39670467376708984,0.9997527003288269,0.5282791256904602,0.6051647663116455,-0.3189946115016937,0.9995951056480408,0.5569859743118286,0.6046261191368103,-0.3153616487979889,0.9995200634002686,0.5361268520355225,0.5656028985977173,-0.36131560802459717,0.9999323487281799,0.5472032427787781,0.5667564272880554,-0.36054086685180664,0.9999303817749023,0.5034643411636353,0.5698266625404358,-0.21190916001796722,0.999960720539093,0.5808688998222351,0.5686964392662048,-0.2027362436056137,0.9998890161514282,0.4879181683063507,0.48396697640419006,-0.16576743125915527,0.9873067736625671,0.5937789678573608,0.48316261172294617,-0.14722207188606262,0.9842796325683594,0.512024998664856,0.42258182168006897,-0.22159415483474731,0.9837787747383118,0.5678860545158386,0.4183961749076843,-0.2015097439289093,0.972874104976654,0.5123876929283142,0.39414095878601074,-0.24325090646743774,0.9643228054046631,0.5675420761108398,0.39120328426361084,-0.21236437559127808,0.9472894668579102,0.5201644897460938,0.40108463168144226,-0.2624036967754364,0.9654635190963745,0.5594629049301147,0.3973459303379059,-0.22670124471187592,0.9477154016494751,0.5220329761505127,0.41041475534439087,-0.22816623747348785,0.9518195390701294,0.557691752910614,0.40627187490463257,-0.20342665910720825,0.9326579570770264,0.5180034041404724,0.42719295620918274,0.0009485682239755988,0.9997648000717163,0.5603702664375305,0.42376095056533813,-0.000846634735353291,0.9996795654296875,0.5183927416801453,0.33958104252815247,-0.1730259358882904,0.9856274724006653,0.5596427917480469,0.33143243193626404,-0.15030722320079803,0.9825549125671387,0.5162464380264282,0.19460630416870117,-0.0912841334939003,0.9759840965270996,0.557007908821106,0.20266291499137878,-0.06954307109117508,0.9745821356773376,0.5197498202323914,0.1858019232749939,-0.08811139315366745,0.8577647805213928,0.5542401671409607,0.19346590340137482,-0.06624677032232285,0.8295731544494629,0.5176787972450256,0.1509850025177002,-0.19278207421302795,0.971800684928894,0.5584680438041687,0.15270715951919556,-0.1659514456987381,0.9703872203826904
yena_sit_normal_06,96,32,3.2016494845360826,29.984544049459043,10,0.5417015552520752,0.5476374626159668,-0.3809189796447754,0.9999472498893738,0.5368556976318359,0.5614321231842041,-0.3816201388835907,0.999823808670044,0.5337228178977966,0.5628582835197449,-0.38155561685562134,0.99981290102005,0.5310391187667847,0.5644344687461853,-0.38158300518989563,0.9997943639755249,0.5469936728477478,0.5616755485534668,-0.381450355052948,0.9997921586036682,0.5502554178237915,0.5633299946784973,-0.38156476616859436,0.9997825026512146,0.552837073802948,0.5650815367698669,-0.38157424330711365,0.9997742176055908,0.5277414917945862,0.5772976875305176,-0.3088234066963196,0.9996293187141418,0.557073175907135,0.5771597623825073,-0.308800607919693,0.9995645880699158,0.5359714031219482,0.5405462384223938,-0.3454851806163788,0.9999378323554993,0.5470516085624695,0.5417580604553223,-0.34570974111557007,0.9999363422393799,0.5033871531486511,0.5489028096199036,-0.1999320089817047,0.9999639391899109,0.5814264416694641,0.5488304495811462,-0.19866009056568146,0.9998998641967773,0.48791399598121643,0.46871405839920044,-0.15564332902431488,0.9879237413406372,0.5944390892982483,0.4662230908870697,-0.1482381820678711,0.9855841398239136,0.516225278377533,0.413298100233078,-0.20925794541835785,0.981406033039093,0.5674711465835571,0.4068576991558075,-0.19443267583847046,0.9744125008583069,0.5171185731887817,0.3876672387123108,-0.24094074964523315,0.9572616815567017,0.5670649409294128,0.3840738832950592,-0.20664769411087036,0.9489481449127197,0.5242060422897339,0.3937123417854309,-0.24078474938869476,0.9586222767829895,0.5592349171638489,0.39079606533050537,-0.2205153852701187,0.94954913854599,0.525917112827301,0.4019584357738495,-0.21836534142494202,0.9432375431060791,0.5577086210250854,0.3983042538166046,-0.19633834064006805,0.934939444065094,0.518610417842865,0.42552265524864197,0.0007502922089770436,0.9997761249542236,0.5607255101203918,0.424605131149292,-0.0006300690001808107,0.9996978640556335,0.5218291282653809,0.3443477153778076,-0.19026055932044983,0.9847208857536316,0.5598675012588501,0.34274721145629883,-0.18054674565792084,0.9807349443435669,0.5180109739303589,0.19472485780715942,-0.12179441750049591,0.974684476852417,0.558734655380249,0.2032916098833084,-0.1142912283539772,0.9715762138366699,0.520312488079071,0.18628692626953125,-0.11927787214517593,0.8585101962089539,0.5574859380722046,0.19357019662857056,-0.11172755062580109,0.8304320573806763,0.5209068655967712,0.15081791579723358,-0.2246955931186676,0.9708947539329529,0.5601252913475037,0.1530938595533371,-0.21750116348266602,0.9689626693725586
yena_sit_normal_06,99,33,3.301701030927835,29.984544049459043,10,0.5410250425338745,0.5305203199386597,-0.3911809027194977,0.9999514222145081,0.5359442234039307,0.5460498332977295,-0.39330723881721497,0.9998378157615662,0.5330391526222229,0.5472528338432312,-0.39323392510414124,0.9998278617858887,0.5303032398223877,0.5487736463546753,-0.39326098561286926,0.9998104572296143,0.5464752912521362,0.5460408926010132,-0.39363527297973633,0.9998090863227844,0.5500091314315796,0.5474764108657837,-0.3937796652317047,0.9998010396957397,0.5527186989784241,0.5492849946022034,-0.3938073217868805,0.9997941851615906,0.5266512036323547,0.5594126582145691,-0.32263198494911194,0.9996618628501892,0.5570206046104431,0.5597248077392578,-0.3249337077140808,0.9996054172515869,0.5355699062347412,0.5241206884384155,-0.3566667139530182,0.9999432563781738,0.5463796854019165,0.5235011577606201,-0.35760894417762756,0.9999421238899231,0.503353476524353,0.5302509665489197,-0.2093827873468399,0.9999668002128601,0.5818319320678711,0.5328288674354553,-0.21337659657001495,0.9999096393585205,0.4877534508705139,0.4564332067966461,-0.15524911880493164,0.9885655045509338,0.5954554080963135,0.4589148163795471,-0.15927022695541382,0.9868299961090088,0.5182106494903564,0.41020533442497253,-0.19879597425460815,0.9787281155586243,0.5673220753669739,0.4026329815387726,-0.19241692125797272,0.9758910536766052,0.5194646716117859,0.38578560948371887,-0.21190707385540009,0.9499618411064148,0.5662412643432617,0.3812802731990814,-0.20441359281539917,0.9507398009300232,0.5256763100624084,0.39138031005859375,-0.22170644998550415,0.9512946605682373,0.5589911341667175,0.3878365755081177,-0.21765129268169403,0.9513831734657288,0.5271336436271667,0.3995094299316406,-0.2018546462059021,0.9336087703704834,0.5577890276908875,0.394872784614563,-0.19437962770462036,0.9370018839836121,0.5193524956703186,0.4213651418685913,0.0011108207982033491,0.9997888207435608,0.561715841293335,0.42161333560943604,-0.0009808439062908292,0.9997171759605408,0.5238746404647827,0.34248778223991394,-0.18774396181106567,0.9848945140838623,0.5601595640182495,0.3399202227592468,-0.17972098290920258,0.9801139235496521,0.5186237692832947,0.19546402990818024,-0.10973986983299255,0.9751010537147522,0.5587282776832581,0.2025415152311325,-0.10873417556285858,0.971085250377655,0.5204107761383057,0.1868927776813507,-0.10651763528585434,0.8618206977844238,0.5575408339500427,0.1926768571138382,-0.10623448342084885,0.8348032236099243,0.5212228894233704,0.15092389285564423,-0.21211408078670502,0.9716033339500427,0.5593317747116089,0.15342724323272705,-0.21432188153266907,0.9692861437797546
yena_sit_normal_06,102,34,3.4017525773195874,29.984544049459043,10,0.5409558415412903,0.5209570527076721,-0.3471190333366394,0.9999560117721558,0.5357128977775574,0.5362173318862915,-0.35056227445602417,0.9998529553413391,0.5328177809715271,0.5375060439109802,-0.3504818379878998,0.9998438954353333,0.5300869345664978,0.5390849709510803,-0.3504996597766876,0.999828040599823,0.5464683771133423,0.5365093946456909,-0.3507293462753296,0.999826967716217,0.5499702095985413,0.5380626320838928,-0.35087916254997253,0.9998199343681335,0.5526966452598572,0.5399813055992126,-0.3509123623371124,0.999813973903656,0.5259882807731628,0.5494216084480286,-0.31877776980400085,0.9996943473815918,0.5569876432418823,0.5501593351364136,-0.322691410779953,0.9996439814567566,0.5355587005615234,0.5145411491394043,-0.31617340445518494,0.9999487400054932,0.5462483763694763,0.5139697194099426,-0.31712374091148376,0.9999477863311768,0.5033663511276245,0.5197699666023254,-0.19195736944675446,0.9999698996543884,0.5821621417999268,0.5223153233528137,-0.21232107281684875,0.999918520450592,0.48760879039764404,0.4506930708885193,-0.12519632279872894,0.9894115924835205,0.5967583060264587,0.4529080390930176,-0.1515388935804367,0.9879757165908813,0.517974853515625,0.40995052456855774,-0.15194784104824066,0.978469729423523,0.5672395825386047,0.4019591510295868,-0.17760001122951508,0.9772953391075134,0.5196822285652161,0.38667550683021545,-0.1625044345855713,0.9484158754348755,0.5656574368476868,0.38016048073768616,-0.1910872608423233,0.9525153040885925,0.5255529284477234,0.39351290464401245,-0.17430301010608673,0.9494429230690002,0.5586293339729309,0.3866410255432129,-0.20343364775180817,0.9531662464141846,0.5268508195877075,0.40166282653808594,-0.1549050211906433,0.9306789040565491,0.5576626062393188,0.3943082392215729,-0.18036261200904846,0.9389862418174744,0.5196578502655029,0.4102191925048828,0.0011111649218946695,0.9998063445091248,0.5623999834060669,0.4090130925178528,-0.0009851274080574512,0.9997395873069763,0.5264793038368225,0.34307780861854553,-0.2010854035615921,0.9856289625167847,0.5604792833328247,0.3394872546195984,-0.18419024348258972,0.9797309637069702,0.5187044739723206,0.19706109166145325,-0.1300341635942459,0.975843608379364,0.5595423579216003,0.20262712240219116,-0.11998512595891953,0.9711350202560425,0.5198265910148621,0.19181516766548157,-0.12742021679878235,0.8649082183837891,0.5589718222618103,0.19255998730659485,-0.11808551847934723,0.8408805131912231,0.5218632817268372,0.14995430409908295,-0.2316230833530426,0.9727407097816467,0.5594249963760376,0.1533791571855545,-0.22247382998466492,0.9703336358070374
yena_sit_normal_06,105,35,3.50180412371134,29.984544049459043,10,0.5412189364433289,0.5172597169876099,-0.3448592722415924,0.9999602437019348,0.5357384085655212,0.530789852142334,-0.3475264012813568,0.9998669624328613,0.5328119397163391,0.5318853259086609,-0.34745481610298157,0.9998587369918823,0.5300849676132202,0.533100426197052,-0.3474772870540619,0.9998442530632019,0.5468053221702576,0.5316467881202698,-0.3477134704589844,0.9998435378074646,0.5502169728279114,0.53316730260849,-0.34784820675849915,0.9998372793197632,0.5529025793075562,0.5348278284072876,-0.34787338972091675,0.999832034111023,0.5253686308860779,0.5438236594200134,-0.2938641309738159,0.9997240304946899,0.5570455193519592,0.5447641611099243,-0.2966166138648987,0.9996791481971741,0.5356358885765076,0.508716344833374,-0.3142079710960388,0.9999537467956543,0.5463457703590393,0.5094848871231079,-0.3151555359363556,0.9999529123306274,0.503481924533844,0.5129976868629456,-0.1854376643896103,0.9999727606773376,0.5821148753166199,0.5151036977767944,-0.1937640756368637,0.9999265670776367,0.4875393509864807,0.4452437460422516,-0.12280642241239548,0.990178644657135,0.5991370677947998,0.44827568531036377,-0.14445923268795013,0.9890590310096741,0.516814649105072,0.4083156883716583,-0.14257916808128357,0.9779986143112183,0.5673330426216125,0.40123069286346436,-0.16039617359638214,0.9786776900291443,0.5189530253410339,0.3853186070919037,-0.1515551060438156,0.9461696147918701,0.5651224851608276,0.37954533100128174,-0.1703854352235794,0.9541917443275452,0.5249291062355042,0.3930794298648834,-0.16118040680885315,0.9468070864677429,0.5582904815673828,0.3861069679260254,-0.18033571541309357,0.9547774791717529,0.526121973991394,0.40119460225105286,-0.14451085031032562,0.9267607927322388,0.5575934648513794,0.39375758171081543,-0.16187340021133423,0.9407878518104553,0.5207944512367249,0.40616941452026367,0.0011235473211854696,0.9998224973678589,0.5630143284797668,0.4054328203201294,-0.0010015667648985982,0.9997602701187134,0.5267025828361511,0.34140241146087646,-0.18401376903057098,0.9859851598739624,0.5604817867279053,0.33856791257858276,-0.17289751768112183,0.9791029095649719,0.5188824534416199,0.19844935834407806,-0.11435947567224503,0.9763113260269165,0.5627321004867554,0.20260965824127197,-0.10485546290874481,0.9708737730979919,0.5196881890296936,0.19282756745815277,-0.11163074523210526,0.8676449060440063,0.5632416009902954,0.19206996262073517,-0.10221753269433975,0.8445451855659485,0.5217085480690002,0.15022532641887665,-0.20871654152870178,0.9734825491905212,0.5601263642311096,0.15338075160980225,-0.20002253353595734,0.9708374738693237
yena_sit_normal_06,108,36,3.6018556701030926,29.984544049459043,10,0.5403781533241272,0.5230936408042908,-0.2698800265789032,0.9999639987945557,0.5353010892868042,0.5360900163650513,-0.27060651779174805,0.9998794794082642,0.5325500965118408,0.5372903347015381,-0.27055272459983826,0.9998719692230225,0.5298845767974854,0.538811206817627,-0.27057740092277527,0.9998587965965271,0.5454065799713135,0.535798966884613,-0.2711550295352936,0.9998583197593689,0.548978865146637,0.5370820164680481,-0.27125176787376404,0.9998527765274048,0.5519060492515564,0.5388728380203247,-0.27127018570899963,0.9998481869697571,0.5251210927963257,0.5491176247596741,-0.2104833424091339,0.9997506141662598,0.5564805269241333,0.5481805801391602,-0.21434716880321503,0.9997106790542603,0.5354421734809875,0.5151775479316711,-0.24078519642353058,0.9999582171440125,0.5456482172012329,0.5154611468315125,-0.24218688905239105,0.9999575018882751,0.5034773945808411,0.511166512966156,-0.12394626438617706,0.999975323677063,0.580967366695404,0.5174357891082764,-0.13125696778297424,0.9999337792396545,0.48667842149734497,0.44160977005958557,-0.07776626199483871,0.9907849431037903,0.5994163751602173,0.4472101330757141,-0.09656617790460587,0.989962637424469,0.5162089467048645,0.4037175476551056,-0.1124815121293068,0.9769440293312073,0.5673636794090271,0.3996807634830475,-0.12731362879276276,0.9788848757743835,0.518512487411499,0.38194695115089417,-0.12401329725980759,0.9425011873245239,0.5650378465652466,0.37901580333709717,-0.1386091113090515,0.9528273940086365,0.5247531533241272,0.39012080430984497,-0.13192862272262573,0.9428645372390747,0.5582779049873352,0.3848150670528412,-0.14776228368282318,0.9534409642219543,0.5257192254066467,0.3975042998790741,-0.11440364271402359,0.9216197729110718,0.5576528310775757,0.39192402362823486,-0.12909355759620667,0.9392041563987732,0.5211517214775085,0.3961299657821655,0.0007784894551150501,0.9998337626457214,0.5629547834396362,0.39562860131263733,-0.0006661739316768944,0.9997749328613281,0.527206301689148,0.3403124511241913,-0.19400657713413239,0.9857614636421204,0.5593136548995972,0.3380252718925476,-0.17865784466266632,0.9777039289474487,0.5192834138870239,0.19968314468860626,-0.15007664263248444,0.9750725030899048,0.5624796748161316,0.20241191983222961,-0.13232935965061188,0.9680630564689636,0.5197097659111023,0.1918700486421585,-0.14931292831897736,0.8685474395751953,0.5631155371665955,0.19120335578918457,-0.13110889494419098,0.8460566997528076,0.5216371417045593,0.15049755573272705,-0.241771399974823,0.9727193713188171,0.5603101253509521,0.15393221378326416,-0.2221963256597519,0.9692407846450806
yena_sit_normal_06,111,37,3.7019072164948454,29.984544049459043,10,0.5399410724639893,0.533697783946991,-0.3063940405845642,0.9999672770500183,0.5348623394966125,0.5472036600112915,-0.3019601106643677,0.9998906254768372,0.5321835279464722,0.5483704209327698,-0.3019424080848694,0.9998838305473328,0.529606819152832,0.5498079657554626,-0.30199509859085083,0.9998717308044434,0.5447657704353333,0.5469710230827332,-0.3030502498149872,0.9998712539672852,0.5483766198158264,0.5478648543357849,-0.3031385540962219,0.9998664259910583,0.5514237880706787,0.5490831732749939,-0.303162544965744,0.9998623132705688,0.5248553156852722,0.5574313402175903,-0.22010701894760132,0.9997744560241699,0.5557756423950195,0.5552225112915039,-0.22598455846309662,0.999738872051239,0.5354152321815491,0.5239563584327698,-0.2706294059753418,0.999962329864502,0.545361340045929,0.5234942436218262,-0.27254965901374817,0.9999617338180542,0.5036925673484802,0.513287365436554,-0.12745369970798492,0.9999776482582092,0.580445408821106,0.5210652947425842,-0.1365581452846527,0.9999402165412903,0.4870338439941406,0.4357231557369232,-0.13160142302513123,0.99135822057724,0.5988504886627197,0.44687676429748535,-0.13552521169185638,0.9906617999076843,0.5160043835639954,0.40060514211654663,-0.24554261565208435,0.9768028259277344,0.567377507686615,0.397190660238266,-0.23146288096904755,0.9779706597328186,0.5184942483901978,0.37915563583374023,-0.27565062046051025,0.9429373741149902,0.5650551915168762,0.37656378746032715,-0.2564674913883209,0.9508484601974487,0.5246860980987549,0.3879929184913635,-0.2845253646373749,0.9432104229927063,0.5581684708595276,0.3826015591621399,-0.2667860686779022,0.9517400860786438,0.5255744457244873,0.3949955701828003,-0.25060027837753296,0.9212273359298706,0.5576807856559753,0.39015626907348633,-0.23565204441547394,0.9368165135383606,0.5210365653038025,0.3951784074306488,0.0013182018883526325,0.9998411536216736,0.5629993677139282,0.39543256163597107,-0.0011305814841762185,0.9997805953025818,0.526728093624115,0.34218668937683105,-0.23725615441799164,0.9866567254066467,0.5585428476333618,0.3395939767360687,-0.21081198751926422,0.9782784581184387,0.5192617774009705,0.20104412734508514,-0.1714477241039276,0.9760449528694153,0.5627636313438416,0.20231899619102478,-0.15690742433071136,0.9681811332702637,0.5189812183380127,0.1928100436925888,-0.17020660638809204,0.87554532289505,0.5640699863433838,0.19118404388427734,-0.15682941675186157,0.8529842495918274,0.5215415358543396,0.15033556520938873,-0.2799936532974243,0.9737746715545654,0.5601128935813904,0.1541440635919571,-0.2692520022392273,0.9695457816123962
yena_sit_normal_06,114,38,3.801958762886598,29.984544049459043,10,0.5399416089057922,0.5460193753242493,-0.27610623836517334,0.9999699592590332,0.5348644852638245,0.5592645406723022,-0.27106037735939026,0.9998999238014221,0.5321783423423767,0.5601866841316223,-0.2710486054420471,0.999893844127655,0.5295888185501099,0.5613163113594055,-0.27110525965690613,0.9998825788497925,0.5446770191192627,0.5590691566467285,-0.27126210927963257,0.999882161617279,0.5481879711151123,0.5600454807281494,-0.27134135365486145,0.9998781085014343,0.5512037873268127,0.5613007545471191,-0.27137601375579834,0.9998745918273926,0.5246763229370117,0.56721431016922,-0.19648613035678864,0.999795138835907,0.5551803708076477,0.5673344135284424,-0.19806906580924988,0.9997637271881104,0.5354264378547668,0.5368024110794067,-0.24363383650779724,0.9999659657478333,0.5453335642814636,0.5364870429039001,-0.2443830966949463,0.9999654293060303,0.5037202835083008,0.518402636051178,-0.1136026382446289,0.9999796152114868,0.5787500143051147,0.5297139286994934,-0.11588465422391891,0.9999459385871887,0.48972561955451965,0.4331466853618622,-0.10457806289196014,0.9917850494384766,0.5985273718833923,0.44841986894607544,-0.10282574594020844,0.9913169741630554,0.515714704990387,0.39853882789611816,-0.2361367642879486,0.9753384590148926,0.5678852796554565,0.3944336771965027,-0.1829371601343155,0.977677047252655,0.5180708765983582,0.3777824342250824,-0.238463893532753,0.9407197833061218,0.5650743246078491,0.37497296929359436,-0.20535239577293396,0.9500434398651123,0.5242853164672852,0.3864487111568451,-0.2773602306842804,0.9409685134887695,0.5584102272987366,0.380945086479187,-0.21442008018493652,0.9510239362716675,0.5251744985580444,0.3936120569705963,-0.23825620114803314,0.9183058142662048,0.5582054257392883,0.387949138879776,-0.18692001700401306,0.9360097646713257,0.5209314823150635,0.39679065346717834,0.0013230376644060016,0.9998469948768616,0.5630999803543091,0.3980345129966736,-0.0011336141033098102,0.9997850656509399,0.526386559009552,0.3413820266723633,-0.2275269627571106,0.9875783324241638,0.5587511658668518,0.3388006389141083,-0.1966661512851715,0.9794273376464844,0.5188090205192566,0.2009824812412262,-0.1624773144721985,0.9774694442749023,0.5640011429786682,0.20239365100860596,-0.1442072093486786,0.9695726633071899,0.5186510682106018,0.19251003861427307,-0.1603635847568512,0.8825154304504395,0.5645401477813721,0.19125811755657196,-0.14323104918003082,0.8603554964065552,0.5210400223731995,0.15076784789562225,-0.26389065384864807,0.9750897288322449,0.563001275062561,0.154844731092453,-0.24695107340812683,0.9705761671066284
yena_sit_normal_06,117,39,3.9020103092783502,29.984544049459043,10,0.5400794148445129,0.5534997582435608,-0.22576795518398285,0.9999725818634033,0.535050094127655,0.5671558380126953,-0.22045062482357025,0.999908983707428,0.532532274723053,0.5672235488891602,-0.2204413264989853,0.9999034404754639,0.529857873916626,0.5672503709793091,-0.22049309313297272,0.9998931884765625,0.5446922183036804,0.5659959316253662,-0.2203088253736496,0.9998927712440491,0.5481997728347778,0.565936803817749,-0.22037774324417114,0.9998892545700073,0.551188051700592,0.5656901001930237,-0.2204015702009201,0.9998862743377686,0.5248628258705139,0.5731752514839172,-0.15223169326782227,0.9998144507408142,0.5548001527786255,0.5722528100013733,-0.15200091898441315,0.9997862577438354,0.535444438457489,0.541511058807373,-0.19630087912082672,0.9999692440032959,0.5453923344612122,0.5384135246276855,-0.1964990198612213,0.9999688267707825,0.5037349462509155,0.5250732898712158,-0.08219544589519501,0.9999813437461853,0.5777605175971985,0.5348802208900452,-0.08465104550123215,0.9999509453773499,0.49048754572868347,0.43801119923591614,-0.06737840920686722,0.9920520782470703,0.5959921479225159,0.44777819514274597,-0.07341413199901581,0.9917832016944885,0.5155712962150574,0.39613842964172363,-0.14007176458835602,0.9733288288116455,0.5684696435928345,0.393086701631546,-0.14307206869125366,0.9769535660743713,0.5176538228988647,0.37513813376426697,-0.16064265370368958,0.937725841999054,0.5655545592308044,0.3735898733139038,-0.16212162375450134,0.948876678943634,0.5239521265029907,0.3833916485309601,-0.17327989637851715,0.9382062554359436,0.5588806867599487,0.38005733489990234,-0.17254839837551117,0.9499821662902832,0.5249627828598022,0.38989612460136414,-0.1448686271905899,0.9156467318534851,0.558794379234314,0.3868085443973541,-0.14715968072414398,0.9350450038909912,0.5209714770317078,0.39540746808052063,0.001330886734649539,0.9998547434806824,0.5630868077278137,0.39719146490097046,-0.001141645247116685,0.9997916221618652,0.5260957479476929,0.3412676453590393,-0.22291122376918793,0.9883249402046204,0.5590702295303345,0.33843812346458435,-0.18679401278495789,0.9804335832595825,0.5184651017189026,0.20051397383213043,-0.1566440612077713,0.9784395694732666,0.5645046830177307,0.20243440568447113,-0.13508182764053345,0.9706456661224365,0.5182077884674072,0.190449520945549,-0.15356118977069855,0.8874093294143677,0.567338764667511,0.1914348006248474,-0.1332380175590515,0.865722119808197,0.5209801197052002,0.15135373175144196,-0.24829520285129547,0.9758037328720093,0.565568208694458,0.15529455244541168,-0.2286287099123001,0.9711821675300598
yena_sit_normal_06,120,40,4.002061855670103,29.984544049459043,10,0.5400633215904236,0.5780906677246094,-0.21606460213661194,0.9999752044677734,0.5350520014762878,0.5916370153427124,-0.2068481147289276,0.9999176263809204,0.5325508713722229,0.5921552181243896,-0.20684708654880524,0.9999126195907593,0.529863178730011,0.5923857092857361,-0.20688731968402863,0.9999033212661743,0.5446516275405884,0.5905855894088745,-0.2071097046136856,0.9999029040336609,0.5481074452400208,0.5906686186790466,-0.20718465745449066,0.9998998641967773,0.5510910749435425,0.5908125638961792,-0.20721472799777985,0.9998971819877625,0.5249611139297485,0.5898402333259583,-0.13075317442417145,0.9998323321342468,0.5545321106910706,0.5882585644721985,-0.1328285038471222,0.9998070597648621,0.5354240536689758,0.5647644996643066,-0.1852491945028305,0.9999722838401794,0.5454002022743225,0.5620352029800415,-0.18616363406181335,0.9999719262123108,0.5037729740142822,0.530453085899353,-0.06832895427942276,0.9999828338623047,0.577474057674408,0.5382213592529297,-0.07079099863767624,0.9999551773071289,0.4913928806781769,0.44116172194480896,-0.06832687556743622,0.992376983165741,0.5944055914878845,0.44982582330703735,-0.07457427680492401,0.9920001029968262,0.5154669284820557,0.39471369981765747,-0.15229977667331696,0.973253071308136,0.5690814852714539,0.3936045467853546,-0.15822504460811615,0.976003110408783,0.5173866152763367,0.37368908524513245,-0.1766367256641388,0.938601553440094,0.5663948655128479,0.37266385555267334,-0.17931526899337769,0.9478410482406616,0.5237306952476501,0.3818025588989258,-0.18868476152420044,0.9391664266586304,0.5591338872909546,0.3797400891780853,-0.1910436600446701,0.9491230249404907,0.5248742699623108,0.38829562067985535,-0.15774734318256378,0.9173295497894287,0.5589863061904907,0.38673898577690125,-0.16275449097156525,0.934325635433197,0.5209599137306213,0.3952917456626892,0.0007577239302918315,0.9998604655265808,0.563361406326294,0.3961740732192993,-0.0005617995630018413,0.9997958540916443,0.5260230898857117,0.34079962968826294,-0.24213048815727234,0.989109218120575,0.5596122145652771,0.3381136655807495,-0.20733104646205902,0.981448233127594,0.51778244972229,0.19973741471767426,-0.1552673727273941,0.9793590903282166,0.5641824007034302,0.2016087919473648,-0.1405288130044937,0.9719637036323547,0.5176084637641907,0.18909777700901031,-0.15103976428508759,0.892215371131897,0.5661232471466064,0.1905849277973175,-0.13792376220226288,0.872705340385437,0.521285355091095,0.15124580264091492,-0.2512212097644806,0.9766255021095276,0.5648256540298462,0.15456487238407135,-0.24079260230064392,0.9721418619155884
yena_sit_normal_06,123,41,4.102113402061856,29.984544049459043,10,0.5402257442474365,0.5996663570404053,-0.21160148084163666,0.9999775886535645,0.5352216958999634,0.6116436123847961,-0.19977565109729767,0.9999255537986755,0.5328704714775085,0.6114841103553772,-0.19978170096874237,0.9999210238456726,0.5301488041877747,0.6112843155860901,-0.19980914890766144,0.9999125599861145,0.5447016954421997,0.6115354299545288,-0.19962941110134125,0.9999122023582458,0.5481119751930237,0.6112744808197021,-0.19971531629562378,0.999909520149231,0.5510993599891663,0.6107781529426575,-0.1997506469488144,0.9999071359634399,0.5252728462219238,0.604374349117279,-0.1203535795211792,0.9998485445976257,0.5543349981307983,0.6042245626449585,-0.1208382397890091,0.9998259544372559,0.5354341268539429,0.5861028432846069,-0.1810116022825241,0.9999750256538391,0.5458400249481201,0.584665834903717,-0.18146950006484985,0.9999747276306152,0.503818154335022,0.5324029922485352,-0.06605307012796402,0.999984085559845,0.576934814453125,0.539844274520874,-0.06688807159662247,0.999958872795105,0.49175122380256653,0.4448322355747223,-0.07494454830884933,0.9926307797431946,0.5932475924491882,0.45272213220596313,-0.08400868624448776,0.9922691583633423,0.5153954029083252,0.3940727114677429,-0.15800683200359344,0.9728350043296814,0.5697181224822998,0.3940609395503998,-0.18407408893108368,0.9755651354789734,0.5173570513725281,0.37206101417541504,-0.18755795061588287,0.9391474723815918,0.5671123266220093,0.3729792833328247,-0.21144750714302063,0.9476982951164246,0.5236760973930359,0.37996524572372437,-0.19766515493392944,0.9397147297859192,0.5597351789474487,0.3796718716621399,-0.22007136046886444,0.948966920375824,0.5247544646263123,0.38651466369628906,-0.16239634156227112,0.9181669354438782,0.5594632029533386,0.3866671323776245,-0.18837898969650269,0.933901309967041,0.5207117199897766,0.39349037408828735,0.0007607481093145907,0.9998713731765747,0.5632385611534119,0.3952198922634125,-0.0005664234631694853,0.9998100399971008,0.5253773927688599,0.33720794320106506,-0.24867218732833862,0.9897730350494385,0.5596969723701477,0.3357759416103363,-0.22042252123355865,0.982265293598175,0.5168951749801636,0.19847093522548676,-0.13237810134887695,0.9802050590515137,0.5640394687652588,0.20170536637306213,-0.12176206707954407,0.9733611941337585,0.5170938372612,0.1871272176504135,-0.12621276080608368,0.8954223990440369,0.5644350051879883,0.19108571112155914,-0.1166345402598381,0.8774095177650452,0.5213219523429871,0.15114296972751617,-0.22918909788131714,0.9775550365447998,0.563754677772522,0.15406611561775208,-0.22358541190624237,0.9734117984771729
yena_sit_normal_06,126,42,4.202164948453608,29.984544049459043,10,0.5402240753173828,0.6106691956520081,-0.20866388082504272,0.9999797940254211,0.5351840257644653,0.6217955946922302,-0.19512780010700226,0.9999328255653381,0.53277987241745,0.62158203125,-0.1951315701007843,0.9999287128448486,0.5300628542900085,0.621193528175354,-0.19514819979667664,0.9999210834503174,0.5446304082870483,0.6224262118339539,-0.195137158036232,0.9999207258224487,0.5479879975318909,0.6223631501197815,-0.1952264904975891,0.9999184012413025,0.5509635210037231,0.6218799948692322,-0.19525910913944244,0.9999162554740906,0.5252522230148315,0.6137080788612366,-0.11159305274486542,0.9998633861541748,0.5539900660514832,0.6148632764816284,-0.11285162717103958,0.9998430609703064,0.5353634357452393,0.5957694053649902,-0.1772051900625229,0.9999775290489197,0.545975923538208,0.5953341722488403,-0.17787958681583405,0.9999772310256958,0.5038249492645264,0.5342074632644653,-0.05894606560468674,0.9999851584434509,0.5763024687767029,0.539955735206604,-0.059921745210886,0.9999620914459229,0.4922219216823578,0.44724780321121216,-0.07526019215583801,0.9928427934646606,0.592224657535553,0.45467209815979004,-0.08263132721185684,0.9923878312110901,0.5152968168258667,0.39436542987823486,-0.1716288924217224,0.9728458523750305,0.5701420307159424,0.39479219913482666,-0.19305363297462463,0.9748296737670898,0.5171158313751221,0.3721061050891876,-0.20300985872745514,0.940432608127594,0.5681577920913696,0.3731858730316162,-0.2217077612876892,0.9471523761749268,0.5234333276748657,0.37960049510002136,-0.21518990397453308,0.9410393834114075,0.5604748129844666,0.379773885011673,-0.2307443618774414,0.9484543204307556,0.52461177110672,0.38633081316947937,-0.17796288430690765,0.91993647813797,0.559873640537262,0.38700586557388306,-0.1976388543844223,0.9330334663391113,0.5202438235282898,0.391758531332016,0.000830368953756988,0.9998816847801208,0.5627701878547668,0.3937886357307434,-0.0006478189607150853,0.999824047088623,0.5253348350524902,0.33626002073287964,-0.25678208470344543,0.9904565811157227,0.5597258806228638,0.3350157141685486,-0.23328417539596558,0.9831981658935547,0.5167334079742432,0.19769684970378876,-0.139613538980484,0.9811686873435974,0.5645908713340759,0.2010798305273056,-0.13564461469650269,0.9749055504798889,0.5170907378196716,0.1860000193119049,-0.1333014965057373,0.8988251686096191,0.5643148422241211,0.1906711310148239,-0.13090652227401733,0.8823885321617126,0.5223844051361084,0.1511341631412506,-0.24197477102279663,0.978727400302887,0.5635155439376831,0.152595654129982,-0.24503850936889648,0.9749321937561035
yena_sit_normal_06,129,43,4.302216494845361,29.984544049459043,10,0.5402355790138245,0.6171213388442993,-0.18369866907596588,0.9999817609786987,0.5351702570915222,0.6277202367782593,-0.16917110979557037,0.9999393820762634,0.5326923727989197,0.6275082230567932,-0.16917508840560913,0.9999356865882874,0.5299518704414368,0.6270861625671387,-0.16918544471263885,0.9999288320541382,0.5446313619613647,0.6280046105384827,-0.16883735358715057,0.9999284744262695,0.5479280948638916,0.6279059648513794,-0.16892151534557343,0.9999264478683472,0.5508281588554382,0.6273399591445923,-0.16895225644111633,0.9999245405197144,0.525191068649292,0.6191833019256592,-0.08740433305501938,0.9998767971992493,0.5537131428718567,0.6198630332946777,-0.08703526109457016,0.999858558177948,0.5352451801300049,0.6016629934310913,-0.15358325839042664,0.9999797344207764,0.5460101366043091,0.6014530062675476,-0.15376730263233185,0.9999794960021973,0.5038554668426514,0.5378204584121704,-0.0404544435441494,0.9999862313270569,0.5752402544021606,0.5420511960983276,-0.04158281907439232,0.9999650716781616,0.49198541045188904,0.4482817053794861,-0.06330767273902893,0.9930418729782104,0.5918474793434143,0.4554908573627472,-0.06953471153974533,0.9925101399421692,0.5152496099472046,0.3947189748287201,-0.16930368542671204,0.9731662273406982,0.5702028870582581,0.3956078886985779,-0.19253143668174744,0.9744421243667603,0.5166887640953064,0.3723495900630951,-0.20160967111587524,0.9421290159225464,0.5687101483345032,0.37329208850860596,-0.2130722552537918,0.9471083283424377,0.5232561230659485,0.3799290060997009,-0.21409401297569275,0.9428120255470276,0.5606907606124878,0.37969550490379333,-0.22406281530857086,0.9484438300132751,0.5245828032493591,0.38676023483276367,-0.17592059075832367,0.9225138425827026,0.5599237680435181,0.38697710633277893,-0.19695742428302765,0.9331165552139282,0.5200331211090088,0.3913338780403137,0.001075420412234962,0.9998909831047058,0.5625282526016235,0.3933734893798828,-0.0009060254087671638,0.9998361468315125,0.5250784158706665,0.33617207407951355,-0.2599725127220154,0.9910716414451599,0.5598465204238892,0.3351967930793762,-0.23206727206707,0.9840843677520752,0.5156566500663757,0.1974799633026123,-0.15037649869918823,0.9819055795669556,0.5643517971038818,0.20116737484931946,-0.1406051218509674,0.9759172201156616,0.5165452361106873,0.18468372523784637,-0.14474354684352875,0.9015592336654663,0.564234733581543,0.19169005751609802,-0.1363556832075119,0.8858469724655151,0.5222281217575073,0.15109358727931976,-0.25347477197647095,0.9795980453491211,0.5633599162101746,0.15207619965076447,-0.24996505677700043,0.9759104251861572
yena_sit_normal_06,132,44,4.402268041237114,29.984544049459043,10,0.5401623249053955,0.6212446689605713,-0.1673811376094818,0.999983549118042,0.5350601077079773,0.6308538913726807,-0.15223167836666107,0.9999452829360962,0.5324762463569641,0.6306106448173523,-0.15224629640579224,0.9999420046806335,0.5297636985778809,0.6302310228347778,-0.1522529423236847,0.9999357461929321,0.5444545745849609,0.6309369802474976,-0.15200144052505493,0.9999353885650635,0.5476583242416382,0.6306149959564209,-0.15207920968532562,0.999933660030365,0.5504291653633118,0.6300205588340759,-0.15211305022239685,0.9999319314956665,0.5251389145851135,0.6233513951301575,-0.07213190197944641,0.9998888373374939,0.5533106923103333,0.6228898167610168,-0.07221705466508865,0.9998724460601807,0.53498375415802,0.6062210202217102,-0.13838155567646027,0.9999817609786987,0.5458654761314392,0.6058173179626465,-0.13865186274051666,0.9999815225601196,0.5038616061210632,0.5402992367744446,-0.03341608867049217,0.9999871850013733,0.5739070177078247,0.5436330437660217,-0.034035537391901016,0.9999676942825317,0.49188607931137085,0.4493752419948578,-0.062207724899053574,0.9932618737220764,0.5905628800392151,0.4578486382961273,-0.06904101371765137,0.9925833940505981,0.515215277671814,0.39546963572502136,-0.16955158114433289,0.9740962386131287,0.5702259540557861,0.3964672088623047,-0.18864434957504272,0.9747819900512695,0.516139030456543,0.3730076253414154,-0.2005588263273239,0.9448307752609253,0.5691290497779846,0.3740801215171814,-0.21530397236347198,0.9483701586723328,0.522933840751648,0.3807781934738159,-0.21300388872623444,0.945518434047699,0.5608646869659424,0.3805398643016815,-0.22418279945850372,0.9496490359306335,0.5245521664619446,0.38755160570144653,-0.17601832747459412,0.9261166453361511,0.5600045919418335,0.3879210650920868,-0.1931665986776352,0.9344516396522522,0.5198657512664795,0.39041784405708313,0.0015846131136640906,0.9998999238014221,0.5623434782028198,0.3923303782939911,-0.0014479969395324588,0.9998480081558228,0.5250014066696167,0.33611026406288147,-0.25036072731018066,0.9914888739585876,0.5598114132881165,0.3358492851257324,-0.2342071533203125,0.9843754172325134,0.5154964327812195,0.19779016077518463,-0.13649658858776093,0.9820563793182373,0.5631682872772217,0.20179729163646698,-0.1337800920009613,0.9760724306106567,0.5166579484939575,0.1849416196346283,-0.13082963228225708,0.9009380340576172,0.5630796551704407,0.19166681170463562,-0.12855379283428192,0.8848100900650024,0.5221947431564331,0.15100309252738953,-0.2367175668478012,0.9798843264579773,0.5609410405158997,0.152074933052063,-0.2406853288412094,0.9763652682304382
yena_sit_normal_06,135,45,4.5023195876288655,29.984544049459043,10,0.5398826003074646,0.6225922703742981,-0.16547511518001556,0.9999851584434509,0.5347906947135925,0.6315453052520752,-0.15043750405311584,0.999950647354126,0.532120943069458,0.6312386393547058,-0.15045017004013062,0.9999476671218872,0.5294532179832458,0.6308104991912842,-0.15045109391212463,0.9999420046806335,0.5440540313720703,0.6317813992500305,-0.1506749540567398,0.9999416470527649,0.5471616983413696,0.6314590573310852,-0.15074990689754486,0.9999401569366455,0.549787700176239,0.6309500932693481,-0.15078121423721313,0.9999386072158813,0.5249890685081482,0.6240650415420532,-0.07139037549495697,0.999899685382843,0.552828848361969,0.62393718957901,-0.07390794903039932,0.9998849630355835,0.5345094203948975,0.6076363921165466,-0.13697104156017303,0.999983549118042,0.5454791784286499,0.6075052618980408,-0.13791543245315552,0.9999833703041077,0.5039027333259583,0.5419148206710815,-0.035158753395080566,0.9999880194664001,0.5727790594100952,0.5442796945571899,-0.037094369530677795,0.9999700784683228,0.49293842911720276,0.44995248317718506,-0.06531203538179398,0.9934013485908508,0.5882588624954224,0.45801571011543274,-0.07325522601604462,0.9927349090576172,0.5145604610443115,0.39640191197395325,-0.17467115819454193,0.9752089381217957,0.5700927376747131,0.3970705568790436,-0.193072110414505,0.975742757320404,0.5151658058166504,0.373927503824234,-0.2056407630443573,0.9477810859680176,0.5693274736404419,0.3747197389602661,-0.2228628695011139,0.9506813883781433,0.5221890807151794,0.38173630833625793,-0.2179572880268097,0.9484416246414185,0.5609832406044006,0.3811156749725342,-0.23105968534946442,0.9518544673919678,0.5239575505256653,0.3885716497898102,-0.1814132183790207,0.929888129234314,0.5600057244300842,0.38851842284202576,-0.19771388173103333,0.9369989037513733,0.5190584063529968,0.39044666290283203,0.0017589072231203318,0.9999082684516907,0.5614201426506042,0.39176324009895325,-0.0016453141579404473,0.9998598098754883,0.5249466300010681,0.3361107409000397,-0.2516267001628876,0.9918724894523621,0.5598241686820984,0.3369464874267578,-0.24002769589424133,0.984719455242157,0.515560507774353,0.19820651412010193,-0.13277558982372284,0.9823293685913086,0.5625898838043213,0.20198459923267365,-0.12902840971946716,0.9766849875450134,0.5166985392570496,0.18508657813072205,-0.1274627149105072,0.900856614112854,0.5621522665023804,0.1912665069103241,-0.12285502254962921,0.8844807744026184,0.5221715569496155,0.15099430084228516,-0.23332755267620087,0.9803935289382935,0.5602686405181885,0.15164972841739655,-0.23320898413658142,0.9770991802215576
yena_sit_normal_06,138,46,4.602371134020618,29.984544049459043,10,0.5393339395523071,0.6231282353401184,-0.15632930397987366,0.9999865889549255,0.5343745350837708,0.6319335103034973,-0.14075608551502228,0.9999554753303528,0.5316510200500488,0.6316738128662109,-0.14077141880989075,0.9999527931213379,0.5290636420249939,0.6312741041183472,-0.14077025651931763,0.9999476671218872,0.5435339212417603,0.6319916844367981,-0.1410904824733734,0.9999473690986633,0.5466465353965759,0.6315773129463196,-0.14116527140140533,0.9999460577964783,0.5492294430732727,0.6310303807258606,-0.14119575917720795,0.9999446272850037,0.5248149037361145,0.6246899366378784,-0.061486609280109406,0.999909520149231,0.5525032877922058,0.623533308506012,-0.06416679918766022,0.999896228313446,0.5339117646217346,0.608250617980957,-0.12799714505672455,0.9999851584434509,0.544821560382843,0.6077268123626709,-0.12899167835712433,0.9999850392341614,0.503889262676239,0.5420826077461243,-0.028309933841228485,0.9999887943267822,0.571972668170929,0.5444658398628235,-0.02996932901442051,0.9999722242355347,0.4939182698726654,0.45037585496902466,-0.06418636441230774,0.9935266971588135,0.58693927526474,0.458421528339386,-0.07130491733551025,0.9928119778633118,0.5140027403831482,0.39713358879089355,-0.17710646986961365,0.9763025641441345,0.5700341463088989,0.39737340807914734,-0.19598548114299774,0.9766644835472107,0.5141691565513611,0.3745282292366028,-0.20768611133098602,0.9506498575210571,0.5694906711578369,0.37494510412216187,-0.22707368433475494,0.9529038667678833,0.5214313268661499,0.38237491250038147,-0.22014190256595612,0.9512863755226135,0.5611847639083862,0.38160833716392517,-0.23498372733592987,0.9539754390716553,0.5233009457588196,0.38926777243614197,-0.18392686545848846,0.9335598945617676,0.5600467920303345,0.38887715339660645,-0.20071479678153992,0.9394481182098389,0.5183112025260925,0.38918644189834595,0.0017565019661560655,0.9999156594276428,0.56084144115448,0.39054861664772034,-0.0016430815448984504,0.9998705387115479,0.5239809155464172,0.33652690052986145,-0.2507689893245697,0.9923171401023865,0.5599303841590881,0.33796364068984985,-0.24530568718910217,0.9852448105812073,0.51561039686203,0.19821256399154663,-0.1306702047586441,0.982818603515625,0.5622179508209229,0.20201349258422852,-0.1366397589445114,0.9775352478027344,0.5171007513999939,0.1852390468120575,-0.12459304183721542,0.9016016125679016,0.5602317452430725,0.19130977988243103,-0.1305023729801178,0.8863944411277771,0.5218935608863831,0.1508893072605133,-0.23020130395889282,0.9810816049575806,0.5595942735671997,0.15155179798603058,-0.2425314486026764,0.9780871272087097
yena_sit_normal_06,141,47,4.702422680412371,29.984544049459043,10,0.5388494729995728,0.622644305229187,-0.1435462087392807,0.9999879002571106,0.5339230895042419,0.6315267086029053,-0.12812539935112,0.9999598264694214,0.5311862826347351,0.6313081383705139,-0.1281382292509079,0.9999574422836304,0.5286968946456909,0.6309728622436523,-0.12813028693199158,0.9999527931213379,0.5430377721786499,0.6316250562667847,-0.12850746512413025,0.9999525547027588,0.5461772084236145,0.6312592029571533,-0.12857718765735626,0.9999513626098633,0.5487288236618042,0.630829393863678,-0.12859609723091125,0.999950110912323,0.5246540307998657,0.6244450807571411,-0.050143346190452576,0.9999184012413025,0.5521746873855591,0.6230931282043457,-0.05311935395002365,0.9999064207077026,0.5334852337837219,0.607779860496521,-0.11567836254835129,0.9999866485595703,0.5443685054779053,0.6072088479995728,-0.11674822121858597,0.9999865293502808,0.5038984417915344,0.5420970916748047,-0.019607629626989365,0.9999894499778748,0.5713707804679871,0.5446981191635132,-0.02074323780834675,0.999974250793457,0.49445244669914246,0.45091843605041504,-0.061062559485435486,0.9935311675071716,0.5858909487724304,0.4586060345172882,-0.0648515596985817,0.9927308559417725,0.5136744379997253,0.39740610122680664,-0.17693933844566345,0.9771630764007568,0.5698836445808411,0.39805319905281067,-0.19264118373394012,0.9771776795387268,0.5136402249336243,0.3748219907283783,-0.2069532424211502,0.953071117401123,0.5695289373397827,0.37612947821617126,-0.22247324883937836,0.9544221758842468,0.5210157632827759,0.3826231062412262,-0.21914924681186676,0.9537128210067749,0.5614537596702576,0.3829575479030609,-0.2307528853416443,0.9554556608200073,0.52292400598526,0.389424592256546,-0.18364907801151276,0.9367478489875793,0.5601322650909424,0.39004597067832947,-0.19734284281730652,0.9412720799446106,0.5173309445381165,0.3887219727039337,0.0017274357378482819,0.9999219179153442,0.5598291158676147,0.3899228870868683,-0.0016155780758708715,0.9998798370361328,0.5227832198143005,0.33731523156166077,-0.24526627361774445,0.9926868081092834,0.5598729252815247,0.3391615152359009,-0.2432575523853302,0.9856892228126526,0.5149151086807251,0.19811874628067017,-0.1388770192861557,0.9831191897392273,0.5616179704666138,0.20116733014583588,-0.14963285624980927,0.9780396819114685,0.5167121291160583,0.18499061465263367,-0.13371780514717102,0.9017999172210693,0.5599042773246765,0.18943148851394653,-0.1450013667345047,0.8873989582061768,0.5202862620353699,0.15088516473770142,-0.23879072070121765,0.9815337657928467,0.5591805577278137,0.15156196057796478,-0.2562754154205322,0.978752076625824
yena_sit_normal_06,144,48,4.802474226804123,29.984544049459043,10,0.5384188890457153,0.6220273971557617,-0.1281539499759674,0.9999890923500061,0.5335360169410706,0.6310296654701233,-0.11255250871181488,0.9999637603759766,0.530826985836029,0.6308457255363464,-0.11256849765777588,0.9999616146087646,0.5284242630004883,0.6305580139160156,-0.11256363987922668,0.9999574422836304,0.5425823926925659,0.6311774849891663,-0.11292149126529694,0.9999571442604065,0.5457541346549988,0.6308505535125732,-0.11298304051160812,0.9999561309814453,0.5483104586601257,0.6305159330368042,-0.11300137639045715,0.9999549984931946,0.5245528817176819,0.6239996552467346,-0.0359877310693264,0.9999263882637024,0.5518741011619568,0.6226867437362671,-0.038759637624025345,0.9999155402183533,0.5331411361694336,0.6072344779968262,-0.10095658898353577,0.9999879598617554,0.5439799427986145,0.6066997051239014,-0.1019466370344162,0.9999878406524658,0.5039505958557129,0.5421282052993774,-0.009949293918907642,0.9999899864196777,0.5709753036499023,0.5448750257492065,-0.01214679703116417,0.999975860118866,0.4942673146724701,0.45117413997650146,-0.056302689015865326,0.9932904839515686,0.585872232913971,0.45892974734306335,-0.06071089953184128,0.9925382733345032,0.5128157138824463,0.3981785774230957,-0.17320196330547333,0.9777733087539673,0.569875180721283,0.39987608790397644,-0.187199667096138,0.9775996804237366,0.5127913951873779,0.3757074773311615,-0.2037430703639984,0.9550833106040955,0.5696598291397095,0.3781125545501709,-0.2199089229106903,0.9556834697723389,0.520154595375061,0.3831064701080322,-0.21425972878932953,0.955725908279419,0.5618473291397095,0.38517165184020996,-0.22450147569179535,0.9566674828529358,0.5219469666481018,0.3898129463195801,-0.17964597046375275,0.939475417137146,0.5603982210159302,0.3920229971408844,-0.19146262109279633,0.942854642868042,0.5169328451156616,0.3868221938610077,0.0017283693887293339,0.9999275803565979,0.5594934821128845,0.38786739110946655,-0.0016183983534574509,0.9998879432678223,0.521194577217102,0.33736610412597656,-0.24148131906986237,0.9928629398345947,0.5596404671669006,0.3393774926662445,-0.24293246865272522,0.9857289791107178,0.5136474370956421,0.19838950037956238,-0.1356087177991867,0.9828070402145386,0.5603088140487671,0.2010844349861145,-0.14411495625972748,0.9779782295227051,0.5162678360939026,0.18521270155906677,-0.13081054389476776,0.8987175226211548,0.5569016337394714,0.18914690613746643,-0.13848334550857544,0.88558030128479,0.5189639925956726,0.15084873139858246,-0.23084627091884613,0.9813521504402161,0.5584875345230103,0.1516290307044983,-0.24596545100212097,0.9789937734603882
yena_sit_normal_06,147,49,4.902525773195876,29.984544049459043,10,0.5381457805633545,0.6216195821762085,-0.12658657133579254,0.9999901056289673,0.533282995223999,0.6306980848312378,-0.11046760529279709,0.9999672174453735,0.5305858254432678,0.6305357217788696,-0.11048271507024765,0.9999653100967407,0.5282402038574219,0.6302585005760193,-0.11047780513763428,0.9999615550041199,0.5422876477241516,0.6308704614639282,-0.11074623465538025,0.999961256980896,0.5454925298690796,0.6305753588676453,-0.11080135405063629,0.9999603629112244,0.5480433702468872,0.6303098201751709,-0.11081971228122711,0.9999593496322632,0.5245024561882019,0.6235955357551575,-0.033164311200380325,0.9999334216117859,0.5516330003738403,0.6224959492683411,-0.0353483110666275,0.9999236464500427,0.5329226851463318,0.6068527698516846,-0.09920341521501541,0.9999891519546509,0.5437385439872742,0.6063893437385559,-0.10002569854259491,0.9999890327453613,0.5039917826652527,0.542100727558136,-0.009061960503458977,0.9999904632568359,0.5708401799201965,0.544938325881958,-0.010036381892859936,0.9999771118164062,0.4941372275352478,0.4527899920940399,-0.05936235934495926,0.992881715297699,0.5857775807380676,0.45931947231292725,-0.06091691181063652,0.9920890927314758,0.5118911266326904,0.3995307683944702,-0.17880697548389435,0.9781549572944641,0.5699126720428467,0.401061475276947,-0.1871163547039032,0.9775112271308899,0.5120186805725098,0.37684208154678345,-0.20960067212581635,0.9566383957862854,0.5700299739837646,0.37992286682128906,-0.2181677222251892,0.9560132026672363,0.5192336440086365,0.3841141164302826,-0.21947646141052246,0.957297682762146,0.5624617338180542,0.3866319954395294,-0.2242056280374527,0.956980288028717,0.5208494067192078,0.391074538230896,-0.18498067557811737,0.9415022730827332,0.5608386397361755,0.3932359218597412,-0.19140522181987762,0.9432185292243958,0.5166767239570618,0.3861643671989441,0.0017446131678298116,0.9999328851699829,0.5593645572662354,0.38697755336761475,-0.0016405450878664851,0.999895453453064,0.5204240083694458,0.33698341250419617,-0.24118180572986603,0.9930349588394165,0.5596182942390442,0.33892208337783813,-0.24303863942623138,0.9857576489448547,0.5130004286766052,0.19840975105762482,-0.11376025527715683,0.9826759696006775,0.5602853298187256,0.2011585682630539,-0.13408467173576355,0.9779222011566162,0.5159445405006409,0.18530839681625366,-0.10586061328649521,0.8941077589988708,0.557047963142395,0.18942776322364807,-0.12400323897600174,0.8817244172096252,0.5186071395874023,0.15085549652576447,-0.2070801556110382,0.9811632633209229,0.55819171667099,0.15193110704421997,-0.23076891899108887,0.9791628122329712
yena_sit_normal_06,150,50,5.002577319587629,29.984544049459043,10,0.5378018617630005,0.6218665242195129,-0.13120822608470917,0.9999909996986389,0.5329912900924683,0.6307945251464844,-0.11541283875703812,0.9999702572822571,0.5303040742874146,0.6306219696998596,-0.11542346328496933,0.9999685287475586,0.5280094742774963,0.6303421258926392,-0.11541906744241714,0.9999651908874512,0.5419577360153198,0.6309416890144348,-0.11586792021989822,0.9999648332595825,0.545210063457489,0.6305996179580688,-0.11591719090938568,0.9999640583992004,0.5477797389030457,0.6302974820137024,-0.11592897772789001,0.9999631643295288,0.5243849754333496,0.6235545873641968,-0.03920736163854599,0.9999395608901978,0.5514389872550964,0.6223644614219666,-0.04209904745221138,0.9999306797981262,0.53263920545578,0.6071115136146545,-0.10405384004116058,0.9999901652336121,0.5434302091598511,0.6065808534622192,-0.10504888743162155,0.9999901056289673,0.5039963126182556,0.5420659780502319,-0.013646846637129784,0.9999908804893494,0.5707709789276123,0.545016884803772,-0.013913821429014206,0.9999777674674988,0.49421578645706177,0.45381826162338257,-0.056670211255550385,0.9922939538955688,0.5855956673622131,0.4604019224643707,-0.05675724521279335,0.991547167301178,0.5113306641578674,0.40110036730766296,-0.17182151973247528,0.9781544804573059,0.5701128244400024,0.40204548835754395,-0.1751614660024643,0.9770503044128418,0.5115829706192017,0.37805837392807007,-0.20201659202575684,0.9575016498565674,0.5704740285873413,0.38121554255485535,-0.2052016258239746,0.9557209610939026,0.5186108350753784,0.3854545056819916,-0.21159687638282776,0.9582351446151733,0.5631113052368164,0.387644499540329,-0.2125241756439209,0.9567551612854004,0.5200165510177612,0.3927420973777771,-0.17791728675365448,0.942781925201416,0.5613786578178406,0.3941148817539215,-0.1799761801958084,0.9430277943611145,0.5166348814964294,0.3861953914165497,0.001753907185047865,0.9999372363090515,0.5593357682228088,0.3868354260921478,-0.0016540560172870755,0.9999008774757385,0.5204178690910339,0.336023211479187,-0.23092317581176758,0.9932569265365601,0.5595399737358093,0.33840152621269226,-0.2368001490831375,0.9858817458152771,0.5130530595779419,0.19838839769363403,-0.096522256731987,0.9829767942428589,0.5601418018341064,0.20209653675556183,-0.10784241557121277,0.9780485033988953,0.5157171487808228,0.1854703575372696,-0.08744920045137405,0.8899435997009277,0.5572201609611511,0.19218143820762634,-0.09814410656690598,0.8779109120368958,0.5186999440193176,0.15099680423736572,-0.18749748170375824,0.9812987446784973,0.5579615831375122,0.15290912985801697,-0.20149902999401093,0.9793713092803955
yena_sit_normal_06,153,51,5.102628865979382,29.984544049459043,10,0.537391722202301,0.6219981908798218,-0.14330117404460907,0.999991774559021,0.5327067971229553,0.6307927966117859,-0.12754693627357483,0.999972939491272,0.5300318002700806,0.6306310296058655,-0.12755471467971802,0.9999713897705078,0.5277782678604126,0.6303562521934509,-0.1275462657213211,0.9999683499336243,0.5415419340133667,0.6308771371841431,-0.12801077961921692,0.9999679327011108,0.5448334217071533,0.6304884552955627,-0.1280602067708969,0.9999673366546631,0.5474512577056885,0.6301437616348267,-0.1280694156885147,0.999966561794281,0.5242470502853394,0.6235501170158386,-0.050275761634111404,0.9999449253082275,0.551228404045105,0.6221321821212769,-0.05323880910873413,0.9999368786811829,0.5323085188865662,0.6073527932167053,-0.11572875082492828,0.9999910593032837,0.5429613590240479,0.6066849827766418,-0.11673258244991302,0.9999910593032837,0.503987193107605,0.5419312119483948,-0.022941675037145615,0.9999911785125732,0.5706655979156494,0.5450776219367981,-0.022318528965115547,0.9999783635139465,0.49414703249931335,0.45464038848876953,-0.059290528297424316,0.9919201731681824,0.58548903465271,0.46113404631614685,-0.06254620105028152,0.9910547137260437,0.5108906030654907,0.4021886885166168,-0.18031653761863708,0.9783110618591309,0.5702270865440369,0.40264442563056946,-0.1822115033864975,0.9766125679016113,0.5113765597343445,0.37910690903663635,-0.21059690415859222,0.9584206938743591,0.5707166194915771,0.381950706243515,-0.21360915899276733,0.9554237127304077,0.5182384252548218,0.3866216242313385,-0.22080354392528534,0.9592043161392212,0.5634906888008118,0.3881981372833252,-0.22126387059688568,0.956500768661499,0.519491970539093,0.394092857837677,-0.18650701642036438,0.9440019130706787,0.5616948008537292,0.3945513665676117,-0.18753133714199066,0.94265216588974,0.5166019201278687,0.38648250699043274,0.0017812128644436598,0.9999411106109619,0.5592619776725769,0.3871217370033264,-0.0016908516408875585,0.9999060034751892,0.5203678607940674,0.3340919017791748,-0.22307486832141876,0.9935151934623718,0.5594934821128845,0.33706361055374146,-0.23153923451900482,0.9862233996391296,0.5131648182868958,0.19796377420425415,-0.08880261331796646,0.9835830330848694,0.5601150989532471,0.2020556628704071,-0.09765711426734924,0.9786889553070068,0.5156189799308777,0.18553200364112854,-0.0798398032784462,0.8879528045654297,0.5570198893547058,0.19208592176437378,-0.08854668587446213,0.8761190176010132,0.5187301635742188,0.1509929746389389,-0.18163450062274933,0.9818099141120911,0.5580357313156128,0.15317748486995697,-0.1930592805147171,0.9799485802650452
yena_sit_normal_06,156,52,5.202680412371134,29.984544049459043,10,0.5369440913200378,0.6222160458564758,-0.14399081468582153,0.9999924302101135,0.5323634147644043,0.6308547854423523,-0.1281522661447525,0.9999752640724182,0.5297116041183472,0.6306827068328857,-0.1281600296497345,0.9999738931655884,0.5274919271469116,0.6304088234901428,-0.12814952433109283,0.9999710917472839,0.5410431027412415,0.6309056878089905,-0.12869778275489807,0.9999706149101257,0.544348955154419,0.6304808855056763,-0.12874490022659302,0.9999701976776123,0.5470410585403442,0.6300790309906006,-0.12875433266162872,0.9999695420265198,0.5240678787231445,0.62367844581604,-0.050934355705976486,0.99994957447052,0.550963819026947,0.6220479011535645,-0.05414459854364395,0.9999422430992126,0.5319614410400391,0.6076312065124512,-0.11646971851587296,0.9999918937683105,0.5424478054046631,0.6068652868270874,-0.11754092574119568,0.9999918937683105,0.5039600729942322,0.5418143272399902,-0.024511832743883133,0.9999914765357971,0.5704795122146606,0.5451107025146484,-0.023923423141241074,0.99997878074646,0.49411407113075256,0.4550095498561859,-0.060994189232587814,0.9915437698364258,0.5852933526039124,0.461823433637619,-0.06498313695192337,0.990690290927887,0.5105696320533752,0.4026740789413452,-0.18281318247318268,0.9785650968551636,0.5702900290489197,0.40304887294769287,-0.1859961599111557,0.9765611290931702,0.5111735463142395,0.37959611415863037,-0.21297083795070648,0.9594526290893555,0.5708504319190979,0.38231340050697327,-0.21745000779628754,0.9557017087936401,0.5179259777069092,0.3871574103832245,-0.22361211478710175,0.9602713584899902,0.5636863112449646,0.38847067952156067,-0.22515667974948883,0.9567915201187134,0.5191167593002319,0.394707053899765,-0.18910005688667297,0.9453554749488831,0.5618740320205688,0.3947778344154358,-0.19128650426864624,0.9429571032524109,0.5166175365447998,0.3865637183189392,0.0017879040678963065,0.9999446272850037,0.5591942071914673,0.3872587978839874,-0.0017018073704093695,0.9999107718467712,0.5201948881149292,0.3331737518310547,-0.22039400041103363,0.993788480758667,0.5594652891159058,0.3365046977996826,-0.22807814180850983,0.9866540431976318,0.5132337212562561,0.19778688251972198,-0.08379305899143219,0.9842256307601929,0.5601314306259155,0.20219393074512482,-0.09301722794771194,0.9794120788574219,0.5156244039535522,0.18558081984519958,-0.07455127686262131,0.8863638043403625,0.5570384860038757,0.19222518801689148,-0.08374305814504623,0.8751843571662903,0.5188151597976685,0.15098810195922852,-0.17609824240207672,0.9823579788208008,0.5580853223800659,0.15349750220775604,-0.18780620396137238,0.9805951714515686
yena_sit_normal_06,159,53,5.3027319587628865,29.984544049459043,10,0.5365175604820251,0.6220651865005493,-0.14701613783836365,0.9999930262565613,0.5318974852561951,0.6307547092437744,-0.13134998083114624,0.9999774098396301,0.5292518734931946,0.6305491924285889,-0.13135717809200287,0.9999761581420898,0.5270550847053528,0.6302754878997803,-0.13134878873825073,0.9999735951423645,0.5405097603797913,0.6308547854423523,-0.13207843899726868,0.9999730587005615,0.5438550114631653,0.630465567111969,-0.13212527334690094,0.9999727606773376,0.5466170907020569,0.6300621032714844,-0.13213184475898743,0.9999722242355347,0.5236967206001282,0.6235235333442688,-0.05423155799508095,0.9999537467956543,0.5506905317306519,0.6221193671226501,-0.058359306305646896,0.9999471306800842,0.5316030979156494,0.607414186000824,-0.11942601948976517,0.9999926090240479,0.5420660376548767,0.6068295240402222,-0.12074614316225052,0.9999926090240479,0.503933846950531,0.5417704582214355,-0.025838259607553482,0.999991774559021,0.5702816843986511,0.5451337695121765,-0.026566745713353157,0.9999790787696838,0.4941386878490448,0.4550367295742035,-0.061220426112413406,0.991127610206604,0.5853198170661926,0.46215033531188965,-0.06546815484762192,0.9905509948730469,0.5103562474250793,0.4027189016342163,-0.17409586906433105,0.9786961078643799,0.5703103542327881,0.40323370695114136,-0.18265128135681152,0.9766314029693604,0.5110039114952087,0.3796398937702179,-0.20350335538387299,0.960195004940033,0.5708867907524109,0.38257601857185364,-0.21346735954284668,0.9560781717300415,0.5177043676376343,0.38724470138549805,-0.2146371454000473,0.9610661268234253,0.5637336373329163,0.388717919588089,-0.22093874216079712,0.9571872353553772,0.5188595652580261,0.39481320977211,-0.18050628900527954,0.9464052319526672,0.5619243383407593,0.3949502110481262,-0.1876654475927353,0.9434460997581482,0.516598641872406,0.3866901695728302,0.0019012467237189412,0.9999475479125977,0.5590888261795044,0.3874475657939911,-0.0018249043496325612,0.9999141097068787,0.5201200842857361,0.3329177498817444,-0.21981212496757507,0.9940112233161926,0.5592602491378784,0.33647873997688293,-0.22203627228736877,0.9869051575660706,0.5132479071617126,0.19777119159698486,-0.08306120336055756,0.9847681522369385,0.5600852370262146,0.202846497297287,-0.08925185352563858,0.9799036383628845,0.5155735015869141,0.1857849359512329,-0.07365383952856064,0.8850371837615967,0.55694180727005,0.19355903565883636,-0.07998976856470108,0.8735578656196594,0.5188273787498474,0.1510162502527237,-0.1733390986919403,0.9827994704246521,0.5581375360488892,0.15365983545780182,-0.18229492008686066,0.9810289144515991
yena_sit_normal_06,162,54,5.402783505154639,29.984544049459043,10,0.5363135933876038,0.6216555833816528,-0.15087036788463593,0.9999935626983643,0.5316108465194702,0.6305261254310608,-0.13551272451877594,0.9999792575836182,0.5289435386657715,0.6303141117095947,-0.13552066683769226,0.9999781250953674,0.526738166809082,0.6300509572029114,-0.13551369309425354,0.9999758005142212,0.5402525663375854,0.6306583881378174,-0.1360510140657425,0.9999751448631287,0.5435969233512878,0.630315899848938,-0.13609924912452698,0.9999749660491943,0.5463513731956482,0.6299548149108887,-0.13610702753067017,0.9999745488166809,0.52325838804245,0.623304545879364,-0.05822547897696495,0.9999573826789856,0.550457239151001,0.6221040487289429,-0.06155286729335785,0.9999513030052185,0.5313718914985657,0.6069210767745972,-0.1230795606970787,0.9999932646751404,0.5419237017631531,0.6064296364784241,-0.12419068068265915,0.9999932646751404,0.5038567185401917,0.5416102409362793,-0.02777593769133091,0.9999919533729553,0.5701161623001099,0.5451605916023254,-0.0285047460347414,0.9999793171882629,0.4941592216491699,0.4550849497318268,-0.061446987092494965,0.9907847046852112,0.5853269696235657,0.4624161124229431,-0.06595443189144135,0.9903118014335632,0.5102280974388123,0.4027208685874939,-0.17678862810134888,0.9787833094596863,0.5703136920928955,0.4033755958080292,-0.18621090054512024,0.9764658212661743,0.5109031796455383,0.37965548038482666,-0.20656269788742065,0.960848867893219,0.5709006786346436,0.382736474275589,-0.21697452664375305,0.9561023712158203,0.5175939202308655,0.38726806640625,-0.21795977652072906,0.9617714881896973,0.5637518763542175,0.38887929916381836,-0.22490648925304413,0.957242488861084,0.5187326669692993,0.39485862851142883,-0.1833295226097107,0.947291910648346,0.5619432926177979,0.395075261592865,-0.19135071337223053,0.9434369206428528,0.5166053175926208,0.38667741417884827,0.0022093728184700012,0.9999501705169678,0.5590986609458923,0.38752180337905884,-0.0021486522164195776,0.9999169111251831,0.5201540589332581,0.3325987160205841,-0.22117309272289276,0.9941675662994385,0.5590966939926147,0.33626046776771545,-0.21753963828086853,0.9870032668113708,0.5132735371589661,0.19749172031879425,-0.08628697693347931,0.9851769208908081,0.5599761605262756,0.20302623510360718,-0.08697095513343811,0.9801537990570068,0.5156132578849792,0.18578319251537323,-0.07709701359272003,0.8839672803878784,0.5567681789398193,0.1939982771873474,-0.07794724404811859,0.8717486262321472,0.518898069858551,0.1510082632303238,-0.17753566801548004,0.9831060171127319,0.5581754446029663,0.15366393327713013,-0.18057236075401306,0.9812504053115845
yena_sit_normal_06,165,55,5.502835051546391,29.984544049459043,10,0.5361234545707703,0.6213546395301819,-0.15291030704975128,0.9999940395355225,0.5313652753829956,0.6303474307060242,-0.13776911795139313,0.9999808669090271,0.5286911725997925,0.6301380395889282,-0.13777700066566467,0.9999798536300659,0.5264763236045837,0.6298811435699463,-0.1377713978290558,0.999977707862854,0.5400448441505432,0.6304947733879089,-0.1382410228252411,0.9999769926071167,0.5433952212333679,0.6301773190498352,-0.13829118013381958,0.9999769330024719,0.5461405515670776,0.6298472285270691,-0.1383005827665329,0.999976634979248,0.5229742527008057,0.6231830716133118,-0.06020527705550194,0.9999606013298035,0.5502500534057617,0.6220882534980774,-0.06311929225921631,0.9999549984931946,0.5311821699142456,0.6065782308578491,-0.12495340406894684,0.9999938607215881,0.5417768359184265,0.6061487793922424,-0.12602105736732483,0.9999938607215881,0.5038106441497803,0.5415182113647461,-0.028615819290280342,0.9999921321868896,0.5699750185012817,0.5451968908309937,-0.029361404478549957,0.9999793767929077,0.49417009949684143,0.4550850987434387,-0.0615432932972908,0.9904754757881165,0.5852537751197815,0.46268922090530396,-0.06624621152877808,0.9899943470954895,0.5101631283760071,0.40269824862480164,-0.17856056988239288,0.9788414835929871,0.5703279376029968,0.4036010503768921,-0.1889907717704773,0.9761750102043152,0.5108767747879028,0.3796544373035431,-0.20871488749980927,0.9613646268844604,0.5709207057952881,0.38298821449279785,-0.21989324688911438,0.9558923244476318,0.5175782442092896,0.387276828289032,-0.22050195932388306,0.9623323678970337,0.5638039112091064,0.3890655040740967,-0.22831319272518158,0.9570518136024475,0.5187231302261353,0.3948609530925751,-0.1852470338344574,0.9479231238365173,0.5619974732398987,0.39522460103034973,-0.19429074227809906,0.9430567026138306,0.5167010426521301,0.38658368587493896,0.0022185067646205425,0.9999523758888245,0.5591031908988953,0.3875448703765869,-0.0021604527719318867,0.9999195337295532,0.5201785564422607,0.33220741152763367,-0.22211571037769318,0.9942927360534668,0.5590977072715759,0.33607542514801025,-0.21672208607196808,0.9870935082435608,0.51353520154953,0.19733840227127075,-0.08406518399715424,0.9854956865310669,0.5599853992462158,0.20341920852661133,-0.08284204453229904,0.9803679585456848,0.5159024596214294,0.1858079731464386,-0.07456585764884949,0.8823624849319458,0.5568291544914246,0.19485265016555786,-0.07349442690610886,0.8704087138175964,0.519644558429718,0.1511365920305252,-0.17604796588420868,0.9833219051361084,0.5583275556564331,0.15366466343402863,-0.1766442507505417,0.9814354181289673
yena_sit_normal_06,168,56,5.602886597938144,29.984544049459043,10,0.5360156297683716,0.6212065815925598,-0.1484035849571228,0.9999945163726807,0.5312140583992004,0.6302431225776672,-0.13264045119285583,0.999982476234436,0.5285363793373108,0.6300240159034729,-0.13265103101730347,0.9999815821647644,0.5263084769248962,0.6297597885131836,-0.13264064490795135,0.9999796152114868,0.5399089455604553,0.6304205656051636,-0.13294485211372375,0.9999788999557495,0.5432536005973816,0.6301209926605225,-0.13299115002155304,0.9999788999557495,0.5459882616996765,0.6298070549964905,-0.13299627602100372,0.9999786615371704,0.5227879881858826,0.6230958104133606,-0.054529786109924316,0.9999638199806213,0.550056517124176,0.6221450567245483,-0.0568493977189064,0.9999586939811707,0.5310820937156677,0.6063650846481323,-0.12053964287042618,0.9999943971633911,0.5416786670684814,0.6060189008712769,-0.1213528960943222,0.9999943971633911,0.5037764310836792,0.5413088202476501,-0.02640220895409584,0.9999921917915344,0.5698836445808411,0.5452288389205933,-0.02596929669380188,0.9999797344207764,0.49418535828590393,0.45494937896728516,-0.06363362818956375,0.9900828003883362,0.5851455330848694,0.46289485692977905,-0.06631813943386078,0.9895989298820496,0.5100695490837097,0.4026656150817871,-0.18382969498634338,0.9786926507949829,0.5703243017196655,0.40368691086769104,-0.19307933747768402,0.9758272767066956,0.5108231902122498,0.3796637952327728,-0.21438120305538177,0.9615784287452698,0.5709125399589539,0.3831391930580139,-0.22440721094608307,0.9556014537811279,0.5175009965896606,0.38728809356689453,-0.22577863931655884,0.9625846743583679,0.5638219118118286,0.3891974091529846,-0.23270292580127716,0.9567699432373047,0.5186283588409424,0.39486387372016907,-0.1905033439397812,0.9482125639915466,0.5620267391204834,0.39531409740448,-0.1984202116727829,0.9426280856132507,0.5167371034622192,0.38601914048194885,0.0022266560699790716,0.9999547600746155,0.5591137409210205,0.38732045888900757,-0.0021691538859158754,0.9999229907989502,0.5202088952064514,0.3319302797317505,-0.223772332072258,0.9943952560424805,0.5590823292732239,0.3360738158226013,-0.224241703748703,0.9872459769248962,0.5137009024620056,0.19686925411224365,-0.08835797756910324,0.985750138759613,0.5601203441619873,0.20342478156089783,-0.08483555912971497,0.9807314872741699,0.5163301825523376,0.18531858921051025,-0.07969065010547638,0.8822966814041138,0.5568849444389343,0.19472423195838928,-0.07802893966436386,0.8705918192863464,0.5197089910507202,0.15125082433223724,-0.180426225066185,0.9835718870162964,0.5586284399032593,0.15365543961524963,-0.1793711632490158,0.9817749857902527
yena_sit_normal_06,171,57,5.702938144329897,29.984544049459043,10,0.5358685255050659,0.6212123036384583,-0.14592042565345764,0.9999949336051941,0.5310753583908081,0.630241870880127,-0.12997272610664368,0.9999838471412659,0.5283945798873901,0.6300066709518433,-0.12998320162296295,0.9999830722808838,0.5261659026145935,0.6297255158424377,-0.12997083365917206,0.9999812245368958,0.5397602319717407,0.6304422616958618,-0.1302892416715622,0.9999805092811584,0.5431066751480103,0.6301416754722595,-0.13033142685890198,0.9999805688858032,0.5458539724349976,0.62981778383255,-0.13033568859100342,0.9999803900718689,0.5226116180419922,0.6230612397193909,-0.051726195961236954,0.9999665021896362,0.5499112606048584,0.6221672296524048,-0.054137732833623886,0.9999618530273438,0.5309600234031677,0.6062488555908203,-0.11807873845100403,0.9999948740005493,0.5415359139442444,0.6059500575065613,-0.11888692528009415,0.9999948740005493,0.5037556290626526,0.5412148833274841,-0.024566583335399628,0.9999921917915344,0.5698480010032654,0.5452544689178467,-0.02391033060848713,0.9999798536300659,0.49417921900749207,0.4549056589603424,-0.06410859525203705,0.9896450042724609,0.5850623250007629,0.4630025625228882,-0.06688915193080902,0.9891828298568726,0.5099887251853943,0.40265846252441406,-0.18468591570854187,0.9785770773887634,0.5703234076499939,0.4037731885910034,-0.19353070855140686,0.975540280342102,0.5107603073120117,0.3796698749065399,-0.2153674215078354,0.9618121981620789,0.5709055662155151,0.3832368552684784,-0.22480256855487823,0.9554139971733093,0.5173814296722412,0.3872937858104706,-0.22672364115715027,0.9628534913063049,0.5638335347175598,0.3892709016799927,-0.2330949753522873,0.9565863609313965,0.5184856057167053,0.3948667347431183,-0.19136084616184235,0.9485067129135132,0.5620458722114563,0.39537936449050903,-0.1988465040922165,0.9423043727874756,0.5168132185935974,0.3858726918697357,0.0022384165786206722,0.9999569654464722,0.5591229200363159,0.3872041404247284,-0.0021827518939971924,0.9999261498451233,0.5202279090881348,0.3317526876926422,-0.22479470074176788,0.9944674968719482,0.5590830445289612,0.33599576354026794,-0.22417932748794556,0.9873554110527039,0.5138237476348877,0.19631317257881165,-0.09110763669013977,0.9859718680381775,0.560223400592804,0.20342540740966797,-0.09118680655956268,0.9810248017311096,0.5164912939071655,0.18429632484912872,-0.08247444033622742,0.8823177814483643,0.5569341778755188,0.1946699023246765,-0.08316786587238312,0.8709930777549744,0.519716203212738,0.15170177817344666,-0.1838642805814743,0.983769953250885,0.5590456128120422,0.15359540283679962,-0.18658630549907684,0.9820373058319092
yena_sit_normal_06,174,58,5.802989690721649,29.984544049459043,10,0.5358127355575562,0.6211767792701721,-0.14373430609703064,0.9999953508377075,0.531028687953949,0.6302606463432312,-0.12778997421264648,0.9999851584434509,0.528344452381134,0.6300343871116638,-0.12780065834522247,0.9999844431877136,0.5261032581329346,0.6297423839569092,-0.12778587639331818,0.9999827742576599,0.5397512912750244,0.6304336190223694,-0.1279464215040207,0.9999820590019226,0.5430939793586731,0.6301196813583374,-0.127987340092659,0.9999821782112122,0.5458341836929321,0.6297847032546997,-0.1279875934123993,0.9999820590019226,0.5225306749343872,0.6231392621994019,-0.04944107308983803,0.9999691247940063,0.5498736500740051,0.6221073269844055,-0.05126883462071419,0.9999648928642273,0.5308982133865356,0.606130838394165,-0.11583975702524185,0.9999952912330627,0.5414746999740601,0.6058196425437927,-0.11646480113267899,0.9999952912330627,0.503734290599823,0.5411610007286072,-0.02245495282113552,0.9999922513961792,0.5698328018188477,0.545274019241333,-0.02167019620537758,0.9999801516532898,0.4941207766532898,0.4548052251338959,-0.06424997001886368,0.9893803596496582,0.5850117206573486,0.46303948760032654,-0.06665410101413727,0.9887357950210571,0.5098892450332642,0.4026317298412323,-0.18478025496006012,0.9787002205848694,0.5703244805335999,0.4038078784942627,-0.19382111728191376,0.9752960801124573,0.5107152462005615,0.3796740174293518,-0.21568027138710022,0.9622904062271118,0.5709068179130554,0.3832686245441437,-0.2254398763179779,0.955287754535675,0.5172809958457947,0.387297660112381,-0.22700664401054382,0.9633435010910034,0.563856303691864,0.38927263021469116,-0.2338734269142151,0.9564450979232788,0.5183537602424622,0.3948553502559662,-0.19145981967449188,0.9491300582885742,0.5620697140693665,0.3953839838504791,-0.19924122095108032,0.9420486092567444,0.5169509053230286,0.3848133087158203,0.002269482472911477,0.9999593496322632,0.5591307878494263,0.38626644015312195,-0.002214672975242138,0.9999299645423889,0.5202381014823914,0.3313322961330414,-0.22741156816482544,0.9944876432418823,0.5591230392456055,0.3356051445007324,-0.22655777633190155,0.9874275922775269,0.5142032504081726,0.19573354721069336,-0.0945812240242958,0.9860950112342834,0.560398519039154,0.2030390202999115,-0.09278960525989532,0.9813440442085266,0.5172985792160034,0.18215429782867432,-0.0858747661113739,0.8836082220077515,0.5569592118263245,0.19366507232189178,-0.08385736495256424,0.8721436262130737,0.5197197794914246,0.1520776003599167,-0.18734313547611237,0.9839527606964111,0.5595080256462097,0.15340925753116608,-0.1868540495634079,0.9823309183120728
yena_sit_normal_06,177,59,5.903041237113402,29.984544049459043,10,0.5358317494392395,0.621123194694519,-0.14226318895816803,0.9999957084655762,0.5310460329055786,0.6302528381347656,-0.12630537152290344,0.9999863505363464,0.528360903263092,0.6300321817398071,-0.12631969153881073,0.9999856948852539,0.526116132736206,0.6297294497489929,-0.1263132095336914,0.9999842047691345,0.5397663712501526,0.6304304599761963,-0.12641459703445435,0.9999834299087524,0.5431174039840698,0.6301155090332031,-0.1264592558145523,0.9999836087226868,0.5458602905273438,0.6297767758369446,-0.12646545469760895,0.999983549118042,0.5225386023521423,0.6232321262359619,-0.04767550155520439,0.9999715089797974,0.5498793721199036,0.6220958232879639,-0.049278292804956436,0.999967634677887,0.5309116840362549,0.606034517288208,-0.11424898356199265,0.9999957084655762,0.5414924025535583,0.6057230830192566,-0.11483608931303024,0.9999957084655762,0.5037303566932678,0.5411474704742432,-0.020258789882063866,0.999992311000824,0.5698411464691162,0.5452864766120911,-0.019624100998044014,0.9999800324440002,0.4939771592617035,0.45473405718803406,-0.06068813428282738,0.9890780448913574,0.585012674331665,0.46307727694511414,-0.06494830548763275,0.9883382320404053,0.5098484754562378,0.40256425738334656,-0.1778659075498581,0.9787567853927612,0.5703294277191162,0.40385007858276367,-0.19339363276958466,0.9751296043395996,0.5107269883155823,0.3796527087688446,-0.20835290849208832,0.9626627564430237,0.5709064602851868,0.3832848072052002,-0.225223571062088,0.9553045630455017,0.5172747373580933,0.38728418946266174,-0.219620019197464,0.9637302756309509,0.5638759136199951,0.3892732262611389,-0.2332908660173416,0.9564433097839355,0.5183305740356445,0.39480945467948914,-0.1843636929988861,0.9496142268180847,0.5620903372764587,0.39539119601249695,-0.19867651164531708,0.9419349431991577,0.5170348882675171,0.38403818011283875,0.002264550654217601,0.9999614953994751,0.5591353178024292,0.3854820132255554,-0.0022104799281805754,0.9999327063560486,0.5202886462211609,0.33131420612335205,-0.23557759821414948,0.9944494962692261,0.5591651201248169,0.33558592200279236,-0.22940538823604584,0.9872860908508301,0.5144649744033813,0.19566549360752106,-0.09624819457530975,0.985939621925354,0.5604463815689087,0.20326316356658936,-0.09479298442602158,0.9813030958175659,0.5174992084503174,0.18220189213752747,-0.08658009022474289,0.8831446170806885,0.5569705963134766,0.19413109123706818,-0.08622855693101883,0.8715612888336182,0.5197248458862305,0.1528889387845993,-0.1878429800271988,0.9838902354240417,0.5594097375869751,0.15345923602581024,-0.19004222750663757,0.9823532700538635
yena_sit_normal_06,180,60,6.003092783505155,29.984544049459043,10,0.5359116196632385,0.6210466027259827,-0.14438143372535706,0.9999960660934448,0.5311449766159058,0.6302437782287598,-0.12866564095020294,0.9999874830245972,0.5284727215766907,0.6300293803215027,-0.1286788433790207,0.9999868273735046,0.526175320148468,0.6297247409820557,-0.12867377698421478,0.9999854564666748,0.5398984551429749,0.6304123401641846,-0.12890014052391052,0.9999846816062927,0.5432080626487732,0.6300965547561646,-0.12894786894321442,0.9999849200248718,0.5459126830101013,0.6297528147697449,-0.12895610928535461,0.9999849200248718,0.5226937532424927,0.6233721971511841,-0.050199273973703384,0.999973714351654,0.5498908162117004,0.6221081614494324,-0.05239807069301605,0.9999701976776123,0.5310018658638,0.6059648990631104,-0.11631345748901367,0.9999960660934448,0.5415442585945129,0.6056656241416931,-0.11707903444766998,0.9999960660934448,0.5037323236465454,0.541184663772583,-0.021497849375009537,0.9999924302101135,0.5698627829551697,0.5453022718429565,-0.021385006606578827,0.999980092048645,0.4939732253551483,0.45474138855934143,-0.058752939105033875,0.988888144493103,0.585128128528595,0.4630395174026489,-0.06429876387119293,0.988257110118866,0.5098516345024109,0.4025470018386841,-0.17181284725666046,0.9787917137145996,0.5703413486480713,0.40383633971214294,-0.1881529986858368,0.9751561880111694,0.5107622742652893,0.3796597421169281,-0.2013096660375595,0.9630212783813477,0.5709066987037659,0.38327163457870483,-0.21845822036266327,0.9555758833885193,0.5172873735427856,0.3872847557067871,-0.21279814839363098,0.9640827775001526,0.5638980269432068,0.38923072814941406,-0.226250559091568,0.9566787481307983,0.5183461308479309,0.39477401971817017,-0.1782301813364029,0.950070321559906,0.562112033367157,0.3953498899936676,-0.19302226603031158,0.9421611428260803,0.5170440673828125,0.38367530703544617,0.002284176182001829,0.9999634027481079,0.559116780757904,0.3850530982017517,-0.0022316600661724806,0.9999351501464844,0.520207941532135,0.3312295973300934,-0.2376544028520584,0.994433581829071,0.5591359734535217,0.3356108069419861,-0.2307674139738083,0.9871917963027954,0.5144968628883362,0.19547036290168762,-0.09841971099376678,0.985830545425415,0.5604475736618042,0.20329581201076508,-0.0971464216709137,0.9813535213470459,0.5176622271537781,0.1820792406797409,-0.08847028762102127,0.8831993341445923,0.5569601058959961,0.19418837130069733,-0.08764302730560303,0.8715221881866455,0.5195579528808594,0.15318536758422852,-0.18867243826389313,0.983879029750824,0.559362530708313,0.15345923602581024,-0.19074176251888275,0.982437789440155
yena_sit_normal_06,183,61,6.103144329896907,29.984544049459043,10,0.5365915894508362,0.6209953427314758,-0.1551317274570465,0.9999963641166687,0.5317144989967346,0.6302345991134644,-0.13968321681022644,0.9999884963035583,0.5291318297386169,0.6300272941589355,-0.1396903097629547,0.9999879002571106,0.5266653895378113,0.6297217011451721,-0.13968290388584137,0.9999865889549255,0.5405988693237305,0.6304015517234802,-0.13979770243167877,0.9999858736991882,0.5437362194061279,0.630091667175293,-0.13985571265220642,0.9999861717224121,0.546421468257904,0.6297369599342346,-0.13986836373806,0.9999861717224121,0.5232027173042297,0.6234303712844849,-0.060793302953243256,0.9999756813049316,0.5500228404998779,0.6222710609436035,-0.06259685009717941,0.9999725818634033,0.531491756439209,0.6059238910675049,-0.12684138119220734,0.9999964237213135,0.5420202016830444,0.6056476831436157,-0.1274985522031784,0.9999964237213135,0.5037537217140198,0.5411984920501709,-0.03011391870677471,0.9999925494194031,0.5701046586036682,0.5452539324760437,-0.02832338958978653,0.9999804496765137,0.4939686357975006,0.4547422528266907,-0.06298026442527771,0.9889909625053406,0.5854185223579407,0.46277597546577454,-0.06831546872854233,0.9882420897483826,0.5098562836647034,0.40241268277168274,-0.1729874163866043,0.9790059328079224,0.5703414678573608,0.4036419093608856,-0.19186653196811676,0.9752026796340942,0.5108148455619812,0.379620224237442,-0.20182980597019196,0.9635208249092102,0.5709049105644226,0.3830600678920746,-0.22210639715194702,0.9557719826698303,0.517297089099884,0.38715946674346924,-0.21363623440265656,0.9645708203315735,0.5639110207557678,0.389043927192688,-0.23014885187149048,0.95684814453125,0.5183583498001099,0.39456868171691895,-0.17923912405967712,0.9506312608718872,0.5621264576911926,0.39523983001708984,-0.19677595794200897,0.9422478079795837,0.5170474648475647,0.3832347095012665,0.002284455578774214,0.9999647736549377,0.559059739112854,0.38447311520576477,-0.002232589293271303,0.999937117099762,0.5202199816703796,0.3306977152824402,-0.23936185240745544,0.9944854974746704,0.5591739416122437,0.3353675603866577,-0.23347671329975128,0.9872322678565979,0.5144623517990112,0.1950325071811676,-0.09859514236450195,0.9859011769294739,0.5604476928710938,0.20304636657238007,-0.0981389656662941,0.9816901087760925,0.5176446437835693,0.1820417195558548,-0.08853836357593536,0.8835030794143677,0.5568516850471497,0.19372399151325226,-0.08811238408088684,0.873333215713501,0.5193546414375305,0.15317538380622864,-0.1894482672214508,0.9840019941329956,0.5594483613967896,0.1534760296344757,-0.19208964705467224,0.9827394485473633
yena_sit_normal_06,186,62,6.203195876288659,29.984544049459043,10,0.5376434922218323,0.620804488658905,-0.16643045842647552,0.9999966621398926,0.5326331853866577,0.6301999688148499,-0.15103909373283386,0.9999894499778748,0.5301865339279175,0.6299942135810852,-0.1510419249534607,0.999988853931427,0.527718186378479,0.6296911239624023,-0.15103377401828766,0.9999876618385315,0.5415922999382019,0.6303724050521851,-0.1509457230567932,0.999987006187439,0.5445359945297241,0.6300585865974426,-0.15100973844528198,0.9999873042106628,0.5472306609153748,0.6297136545181274,-0.15102553367614746,0.9999873638153076,0.5240719318389893,0.6234250664710999,-0.07054377347230911,0.9999775886535645,0.5503052473068237,0.6222587823867798,-0.07124707847833633,0.99997478723526,0.5323746204376221,0.6057650446891785,-0.13734467327594757,0.9999967217445374,0.5428382158279419,0.6053420305252075,-0.13770483434200287,0.9999967217445374,0.5037662982940674,0.5413479804992676,-0.036866262555122375,0.999992847442627,0.5705024600028992,0.5452027916908264,-0.03340461477637291,0.9999810457229614,0.49336424469947815,0.4549650251865387,-0.06892076879739761,0.9892958402633667,0.5857824683189392,0.4621710777282715,-0.07222931832075119,0.9883096814155579,0.5098460912704468,0.402363657951355,-0.1818343847990036,0.9794015884399414,0.5703431367874146,0.4030801057815552,-0.19873613119125366,0.9753695726394653,0.5108568072319031,0.37957948446273804,-0.21179811656475067,0.9641912579536438,0.570902943611145,0.38232502341270447,-0.22957588732242584,0.9560987949371338,0.5173007845878601,0.38705670833587646,-0.22365455329418182,0.9652270674705505,0.5639130473136902,0.38853421807289124,-0.23813632130622864,0.9571345448493958,0.5183660387992859,0.39436882734298706,-0.1881321519613266,0.9513463377952576,0.5621408820152283,0.39496493339538574,-0.20381851494312286,0.9423693418502808,0.5170470476150513,0.3833158314228058,0.002113065682351589,0.9999660849571228,0.5590245723724365,0.3844558298587799,-0.0020697773434221745,0.9999391436576843,0.5203791856765747,0.330622136592865,-0.24449971318244934,0.9945738315582275,0.559195876121521,0.3353712856769562,-0.23782609403133392,0.9873630404472351,0.5144115686416626,0.19504314661026,-0.098575659096241,0.9860376119613647,0.5605300068855286,0.20301848649978638,-0.0983024537563324,0.9820255637168884,0.5175143480300903,0.18242605030536652,-0.0884036272764206,0.8833932280540466,0.5568603873252869,0.1937040239572525,-0.08874967694282532,0.8747768998146057,0.5192967653274536,0.15319782495498657,-0.19081054627895355,0.9841693043708801,0.5595795512199402,0.1535962074995041,-0.19422411918640137,0.9830309152603149
yena_sit_normal_06,189,63,6.303247422680412,29.984544049459043,10,0.539027214050293,0.620633602142334,-0.16905471682548523,0.9999969005584717,0.533797562122345,0.6301814913749695,-0.15392301976680756,0.9999902248382568,0.5312492847442627,0.6299854516983032,-0.15392819046974182,0.9999896883964539,0.5289855599403381,0.6296942234039307,-0.15392202138900757,0.9999886155128479,0.5428205728530884,0.6303413510322571,-0.15348081290721893,0.9999879598617554,0.5456953644752502,0.6300305128097534,-0.15354731678962708,0.999988317489624,0.5482736229896545,0.6297011971473694,-0.1535676121711731,0.9999883770942688,0.5248213410377502,0.6234278082847595,-0.0742056742310524,0.9999792575836182,0.5508652329444885,0.6222473382949829,-0.07326880097389221,0.9999766945838928,0.5333103537559509,0.6055759787559509,-0.14023296535015106,0.9999970197677612,0.5441493988037109,0.6049616932868958,-0.14012451469898224,0.9999970197677612,0.5037649869918823,0.5415371060371399,-0.040533505380153656,0.9999930262565613,0.5709075927734375,0.5451978445053101,-0.035551365464925766,0.9999814033508301,0.4923669397830963,0.45499396324157715,-0.07274783402681351,0.9896788001060486,0.5866057276725769,0.461516797542572,-0.07491936534643173,0.9883592128753662,0.5098488330841064,0.4021712839603424,-0.18494853377342224,0.9798832535743713,0.5703531503677368,0.4020337462425232,-0.2018093317747116,0.9753590822219849,0.510949969291687,0.37951651215553284,-0.2149205505847931,0.9649806618690491,0.5708895921707153,0.38108956813812256,-0.2325853556394577,0.9560715556144714,0.5173709988594055,0.3869711458683014,-0.226419597864151,0.9659783840179443,0.563899040222168,0.3875284790992737,-0.24088643491268158,0.9570356011390686,0.5184385180473328,0.39421260356903076,-0.1910584568977356,0.9521734118461609,0.5621415972709656,0.394207626581192,-0.20674817264080048,0.9419853687286377,0.5170511603355408,0.3830331265926361,0.0019838442094624043,0.9999672770500183,0.5590258836746216,0.38415050506591797,-0.0019484852673485875,0.9999409317970276,0.520531177520752,0.33034446835517883,-0.24687840044498444,0.9946157336235046,0.5591984391212463,0.33502694964408875,-0.2406863421201706,0.9873589873313904,0.5143999457359314,0.19501984119415283,-0.09861250221729279,0.9860609173774719,0.5605943202972412,0.20201817154884338,-0.09978631883859634,0.9822787046432495,0.5172707438468933,0.18254855275154114,-0.08843350410461426,0.8831289410591125,0.5568742752075195,0.19271865487098694,-0.08970778435468674,0.8761203289031982,0.5193661451339722,0.15319189429283142,-0.1920217126607895,0.9842495918273926,0.5597600340843201,0.15359655022621155,-0.19807776808738708,0.9832494258880615
yena_sit_normal_06,192,64,6.403298969072165,29.984544049459043,10,0.5400352478027344,0.6185339689254761,-0.17964275181293488,0.999997079372406,0.5347805023193359,0.6295347213745117,-0.16450664401054382,0.9999908804893494,0.5320047736167908,0.6293867230415344,-0.16450883448123932,0.9999904036521912,0.5299617648124695,0.6291247606277466,-0.16450659930706024,0.99998939037323,0.5439767241477966,0.6295495629310608,-0.1636340469121933,0.9999887347221375,0.546962320804596,0.6292953491210938,-0.16370153427124023,0.9999890923500061,0.5491800904273987,0.6288315653800964,-0.16372288763523102,0.9999892115592957,0.5254634022712708,0.622762143611908,-0.08232417702674866,0.999980628490448,0.551483690738678,0.6212421655654907,-0.07927196472883224,0.999978244304657,0.5341634154319763,0.6033545136451721,-0.14954635500907898,0.9999972581863403,0.5452920794487,0.6026260852813721,-0.14883136749267578,0.9999972581863403,0.5037140250205994,0.5415614247322083,-0.04570853337645531,0.9999933242797852,0.5713433623313904,0.5450935363769531,-0.03886768966913223,0.9999815225601196,0.491486519575119,0.4548724889755249,-0.07787145674228668,0.9899454116821289,0.5876244902610779,0.4606310725212097,-0.07888178527355194,0.9882534742355347,0.5098583102226257,0.4015391170978546,-0.19269612431526184,0.9802814722061157,0.5703544020652771,0.39957788586616516,-0.20782560110092163,0.9749917387962341,0.5111581683158875,0.37904852628707886,-0.22400298714637756,0.9655532836914062,0.5708850622177124,0.377982497215271,-0.23920364677906036,0.9553489089012146,0.5176073908805847,0.3863850235939026,-0.23507733643054962,0.9665583372116089,0.5638758540153503,0.3845416009426117,-0.24755427241325378,0.9562488794326782,0.5186809301376343,0.3934086263179779,-0.19870899617671967,0.9527329206466675,0.5621352791786194,0.39151182770729065,-0.21280640363693237,0.9406257271766663,0.5169534683227539,0.3824390470981598,0.0015396428061649203,0.9999687075614929,0.5590524077415466,0.3836718797683716,-0.001510118367150426,0.9999427795410156,0.520529568195343,0.32995089888572693,-0.2564235031604767,0.9946419596672058,0.5592634677886963,0.3347686231136322,-0.24822048842906952,0.9872372150421143,0.5140932202339172,0.1951655000448227,-0.09153582900762558,0.9859464168548584,0.5605968236923218,0.20242607593536377,-0.08907723426818848,0.9820447564125061,0.5166232585906982,0.18336017429828644,-0.0790645182132721,0.8812581300735474,0.5568827986717224,0.19354674220085144,-0.07647396624088287,0.8747772574424744,0.5194037556648254,0.15307006239891052,-0.18543195724487305,0.9841405749320984,0.5595570802688599,0.15372821688652039,-0.18516317009925842,0.9830540418624878
yena_sit_normal_06,195,65,6.503350515463917,29.984544049459043,10,0.5405731201171875,0.6144120693206787,-0.18458399176597595,0.9999973177909851,0.5353501439094543,0.6259726881980896,-0.17017187178134918,0.9999915957450867,0.5324943661689758,0.6259527802467346,-0.17017613351345062,0.9999911785125732,0.5306399464607239,0.6259359121322632,-0.1701817512512207,0.9999902248382568,0.5446701049804688,0.6258718371391296,-0.16964572668075562,0.9999895691871643,0.5477141737937927,0.6256576180458069,-0.16971860826015472,0.999989926815033,0.5497395396232605,0.6254169344902039,-0.16973832249641418,0.9999900460243225,0.5261505246162415,0.6203281283378601,-0.0884152352809906,0.9999821782112122,0.5521321892738342,0.6186474561691284,-0.08677751570940018,0.9999799728393555,0.5347055196762085,0.5998018980026245,-0.15437380969524384,0.9999974966049194,0.5459320545196533,0.5992963314056396,-0.1541074812412262,0.9999974966049194,0.5037019848823547,0.5412279367446899,-0.04853331297636032,0.999993622303009,0.5719534754753113,0.5445684790611267,-0.04347889870405197,0.9999819397926331,0.4912337064743042,0.45368534326553345,-0.07710622996091843,0.9902856349945068,0.5886136889457703,0.45899757742881775,-0.08191552758216858,0.9884026050567627,0.5100014209747314,0.39999544620513916,-0.19045162200927734,0.9804868102073669,0.5704131722450256,0.39743471145629883,-0.21161076426506042,0.9746147990226746,0.5114244818687439,0.37765535712242126,-0.22103272378444672,0.9659284353256226,0.5709219574928284,0.3748888671398163,-0.24261122941970825,0.9547191858291626,0.5179306268692017,0.3850944936275482,-0.23286204040050507,0.9669070839881897,0.5637794733047485,0.3815075159072876,-0.25057452917099,0.9554983973503113,0.519047200679779,0.3918743133544922,-0.19674381613731384,0.9529396891593933,0.5620572566986084,0.38845497369766235,-0.21636348962783813,0.939262866973877,0.516948938369751,0.3823765814304352,0.0013589482987299562,0.9999698996543884,0.5591442584991455,0.38372284173965454,-0.0013292243238538504,0.9999444484710693,0.520653247833252,0.3296608328819275,-0.2557082772254944,0.9947440028190613,0.5592851042747498,0.3347708284854889,-0.2445978820323944,0.9873467683792114,0.5137975811958313,0.19522830843925476,-0.09176256507635117,0.9861388206481934,0.5607309341430664,0.20243071019649506,-0.0912444069981575,0.9823851585388184,0.5151208639144897,0.18400533497333527,-0.08088564872741699,0.8815997838973999,0.5571672320365906,0.19364100694656372,-0.08012431114912033,0.8765354752540588,0.5195949077606201,0.15328602492809296,-0.1873139888048172,0.9842884540557861,0.5599916577339172,0.1537008285522461,-0.18875333666801453,0.9833148121833801
yena_sit_normal_06,198,66,6.60340206185567,29.984544049459043,10,0.5409964919090271,0.6071540117263794,-0.1939355880022049,0.9999974966049194,0.5360634922981262,0.6197441816329956,-0.18072666227817535,0.9999921917915344,0.5330673456192017,0.6199187636375427,-0.18073450028896332,0.999991774559021,0.5311623811721802,0.6199144124984741,-0.1807526797056198,0.9999908804893494,0.5453777313232422,0.6191462874412537,-0.1800292581319809,0.9999902248382568,0.5484155416488647,0.6187809705734253,-0.18010705709457397,0.9999906420707703,0.5503420233726501,0.6183676719665527,-0.18013237416744232,0.9999907612800598,0.5267505645751953,0.6148737072944641,-0.09913782775402069,0.9999834895133972,0.5527217984199524,0.6128199100494385,-0.0965123176574707,0.9999814629554749,0.5350698828697205,0.5940215587615967,-0.16317079961299896,0.9999977350234985,0.5464609861373901,0.5933054089546204,-0.16263623535633087,0.9999977350234985,0.5036497712135315,0.5403924584388733,-0.05310234799981117,0.9999939799308777,0.572669267654419,0.5438677668571472,-0.04887551814317703,0.9999826550483704,0.49103692173957825,0.4517280161380768,-0.0766172781586647,0.990659236907959,0.5895048975944519,0.45784792304039,-0.08282303065061569,0.9887638688087463,0.5101687908172607,0.39848580956459045,-0.1891251504421234,0.9805461764335632,0.5704629421234131,0.394087016582489,-0.21109193563461304,0.9744667410850525,0.5115833282470703,0.37645742297172546,-0.21957620978355408,0.9660990238189697,0.5710004568099976,0.37048038840293884,-0.24161595106124878,0.9545248746871948,0.5181892514228821,0.3837359845638275,-0.23204566538333893,0.9670657515525818,0.5636264681816101,0.37671276926994324,-0.2504519522190094,0.9552117586135864,0.519370436668396,0.3902094066143036,-0.19561351835727692,0.9528881907463074,0.5618458986282349,0.3836539089679718,-0.2160770446062088,0.9385504126548767,0.516929566860199,0.38241466879844666,0.0014012007741257548,0.9999711513519287,0.5592620968818665,0.3837638795375824,-0.001367467106319964,0.9999457001686096,0.5206573009490967,0.32964643836021423,-0.2598804831504822,0.9948602914810181,0.5592775940895081,0.33472153544425964,-0.24310913681983948,0.9875051975250244,0.5131673216819763,0.19523413479328156,-0.09702963382005692,0.9863556623458862,0.5607361197471619,0.20274803042411804,-0.09265407174825668,0.9826358556747437,0.5141605138778687,0.18413148820400238,-0.08515909314155579,0.8834035992622375,0.5572554469108582,0.19414007663726807,-0.08207797259092331,0.8787165284156799,0.5195485353469849,0.15346285700798035,-0.19150690734386444,0.9843621253967285,0.560170590877533,0.15397486090660095,-0.1902296543121338,0.9834537506103516
yena_sit_normal_06,201,67,6.703453608247423,29.984544049459043,10,0.541857123374939,0.5971941351890564,-0.22130121290683746,0.999997615814209,0.5370981097221375,0.6106905341148376,-0.2097315937280655,0.9999924898147583,0.5339867472648621,0.6114112734794617,-0.20972970128059387,0.9999920725822449,0.5318372845649719,0.6118409037590027,-0.20974783599376678,0.9999911785125732,0.5464494228363037,0.6101391315460205,-0.208799347281456,0.9999904632568359,0.5493015050888062,0.6101499199867249,-0.20887252688407898,0.9999909996986389,0.5510898232460022,0.6101925373077393,-0.2088918536901474,0.9999911189079285,0.5275372266769409,0.6090928316116333,-0.12801362574100494,0.9999842047691345,0.553518533706665,0.607017993927002,-0.12435019016265869,0.9999822378158569,0.5356661677360535,0.5854944586753845,-0.18945947289466858,0.9999979138374329,0.5471819043159485,0.5841113924980164,-0.18860213458538055,0.9999979138374329,0.5036618709564209,0.5396029353141785,-0.07131984829902649,0.9999943375587463,0.573699951171875,0.5428720712661743,-0.06852290779352188,0.9999834299087524,0.49023735523223877,0.45113325119018555,-0.08096633851528168,0.9910888671875,0.5898053646087646,0.45636171102523804,-0.08628572523593903,0.9891969561576843,0.510440468788147,0.39589959383010864,-0.18863891065120697,0.9809975624084473,0.5704108476638794,0.3898094594478607,-0.20309922099113464,0.9747252464294434,0.5118072032928467,0.37426725029945374,-0.2188069373369217,0.9665647745132446,0.5709648728370667,0.3652300536632538,-0.23103268444538116,0.9547587633132935,0.518475353717804,0.3807763159275055,-0.2308913916349411,0.9675596356391907,0.5631017088890076,0.3704608976840973,-0.24312610924243927,0.9554836750030518,0.5198219418525696,0.38677898049354553,-0.19500111043453217,0.9535146951675415,0.5612170696258545,0.37747177481651306,-0.20858849585056305,0.9388695359230042,0.5169548392295837,0.3826175034046173,0.0014395843027159572,0.9999715685844421,0.5595533847808838,0.38393446803092957,-0.0013980286894366145,0.999944806098938,0.520560622215271,0.3301243185997009,-0.25613439083099365,0.994842529296875,0.558997392654419,0.33464351296424866,-0.2276787906885147,0.9876717925071716,0.5131776928901672,0.19523899257183075,-0.0974566638469696,0.9864620566368103,0.5607715845108032,0.20400403439998627,-0.08640794456005096,0.9827385544776917,0.5148876309394836,0.1840963363647461,-0.08528817445039749,0.8864933252334595,0.557644248008728,0.19658878445625305,-0.07600977271795273,0.8812254667282104,0.5195484757423401,0.15345808863639832,-0.19023928046226501,0.9842833280563354,0.5603865385055542,0.1539776772260666,-0.1789807230234146,0.9834006428718567
yena_sit_normal_06,204,68,6.803505154639175,29.984544049459043,10,0.5424667000770569,0.5874184966087341,-0.2402445673942566,0.9999974966049194,0.5377060770988464,0.6006684303283691,-0.22987696528434753,0.9999919533729553,0.5345495343208313,0.601806640625,-0.22987276315689087,0.9999915957450867,0.5322455763816833,0.6028763055801392,-0.22989414632320404,0.9999905228614807,0.5472410321235657,0.5999157428741455,-0.22902341187000275,0.9999895691871643,0.5499631762504578,0.6000273823738098,-0.22910121083259583,0.9999904036521912,0.5519497990608215,0.6002360582351685,-0.22912828624248505,0.9999906420707703,0.5281398892402649,0.6031158566474915,-0.15011052787303925,0.9999834895133972,0.5544722676277161,0.5998026132583618,-0.1466260552406311,0.9999816417694092,0.5361873507499695,0.5764408707618713,-0.20858050882816315,0.9999979734420776,0.5476034283638,0.5740746259689331,-0.2077581137418747,0.9999979734420776,0.503705620765686,0.5381077527999878,-0.08857382833957672,0.9999945759773254,0.5747114419937134,0.5415610671043396,-0.08868005871772766,0.9999841451644897,0.4902373254299164,0.4490359127521515,-0.09115386754274368,0.9914668798446655,0.5906527638435364,0.45405104756355286,-0.09662218391895294,0.9897783398628235,0.5109966993331909,0.3923952281475067,-0.1887180060148239,0.9811154007911682,0.5700318217277527,0.3857972323894501,-0.19613035023212433,0.9753891825675964,0.5122344493865967,0.3709005117416382,-0.21871569752693176,0.966255784034729,0.5705186724662781,0.36124226450920105,-0.22272032499313354,0.9554595351219177,0.5190370082855225,0.37720972299575806,-0.23156140744686127,0.9672892093658447,0.5619557499885559,0.3662275969982147,-0.23514777421951294,0.9561977386474609,0.5205748677253723,0.3828001916408539,-0.19519884884357452,0.9531431794166565,0.5602638721466064,0.37380534410476685,-0.2014724612236023,0.9397270679473877,0.5173500180244446,0.3826330900192261,0.0014315119478851557,0.9999700784683228,0.5605026483535767,0.3839663565158844,-0.0013831495307385921,0.9999406933784485,0.5210062265396118,0.33066901564598083,-0.25568658113479614,0.9947888255119324,0.5594201683998108,0.3336867690086365,-0.21391156315803528,0.9877081513404846,0.5143181085586548,0.19524626433849335,-0.10514803230762482,0.9865137934684753,0.5608314871788025,0.20388950407505035,-0.08695706725120544,0.9825841784477234,0.5173258781433105,0.18405991792678833,-0.09487096965312958,0.8900101780891418,0.5577598214149475,0.19613765180110931,-0.07761719822883606,0.8831544518470764,0.5202392935752869,0.1531919538974762,-0.19602690637111664,0.98410964012146,0.5606973171234131,0.15390600264072418,-0.17978347837924957,0.9830406308174133
yena_sit_normal_06,207,69,6.903556701030928,29.984544049459043,10,0.5425840616226196,0.5769456028938293,-0.2865196168422699,0.9999956488609314,0.5379539728164673,0.5906593799591064,-0.2772091031074524,0.9999852776527405,0.5347996950149536,0.5919742584228516,-0.27720144391059875,0.9999854564666748,0.5324423313140869,0.5933555364608765,-0.2772378921508789,0.9999833106994629,0.547561526298523,0.5892158150672913,-0.2764732539653778,0.9999792575836182,0.5503374338150024,0.5894408226013184,-0.2765539884567261,0.9999819397926331,0.5524404644966125,0.5899441242218018,-0.276581346988678,0.9999827146530151,0.5284298658370972,0.5956625938415527,-0.19439761340618134,0.9999732971191406,0.5549619793891907,0.5919759273529053,-0.19121401011943817,0.9999682307243347,0.5362948775291443,0.566987931728363,-0.25274768471717834,0.9999971985816956,0.547531247138977,0.5643747448921204,-0.2520046830177307,0.9999971389770508,0.5037606954574585,0.5350845456123352,-0.12336371839046478,0.999994695186615,0.5753330588340759,0.5389401316642761,-0.11977099627256393,0.9999839663505554,0.49027472734451294,0.4456516206264496,-0.11764855682849884,0.9917670488357544,0.5907533764839172,0.45178282260894775,-0.11191564053297043,0.9901490211486816,0.5122615098953247,0.38892343640327454,-0.20369067788124084,0.9807211756706238,0.5694491267204285,0.3802725672721863,-0.19179581105709076,0.9746298789978027,0.5134214162826538,0.366904616355896,-0.23383764922618866,0.9646645784378052,0.5695468783378601,0.35501742362976074,-0.21660152077674866,0.9532612562179565,0.5202308297157288,0.3728278875350952,-0.24705097079277039,0.965789794921875,0.5603490471839905,0.3596764802932739,-0.23068179190158844,0.9541059136390686,0.5218861103057861,0.3788973093032837,-0.2099808007478714,0.9509358406066895,0.5590172410011292,0.3683664798736572,-0.19747066497802734,0.9370059370994568,0.5176383256912231,0.3830079138278961,0.00032529799500480294,0.9999656081199646,0.5608140230178833,0.384044349193573,-0.00022076918685343117,0.9999275207519531,0.5218625664710999,0.332226425409317,-0.2534036338329315,0.9946324229240417,0.5599372982978821,0.33349594473838806,-0.20336692035198212,0.9872937202453613,0.5153294801712036,0.19539296627044678,-0.11173441261053085,0.9866495728492737,0.5609549283981323,0.2040034532546997,-0.07715902477502823,0.9819595813751221,0.5180940628051758,0.1842019110918045,-0.10229893028736115,0.8928653597831726,0.5578840970993042,0.1960727721452713,-0.06842168420553207,0.8830087780952454,0.5217730402946472,0.15319667756557465,-0.20624619722366333,0.9839918613433838,0.561049222946167,0.1537492424249649,-0.17017927765846252,0.9821638464927673
yena_sit_normal_06,210,70,7.00360824742268,29.984544049459043,10,0.5424228310585022,0.564984917640686,-0.3006184697151184,0.9999932646751404,0.5377734899520874,0.5789691209793091,-0.29344213008880615,0.9999765157699585,0.5346680283546448,0.5802621841430664,-0.2934218645095825,0.9999772906303406,0.5323755741119385,0.5815795063972473,-0.293461412191391,0.999973475933075,0.5473300814628601,0.5771679282188416,-0.2932380437850952,0.9999674558639526,0.5501793026924133,0.5775167346000671,-0.29332226514816284,0.9999726414680481,0.5523127317428589,0.5781010389328003,-0.29334938526153564,0.9999744296073914,0.5283005237579346,0.5856884121894836,-0.2137032300233841,0.9999598264694214,0.5550428032875061,0.582793116569519,-0.21294204890727997,0.9999570846557617,0.5362123847007751,0.555735170841217,-0.2669731378555298,0.9999960064888,0.5474169254302979,0.5541725754737854,-0.26695749163627625,0.9999961256980896,0.5038282871246338,0.530669629573822,-0.13514485955238342,0.9999946355819702,0.5754210352897644,0.5361475944519043,-0.1357528120279312,0.9999845623970032,0.4905932545661926,0.4408945143222809,-0.11800464987754822,0.9920338988304138,0.5909821391105652,0.44757789373397827,-0.11990068852901459,0.9907320141792297,0.5135859847068787,0.3859598636627197,-0.19940227270126343,0.9797108769416809,0.5678386092185974,0.37773120403289795,-0.18629609048366547,0.974990725517273,0.5146239399909973,0.3610342741012573,-0.22728046774864197,0.9617846012115479,0.5666497349739075,0.3515653610229492,-0.20834308862686157,0.9528204798698425,0.5215152502059937,0.3664092719554901,-0.2416098415851593,0.9629985094070435,0.5576658844947815,0.35594481229782104,-0.2226089984178543,0.9537073373794556,0.5231565237045288,0.3734298348426819,-0.20633403956890106,0.9469637274742126,0.5567036867141724,0.36528417468070984,-0.19156299531459808,0.9365134239196777,0.5184819102287292,0.38579532504081726,-0.001420660992152989,0.9999585151672363,0.5614707469940186,0.38609617948532104,0.001547692227177322,0.9999147653579712,0.5233501195907593,0.3343704640865326,-0.2368333637714386,0.9944757223129272,0.5616548657417297,0.33389732241630554,-0.18949297070503235,0.9867322444915771,0.5168436169624329,0.1969219297170639,-0.1300024539232254,0.9868484735488892,0.5620666146278381,0.20405696332454681,-0.08269151300191879,0.980975866317749,0.5185486674308777,0.18535467982292175,-0.12423910200595856,0.895728588104248,0.5593809485435486,0.19604210555553436,-0.07999660074710846,0.8827179670333862,0.52333003282547,0.1537749469280243,-0.22834919393062592,0.9839750528335571,0.5624788999557495,0.15379129350185394,-0.17670680582523346,0.9809950590133667
yena_sit_normal_06,213,71,7.103659793814432,29.984544049459043,10,0.5423229932785034,0.5521813631057739,-0.3351133167743683,0.9999891519546509,0.5376442074775696,0.5654126405715942,-0.32932713627815247,0.9999640583992004,0.5345622301101685,0.5669918060302734,-0.3293004333972931,0.9999651908874512,0.5322895646095276,0.5685604810714722,-0.3293517529964447,0.9999601244926453,0.5471643209457397,0.5642684698104858,-0.32929450273513794,0.9999521970748901,0.5500497817993164,0.5650901198387146,-0.32937896251678467,0.9999600648880005,0.5522081255912781,0.5660229325294495,-0.32939109206199646,0.9999635219573975,0.5282045006752014,0.575050413608551,-0.24630104005336761,0.9999409914016724,0.5549924969673157,0.5712482333183289,-0.24627941846847534,0.9999434351921082,0.5361508727073669,0.5437620878219604,-0.29889923334121704,0.9999939799308777,0.5473571419715881,0.5425022840499878,-0.29905346035957336,0.9999945163726807,0.5038235187530518,0.525077223777771,-0.15649797022342682,0.9999945759773254,0.5760276913642883,0.5312796831130981,-0.1562482863664627,0.9999850988388062,0.49061089754104614,0.435630738735199,-0.13407093286514282,0.9920868277549744,0.5922711491584778,0.44227340817451477,-0.13300684094429016,0.9912446737289429,0.5147923231124878,0.3812776207923889,-0.204349085688591,0.9773781895637512,0.5657732486724854,0.3762945234775543,-0.18873630464076996,0.9740840196609497,0.5158568024635315,0.3562522828578949,-0.23040220141410828,0.955751895904541,0.5629141926765442,0.34913596510887146,-0.21079383790493011,0.9491668343544006,0.5227888226509094,0.36179518699645996,-0.2440221905708313,0.9573454260826111,0.5552372336387634,0.3530212342739105,-0.22358113527297974,0.9502894878387451,0.5243355631828308,0.36938366293907166,-0.21052715182304382,0.9394605755805969,0.5547314286231995,0.3628544211387634,-0.1935945302248001,0.932191014289856,0.5187865495681763,0.38679835200309753,-0.0012438726844266057,0.9999483227729797,0.5614452362060547,0.3876556158065796,0.0013713769149035215,0.9998953342437744,0.5237269401550293,0.33423852920532227,-0.23747843503952026,0.9942112565040588,0.5624434947967529,0.3336445391178131,-0.2006257325410843,0.986491858959198,0.5175721049308777,0.19691306352615356,-0.13833002746105194,0.9869925379753113,0.5626400113105774,0.20041316747665405,-0.10562452673912048,0.9802892208099365,0.5193055272102356,0.18535709381103516,-0.13277214765548706,0.899070680141449,0.5601248145103455,0.1923263669013977,-0.10114946216344833,0.8825042843818665,0.5236405730247498,0.15384235978126526,-0.24024523794651031,0.9840526580810547,0.562389075756073,0.15346284210681915,-0.20592014491558075,0.980086624622345
yena_sit_normal_06,216,72,7.203711340206185,29.984544049459043,10,0.5422731041908264,0.5395215153694153,-0.3592897355556488,0.9999786019325256,0.5375518798828125,0.5530920028686523,-0.35649728775024414,0.999934196472168,0.5344861745834351,0.5541160106658936,-0.35646188259124756,0.9999358057975769,0.5322239995002747,0.5554325580596924,-0.3565111756324768,0.999927818775177,0.5470954179763794,0.5526997447013855,-0.35614049434661865,0.9999173879623413,0.5500330328941345,0.5534490346908569,-0.3562345802783966,0.9999298453330994,0.552267849445343,0.5544036626815796,-0.3562565743923187,0.999938428401947,0.5281422734260559,0.5633615255355835,-0.2791905403137207,0.9998980760574341,0.5549713373184204,0.561345636844635,-0.27751705050468445,0.999913215637207,0.5362163186073303,0.5313984155654907,-0.3240712285041809,0.9999891519546509,0.5472720861434937,0.5302814245223999,-0.32373014092445374,0.9999909400939941,0.5038007497787476,0.5191977620124817,-0.18560941517353058,0.9999939799308777,0.5764741897583008,0.5274474620819092,-0.18280835449695587,0.9999856948852539,0.49112361669540405,0.43215063214302063,-0.16589497029781342,0.9920759797096252,0.5937944650650024,0.4381181597709656,-0.1587482988834381,0.9917868375778198,0.5172730088233948,0.3780142068862915,-0.23558558523654938,0.9747658967971802,0.5647190809249878,0.37558943033218384,-0.20901185274124146,0.9742501378059387,0.5186007022857666,0.35321155190467834,-0.26153379678726196,0.9494944214820862,0.560986340045929,0.347671240568161,-0.22875761985778809,0.9476475715637207,0.525600790977478,0.358506977558136,-0.2741025686264038,0.9514176249504089,0.553789496421814,0.3517190217971802,-0.24059893190860748,0.948920726776123,0.5268112421035767,0.3664710521697998,-0.24127942323684692,0.9316685199737549,0.5533991456031799,0.36176955699920654,-0.2126956433057785,0.9304925203323364,0.5200918912887573,0.39010539650917053,-0.0013268240727484226,0.9999291896820068,0.5621631741523743,0.39074578881263733,0.0014792255824431777,0.9998713135719299,0.5241941213607788,0.33832159638404846,-0.22817066311836243,0.9931758642196655,0.5633911490440369,0.3355843126773834,-0.20102445781230927,0.9846808910369873,0.5206252932548523,0.2008846253156662,-0.1356387734413147,0.9858516454696655,0.5625559091567993,0.20059025287628174,-0.11134111136198044,0.9768880009651184,0.5218765139579773,0.19117581844329834,-0.13060036301612854,0.8972744941711426,0.5600537061691284,0.1918884664773941,-0.1065388098359108,0.8766440153121948,0.5261233448982239,0.15434999763965607,-0.2364048957824707,0.982708752155304,0.5613337755203247,0.15347355604171753,-0.21079407632350922,0.9769887328147888
yena_sit_normal_06,219,73,7.303762886597938,29.984544049459043,10,0.5406113862991333,0.5320518612861633,-0.3381829559803009,0.9999663829803467,0.5357953906059265,0.5458768010139465,-0.3360512852668762,0.9999017119407654,0.533164381980896,0.5470985174179077,-0.3360152542591095,0.9999046921730042,0.5307232737541199,0.548356831073761,-0.3360535502433777,0.999891459941864,0.5453415513038635,0.5452470183372498,-0.33674362301826477,0.9998797178268433,0.5487949848175049,0.5461556911468506,-0.33683454990386963,0.9998980760574341,0.5515519976615906,0.5472400784492493,-0.3368544578552246,0.9999103546142578,0.5268945693969727,0.5557976365089417,-0.2622300386428833,0.9998551607131958,0.5549242496490479,0.5538708567619324,-0.2653979957103729,0.9998841881752014,0.5353735089302063,0.5238820910453796,-0.30406278371810913,0.9999843239784241,0.5458613038063049,0.5223805904388428,-0.3051353096961975,0.9999873042106628,0.5037952661514282,0.5157625079154968,-0.17197272181510925,0.9999935626983643,0.5769062042236328,0.5241756439208984,-0.17366115748882294,0.9999861121177673,0.4920378029346466,0.4297853112220764,-0.15009896457195282,0.9920505881309509,0.5938795208930969,0.4327660799026489,-0.1480962336063385,0.9922672510147095,0.519966185092926,0.37799373269081116,-0.21893596649169922,0.9733487367630005,0.5632326006889343,0.3752281367778778,-0.20155897736549377,0.974500298500061,0.522135317325592,0.35215339064598083,-0.2445894032716751,0.9454604387283325,0.5595518946647644,0.3468426764011383,-0.21719376742839813,0.9465017914772034,0.5287598371505737,0.3577289879322052,-0.25703197717666626,0.9475672245025635,0.5522400736808777,0.35114040970802307,-0.22769881784915924,0.9479826092720032,0.5293336510658264,0.3659963309764862,-0.22423985600471497,0.926715612411499,0.552047073841095,0.3614211082458496,-0.20344431698322296,0.9294192790985107,0.5210270881652832,0.3916791081428528,-0.0013086771359667182,0.9999101758003235,0.5634344816207886,0.3923646807670593,0.0014413227327167988,0.9998460412025452,0.5250895023345947,0.3410550355911255,-0.20887142419815063,0.9925442337989807,0.5632720589637756,0.33587539196014404,-0.18567250669002533,0.9831858277320862,0.5210074782371521,0.20260700583457947,-0.13027741014957428,0.9850054383277893,0.5625652074813843,0.20071756839752197,-0.1095196083188057,0.9741106033325195,0.5223340392112732,0.1935490071773529,-0.12575913965702057,0.8955984711647034,0.5609225630760193,0.19203884899616241,-0.10547032952308655,0.8715799450874329,0.5256615281105042,0.15528753399848938,-0.22842539846897125,0.9817246198654175,0.5605100393295288,0.15416112542152405,-0.20769920945167542,0.9746587872505188
yena_sit_normal_06,222,74,7.403814432989691,29.984544049459043,10,0.5399532914161682,0.5289113521575928,-0.3457631468772888,0.9999436140060425,0.5350047945976257,0.5426385998725891,-0.34449848532676697,0.9998395442962646,0.5324363112449646,0.5438164472579956,-0.34446826577186584,0.9998442530632019,0.5299096703529358,0.5452470183372498,-0.3445144593715668,0.9998211860656738,0.5445244312286377,0.5423920750617981,-0.3449338376522064,0.9998064637184143,0.5480505228042603,0.5434088706970215,-0.34502702951431274,0.9998359680175781,0.5510335564613342,0.5447176098823547,-0.3450559377670288,0.9998553395271301,0.5260103940963745,0.5531895160675049,-0.2726054787635803,0.9997706413269043,0.5547136068344116,0.5518038868904114,-0.27467110753059387,0.9998222589492798,0.5350902080535889,0.5203983187675476,-0.3121328353881836,0.9999756813049316,0.5450437664985657,0.5193681120872498,-0.3128824532032013,0.9999803900718689,0.5037918090820312,0.514693558216095,-0.1855953186750412,0.9999929070472717,0.5772696733474731,0.5235125422477722,-0.18525336682796478,0.9999862909317017,0.4928204119205475,0.42872682213783264,-0.1734606921672821,0.9918674826622009,0.5936034321784973,0.43007683753967285,-0.16617481410503387,0.9925841093063354,0.5211732387542725,0.3776732087135315,-0.24459078907966614,0.9709246158599854,0.5615580081939697,0.37401390075683594,-0.2157876342535019,0.9742704629898071,0.523557722568512,0.3511727750301361,-0.27007120847702026,0.9396701455116272,0.5586901903152466,0.3454095125198364,-0.2347743809223175,0.9448655843734741,0.5300668478012085,0.35655203461647034,-0.27970895171165466,0.9420417547225952,0.551396369934082,0.3493852913379669,-0.24475902318954468,0.9465606212615967,0.5304785370826721,0.3655436336994171,-0.24903826415538788,0.9196460843086243,0.5510662794113159,0.35964980721473694,-0.2186431884765625,0.9275002479553223,0.5212473273277283,0.3922536373138428,-0.0012224537786096334,0.999893069267273,0.5636181235313416,0.39286544919013977,0.0013574878685176373,0.9998210072517395,0.5265170335769653,0.3403438925743103,-0.21065814793109894,0.9910159111022949,0.5631335377693176,0.33569616079330444,-0.17971864342689514,0.9797819256782532,0.5241290330886841,0.20299574732780457,-0.12642024457454681,0.9832351207733154,0.5617326498031616,0.20137852430343628,-0.10119649767875671,0.9701640009880066,0.5264602899551392,0.19333718717098236,-0.120481938123703,0.8931083083152771,0.5602340698242188,0.19381728768348694,-0.09910940378904343,0.8643096685409546,0.5262178182601929,0.15539661049842834,-0.22368907928466797,0.9799627661705017,0.5604084730148315,0.15414288640022278,-0.19259977340698242,0.971495509147644
yena_sit_normal_06,225,75,7.503865979381443,29.984544049459043,10,0.5398964285850525,0.5319192409515381,-0.3435716927051544,0.9999263882637024,0.5347577333450317,0.5457093119621277,-0.34225475788116455,0.9997903108596802,0.5322054624557495,0.5467982888221741,-0.3422277569770813,0.9997940063476562,0.5296304821968079,0.5480439066886902,-0.342274934053421,0.9997638463973999,0.5444119572639465,0.5458417534828186,-0.3423877954483032,0.9997504949569702,0.5479751229286194,0.5469841957092285,-0.34248316287994385,0.9997876882553101,0.5509918928146362,0.5482549071311951,-0.3425174355506897,0.9998151063919067,0.5253843665122986,0.5569866299629211,-0.2702386975288391,0.9996998310089111,0.554684579372406,0.5567550659179688,-0.27090978622436523,0.9997754096984863,0.5349365472793579,0.5235559940338135,-0.3099408745765686,0.9999690651893616,0.5450524687767029,0.523424506187439,-0.3103092312812805,0.9999759197235107,0.5035565495491028,0.5170170068740845,-0.18287162482738495,0.9999922513961792,0.5780079364776611,0.5248109102249146,-0.1818566620349884,0.9999866485595703,0.49439945816993713,0.4286952018737793,-0.16865688562393188,0.9915612936019897,0.5935660004615784,0.4309484660625458,-0.16052915155887604,0.9929099082946777,0.521939218044281,0.37672653794288635,-0.24053718149662018,0.9678300619125366,0.5615728497505188,0.37131327390670776,-0.21296896040439606,0.9743630886077881,0.5240805745124817,0.34975406527519226,-0.26595640182495117,0.9329192638397217,0.5591284036636353,0.3438224494457245,-0.23286916315555573,0.9440255761146545,0.5306185483932495,0.3545285165309906,-0.27601659297943115,0.9355891942977905,0.5518316626548767,0.3480776250362396,-0.24344828724861145,0.9459593892097473,0.5312783718109131,0.36398741602897644,-0.24514155089855194,0.9116617441177368,0.5514463186264038,0.35765910148620605,-0.21625953912734985,0.9268345236778259,0.521530270576477,0.39237987995147705,-0.0011653753463178873,0.9998704791069031,0.5640198588371277,0.39291736483573914,0.0013023774372413754,0.9997870922088623,0.5269453525543213,0.33763283491134644,-0.21092826128005981,0.9895933270454407,0.5630736947059631,0.3321690857410431,-0.17905627191066742,0.9767857193946838,0.5240079164505005,0.20313897728919983,-0.11915010958909988,0.9812701344490051,0.5607778429985046,0.20142748951911926,-0.09363055229187012,0.9658902287483215,0.5261064767837524,0.1940167248249054,-0.11384334415197372,0.8880667090415955,0.5622178912162781,0.194859117269516,-0.08967260271310806,0.855423629283905,0.5270576477050781,0.15538039803504944,-0.20998023450374603,0.9777324795722961,0.5593017935752869,0.15404489636421204,-0.1842595785856247,0.967875063419342
yena_sit_normal_06,228,76,7.603917525773196,29.984544049459043,10,0.5399091839790344,0.541705310344696,-0.350257009267807,0.9999215602874756,0.5347683429718018,0.5551475882530212,-0.3503566086292267,0.9997746348381042,0.5322247743606567,0.5561980605125427,-0.35033145546913147,0.9997784495353699,0.529659628868103,0.5573670268058777,-0.3503732979297638,0.9997475147247314,0.544432520866394,0.5549994707107544,-0.3499905467033386,0.9997373223304749,0.547989010810852,0.5558788776397705,-0.3500795066356659,0.9997744560241699,0.5509942173957825,0.5567944049835205,-0.35010606050491333,0.9998016953468323,0.52528977394104,0.5580664277076721,-0.28493160009384155,0.999679446220398,0.5546605587005615,0.5578287839889526,-0.28350213170051575,0.9997597336769104,0.5349369645118713,0.5325988531112671,-0.318995863199234,0.9999662041664124,0.5450565218925476,0.5318790078163147,-0.3187468945980072,0.9999739527702332,0.5029074549674988,0.5265657305717468,-0.20303384959697723,0.9999918341636658,0.5781278610229492,0.5302919149398804,-0.19235792756080627,0.999987006187439,0.4951673746109009,0.4358019232749939,-0.18518294394016266,0.9917256236076355,0.5900362133979797,0.43336841464042664,-0.16676713526248932,0.9932955503463745,0.5211483836174011,0.3771286606788635,-0.24616895616054535,0.968389093875885,0.5612024664878845,0.3697357177734375,-0.21482941508293152,0.9753631949424744,0.5229529738426208,0.34983423352241516,-0.27068740129470825,0.9333348870277405,0.5590649843215942,0.34261614084243774,-0.23406371474266052,0.9451999068260193,0.5295092463493347,0.3545273244380951,-0.28309378027915955,0.936159074306488,0.551950216293335,0.34673625230789185,-0.24515214562416077,0.947246253490448,0.5303899645805359,0.36398041248321533,-0.2513388991355896,0.9125304222106934,0.5515657067298889,0.35610660910606384,-0.218305766582489,0.9286743998527527,0.5214381814002991,0.405443012714386,-0.0019401219906285405,0.9998627305030823,0.5637830495834351,0.40359383821487427,0.0020603842567652464,0.9997780323028564,0.5269884467124939,0.3374670743942261,-0.17650887370109558,0.9882548451423645,0.5626501441001892,0.33222824335098267,-0.14599047601222992,0.9736372828483582,0.5234442353248596,0.20309221744537354,-0.10220304131507874,0.9800692796707153,0.5604930520057678,0.19776120781898499,-0.07658716291189194,0.9638177752494812,0.5254645943641663,0.1935405731201172,-0.09914608299732208,0.8846688866615295,0.5604357123374939,0.18794375658035278,-0.07402540743350983,0.8472525477409363,0.5267005562782288,0.15536443889141083,-0.19329316914081573,0.9766089916229248,0.559317409992218,0.15286536514759064,-0.16890758275985718,0.9663159251213074
yena_sit_normal_06,231,77,7.7039690721649485,29.984544049459043,10,0.5397959351539612,0.5604428648948669,-0.34554460644721985,0.9999248385429382,0.53464674949646,0.576539158821106,-0.3449562191963196,0.999784529209137,0.5321004986763,0.5777998566627502,-0.3449309468269348,0.9997871518135071,0.5294612646102905,0.5794541835784912,-0.3449692726135254,0.9997583627700806,0.5444021224975586,0.5755261182785034,-0.34466683864593506,0.9997508525848389,0.5479915142059326,0.5763527154922485,-0.3447510302066803,0.9997850060462952,0.5510019063949585,0.5775175094604492,-0.3447699248790741,0.9998107552528381,0.5249148011207581,0.5856502056121826,-0.2787940204143524,0.9996940493583679,0.5547884702682495,0.5829060077667236,-0.2777878940105438,0.9997715353965759,0.5349282622337341,0.551458477973938,-0.314308762550354,0.9999673962593079,0.5449700951576233,0.5492194294929504,-0.3141418695449829,0.9999749064445496,0.5026643872261047,0.5453763008117676,-0.1962757557630539,0.999991774559021,0.5787860751152039,0.5417070984840393,-0.18760044872760773,0.999987781047821,0.49625080823898315,0.4503466784954071,-0.1732456237077713,0.9917057156562805,0.5840663313865662,0.43997055292129517,-0.15869925916194916,0.9936497211456299,0.5209025740623474,0.3775384724140167,-0.234644815325737,0.9679131507873535,0.5604817867279053,0.3706705868244171,-0.21319256722927094,0.9762982130050659,0.5210425853729248,0.35120898485183716,-0.2598159909248352,0.9316622018814087,0.5591570138931274,0.3435068130493164,-0.22867950797080994,0.9463577270507812,0.5284671187400818,0.3561791181564331,-0.27274906635284424,0.9348424077033997,0.552079975605011,0.3473438024520874,-0.24388840794563293,0.9485923051834106,0.5302079916000366,0.365255743265152,-0.24039201438426971,0.9118579626083374,0.5514186024665833,0.3566114902496338,-0.2174525409936905,0.9310346245765686,0.5207946300506592,0.42132246494293213,-0.0023031069431453943,0.9998613595962524,0.5631561875343323,0.41917702555656433,0.0024214619770646095,0.9997797608375549,0.526796281337738,0.33989283442497253,-0.17991915345191956,0.9867063760757446,0.5567695498466492,0.3343305289745331,-0.1475963592529297,0.9702404737472534,0.5230515599250793,0.2030903846025467,-0.10730643570423126,0.9775360226631165,0.56061190366745,0.19810256361961365,-0.08241601288318634,0.9599983096122742,0.5250607132911682,0.1936507225036621,-0.10923082381486893,0.8792663812637329,0.5617058873176575,0.18808506429195404,-0.07925115525722504,0.838128387928009,0.5264720320701599,0.1557495892047882,-0.1997060775756836,0.9743188619613647,0.5608545541763306,0.152871772646904,-0.1740996539592743,0.9635919332504272
yena_sit_normal_06,234,78,7.8040206185567005,29.984544049459043,10,0.5398073792457581,0.5844794511795044,-0.3372139036655426,0.9999289512634277,0.5346430540084839,0.5991438031196594,-0.33579835295677185,0.9997960329055786,0.5320915579795837,0.6004171371459961,-0.33577394485473633,0.9997971653938293,0.5294176936149597,0.601869523525238,-0.3358122408390045,0.9997705817222595,0.5444138050079346,0.5979677438735962,-0.3355124592781067,0.9997656345367432,0.5479995608329773,0.598727285861969,-0.3355966806411743,0.9997970461845398,0.5510181188583374,0.5998032689094543,-0.33562105894088745,0.9998215436935425,0.5247151851654053,0.608420193195343,-0.26822397112846375,0.9997076392173767,0.5549744963645935,0.6049014329910278,-0.26735028624534607,0.9997829794883728,0.5349610447883606,0.5738826394081116,-0.3057812750339508,0.9999688267707825,0.5449746251106262,0.5712679624557495,-0.3056640625,0.9999760389328003,0.5026569962501526,0.5619537830352783,-0.18494144082069397,0.9999914765357971,0.5787093043327332,0.5590596795082092,-0.18085844814777374,0.9999884963035583,0.4973285496234894,0.4626534879207611,-0.16203252971172333,0.9915143847465515,0.5808449983596802,0.4537460207939148,-0.15490791201591492,0.9939395189285278,0.519311249256134,0.38396015763282776,-0.22392088174819946,0.9668660759925842,0.5592989325523376,0.37563198804855347,-0.2091556191444397,0.9769191741943359,0.5180320143699646,0.35725757479667664,-0.24713774025440216,0.9289045929908752,0.5589566826820374,0.34782496094703674,-0.2256256639957428,0.9468163251876831,0.525885820388794,0.36163440346717834,-0.26493051648139954,0.932586669921875,0.5518286824226379,0.3508523106575012,-0.24368436634540558,0.9493373036384583,0.5287790298461914,0.370922714471817,-0.23178796470165253,0.9101346135139465,0.5506254434585571,0.360282301902771,-0.21575778722763062,0.9328259825706482,0.5187766551971436,0.43073058128356934,-0.0022668088786303997,0.9998563528060913,0.5613052845001221,0.42929157614707947,0.0023856160696595907,0.999778151512146,0.5259486436843872,0.34378400444984436,-0.18174144625663757,0.9865063428878784,0.5569038391113281,0.3409177362918854,-0.14784936606884003,0.968744158744812,0.5203307271003723,0.2017558515071869,-0.11223436146974564,0.976385235786438,0.5605210661888123,0.19830866158008575,-0.08340860158205032,0.9582337141036987,0.5211800336837769,0.1926063597202301,-0.11394863575696945,0.8753215074539185,0.5616322159767151,0.18789541721343994,-0.0861908346414566,0.8317971229553223,0.5249013304710388,0.15556858479976654,-0.20861934125423431,0.9729828834533691,0.560472846031189,0.15263912081718445,-0.1839960217475891,0.9620324373245239
yena_sit_normal_06,237,79,7.904072164948453,29.984544049459043,10,0.540325403213501,0.6135960221290588,-0.3422596752643585,0.9999279975891113,0.5348908305168152,0.6276394128799438,-0.3388405442237854,0.9997905492782593,0.5322155356407166,0.6287760138511658,-0.33883097767829895,0.9997872710227966,0.5294685363769531,0.6301143765449524,-0.3388802707195282,0.9997612237930298,0.5451144576072693,0.6270807981491089,-0.33797022700309753,0.9997615814208984,0.5486724376678467,0.6281127333641052,-0.33805057406425476,0.9997915625572205,0.5514873266220093,0.6292170882225037,-0.3380914032459259,0.9998180270195007,0.5246015787124634,0.6339065432548523,-0.26658281683921814,0.9996865391731262,0.5552207231521606,0.6327023506164551,-0.2633570432662964,0.9997718334197998,0.5351859331130981,0.6025668978691101,-0.3100299537181854,0.999967634677887,0.5456336736679077,0.6013196110725403,-0.3091805577278137,0.9999755024909973,0.5026306509971619,0.5795117020606995,-0.17972315847873688,0.9999901056289673,0.5786246657371521,0.5794159770011902,-0.1798771172761917,0.9999887347221375,0.4985790550708771,0.47923797369003296,-0.16023875772953033,0.9907344579696655,0.580345094203949,0.47544458508491516,-0.15614566206932068,0.994071900844574,0.5177314281463623,0.3987635672092438,-0.21303412318229675,0.9634091258049011,0.5597948431968689,0.39366644620895386,-0.2101464718580246,0.9769505262374878,0.5160616040229797,0.3706967830657959,-0.23684269189834595,0.9230316877365112,0.5592771768569946,0.36526167392730713,-0.22970889508724213,0.9464471340179443,0.5235665440559387,0.37409090995788574,-0.25576791167259216,0.9275009036064148,0.552098274230957,0.36838364601135254,-0.2477845847606659,0.949256420135498,0.52708500623703,0.3835369646549225,-0.2213922142982483,0.9051708579063416,0.5509267449378967,0.37759625911712646,-0.21676190197467804,0.9336568117141724,0.5183437466621399,0.43983712792396545,-0.0010431769769638777,0.999844491481781,0.5606101751327515,0.4375995993614197,0.001163940061815083,0.9997620582580566,0.5206826329231262,0.345195472240448,-0.17811068892478943,0.986006498336792,0.556142270565033,0.34545964002609253,-0.15019311010837555,0.9673622846603394,0.5197241306304932,0.19938331842422485,-0.1032116487622261,0.9751933813095093,0.5587301254272461,0.19845591485500336,-0.08216064423322678,0.9562557339668274,0.5210420489311218,0.18904951214790344,-0.1017361506819725,0.8716840147972107,0.5591829419136047,0.18814504146575928,-0.08141259104013443,0.8227328658103943,0.5231879949569702,0.15422382950782776,-0.2023322582244873,0.9711178541183472,0.5600136518478394,0.15251491963863373,-0.18410149216651917,0.9591578245162964
yena_sit_normal_06,240,80,8.004123711340206,29.984544049459043,10,0.5407631397247314,0.6403820514678955,-0.34811756014823914,0.9999247789382935,0.5351913571357727,0.6547329425811768,-0.3424306809902191,0.9997755885124207,0.5324093103408813,0.6561337113380432,-0.34244075417518616,0.9997687935829163,0.5296487212181091,0.6575313806533813,-0.3424983620643616,0.9997438192367554,0.5456847548484802,0.6535141468048096,-0.3413242995738983,0.9997486472129822,0.5491894483566284,0.6540988683700562,-0.3414003252983093,0.9997754693031311,0.5517570972442627,0.6550198197364807,-0.3414500951766968,0.9998049139976501,0.524608850479126,0.6598954200744629,-0.26510822772979736,0.9996628761291504,0.5553976893424988,0.6582739353179932,-0.2603670060634613,0.9997549057006836,0.535284161567688,0.6287752985954285,-0.3146972358226776,0.9999650120735168,0.5460888743400574,0.6278538107872009,-0.31338930130004883,0.9999740719795227,0.5022900104522705,0.5982472896575928,-0.17892415821552277,0.9999884963035583,0.5785463452339172,0.5992617607116699,-0.17564229667186737,0.999988317489624,0.4984070062637329,0.4975544214248657,-0.1579306274652481,0.9903203845024109,0.5813356637954712,0.49851012229919434,-0.15240375697612762,0.9940429925918579,0.5143654942512512,0.4128115475177765,-0.2129301279783249,0.9605763554573059,0.560585618019104,0.4118229150772095,-0.20958900451660156,0.9760801792144775,0.5127099752426147,0.38439711928367615,-0.23733049631118774,0.918495237827301,0.559943437576294,0.3815375566482544,-0.23081861436367035,0.9442036151885986,0.5204460620880127,0.3874954879283905,-0.25626590847969055,0.9233338236808777,0.5527831315994263,0.38520923256874084,-0.2499101459980011,0.9472820162773132,0.5243074893951416,0.3971823751926422,-0.22140945494174957,0.9008696675300598,0.5513697266578674,0.3946351706981659,-0.2166922390460968,0.9322316646575928,0.5177209377288818,0.4461081326007843,-0.0008590330253355205,0.9998209476470947,0.5598190426826477,0.44374001026153564,0.000982315861620009,0.9997348785400391,0.5192287564277649,0.3448963463306427,-0.15275241434574127,0.9856142401695251,0.555976152420044,0.34397104382514954,-0.14198437333106995,0.9672989249229431,0.5180993676185608,0.199077308177948,-0.07091357558965683,0.9744987487792969,0.5571622252464294,0.1974523812532425,-0.06355626881122589,0.9558802843093872,0.5192692875862122,0.1890457719564438,-0.0689050629734993,0.865135908126831,0.5552392601966858,0.186948761343956,-0.06137572601437569,0.8163237571716309,0.521460235118866,0.15289883315563202,-0.17694677412509918,0.9689379334449768,0.5592880249023438,0.1522909253835678,-0.17058221995830536,0.9572495818138123
yena_sit_normal_06,243,81,8.104175257731958,29.984544049459043,10,0.5410272479057312,0.6674848794937134,-0.3675834834575653,0.9999262094497681,0.535499632358551,0.6814286112785339,-0.36000803112983704,0.9997748136520386,0.5326171517372131,0.6823042035102844,-0.36001694202423096,0.9997686147689819,0.5299047231674194,0.6831517815589905,-0.3600606322288513,0.9997427463531494,0.5461891889572144,0.6809082627296448,-0.35945260524749756,0.9997532963752747,0.5497244000434875,0.6811736226081848,-0.3595203757286072,0.9997778534889221,0.5521012544631958,0.6815200448036194,-0.35957419872283936,0.9998056888580322,0.5246435403823853,0.683047354221344,-0.27534911036491394,0.9996577501296997,0.5555567145347595,0.6816959381103516,-0.2721860110759735,0.999754786491394,0.5352826714515686,0.654717743396759,-0.3319700360298157,0.9999621510505676,0.5464327931404114,0.6523892283439636,-0.3313186466693878,0.9999729990959167,0.5022960305213928,0.6164766550064087,-0.18983928859233856,0.9999867677688599,0.5782531499862671,0.6201047897338867,-0.18426500260829926,0.9999862909317017,0.4980451762676239,0.5157636404037476,-0.15692704916000366,0.9900011420249939,0.5822619199752808,0.5206880569458008,-0.15171626210212708,0.993389368057251,0.5106591582298279,0.4303830564022064,-0.21342116594314575,0.9587308168411255,0.5641318559646606,0.42901816964149475,-0.21249772608280182,0.9742965698242188,0.5093938112258911,0.4002494215965271,-0.2388857901096344,0.9158225655555725,0.5646164417266846,0.4008776545524597,-0.23515328764915466,0.9407370686531067,0.5176469683647156,0.4048382341861725,-0.2615504562854767,0.9206754565238953,0.5563370585441589,0.403946191072464,-0.25590819120407104,0.9439641237258911,0.5210651755332947,0.4137755036354065,-0.22425368428230286,0.8978025317192078,0.5549045205116272,0.41311341524124146,-0.22047758102416992,0.9281582236289978,0.5176501870155334,0.44908514618873596,-0.001554954331368208,0.9997910261154175,0.5597929358482361,0.4467228055000305,0.001609418191947043,0.9996982216835022,0.5189933180809021,0.3350093960762024,-0.04523902386426926,0.985561728477478,0.5563381910324097,0.3350006341934204,-0.04535922035574913,0.9676879048347473,0.5158168077468872,0.19603101909160614,0.06276016682386398,0.9756457805633545,0.5559138059616089,0.19651232659816742,0.06832989305257797,0.9578917622566223,0.5169190764427185,0.18507292866706848,0.06707139313220978,0.8571971654891968,0.5529824495315552,0.1862342655658722,0.07428959012031555,0.8154387474060059,0.5204324126243591,0.15081019699573517,-0.04172242060303688,0.969645082950592,0.5588052868843079,0.15043292939662933,-0.02982291579246521,0.958502471446991
yena_sit_normal_06,246,82,8.204226804123712,29.984544049459043,10,0.5411625504493713,0.6914883852005005,-0.32457080483436584,0.9999251365661621,0.5356352925300598,0.7065474987030029,-0.31364572048187256,0.9997643828392029,0.532673716545105,0.7072817087173462,-0.31369316577911377,0.999757707118988,0.5300190448760986,0.7076707482337952,-0.31371769309043884,0.9997282028198242,0.546369731426239,0.7055258750915527,-0.3127170503139496,0.9997473955154419,0.5499370098114014,0.7055773735046387,-0.31273576617240906,0.9997657537460327,0.5522897243499756,0.7055802941322327,-0.31278562545776367,0.9997901320457458,0.5246754288673401,0.7063927054405212,-0.22549253702163696,0.9996386170387268,0.5556333065032959,0.704355776309967,-0.22002379596233368,0.9997254014015198,0.5352104306221008,0.6781806945800781,-0.28809261322021484,0.9999562501907349,0.5466226935386658,0.6754351258277893,-0.2865571975708008,0.9999685883522034,0.5020970106124878,0.6333549618721008,-0.15552689135074615,0.9999842643737793,0.5782142877578735,0.6352015137672424,-0.13554450869560242,0.9999805688858032,0.497022420167923,0.5322234034538269,-0.12897025048732758,0.9891828298568726,0.5828548669815063,0.5328320264816284,-0.09447402507066727,0.9907546043395996,0.5084605813026428,0.44500625133514404,-0.20812645554542542,0.9559022188186646,0.5667434334754944,0.4435514211654663,-0.16803960502147675,0.9710802435874939,0.5070375204086304,0.4144192337989807,-0.23599165678024292,0.9125626683235168,0.5682603716850281,0.4147842824459076,-0.1912863850593567,0.936367392539978,0.5145679712295532,0.41875582933425903,-0.2591024935245514,0.9174356460571289,0.5605194568634033,0.4182174503803253,-0.21678194403648376,0.9399197101593018,0.5175392627716064,0.4268631935119629,-0.21834257245063782,0.8943532705307007,0.5586050152778625,0.4273366928100586,-0.17842349410057068,0.9236497282981873,0.517266571521759,0.4502471685409546,-0.006996334996074438,0.9997517466545105,0.5593709945678711,0.4492811858654022,0.00701094651594758,0.9996402859687805,0.517963707447052,0.3275556266307831,-0.025106748566031456,0.9857116937637329,0.555432915687561,0.32915735244750977,0.005968569312244654,0.9679183959960938,0.515073835849762,0.19407707452774048,0.09490536898374557,0.9767184853553772,0.5538140535354614,0.1961061656475067,0.1349916160106659,0.9599349498748779,0.5167959928512573,0.18304717540740967,0.10018684715032578,0.8529828786849976,0.5497116446495056,0.1853000372648239,0.14234596490859985,0.8210067749023438,0.5200812816619873,0.14798054099082947,-0.005376206710934639,0.9705991148948669,0.559066653251648,0.14867009222507477,0.043728120625019073,0.9603394269943237
yena_sit_normal_06,249,83,8.304278350515464,29.984544049459043,10,0.5420215129852295,0.7141150236129761,-0.2756112813949585,0.9999279975891113,0.5362932085990906,0.7286967635154724,-0.2641585171222687,0.9997686743736267,0.5329972505569458,0.7291650176048279,-0.2641991972923279,0.9997610449790955,0.530465304851532,0.7294768691062927,-0.26419973373413086,0.9997313022613525,0.5469694137573242,0.7283095121383667,-0.262576699256897,0.9997527003288269,0.5504897832870483,0.7285301089286804,-0.2625839412212372,0.9997657537460327,0.5526412725448608,0.7285919189453125,-0.26261934638023376,0.9997860193252563,0.5249028205871582,0.7265946269035339,-0.17882026731967926,0.9996396899223328,0.5557088851928711,0.7253097891807556,-0.17049504816532135,0.9997106790542603,0.5354565978050232,0.6986193656921387,-0.24170275032520294,0.9999557733535767,0.5476091504096985,0.6976985335350037,-0.23941974341869354,0.9999672770500183,0.5017098188400269,0.6487796902656555,-0.11773033440113068,0.999983549118042,0.5780855417251587,0.6489753127098083,-0.09384862333536148,0.999973714351654,0.49412456154823303,0.5474003553390503,-0.09075751155614853,0.9892896413803101,0.5832303166389465,0.545807421207428,-0.052447739988565445,0.9881951212882996,0.5049074292182922,0.4592421352863312,-0.1800159513950348,0.9580040574073792,0.5691854357719421,0.45707201957702637,-0.13381896913051605,0.9693768620491028,0.5044479370117188,0.4275464713573456,-0.2103901207447052,0.9169250726699829,0.5701963901519775,0.42929378151893616,-0.1583271324634552,0.9348524212837219,0.5116562247276306,0.4326294958591461,-0.23261620104312897,0.921492338180542,0.5628420114517212,0.4334615170955658,-0.18418458104133606,0.9384393095970154,0.5138113498687744,0.44237467646598816,-0.18988922238349915,0.8996540904045105,0.5612003803253174,0.44265055656433105,-0.14481908082962036,0.922541081905365,0.5167331695556641,0.4562014639377594,-0.00936515536159277,0.9997397661209106,0.5593386888504028,0.45482122898101807,0.009376904927194118,0.9996190071105957,0.5160862803459167,0.3255818486213684,-0.0021950879599899054,0.985649824142456,0.5557642579078674,0.3252851366996765,0.027994079515337944,0.9683618545532227,0.5149332284927368,0.19443786144256592,0.14656981825828552,0.9768823385238647,0.5530221462249756,0.1962827742099762,0.17814543843269348,0.9611971378326416,0.517016589641571,0.18409816920757294,0.15475836396217346,0.8432362079620361,0.5487872362136841,0.1854870319366455,0.1877780556678772,0.8241228461265564,0.5189610719680786,0.14735251665115356,0.054468605667352676,0.9701755046844482,0.5590881109237671,0.14807091653347015,0.09284614771604538,0.9612457156181335
yena_sit_normal_06,252,84,8.404329896907216,29.984544049459043,10,0.5421634912490845,0.7329939007759094,-0.2407500147819519,0.9999295473098755,0.536342442035675,0.7478299140930176,-0.22863183915615082,0.9997692704200745,0.533016562461853,0.747874915599823,-0.2286739945411682,0.9997618198394775,0.5305057764053345,0.7478164434432983,-0.22867298126220703,0.9997325539588928,0.5470358729362488,0.7471778988838196,-0.22728231549263,0.9997509121894836,0.5505172610282898,0.7471035122871399,-0.22728177905082703,0.9997583031654358,0.5527867078781128,0.746758759021759,-0.2273143231868744,0.9997735619544983,0.5248984098434448,0.7429524064064026,-0.14486537873744965,0.9996395707130432,0.5557315945625305,0.7416999936103821,-0.13776585459709167,0.9996747374534607,0.5354524850845337,0.7164477705955505,-0.20802071690559387,0.9999551177024841,0.5479418635368347,0.7154361605644226,-0.20610007643699646,0.9999647736549377,0.501502275466919,0.6616695523262024,-0.09318935871124268,0.9999830722808838,0.5779610276222229,0.6600339412689209,-0.06848834455013275,0.9999642372131348,0.4927339255809784,0.5611217021942139,-0.07118436694145203,0.9890121817588806,0.5832890272140503,0.5570740699768066,-0.031337492167949677,0.984674334526062,0.5025995373725891,0.46856704354286194,-0.16441793739795685,0.9594714641571045,0.5708984732627869,0.4662858545780182,-0.1131325215101242,0.9658007621765137,0.5026808977127075,0.4378755986690521,-0.19490213692188263,0.9204825758934021,0.5716167092323303,0.43935179710388184,-0.13794676959514618,0.9310652613639832,0.5095242261886597,0.4437108039855957,-0.2165021002292633,0.9247856140136719,0.5646877288818359,0.44358235597610474,-0.16236287355422974,0.9347353577613831,0.5111595988273621,0.45372170209884644,-0.1740460842847824,0.9039037227630615,0.563134491443634,0.45270824432373047,-0.12381099909543991,0.9187059998512268,0.5157426595687866,0.4585087299346924,-0.009572569280862808,0.9997456073760986,0.5593677759170532,0.4571475386619568,0.009599711745977402,0.9996139407157898,0.5151840448379517,0.3267825245857239,-0.04253743216395378,0.985467255115509,0.5580736398696899,0.32655683159828186,0.02311420813202858,0.9685045480728149,0.5151325464248657,0.19507814943790436,0.11809176951646805,0.9764105081558228,0.5529622435569763,0.1981653869152069,0.1939375251531601,0.961394190788269,0.5184667706489563,0.18617089092731476,0.12813915312290192,0.835463285446167,0.5486706495285034,0.1878054141998291,0.20577865839004517,0.8234719634056091,0.5184678435325623,0.1475517749786377,0.026481207460165024,0.969849169254303,0.559303343296051,0.14798857271671295,0.1138182207942009,0.9611833095550537
yena_sit_normal_06,255,85,8.50438144329897,29.984544049459043,10,0.5421419143676758,0.7468600869178772,-0.23847630620002747,0.9999310970306396,0.5363170504570007,0.7606680989265442,-0.22609467804431915,0.9997692704200745,0.5329729914665222,0.7607499957084656,-0.22612662613391876,0.999761700630188,0.5304768085479736,0.7606205940246582,-0.22611363232135773,0.9997325539588928,0.547000527381897,0.7601063847541809,-0.22462652623653412,0.999749481678009,0.5504920482635498,0.7598641514778137,-0.22463174164295197,0.9997539520263672,0.5527979731559753,0.7591237425804138,-0.22467006742954254,0.9997666478157043,0.5248260498046875,0.7545600533485413,-0.14057274162769318,0.9996273517608643,0.5557257533073425,0.7521716952323914,-0.1330091506242752,0.9996432662010193,0.5353767275810242,0.7298439145088196,-0.2053946554660797,0.9999538064002991,0.5479270815849304,0.7285957336425781,-0.20335665345191956,0.999962329864502,0.5011352300643921,0.669314980506897,-0.08670219033956528,0.9999816417694092,0.57724529504776,0.6682074666023254,-0.06659922003746033,0.9999577403068542,0.4918671250343323,0.5668411254882812,-0.06458862125873566,0.9886463284492493,0.5833741426467896,0.5632343888282776,-0.03328879550099373,0.9829516410827637,0.5017409920692444,0.4733876585960388,-0.16248652338981628,0.9612654447555542,0.5718039870262146,0.4708242416381836,-0.11941111087799072,0.9648655652999878,0.5017736554145813,0.44307059049606323,-0.19369807839393616,0.9243906140327454,0.5729225277900696,0.4444665312767029,-0.1472655087709427,0.9308196902275085,0.5088199377059937,0.44922780990600586,-0.21741609275341034,0.9283890724182129,0.5662729740142822,0.4484560191631317,-0.1719665378332138,0.9343597888946533,0.5103727579116821,0.45881322026252747,-0.17325860261917114,0.9084364771842957,0.5645646452903748,0.45753559470176697,-0.13060463964939117,0.9185748100280762,0.51491779088974,0.46276605129241943,-0.008783739060163498,0.9997434020042419,0.5593603253364563,0.4613182842731476,0.008812745101749897,0.9996153712272644,0.5135219693183899,0.32662394642829895,-0.0025263947900384665,0.9859600067138672,0.5590238571166992,0.3260737359523773,0.028146570548415184,0.9704409241676331,0.5153574347496033,0.1951245218515396,0.1691790372133255,0.977249026298523,0.5534754991531372,0.19838806986808777,0.1981014460325241,0.963824450969696,0.5189609527587891,0.18633678555488586,0.17992426455020905,0.8348740935325623,0.5495292544364929,0.18816664814949036,0.20949748158454895,0.8288537263870239,0.5180485844612122,0.14772646129131317,0.0770566314458847,0.9707959294319153,0.5598004460334778,0.14810486137866974,0.11235882341861725,0.9632765054702759
yena_sit_normal_06,258,86,8.604432989690721,29.984544049459043,10,0.5419557690620422,0.7580609917640686,-0.23859931528568268,0.9999330639839172,0.5359349846839905,0.7705386877059937,-0.22480668127536774,0.9997718930244446,0.5326880812644958,0.7704590559005737,-0.22483588755130768,0.9997647404670715,0.5301498174667358,0.7695817351341248,-0.2248232513666153,0.9997369050979614,0.546667754650116,0.7700731158256531,-0.22365428507328033,0.999749481678009,0.5500452518463135,0.7696050405502319,-0.22365696728229523,0.9997512698173523,0.5526645183563232,0.7687721848487854,-0.22369328141212463,0.9997605681419373,0.5247219204902649,0.7614886164665222,-0.13544082641601562,0.9996165633201599,0.5555974245071411,0.759756863117218,-0.12997275590896606,0.9996025562286377,0.5350537896156311,0.7404043078422546,-0.20458976924419403,0.9999525547027588,0.5477940440177917,0.7401813268661499,-0.20314684510231018,0.9999590516090393,0.5011164546012878,0.6749107241630554,-0.08413616567850113,0.999980628490448,0.5767091512680054,0.6720965504646301,-0.06225186586380005,0.9999465346336365,0.4909932315349579,0.575488805770874,-0.05929430201649666,0.9882877469062805,0.5835519433021545,0.568450391292572,-0.026207176968455315,0.9809181690216064,0.5001710653305054,0.4801982641220093,-0.15581512451171875,0.9630941152572632,0.5723779201507568,0.4755720794200897,-0.10721141844987869,0.963034987449646,0.5005828142166138,0.4501746594905853,-0.18657326698303223,0.9281321167945862,0.5732628107070923,0.44855085015296936,-0.13461576402187347,0.9290162324905396,0.5072919726371765,0.4562602639198303,-0.2107396423816681,0.9318541884422302,0.5667879581451416,0.4521358013153076,-0.15886043012142181,0.932401716709137,0.5087644457817078,0.46614497900009155,-0.16654661297798157,0.9126647710800171,0.56517094373703,0.46142491698265076,-0.11820758134126663,0.9165076613426208,0.5146230459213257,0.46692904829978943,-0.008707676082849503,0.9997481107711792,0.5593918561935425,0.46511122584342957,0.00871727243065834,0.9996209144592285,0.5126040577888489,0.32690468430519104,-0.008548837155103683,0.9859734177589417,0.5600577592849731,0.3263092339038849,0.031092138960957527,0.9715297818183899,0.515246570110321,0.1956416666507721,0.17402932047843933,0.9774059057235718,0.5538260340690613,0.19954814016819,0.22208021581172943,0.9654675722122192,0.519006073474884,0.18721267580986023,0.1863362044095993,0.8339043259620667,0.5501564741134644,0.19079938530921936,0.2358429878950119,0.830618143081665,0.5169292688369751,0.14791563153266907,0.08345312625169754,0.9711992740631104,0.5599082708358765,0.1481657475233078,0.1392863541841507,0.9646589159965515
yena_sit_normal_06,261,87,8.704484536082473,29.984544049459043,10,0.5415300130844116,0.7609565258026123,-0.22041723132133484,0.9999334812164307,0.5356013774871826,0.7724440693855286,-0.2063601315021515,0.9997680187225342,0.5324535965919495,0.7722586989402771,-0.20639191567897797,0.9997610449790955,0.5299240946769714,0.7717998623847961,-0.20637863874435425,0.9997338652610779,0.5460411906242371,0.7722566723823547,-0.20538443326950073,0.9997414946556091,0.5493446588516235,0.7717991471290588,-0.20537856221199036,0.999739408493042,0.5519546866416931,0.7710812091827393,-0.20541097223758698,0.9997441172599792,0.5246719121932983,0.7649711966514587,-0.1184040755033493,0.9995880722999573,0.5552314519882202,0.7642970681190491,-0.11410082131624222,0.9995331168174744,0.5347623229026794,0.7436702847480774,-0.18720132112503052,0.9999485611915588,0.5471698641777039,0.742843747138977,-0.18607044219970703,0.9999526143074036,0.5011090636253357,0.6770873665809631,-0.07267854362726212,0.9999791383743286,0.5762955546379089,0.6761939525604248,-0.05301102623343468,0.9999329447746277,0.4906240701675415,0.5773846507072449,-0.053862348198890686,0.9878487586975098,0.5835860371589661,0.5723889470100403,-0.02441858872771263,0.9785904884338379,0.4998946487903595,0.4822405278682709,-0.15114374458789825,0.965042233467102,0.5734118819236755,0.47786396741867065,-0.10372727364301682,0.9606550931930542,0.5003004670143127,0.452429860830307,-0.18213798105716705,0.9320420622825623,0.5742185115814209,0.45072317123413086,-0.13097983598709106,0.9264522790908813,0.506977915763855,0.4583507180213928,-0.2061501145362854,0.9354878067970276,0.567457914352417,0.4545583426952362,-0.15481968224048615,0.9296698570251465,0.5085184574127197,0.46758368611335754,-0.16193346679210663,0.9171333909034729,0.565870463848114,0.4636775255203247,-0.11467479914426804,0.913677990436554,0.5145256519317627,0.4674795866012573,-0.008310694247484207,0.999750554561615,0.5593662858009338,0.4658348262310028,0.008328907191753387,0.9996248483657837,0.5114727020263672,0.32720550894737244,-0.00925922766327858,0.9858033657073975,0.5603253841400146,0.3262840211391449,0.028709016740322113,0.9723222255706787,0.5153733491897583,0.19581033289432526,0.16197246313095093,0.9772363305091858,0.5540737509727478,0.19958052039146423,0.20724032819271088,0.9668777585029602,0.5198603868484497,0.1878228634595871,0.17319728434085846,0.8336840867996216,0.5505335927009583,0.1909102201461792,0.21959353983402252,0.8320118188858032,0.5158122777938843,0.14759676158428192,0.07360341399908066,0.9712660908699036,0.5602510571479797,0.1482195258140564,0.12452951818704605,0.9657338857650757
yena_sit_normal_06,264,88,8.804536082474227,29.984544049459043,10,0.5410420894622803,0.7604554295539856,-0.2055845409631729,0.9999336004257202,0.5352374911308289,0.7728256583213806,-0.19177468121051788,0.9997643232345581,0.5321857929229736,0.7726668119430542,-0.1918068826198578,0.9997572898864746,0.5296064615249634,0.7724733352661133,-0.19179822504520416,0.9997299909591675,0.5455645322799683,0.7727640867233276,-0.19144950807094574,0.9997344017028809,0.5488307476043701,0.7725552320480347,-0.19144360721111298,0.9997286796569824,0.5514575839042664,0.7722079157829285,-0.19147270917892456,0.9997290968894958,0.5245356559753418,0.7658434510231018,-0.10331298410892487,0.9995617270469666,0.5548956990242004,0.7650090456008911,-0.1021995022892952,0.9994819164276123,0.5344461798667908,0.7434288263320923,-0.17184244096279144,0.9999437928199768,0.5466054677963257,0.7427972555160522,-0.17161616683006287,0.999945878982544,0.5011085867881775,0.6779724955558777,-0.053884513676166534,0.9999776482582092,0.5758143067359924,0.6790486574172974,-0.04598607122898102,0.9999240040779114,0.49051550030708313,0.5791966319084167,-0.031409408897161484,0.9869407415390015,0.5847119688987732,0.5790864825248718,-0.026981888338923454,0.9772678017616272,0.4999799430370331,0.4844417870044708,-0.12543493509292603,0.9664860367774963,0.5746012926101685,0.48376697301864624,-0.11138145625591278,0.9594173431396484,0.5005097985267639,0.45442864298820496,-0.15511862933635712,0.9350265860557556,0.5752901434898376,0.4559113681316376,-0.13943535089492798,0.9253198504447937,0.5070849061012268,0.4600549042224884,-0.1796979308128357,0.9382349848747253,0.5684242248535156,0.4595438241958618,-0.16139283776283264,0.9282771944999695,0.5086393356323242,0.4693896472454071,-0.1364717185497284,0.9205120205879211,0.5667583346366882,0.4684200584888458,-0.12166745960712433,0.9122276902198792,0.514700174331665,0.4686378240585327,-0.00616943184286356,0.9997545480728149,0.55961012840271,0.4673725664615631,0.00616121431812644,0.9996341466903687,0.5109593868255615,0.3273667097091675,-0.01376936212182045,0.9854836463928223,0.5604035258293152,0.32646697759628296,0.019812898710370064,0.9727780818939209,0.5155690312385559,0.19635583460330963,0.15226538479328156,0.9766913056373596,0.5542016625404358,0.19958482682704926,0.19327758252620697,0.967927873134613,0.5214759707450867,0.188385009765625,0.16317696869373322,0.8337613940238953,0.5506995320320129,0.19090576469898224,0.20508496463298798,0.8319375514984131,0.5146481394767761,0.14756515622138977,0.06536257266998291,0.9709309339523315,0.5603378415107727,0.14773719012737274,0.10919084399938583,0.9664075374603271
yena_sit_normal_06,267,89,8.904587628865979,29.984544049459043,10,0.5401541590690613,0.7614796757698059,-0.19203270971775055,0.9999344348907471,0.5346032381057739,0.7742753624916077,-0.17741377651691437,0.9997637271881104,0.5317750573158264,0.7740539312362671,-0.17744295299053192,0.9997569918632507,0.5291109085083008,0.773914098739624,-0.1774308830499649,0.9997303485870361,0.5448314547538757,0.7743710279464722,-0.1778566837310791,0.9997313618659973,0.5482636094093323,0.7740619778633118,-0.177847757935524,0.9997232556343079,0.5509499907493591,0.7738391757011414,-0.17786963284015656,0.9997203350067139,0.5243598818778992,0.7664355635643005,-0.08848287910223007,0.9995419979095459,0.5546471476554871,0.7653630375862122,-0.09099338203668594,0.9994450211524963,0.5339716076850891,0.7445339560508728,-0.15842194855213165,0.9999400973320007,0.5459416508674622,0.7437151670455933,-0.15921972692012787,0.9999406933784485,0.5011124610900879,0.6780073642730713,-0.0423397421836853,0.9999768137931824,0.5756538510322571,0.6786866784095764,-0.03794991970062256,0.9999162554740906,0.4904608428478241,0.5797284841537476,-0.021311728283762932,0.9863070845603943,0.585091233253479,0.5775160789489746,-0.021680539473891258,0.9759703874588013,0.500090479850769,0.4851047098636627,-0.11490972340106964,0.9681867361068726,0.5754191875457764,0.48422378301620483,-0.10526394098997116,0.9583945274353027,0.5005552768707275,0.4547522962093353,-0.14504137635231018,0.9383880496025085,0.5759841203689575,0.45736441016197205,-0.13364791870117188,0.9244897961616516,0.5071519017219543,0.45992276072502136,-0.16908003389835358,0.94138503074646,0.5691304802894592,0.46066567301750183,-0.15565113723278046,0.9272482395172119,0.5087699890136719,0.4692986309528351,-0.12586136162281036,0.9243821501731873,0.5674641132354736,0.4689609110355377,-0.11560767143964767,0.9111794233322144,0.5147437453269958,0.4701126217842102,-0.00430110702291131,0.9997596144676208,0.5596038103103638,0.46894407272338867,0.0042792255990207195,0.9996449947357178,0.5105906128883362,0.3274059295654297,-0.008322424255311489,0.9854145050048828,0.5603716969490051,0.3264751434326172,0.016309812664985657,0.9732717871665955,0.515592634677887,0.1963881105184555,0.1537456214427948,0.9767470955848694,0.5542848110198975,0.19957417249679565,0.18500962853431702,0.9690660238265991,0.5222195386886597,0.18841592967510223,0.16416789591312408,0.8349136114120483,0.5507593154907227,0.1908787339925766,0.19617146253585815,0.8317900896072388,0.5141791701316833,0.14760243892669678,0.06624709814786911,0.9710702300071716,0.5607295632362366,0.14759153127670288,0.10016600787639618,0.9672233462333679
yena_sit_normal_06,270,90,9.004639175257731,29.984544049459043,10,0.5395001173019409,0.7624375224113464,-0.1990269124507904,0.9999348521232605,0.5340802073478699,0.7748578786849976,-0.18425990641117096,0.9997612833976746,0.5314236879348755,0.774605929851532,-0.18428555130958557,0.9997554421424866,0.528693675994873,0.7744162082672119,-0.18427260220050812,0.9997291564941406,0.5442809462547302,0.7752241492271423,-0.18448220193386078,0.9997251033782959,0.5478054285049438,0.7750465869903564,-0.184479758143425,0.9997161030769348,0.5505255460739136,0.7749292254447937,-0.1845095455646515,0.9997100830078125,0.5242463946342468,0.7663686871528625,-0.09418736398220062,0.9995220899581909,0.5544353127479553,0.766028106212616,-0.09547962248325348,0.9994035363197327,0.5336160659790039,0.7453163266181946,-0.16495655477046967,0.9999374747276306,0.5455052852630615,0.745094358921051,-0.16543348133563995,0.9999364018440247,0.5011172890663147,0.6774769425392151,-0.045666296035051346,0.9999759197235107,0.5756344199180603,0.6783962249755859,-0.038778387010097504,0.9999071955680847,0.490195631980896,0.5808427929878235,-0.022235611453652382,0.9858599901199341,0.585408091545105,0.5774087905883789,-0.017137974500656128,0.975069522857666,0.49999311566352844,0.48541611433029175,-0.11891613155603409,0.9697730541229248,0.5758950114250183,0.4843171238899231,-0.10081329941749573,0.9580130577087402,0.5005401372909546,0.45465925335884094,-0.149522066116333,0.9415110945701599,0.5763822793960571,0.4578329026699066,-0.12944066524505615,0.9244880080223083,0.5072436332702637,0.4596388041973114,-0.17401501536369324,0.9443171620368958,0.5695692896842957,0.4611523747444153,-0.15152648091316223,0.9270955324172974,0.5088737607002258,0.4689825177192688,-0.13001950085163116,0.9279634952545166,0.5678768754005432,0.46922433376312256,-0.11112105846405029,0.9110885858535767,0.5148136615753174,0.46981143951416016,-0.0038144972641021013,0.9997623562812805,0.5595068335533142,0.46879446506500244,0.0037816311232745647,0.9996526837348938,0.5108936429023743,0.32743608951568604,-0.011408062651753426,0.9856330156326294,0.5604667663574219,0.3255261182785034,0.014627466909587383,0.9740123748779297,0.5159969925880432,0.19704875349998474,0.16957755386829376,0.9770277738571167,0.5543211698532104,0.19965514540672302,0.19310523569583893,0.9702804088592529,0.5227220058441162,0.18930880725383759,0.18193481862545013,0.8349133729934692,0.5508556962013245,0.19116470217704773,0.205305814743042,0.8316795229911804,0.5145598649978638,0.147685244679451,0.08176979422569275,0.9713465571403503,0.5612574815750122,0.14716298878192902,0.10661327093839645,0.9681841135025024
yena_sit_normal_06,273,91,9.104690721649485,29.984544049459043,10,0.5392482876777649,0.7629043459892273,-0.1991463005542755,0.9999343752861023,0.5338414907455444,0.7751154899597168,-0.18433013558387756,0.999755322933197,0.5312587022781372,0.7747957706451416,-0.18435540795326233,0.9997504353523254,0.5285146832466125,0.7745144367218018,-0.1843423843383789,0.9997241497039795,0.544030487537384,0.775578498840332,-0.18456870317459106,0.9997153878211975,0.547566831111908,0.7754591703414917,-0.1845662146806717,0.9997056722640991,0.5502925515174866,0.7753661870956421,-0.18459855020046234,0.9996969103813171,0.5241920948028564,0.7660197019577026,-0.09421198070049286,0.999494731426239,0.5543049573898315,0.7662554979324341,-0.09525390714406967,0.9993565082550049,0.5334680676460266,0.7455223798751831,-0.16506488621234894,0.9999338984489441,0.545335054397583,0.7457313537597656,-0.1654798835515976,0.9999311566352844,0.5011628866195679,0.6773840188980103,-0.045087385922670364,0.9999744892120361,0.575638473033905,0.6782264709472656,-0.038467418402433395,0.9998990297317505,0.49017876386642456,0.5807401537895203,-0.020796475932002068,0.9850822687149048,0.5855318903923035,0.576833963394165,-0.014221047051250935,0.9741461277008057,0.500068187713623,0.48561519384384155,-0.11732324957847595,0.9707797765731812,0.5759065747261047,0.4831909239292145,-0.09559996426105499,0.9574746489524841,0.5006020665168762,0.4551461338996887,-0.14753665030002594,0.9436765313148499,0.5765456557273865,0.4570595622062683,-0.12399744242429733,0.924213707447052,0.507323145866394,0.45998087525367737,-0.1726175993680954,0.9463294148445129,0.5698338747024536,0.4602402150630951,-0.14669212698936462,0.9267016053199768,0.5089856386184692,0.469247967004776,-0.12873519957065582,0.9303849339485168,0.5680924654006958,0.4682391285896301,-0.10614456981420517,0.9107187390327454,0.5148607492446899,0.46951431035995483,-0.0036367883440107107,0.9997629523277283,0.559479832649231,0.46843332052230835,0.0036015361547470093,0.9996579885482788,0.5109660029411316,0.327364057302475,-0.014371002092957497,0.9860469698905945,0.5608076453208923,0.32500579953193665,0.014413741417229176,0.9750036001205444,0.5164279341697693,0.19730374217033386,0.16502469778060913,0.9776421189308167,0.5544212460517883,0.19977931678295135,0.19251874089241028,0.9716863036155701,0.5231212377548218,0.1893896460533142,0.17698867619037628,0.8359559178352356,0.5509414076805115,0.19147183001041412,0.20449191331863403,0.8332467079162598,0.51479572057724,0.14772923290729523,0.07500244677066803,0.9719924330711365,0.5615272521972656,0.1470719575881958,0.1052919328212738,0.9694321751594543
yena_sit_normal_06,276,92,9.204742268041237,29.984544049459043,10,0.5392346978187561,0.7626943588256836,-0.1986439824104309,0.9999334812164307,0.5337855219841003,0.7750634551048279,-0.18415792286396027,0.9997473955154419,0.5312103629112244,0.7747071385383606,-0.18418331444263458,0.9997435212135315,0.5284740924835205,0.7744011282920837,-0.18416911363601685,0.9997170567512512,0.5439985394477844,0.7754282355308533,-0.1841924786567688,0.9997043013572693,0.5475032925605774,0.7753072381019592,-0.18418997526168823,0.999693751335144,0.5502315163612366,0.7751400470733643,-0.18422511219978333,0.9996819496154785,0.5241563320159912,0.7657473683357239,-0.09550860524177551,0.9994639754295349,0.5542286038398743,0.7659599781036377,-0.0955672487616539,0.9993090629577637,0.5334388017654419,0.7453110218048096,-0.16506324708461761,0.9999301433563232,0.5453115105628967,0.7454943060874939,-0.165202796459198,0.9999258518218994,0.5011867880821228,0.6774568557739258,-0.047669146209955215,0.9999732971191406,0.5756546854972839,0.6782082915306091,-0.03953440114855766,0.9998924136161804,0.49016010761260986,0.5807011127471924,-0.02512749284505844,0.9845384359359741,0.5857990980148315,0.5764221549034119,-0.016386762261390686,0.9733964800834656,0.5000479817390442,0.4863293170928955,-0.1222933754324913,0.9718367457389832,0.5760893225669861,0.4827045500278473,-0.0981234461069107,0.9571756720542908,0.5005484819412231,0.4558549225330353,-0.1525440365076065,0.9459102749824524,0.5770184397697449,0.45678621530532837,-0.12638439238071442,0.9243119955062866,0.5072530508041382,0.4608754813671112,-0.1774653047323227,0.9484099745750427,0.5702143907546997,0.46000954508781433,-0.14909525215625763,0.9266750812530518,0.5089365839958191,0.4702625274658203,-0.133611261844635,0.9329128861427307,0.5683637261390686,0.46792736649513245,-0.10870423167943954,0.9108021259307861,0.514866292476654,0.4691693186759949,-0.0036307864356786013,0.9997639656066895,0.5594121217727661,0.46774452924728394,0.003596025286242366,0.9996640086174011,0.5108211040496826,0.3271339237689972,-0.010448416694998741,0.9864161610603333,0.5609768629074097,0.32465746998786926,0.019984684884548187,0.9759043455123901,0.5166119337081909,0.1973610818386078,0.16365119814872742,0.978173017501831,0.5544825196266174,0.20000629127025604,0.19710689783096313,0.9728606939315796,0.5232808589935303,0.1893395632505417,0.17505592107772827,0.8370766639709473,0.5510179996490479,0.19161579012870789,0.2090751677751541,0.8346843123435974,0.5149520635604858,0.1478079855442047,0.07350024580955505,0.9725317358970642,0.5615255832672119,0.14709776639938354,0.11172358691692352,0.9704521298408508
yena_sit_normal_06,279,93,9.304793814432989,29.984544049459043,10,0.5393031239509583,0.7621713280677795,-0.19929416477680206,0.9999343156814575,0.5337944030761719,0.7747961282730103,-0.1849329024553299,0.9997475147247314,0.5312138199806213,0.7744397521018982,-0.1849600225687027,0.9997439980506897,0.5284928679466248,0.7741681933403015,-0.18494924902915955,0.9997182488441467,0.5440052151679993,0.7751191258430481,-0.18469057977199554,0.9997032284736633,0.5475092530250549,0.775075376033783,-0.18468724191188812,0.999691903591156,0.5502379536628723,0.7749348282814026,-0.18472005426883698,0.9996788501739502,0.5241640210151672,0.7655622959136963,-0.09697399288415909,0.9994564056396484,0.5542152523994446,0.7658346891403198,-0.09562118351459503,0.9992908835411072,0.5334965586662292,0.7447332143783569,-0.16592854261398315,0.9999293684959412,0.5453714728355408,0.7451276183128357,-0.165686696767807,0.9999241232872009,0.5013781785964966,0.6776137351989746,-0.0507466085255146,0.9999728798866272,0.5756812691688538,0.677890419960022,-0.03829985111951828,0.9998878240585327,0.49019134044647217,0.5806384086608887,-0.028843361884355545,0.9841449856758118,0.5860021710395813,0.5758859515190125,-0.01600743643939495,0.9725216627120972,0.5001068711280823,0.48607930541038513,-0.12541447579860687,0.9727364778518677,0.5761417150497437,0.48255982995033264,-0.09960229694843292,0.9568613767623901,0.5006317496299744,0.455655038356781,-0.15586259961128235,0.9478940367698669,0.5772190690040588,0.4566108286380768,-0.12794187664985657,0.9243834614753723,0.5072978734970093,0.46061569452285767,-0.1804090142250061,0.9502450823783875,0.5703648924827576,0.4598769247531891,-0.1507171243429184,0.9266266822814941,0.5089951157569885,0.4699494540691376,-0.13656017184257507,0.9351444840431213,0.5684458017349243,0.46781957149505615,-0.1102595254778862,0.9108537435531616,0.5148848295211792,0.46877211332321167,-0.004659437108784914,0.9997690320014954,0.5594003200531006,0.46738892793655396,0.004620723892003298,0.9996713995933533,0.5108537077903748,0.32692644000053406,-0.014790735207498074,0.9868857860565186,0.5610320568084717,0.3243451714515686,0.02731449529528618,0.9767274260520935,0.5167003870010376,0.1973828822374344,0.1600181609392166,0.9787686467170715,0.5545053482055664,0.20054323971271515,0.20885103940963745,0.9739581942558289,0.523348331451416,0.18934045732021332,0.17154964804649353,0.8378871083259583,0.551077663898468,0.19216288626194,0.22147740423679352,0.8367399573326111,0.5150191187858582,0.14788027107715607,0.07017943263053894,0.9731828570365906,0.5615447759628296,0.14717552065849304,0.12635870277881622,0.9714749455451965
yena_sit_normal_06,282,94,9.404845360824742,29.984544049459043,10,0.5394166707992554,0.7621243596076965,-0.2036769986152649,0.9999358654022217,0.5338098406791687,0.7748389840126038,-0.18950733542442322,0.9997509121894836,0.5312217473983765,0.7744753956794739,-0.18953396379947662,0.9997475147247314,0.5285329222679138,0.7742242813110352,-0.18952246010303497,0.9997224807739258,0.5440544486045837,0.7751274108886719,-0.1891816407442093,0.9997069835662842,0.5475231409072876,0.7751158475875854,-0.18917927145957947,0.9996950030326843,0.5502678155899048,0.7749775648117065,-0.18921232223510742,0.9996811747550964,0.5241784453392029,0.7655985951423645,-0.10177440941333771,0.9994572401046753,0.554216206073761,0.7658640742301941,-0.09994398057460785,0.9992885589599609,0.5335772633552551,0.744621217250824,-0.17033597826957703,0.9999297261238098,0.5454708933830261,0.744970977306366,-0.1699625551700592,0.999923825263977,0.5014610886573792,0.677553117275238,-0.055063795298337936,0.9999724626541138,0.5757400989532471,0.6776371598243713,-0.042498815804719925,0.9998853206634521,0.490207314491272,0.580720067024231,-0.03319976106286049,0.9838692545890808,0.5861908197402954,0.5755681395530701,-0.021296700462698936,0.9721025228500366,0.5001100301742554,0.48580509424209595,-0.12920540571212769,0.9736009240150452,0.5761831402778625,0.4825100898742676,-0.10508269816637039,0.9569793343544006,0.5006092190742493,0.455163836479187,-0.15947771072387695,0.9497572183609009,0.57735276222229,0.4564448297023773,-0.1331224888563156,0.924980878829956,0.5072528123855591,0.4601300358772278,-0.1839694082736969,0.9519640207290649,0.5704013705253601,0.45982837677001953,-0.15555568039417267,0.927087664604187,0.508975088596344,0.46951839327812195,-0.1402868926525116,0.9372400045394897,0.5684506297111511,0.4678158760070801,-0.11553680151700974,0.9114727973937988,0.5148968696594238,0.46841830015182495,-0.0054296040907502174,0.9997736215591431,0.559407114982605,0.467176616191864,0.005391551181674004,0.9996790885925293,0.5108292102813721,0.3267287313938141,-0.014524704776704311,0.987417995929718,0.5611740350723267,0.32434383034706116,0.03265111520886421,0.9777069091796875,0.5167386531829834,0.19746728241443634,0.15743274986743927,0.9794776439666748,0.5545801520347595,0.20110496878623962,0.21491719782352448,0.9751383066177368,0.5233787894248962,0.18932808935642242,0.1686106026172638,0.8402087092399597,0.551123857498169,0.19273656606674194,0.22760312259197235,0.8400682210922241,0.5151578187942505,0.14846619963645935,0.06722326576709747,0.9740213751792908,0.5616351366043091,0.14738233387470245,0.1331896185874939,0.9726028442382812
yena_sit_normal_06,285,95,9.504896907216494,29.984544049459043,10,0.5395090579986572,0.7621332406997681,-0.19983695447444916,0.999936580657959,0.5338350534439087,0.7748631238937378,-0.18549121916294098,0.9997513890266418,0.5312363505363464,0.7744895219802856,-0.18551871180534363,0.9997484087944031,0.5285791754722595,0.7742660045623779,-0.185505673289299,0.9997236728668213,0.5441251993179321,0.7751103043556213,-0.18536606431007385,0.9997069239616394,0.5475576519966125,0.7750935554504395,-0.1853630691766739,0.9996945858001709,0.5503299236297607,0.7749394178390503,-0.1853962540626526,0.9996798038482666,0.5241950154304504,0.7656477093696594,-0.09765206277370453,0.9994516968727112,0.5542275905609131,0.7657966613769531,-0.09673019498586655,0.9992788434028625,0.5336290597915649,0.7446227669715881,-0.16653481125831604,0.9999291300773621,0.5455573797225952,0.7448741793632507,-0.16640765964984894,0.999922513961792,0.5014902353286743,0.6776091456413269,-0.05158620700240135,0.9999719262123108,0.5757898688316345,0.6775939464569092,-0.04110889509320259,0.9998821020126343,0.490224152803421,0.5808612108230591,-0.030179759487509727,0.9834364652633667,0.5863516330718994,0.5754351019859314,-0.021290970966219902,0.9716189503669739,0.500167191028595,0.48555314540863037,-0.12663313746452332,0.9741944074630737,0.5762577056884766,0.4823513329029083,-0.10558053106069565,0.9567861557006836,0.5006242990493774,0.4548894166946411,-0.1568896621465683,0.9511518478393555,0.5774076581001282,0.4561607539653778,-0.13388563692569733,0.9250872731208801,0.5072270035743713,0.4597401022911072,-0.18150411546230316,0.9532467126846313,0.5704236626625061,0.4596424102783203,-0.15633709728717804,0.9270818829536438,0.5089844465255737,0.4691401422023773,-0.13780851662158966,0.9388047456741333,0.568477213382721,0.4676300287246704,-0.1160968691110611,0.9115473628044128,0.5149135589599609,0.4683593511581421,-0.005475176032632589,0.9997766017913818,0.5594258904457092,0.4671846032142639,0.005439181812107563,0.9996840357780457,0.510863184928894,0.32677266001701355,-0.014162962324917316,0.9878100752830505,0.561173677444458,0.32431691884994507,0.028737206012010574,0.9784474968910217,0.5167526602745056,0.19752433896064758,0.15552249550819397,0.9800464510917664,0.554625391960144,0.20124325156211853,0.20709165930747986,0.9760527610778809,0.5233667492866516,0.18917474150657654,0.1664462834596634,0.8417046666145325,0.5511482357978821,0.192833811044693,0.21936245262622833,0.841796875,0.5152645111083984,0.1485063135623932,0.06488064676523209,0.9746636152267456,0.5615986585617065,0.1475660651922226,0.12439180165529251,0.9734573364257812
yena_sit_normal_06,288,96,9.604948453608246,29.984544049459043,10,0.5398095846176147,0.7622013092041016,-0.19469600915908813,0.9999362230300903,0.5339809656143188,0.7750864624977112,-0.18049049377441406,0.9997472763061523,0.5313074588775635,0.7747024297714233,-0.18052002787590027,0.9997445940971375,0.5287309288978577,0.7744854688644409,-0.1805087774991989,0.9997197389602661,0.5443662405014038,0.7752866744995117,-0.1799955666065216,0.999701976776123,0.5477167963981628,0.7752985954284668,-0.17999155819416046,0.9996888637542725,0.5505513548851013,0.7750762104988098,-0.1800241321325302,0.9996733069419861,0.5242471098899841,0.7657771706581116,-0.09411349147558212,0.9994389414787292,0.5542721152305603,0.7658696174621582,-0.09141206741333008,0.9992567896842957,0.5338180065155029,0.7446128129959106,-0.16199231147766113,0.9999273419380188,0.5458194017410278,0.7448464632034302,-0.16136164963245392,0.9999198317527771,0.5016074776649475,0.6778086423873901,-0.050434134900569916,0.9999710321426392,0.5758607387542725,0.6775140762329102,-0.035935621708631516,0.9998783469200134,0.4902409017086029,0.580836296081543,-0.029434584081172943,0.9828985333442688,0.586574912071228,0.5759083032608032,-0.016741598024964333,0.9706116318702698,0.5001741051673889,0.4853346049785614,-0.12376652657985687,0.9743688702583313,0.5763073563575745,0.48263561725616455,-0.1016172468662262,0.9560077786445618,0.5005782842636108,0.4547346830368042,-0.1536792814731598,0.9518960118293762,0.5773928761482239,0.45620375871658325,-0.12980231642723083,0.9243656992912292,0.5071303248405457,0.45956116914749146,-0.17789797484874725,0.9538928270339966,0.570404589176178,0.459822416305542,-0.15225283801555634,0.9262689352035522,0.5089096426963806,0.4689537584781647,-0.13476605713367462,0.9396016597747803,0.5684725642204285,0.4678650200366974,-0.11224634200334549,0.910780668258667,0.5149513483047485,0.46830084919929504,-0.006639672443270683,0.9997777342796326,0.5595344305038452,0.4672408998012543,0.006609803531318903,0.9996867775917053,0.5109267234802246,0.3268178105354309,-0.013973698019981384,0.988086998462677,0.5611778497695923,0.3242737948894501,0.02966940961778164,0.978942334651947,0.516768217086792,0.19754382967948914,0.15409110486507416,0.9804229736328125,0.5546700954437256,0.2012731283903122,0.20506836473941803,0.9767229557037354,0.5233544111251831,0.1890203207731247,0.16485317051410675,0.841367781162262,0.551100492477417,0.19284576177597046,0.21708492934703827,0.8432632684707642,0.5153493285179138,0.1484321504831314,0.06385490298271179,0.9750380516052246,0.5616716146469116,0.14758150279521942,0.1230601817369461,0.9740509390830994
yena_sit_normal_06,291,97,9.705,29.984544049459043,10,0.5401484966278076,0.762047529220581,-0.20035235583782196,0.999937117099762,0.5342128872871399,0.7751672267913818,-0.18633969128131866,0.999748706817627,0.5314290523529053,0.774772584438324,-0.18636749684810638,0.9997461438179016,0.5289630889892578,0.7745330333709717,-0.18635700643062592,0.9997215867042542,0.5447131395339966,0.7753450274467468,-0.18581441044807434,0.9997039437294006,0.5479682683944702,0.7753706574440002,-0.18581244349479675,0.9996903538703918,0.55088210105896,0.7750519514083862,-0.18584468960762024,0.9996742606163025,0.5243334770202637,0.7657432556152344,-0.09960328787565231,0.9994380474090576,0.554364800453186,0.7658049464225769,-0.09674546867609024,0.9992521405220032,0.5340479612350464,0.7443414330482483,-0.1673961728811264,0.9999272227287292,0.5461355447769165,0.7445257306098938,-0.1667509824037552,0.9999191761016846,0.5017138123512268,0.677968442440033,-0.05395882576704025,0.9999703764915466,0.5759760737419128,0.6775084137916565,-0.03983105719089508,0.9998756051063538,0.49025386571884155,0.5807022452354431,-0.032317254692316055,0.982660710811615,0.5871464014053345,0.5762118697166443,-0.0200346726924181,0.9699040651321411,0.5002370476722717,0.4850584864616394,-0.12586984038352966,0.9747447967529297,0.5763574242591858,0.48278170824050903,-0.10399913042783737,0.9553728699684143,0.5006386637687683,0.45445165038108826,-0.15566901862621307,0.9528194665908813,0.5773207545280457,0.4560755491256714,-0.13180409371852875,0.9237412214279175,0.507196307182312,0.45930320024490356,-0.17985734343528748,0.9547257423400879,0.5703228712081909,0.45988520979881287,-0.15413890779018402,0.9255390763282776,0.5089771747589111,0.468670517206192,-0.13678699731826782,0.9406113624572754,0.5684159994125366,0.4680017828941345,-0.1144268587231636,0.9100027680397034,0.5149954557418823,0.468243271112442,-0.007159357890486717,0.9997794032096863,0.5596543550491333,0.46720972657203674,0.007132088299840689,0.9996901154518127,0.5109731554985046,0.3268541991710663,-0.013499366119503975,0.988420307636261,0.5612018704414368,0.3242517113685608,0.032368313521146774,0.9795901775360107,0.5167896747589111,0.19766230881214142,0.15394188463687897,0.9809222221374512,0.5548107624053955,0.2013707309961319,0.20957647264003754,0.9775477051734924,0.5233625173568726,0.1890215426683426,0.16462652385234833,0.8428268432617188,0.5511115193367004,0.19291822612285614,0.22176890075206757,0.8457023501396179,0.5154284238815308,0.14845307171344757,0.06333282589912415,0.9756160974502563,0.5617539882659912,0.1476256251335144,0.12748010456562042,0.974811315536499
yena_sit_normal_06,294,98,9.805051546391752,29.984544049459043,10,0.540688693523407,0.7617316246032715,-0.20323511958122253,0.9999368190765381,0.5346351265907288,0.7749863862991333,-0.18935929238796234,0.9997451901435852,0.5316714644432068,0.7745792269706726,-0.18938663601875305,0.999742865562439,0.5293530225753784,0.7742264270782471,-0.18937639892101288,0.9997179508209229,0.5452099442481995,0.7751609086990356,-0.18881410360336304,0.9997003674507141,0.5483954548835754,0.7751585245132446,-0.18881335854530334,0.9996862411499023,0.551429033279419,0.7747011184692383,-0.18884634971618652,0.9996693134307861,0.5245365500450134,0.7653530240058899,-0.10260312259197235,0.9994252324104309,0.5545709729194641,0.7654229998588562,-0.09963122010231018,0.9992337226867676,0.5344135165214539,0.743923544883728,-0.17018921673297882,0.9999254941940308,0.5466741919517517,0.7441228032112122,-0.16955432295799255,0.9999169111251831,0.5020968914031982,0.6783397793769836,-0.0548357293009758,0.9999693632125854,0.5761482119560242,0.6773064136505127,-0.04173852503299713,0.9998719096183777,0.49030548334121704,0.5806758999824524,-0.03273765370249748,0.9822927117347717,0.5875688791275024,0.5759627223014832,-0.021781887859106064,0.9691644906997681,0.5002733469009399,0.4847007393836975,-0.12692491710186005,0.9748876690864563,0.5763937830924988,0.48263031244277954,-0.10444971174001694,0.9546602964401245,0.5006517171859741,0.4539763629436493,-0.15670032799243927,0.9533801078796387,0.5772467851638794,0.45573219656944275,-0.13273340463638306,0.923014223575592,0.5072142481803894,0.4587955176830292,-0.18074564635753632,0.9552080035209656,0.5702466368675232,0.4595605432987213,-0.15509437024593353,0.9247286319732666,0.5090159773826599,0.46814289689064026,-0.1378154158592224,0.9411810636520386,0.568364679813385,0.4676778018474579,-0.1151399090886116,0.9091637134552002,0.5150090456008911,0.4682827889919281,-0.007949980907142162,0.9997785687446594,0.5596956610679626,0.46710699796676636,0.007922865450382233,0.9996912479400635,0.5110130906105042,0.3268812298774719,-0.010350558906793594,0.9887604117393494,0.561198353767395,0.32427242398262024,0.03438127040863037,0.9802523851394653,0.5168069005012512,0.197684183716774,0.1575966477394104,0.9814655184745789,0.5548319220542908,0.2013750672340393,0.21064573526382446,0.9783579707145691,0.5232953429222107,0.18879401683807373,0.16828890144824982,0.8445044755935669,0.5510914325714111,0.1928822249174118,0.22275996208190918,0.8484274744987488,0.5154445767402649,0.14848864078521729,0.06693421304225922,0.9762094020843506,0.5620517730712891,0.1478012055158615,0.12841977179050446,0.9755459427833557
yena_sit_normal_06,297,99,9.905103092783504,29.984544049459043,10,0.5408740639686584,0.761474609375,-0.2064753919839859,0.9999376535415649,0.5348284244537354,0.7748209834098816,-0.1920740306377411,0.9997477531433105,0.5318037867546082,0.7744309306144714,-0.19209960103034973,0.9997451305389404,0.529606819152832,0.7740287184715271,-0.1920807957649231,0.9997200965881348,0.5454593300819397,0.7747933864593506,-0.19157463312149048,0.9997044205665588,0.5486259460449219,0.7747448682785034,-0.1915718913078308,0.999690055847168,0.5517786741256714,0.7742506861686707,-0.19160643219947815,0.9996726512908936,0.5248293280601501,0.7651154398918152,-0.10494642704725266,0.9994261264801025,0.5548127293586731,0.7649791836738586,-0.10236157476902008,0.9992386698722839,0.5345404148101807,0.7436676621437073,-0.17362627387046814,0.9999256134033203,0.5469999313354492,0.7436729073524475,-0.1730695217847824,0.9999169707298279,0.5024837851524353,0.6781244874000549,-0.06033826991915703,0.9999685287475586,0.5765650868415833,0.6766846179962158,-0.04685042425990105,0.9998698234558105,0.4905420243740082,0.579935610294342,-0.03881331905722618,0.9819079637527466,0.5876931548118591,0.5751904845237732,-0.03356762230396271,0.968524694442749,0.50033038854599,0.4842193126678467,-0.1334255039691925,0.9750919938087463,0.576429009437561,0.4821108877658844,-0.12390954047441483,0.954189121723175,0.5006664395332336,0.4535824954509735,-0.16341109573841095,0.9540594220161438,0.5772307515144348,0.45522192120552063,-0.15293101966381073,0.9227447509765625,0.507228672504425,0.45849451422691345,-0.18752507865428925,0.9558038115501404,0.5702149271965027,0.45904815196990967,-0.17445440590381622,0.9243393540382385,0.5090699195861816,0.4678662419319153,-0.14430181682109833,0.9419400691986084,0.5683544874191284,0.46717965602874756,-0.1342727243900299,0.9087597727775574,0.5150102376937866,0.46814432740211487,-0.00800967589020729,0.9997807741165161,0.5596972703933716,0.46698760986328125,0.00798402726650238,0.9996958374977112,0.511045515537262,0.3268545866012573,-0.005231545772403479,0.9889897108078003,0.5611812472343445,0.3242737650871277,0.04139058664441109,0.9806849360466003,0.5168200731277466,0.19771403074264526,0.1629212349653244,0.9817546010017395,0.554852306842804,0.20138435065746307,0.22275087237358093,0.9788567423820496,0.5232893824577332,0.18861187994480133,0.17375212907791138,0.8462895750999451,0.5510885119438171,0.19285650551319122,0.23558425903320312,0.8502975106239319,0.5154761672019958,0.14850099384784698,0.07399177551269531,0.976589560508728,0.5622466206550598,0.1480945199728012,0.14311866462230682,0.9759687781333923
yena_sit_normal_06,300,100,10.005154639175258,29.984544049459043,10,0.5415038466453552,0.7601907849311829,-0.21755027770996094,0.999939501285553,0.5355269908905029,0.7728759050369263,-0.20384898781776428,0.9997548460960388,0.532309889793396,0.7726386785507202,-0.20386920869350433,0.9997513294219971,0.5302065014839172,0.7721545100212097,-0.2038431614637375,0.9997260570526123,0.5460698008537292,0.7731720805168152,-0.203216090798378,0.9997146129608154,0.5492933988571167,0.772838830947876,-0.20321935415267944,0.999700665473938,0.5525263547897339,0.7725645899772644,-0.20325298607349396,0.9996840357780457,0.5255258679389954,0.7642419338226318,-0.11585202813148499,0.9994369149208069,0.5553339719772339,0.7647754549980164,-0.11296672374010086,0.9992653727531433,0.5353879332542419,0.7424808740615845,-0.18397873640060425,0.999926745891571,0.54786616563797,0.7427142858505249,-0.18329712748527527,0.999919056892395,0.503079354763031,0.6775573492050171,-0.06632166355848312,0.9999675750732422,0.5773769021034241,0.6766062378883362,-0.052860673516988754,0.9998714923858643,0.4905783534049988,0.5795441269874573,-0.04209989309310913,0.9816508889198303,0.5878552794456482,0.57462477684021,-0.03971477597951889,0.9684392213821411,0.5004538893699646,0.48392146825790405,-0.13707080483436584,0.9752347469329834,0.5764006972312927,0.48175132274627686,-0.13736191391944885,0.9548473954200745,0.5006846785545349,0.4535391628742218,-0.1671609729528427,0.9545484781265259,0.5772097706794739,0.4548690617084503,-0.1672924906015396,0.9241064190864563,0.5073295831680298,0.4584156274795532,-0.19145384430885315,0.9561999440193176,0.5701755285263062,0.45871925354003906,-0.18886850774288177,0.9256061911582947,0.509365439414978,0.4677972197532654,-0.14801397919654846,0.9424757957458496,0.56832355260849,0.46693238615989685,-0.14768904447555542,0.910186767578125,0.5149787068367004,0.4677683413028717,-0.008066240698099136,0.9997793436050415,0.5596990585327148,0.4655688405036926,0.008043085224926472,0.9996987581253052,0.5110583901405334,0.32686397433280945,-0.0018322716932743788,0.9892092943191528,0.5612933039665222,0.3242729902267456,0.040637072175741196,0.9812209606170654,0.5168357491493225,0.1977311074733734,0.16615895926952362,0.9819642901420593,0.5548911690711975,0.20125137269496918,0.21828332543373108,0.9794611930847168,0.5231042504310608,0.18865817785263062,0.17688751220703125,0.8477566242218018,0.5510622262954712,0.19246847927570343,0.23069064319133759,0.8535832762718201,0.5154038071632385,0.1485603153705597,0.0775822103023529,0.9768595099449158,0.5625839829444885,0.14823457598686218,0.1378300040960312,0.9764502644538879
yena_sit_normal_06,303,101,10.10520618556701,29.984544049459043,10,0.54278564453125,0.7544476389884949,-0.23361250758171082,0.9999420046806335,0.5370871424674988,0.7675583362579346,-0.2200860232114792,0.9997649192810059,0.533629298210144,0.7672398090362549,-0.22010451555252075,0.999761164188385,0.5310890078544617,0.7667735815048218,-0.22007866203784943,0.999735951423645,0.5475322008132935,0.7672805190086365,-0.21904590725898743,0.9997268319129944,0.5509531497955322,0.7666453719139099,-0.21905535459518433,0.9997132420539856,0.5538173317909241,0.7660613656044006,-0.2190881371498108,0.9996973276138306,0.5265412330627441,0.7591104507446289,-0.12935592234134674,0.999457836151123,0.5563560724258423,0.7582612037658691,-0.12444080412387848,0.9992982149124146,0.5362756848335266,0.7383515238761902,-0.19872316718101501,0.9999286532402039,0.5493971705436707,0.7381473779678345,-0.1974526345729828,0.9999217391014099,0.5033050179481506,0.6757671236991882,-0.07562077045440674,0.9999668598175049,0.5781592726707458,0.6729511618614197,-0.059824388474226,0.9998729228973389,0.4908287823200226,0.575150191783905,-0.053498525172472,0.9812485575675964,0.5882577300071716,0.5712154507637024,-0.048614952713251114,0.9684789180755615,0.5013123750686646,0.4806341528892517,-0.15123483538627625,0.9749065637588501,0.576389729976654,0.4801397919654846,-0.15255984663963318,0.9551207423210144,0.5010509490966797,0.4495910406112671,-0.18223394453525543,0.9541221857070923,0.5771883130073547,0.45233699679374695,-0.18373455107212067,0.924597442150116,0.5078635811805725,0.4543869197368622,-0.20633520185947418,0.9557260274887085,0.5700461864471436,0.45633137226104736,-0.2043977826833725,0.9260340929031372,0.5102489590644836,0.46301567554473877,-0.16224738955497742,0.9419203400611877,0.568209707736969,0.46492499113082886,-0.1626586765050888,0.910672664642334,0.5156375765800476,0.4630882441997528,-0.008778845891356468,0.9997753500938416,0.5600356459617615,0.46072039008140564,0.008760401047766209,0.999700129032135,0.5114797353744507,0.32663577795028687,-0.0014540442498400807,0.989374577999115,0.561514139175415,0.32416993379592896,0.03695002943277359,0.9818997383117676,0.5167944431304932,0.19779518246650696,0.17663641273975372,0.9821917414665222,0.554884135723114,0.20125092566013336,0.22075268626213074,0.9800779223442078,0.5226023197174072,0.18912532925605774,0.18840570747852325,0.8485645055770874,0.550723135471344,0.19251544773578644,0.23394761979579926,0.857041597366333,0.5154470205307007,0.14860224723815918,0.08673546463251114,0.977199375629425,0.5625816583633423,0.148246631026268,0.13975971937179565,0.9770050644874573
yena_sit_normal_06,306,102,10.205257731958763,29.984544049459043,10,0.5437983274459839,0.7365025281906128,-0.2525104582309723,0.9999433755874634,0.5385496616363525,0.7522771954536438,-0.24107523262500763,0.9997695088386536,0.5351213812828064,0.752750813961029,-0.24108575284481049,0.9997656941413879,0.5321406722068787,0.7530263662338257,-0.24106432497501373,0.9997403025627136,0.5487247705459595,0.7507362365722656,-0.23958425223827362,0.9997329115867615,0.5521814823150635,0.750365674495697,-0.23959358036518097,0.9997182488441467,0.5546247363090515,0.7499557733535767,-0.23961956799030304,0.9997020363807678,0.5277445912361145,0.7476402521133423,-0.15200872719287872,0.9994714856147766,0.557148277759552,0.7446796894073486,-0.14492152631282806,0.999315083026886,0.5368881821632385,0.7229677438735962,-0.21719399094581604,0.9999287724494934,0.5499762296676636,0.721413791179657,-0.2153024822473526,0.9999222159385681,0.5033501386642456,0.6694689393043518,-0.09528432786464691,0.9999673366546631,0.5784977078437805,0.6654199957847595,-0.07055961340665817,0.9998761415481567,0.4908648431301117,0.5680538415908813,-0.06980330497026443,0.9816482663154602,0.5882511138916016,0.5659522414207458,-0.04771443456411362,0.9682011604309082,0.5023282170295715,0.4755500555038452,-0.16320829093456268,0.9754616618156433,0.5755645632743835,0.47745153307914734,-0.14505109190940857,0.9554237723350525,0.5015151500701904,0.4434082806110382,-0.1946256160736084,0.955061674118042,0.5763738751411438,0.44814202189445496,-0.1748657077550888,0.9251919388771057,0.5084367394447327,0.44852131605148315,-0.21874608099460602,0.9565950036048889,0.5692645907402039,0.45214033126831055,-0.19728676974773407,0.9266178607940674,0.5111070871353149,0.4572264850139618,-0.1740242838859558,0.9429503679275513,0.5674451589584351,0.46127116680145264,-0.1556663066148758,0.9113054871559143,0.5158321857452393,0.45773380994796753,-0.01078462041914463,0.999767541885376,0.5601068139076233,0.4555051624774933,0.010775274597108364,0.9996985197067261,0.5123224854469299,0.32560834288597107,0.003162587992846966,0.989509642124176,0.5622678399085999,0.3236600160598755,0.0385994054377079,0.982647180557251,0.5167377591133118,0.19782085716724396,0.17883704602718353,0.9824861884117126,0.5548652410507202,0.2008870244026184,0.2243984490633011,0.9808204174041748,0.5218079090118408,0.18925705552101135,0.190262109041214,0.8499531745910645,0.5503991842269897,0.19225814938545227,0.2377220094203949,0.8625563979148865,0.5154723525047302,0.14875762164592743,0.0890958309173584,0.9776193499565125,0.5634459257125854,0.14825958013534546,0.14603057503700256,0.977695882320404
yena_sit_normal_06,309,103,10.305309278350515,29.984544049459043,10,0.5441916584968567,0.7186839580535889,-0.2828558087348938,0.9999459981918335,0.5392247438430786,0.7353582978248596,-0.2713792026042938,0.9997793436050415,0.535888671875,0.7362186908721924,-0.27137652039527893,0.999775767326355,0.5327386260032654,0.7370306849479675,-0.2713567912578583,0.9997504353523254,0.5494259595870972,0.7339502573013306,-0.2708801031112671,0.9997453689575195,0.5530385971069336,0.7335615158081055,-0.27090397477149963,0.9997312426567078,0.5552833080291748,0.7332116365432739,-0.2709316611289978,0.9997151494026184,0.5288032293319702,0.7349569797515869,-0.1784885823726654,0.9994950294494629,0.5581647753715515,0.7304943799972534,-0.17609867453575134,0.9993520379066467,0.5372984409332275,0.7048426270484924,-0.24562479555606842,0.9999308586120605,0.5502011179924011,0.7020070552825928,-0.2450750470161438,0.9999249577522278,0.5034353733062744,0.6608360409736633,-0.11241631209850311,0.9999682307243347,0.5789563655853271,0.6544426679611206,-0.09813371300697327,0.999881386756897,0.4908697009086609,0.5585934519767761,-0.0812736228108406,0.9821810126304626,0.5882527828216553,0.5560601949691772,-0.07092475891113281,0.9692968130111694,0.5032066702842712,0.469777375459671,-0.17727136611938477,0.9760861992835999,0.5744441747665405,0.46851983666419983,-0.16270698606967926,0.9565531015396118,0.5018730163574219,0.43727466464042664,-0.20923671126365662,0.9558754563331604,0.5756717324256897,0.4379076063632965,-0.19324444234371185,0.9264921545982361,0.5090963840484619,0.442984938621521,-0.23405703902244568,0.9573837518692017,0.568126380443573,0.44146209955215454,-0.21455906331539154,0.9278550744056702,0.5118916034698486,0.4517861008644104,-0.18839555978775024,0.9438510537147522,0.5662557482719421,0.45086470246315,-0.17249946296215057,0.9124755859375,0.515845537185669,0.4509972631931305,-0.010671181604266167,0.9997599124908447,0.5601129531860352,0.4492041766643524,0.010662556625902653,0.9996976852416992,0.5148562788963318,0.3218494653701782,0.0027614396531134844,0.989669144153595,0.5624734163284302,0.32214275002479553,0.0395602323114872,0.9832987189292908,0.5164376497268677,0.19783498346805573,0.19014929234981537,0.9827379584312439,0.554791271686554,0.20088450610637665,0.23782934248447418,0.9814296960830688,0.5207350850105286,0.18944504857063293,0.20317134261131287,0.8519898056983948,0.5499189496040344,0.19235441088676453,0.2525574564933777,0.8671731352806091,0.5158694982528687,0.14877168834209442,0.10154398530721664,0.9780403971672058,0.5634291172027588,0.14825579524040222,0.15922613441944122,0.9781786203384399
yena_sit_normal_06,312,104,10.405360824742267,29.984544049459043,10,0.5441888570785522,0.6973479390144348,-0.30883774161338806,0.9999489784240723,0.539356529712677,0.7140834331512451,-0.2981058359146118,0.9997915029525757,0.5360270738601685,0.7150716185569763,-0.29810282588005066,0.9997876882553101,0.5329722166061401,0.7158008217811584,-0.29809141159057617,0.9997633099555969,0.5496712923049927,0.7128174901008606,-0.29819849133491516,0.9997601509094238,0.5533716678619385,0.7128627896308899,-0.29823237657546997,0.9997469186782837,0.5556325316429138,0.7129238247871399,-0.2982485890388489,0.9997318983078003,0.5291127562522888,0.7160449028015137,-0.20327085256576538,0.999521791934967,0.5586978793144226,0.7134407758712769,-0.20420339703559875,0.9993966817855835,0.5373827219009399,0.6850037574768066,-0.27049490809440613,0.9999340772628784,0.5501338839530945,0.6821446418762207,-0.27084410190582275,0.9999293684959412,0.5034290552139282,0.6468009948730469,-0.12851165235042572,0.9999700784683228,0.5793630480766296,0.6423725485801697,-0.12676368653774261,0.9998899102210999,0.49108660221099854,0.5451784133911133,-0.0962858647108078,0.983002245426178,0.5879433751106262,0.5417507886886597,-0.10065063089132309,0.9711202383041382,0.5044116377830505,0.46012523770332336,-0.19193117320537567,0.9770236015319824,0.5720088481903076,0.4545770287513733,-0.19099806249141693,0.9581700563430786,0.503183901309967,0.4288061857223511,-0.2247980535030365,0.9570925235748291,0.5735260844230652,0.42451390624046326,-0.222555011510849,0.9284825325012207,0.510613203048706,0.4348922669887543,-0.2493048459291458,0.9585694670677185,0.5655012726783752,0.4277782440185547,-0.2442125529050827,0.9297957420349121,0.513320803642273,0.44339433312416077,-0.2030334323644638,0.9451972842216492,0.5638195276260376,0.4377816319465637,-0.20074930787086487,0.9143607020378113,0.5158519148826599,0.4429137408733368,-0.005055354908108711,0.9997565746307373,0.5600767731666565,0.44394049048423767,0.005054945591837168,0.9996975064277649,0.5156617760658264,0.3219333291053772,0.00014393571473192424,0.9895384311676025,0.5621717572212219,0.3221791982650757,0.004579599481076002,0.9836869239807129,0.5164381861686707,0.19821444153785706,0.1817632019519806,0.9824398159980774,0.5549610257148743,0.20141854882240295,0.186538428068161,0.9814828634262085,0.5207270383834839,0.18999259173870087,0.19419866800308228,0.8531196117401123,0.5501940846443176,0.1933175027370453,0.19953788816928864,0.8663143515586853,0.5167554616928101,0.14880266785621643,0.09283772110939026,0.9777313470840454,0.5630053281784058,0.14851219952106476,0.0990978553891182,0.9780627489089966
yena_sit_normal_06,315,105,10.505412371134021,29.984544049459043,10,0.5441350340843201,0.6691422462463379,-0.32992902398109436,0.9999524354934692,0.5393067598342896,0.685135006904602,-0.3202691674232483,0.9998061656951904,0.5360090136528015,0.6864575147628784,-0.320255845785141,0.99980229139328,0.5330541729927063,0.6877955794334412,-0.3202638030052185,0.9997797012329102,0.5495681762695312,0.6829906105995178,-0.3201259970664978,0.9997774958610535,0.5532296299934387,0.6833630800247192,-0.32018592953681946,0.9997653961181641,0.5555490851402283,0.6835871934890747,-0.3201913833618164,0.9997519850730896,0.5292978286743164,0.6913723945617676,-0.2269136905670166,0.9995578527450562,0.5585998892784119,0.6860759258270264,-0.2261555790901184,0.9994469285011292,0.5373510122299194,0.6586655378341675,-0.2913984954357147,0.9999380111694336,0.5497356057167053,0.6564248204231262,-0.29130882024765015,0.999934196472168,0.5033850073814392,0.6303793787956238,-0.14726810157299042,0.9999720454216003,0.5793359875679016,0.6282975077629089,-0.14154718816280365,0.9998988509178162,0.4915704131126404,0.5304059982299805,-0.11354785412549973,0.9839748740196228,0.587913453578949,0.5281258225440979,-0.1148659959435463,0.9732797741889954,0.5054974555969238,0.44963282346725464,-0.19551542401313782,0.9776408672332764,0.569695234298706,0.44066619873046875,-0.19670470058918,0.9600918889045715,0.5048328638076782,0.4169468283653259,-0.22506359219551086,0.9574013948440552,0.5705281496047974,0.4088299870491028,-0.22416609525680542,0.9305256009101868,0.5129991769790649,0.4237716794013977,-0.2485491782426834,0.9589164853096008,0.5621595978736877,0.413406103849411,-0.24552898108959198,0.9318437576293945,0.5156235694885254,0.43300363421440125,-0.20573057234287262,0.9452114701271057,0.5606357455253601,0.424528568983078,-0.20580674707889557,0.9162765145301819,0.5158507823944092,0.4396146535873413,-0.004472426604479551,0.999750554561615,0.5598200559616089,0.4402516186237335,0.0044801137410104275,0.9996945261955261,0.5158981084823608,0.3238019645214081,-0.13018770515918732,0.9893496632575989,0.5620314478874207,0.3225088119506836,-0.10011918097734451,0.9839653968811035,0.5159501433372498,0.19787514209747314,-0.00023034377954900265,0.9822408556938171,0.5549823641777039,0.20141391456127167,0.026486046612262726,0.9815947413444519,0.5203261971473694,0.18801341950893402,0.006406526546925306,0.8562320470809937,0.5501967668533325,0.192817822098732,0.03296332806348801,0.8681590557098389,0.5167657732963562,0.14852948486804962,-0.10274027287960052,0.9772716164588928,0.5631371140480042,0.14913003146648407,-0.07100152224302292,0.977920413017273
yena_sit_normal_06,318,106,10.605463917525773,29.984544049459043,10,0.5447250008583069,0.6384274959564209,-0.3662450909614563,0.9999552965164185,0.5399166345596313,0.6543644666671753,-0.35950323939323425,0.9998178482055664,0.536657989025116,0.6557482481002808,-0.3594728708267212,0.9998141527175903,0.5336131453514099,0.6575523018836975,-0.35949578881263733,0.9997931122779846,0.5499239563941956,0.6530005931854248,-0.3580489754676819,0.99979168176651,0.5534144639968872,0.6533167362213135,-0.35811784863471985,0.9997808337211609,0.5557175278663635,0.6536219716072083,-0.358115017414093,0.9997685551643372,0.5297781825065613,0.6625329852104187,-0.2700205147266388,0.9995906352996826,0.558648407459259,0.6572902798652649,-0.26282936334609985,0.9994915723800659,0.5383766889572144,0.6277056336402893,-0.3277857005596161,0.9999415278434753,0.550045907497406,0.6262200474739075,-0.325879842042923,0.9999381899833679,0.5034206509590149,0.6088992357254028,-0.18090064823627472,0.9999739527702332,0.5797507166862488,0.6053110361099243,-0.16231100261211395,0.9999075531959534,0.4919980764389038,0.5157153010368347,-0.13589976727962494,0.9849080443382263,0.587255597114563,0.5084252953529358,-0.11766574531793594,0.975119948387146,0.5063146948814392,0.43953612446784973,-0.19921612739562988,0.977494478225708,0.5677616596221924,0.4271233081817627,-0.1865268349647522,0.9615984559059143,0.5059365630149841,0.4075063169002533,-0.22385554015636444,0.9560081362724304,0.5686676502227783,0.3967026174068451,-0.2103268802165985,0.9317433834075928,0.5146310925483704,0.4139566123485565,-0.2468329817056656,0.9576365947723389,0.5605193376541138,0.40177974104881287,-0.23247607052326202,0.9331586360931396,0.5174237489700317,0.4237053394317627,-0.208515003323555,0.9430891871452332,0.5588335394859314,0.41199609637260437,-0.19577986001968384,0.917576253414154,0.5162003040313721,0.43450358510017395,-0.005717049818485975,0.9997385740280151,0.5595806241035461,0.43348947167396545,0.005732886493206024,0.9996852278709412,0.5169981718063354,0.3245789110660553,-0.16642317175865173,0.9892112016677856,0.5619463324546814,0.3233194947242737,-0.12783141434192657,0.9843079447746277,0.5155578255653381,0.19782517850399017,-0.05059799924492836,0.9823927879333496,0.5549319982528687,0.20171596109867096,-0.01625743694603443,0.9820264577865601,0.5194619297981262,0.18693724274635315,-0.04552183300256729,0.8596495985984802,0.5500478148460388,0.1925966590642929,-0.011417043395340443,0.8731689453125,0.5173556208610535,0.14858606457710266,-0.15572531521320343,0.9771512746810913,0.5634644627571106,0.14925424754619598,-0.11331270635128021,0.9782675504684448
yena_sit_normal_06,321,107,10.705515463917525,29.984544049459043,10,0.5446798205375671,0.6136881709098816,-0.37724730372428894,0.9999586939811707,0.5398395657539368,0.6297610998153687,-0.3693774938583374,0.9998326301574707,0.5365797281265259,0.6314860582351685,-0.36934182047843933,0.9998291730880737,0.5336332321166992,0.6333287358283997,-0.3693704605102539,0.9998096823692322,0.5498716831207275,0.6286364793777466,-0.36928319931030273,0.9998087286949158,0.5533353090286255,0.6295084357261658,-0.3693690896034241,0.9997993111610413,0.5557037591934204,0.6304893493652344,-0.369363397359848,0.9997884035110474,0.5297225713729858,0.6386780142784119,-0.27636438608169556,0.9996265769004822,0.5587174296379089,0.6346444487571716,-0.27575522661209106,0.9995384812355042,0.5383789539337158,0.6040937304496765,-0.33763545751571655,0.9999463558197021,0.5499738454818726,0.602134644985199,-0.3375805616378784,0.9999433755874634,0.5034353733062744,0.586761474609375,-0.17760907113552094,0.9999759197235107,0.5806089639663696,0.5811266899108887,-0.1757752150297165,0.9999159574508667,0.49112239480018616,0.4993151128292084,-0.13051940500736237,0.9857635498046875,0.5871610641479492,0.4888826608657837,-0.13455015420913696,0.9771991968154907,0.5067363381385803,0.42935898900032043,-0.20261216163635254,0.9765960574150085,0.5662758350372314,0.416573166847229,-0.204433873295784,0.9636731147766113,0.5072097182273865,0.39861178398132324,-0.22734077274799347,0.9530851244926453,0.5661876201629639,0.38746508955955505,-0.2291901856660843,0.9340763688087463,0.5158185362815857,0.4049854576587677,-0.2496650516986847,0.9549545049667358,0.5581430196762085,0.39408013224601746,-0.24867792427539825,0.9355579614639282,0.5181922316551208,0.41520529985427856,-0.21192128956317902,0.9392244815826416,0.556882917881012,0.40450480580329895,-0.212333545088768,0.9199811816215515,0.5162985324859619,0.43157070875167847,-0.00403766380622983,0.9997434020042419,0.5596939921379089,0.43062832951545715,0.0040761688724160194,0.9996891617774963,0.5183867812156677,0.33049219846725464,-0.2162761092185974,0.9885205626487732,0.5611579418182373,0.32839757204055786,-0.17630383372306824,0.9837517738342285,0.5151340961456299,0.19778050482273102,-0.10115572065114975,0.9814828038215637,0.5551016926765442,0.20201534032821655,-0.07255927473306656,0.9810482859611511,0.5191556811332703,0.18687184154987335,-0.09544003754854202,0.8618026971817017,0.5502010583877563,0.19266830384731293,-0.06808335334062576,0.8755338191986084,0.517677903175354,0.15000462532043457,-0.2081952691078186,0.9760138988494873,0.5632160902023315,0.1494745910167694,-0.17691917717456818,0.9774817228317261
yena_sit_normal_06,324,108,10.805567010309279,29.984544049459043,10,0.5445986986160278,0.5840470194816589,-0.34227290749549866,0.9999610781669617,0.5398044586181641,0.6002764701843262,-0.3381273150444031,0.9998443722724915,0.536537766456604,0.6020636558532715,-0.33808809518814087,0.9998409748077393,0.5336015820503235,0.6040365695953369,-0.3381125032901764,0.9998227953910828,0.5498374104499817,0.5991483926773071,-0.3375082015991211,0.9998225569725037,0.553284227848053,0.600213348865509,-0.33758798241615295,0.9998143911361694,0.5556698441505432,0.6018273830413818,-0.337585985660553,0.9998050928115845,0.5296080112457275,0.6131023168563843,-0.258924275636673,0.9996564984321594,0.55873703956604,0.6093654036521912,-0.2559419572353363,0.9995787143707275,0.5383647084236145,0.5764212012290955,-0.30643969774246216,0.9999504685401917,0.5499290823936462,0.5760231018066406,-0.3057458698749542,0.9999480247497559,0.5032543540000916,0.5641166567802429,-0.16969186067581177,0.9999777674674988,0.580659806728363,0.5609082579612732,-0.16526708006858826,0.9999237656593323,0.4906768798828125,0.47418370842933655,-0.14332696795463562,0.9866360425949097,0.5910356044769287,0.47190216183662415,-0.13715435564517975,0.9789958000183105,0.5092210173606873,0.40945523977279663,-0.21557903289794922,0.9761708974838257,0.5655798316001892,0.40359097719192505,-0.1980927288532257,0.9652778506278992,0.5102734565734863,0.38449719548225403,-0.24011793732643127,0.9510245323181152,0.5645412802696228,0.37799909710884094,-0.2202407866716385,0.9354084134101868,0.5185636878013611,0.39073988795280457,-0.2553640604019165,0.953037679195404,0.5567381381988525,0.38427120447158813,-0.23621073365211487,0.9370458722114563,0.5207201838493347,0.398476779460907,-0.2221127450466156,0.9366447925567627,0.5558103919029236,0.39353859424591064,-0.2036859393119812,0.9214985966682434,0.5164540410041809,0.4208467900753021,-0.004253278486430645,0.9997362494468689,0.5598173141479492,0.41995590925216675,0.004292575176805258,0.999682605266571,0.5203220248222351,0.3429114520549774,-0.2107774168252945,0.987596333026886,0.5600982904434204,0.3401526212692261,-0.17521347105503082,0.9816776514053345,0.5151466131210327,0.19785720109939575,-0.13280388712882996,0.9798901677131653,0.5550324320793152,0.20142187178134918,-0.10291547328233719,0.9782537221908569,0.5187050700187683,0.18808524310588837,-0.12941594421863556,0.8616220355033875,0.5502710342407227,0.19139112532138824,-0.09984484314918518,0.8751140832901001,0.5181958675384521,0.15139904618263245,-0.23134078085422516,0.9742575883865356,0.5610520243644714,0.14973773062229156,-0.19855038821697235,0.9755078554153442
yena_sit_normal_06,327,109,10.90561855670103,29.984544049459043,10,0.5443534851074219,0.5608123540878296,-0.3394481837749481,0.9999619722366333,0.5396814346313477,0.5749129056930542,-0.3389568626880646,0.999851644039154,0.5364221334457397,0.5768066644668579,-0.33891162276268005,0.9998481273651123,0.5335705876350403,0.5790740251541138,-0.3389435410499573,0.999830961227417,0.5497523546218872,0.5740103125572205,-0.3385453522205353,0.9998312592506409,0.5531669855117798,0.5752444267272949,-0.33864134550094604,0.9998245239257812,0.5555393099784851,0.5769327282905579,-0.3386527895927429,0.9998175501823425,0.5291744470596313,0.5905278921127319,-0.2682313024997711,0.9996787309646606,0.5587134957313538,0.5851953625679016,-0.2664676606655121,0.9996123313903809,0.5381206274032593,0.5529256463050842,-0.3056642413139343,0.9999532699584961,0.5493477582931519,0.5521736741065979,-0.30533358454704285,0.9999516010284424,0.5028790235519409,0.5451094508171082,-0.1736372411251068,0.9999791383743286,0.5806310772895813,0.5455664396286011,-0.1731427013874054,0.9999309182167053,0.49059611558914185,0.45939499139785767,-0.14284929633140564,0.9870864152908325,0.5934219360351562,0.459764301776886,-0.1386602222919464,0.980757474899292,0.5131814479827881,0.3993760347366333,-0.20640955865383148,0.9743343591690063,0.5650816559791565,0.39490821957588196,-0.1899683028459549,0.967150092124939,0.5139395594596863,0.3766355812549591,-0.22943513095378876,0.9460521936416626,0.5629547834396362,0.3718092441558838,-0.21473106741905212,0.9373325705528259,0.5219051241874695,0.3832862675189972,-0.24811002612113953,0.948375940322876,0.5557274222373962,0.37738117575645447,-0.22648705542087555,0.9391090273857117,0.5238505005836487,0.390512079000473,-0.21254491806030273,0.9308741688728333,0.5551096796989441,0.38588637113571167,-0.19602003693580627,0.9238618612289429,0.5170584321022034,0.41633930802345276,-0.002777964575216174,0.9997350573539734,0.5605193972587585,0.41666868329048157,0.0028763501904904842,0.999682605266571,0.5222465395927429,0.34758782386779785,-0.19597873091697693,0.9862038493156433,0.5593889355659485,0.3451296091079712,-0.1713050901889801,0.9789673686027527,0.516489565372467,0.1976231336593628,-0.12374678999185562,0.9772312045097351,0.5549467206001282,0.2014552801847458,-0.10481219738721848,0.9732868075370789,0.5189898014068604,0.18814106285572052,-0.12058334797620773,0.8591786623001099,0.5508310794830322,0.19139744341373444,-0.10185747593641281,0.8687166571617126,0.5203428864479065,0.1512700766324997,-0.22013992071151733,0.9717258214950562,0.5579747557640076,0.15144863724708557,-0.20104266703128815,0.9720157384872437
yena_sit_normal_06,330,110,11.005670103092783,29.984544049459043,10,0.5437437295913696,0.545038640499115,-0.33436721563339233,0.9999642968177795,0.5388345718383789,0.5586080551147461,-0.3335517346858978,0.999862551689148,0.5358659029006958,0.5601441860198975,-0.33351239562034607,0.9998592138290405,0.5330454707145691,0.5620214939117432,-0.33354800939559937,0.9998435378074646,0.5489590764045715,0.5581418871879578,-0.33355313539505005,0.9998435378074646,0.5524268746376038,0.5594954490661621,-0.33365705609321594,0.9998378753662109,0.5549924969673157,0.5613530874252319,-0.3336716592311859,0.999832272529602,0.5282678008079529,0.5727574825286865,-0.2603778541088104,0.9997055530548096,0.5584178566932678,0.5702330470085144,-0.2607928514480591,0.9996465444564819,0.5377973318099976,0.5381322503089905,-0.29982128739356995,0.9999571442604065,0.5485897660255432,0.5379894971847534,-0.3000470995903015,0.9999557733535767,0.5026386976242065,0.5309185981750488,-0.16405414044857025,0.9999808073043823,0.5806008577346802,0.5319685935974121,-0.16549183428287506,0.9999374151229858,0.48931583762168884,0.4480327367782593,-0.13473211228847504,0.9878543615341187,0.5945351123809814,0.44786328077316284,-0.1312936395406723,0.9824057817459106,0.5148189067840576,0.39622414112091064,-0.2037523239850998,0.9737255573272705,0.5644420385360718,0.39161625504493713,-0.1861843466758728,0.9685838222503662,0.5160810351371765,0.3743339776992798,-0.2268163114786148,0.943286657333374,0.5615754723548889,0.3693239986896515,-0.20944581925868988,0.9383228421211243,0.5235812067985535,0.381247878074646,-0.24472437798976898,0.9457154273986816,0.5546187162399292,0.375415176153183,-0.21762387454509735,0.9402105808258057,0.5252360105514526,0.3888496458530426,-0.2096625119447708,0.9270148873329163,0.5543429255485535,0.3842894434928894,-0.19516761600971222,0.9247620105743408,0.5171706080436707,0.4069828689098358,-5.656866414938122e-05,0.9997503161430359,0.5605993270874023,0.4074833393096924,0.00021349595044739544,0.9996963143348694,0.5231580138206482,0.3452056050300598,-0.2208130657672882,0.9863654375076294,0.5588779449462891,0.34223926067352295,-0.1917199343442917,0.978100061416626,0.517861545085907,0.19732801616191864,-0.14488673210144043,0.9767942428588867,0.5575907230377197,0.2001849263906479,-0.13019916415214539,0.9717991352081299,0.5203379392623901,0.1880268156528473,-0.14107778668403625,0.8635669946670532,0.5548895597457886,0.18973857164382935,-0.12792529165744781,0.8683629631996155,0.5211793780326843,0.1505948305130005,-0.24305586516857147,0.9719183444976807,0.5584456920623779,0.15143555402755737,-0.2325819432735443,0.9714648127555847
yena_sit_normal_06,333,111,11.105721649484536,29.984544049459043,10,0.5430349111557007,0.5337536334991455,-0.31272634863853455,0.9999673366546631,0.537990152835846,0.5474850535392761,-0.3148050010204315,0.9998747110366821,0.53528892993927,0.5489815473556519,-0.3147567808628082,0.9998716711997986,0.5324020981788635,0.5511818528175354,-0.3148086369037628,0.9998574256896973,0.5482483506202698,0.5471912026405334,-0.3155665099620819,0.9998571872711182,0.5518122315406799,0.5487174987792969,-0.31570178270339966,0.9998522996902466,0.5545043349266052,0.5507392883300781,-0.3157220482826233,0.9998475313186646,0.5273824334144592,0.5629798769950867,-0.24707846343517303,0.9997329711914062,0.5581315159797668,0.559836208820343,-0.24528555572032928,0.9996800422668457,0.5373799800872803,0.5268317461013794,-0.28031691908836365,0.9999611377716064,0.5479064583778381,0.5265039801597595,-0.28159427642822266,0.9999599456787109,0.5026135444641113,0.5224371552467346,-0.15104959905147552,0.999982476234436,0.5805928707122803,0.5212439298629761,-0.15534934401512146,0.9999433159828186,0.48751577734947205,0.4430675804615021,-0.11627475917339325,0.9886151552200317,0.5959957242012024,0.4392074942588806,-0.12700864672660828,0.9839345812797546,0.5147735476493835,0.3959956169128418,-0.17237968742847443,0.9730604887008667,0.5636630654335022,0.3909279406070709,-0.1598617434501648,0.9698805212974548,0.5168676972389221,0.37182915210723877,-0.19095316529273987,0.9399910569190979,0.560509443283081,0.3683411777019501,-0.17522208392620087,0.9390228986740112,0.5239126682281494,0.3791219890117645,-0.20138920843601227,0.9423943758010864,0.5540128350257874,0.3747905194759369,-0.18565040826797485,0.940933883190155,0.5254284739494324,0.3873734474182129,-0.1760205626487732,0.922383725643158,0.5539308786392212,0.3834429383277893,-0.1630760282278061,0.9251988530158997,0.5175278186798096,0.3994857966899872,0.0006059073493815958,0.9997684955596924,0.560434103012085,0.3966183364391327,-0.0004602451517712325,0.9997137188911438,0.5240986347198486,0.3451891243457794,-0.22317753732204437,0.9865665435791016,0.55708247423172,0.3405838906764984,-0.1887703686952591,0.9772682189941406,0.5185359120368958,0.19733093678951263,-0.14598716795444489,0.9766824841499329,0.5578526258468628,0.19983966648578644,-0.12625262141227722,0.970945417881012,0.5208197832107544,0.18798485398292542,-0.14177457988262177,0.8686383962631226,0.5561610460281372,0.18927064538002014,-0.12350665032863617,0.8693782687187195,0.5210317969322205,0.15059252083301544,-0.23895926773548126,0.9724827408790588,0.5586694478988647,0.15155135095119476,-0.22347275912761688,0.9714356660842896
yena_sit_normal_06,336,112,11.205773195876288,29.984544049459043,10,0.5426375269889832,0.5283694863319397,-0.2559983432292938,0.9999703168869019,0.5374658703804016,0.5437478423118591,-0.2560490071773529,0.9998864531517029,0.5348196625709534,0.5453965067863464,-0.2560020983219147,0.9998837113380432,0.5319352746009827,0.5475378036499023,-0.2560316324234009,0.999870777130127,0.5477073192596436,0.5428747534751892,-0.25615617632865906,0.9998704791069031,0.551232635974884,0.5440029501914978,-0.25625112652778625,0.9998663067817688,0.5539767146110535,0.545796275138855,-0.256261944770813,0.9998620748519897,0.5266658067703247,0.557977557182312,-0.1940213292837143,0.999758780002594,0.5576976537704468,0.5551880598068237,-0.1943780481815338,0.999711275100708,0.5370327234268188,0.5206078886985779,-0.2261514514684677,0.9999648928642273,0.5474081635475159,0.5203241109848022,-0.22661033272743225,0.9999638199806213,0.5025617480278015,0.5155990123748779,-0.1084623709321022,0.9999840259552002,0.5804065465927124,0.5177890062332153,-0.11677538603544235,0.9999487996101379,0.4862724244594574,0.4392705261707306,-0.0743957981467247,0.9892416000366211,0.5964958667755127,0.4382324516773224,-0.09130465239286423,0.9852712154388428,0.5142643451690674,0.39656394720077515,-0.12734146416187286,0.9717305302619934,0.5637843012809753,0.38999682664871216,-0.13826632499694824,0.9709558486938477,0.5170970559120178,0.37194541096687317,-0.14342175424098969,0.9361394047737122,0.560689389705658,0.36733222007751465,-0.1534399539232254,0.9399561882019043,0.5235716104507446,0.37992772459983826,-0.15316583216190338,0.9386281371116638,0.5543079972267151,0.3746276795864105,-0.16288259625434875,0.9419022798538208,0.5248823761940002,0.3881368935108185,-0.1307946890592575,0.9178133606910706,0.5540786981582642,0.38303765654563904,-0.14086642861366272,0.9262710809707642,0.5179867744445801,0.3916380703449249,0.0006060881423763931,0.9997832179069519,0.560439944267273,0.38961735367774963,-0.0004662244755309075,0.9997269511222839,0.5244727730751038,0.3440213203430176,-0.21720506250858307,0.9872291684150696,0.5572214126586914,0.33976098895072937,-0.17504067718982697,0.977578341960907,0.5184253454208374,0.19732744991779327,-0.16008572280406952,0.9773021936416626,0.5588282942771912,0.2008724957704544,-0.12981240451335907,0.9707499146461487,0.5201550722122192,0.18809828162193298,-0.15778207778930664,0.8746079802513123,0.5574091076850891,0.18979546427726746,-0.12857317924499512,0.8735535144805908,0.5213478207588196,0.1504768431186676,-0.2495211511850357,0.9732093214988708,0.5588210821151733,0.15330679714679718,-0.2197997272014618,0.9716300964355469
yena_sit_normal_06,339,113,11.30582474226804,29.984544049459043,10,0.5420086979866028,0.5311592221260071,-0.30461618304252625,0.999972939491272,0.5367094278335571,0.5464987754821777,-0.3008614182472229,0.9998967051506042,0.5341243147850037,0.547698438167572,-0.30082324147224426,0.9998942017555237,0.5313127040863037,0.5492562055587769,-0.30088192224502563,0.9998823404312134,0.5470055341720581,0.545655369758606,-0.30177661776542664,0.9998820424079895,0.5506942868232727,0.5464829206466675,-0.30190128087997437,0.9998785257339478,0.5535661578178406,0.5475407838821411,-0.30192646384239197,0.9998748302459717,0.5261954665184021,0.5566630363464355,-0.22188758850097656,0.999781608581543,0.5571813583374023,0.5535688996315002,-0.2258131206035614,0.9997391700744629,0.5367358922958374,0.5218721032142639,-0.26897132396698,0.9999682903289795,0.5467978119850159,0.5205429792404175,-0.27057015895843506,0.9999673366546631,0.5027830004692078,0.5146360397338867,-0.12378621846437454,0.9999854564666748,0.5795482993125916,0.5178371071815491,-0.1381472796201706,0.9999536871910095,0.48582199215888977,0.4380379021167755,-0.09722460806369781,0.9900768995285034,0.5961562395095825,0.43706411123275757,-0.1265879124403,0.9865344166755676,0.5137330293655396,0.3948000967502594,-0.177885964512825,0.972172737121582,0.5640230178833008,0.3895522952079773,-0.19531671702861786,0.9723122715950012,0.516894519329071,0.3701208829879761,-0.2004488855600357,0.9361506700515747,0.5609054565429688,0.3663463890552521,-0.21681782603263855,0.9417384266853333,0.5234342813491821,0.3786953389644623,-0.2071969360113144,0.9384299516677856,0.5542824268341064,0.37237003445625305,-0.22824367880821228,0.943644642829895,0.5245373845100403,0.3859855830669403,-0.18140123784542084,0.9172329306602478,0.554108202457428,0.38114508986473083,-0.19927798211574554,0.9281256794929504,0.518473744392395,0.3915093243122101,0.00048303446965292096,0.9997966289520264,0.5609182119369507,0.39250752329826355,-0.0003276394563727081,0.9997379183769226,0.524548351764679,0.3439142107963562,-0.23712383210659027,0.987959623336792,0.5573384761810303,0.3390985429286957,-0.19255180656909943,0.9778831601142883,0.5184503793716431,0.19727618992328644,-0.1672464907169342,0.9779226779937744,0.5611931681632996,0.2024022787809372,-0.1372515708208084,0.9703535437583923,0.5198827385902405,0.18997737765312195,-0.1651039719581604,0.8802950978279114,0.5648224353790283,0.19026006758213043,-0.13643595576286316,0.8777700066566467,0.5218188166618347,0.1510789394378662,-0.27149698138237,0.973911464214325,0.5612521767616272,0.15513326227664948,-0.2437131404876709,0.9715591669082642
yena_sit_normal_06,342,114,11.405876288659794,29.984544049459043,10,0.5420265197753906,0.5349670648574829,-0.2665354013442993,0.999975323677063,0.5367056131362915,0.5495296120643616,-0.2639279067516327,0.9999061226844788,0.534096360206604,0.5506588816642761,-0.2638913691043854,0.9999039173126221,0.5312777757644653,0.5519636273384094,-0.2639284133911133,0.999893069267273,0.5470241904258728,0.5485659837722778,-0.26415812969207764,0.9998927116394043,0.5506755113601685,0.5493446588516235,-0.264257550239563,0.9998897314071655,0.5534827709197998,0.5502424240112305,-0.264279842376709,0.9998865127563477,0.5261498689651489,0.5589874982833862,-0.19500026106834412,0.9998025298118591,0.5568811893463135,0.5562430620193481,-0.19604626297950745,0.9997644424438477,0.5366944074630737,0.5252211689949036,-0.23508282005786896,0.9999713897705078,0.5468103289604187,0.523936927318573,-0.23566050827503204,0.9999704957008362,0.5030597448348999,0.5146856904029846,-0.10820422321557999,0.9999867677688599,0.5790945887565613,0.5194979906082153,-0.11688688397407532,0.9999580979347229,0.4860245883464813,0.4355800747871399,-0.08488236367702484,0.9907342791557312,0.5958015322685242,0.43604815006256104,-0.10009799897670746,0.9876295924186707,0.5136774182319641,0.3914782404899597,-0.15703143179416656,0.9717593789100647,0.5642239451408386,0.3882448673248291,-0.16347482800483704,0.9734089970588684,0.5170760750770569,0.36837655305862427,-0.17819277942180634,0.9346972703933716,0.5612363815307617,0.3658120036125183,-0.1825089454650879,0.9432347416877747,0.5236064195632935,0.3770235776901245,-0.1881674826145172,0.9369679093360901,0.554527223110199,0.3716863989830017,-0.19229844212532043,0.9451573491096497,0.5244582891464233,0.3836841285228729,-0.16130298376083374,0.9156576991081238,0.5543485879898071,0.3801300525665283,-0.16655753552913666,0.929959237575531,0.518561601638794,0.39101675152778625,0.000248639436904341,0.9998059272766113,0.5611948370933533,0.392221599817276,-9.319868695456535e-05,0.9997437000274658,0.5244865417480469,0.34228283166885376,-0.22412709891796112,0.9886690378189087,0.5573650598526001,0.33863505721092224,-0.18014901876449585,0.9785416126251221,0.5183922052383423,0.19672329723834991,-0.16619907319545746,0.9787377119064331,0.561028778553009,0.20296362042427063,-0.13854257762432098,0.9704368710517883,0.5186814665794373,0.18765339255332947,-0.16449196636676788,0.8853186964988708,0.5655390620231628,0.19039663672447205,-0.1383180469274521,0.8819239139556885,0.5223839282989502,0.1512412577867508,-0.26265957951545715,0.9746260643005371,0.5621883273124695,0.1551647186279297,-0.23616071045398712,0.9717015624046326
yena_sit_normal_06,345,115,11.505927835051546,29.984544049459043,10,0.5419816374778748,0.5479782223701477,-0.24698439240455627,0.9999774098396301,0.5366789698600769,0.5617974996566772,-0.24285387992858887,0.999914288520813,0.5340067148208618,0.5629829168319702,-0.24283327162265778,0.9999123215675354,0.5311700105667114,0.5642285943031311,-0.24287492036819458,0.9999022483825684,0.5469056367874146,0.5607872009277344,-0.24261809885501862,0.9999018907546997,0.5504721999168396,0.561636209487915,-0.242704838514328,0.9998995065689087,0.5531891584396362,0.5625075101852417,-0.24273596704006195,0.9998967051506042,0.5258939266204834,0.5699200630187988,-0.17473967373371124,0.9998207688331604,0.5563552379608154,0.5678186416625977,-0.17399932444095612,0.9997866749763489,0.5366171598434448,0.5386413335800171,-0.21692818403244019,0.9999741315841675,0.5467831492424011,0.5376032590866089,-0.2169906347990036,0.9999733567237854,0.5030413269996643,0.5197060704231262,-0.09894895553588867,0.9999878406524658,0.5783572793006897,0.5258089900016785,-0.10281045734882355,0.9999620318412781,0.4861755073070526,0.43418166041374207,-0.08443522453308105,0.9913564920425415,0.5941755771636963,0.4375886023044586,-0.09275504946708679,0.9886112809181213,0.513460099697113,0.3889860212802887,-0.1589333564043045,0.9721283912658691,0.5643171072006226,0.3878660202026367,-0.16234301030635834,0.9746838212013245,0.5167867541313171,0.36711570620536804,-0.1816713958978653,0.9357560276985168,0.5614883303642273,0.3656812012195587,-0.18213845789432526,0.9457429051399231,0.5232818126678467,0.37520474195480347,-0.19191928207874298,0.9378471970558167,0.5547754764556885,0.3712645471096039,-0.19228285551071167,0.9475633502006531,0.5241968035697937,0.38122811913490295,-0.16350342333316803,0.9169431924819946,0.5544719099998474,0.3793048858642578,-0.16587401926517487,0.9328829646110535,0.5185425281524658,0.39124593138694763,6.273689359659329e-05,0.9998161196708679,0.5611905455589294,0.3935719430446625,8.283319766633213e-05,0.999752402305603,0.5246130228042603,0.3404492735862732,-0.22879010438919067,0.9894216656684875,0.5574373602867126,0.33824101090431213,-0.18255023658275604,0.9795286655426025,0.5179938673973083,0.19647671282291412,-0.1610453724861145,0.9798234701156616,0.5608383417129517,0.20297977328300476,-0.13301882147789001,0.971533477306366,0.5180373787879944,0.18547268211841583,-0.1578991860151291,0.8909968137741089,0.5646010041236877,0.1894262582063675,-0.13155901432037354,0.8862020969390869,0.5223596096038818,0.15160834789276123,-0.2532801032066345,0.9756972193717957,0.5621916651725769,0.15503957867622375,-0.22797025740146637,0.9724195599555969
yena_sit_normal_06,348,116,11.605979381443298,29.984544049459043,10,0.5416964888572693,0.5550553202629089,-0.23949894309043884,0.9999794960021973,0.5364964604377747,0.5690235495567322,-0.23389211297035217,0.9999223351478577,0.5338256359100342,0.5706323981285095,-0.2338777631521225,0.9999206066131592,0.5309684872627258,0.5723677277565002,-0.233918696641922,0.9999114274978638,0.5466042757034302,0.5681023001670837,-0.23344627022743225,0.9999110698699951,0.550144374370575,0.5692752003669739,-0.23352685570716858,0.999908983707428,0.5529080629348755,0.5706163644790649,-0.2335515022277832,0.9999065399169922,0.5257709622383118,0.5794172286987305,-0.16233059763908386,0.99983811378479,0.5560967922210693,0.5768793821334839,-0.16080042719841003,0.9998073577880859,0.5363503694534302,0.546580970287323,-0.20870086550712585,0.999976634979248,0.5467304587364197,0.5459729433059692,-0.20853759348392487,0.9999759793281555,0.503033459186554,0.5267037153244019,-0.09137237817049026,0.999988853931427,0.5774301290512085,0.5320371389389038,-0.09175946563482285,0.9999655485153198,0.4871995151042938,0.4352623224258423,-0.07641538232564926,0.9919215440750122,0.5927301049232483,0.44428732991218567,-0.0804758071899414,0.9894076585769653,0.513306736946106,0.38676851987838745,-0.14870095252990723,0.9727088212966919,0.564344048500061,0.3872781991958618,-0.1516440361738205,0.975115180015564,0.5164292454719543,0.3641539514064789,-0.17167945206165314,0.937240481376648,0.5616598725318909,0.36529895663261414,-0.17141743004322052,0.9464026093482971,0.5230295658111572,0.3725064992904663,-0.18387721478939056,0.9392408132553101,0.5549064874649048,0.37040048837661743,-0.18185260891914368,0.9481567740440369,0.524028480052948,0.37842318415641785,-0.15397578477859497,0.9188240170478821,0.5546144843101501,0.3781314790248871,-0.15540222823619843,0.9335129857063293,0.5185571312904358,0.3898763060569763,8.126776083372533e-05,0.9998286962509155,0.5611699819564819,0.39183488488197327,6.19639249634929e-05,0.9997671842575073,0.5243870615959167,0.33602383732795715,-0.23392221331596375,0.9901501536369324,0.5575135946273804,0.3342988193035126,-0.19391803443431854,0.9806720018386841,0.5174353122711182,0.19586870074272156,-0.15213656425476074,0.9808678030967712,0.5607917904853821,0.19901612401008606,-0.13350076973438263,0.9731380939483643,0.5174087882041931,0.18415451049804688,-0.14789412915706635,0.8967782258987427,0.5620476007461548,0.1847505420446396,-0.13121673464775085,0.8914046287536621,0.5219228863716125,0.15167531371116638,-0.24528853595256805,0.9769133925437927,0.5620295405387878,0.15410137176513672,-0.23244766891002655,0.9737712144851685
yena_sit_normal_06,351,117,11.706030927835052,29.984544049459043,10,0.5417033433914185,0.5719967484474182,-0.25834599137306213,0.999981164932251,0.5364977121353149,0.5843086242675781,-0.25086653232574463,0.9999286532402039,0.5338274836540222,0.5852011442184448,-0.250864177942276,0.9999271631240845,0.5309544801712036,0.5860998034477234,-0.25090959668159485,0.9999184012413025,0.546545684337616,0.5833879709243774,-0.2500287890434265,0.9999178647994995,0.5499662756919861,0.5835864543914795,-0.25011828541755676,0.9999164938926697,0.5526646971702576,0.584052324295044,-0.2501586079597473,0.999914288520813,0.525761067867279,0.5852473974227905,-0.1742638498544693,0.9998524188995361,0.5556317567825317,0.5832444429397583,-0.17093348503112793,0.9998246431350708,0.5363308191299438,0.5604495406150818,-0.22660058736801147,0.9999788403511047,0.5467453598976135,0.5581551790237427,-0.22603856027126312,0.9999783039093018,0.5029922127723694,0.5315428972244263,-0.1035856083035469,0.9999896287918091,0.576846718788147,0.5356061458587646,-0.10185733437538147,0.9999682903289795,0.4884384274482727,0.43776294589042664,-0.08844004571437836,0.9923892617225647,0.5920001268386841,0.4463484585285187,-0.09857138991355896,0.9900527596473694,0.5132660865783691,0.386385440826416,-0.17584775388240814,0.9730877876281738,0.5650804042816162,0.3888789415359497,-0.19544638693332672,0.97529137134552,0.516086995601654,0.36201879382133484,-0.20397663116455078,0.9387302398681641,0.5623125433921814,0.3663404583930969,-0.22030659019947052,0.9471907019615173,0.5228687524795532,0.3707725703716278,-0.21616289019584656,0.9405240416526794,0.5549609065055847,0.37104910612106323,-0.231641486287117,0.948819637298584,0.523845911026001,0.3774466812610626,-0.18154647946357727,0.9203121066093445,0.5546658039093018,0.37916630506515503,-0.2003239095211029,0.9341483116149902,0.5185459852218628,0.3914683759212494,5.903792771277949e-05,0.9998413324356079,0.5610396265983582,0.3933469355106354,7.81132621341385e-05,0.9997806549072266,0.52433180809021,0.33280566334724426,-0.2496771216392517,0.9907867908477783,0.557999849319458,0.3314279019832611,-0.20255254209041595,0.9814134836196899,0.5169530510902405,0.1958732008934021,-0.13686753809452057,0.9818562269210815,0.5607229471206665,0.19937248528003693,-0.11192827671766281,0.9743564128875732,0.5172748565673828,0.18436062335968018,-0.1313135176897049,0.9011433124542236,0.5616509914398193,0.1853187084197998,-0.10831470042467117,0.8941211104393005,0.5216628313064575,0.1509648710489273,-0.23281367123126984,0.9779671430587769,0.5618512034416199,0.1537635177373886,-0.21148355305194855,0.9746915698051453
yena_sit_normal_06,354,118,11.806082474226804,29.984544049459043,10,0.5412579774856567,0.5920809507369995,-0.23838858306407928,0.9999828934669495,0.5363328456878662,0.6052234768867493,-0.22706030309200287,0.9999352097511292,0.5337332487106323,0.6054404973983765,-0.22706151008605957,0.9999338984489441,0.5308486819267273,0.6055115461349487,-0.22709378600120544,0.9999258518218994,0.5459486842155457,0.6047425270080566,-0.22656090557575226,0.9999253153800964,0.5492475628852844,0.6045166254043579,-0.2266482412815094,0.9999242424964905,0.5520551204681396,0.6041268706321716,-0.2266901582479477,0.9999223351478577,0.5256297588348389,0.5992431044578552,-0.14588817954063416,0.9998663663864136,0.5549172759056091,0.5978975892066956,-0.14426901936531067,0.9998413920402527,0.5360053181648254,0.5794677734375,-0.20660489797592163,0.9999809265136719,0.546583354473114,0.5775569677352905,-0.20641589164733887,0.9999804496765137,0.502962052822113,0.5324435830116272,-0.0852302685379982,0.9999902844429016,0.5763336420059204,0.5369246006011963,-0.08485063910484314,0.9999703764915466,0.4890346825122833,0.44144317507743835,-0.08273500949144363,0.9926737546920776,0.5912498235702515,0.4467655420303345,-0.09520038217306137,0.9905680418014526,0.5130780935287476,0.3863639235496521,-0.17055372893810272,0.9728569388389587,0.5655902028083801,0.38913998007774353,-0.18967631459236145,0.9748308658599854,0.5152667164802551,0.36136817932128906,-0.20241598784923553,0.9389753937721252,0.5635836720466614,0.36611804366111755,-0.21531063318252563,0.9464125037193298,0.5225326418876648,0.36993008852005005,-0.21311025321483612,0.9406736493110657,0.5554624795913696,0.3703930079936981,-0.22602589428424835,0.9479542374610901,0.5237115621566772,0.3768167793750763,-0.1764434278011322,0.9205278158187866,0.5549496412277222,0.3786231279373169,-0.1944592148065567,0.9329220652580261,0.5184453725814819,0.39117908477783203,-4.0913833800004795e-05,0.9998534917831421,0.5608555674552917,0.3934444785118103,0.00017616359400562942,0.9997940063476562,0.5239212512969971,0.33308443427085876,-0.2569023072719574,0.9913325309753418,0.5595047473907471,0.33071160316467285,-0.21792460978031158,0.982153594493866,0.5168769359588623,0.19662214815616608,-0.13598394393920898,0.9826108813285828,0.5606304407119751,0.20189784467220306,-0.10562130063772202,0.9753475785255432,0.5173272490501404,0.18482083082199097,-0.1205991581082344,0.9033679366111755,0.5612881183624268,0.1889040470123291,-0.10179620236158371,0.8960238099098206,0.5216370820999146,0.15068848431110382,-0.22952741384506226,0.978800356388092,0.5613135695457458,0.15368236601352692,-0.20532268285751343,0.9755489826202393
yena_sit_normal_06,357,119,11.906134020618556,29.984544049459043,10,0.5408175587654114,0.604895830154419,-0.21101106703281403,0.9999845027923584,0.5358903408050537,0.6165538430213928,-0.1982475072145462,0.9999414682388306,0.5332120060920715,0.6166536808013916,-0.19825157523155212,0.9999402761459351,0.5304407477378845,0.6165667176246643,-0.1982714831829071,0.9999329447746277,0.5453431010246277,0.6165866851806641,-0.19772066175937653,0.9999324679374695,0.5485833287239075,0.6163748502731323,-0.1978059709072113,0.9999315738677979,0.5514636635780334,0.616146981716156,-0.19784750044345856,0.9999299049377441,0.525286078453064,0.6098089814186096,-0.1175495907664299,0.9998793005943298,0.5541470050811768,0.6092726588249207,-0.11587988585233688,0.9998569488525391,0.5355998873710632,0.5913709998130798,-0.18030613660812378,0.9999828338623047,0.546495258808136,0.5900266170501709,-0.18009325861930847,0.9999824166297913,0.5029184222221375,0.535773515701294,-0.06467916816473007,0.9999908208847046,0.5751607418060303,0.53724205493927,-0.06447700411081314,0.9999725818634033,0.489836722612381,0.44388625025749207,-0.07575074583292007,0.9928779006004333,0.590191125869751,0.4472917914390564,-0.08484570682048798,0.9910664558410645,0.5122966766357422,0.3874431550502777,-0.1708538830280304,0.9731032848358154,0.5662325620651245,0.3891306519508362,-0.1878756731748581,0.9753361940383911,0.5140390992164612,0.36193305253982544,-0.2012891173362732,0.9405995011329651,0.5652429461479187,0.366276353597641,-0.21543747186660767,0.9477086067199707,0.5216075778007507,0.370260089635849,-0.21345025300979614,0.9422284960746765,0.5564841032028198,0.3707027733325958,-0.2255774289369583,0.9491835236549377,0.5230215191841125,0.3771750032901764,-0.1770883947610855,0.9226531982421875,0.5556062459945679,0.3787175118923187,-0.1926908791065216,0.9344529509544373,0.5176780819892883,0.39034518599510193,-8.051547774812207e-05,0.9998648762702942,0.5600437521934509,0.3932912349700928,0.00021602658671326935,0.9998082518577576,0.5232833623886108,0.3331182599067688,-0.2560274600982666,0.9917879700660706,0.5602013468742371,0.331712543964386,-0.22762946784496307,0.9829734563827515,0.5168534517288208,0.19687341153621674,-0.13025464117527008,0.9830864071846008,0.5612316131591797,0.20378047227859497,-0.11729606240987778,0.9762418270111084,0.5173855423927307,0.18506625294685364,-0.11962471157312393,0.9046010375022888,0.561053454875946,0.19320672750473022,-0.11094153672456741,0.8982497453689575,0.521727979183197,0.150203138589859,-0.22536161541938782,0.9793796539306641,0.5621365308761597,0.1531599462032318,-0.21919694542884827,0.9763674736022949
yena_sit_normal_06,360,120,12.00618556701031,29.984544049459043,10,0.5397859811782837,0.6151590943336487,-0.19623085856437683,0.9999859929084778,0.5346821546554565,0.6257839202880859,-0.1823136955499649,0.999947190284729,0.5317169427871704,0.6254468560218811,-0.18231722712516785,0.999946117401123,0.5291354656219482,0.6250521540641785,-0.18232393264770508,0.999939501285553,0.5440148115158081,0.6263741850852966,-0.1820448487997055,0.9999390840530396,0.5471726059913635,0.6263003945350647,-0.1821305751800537,0.9999383091926575,0.5498431324958801,0.6260589361190796,-0.1821632981300354,0.9999368190765381,0.5241748094558716,0.6169971823692322,-0.10088624060153961,0.9998911619186401,0.5531154870986938,0.6181939244270325,-0.10089290887117386,0.9998710751533508,0.5344765186309814,0.5991960167884827,-0.1658911406993866,0.9999845623970032,0.5456784963607788,0.599276602268219,-0.1661428064107895,0.9999841451644897,0.5028286576271057,0.5381972789764404,-0.055337224155664444,0.9999912977218628,0.5735341906547546,0.5389161705970764,-0.054069578647613525,0.9999746084213257,0.48991525173187256,0.44422394037246704,-0.07225272059440613,0.9931050539016724,0.5892583727836609,0.4484386742115021,-0.08130352199077606,0.9913871884346008,0.5113869905471802,0.3883824348449707,-0.1712220013141632,0.9739308953285217,0.5669521689414978,0.3900781273841858,-0.19378060102462769,0.9756832718849182,0.5128812193870544,0.36305099725723267,-0.20084667205810547,0.9431506395339966,0.5668467879295349,0.3669250011444092,-0.22309333086013794,0.9487740993499756,0.5205419063568115,0.370832622051239,-0.21372777223587036,0.9446485638618469,0.5579351782798767,0.37152913212776184,-0.2317637950181961,0.9501268863677979,0.522169291973114,0.3778435289859772,-0.1776847243309021,0.9256967306137085,0.5566073656082153,0.3795456886291504,-0.19835318624973297,0.9354268312454224,0.5173645615577698,0.3889611065387726,3.2645930332364514e-05,0.9998763799667358,0.5594070553779602,0.39180347323417664,8.243609772762284e-05,0.9998243451118469,0.5223952531814575,0.3301621973514557,-0.25111809372901917,0.9921897649765015,0.5609827637672424,0.33177509903907776,-0.24492546916007996,0.9838216304779053,0.5165374875068665,0.19589854776859283,-0.1281975656747818,0.9835033416748047,0.5612043142318726,0.20237047970294952,-0.130933940410614,0.9774393439292908,0.5173282623291016,0.18298758566379547,-0.11941216886043549,0.9055107831954956,0.5608922839164734,0.1896778643131256,-0.12407783418893814,0.9009271860122681,0.5209688544273376,0.1499107927083969,-0.2244301587343216,0.9801091551780701,0.561898410320282,0.15259496867656708,-0.23668165504932404,0.9775611162185669
yena_sit_normal_06,363,121,12.106237113402061,29.984544049459043,10,0.5383764505386353,0.621772050857544,-0.18307287991046906,0.9999873638153076,0.5331427454948425,0.6313467025756836,-0.16782121360301971,0.9999523162841797,0.5301238894462585,0.6309252381324768,-0.16782698035240173,0.9999513626098633,0.5274419784545898,0.6303265690803528,-0.16782574355602264,0.9999454021453857,0.5422291159629822,0.6318695545196533,-0.16832609474658966,0.9999449849128723,0.5454036593437195,0.6316125988960266,-0.1684013307094574,0.9999443292617798,0.5480843782424927,0.6310093998908997,-0.16843336820602417,0.9999430179595947,0.5230860710144043,0.6229526400566101,-0.08534859120845795,0.9999017715454102,0.5519705414772034,0.6230159997940063,-0.08880544453859329,0.9998837113380432,0.5329568982124329,0.6056519150733948,-0.15284369885921478,0.9999861121177673,0.5439979434013367,0.6063809394836426,-0.15407449007034302,0.9999856948852539,0.5026457905769348,0.5402440428733826,-0.04637177661061287,0.999991774559021,0.5725669860839844,0.5418616533279419,-0.04723113775253296,0.9999760985374451,0.4907229244709015,0.4455043375492096,-0.07043324410915375,0.9931848049163818,0.5879388451576233,0.45014524459838867,-0.08136003464460373,0.991413414478302,0.5109570622444153,0.38921573758125305,-0.17390576004981995,0.974769651889801,0.5676382780075073,0.390690416097641,-0.19965067505836487,0.9758136868476868,0.512122392654419,0.36361438035964966,-0.2033822238445282,0.9457045197486877,0.5681678056716919,0.36734187602996826,-0.22969675064086914,0.9496287107467651,0.5197479128837585,0.3712719976902008,-0.21598419547080994,0.9470869302749634,0.5592105388641357,0.3720519244670868,-0.2378482222557068,0.9508789777755737,0.5216145515441895,0.3785187304019928,-0.1803770363330841,0.9287405610084534,0.5575463771820068,0.38004133105278015,-0.20424364507198334,0.9360765814781189,0.5172027349472046,0.3869711458683014,0.0004872433200944215,0.9998868703842163,0.5592806935310364,0.3888852894306183,-0.00040237398934550583,0.9998388290405273,0.5217220783233643,0.33022505044937134,-0.24893450736999512,0.9925975203514099,0.5614467859268188,0.33183881640434265,-0.24837282299995422,0.9845534563064575,0.5153206586837769,0.19630120694637299,-0.10783503949642181,0.9840387105941772,0.560685932636261,0.2018716037273407,-0.11990903317928314,0.9786471128463745,0.516745388507843,0.18307676911354065,-0.0980413407087326,0.9057105183601379,0.5577568411827087,0.18968269228935242,-0.11326762288808823,0.9032652378082275,0.5201672911643982,0.1499030590057373,-0.2051994502544403,0.9809148907661438,0.5606279373168945,0.15221019089221954,-0.2227311134338379,0.9788087010383606
yena_sit_normal_06,366,122,12.206288659793813,29.984544049459043,10,0.537159264087677,0.6244207620620728,-0.17239339649677277,0.9999885559082031,0.5319884419441223,0.6339389085769653,-0.15698961913585663,0.9999569058418274,0.5290378928184509,0.6333774328231812,-0.15699245035648346,0.9999560713768005,0.5263135433197021,0.6325253248214722,-0.15698572993278503,0.999950647354126,0.5408552289009094,0.6344683766365051,-0.15738807618618011,0.9999502897262573,0.544175386428833,0.6340852379798889,-0.15745104849338531,0.9999497532844543,0.546960175037384,0.6332777142524719,-0.15747380256652832,0.9999485611915588,0.5222040414810181,0.6251097917556763,-0.07727528363466263,0.9999112486839294,0.5508754849433899,0.6258120536804199,-0.08027051389217377,0.9998950362205505,0.5319646000862122,0.6082391738891602,-0.14340703189373016,0.9999874830245972,0.5428013205528259,0.6091794967651367,-0.14444157481193542,0.9999871253967285,0.5025136470794678,0.541548490524292,-0.04334219545125961,0.9999920129776001,0.5715436339378357,0.5449376702308655,-0.043351028114557266,0.9999772906303406,0.4916444718837738,0.4472150206565857,-0.06784489750862122,0.9930807948112488,0.5864474773406982,0.4544224143028259,-0.07459858059883118,0.9911368489265442,0.5105332732200623,0.38995426893234253,-0.17042319476604462,0.9753689765930176,0.5681867003440857,0.39088428020477295,-0.19647270441055298,0.975612998008728,0.5110905766487122,0.3643431067466736,-0.20046281814575195,0.9476353526115417,0.5691235661506653,0.36769169569015503,-0.22129572927951813,0.9497584700584412,0.5186702609062195,0.3718716502189636,-0.2119414210319519,0.9489627480506897,0.5603497624397278,0.37243181467056274,-0.23257595300674438,0.950996994972229,0.5207617878913879,0.3792305886745453,-0.17683148384094238,0.931251049041748,0.5584595799446106,0.3804953396320343,-0.20280064642429352,0.9363256692886353,0.517199695110321,0.3857240676879883,0.0007765788468532264,0.9998961091041565,0.5590811371803284,0.3871069848537445,-0.0007152237230911851,0.9998520016670227,0.5205907225608826,0.3290632367134094,-0.24275940656661987,0.9929133653640747,0.5620100498199463,0.3318176865577698,-0.23969383537769318,0.9853009581565857,0.5150096416473389,0.19670221209526062,-0.09071943163871765,0.9844790697097778,0.5604351758956909,0.20153312385082245,-0.10874257981777191,0.9799016118049622,0.51675945520401,0.1833076775074005,-0.08054690062999725,0.9062928557395935,0.5559662580490112,0.18972258269786835,-0.09759742766618729,0.9063723683357239,0.5183998346328735,0.15073956549167633,-0.1821252703666687,0.981550395488739,0.5606342554092407,0.15160880982875824,-0.2032129168510437,0.9800090789794922
yena_sit_normal_06,369,123,12.306340206185567,29.984544049459043,10,0.5360272526741028,0.6269376873970032,-0.15820316970348358,0.9999896287918091,0.530886709690094,0.6365329027175903,-0.14266011118888855,0.9999610781669617,0.5280684232711792,0.6358418464660645,-0.14266148209571838,0.9999603033065796,0.525303065776825,0.6347144246101379,-0.14264672994613647,0.999955415725708,0.5395649075508118,0.6370572447776794,-0.14282506704330444,0.9999550580978394,0.5429380536079407,0.6366565823554993,-0.14288195967674255,0.9999546408653259,0.5459381341934204,0.6358648538589478,-0.14289896190166473,0.99995356798172,0.5212818384170532,0.6266089677810669,-0.06383050233125687,0.9999197721481323,0.5497398972511292,0.6279855370521545,-0.06580360978841782,0.9999051690101624,0.5312338471412659,0.611118733882904,-0.12968280911445618,0.9999886751174927,0.5418681502342224,0.612176775932312,-0.130408376455307,0.9999883770942688,0.5021491646766663,0.5422564148902893,-0.03391766548156738,0.9999921917915344,0.570486307144165,0.5476133227348328,-0.03179236128926277,0.9999784231185913,0.49222293496131897,0.4486873745918274,-0.0657372996211052,0.9928929209709167,0.5854995250701904,0.4617865979671478,-0.06890443712472916,0.9907345771789551,0.5100883841514587,0.39000192284584045,-0.16982302069664001,0.9758567810058594,0.5683985948562622,0.3929494023323059,-0.19573386013507843,0.975493311882019,0.5103323459625244,0.36484429240226746,-0.20040911436080933,0.9493156671524048,0.5696725845336914,0.36838817596435547,-0.21691350638866425,0.9500754475593567,0.5178576111793518,0.37242066860198975,-0.2108522206544876,0.9505985975265503,0.5610746145248413,0.37385931611061096,-0.22844301164150238,0.95131516456604,0.52000492811203,0.37977421283721924,-0.17611926794052124,0.9334746599197388,0.5591370463371277,0.38206374645233154,-0.20086544752120972,0.9368709325790405,0.517071008682251,0.3843078017234802,0.000825532479211688,0.9999045729637146,0.5589810013771057,0.3856358528137207,-0.0007656062371097505,0.9998641610145569,0.519511878490448,0.32642972469329834,-0.23991315066814423,0.9932020902633667,0.5622167587280273,0.3318476378917694,-0.24856415390968323,0.985995888710022,0.5148366093635559,0.19624687731266022,-0.09848950803279877,0.9848797917366028,0.5601407885551453,0.200198233127594,-0.11485723406076431,0.9809905290603638,0.5168036818504333,0.1826191544532776,-0.08939368277788162,0.906472384929657,0.5544723272323608,0.1881047487258911,-0.10431847721338272,0.9087479114532471,0.5181822180747986,0.15075191855430603,-0.1923341155052185,0.9822002053260803,0.5606374740600586,0.15088234841823578,-0.2107960432767868,0.9811029434204102
yena_sit_normal_06,372,124,12.406391752577319,29.984544049459043,10,0.5347175002098083,0.6285082101821899,-0.1589052975177765,0.9999905824661255,0.5295377373695374,0.6380083560943604,-0.1428220123052597,0.999964714050293,0.5268234610557556,0.6373454332351685,-0.14282870292663574,0.9999639987945557,0.5240495800971985,0.6361808776855469,-0.14281651377677917,0.9999595880508423,0.5380767583847046,0.6384972333908081,-0.14287415146827698,0.9999592304229736,0.5414730310440063,0.638163685798645,-0.14292658865451813,0.999958872795105,0.5447248220443726,0.6374869346618652,-0.14294223487377167,0.9999579787254333,0.5203909277915955,0.6278772950172424,-0.06275403499603271,0.9999271631240845,0.5485114455223083,0.6292873024940491,-0.06415758281946182,0.9999139904975891,0.5304048657417297,0.6132436990737915,-0.13016067445278168,0.9999897480010986,0.5406261086463928,0.6145563721656799,-0.13071788847446442,0.9999895095825195,0.5016621947288513,0.542421817779541,-0.03354566916823387,0.9999921917915344,0.5693594813346863,0.5495533347129822,-0.02953043207526207,0.9999790191650391,0.4931180775165558,0.44947347044944763,-0.06777793914079666,0.9927113652229309,0.584954559803009,0.46612977981567383,-0.06818964332342148,0.9902532696723938,0.5098102688789368,0.39048513770103455,-0.17530827224254608,0.9763553738594055,0.5685272216796875,0.39621567726135254,-0.1918966919183731,0.9751555919647217,0.5100048184394836,0.36525261402130127,-0.2057965248823166,0.9509928822517395,0.5697745084762573,0.37176012992858887,-0.21960918605327606,0.9500601291656494,0.5176275968551636,0.37263625860214233,-0.21695944666862488,0.9522517323493958,0.5615432262420654,0.37803977727890015,-0.22933359444141388,0.9512959718704224,0.5197520852088928,0.3802349269390106,-0.18172667920589447,0.9355635046958923,0.5596163868904114,0.38613778352737427,-0.19715756177902222,0.9367519021034241,0.5171133875846863,0.38415953516960144,0.0011130145285278559,0.9999119639396667,0.5590077042579651,0.3859562277793884,-0.0010600928217172623,0.999874472618103,0.5192152857780457,0.3255021274089813,-0.23744992911815643,0.993477463722229,0.5621508359909058,0.33184194564819336,-0.2439431995153427,0.9865554571151733,0.5148574709892273,0.19548355042934418,-0.09165623039007187,0.9852983951568604,0.560056746006012,0.2001495063304901,-0.10994970053434372,0.9817545413970947,0.5168924927711487,0.1817050576210022,-0.08221711963415146,0.9052716493606567,0.554524838924408,0.18814316391944885,-0.09844916313886642,0.9083765745162964,0.5183059573173523,0.15074898302555084,-0.18716219067573547,0.9827075004577637,0.5601164102554321,0.1508835256099701,-0.20783521234989166,0.9818764925003052
yena_sit_normal_06,375,125,12.506443298969073,29.984544049459043,10,0.5336897373199463,0.6297850012779236,-0.15158556401729584,0.9999914169311523,0.5285075306892395,0.6389275193214417,-0.13509869575500488,0.9999679327011108,0.5258827805519104,0.6382842063903809,-0.1351044476032257,0.9999672174453735,0.5231455564498901,0.6371452808380127,-0.13508233428001404,0.9999632239341736,0.5369197726249695,0.6395801901817322,-0.13485799729824066,0.9999628663063049,0.5402600765228271,0.6393426656723022,-0.13490742444992065,0.9999626278877258,0.5436179637908936,0.638759970664978,-0.13491752743721008,0.9999618530273438,0.5197630524635315,0.628815233707428,-0.05563799664378166,0.9999336004257202,0.547336220741272,0.6303086280822754,-0.05591187998652458,0.9999217391014099,0.5296366214752197,0.6147930026054382,-0.1234721913933754,0.999990701675415,0.5395483374595642,0.6164267659187317,-0.12369480729103088,0.9999904632568359,0.5015013217926025,0.5424814224243164,-0.030838724225759506,0.9999918937683105,0.5689646005630493,0.5503877997398376,-0.023527177050709724,0.9999794960021973,0.493259996175766,0.4501526951789856,-0.06812442094087601,0.992551326751709,0.5851935148239136,0.4677792489528656,-0.06843040138483047,0.9895756840705872,0.5089160203933716,0.3926525115966797,-0.19837529957294464,0.9769243597984314,0.5701652765274048,0.4044361710548401,-0.20045436918735504,0.9752064943313599,0.509255588054657,0.3673924207687378,-0.23027679324150085,0.9528331756591797,0.5705239176750183,0.3817647397518158,-0.23272821307182312,0.9509230852127075,0.5164916515350342,0.3743278384208679,-0.24060115218162537,0.9540265798568726,0.5634065866470337,0.38889095187187195,-0.24213390052318573,0.9521390199661255,0.5182499885559082,0.3826766014099121,-0.2046755999326706,0.9378156065940857,0.5617064833641052,0.3958810269832611,-0.20640631020069122,0.9376201033592224,0.5172592401504517,0.3832613229751587,0.0013909646077081561,0.9999188184738159,0.5592333674430847,0.38545283675193787,-0.0013483507791534066,0.999884307384491,0.5188027620315552,0.32568350434303284,-0.2333323061466217,0.9936776757240295,0.5618060231208801,0.33186373114585876,-0.24553367495536804,0.9868581295013428,0.5147623419761658,0.19512507319450378,-0.08558511734008789,0.9855913519859314,0.5600136518478394,0.19907064735889435,-0.1068994477391243,0.9823775291442871,0.5173172354698181,0.18181051313877106,-0.075986847281456,0.9036759734153748,0.5546334385871887,0.18749290704727173,-0.09571565687656403,0.907317578792572,0.518253743648529,0.15075470507144928,-0.18096862733364105,0.9830819368362427,0.5597248673439026,0.15041175484657288,-0.20712891221046448,0.9825307130813599
yena_sit_normal_06,378,126,12.606494845360825,29.984544049459043,10,0.5333157777786255,0.6300915479660034,-0.15129223465919495,0.9999921321868896,0.5281544923782349,0.639081597328186,-0.13530775904655457,0.9999708533287048,0.5255500674247742,0.6384440660476685,-0.13532891869544983,0.9999701976776123,0.5229319930076599,0.6374460458755493,-0.13532142341136932,0.9999666213989258,0.536643922328949,0.6396785378456116,-0.13520389795303345,0.999966025352478,0.5399755239486694,0.6394309997558594,-0.13525819778442383,0.9999659061431885,0.5432940125465393,0.6388391852378845,-0.13525603711605072,0.9999651908874512,0.5195428729057312,0.6289132833480835,-0.055930670350790024,0.9999397397041321,0.5467733144760132,0.6303099989891052,-0.056944429874420166,0.9999281167984009,0.5292940139770508,0.6148625016212463,-0.12322474271059036,0.9999915361404419,0.5391260385513306,0.6165652871131897,-0.12362465262413025,0.999991238117218,0.5015003085136414,0.5426667332649231,-0.029775967821478844,0.9999908208847046,0.5689197182655334,0.5502526760101318,-0.01918434351682663,0.9999731183052063,0.49354806542396545,0.4520692527294159,-0.07184696197509766,0.9908129572868347,0.5834861993789673,0.4676814675331116,-0.0708838626742363,0.9808340072631836,0.5018115639686584,0.4016616642475128,-0.20507097244262695,0.9712014198303223,0.5808737277984619,0.43817138671875,-0.22224245965480804,0.9633898138999939,0.499828964471817,0.37668582797050476,-0.23525503277778625,0.9469127058982849,0.5837548971176147,0.416794091463089,-0.25558847188949585,0.9402225017547607,0.5043357610702515,0.3835700750350952,-0.2477194219827652,0.9484242796897888,0.5810841917991638,0.4224933981895447,-0.26867297291755676,0.942364513874054,0.506453275680542,0.39109835028648376,-0.21265561878681183,0.9317682981491089,0.5784562230110168,0.42773282527923584,-0.23133407533168793,0.9270092248916626,0.5177043080329895,0.38374993205070496,0.00135563884396106,0.999923825263977,0.5594857335090637,0.3859576880931854,-0.0013166579883545637,0.9998893737792969,0.5186026096343994,0.32844090461730957,-0.2525393068790436,0.9940187335014343,0.5615445971488953,0.33687400817871094,-0.24287280440330505,0.9873217940330505,0.5147069096565247,0.1937657743692398,-0.1402330994606018,0.9864336252212524,0.5601436495780945,0.19630064070224762,-0.12895959615707397,0.9832123517990112,0.5173647403717041,0.17960287630558014,-0.13457587361335754,0.9078919887542725,0.5546800494194031,0.18342804908752441,-0.12290439754724503,0.9097838401794434,0.5182920098304749,0.15027405321598053,-0.24461965262889862,0.9840335249900818,0.5597037672996521,0.14983028173446655,-0.23592324554920197,0.9832049608230591
yena_sit_normal_06,381,127,12.706546391752576,29.984544049459043,10,0.5333995223045349,0.6294852495193481,-0.12393305450677872,0.999992847442627,0.5283316373825073,0.6385546922683716,-0.11047747731208801,0.9999735951423645,0.525690495967865,0.6379420757293701,-0.11050807684659958,0.9999730587005615,0.5232210755348206,0.636992871761322,-0.11049911379814148,0.9999697804450989,0.5367591381072998,0.6394060254096985,-0.11006425321102142,0.9999690651893616,0.5400934815406799,0.6394079923629761,-0.11011223495006561,0.9999690055847168,0.5433014035224915,0.639078676700592,-0.11010853946208954,0.9999683499336243,0.5197426080703735,0.6289982795715332,-0.038123968988657,0.9999455213546753,0.5466383099555969,0.6305992007255554,-0.037698183208703995,0.9999342560768127,0.5294326543807983,0.6139010190963745,-0.09778805822134018,0.999992311000824,0.5391702055931091,0.6156296730041504,-0.09767137467861176,0.9999919533729553,0.5016860365867615,0.5439882874488831,-0.01122295018285513,0.9999909400939941,0.5686258673667908,0.5502095818519592,0.007667343597859144,0.9999703764915466,0.4952017366886139,0.45750370621681213,-0.05485130473971367,0.9897472262382507,0.5790349841117859,0.46088796854019165,-0.04341345280408859,0.9803506731987,0.49048298597335815,0.42784619331359863,-0.1895025670528412,0.9727907776832581,0.5916025638580322,0.4916990399360657,-0.20870104432106018,0.9665851593017578,0.4819102883338928,0.4084538519382477,-0.2132403552532196,0.950188398361206,0.6007111072540283,0.5061172246932983,-0.23919366300106049,0.9455598592758179,0.4843226671218872,0.4121790826320648,-0.23230072855949402,0.9517404437065125,0.5998607873916626,0.5144895911216736,-0.2507292628288269,0.9475676417350769,0.488258421421051,0.4190869927406311,-0.20295144617557526,0.9364767074584961,0.5966021418571472,0.5108737945556641,-0.21658864617347717,0.9335461854934692,0.5176929235458374,0.38428640365600586,-0.0005331289721652865,0.9999241828918457,0.5594174861907959,0.386189341545105,0.0006219325005076826,0.9998841285705566,0.5192474722862244,0.33123070001602173,-0.24764631688594818,0.9943722486495972,0.5614693760871887,0.3384546637535095,-0.22922924160957336,0.9879370927810669,0.5149487853050232,0.19274604320526123,-0.16146673262119293,0.9870607852935791,0.5603197813034058,0.19452404975891113,-0.150009885430336,0.9839866161346436,0.5178560018539429,0.1788477748632431,-0.15729452669620514,0.9122993350028992,0.5548149347305298,0.18138819932937622,-0.14672322571277618,0.9128014445304871,0.5189691185951233,0.14941945672035217,-0.257684588432312,0.9848911166191101,0.5596449375152588,0.1492481827735901,-0.2502821981906891,0.9839031100273132
yena_sit_normal_06,384,128,12.80659793814433,29.984544049459043,10,0.5335444211959839,0.6297731399536133,-0.08355334401130676,0.9999918341636658,0.5284716486930847,0.6386996507644653,-0.0688798576593399,0.9999735355377197,0.525823712348938,0.63812255859375,-0.06892406195402145,0.9999731779098511,0.5234174132347107,0.637199342250824,-0.06892212480306625,0.9999701380729675,0.5370097756385803,0.6395345330238342,-0.06766063719987869,0.9999668002128601,0.5404452681541443,0.639522910118103,-0.06770860403776169,0.9999672770500183,0.5435826778411865,0.6392983794212341,-0.06773123890161514,0.999967098236084,0.5199036598205566,0.6292038559913635,0.004022632259875536,0.9999451041221619,0.5470052361488342,0.6305188536643982,0.00959538109600544,0.9999206066131592,0.5295401215553284,0.6144456267356873,-0.057721760123968124,0.9999917149543762,0.5394245386123657,0.6163645386695862,-0.05625152587890625,0.9999902248382568,0.5017449259757996,0.545232355594635,0.023739436641335487,0.9999813437461853,0.5684499144554138,0.5506969094276428,0.04474354535341263,0.9999430775642395,0.4966468811035156,0.4573083221912384,-0.051254674792289734,0.9853032231330872,0.5787246227264404,0.4612879455089569,-0.03496575355529785,0.9785425066947937,0.4948345720767975,0.46127355098724365,-0.19198311865329742,0.9731338024139404,0.5856444239616394,0.5371973514556885,-0.20434965193271637,0.9693033695220947,0.4881182610988617,0.456405371427536,-0.2170109748840332,0.9517725110054016,0.5911961793899536,0.5587131381034851,-0.23504072427749634,0.9499645829200745,0.4893673360347748,0.4660019874572754,-0.22953301668167114,0.9533341526985168,0.5901400446891785,0.5681729316711426,-0.24680885672569275,0.9517853260040283,0.493222177028656,0.4702218174934387,-0.2003074288368225,0.9385148882865906,0.5873079299926758,0.5607722401618958,-0.21102887392044067,0.9386857151985168,0.5176897644996643,0.3857940435409546,-0.001769890426658094,0.9998981952667236,0.5594208240509033,0.3882993459701538,0.0018858137773349881,0.9998301267623901,0.5197063684463501,0.3346922695636749,-0.24676109850406647,0.9944287538528442,0.5614089369773865,0.3399878144264221,-0.2256070077419281,0.9880421161651611,0.5154832005500793,0.19218844175338745,-0.1789034903049469,0.9868122935295105,0.5604652166366577,0.19336943328380585,-0.1672234833240509,0.9835751056671143,0.51874840259552,0.1787279099225998,-0.17784012854099274,0.9110296964645386,0.5548785924911499,0.18013803660869598,-0.1658487766981125,0.9133267402648926,0.5209994912147522,0.14894217252731323,-0.28078219294548035,0.9847757816314697,0.5596055388450623,0.1489468365907669,-0.2720533311367035,0.9836840629577637
yena_sit_normal_06,387,129,12.906649484536082,29.984544049459043,10,0.5337091088294983,0.629154622554779,-0.12089419364929199,0.9999904036521912,0.5286769866943359,0.6379140019416809,-0.10618402808904648,0.9999719262123108,0.5260137915611267,0.6372969746589661,-0.10620798170566559,0.9999715685844421,0.5235736966133118,0.6363918781280518,-0.10620415210723877,0.9999682903289795,0.5372439622879028,0.638813316822052,-0.10515883564949036,0.99996417760849,0.5406712889671326,0.6387649774551392,-0.10520825535058975,0.9999650120735168,0.5437115430831909,0.6384396553039551,-0.10524492710828781,0.9999653100967407,0.5199549794197083,0.6289507746696472,-0.028650425374507904,0.9999408721923828,0.5472016930580139,0.6305589079856873,-0.024822663515806198,0.9999142289161682,0.529647707939148,0.6133768558502197,-0.09252167493104935,0.9999903440475464,0.5395393371582031,0.6154428124427795,-0.09169695526361465,0.9999887943267822,0.5028436779975891,0.548810601234436,-0.003148724092170596,0.9999688267707825,0.5674517750740051,0.5525189638137817,0.01005464792251587,0.9999290108680725,0.500815212726593,0.45750418305397034,-0.0977553054690361,0.9849106073379517,0.579194962978363,0.4684363603591919,-0.08227396011352539,0.9785642027854919,0.5236532688140869,0.5183619260787964,-0.22163055837154388,0.974699079990387,0.5575555562973022,0.5243245959281921,-0.22721371054649353,0.9704357981681824,0.5278586149215698,0.539600670337677,-0.24543973803520203,0.9540894031524658,0.5513210296630859,0.5432844758033752,-0.2556678354740143,0.9501432776451111,0.5262888669967651,0.5496245622634888,-0.23896759748458862,0.9553129076957703,0.5510107278823853,0.5543677806854248,-0.24769234657287598,0.9511330723762512,0.5255969762802124,0.543783962726593,-0.22110027074813843,0.9402453303337097,0.5519898533821106,0.5486491322517395,-0.22625300288200378,0.9369618892669678,0.51655113697052,0.3893154263496399,-0.001726974151097238,0.9998946785926819,0.5592014193534851,0.3907857835292816,0.0018457563128322363,0.9998241066932678,0.5197221636772156,0.3347267210483551,-0.250437468290329,0.9945468902587891,0.5614068508148193,0.34051620960235596,-0.22755196690559387,0.9880914092063904,0.5155318379402161,0.1925894320011139,-0.16042451560497284,0.986621618270874,0.5608397722244263,0.19365569949150085,-0.15633657574653625,0.9837210774421692,0.5187563896179199,0.1790531724691391,-0.15554927289485931,0.9090762734413147,0.5552029013633728,0.18072699010372162,-0.14887270331382751,0.91285240650177,0.5209550261497498,0.14894752204418182,-0.26287922263145447,0.9849611520767212,0.5595057606697083,0.14895614981651306,-0.2653043866157532,0.9836779832839966
